game_year,game_date,cum_pa,cum_ba,cum_obp,cum_slg,cum_woba
2023,2023-03-30,1,0.0,0.0,0.0,0.0
2023,2023-03-30,2,0.5,0.5,1.5,0.7845
2023,2023-03-30,3,0.3333,0.3333,1.0,0.523
2023,2023-03-30,4,0.25,0.25,0.75,0.3922
2023,2023-04-01,5,0.2,0.2,0.6,0.3138
2023,2023-04-01,6,0.1667,0.1667,0.5,0.2615
2023,2023-04-01,7,0.2857,0.2857,0.8571,0.4483
2023,2023-04-01,8,0.375,0.375,0.875,0.5026
2023,2023-04-01,9,0.3333,0.3333,0.7778,0.4468
2023,2023-04-02,10,0.4,0.4,0.9,0.5265
2023,2023-04-02,11,0.3636,0.3636,0.8182,0.4786
2023,2023-04-02,12,0.4167,0.4167,0.8333,0.5123
2023,2023-04-02,13,0.3846,0.3846,0.7692,0.4729
2023,2023-04-03,14,0.3571,0.3571,0.7143,0.4391
2023,2023-04-03,15,0.4,0.4,0.7333,0.4687
2023,2023-04-03,16,0.375,0.375,0.6875,0.4394
2023,2023-04-03,17,0.4118,0.4118,0.7059,0.4655
2023,2023-04-03,18,0.3889,0.3889,0.6667,0.4397
2023,2023-04-04,19,0.3684,0.3684,0.6316,0.4165
2023,2023-04-04,20,0.35,0.35,0.6,0.3957
2023,2023-04-04,21,0.381,0.381,0.619,0.4189
2023,2023-04-04,22,0.4091,0.4091,0.6364,0.44
2023,2023-04-04,23,0.3913,0.3913,0.6087,0.4209
2023,2023-04-05,24,0.375,0.375,0.5833,0.4033
2023,2023-04-05,25,0.4,0.4,0.6,0.4225
2023,2023-04-05,26,0.3846,0.3846,0.5769,0.4063
2023,2023-04-05,27,0.3704,0.3704,0.5556,0.3912
2023,2023-04-07,28,0.3571,0.3571,0.5357,0.3773
2023,2023-04-07,29,0.3448,0.3448,0.5172,0.3642
2023,2023-04-07,30,0.3667,0.3667,0.5333,0.3815
2023,2023-04-07,31,0.3871,0.3871,0.5484,0.3977
2023,2023-04-07,32,0.375,0.375,0.5312,0.3853
2023,2023-04-08,33,0.3636,0.3636,0.5152,0.3736
2023,2023-04-08,34,0.3529,0.3529,0.5,0.3626
2023,2023-04-08,35,0.3429,0.3429,0.4857,0.3523
2023,2023-04-09,36,0.3333,0.3333,0.4722,0.3425
2023,2023-04-09,37,0.3243,0.3243,0.4595,0.3332
2023,2023-04-09,38,0.3158,0.3158,0.4474,0.3244
2023,2023-04-09,39,0.3077,0.3077,0.4359,0.3161
2023,2023-04-10,40,0.3,0.3,0.425,0.3082
2023,2023-04-10,41,0.3171,0.3171,0.439,0.3222
2023,2023-04-10,42,0.3333,0.3333,0.4524,0.3356
2023,2023-04-10,43,0.3488,0.3488,0.4651,0.3483
2023,2023-04-11,44,0.3409,0.3409,0.4545,0.3404
2023,2023-04-11,45,0.3333,0.3333,0.4444,0.3328
2023,2023-04-11,46,0.3261,0.3261,0.4348,0.3256
2023,2023-04-11,47,0.3191,0.3191,0.4255,0.3187
2023,2023-04-11,48,0.3125,0.3125,0.4167,0.312
2023,2023-04-12,49,0.3265,0.3265,0.4286,0.3237
2023,2023-04-12,50,0.34,0.34,0.46,0.3421
2023,2023-04-12,51,0.3333,0.3333,0.451,0.3354
2023,2023-04-12,52,0.3269,0.3269,0.4423,0.3289
2023,2023-04-12,53,0.3208,0.3208,0.434,0.3227
2023,2023-04-13,54,0.3333,0.3333,0.4444,0.3331
2023,2023-04-13,55,0.3333,0.3455,0.4444,0.3397
2023,2023-04-13,56,0.3273,0.3393,0.4364,0.3336
2023,2023-04-13,57,0.3214,0.3333,0.4286,0.3278
2023,2023-04-13,58,0.3158,0.3276,0.4211,0.3221
2023,2023-04-14,59,0.3276,0.339,0.431,0.3316
2023,2023-04-14,60,0.322,0.3333,0.4237,0.3261
2023,2023-04-14,61,0.3167,0.3279,0.4167,0.3208
2023,2023-04-14,62,0.3115,0.3226,0.4098,0.3156
2023,2023-04-14,63,0.3226,0.3333,0.4194,0.3246
2023,2023-04-15,64,0.3226,0.3438,0.4194,0.3304
2023,2023-04-15,65,0.3175,0.3385,0.4127,0.3253
2023,2023-04-15,66,0.3125,0.3333,0.4062,0.3204
2023,2023-04-15,67,0.3077,0.3284,0.4,0.3156
2023,2023-04-16,68,0.3182,0.3382,0.4091,0.324
2023,2023-04-16,69,0.3284,0.3478,0.4179,0.3321
2023,2023-04-16,70,0.3382,0.3571,0.4265,0.3399
2023,2023-04-16,71,0.3382,0.3662,0.4265,0.3449
2023,2023-04-16,72,0.3382,0.375,0.4265,0.3498
2023,2023-04-18,73,0.3333,0.3699,0.4203,0.345
2023,2023-04-18,74,0.3333,0.3784,0.4203,0.3498
2023,2023-04-18,75,0.3286,0.3733,0.4143,0.3451
2023,2023-04-18,76,0.3239,0.3684,0.4085,0.3406
2023,2023-04-18,77,0.3194,0.3636,0.4028,0.3361
2023,2023-04-18,78,0.3151,0.359,0.3973,0.3318
2023,2023-04-18,79,0.3108,0.3544,0.3919,0.3276
2023,2023-04-18,80,0.3067,0.35,0.3867,0.3235
2023,2023-04-18,81,0.3026,0.3457,0.3816,0.3195
2023,2023-04-19,82,0.3117,0.3537,0.4286,0.3401
2023,2023-04-19,83,0.3205,0.3614,0.4359,0.3466
2023,2023-04-19,84,0.3291,0.369,0.4557,0.3573
2023,2023-04-19,85,0.325,0.3647,0.45,0.3531
2023,2023-04-19,86,0.321,0.3605,0.4444,0.349
2023,2023-04-20,87,0.3171,0.3563,0.439,0.345
2023,2023-04-20,88,0.3133,0.3523,0.4337,0.3411
2023,2023-04-20,89,0.3095,0.3483,0.4286,0.3372
2023,2023-04-20,90,0.3176,0.3556,0.4471,0.3473
2023,2023-04-20,91,0.314,0.3516,0.4419,0.3435
2023,2023-04-21,92,0.3103,0.3478,0.4368,0.3398
2023,2023-04-21,93,0.3182,0.3548,0.4432,0.3456
2023,2023-04-21,94,0.3146,0.3511,0.4382,0.3419
2023,2023-04-21,95,0.3111,0.3474,0.4333,0.3383
2023,2023-04-21,96,0.3077,0.3438,0.4286,0.3348
2023,2023-04-22,97,0.3043,0.3402,0.4239,0.3314
2023,2023-04-22,98,0.3011,0.3367,0.4194,0.328
2023,2023-04-22,99,0.2979,0.3333,0.4149,0.3247
2023,2023-04-22,100,0.2947,0.33,0.4105,0.3214
2023,2023-04-23,101,0.3021,0.3366,0.4479,0.3381
2023,2023-04-23,102,0.299,0.3333,0.4433,0.3348
2023,2023-04-23,103,0.2959,0.3301,0.4388,0.3315
2023,2023-04-23,104,0.2929,0.3269,0.4343,0.3283
2023,2023-04-25,105,0.29,0.3238,0.43,0.3252
2023,2023-04-25,106,0.2871,0.3208,0.4257,0.3221
2023,2023-04-25,107,0.2843,0.3178,0.4216,0.3191
2023,2023-04-25,108,0.2816,0.3148,0.4175,0.3162
2023,2023-04-26,109,0.2788,0.3119,0.4135,0.3133
2023,2023-04-26,110,0.2762,0.3091,0.4095,0.3104
2023,2023-04-26,111,0.2736,0.3063,0.4057,0.3076
2023,2023-04-26,112,0.2804,0.3125,0.4112,0.3127
2023,2023-04-27,113,0.2778,0.3097,0.4074,0.31
2023,2023-04-27,114,0.2752,0.307,0.4037,0.3073
2023,2023-04-27,115,0.2727,0.3043,0.4,0.3046
2023,2023-04-28,116,0.2703,0.3017,0.3964,0.302
2023,2023-04-28,117,0.2679,0.2991,0.3929,0.2994
2023,2023-04-28,118,0.2655,0.2966,0.3894,0.2968
2023,2023-04-28,119,0.2632,0.2941,0.386,0.2944
2023,2023-04-29,120,0.2609,0.2917,0.3826,0.2919
2023,2023-04-29,121,0.2586,0.2893,0.3793,0.2895
2023,2023-04-29,122,0.2564,0.2869,0.3761,0.2871
2023,2023-04-29,123,0.2542,0.2846,0.3729,0.2848
2023,2023-04-29,124,0.2605,0.2903,0.3782,0.2896
2023,2023-04-30,125,0.2583,0.288,0.375,0.2873
2023,2023-04-30,126,0.2645,0.2937,0.3802,0.292
2023,2023-04-30,127,0.2623,0.2913,0.377,0.2897
2023,2023-04-30,128,0.2602,0.2891,0.374,0.2875
2023,2023-05-01,129,0.2581,0.2868,0.371,0.2852
2023,2023-05-01,130,0.256,0.2846,0.368,0.283
2023,2023-05-01,131,0.2619,0.2901,0.373,0.2876
2023,2023-05-01,132,0.2598,0.2879,0.3701,0.2854
2023,2023-05-02,133,0.2578,0.2857,0.3672,0.2833
2023,2023-05-02,134,0.2636,0.291,0.3953,0.2961
2023,2023-05-02,135,0.2636,0.2963,0.3953,0.2991
2023,2023-05-02,136,0.2615,0.2941,0.3923,0.2969
2023,2023-05-03,137,0.2672,0.2993,0.4046,0.3038
2023,2023-05-03,138,0.2652,0.2971,0.4015,0.3016
2023,2023-05-03,139,0.2632,0.295,0.3985,0.2994
2023,2023-05-03,140,0.2612,0.2929,0.3955,0.2973
2023,2023-05-03,141,0.2593,0.2908,0.3926,0.2952
2023,2023-05-05,142,0.2574,0.2887,0.3897,0.2931
2023,2023-05-05,143,0.2555,0.2867,0.3869,0.2911
2023,2023-05-05,144,0.2609,0.2917,0.3913,0.2952
2023,2023-05-05,145,0.259,0.2897,0.3885,0.2931
2023,2023-05-05,146,0.2571,0.2877,0.3857,0.2911
2023,2023-05-06,147,0.2624,0.2925,0.3972,0.2976
2023,2023-05-06,148,0.2606,0.2905,0.3944,0.2956
2023,2023-05-06,149,0.2587,0.2886,0.3916,0.2936
2023,2023-05-06,150,0.2639,0.2933,0.4167,0.305
2023,2023-05-06,151,0.2621,0.2914,0.4138,0.303
2023,2023-05-07,152,0.2603,0.2895,0.411,0.301
2023,2023-05-07,153,0.2653,0.2941,0.415,0.3048
2023,2023-05-07,154,0.2635,0.2922,0.4122,0.3028
2023,2023-05-07,155,0.2635,0.2968,0.4122,0.3054
2023,2023-05-09,156,0.2617,0.2949,0.4094,0.3034
2023,2023-05-09,157,0.26,0.293,0.4067,0.3015
2023,2023-05-09,158,0.2649,0.2975,0.4106,0.3052
2023,2023-05-09,159,0.2632,0.2956,0.4079,0.3032
2023,2023-05-09,160,0.2614,0.2938,0.4052,0.3013
2023,2023-05-10,161,0.2597,0.2919,0.4026,0.2995
2023,2023-05-10,162,0.2581,0.2901,0.4,0.2976
2023,2023-05-10,163,0.2628,0.2945,0.4103,0.3034
2023,2023-05-10,164,0.2611,0.2927,0.4076,0.3016
2023,2023-05-10,165,0.2611,0.297,0.4076,0.304
2023,2023-05-12,166,0.2595,0.2952,0.4051,0.3021
2023,2023-05-12,167,0.2579,0.2934,0.4025,0.3003
2023,2023-05-12,168,0.2562,0.2917,0.4,0.2985
2023,2023-05-12,169,0.2609,0.2959,0.4099,0.3041
2023,2023-05-13,170,0.2609,0.3,0.4099,0.3064
2023,2023-05-13,171,0.2593,0.2982,0.4074,0.3046
2023,2023-05-13,172,0.2577,0.2965,0.4049,0.3029
2023,2023-05-13,173,0.2561,0.2948,0.4024,0.3011
2023,2023-05-13,174,0.2561,0.2989,0.4024,0.3034
2023,2023-05-14,175,0.2545,0.2971,0.4,0.3017
2023,2023-05-14,176,0.259,0.3011,0.4036,0.305
2023,2023-05-14,177,0.2575,0.2994,0.4012,0.3032
2023,2023-05-14,178,0.2619,0.3034,0.4048,0.3065
2023,2023-05-15,179,0.2663,0.3073,0.4142,0.3117
2023,2023-05-15,180,0.2647,0.3056,0.4118,0.31
2023,2023-05-15,181,0.2632,0.3039,0.4094,0.3083
2023,2023-05-15,182,0.2616,0.3022,0.407,0.3066
2023,2023-05-15,183,0.2601,0.3005,0.4046,0.3049
2023,2023-05-16,184,0.2644,0.3043,0.408,0.3081
2023,2023-05-16,185,0.2629,0.3027,0.4057,0.3064
2023,2023-05-16,186,0.2614,0.3011,0.4034,0.3047
2023,2023-05-16,187,0.2599,0.2995,0.4011,0.3031
2023,2023-05-16,188,0.2584,0.2979,0.3989,0.3015
2023,2023-05-17,189,0.2626,0.3016,0.4022,0.3046
2023,2023-05-17,190,0.2611,0.3,0.4,0.303
2023,2023-05-17,191,0.2597,0.2984,0.3978,0.3014
2023,2023-05-17,192,0.2637,0.3021,0.4011,0.3044
2023,2023-05-17,193,0.2623,0.3005,0.3989,0.3028
2023,2023-05-19,194,0.2609,0.299,0.3967,0.3013
2023,2023-05-19,195,0.2595,0.2974,0.3946,0.2997
2023,2023-05-19,196,0.2581,0.2959,0.3925,0.2982
2023,2023-05-19,197,0.2567,0.2944,0.3904,0.2967
2023,2023-05-21,198,0.2553,0.2929,0.3883,0.2952
2023,2023-05-21,199,0.254,0.2915,0.3862,0.2937
2023,2023-05-21,200,0.2526,0.29,0.3842,0.2922
2023,2023-05-21,201,0.2565,0.2935,0.3927,0.297
2023,2023-05-22,202,0.2552,0.2921,0.3906,0.2955
2023,2023-05-22,203,0.2539,0.2906,0.3886,0.2941
2023,2023-05-22,204,0.2526,0.2892,0.3866,0.2926
2023,2023-05-22,205,0.2564,0.2927,0.3897,0.2955
2023,2023-05-22,206,0.2564,0.2961,0.3897,0.2974
2023,2023-05-23,207,0.2551,0.2947,0.3878,0.296
2023,2023-05-23,208,0.2538,0.2933,0.3858,0.2946
2023,2023-05-23,209,0.2525,0.2919,0.3838,0.2932
2023,2023-05-23,210,0.2513,0.2905,0.3819,0.2918
2023,2023-05-24,211,0.25,0.2891,0.38,0.2904
2023,2023-05-24,212,0.2488,0.2877,0.3781,0.289
2023,2023-05-24,213,0.2475,0.2864,0.3762,0.2877
2023,2023-05-24,214,0.2463,0.285,0.3744,0.2863
2023,2023-05-24,215,0.25,0.2884,0.3922,0.2943
2023,2023-05-25,216,0.2488,0.287,0.3902,0.2929
2023,2023-05-25,217,0.2476,0.2857,0.3883,0.2916
2023,2023-05-25,218,0.2464,0.2844,0.3865,0.2903
2023,2023-05-25,219,0.2452,0.2831,0.3846,0.2889
2023,2023-05-25,220,0.244,0.2818,0.3828,0.2876
2023,2023-05-26,221,0.2429,0.2805,0.381,0.2863
2023,2023-05-26,222,0.2429,0.2838,0.381,0.2882
2023,2023-05-26,223,0.2417,0.2825,0.3791,0.2869
2023,2023-05-26,224,0.2453,0.2857,0.3868,0.2911
2023,2023-05-26,225,0.2441,0.2844,0.385,0.2898
2023,2023-05-27,226,0.243,0.2832,0.3832,0.2886
2023,2023-05-27,227,0.2465,0.2863,0.386,0.2912
2023,2023-05-27,228,0.25,0.2895,0.3935,0.2954
2023,2023-05-27,229,0.2488,0.2882,0.3917,0.2941
2023,2023-05-27,230,0.2477,0.287,0.3899,0.2928
2023,2023-05-28,231,0.2466,0.2857,0.3881,0.2915
2023,2023-05-28,232,0.2455,0.2845,0.3864,0.2903
2023,2023-05-28,233,0.2443,0.2833,0.3846,0.289
2023,2023-05-28,234,0.2432,0.2821,0.3829,0.2878
2023,2023-05-30,235,0.2422,0.2809,0.3812,0.2866
2023,2023-05-30,236,0.2411,0.2797,0.3795,0.2854
2023,2023-05-30,237,0.24,0.2785,0.3778,0.2841
2023,2023-05-31,238,0.2389,0.2773,0.3761,0.283
2023,2023-05-31,239,0.2379,0.2762,0.3744,0.2818
2023,2023-05-31,240,0.2368,0.275,0.3728,0.2806
2023,2023-05-31,241,0.2358,0.2739,0.3712,0.2794
2023,2023-06-01,242,0.2391,0.2769,0.3739,0.2819
2023,2023-06-01,243,0.2381,0.2757,0.3723,0.2808
2023,2023-06-01,244,0.2371,0.2746,0.3707,0.2796
2023,2023-06-01,245,0.2361,0.2735,0.3691,0.2785
2023,2023-06-02,246,0.235,0.2724,0.3675,0.2773
2023,2023-06-02,247,0.234,0.2713,0.366,0.2762
2023,2023-06-02,248,0.2373,0.2742,0.3729,0.2801
2023,2023-06-02,249,0.2363,0.2731,0.3713,0.279
2023,2023-06-02,250,0.2353,0.272,0.3697,0.2779
2023,2023-06-03,251,0.2343,0.2709,0.3682,0.2768
2023,2023-06-03,252,0.2375,0.2738,0.375,0.2806
2023,2023-06-03,253,0.2365,0.2727,0.3734,0.2795
2023,2023-06-03,254,0.2365,0.2756,0.3734,0.2811
2023,2023-06-04,255,0.2355,0.2745,0.3719,0.28
2023,2023-06-04,256,0.2346,0.2734,0.3704,0.2789
2023,2023-06-04,257,0.2336,0.2724,0.3689,0.2779
2023,2023-06-04,258,0.2327,0.2713,0.3673,0.2768
2023,2023-06-04,259,0.2317,0.2703,0.3659,0.2757
2023,2023-06-05,260,0.2348,0.2731,0.3684,0.278
2023,2023-06-05,261,0.2379,0.2759,0.3831,0.2847
2023,2023-06-05,262,0.241,0.2786,0.3976,0.2912
2023,2023-06-05,263,0.244,0.2814,0.4,0.2935
2023,2023-06-05,264,0.243,0.2803,0.3984,0.2924
2023,2023-06-06,265,0.2421,0.2792,0.3968,0.2913
2023,2023-06-06,266,0.2411,0.2782,0.3953,0.2902
2023,2023-06-06,267,0.2402,0.2772,0.3937,0.2891
2023,2023-06-08,268,0.2392,0.2761,0.3922,0.288
2023,2023-06-08,269,0.2383,0.2751,0.3906,0.2869
2023,2023-06-08,270,0.2374,0.2741,0.3891,0.2859
2023,2023-06-08,271,0.2374,0.2768,0.3891,0.2874
2023,2023-06-09,272,0.2403,0.2794,0.3915,0.2896
2023,2023-06-09,273,0.2394,0.2784,0.39,0.2885
2023,2023-06-09,274,0.2423,0.281,0.3923,0.2907
2023,2023-06-09,275,0.2414,0.28,0.3908,0.2896
2023,2023-06-10,276,0.2443,0.2826,0.3931,0.2918
2023,2023-06-10,277,0.2433,0.2816,0.3916,0.2907
2023,2023-06-10,278,0.2424,0.2806,0.3902,0.2897
2023,2023-06-10,279,0.2415,0.2796,0.3887,0.2886
2023,2023-06-11,280,0.2444,0.2821,0.391,0.2908
2023,2023-06-11,281,0.2472,0.2847,0.397,0.2941
2023,2023-06-11,282,0.2463,0.2837,0.3955,0.2931
2023,2023-06-11,283,0.2491,0.2862,0.3978,0.2952
2023,2023-06-11,284,0.2481,0.2852,0.3963,0.2942
2023,2023-06-12,285,0.2472,0.2842,0.3948,0.2931
2023,2023-06-12,286,0.2472,0.2867,0.3948,0.2945
2023,2023-06-12,287,0.2463,0.2857,0.3934,0.2935
2023,2023-06-12,288,0.2454,0.2847,0.3919,0.2925
2023,2023-06-12,289,0.2445,0.2837,0.3905,0.2915
2023,2023-06-13,290,0.2445,0.2862,0.3905,0.2929
2023,2023-06-13,291,0.2445,0.2887,0.3905,0.2943
2023,2023-06-13,292,0.2473,0.2911,0.3927,0.2963
2023,2023-06-13,293,0.2464,0.2901,0.3913,0.2953
2023,2023-06-13,294,0.2491,0.2925,0.3935,0.2973
2023,2023-06-14,295,0.2491,0.2949,0.3935,0.2986
2023,2023-06-14,296,0.2518,0.2973,0.3993,0.3018
2023,2023-06-14,297,0.2509,0.2963,0.3978,0.3008
2023,2023-06-14,298,0.25,0.2953,0.3964,0.2998
2023,2023-06-14,299,0.2491,0.2943,0.395,0.2988
2023,2023-06-15,300,0.2482,0.2933,0.3936,0.2978
2023,2023-06-15,301,0.2509,0.2957,0.3958,0.2997
2023,2023-06-15,302,0.2535,0.298,0.3979,0.3017
2023,2023-06-15,303,0.2526,0.297,0.3965,0.3007
2023,2023-06-15,304,0.2517,0.2961,0.3951,0.2997
2023,2023-06-16,305,0.2509,0.2951,0.3937,0.2987
2023,2023-06-16,306,0.25,0.2941,0.3924,0.2977
2023,2023-06-16,307,0.2491,0.2932,0.391,0.2967
2023,2023-06-16,308,0.2483,0.2922,0.3897,0.2958
2023,2023-06-17,309,0.2474,0.2913,0.3883,0.2948
2023,2023-06-17,310,0.2466,0.2903,0.387,0.2939
2023,2023-06-17,311,0.2491,0.2926,0.3891,0.2958
2023,2023-06-17,312,0.2483,0.2917,0.3878,0.2948
2023,2023-06-17,313,0.2475,0.2907,0.3864,0.2939
2023,2023-06-17,314,0.2475,0.293,0.3864,0.2952
2023,2023-06-18,315,0.2466,0.2921,0.3851,0.2942
2023,2023-06-18,316,0.2458,0.2911,0.3838,0.2933
2023,2023-06-18,317,0.245,0.2902,0.3826,0.2924
2023,2023-06-18,318,0.2475,0.2925,0.3846,0.2942
2023,2023-06-20,319,0.2467,0.2915,0.3833,0.2933
2023,2023-06-20,320,0.2458,0.2906,0.3821,0.2924
2023,2023-06-20,321,0.245,0.2897,0.3808,0.2915
2023,2023-06-20,322,0.2442,0.2888,0.3795,0.2906
2023,2023-06-22,323,0.2442,0.291,0.3795,0.2919
2023,2023-06-22,324,0.2442,0.2932,0.3795,0.2932
2023,2023-06-22,325,0.2434,0.2923,0.3783,0.2923
2023,2023-06-22,326,0.2426,0.2914,0.377,0.2914
2023,2023-06-23,327,0.2426,0.2936,0.377,0.2926
2023,2023-06-23,328,0.2418,0.2927,0.3758,0.2917
2023,2023-06-23,329,0.241,0.2918,0.3746,0.2908
2023,2023-06-23,330,0.2435,0.2939,0.3766,0.2926
2023,2023-06-24,331,0.2427,0.2931,0.3754,0.2917
2023,2023-06-24,332,0.2419,0.2922,0.3742,0.2908
2023,2023-06-24,333,0.2444,0.2943,0.3762,0.2926
2023,2023-06-24,334,0.2436,0.2934,0.375,0.2918
2023,2023-06-25,335,0.246,0.2955,0.3866,0.2969
2023,2023-06-25,336,0.2484,0.2976,0.3885,0.2986
2023,2023-06-25,337,0.2484,0.2997,0.3885,0.2998
2023,2023-06-25,338,0.2476,0.2988,0.3873,0.2989
2023,2023-06-25,339,0.2476,0.3009,0.3873,0.3002
2023,2023-06-27,340,0.25,0.3029,0.3892,0.3019
2023,2023-06-27,341,0.2492,0.3021,0.388,0.301
2023,2023-06-27,342,0.2484,0.3012,0.3868,0.3001
2023,2023-06-27,343,0.2476,0.3003,0.3856,0.2992
2023,2023-06-27,344,0.2469,0.2994,0.3844,0.2984
2023,2023-06-28,345,0.2461,0.2986,0.3832,0.2975
2023,2023-06-28,346,0.2484,0.3006,0.3851,0.2992
2023,2023-06-28,347,0.2477,0.2997,0.3839,0.2983
2023,2023-06-28,348,0.2469,0.2989,0.3827,0.2975
2023,2023-06-28,349,0.2462,0.298,0.3815,0.2966
2023,2023-06-29,350,0.2485,0.3,0.3865,0.2993
2023,2023-06-29,351,0.2508,0.302,0.3884,0.301
2023,2023-06-29,352,0.25,0.3011,0.3872,0.3001
2023,2023-06-29,353,0.2492,0.3003,0.386,0.2993
2023,2023-06-30,354,0.2485,0.2994,0.3848,0.2984
2023,2023-06-30,355,0.2477,0.2986,0.3837,0.2976
2023,2023-06-30,356,0.25,0.3006,0.3855,0.2992
2023,2023-06-30,357,0.2492,0.2997,0.3844,0.2984
2023,2023-07-01,358,0.2485,0.2989,0.3832,0.2976
2023,2023-07-01,359,0.2485,0.3008,0.3832,0.2987
2023,2023-07-01,360,0.2507,0.3028,0.3881,0.3013
2023,2023-07-01,361,0.253,0.3047,0.3899,0.3029
2023,2023-07-01,362,0.2522,0.3039,0.3887,0.3021
2023,2023-07-02,363,0.2515,0.303,0.3876,0.3012
2023,2023-07-02,364,0.2507,0.3022,0.3864,0.3004
2023,2023-07-02,365,0.25,0.3014,0.3853,0.2996
2023,2023-07-02,366,0.2493,0.3005,0.3842,0.2988
2023,2023-07-02,367,0.2485,0.2997,0.383,0.298
2023,2023-07-04,368,0.2478,0.2989,0.3819,0.2972
2023,2023-07-04,369,0.2471,0.2981,0.3808,0.2963
2023,2023-07-04,370,0.2464,0.2973,0.3797,0.2955
2023,2023-07-04,371,0.2457,0.2965,0.3786,0.2948
2023,2023-07-05,372,0.245,0.2957,0.3775,0.294
2023,2023-07-05,373,0.2471,0.2976,0.3793,0.2955
2023,2023-07-05,374,0.2493,0.2995,0.3897,0.3001
2023,2023-07-05,375,0.2486,0.2987,0.3886,0.2993
2023,2023-07-05,376,0.2479,0.2979,0.3875,0.2985
2023,2023-07-06,377,0.25,0.2997,0.3892,0.3001
2023,2023-07-06,378,0.2493,0.2989,0.3881,0.2993
2023,2023-07-06,379,0.2486,0.2982,0.387,0.2985
2023,2023-07-06,380,0.2479,0.2974,0.3859,0.2977
2023,2023-07-06,381,0.25,0.2992,0.3876,0.2992
2023,2023-07-07,382,0.2521,0.301,0.3894,0.3008
2023,2023-07-07,383,0.2514,0.3003,0.3883,0.3
2023,2023-07-07,384,0.2507,0.2995,0.3872,0.2992
2023,2023-07-07,385,0.25,0.2987,0.3861,0.2984
2023,2023-07-08,386,0.2521,0.3005,0.3961,0.3028
2023,2023-07-08,387,0.2514,0.2997,0.395,0.302
2023,2023-07-08,388,0.2507,0.299,0.3939,0.3013
2023,2023-07-08,389,0.25,0.2982,0.3929,0.3005
2023,2023-07-09,390,0.2493,0.2974,0.3918,0.2997
2023,2023-07-09,391,0.2486,0.2967,0.3907,0.299
2023,2023-07-09,392,0.248,0.2959,0.3896,0.2982
2023,2023-07-09,393,0.2473,0.2952,0.3886,0.2974
2023,2023-07-14,394,0.2466,0.2944,0.3875,0.2967
2023,2023-07-14,395,0.2459,0.2937,0.3865,0.2959
2023,2023-07-14,396,0.2453,0.2929,0.3854,0.2952
2023,2023-07-14,397,0.2446,0.2922,0.3844,0.2944
2023,2023-07-14,398,0.244,0.2915,0.3834,0.2937
2023,2023-07-15,399,0.244,0.2932,0.3834,0.2947
2023,2023-07-15,400,0.246,0.295,0.3877,0.2971
2023,2023-07-15,401,0.2453,0.2943,0.3867,0.2963
2023,2023-07-15,402,0.2473,0.296,0.3883,0.2978
2023,2023-07-15,403,0.2467,0.2953,0.3873,0.2971
2023,2023-07-15,404,0.2487,0.297,0.3889,0.2985
2023,2023-07-15,405,0.248,0.2963,0.3879,0.2978
2023,2023-07-15,406,0.248,0.298,0.3879,0.2988
2023,2023-07-15,407,0.2474,0.2973,0.3868,0.298
2023,2023-07-15,408,0.2493,0.299,0.3885,0.2995
2023,2023-07-16,409,0.2487,0.2983,0.3874,0.2987
2023,2023-07-16,410,0.248,0.2976,0.3864,0.298
2023,2023-07-16,411,0.25,0.2993,0.388,0.2994
2023,2023-07-16,412,0.2494,0.2985,0.387,0.2987
2023,2023-07-16,413,0.2487,0.2978,0.386,0.298
2023,2023-07-18,414,0.2481,0.2971,0.385,0.2972
2023,2023-07-18,415,0.25,0.2988,0.3918,0.3003
2023,2023-07-18,416,0.2519,0.3005,0.3933,0.3017
2023,2023-07-18,417,0.2513,0.2998,0.3923,0.301
2023,2023-07-19,418,0.2506,0.299,0.3913,0.3003
2023,2023-07-19,419,0.25,0.2983,0.3903,0.2996
2023,2023-07-19,420,0.2494,0.2976,0.3893,0.2988
2023,2023-07-19,421,0.2487,0.2969,0.3883,0.2981
2023,2023-07-20,422,0.2481,0.2962,0.3873,0.2974
2023,2023-07-20,423,0.2475,0.2955,0.3864,0.2967
2023,2023-07-20,424,0.2469,0.2948,0.3854,0.296
2023,2023-07-20,425,0.2469,0.2965,0.3854,0.297
2023,2023-07-21,426,0.2462,0.2958,0.3844,0.2963
2023,2023-07-21,427,0.2481,0.2974,0.391,0.2992
2023,2023-07-21,428,0.2475,0.2967,0.39,0.2985
2023,2023-07-21,429,0.2469,0.296,0.389,0.2979
2023,2023-07-21,430,0.2463,0.2953,0.3881,0.2972
2023,2023-07-22,431,0.2481,0.297,0.3896,0.2985
2023,2023-07-22,432,0.2475,0.2963,0.3886,0.2978
2023,2023-07-22,433,0.2469,0.2956,0.3877,0.2971
2023,2023-07-22,434,0.2463,0.2949,0.3867,0.2965
2023,2023-07-23,435,0.2457,0.2943,0.3857,0.2958
2023,2023-07-23,436,0.2451,0.2936,0.3848,0.2951
2023,2023-07-23,437,0.2469,0.2952,0.3888,0.2973
2023,2023-07-23,438,0.2488,0.2968,0.3902,0.2986
2023,2023-07-23,439,0.2488,0.2984,0.3902,0.2995
2023,2023-07-24,440,0.2482,0.2977,0.3893,0.2988
2023,2023-07-24,441,0.2476,0.2971,0.3883,0.2981
2023,2023-07-24,442,0.247,0.2964,0.3874,0.2975
2023,2023-07-25,443,0.2464,0.2957,0.3865,0.2968
2023,2023-07-25,444,0.2458,0.295,0.3855,0.2961
2023,2023-07-25,445,0.2452,0.2944,0.3846,0.2955
2023,2023-07-25,446,0.2446,0.2937,0.3837,0.2948
2023,2023-07-28,447,0.244,0.2931,0.3828,0.2941
2023,2023-07-28,448,0.2434,0.2924,0.3819,0.2935
2023,2023-07-28,449,0.2429,0.2918,0.381,0.2928
2023,2023-07-28,450,0.2423,0.2911,0.38,0.2922
2023,2023-07-28,451,0.2417,0.2905,0.3791,0.2915
2023,2023-07-29,452,0.2411,0.2898,0.3783,0.2909
2023,2023-07-29,453,0.2406,0.2892,0.3774,0.2903
2023,2023-07-29,454,0.2406,0.2907,0.3774,0.2911
2023,2023-07-29,455,0.2424,0.2923,0.3788,0.2924
2023,2023-07-30,456,0.2418,0.2917,0.3779,0.2918
2023,2023-07-30,457,0.2436,0.2932,0.3817,0.2939
2023,2023-07-30,458,0.243,0.2926,0.3808,0.2932
2023,2023-07-30,459,0.2424,0.2919,0.38,0.2926
2023,2023-07-30,460,0.2419,0.2913,0.3791,0.292
2023,2023-07-31,461,0.2419,0.2928,0.3791,0.2928
2023,2023-07-31,462,0.2436,0.2944,0.3805,0.2941
2023,2023-07-31,463,0.2431,0.2937,0.3796,0.2935
2023,2023-07-31,464,0.2425,0.2931,0.3788,0.2929
2023,2023-07-31,465,0.2419,0.2925,0.3779,0.2922
2023,2023-08-01,466,0.2414,0.2918,0.377,0.2916
2023,2023-08-01,467,0.2408,0.2912,0.3761,0.291
2023,2023-08-01,468,0.2403,0.2906,0.3753,0.2904
2023,2023-08-01,469,0.2397,0.29,0.3744,0.2897
2023,2023-08-02,470,0.2392,0.2894,0.3736,0.2891
2023,2023-08-02,471,0.2386,0.2887,0.3727,0.2885
2023,2023-08-02,472,0.2386,0.2903,0.3727,0.2894
2023,2023-08-02,473,0.2381,0.2896,0.3719,0.2888
2023,2023-08-02,474,0.2376,0.289,0.371,0.2881
2023,2023-08-02,475,0.237,0.2884,0.3702,0.2875
2023,2023-08-03,476,0.2365,0.2878,0.3694,0.2869
2023,2023-08-03,477,0.236,0.2872,0.3685,0.2863
2023,2023-08-03,478,0.2354,0.2866,0.3677,0.2857
2023,2023-08-04,479,0.2349,0.286,0.3669,0.2851
2023,2023-08-04,480,0.2344,0.2854,0.3661,0.2845
2023,2023-08-04,481,0.2361,0.2869,0.3675,0.2858
2023,2023-08-04,482,0.2356,0.2863,0.3667,0.2852
2023,2023-08-05,483,0.235,0.2857,0.3659,0.2846
2023,2023-08-05,484,0.2345,0.2851,0.365,0.284
2023,2023-08-05,485,0.2362,0.2866,0.3731,0.2876
2023,2023-08-05,486,0.2379,0.2881,0.3767,0.2895
2023,2023-08-06,487,0.2396,0.2895,0.3802,0.2915
2023,2023-08-06,488,0.239,0.2889,0.3794,0.2909
2023,2023-08-06,489,0.2385,0.2883,0.3786,0.2903
2023,2023-08-06,490,0.238,0.2878,0.3777,0.2897
2023,2023-08-08,491,0.2375,0.2872,0.3769,0.2891
2023,2023-08-08,492,0.2391,0.2886,0.3804,0.2911
2023,2023-08-08,493,0.2391,0.2901,0.3804,0.2919
2023,2023-08-08,494,0.2386,0.2895,0.3796,0.2913
2023,2023-08-08,495,0.2403,0.2909,0.3831,0.2932
2023,2023-08-08,496,0.2397,0.2903,0.3823,0.2926
2023,2023-08-08,497,0.2414,0.2918,0.3836,0.2938
2023,2023-08-08,498,0.2409,0.2912,0.3828,0.2932
2023,2023-08-09,499,0.2425,0.2926,0.3841,0.2944
2023,2023-08-09,500,0.242,0.292,0.3833,0.2938
2023,2023-08-09,501,0.2436,0.2934,0.3846,0.295
2023,2023-08-09,502,0.2431,0.2928,0.3838,0.2944
2023,2023-08-10,503,0.2426,0.2922,0.383,0.2938
2023,2023-08-10,504,0.242,0.2917,0.3822,0.2932
2023,2023-08-10,505,0.2436,0.2931,0.3898,0.2966
2023,2023-08-10,506,0.2431,0.2925,0.389,0.296
2023,2023-08-11,507,0.2426,0.2919,0.3882,0.2955
2023,2023-08-11,508,0.2442,0.2933,0.3895,0.2966
2023,2023-08-11,509,0.2458,0.2947,0.3929,0.2985
2023,2023-08-11,510,0.2453,0.2941,0.392,0.2979
2023,2023-08-11,511,0.2469,0.2955,0.3954,0.2997
2023,2023-08-12,512,0.2469,0.2969,0.3954,0.3005
2023,2023-08-12,513,0.2484,0.2982,0.3967,0.3016
2023,2023-08-12,514,0.25,0.2996,0.3979,0.3028
2023,2023-08-12,515,0.2516,0.301,0.3992,0.3039
2023,2023-08-13,516,0.251,0.3004,0.3983,0.3033
2023,2023-08-13,517,0.2505,0.2998,0.3975,0.3027
2023,2023-08-13,518,0.25,0.2992,0.3967,0.3021
2023,2023-08-13,519,0.2515,0.3006,0.3979,0.3033
2023,2023-08-15,520,0.251,0.3,0.3971,0.3027
2023,2023-08-15,521,0.2505,0.2994,0.3963,0.3021
2023,2023-08-15,522,0.25,0.2989,0.3955,0.3015
2023,2023-08-16,523,0.25,0.3002,0.3955,0.3023
2023,2023-08-16,524,0.2515,0.3015,0.3967,0.3034
2023,2023-08-16,525,0.251,0.301,0.3959,0.3028
2023,2023-08-16,526,0.2505,0.3004,0.3951,0.3022
2023,2023-08-16,527,0.25,0.2998,0.3943,0.3017
2023,2023-08-18,528,0.2495,0.2992,0.3935,0.3011
2023,2023-08-18,529,0.2495,0.3006,0.3935,0.3018
2023,2023-08-18,530,0.249,0.3,0.3927,0.3013
2023,2023-08-18,531,0.2485,0.2994,0.3919,0.3007
2023,2023-08-19,532,0.248,0.2989,0.3911,0.3001
2023,2023-08-19,533,0.2475,0.2983,0.3903,0.2996
2023,2023-08-19,534,0.247,0.2978,0.3896,0.299
2023,2023-08-19,535,0.2485,0.2991,0.3968,0.3022
2023,2023-08-19,536,0.25,0.3004,0.404,0.3054
2023,2023-08-20,537,0.2495,0.2998,0.4032,0.3048
2023,2023-08-20,538,0.251,0.3011,0.4044,0.3059
2023,2023-08-20,539,0.2505,0.3006,0.4036,0.3053
2023,2023-08-20,540,0.25,0.3,0.4028,0.3047
2023,2023-08-21,541,0.2515,0.3013,0.404,0.3058
2023,2023-08-21,542,0.251,0.3007,0.4032,0.3052
2023,2023-08-21,543,0.2525,0.302,0.4043,0.3063
2023,2023-08-21,544,0.2539,0.3033,0.4055,0.3074
2023,2023-08-21,545,0.2534,0.3028,0.4047,0.3068
2023,2023-08-22,546,0.2529,0.3022,0.4039,0.3062
2023,2023-08-22,547,0.2524,0.3016,0.4031,0.3057
2023,2023-08-22,548,0.252,0.3011,0.4023,0.3051
2023,2023-08-22,549,0.2515,0.3005,0.4016,0.3046
2023,2023-08-22,550,0.2529,0.3018,0.4027,0.3056
2023,2023-08-23,551,0.2524,0.3013,0.4019,0.3051
2023,2023-08-23,552,0.2519,0.3007,0.4012,0.3045
2023,2023-08-23,553,0.2534,0.302,0.4081,0.3076
2023,2023-08-23,554,0.2529,0.3014,0.4073,0.307
2023,2023-08-23,555,0.2529,0.3027,0.4073,0.3077
2023,2023-08-23,556,0.2524,0.3022,0.4066,0.3072
2023,2023-08-25,557,0.2538,0.3034,0.4096,0.3089
2023,2023-08-25,558,0.2534,0.3029,0.4088,0.3083
2023,2023-08-25,559,0.2529,0.3023,0.408,0.3078
2023,2023-08-25,560,0.2524,0.3018,0.4073,0.3072
2023,2023-08-26,561,0.2519,0.3012,0.4065,0.3067
2023,2023-08-26,562,0.2514,0.3007,0.4057,0.3061
2023,2023-08-26,563,0.2529,0.302,0.4087,0.3078
2023,2023-08-26,564,0.2543,0.3032,0.4099,0.3088
2023,2023-08-27,565,0.2557,0.3044,0.411,0.3098
2023,2023-08-27,566,0.2552,0.3039,0.4102,0.3093
2023,2023-08-27,567,0.2552,0.3034,0.4102,0.3087
2023,2023-08-27,568,0.2547,0.3028,0.4094,0.3082
2023,2023-08-28,569,0.2561,0.304,0.4162,0.3112
2023,2023-08-28,570,0.2561,0.3053,0.4162,0.3118
2023,2023-08-28,571,0.2575,0.3065,0.4229,0.3148
2023,2023-08-28,572,0.257,0.3059,0.4221,0.3142
2023,2023-08-29,573,0.2566,0.3054,0.4213,0.3137
2023,2023-08-29,574,0.2561,0.3049,0.4206,0.3132
2023,2023-08-29,575,0.2556,0.3043,0.4198,0.3126
2023,2023-08-29,576,0.257,0.3056,0.4246,0.3148
2023,2023-08-29,577,0.2584,0.3068,0.4312,0.3177
2023,2023-08-30,578,0.2584,0.308,0.4312,0.3184
2023,2023-08-30,579,0.2579,0.3074,0.4304,0.3179
2023,2023-08-30,580,0.2593,0.3086,0.4333,0.3195
2023,2023-08-30,581,0.2606,0.3098,0.4399,0.3224
2023,2023-08-30,582,0.2601,0.3093,0.4391,0.3218
2023,2023-09-01,583,0.2597,0.3087,0.4383,0.3213
2023,2023-09-01,584,0.2592,0.3082,0.4375,0.3207
2023,2023-09-01,585,0.2587,0.3077,0.4367,0.3202
2023,2023-09-01,586,0.2601,0.3089,0.4432,0.323
2023,2023-09-02,587,0.2614,0.3101,0.4442,0.324
2023,2023-09-02,588,0.2609,0.3095,0.4434,0.3234
2023,2023-09-02,589,0.2623,0.3107,0.4499,0.3263
2023,2023-09-02,590,0.2618,0.3102,0.4491,0.3257
2023,2023-09-02,591,0.2613,0.3096,0.4483,0.3252
2023,2023-09-03,592,0.2609,0.3091,0.4475,0.3246
2023,2023-09-03,593,0.2604,0.3086,0.4467,0.3241
2023,2023-09-03,594,0.2617,0.3098,0.4477,0.325
2023,2023-09-03,595,0.2631,0.3109,0.4486,0.326
2023,2023-09-03,596,0.2626,0.3104,0.4478,0.3254
2023,2023-09-04,597,0.2639,0.3116,0.4488,0.3264
2023,2023-09-04,598,0.2652,0.3127,0.4552,0.3292
2023,2023-09-04,599,0.2648,0.3122,0.4544,0.3286
2023,2023-09-04,600,0.2643,0.3117,0.4536,0.3281
2023,2023-09-04,601,0.2638,0.3111,0.4528,0.3275
2023,2023-09-04,602,0.2633,0.3106,0.452,0.327
2023,2023-09-08,603,0.2647,0.3118,0.4583,0.3298
2023,2023-09-08,604,0.2647,0.3129,0.4583,0.3304
2023,2023-09-08,605,0.266,0.314,0.4592,0.3313
2023,2023-09-08,606,0.2655,0.3135,0.4584,0.3307
2023,2023-09-09,607,0.265,0.313,0.4576,0.3302
2023,2023-09-09,608,0.265,0.3141,0.4576,0.3308
2023,2023-09-09,609,0.265,0.3153,0.4576,0.3314
2023,2023-09-09,610,0.2646,0.3148,0.4568,0.3308
2023,2023-09-10,611,0.2658,0.3159,0.463,0.3336
2023,2023-09-10,612,0.2654,0.3154,0.4622,0.333
2023,2023-09-10,613,0.2649,0.3148,0.4614,0.3325
2023,2023-09-10,614,0.2662,0.316,0.4623,0.3334
2023,2023-09-10,615,0.2662,0.3171,0.4623,0.334
2023,2023-09-11,616,0.2675,0.3182,0.4633,0.3349
2023,2023-09-11,617,0.267,0.3177,0.4625,0.3344
2023,2023-09-11,618,0.2683,0.3188,0.4652,0.3358
2023,2023-09-11,619,0.2678,0.3183,0.4643,0.3353
2023,2023-09-11,620,0.2674,0.3177,0.4635,0.3348
2023,2023-09-11,621,0.2669,0.3172,0.4627,0.3342
2023,2023-09-11,622,0.2664,0.3167,0.4619,0.3337
2023,2023-09-11,623,0.2677,0.3178,0.468,0.3364
2023,2023-09-11,624,0.2672,0.3173,0.4672,0.3358
2023,2023-09-12,625,0.2668,0.3168,0.4664,0.3353
2023,2023-09-12,626,0.268,0.3179,0.4674,0.3362
2023,2023-09-12,627,0.2676,0.3174,0.4666,0.3356
2023,2023-09-12,628,0.2688,0.3185,0.4675,0.3365
2023,2023-09-12,629,0.2701,0.3196,0.4735,0.3392
2023,2023-09-13,630,0.2696,0.319,0.4727,0.3386
2023,2023-09-13,631,0.2692,0.3185,0.4719,0.3381
2023,2023-09-13,632,0.2687,0.318,0.4711,0.3375
2023,2023-09-13,633,0.2683,0.3175,0.4703,0.337
2023,2023-09-15,634,0.2695,0.3186,0.4712,0.3379
2023,2023-09-15,635,0.269,0.3181,0.4704,0.3373
2023,2023-09-15,636,0.2686,0.3176,0.4696,0.3368
2023,2023-09-15,637,0.2681,0.3171,0.4688,0.3363
2023,2023-09-16,638,0.2694,0.3182,0.4714,0.3377
2023,2023-09-16,639,0.2689,0.3177,0.4706,0.3372
2023,2023-09-16,640,0.2685,0.3172,0.4698,0.3366
2023,2023-09-16,641,0.268,0.3167,0.469,0.3361
2023,2023-09-17,642,0.2692,0.3178,0.4699,0.337
2023,2023-09-17,643,0.2688,0.3173,0.4691,0.3365
2023,2023-09-17,644,0.2683,0.3168,0.4683,0.3359
2023,2023-09-17,645,0.2696,0.3178,0.4692,0.3368
2023,2023-09-17,646,0.2691,0.3173,0.4684,0.3363
2023,2023-09-18,647,0.2703,0.3184,0.4693,0.3371
2023,2023-09-18,648,0.2699,0.3179,0.4685,0.3366
2023,2023-09-18,649,0.2711,0.319,0.4694,0.3374
2023,2023-09-18,650,0.2706,0.3185,0.4686,0.3369
2023,2023-09-18,651,0.2702,0.318,0.4679,0.3364
2023,2023-09-19,652,0.2702,0.319,0.4679,0.337
2023,2023-09-19,653,0.2697,0.3185,0.4671,0.3365
2023,2023-09-19,654,0.2693,0.318,0.4663,0.336
2023,2023-09-19,655,0.2689,0.3176,0.4656,0.3354
2023,2023-09-20,656,0.2689,0.3186,0.4656,0.336
2023,2023-09-20,657,0.2684,0.3181,0.4648,0.3355
2023,2023-09-20,658,0.268,0.3176,0.4641,0.335
2023,2023-09-20,659,0.2675,0.3171,0.4633,0.3345
2023,2023-09-20,660,0.2671,0.3167,0.4625,0.334
2023,2023-09-21,661,0.2671,0.3177,0.4625,0.3345
2023,2023-09-21,662,0.2667,0.3172,0.4618,0.334
2023,2023-09-21,663,0.2667,0.3183,0.4618,0.3345
2023,2023-09-21,664,0.2662,0.3178,0.461,0.334
2023,2023-09-22,665,0.2662,0.3188,0.461,0.3346
2023,2023-09-22,666,0.2658,0.3183,0.4603,0.3341
2023,2023-09-22,667,0.2654,0.3178,0.4595,0.3336
2023,2023-09-22,668,0.2649,0.3174,0.4588,0.3331
2023,2023-09-22,669,0.2645,0.3169,0.4581,0.3326
2023,2023-09-23,670,0.2641,0.3164,0.4573,0.3321
2023,2023-09-23,671,0.2637,0.3159,0.4566,0.3316
2023,2023-09-23,672,0.2632,0.3155,0.4559,0.3311
2023,2023-09-23,673,0.2628,0.315,0.4551,0.3306
2023,2023-09-24,674,0.2624,0.3145,0.4544,0.3301
2023,2023-09-24,675,0.262,0.3141,0.4537,0.3296
2023,2023-09-24,676,0.2632,0.3151,0.4561,0.331
2023,2023-09-24,677,0.2627,0.3146,0.4554,0.3305
2023,2023-09-26,678,0.2623,0.3142,0.4547,0.33
2023,2023-09-26,679,0.2619,0.3137,0.454,0.3295
2023,2023-09-26,680,0.2631,0.3147,0.4548,0.3303
2023,2023-09-26,681,0.2627,0.3142,0.4541,0.3298
2023,2023-09-28,682,0.2638,0.3152,0.4566,0.3312
2023,2023-09-28,683,0.2634,0.3148,0.4558,0.3307
2023,2023-09-28,684,0.2646,0.3158,0.4567,0.3315
2023,2023-09-28,685,0.2657,0.3168,0.4591,0.3328
2023,2023-09-30,686,0.2669,0.3178,0.46,0.3336
2023,2023-09-30,687,0.2665,0.3173,0.4592,0.3332
2023,2023-09-30,688,0.266,0.3169,0.4585,0.3327
2023,2023-09-30,689,0.266,0.3179,0.4585,0.3332
2024,2024-03-29,1,0.0,0.0,0.0,0.0
2024,2024-03-29,2,0.0,0.0,0.0,0.0
2024,2024-03-29,3,0.0,0.0,0.0,0.0
2024,2024-03-29,4,0.0,0.0,0.0,0.0
2024,2024-03-30,5,0.0,0.0,0.0,0.0
2024,2024-03-30,6,0.0,0.0,0.0,0.0
2024,2024-03-30,7,0.1429,0.1429,0.1429,0.126
2024,2024-03-30,8,0.1429,0.25,0.1429,0.1964
2024,2024-03-31,9,0.125,0.2222,0.125,0.1746
2024,2024-03-31,10,0.1111,0.2,0.1111,0.1571
2024,2024-03-31,11,0.1,0.1818,0.1,0.1428
2024,2024-03-31,12,0.1818,0.25,0.1818,0.2044
2024,2024-04-01,13,0.1818,0.3077,0.1818,0.2417
2024,2024-04-01,14,0.1667,0.2857,0.1667,0.2244
2024,2024-04-01,15,0.1538,0.2667,0.1538,0.2095
2024,2024-04-01,16,0.2143,0.3125,0.2143,0.2515
2024,2024-04-01,17,0.2667,0.3529,0.2667,0.2886
2024,2024-04-02,18,0.25,0.3333,0.25,0.2726
2024,2024-04-02,19,0.2353,0.3158,0.2353,0.2582
2024,2024-04-02,20,0.2778,0.35,0.2778,0.2894
2024,2024-04-02,21,0.2778,0.381,0.2778,0.3084
2024,2024-04-02,22,0.2632,0.3636,0.2632,0.2944
2024,2024-04-03,23,0.25,0.3478,0.25,0.2816
2024,2024-04-03,24,0.2381,0.3333,0.2381,0.2699
2024,2024-04-03,25,0.2273,0.32,0.2273,0.2591
2024,2024-04-03,26,0.2174,0.3077,0.2174,0.2491
2024,2024-04-05,27,0.2083,0.2963,0.2083,0.2399
2024,2024-04-05,28,0.2,0.2857,0.2,0.2313
2024,2024-04-05,29,0.1923,0.2759,0.1923,0.2233
2024,2024-04-05,30,0.2222,0.3,0.2593,0.2577
2024,2024-04-05,31,0.2143,0.2903,0.25,0.2494
2024,2024-04-06,32,0.2069,0.2812,0.2414,0.2416
2024,2024-04-06,33,0.2333,0.303,0.3,0.2723
2024,2024-04-06,34,0.2258,0.2941,0.2903,0.2643
2024,2024-04-06,35,0.25,0.3143,0.3125,0.2819
2024,2024-04-07,36,0.2424,0.3056,0.303,0.2741
2024,2024-04-07,37,0.2353,0.2973,0.2941,0.2667
2024,2024-04-07,38,0.2286,0.2895,0.2857,0.2597
2024,2024-04-07,39,0.2222,0.2821,0.2778,0.253
2024,2024-04-07,40,0.2162,0.275,0.2703,0.2467
2024,2024-04-08,41,0.2105,0.2683,0.2632,0.2407
2024,2024-04-08,42,0.2308,0.2857,0.2821,0.2559
2024,2024-04-08,43,0.25,0.3023,0.3,0.2705
2024,2024-04-08,44,0.2683,0.3182,0.3171,0.2844
2024,2024-04-08,45,0.2619,0.3111,0.3095,0.2781
2024,2024-04-09,46,0.2558,0.3043,0.3023,0.272
2024,2024-04-09,47,0.2727,0.3191,0.3182,0.285
2024,2024-04-09,48,0.2727,0.3333,0.3182,0.2934
2024,2024-04-09,49,0.2889,0.3469,0.3333,0.3054
2024,2024-04-10,50,0.2826,0.34,0.3261,0.2993
2024,2024-04-10,51,0.2826,0.3529,0.3261,0.307
2024,2024-04-10,52,0.2826,0.3654,0.3261,0.3143
2024,2024-04-10,53,0.2766,0.3585,0.3191,0.3084
2024,2024-04-10,54,0.2708,0.3519,0.3125,0.3027
2024,2024-04-11,55,0.2857,0.3636,0.3265,0.3132
2024,2024-04-11,56,0.28,0.3571,0.32,0.3076
2024,2024-04-11,57,0.2745,0.3509,0.3137,0.3022
2024,2024-04-11,58,0.2692,0.3448,0.3077,0.297
2024,2024-04-12,59,0.2642,0.339,0.3019,0.292
2024,2024-04-12,60,0.2593,0.3333,0.2963,0.2871
2024,2024-04-12,61,0.2545,0.3279,0.2909,0.2824
2024,2024-04-12,62,0.2679,0.3387,0.3036,0.2921
2024,2024-04-13,63,0.2807,0.3492,0.3333,0.3073
2024,2024-04-13,64,0.2759,0.3438,0.3276,0.3025
2024,2024-04-13,65,0.2712,0.3385,0.322,0.2979
2024,2024-04-13,66,0.2667,0.3333,0.3167,0.2934
2024,2024-04-13,67,0.2667,0.3433,0.3167,0.2993
2024,2024-04-14,68,0.2787,0.3529,0.3279,0.3078
2024,2024-04-14,69,0.2903,0.3623,0.3871,0.3331
2024,2024-04-14,70,0.3016,0.3714,0.3968,0.3409
2024,2024-04-14,71,0.2969,0.3662,0.3906,0.3361
2024,2024-04-15,72,0.2923,0.3611,0.3846,0.3315
2024,2024-04-15,73,0.303,0.3699,0.4091,0.3441
2024,2024-04-15,74,0.2985,0.3649,0.403,0.3394
2024,2024-04-15,75,0.2941,0.36,0.3971,0.3349
2024,2024-04-16,76,0.3043,0.3684,0.4058,0.3421
2024,2024-04-16,77,0.3,0.3636,0.4,0.3377
2024,2024-04-16,78,0.3099,0.3718,0.4225,0.3494
2024,2024-04-16,79,0.3056,0.3671,0.4167,0.345
2024,2024-04-17,80,0.3151,0.375,0.4658,0.3663
2024,2024-04-17,81,0.3243,0.3827,0.473,0.3727
2024,2024-04-17,82,0.3333,0.3902,0.4933,0.3834
2024,2024-04-17,83,0.3289,0.3855,0.4868,0.3788
2024,2024-04-17,84,0.3247,0.381,0.4805,0.3743
2024,2024-04-19,85,0.3333,0.3882,0.4872,0.3803
2024,2024-04-19,86,0.3418,0.3953,0.5063,0.3904
2024,2024-04-19,87,0.35,0.4023,0.5125,0.3961
2024,2024-04-19,88,0.3457,0.3977,0.5062,0.3916
2024,2024-04-20,89,0.3415,0.3933,0.5,0.3872
2024,2024-04-20,90,0.3373,0.3889,0.494,0.3829
2024,2024-04-20,91,0.3333,0.3846,0.4881,0.3787
2024,2024-04-20,92,0.3412,0.3913,0.4941,0.3841
2024,2024-04-20,93,0.3488,0.3978,0.5116,0.3935
2024,2024-04-21,94,0.3488,0.4043,0.5116,0.3966
2024,2024-04-21,95,0.3448,0.4,0.5057,0.3925
2024,2024-04-21,96,0.3523,0.4062,0.5114,0.3976
2024,2024-04-21,97,0.3483,0.4021,0.5056,0.3935
2024,2024-04-21,98,0.3444,0.398,0.5,0.3894
2024,2024-04-22,99,0.3407,0.3939,0.4945,0.3855
2024,2024-04-22,100,0.337,0.39,0.4891,0.3817
2024,2024-04-22,101,0.3333,0.3861,0.4839,0.3779
2024,2024-04-22,102,0.3298,0.3824,0.4787,0.3742
2024,2024-04-22,103,0.3368,0.3883,0.4842,0.3791
2024,2024-04-23,104,0.3333,0.3846,0.4792,0.3755
2024,2024-04-23,105,0.3299,0.381,0.4742,0.3719
2024,2024-04-23,106,0.3265,0.3774,0.4694,0.3684
2024,2024-04-23,107,0.3232,0.3738,0.4646,0.3649
2024,2024-04-24,108,0.3232,0.3796,0.4646,0.3682
2024,2024-04-24,109,0.32,0.3761,0.46,0.3648
2024,2024-04-24,110,0.3168,0.3727,0.4554,0.3615
2024,2024-04-24,111,0.3235,0.3784,0.4608,0.3662
2024,2024-04-24,112,0.3204,0.375,0.4563,0.3629
2024,2024-04-25,113,0.3269,0.3805,0.4615,0.3675
2024,2024-04-25,114,0.3333,0.386,0.4762,0.3753
2024,2024-04-25,115,0.3396,0.3913,0.4811,0.3797
2024,2024-04-25,116,0.3364,0.3879,0.4766,0.3764
2024,2024-04-25,117,0.3333,0.3846,0.4722,0.3732
2024,2024-04-26,118,0.3303,0.3814,0.4679,0.3701
2024,2024-04-26,119,0.3273,0.3782,0.4636,0.367
2024,2024-04-26,120,0.3333,0.3833,0.4685,0.3712
2024,2024-04-26,121,0.3333,0.3884,0.4685,0.3739
2024,2024-04-26,122,0.3304,0.3852,0.4643,0.3708
2024,2024-04-27,123,0.3363,0.3902,0.469,0.375
2024,2024-04-27,124,0.3333,0.3871,0.4649,0.3719
2024,2024-04-27,125,0.3391,0.392,0.4696,0.376
2024,2024-04-27,126,0.3448,0.3968,0.4828,0.383
2024,2024-04-27,127,0.3419,0.3937,0.4786,0.38
2024,2024-04-28,128,0.339,0.3906,0.4746,0.377
2024,2024-04-28,129,0.3361,0.3876,0.4706,0.3741
2024,2024-04-28,130,0.3333,0.3846,0.4667,0.3712
2024,2024-04-28,131,0.3306,0.3817,0.4628,0.3684
2024,2024-04-28,132,0.3361,0.3864,0.4672,0.3723
2024,2024-04-29,133,0.3361,0.391,0.4672,0.3749
2024,2024-04-29,134,0.3333,0.3881,0.4634,0.3721
2024,2024-04-29,135,0.3387,0.3926,0.4677,0.3759
2024,2024-04-29,136,0.336,0.3897,0.464,0.3731
2024,2024-04-29,137,0.3413,0.3942,0.4683,0.3768
2024,2024-04-30,138,0.3386,0.3913,0.4646,0.3741
2024,2024-04-30,139,0.3359,0.3885,0.4609,0.3714
2024,2024-04-30,140,0.3333,0.3857,0.4574,0.3687
2024,2024-04-30,141,0.3385,0.3901,0.4615,0.3724
2024,2024-04-30,142,0.3435,0.3944,0.4656,0.376
2024,2024-05-01,143,0.3409,0.3916,0.4621,0.3733
2024,2024-05-01,144,0.3383,0.3889,0.4586,0.3707
2024,2024-05-01,145,0.3358,0.3862,0.4552,0.3682
2024,2024-05-01,146,0.3333,0.3836,0.4519,0.3657
2024,2024-05-03,147,0.3382,0.3878,0.4559,0.3692
2024,2024-05-03,148,0.3358,0.3851,0.4526,0.3667
2024,2024-05-03,149,0.3406,0.3893,0.4565,0.3701
2024,2024-06-17,150,0.3381,0.3867,0.4532,0.3677
2024,2024-06-17,151,0.3357,0.3841,0.45,0.3652
2024,2024-06-17,152,0.3404,0.3882,0.4539,0.3686
2024,2024-06-17,153,0.3451,0.3922,0.4577,0.372
2024,2024-06-17,154,0.3427,0.3896,0.4545,0.3696
2024,2024-06-18,155,0.3403,0.3871,0.4514,0.3672
2024,2024-06-18,156,0.3448,0.391,0.4552,0.3705
2024,2024-06-18,157,0.3425,0.3885,0.4521,0.3681
2024,2024-06-18,158,0.3401,0.3861,0.449,0.3658
2024,2024-06-18,159,0.3378,0.3836,0.4459,0.3635
2024,2024-06-21,160,0.3356,0.3812,0.443,0.3612
2024,2024-06-21,161,0.34,0.3851,0.4667,0.3717
2024,2024-06-21,162,0.3377,0.3827,0.4636,0.3694
2024,2024-06-21,163,0.3421,0.3865,0.4671,0.3726
2024,2024-06-22,164,0.3464,0.3902,0.4706,0.3757
2024,2024-06-22,165,0.3442,0.3879,0.4675,0.3734
2024,2024-06-22,166,0.3419,0.3855,0.4645,0.3712
2024,2024-06-22,167,0.3419,0.3892,0.4645,0.3731
2024,2024-06-22,168,0.3397,0.3869,0.4615,0.3708
2024,2024-06-23,169,0.3376,0.3846,0.4586,0.3686
2024,2024-06-23,170,0.3418,0.3882,0.462,0.3717
2024,2024-06-23,171,0.3396,0.386,0.4591,0.3695
2024,2024-06-23,172,0.3375,0.3837,0.4562,0.3673
2024,2024-06-23,173,0.3354,0.3815,0.4534,0.3652
2024,2024-06-24,174,0.3395,0.3851,0.463,0.3703
2024,2024-06-24,175,0.3374,0.3829,0.4601,0.3682
2024,2024-06-24,176,0.3354,0.3807,0.4573,0.3661
2024,2024-06-24,177,0.3333,0.3785,0.4545,0.364
2024,2024-06-24,178,0.3333,0.382,0.4545,0.3659
2024,2024-06-24,179,0.3313,0.3799,0.4518,0.3638
2024,2024-06-25,180,0.3293,0.3778,0.4491,0.3618
2024,2024-06-25,181,0.3293,0.3812,0.4491,0.3638
2024,2024-06-25,182,0.3274,0.3791,0.4464,0.3618
2024,2024-06-25,183,0.3254,0.377,0.4438,0.3598
2024,2024-06-26,184,0.3294,0.3804,0.4471,0.3626
2024,2024-06-26,185,0.3275,0.3784,0.4444,0.3607
2024,2024-06-26,186,0.3256,0.3763,0.4419,0.3587
2024,2024-06-26,187,0.3237,0.3743,0.4393,0.3568
2024,2024-06-26,188,0.3276,0.3777,0.4425,0.3596
2024,2024-06-27,189,0.3276,0.381,0.4425,0.3614
2024,2024-06-27,190,0.3257,0.3789,0.44,0.3595
2024,2024-06-27,191,0.3295,0.3822,0.4489,0.3641
2024,2024-06-27,192,0.3333,0.3854,0.4576,0.3688
2024,2024-06-27,193,0.3315,0.3834,0.4551,0.3669
2024,2024-06-28,194,0.3296,0.3814,0.4525,0.365
2024,2024-06-28,195,0.3333,0.3846,0.4611,0.3695
2024,2024-06-28,196,0.3315,0.3827,0.4586,0.3677
2024,2024-06-28,197,0.3297,0.3807,0.456,0.3658
2024,2024-06-28,198,0.3279,0.3788,0.4536,0.3639
2024,2024-06-29,199,0.3261,0.3769,0.4511,0.3621
2024,2024-06-29,200,0.3243,0.375,0.4486,0.3603
2024,2024-06-29,201,0.3226,0.3731,0.4462,0.3585
2024,2024-06-29,202,0.3209,0.3713,0.4439,0.3567
2024,2024-06-30,203,0.3245,0.3744,0.4468,0.3593
2024,2024-06-30,204,0.328,0.3775,0.4497,0.3619
2024,2024-06-30,205,0.3263,0.3756,0.4474,0.3601
2024,2024-06-30,206,0.3246,0.3738,0.445,0.3584
2024,2024-06-30,207,0.3281,0.3768,0.4479,0.3609
2024,2024-07-02,208,0.3264,0.375,0.4456,0.3592
2024,2024-07-02,209,0.3299,0.378,0.4639,0.3673
2024,2024-07-02,210,0.3333,0.381,0.4821,0.3753
2024,2024-07-02,211,0.3367,0.3839,0.4847,0.3777
2024,2024-07-02,212,0.335,0.3821,0.4822,0.3759
2024,2024-07-03,213,0.3333,0.3803,0.4798,0.3741
2024,2024-07-03,214,0.3317,0.3785,0.4774,0.3724
2024,2024-07-03,215,0.335,0.3814,0.48,0.3747
2024,2024-07-03,216,0.3383,0.3843,0.4826,0.3771
2024,2024-07-04,217,0.3416,0.3871,0.4851,0.3794
2024,2024-07-04,218,0.3399,0.3853,0.4828,0.3777
2024,2024-07-04,219,0.3382,0.3836,0.4804,0.376
2024,2024-07-04,220,0.3366,0.3818,0.478,0.3742
2024,2024-07-05,221,0.335,0.3801,0.4757,0.3726
2024,2024-07-05,222,0.3333,0.3784,0.4734,0.3709
2024,2024-07-05,223,0.3365,0.3812,0.4904,0.3784
2024,2024-07-05,224,0.3397,0.3839,0.5072,0.3859
2024,2024-07-05,225,0.3381,0.3822,0.5048,0.3842
2024,2024-07-06,226,0.3365,0.3805,0.5024,0.3825
2024,2024-07-06,227,0.3396,0.3833,0.5047,0.3847
2024,2024-07-06,228,0.338,0.3816,0.5023,0.383
2024,2024-07-06,229,0.3364,0.3799,0.5,0.3813
2024,2024-07-07,230,0.3349,0.3783,0.4977,0.3796
2024,2024-07-07,231,0.3333,0.3766,0.4954,0.378
2024,2024-07-07,232,0.3318,0.375,0.4931,0.3764
2024,2024-07-07,233,0.3318,0.3777,0.4931,0.3778
2024,2024-07-09,234,0.3349,0.3803,0.4954,0.38
2024,2024-07-09,235,0.3379,0.383,0.4977,0.3821
2024,2024-07-09,236,0.3409,0.3856,0.5136,0.3892
2024,2024-07-09,237,0.3394,0.384,0.5113,0.3876
2024,2024-07-10,238,0.3378,0.3824,0.509,0.3859
2024,2024-07-10,239,0.3408,0.3849,0.5112,0.388
2024,2024-07-10,240,0.3438,0.3875,0.5134,0.3901
2024,2024-07-10,241,0.3422,0.3859,0.5111,0.3884
2024,2024-07-11,242,0.3451,0.3884,0.5265,0.3953
2024,2024-07-11,243,0.348,0.3909,0.5286,0.3973
2024,2024-07-11,244,0.3465,0.3893,0.5263,0.3957
2024,2024-07-11,245,0.345,0.3878,0.524,0.3941
2024,2024-07-11,246,0.345,0.3902,0.524,0.3953
2024,2024-07-12,247,0.3435,0.3887,0.5217,0.3937
2024,2024-07-12,248,0.342,0.3871,0.5195,0.3921
2024,2024-07-12,249,0.3405,0.3855,0.5172,0.3905
2024,2024-07-12,250,0.3391,0.384,0.515,0.3889
2024,2024-07-13,251,0.3376,0.3825,0.5128,0.3874
2024,2024-07-13,252,0.3362,0.381,0.5106,0.3859
2024,2024-07-13,253,0.339,0.3834,0.5254,0.3924
2024,2024-07-13,254,0.3376,0.3819,0.5232,0.3909
2024,2024-07-13,255,0.3403,0.3843,0.5252,0.3928
2024,2024-07-14,256,0.3431,0.3867,0.5397,0.3993
2024,2024-07-14,257,0.3431,0.3891,0.5397,0.4005
2024,2024-07-14,258,0.3458,0.3915,0.5417,0.4024
2024,2024-07-19,259,0.3458,0.3938,0.5417,0.4035
2024,2024-07-19,260,0.3444,0.3923,0.5394,0.402
2024,2024-07-19,261,0.3471,0.3946,0.5537,0.4083
2024,2024-07-19,262,0.3457,0.3931,0.5514,0.4067
2024,2024-07-19,263,0.3443,0.3916,0.5492,0.4052
2024,2024-07-20,264,0.3429,0.3902,0.5469,0.4036
2024,2024-07-20,265,0.3415,0.3887,0.5447,0.4021
2024,2024-07-20,266,0.3401,0.3872,0.5425,0.4006
2024,2024-07-20,267,0.3387,0.3858,0.5403,0.3991
2024,2024-07-21,268,0.3373,0.3843,0.5382,0.3976
2024,2024-07-21,269,0.336,0.3829,0.536,0.3961
2024,2024-07-21,270,0.3347,0.3815,0.5339,0.3947
2024,2024-07-21,271,0.3373,0.3838,0.5357,0.3965
2024,2024-07-21,272,0.336,0.3824,0.5336,0.395
2024,2024-07-22,273,0.3386,0.3846,0.5354,0.3968
2024,2024-07-22,274,0.3373,0.3832,0.5333,0.3953
2024,2024-07-22,275,0.3373,0.3855,0.5333,0.3964
2024,2024-07-22,276,0.3359,0.3841,0.5312,0.395
2024,2024-07-23,277,0.3346,0.3827,0.5292,0.3935
2024,2024-07-23,278,0.3333,0.3813,0.5271,0.3921
2024,2024-07-23,279,0.3359,0.3835,0.529,0.3939
2024,2024-07-23,280,0.3346,0.3821,0.5269,0.3925
2024,2024-07-24,281,0.3372,0.3843,0.5287,0.3942
2024,2024-07-24,282,0.3359,0.383,0.5267,0.3928
2024,2024-07-24,283,0.3384,0.3852,0.5399,0.3987
2024,2024-07-24,284,0.3371,0.3838,0.5379,0.3973
2024,2024-07-24,285,0.3358,0.3825,0.5358,0.3959
2024,2024-07-26,286,0.3346,0.3811,0.5338,0.3945
2024,2024-07-26,287,0.3333,0.3798,0.5318,0.3931
2024,2024-07-26,288,0.3321,0.3785,0.5299,0.3918
2024,2024-07-26,289,0.3309,0.3772,0.5279,0.3904
2024,2024-07-27,290,0.3296,0.3759,0.5259,0.3891
2024,2024-07-27,291,0.3321,0.378,0.5277,0.3907
2024,2024-07-27,292,0.3309,0.3767,0.5257,0.3894
2024,2024-07-27,293,0.3309,0.3788,0.5257,0.3904
2024,2024-07-27,294,0.3297,0.3776,0.5238,0.3891
2024,2024-07-28,295,0.3285,0.3763,0.5219,0.3878
2024,2024-07-28,296,0.3273,0.375,0.52,0.3865
2024,2024-07-28,297,0.3261,0.3737,0.5181,0.3852
2024,2024-07-28,298,0.3249,0.3725,0.5162,0.3839
2024,2024-07-28,299,0.3237,0.3712,0.5144,0.3826
2024,2024-07-29,300,0.3226,0.37,0.5125,0.3813
2024,2024-07-29,301,0.3214,0.3688,0.5107,0.3801
2024,2024-07-29,302,0.3214,0.3709,0.5107,0.3811
2024,2024-07-29,303,0.3203,0.3696,0.5089,0.3798
2024,2024-07-29,304,0.3191,0.3684,0.5071,0.3786
2024,2024-07-30,305,0.318,0.3672,0.5053,0.3773
2024,2024-07-30,306,0.3169,0.366,0.5035,0.3761
2024,2024-07-30,307,0.3158,0.3648,0.5018,0.3749
2024,2024-07-30,308,0.3147,0.3636,0.5,0.3737
2024,2024-07-30,309,0.3171,0.3657,0.5017,0.3753
2024,2024-07-30,310,0.316,0.3645,0.5,0.3741
2024,2024-08-02,311,0.3149,0.3633,0.4983,0.3729
2024,2024-08-02,312,0.3138,0.3622,0.4966,0.3717
2024,2024-08-02,313,0.3127,0.361,0.4948,0.3705
2024,2024-08-03,314,0.3151,0.3631,0.5,0.3733
2024,2024-08-03,315,0.314,0.3619,0.4983,0.3721
2024,2024-08-03,316,0.3163,0.3639,0.5,0.3737
2024,2024-08-03,317,0.3153,0.3628,0.4983,0.3726
2024,2024-08-03,318,0.3142,0.3616,0.4966,0.3714
2024,2024-08-04,319,0.3131,0.3605,0.4949,0.3702
2024,2024-08-04,320,0.3121,0.3594,0.4933,0.3691
2024,2024-08-04,321,0.311,0.3583,0.4916,0.3679
2024,2024-08-04,322,0.311,0.3602,0.4916,0.3689
2024,2024-08-04,323,0.31,0.3591,0.49,0.3678
2024,2024-08-05,324,0.309,0.358,0.4884,0.3666
2024,2024-08-05,325,0.3079,0.3569,0.4868,0.3655
2024,2024-08-05,326,0.3069,0.3558,0.4851,0.3644
2024,2024-08-05,327,0.3059,0.3547,0.4836,0.3633
2024,2024-08-06,328,0.3049,0.3537,0.482,0.3622
2024,2024-08-06,329,0.3072,0.3556,0.4837,0.3638
2024,2024-08-06,330,0.3062,0.3545,0.4821,0.3626
2024,2024-08-06,331,0.3052,0.3535,0.4805,0.3616
2024,2024-08-06,332,0.3042,0.3524,0.479,0.3605
2024,2024-08-07,333,0.3065,0.3544,0.4806,0.362
2024,2024-08-07,334,0.3055,0.3533,0.4791,0.3609
2024,2024-08-07,335,0.3045,0.3522,0.4776,0.3599
2024,2024-08-07,336,0.3035,0.3512,0.476,0.3588
2024,2024-08-07,337,0.3057,0.3531,0.4777,0.3604
2024,2024-08-08,338,0.3048,0.3521,0.4762,0.3593
2024,2024-08-08,339,0.3038,0.351,0.4747,0.3582
2024,2024-08-08,340,0.3028,0.35,0.4732,0.3572
2024,2024-08-08,341,0.305,0.3519,0.4748,0.3587
2024,2024-08-08,342,0.3041,0.3509,0.4734,0.3577
2024,2024-08-09,343,0.3031,0.3499,0.4719,0.3566
2024,2024-08-09,344,0.3022,0.3488,0.4704,0.3556
2024,2024-08-09,345,0.3012,0.3478,0.4689,0.3546
2024,2024-08-09,346,0.3003,0.3468,0.4675,0.3535
2024,2024-08-10,347,0.2994,0.3458,0.466,0.3525
2024,2024-08-10,348,0.2985,0.3448,0.4646,0.3515
2024,2024-08-10,349,0.3006,0.3467,0.4693,0.3541
2024,2024-08-10,350,0.2997,0.3457,0.4679,0.3531
2024,2024-08-11,351,0.3018,0.3476,0.4695,0.3546
2024,2024-08-11,352,0.3009,0.3466,0.4681,0.3536
2024,2024-08-11,353,0.3,0.3456,0.4667,0.3526
2024,2024-08-11,354,0.2991,0.3446,0.4653,0.3516
2024,2024-08-13,355,0.2982,0.3437,0.4639,0.3506
2024,2024-08-13,356,0.2973,0.3427,0.4625,0.3496
2024,2024-08-13,357,0.2964,0.3417,0.4611,0.3486
2024,2024-08-13,358,0.2955,0.3408,0.4597,0.3476
2024,2024-08-15,359,0.2976,0.3426,0.4613,0.3491
2024,2024-08-15,360,0.2967,0.3417,0.4599,0.3482
2024,2024-08-15,361,0.2988,0.3435,0.4645,0.3507
2024,2024-08-15,362,0.2979,0.3425,0.4631,0.3497
2024,2024-08-15,363,0.3,0.3444,0.4647,0.3512
2024,2024-08-16,364,0.3021,0.3462,0.4663,0.3526
2024,2024-08-16,365,0.3041,0.3479,0.4678,0.3541
2024,2024-08-16,366,0.3061,0.3497,0.4723,0.3565
2024,2024-08-16,367,0.3052,0.3488,0.4709,0.3556
2024,2024-08-16,368,0.3072,0.3505,0.4725,0.357
2024,2024-08-17,369,0.3064,0.3496,0.4711,0.356
2024,2024-08-17,370,0.3064,0.3514,0.4711,0.3569
2024,2024-08-17,371,0.3084,0.3531,0.4755,0.3593
2024,2024-08-17,372,0.3075,0.3522,0.4741,0.3584
2024,2024-08-18,373,0.3095,0.3539,0.4756,0.3598
2024,2024-08-18,374,0.3114,0.3556,0.4857,0.3643
2024,2024-08-18,375,0.3105,0.3547,0.4843,0.3633
2024,2024-08-18,376,0.3097,0.3537,0.483,0.3624
2024,2024-08-20,377,0.3088,0.3528,0.4816,0.3614
2024,2024-08-20,378,0.3079,0.3519,0.4802,0.3604
2024,2024-08-20,379,0.307,0.3509,0.4789,0.3595
2024,2024-08-20,380,0.3062,0.35,0.4775,0.3586
2024,2024-08-21,381,0.3053,0.3491,0.4762,0.3576
2024,2024-08-21,382,0.3045,0.3482,0.4749,0.3567
2024,2024-08-21,383,0.3045,0.3473,0.4749,0.3557
2024,2024-08-21,384,0.3036,0.3464,0.4735,0.3548
2024,2024-08-22,385,0.3028,0.3455,0.4722,0.3539
2024,2024-08-22,386,0.3019,0.3446,0.4709,0.353
2024,2024-08-22,387,0.3011,0.3437,0.4696,0.3521
2024,2024-08-22,388,0.3003,0.3428,0.4683,0.3512
2024,2024-08-23,389,0.2995,0.3419,0.467,0.3503
2024,2024-08-23,390,0.2986,0.341,0.4658,0.3494
2024,2024-08-23,391,0.2978,0.3402,0.4645,0.3485
2024,2024-08-23,392,0.297,0.3393,0.4632,0.3476
2024,2024-08-23,393,0.2962,0.3384,0.462,0.3467
2024,2024-08-24,394,0.2954,0.3376,0.4607,0.3458
2024,2024-08-24,395,0.2973,0.3392,0.4622,0.3472
2024,2024-08-24,396,0.2992,0.3409,0.4636,0.3485
2024,2024-08-24,397,0.2984,0.3401,0.4624,0.3476
2024,2024-08-24,398,0.3003,0.3417,0.4638,0.349
2024,2024-08-25,399,0.3021,0.3434,0.4652,0.3503
2024,2024-08-25,400,0.3013,0.3425,0.464,0.3494
2024,2024-08-25,401,0.3005,0.3416,0.4628,0.3486
2024,2024-08-25,402,0.2997,0.3408,0.4615,0.3477
2024,2024-08-25,403,0.2989,0.34,0.4603,0.3468
2024,2024-08-26,404,0.2982,0.3391,0.4591,0.346
2024,2024-08-26,405,0.3,0.3407,0.4605,0.3473
2024,2024-08-26,406,0.2992,0.3399,0.4593,0.3465
2024,2024-08-26,407,0.301,0.3415,0.4634,0.3487
2024,2024-08-26,408,0.301,0.3431,0.4634,0.3495
2024,2024-08-27,409,0.301,0.3447,0.4634,0.3503
2024,2024-08-27,410,0.3029,0.3463,0.4648,0.3516
2024,2024-08-27,411,0.3021,0.3455,0.4635,0.3508
2024,2024-08-27,412,0.3039,0.3471,0.4649,0.3521
2024,2024-08-28,413,0.3031,0.3462,0.4637,0.3512
2024,2024-08-28,414,0.3023,0.3454,0.4625,0.3504
2024,2024-08-28,415,0.3015,0.3446,0.4613,0.3495
2024,2024-08-28,416,0.3033,0.3462,0.4627,0.3508
2024,2024-08-29,417,0.3026,0.3453,0.4615,0.35
2024,2024-08-29,418,0.3018,0.3445,0.4604,0.3491
2024,2024-08-29,419,0.301,0.3437,0.4592,0.3483
2024,2024-08-29,420,0.301,0.3452,0.4592,0.3491
2024,2024-08-30,421,0.3003,0.3444,0.458,0.3483
2024,2024-08-30,422,0.2995,0.3436,0.4569,0.3475
2024,2024-08-30,423,0.2987,0.3428,0.4557,0.3466
2024,2024-08-30,424,0.298,0.342,0.4545,0.3458
2024,2024-08-31,425,0.2972,0.3412,0.4534,0.345
2024,2024-08-31,426,0.2965,0.3404,0.4523,0.3442
2024,2024-08-31,427,0.2982,0.3419,0.4612,0.3482
2024,2024-08-31,428,0.2975,0.3411,0.46,0.3474
2024,2024-09-01,429,0.2968,0.3403,0.4589,0.3466
2024,2024-09-01,430,0.296,0.3395,0.4577,0.3458
2024,2024-09-01,431,0.2978,0.3411,0.4591,0.347
2024,2024-09-01,432,0.297,0.3403,0.4579,0.3462
2024,2024-09-01,433,0.297,0.3418,0.4579,0.347
2024,2024-09-03,434,0.2988,0.3433,0.4617,0.3491
2024,2024-09-03,435,0.298,0.3425,0.4606,0.3483
2024,2024-09-03,436,0.2998,0.344,0.4619,0.3495
2024,2024-09-03,437,0.3015,0.3455,0.4632,0.3507
2024,2024-09-03,438,0.3007,0.3447,0.4621,0.3499
2024,2024-09-03,439,0.3,0.344,0.461,0.3491
2024,2024-09-04,440,0.2993,0.3432,0.4599,0.3483
2024,2024-09-04,441,0.2985,0.3424,0.4587,0.3475
2024,2024-09-04,442,0.2978,0.3416,0.4576,0.3468
2024,2024-09-04,443,0.2978,0.3431,0.4576,0.3475
2024,2024-09-05,444,0.2978,0.3446,0.4576,0.3483
2024,2024-09-05,445,0.2971,0.3438,0.4565,0.3475
2024,2024-09-05,446,0.2964,0.343,0.4554,0.3467
2024,2024-09-05,447,0.2957,0.3423,0.4543,0.346
2024,2024-09-05,448,0.295,0.3415,0.4532,0.3452
2024,2024-09-06,449,0.2967,0.343,0.4545,0.3464
2024,2024-09-06,450,0.2983,0.3444,0.463,0.3502
2024,2024-09-06,451,0.2976,0.3437,0.4619,0.3494
2024,2024-09-06,452,0.2993,0.3451,0.4656,0.3514
2024,2024-09-06,453,0.2993,0.3466,0.4656,0.3521
2024,2024-09-06,454,0.2986,0.3458,0.4645,0.3514
2024,2024-09-07,455,0.2979,0.3451,0.4634,0.3506
2024,2024-09-07,456,0.2972,0.3443,0.4623,0.3498
2024,2024-09-07,457,0.2965,0.3435,0.4612,0.3491
2024,2024-09-07,458,0.2958,0.3428,0.4601,0.3483
2024,2024-09-08,459,0.2951,0.342,0.459,0.3475
2024,2024-09-08,460,0.2944,0.3413,0.4579,0.3468
2024,2024-09-09,461,0.2937,0.3406,0.4569,0.346
2024,2024-09-09,462,0.293,0.3398,0.4558,0.3453
2024,2024-09-09,463,0.2947,0.3413,0.4571,0.3464
2024,2024-09-09,464,0.294,0.3405,0.456,0.3457
2024,2024-09-10,465,0.2933,0.3398,0.455,0.3449
2024,2024-09-10,466,0.2949,0.3412,0.4631,0.3486
2024,2024-09-10,467,0.2943,0.3405,0.4621,0.3479
2024,2024-09-10,468,0.2959,0.3419,0.4633,0.349
2024,2024-09-10,469,0.2975,0.3433,0.4714,0.3526
2024,2024-09-11,470,0.2991,0.3447,0.4726,0.3538
2024,2024-09-11,471,0.2984,0.3439,0.4715,0.353
2024,2024-09-11,472,0.2977,0.3432,0.4705,0.3523
2024,2024-09-11,473,0.2971,0.3425,0.4694,0.3515
2024,2024-09-13,474,0.2964,0.3418,0.4683,0.3508
2024,2024-09-13,475,0.2957,0.3411,0.4673,0.35
2024,2024-09-13,476,0.295,0.3403,0.4662,0.3493
2024,2024-09-14,477,0.2944,0.3396,0.4652,0.3486
2024,2024-09-14,478,0.2937,0.3389,0.4641,0.3478
2024,2024-09-14,479,0.2937,0.3403,0.4641,0.3485
2024,2024-09-14,480,0.2931,0.3396,0.4631,0.3478
2024,2024-09-15,481,0.2924,0.3389,0.4621,0.3471
2024,2024-09-15,482,0.2918,0.3382,0.461,0.3464
2024,2024-09-15,483,0.2933,0.3395,0.4644,0.3483
2024,2024-09-15,484,0.2927,0.3388,0.4634,0.3475
2024,2024-09-16,485,0.292,0.3381,0.4624,0.3468
2024,2024-09-16,486,0.2936,0.3395,0.4636,0.3479
2024,2024-09-16,487,0.2952,0.3409,0.4648,0.349
2024,2024-09-16,488,0.2945,0.3402,0.4637,0.3483
2024,2024-09-17,489,0.2939,0.3395,0.4627,0.3476
2024,2024-09-17,490,0.2954,0.3408,0.4639,0.3487
2024,2024-09-17,491,0.2948,0.3401,0.4629,0.348
2024,2024-09-17,492,0.2963,0.3415,0.4641,0.3491
2024,2024-09-17,493,0.2978,0.3428,0.4652,0.3501
2024,2024-09-18,494,0.2972,0.3421,0.4642,0.3494
2024,2024-09-18,495,0.2965,0.3414,0.4632,0.3487
2024,2024-09-18,496,0.2981,0.3427,0.4644,0.3498
2024,2024-09-18,497,0.2974,0.3421,0.4634,0.3491
2024,2024-09-19,498,0.2968,0.3414,0.4624,0.3484
2024,2024-09-19,499,0.2983,0.3427,0.47,0.3518
2024,2024-09-19,500,0.2976,0.342,0.469,0.3511
2024,2024-09-19,501,0.297,0.3413,0.4679,0.3504
2024,2024-09-19,502,0.2964,0.3406,0.467,0.3497
2024,2024-09-20,503,0.2957,0.34,0.466,0.349
2024,2024-09-20,504,0.2951,0.3393,0.465,0.3483
2024,2024-09-20,505,0.2966,0.3406,0.4661,0.3494
2024,2024-09-20,506,0.2981,0.3419,0.4672,0.3504
2024,2024-09-20,507,0.2975,0.3412,0.4662,0.3497
2024,2024-09-20,508,0.2975,0.3425,0.4662,0.3505
2024,2024-09-21,509,0.2968,0.3418,0.4653,0.3498
2024,2024-09-21,510,0.2962,0.3412,0.4643,0.3491
2024,2024-09-21,511,0.2956,0.3405,0.4633,0.3484
2024,2024-09-21,512,0.295,0.3398,0.4623,0.3477
2024,2024-09-22,513,0.2965,0.3411,0.4635,0.3488
2024,2024-09-22,514,0.2958,0.3405,0.4625,0.3481
2024,2024-09-22,515,0.2952,0.3398,0.4615,0.3474
2024,2024-09-22,516,0.2967,0.3411,0.4627,0.3484
2024,2024-09-23,517,0.2961,0.3404,0.4617,0.3478
2024,2024-09-23,518,0.2975,0.3417,0.4649,0.3495
2024,2024-09-23,519,0.2969,0.341,0.4639,0.3488
2024,2024-09-23,520,0.2963,0.3404,0.463,0.3482
2024,2024-09-23,521,0.2957,0.3397,0.462,0.3475
2024,2024-09-24,522,0.2951,0.3391,0.4611,0.3468
2024,2024-09-24,523,0.2945,0.3384,0.4601,0.3462
2024,2024-09-24,524,0.2939,0.3378,0.4592,0.3455
2024,2024-09-24,525,0.2933,0.3371,0.4582,0.3449
2024,2024-09-25,526,0.2947,0.3384,0.4654,0.3481
2024,2024-09-25,527,0.2941,0.3378,0.4645,0.3474
2024,2024-09-25,528,0.2935,0.3371,0.4636,0.3468
2024,2024-09-25,529,0.2929,0.3365,0.4626,0.3461
2024,2024-09-25,530,0.2944,0.3377,0.4657,0.3478
2024,2024-09-27,531,0.2938,0.3371,0.4648,0.3472
2024,2024-09-27,532,0.2932,0.3365,0.4639,0.3465
2024,2024-09-27,533,0.2926,0.3358,0.4629,0.3459
2024,2024-09-28,534,0.292,0.3352,0.462,0.3452
2024,2024-09-28,535,0.2914,0.3346,0.4611,0.3446
2024,2024-09-28,536,0.2908,0.334,0.4602,0.3439
2024,2024-09-28,537,0.2922,0.3352,0.4672,0.3471
2024,2024-09-29,538,0.2937,0.3364,0.4683,0.3481
2024,2024-09-29,539,0.2931,0.3358,0.4673,0.3475
2024,2024-09-29,540,0.2925,0.3352,0.4664,0.3468
2024,2024-09-29,541,0.2939,0.3364,0.4675,0.3478
2025,2025-03-27,1,0.0,0.0,0.0,0.0
2025,2025-03-27,2,0.0,0.0,0.0,0.0
2025,2025-03-27,3,0.0,0.0,0.0,0.0
2025,2025-03-27,4,0.0,0.25,0.0,0.1727
2025,2025-03-27,5,0.0,0.2,0.0,0.1382
2025,2025-03-31,6,0.0,0.3333,0.0,0.2303
2025,2025-04-02,7,0.0,0.2857,0.0,0.1974
2025,2025-04-02,8,0.1667,0.375,0.1667,0.283
2025,2025-04-02,9,0.2857,0.4444,0.2857,0.3496
2025,2025-04-02,10,0.375,0.5,0.375,0.4028
2025,2025-04-02,11,0.3333,0.4545,0.3333,0.3662
2025,2025-04-03,12,0.4,0.5,0.4,0.4092
2025,2025-04-03,13,0.3636,0.4615,0.3636,0.3777
2025,2025-04-03,14,0.3333,0.4286,0.3333,0.3507
2025,2025-04-03,15,0.3077,0.4,0.3077,0.3273
2025,2025-04-04,16,0.3571,0.4375,0.4286,0.3851
2025,2025-04-04,17,0.3333,0.4118,0.4,0.3625
2025,2025-04-04,18,0.3333,0.4444,0.4,0.3807
2025,2025-04-04,19,0.3125,0.4211,0.375,0.3607
2025,2025-04-05,20,0.3529,0.45,0.4118,0.3868
2025,2025-04-05,21,0.3333,0.4286,0.3889,0.3683
2025,2025-04-05,22,0.3158,0.4091,0.3684,0.3516
2025,2025-04-05,23,0.3,0.3913,0.35,0.3363
2025,2025-04-06,24,0.3,0.4167,0.35,0.3511
2025,2025-04-06,25,0.3,0.44,0.35,0.3647
2025,2025-04-06,26,0.2857,0.4231,0.3333,0.3507
2025,2025-04-06,27,0.2727,0.4074,0.3182,0.3377
2025,2025-04-06,28,0.2609,0.3929,0.3043,0.3256
2025,2025-04-08,29,0.25,0.3793,0.2917,0.3144
2025,2025-04-08,30,0.28,0.4,0.32,0.3333
2025,2025-04-08,31,0.2692,0.3871,0.3077,0.3225
2025,2025-04-08,32,0.2593,0.375,0.2963,0.3125
2025,2025-04-08,33,0.25,0.3636,0.2857,0.303
2025,2025-04-09,34,0.2414,0.3529,0.2759,0.2941
2025,2025-04-09,35,0.2414,0.3714,0.2759,0.3054
2025,2025-04-09,36,0.2333,0.3611,0.2667,0.2969
2025,2025-04-09,37,0.2581,0.3784,0.2903,0.3128
2025,2025-04-09,38,0.2812,0.3947,0.4062,0.3581
2025,2025-04-10,39,0.2727,0.3846,0.3939,0.3489
2025,2025-04-10,40,0.2647,0.375,0.3824,0.3402
2025,2025-04-10,41,0.2857,0.3902,0.4286,0.3625
2025,2025-04-10,42,0.2778,0.381,0.4167,0.3538
2025,2025-04-10,43,0.2703,0.3721,0.4054,0.3456
2025,2025-04-11,44,0.2632,0.3636,0.3947,0.3378
2025,2025-04-11,45,0.2564,0.3556,0.3846,0.3302
2025,2025-04-11,46,0.25,0.3478,0.375,0.3231
2025,2025-04-11,47,0.2683,0.3617,0.3902,0.335
2025,2025-04-12,48,0.2619,0.3542,0.381,0.328
2025,2025-04-12,49,0.2558,0.3469,0.3721,0.3213
2025,2025-04-12,50,0.25,0.34,0.3636,0.3149
2025,2025-04-12,51,0.2667,0.3529,0.3778,0.326
2025,2025-04-12,52,0.2609,0.3462,0.3696,0.3197
2025,2025-04-13,53,0.2553,0.3396,0.3617,0.3137
2025,2025-04-13,54,0.25,0.3333,0.3542,0.3079
2025,2025-04-13,55,0.2449,0.3273,0.3469,0.3023
2025,2025-04-13,56,0.24,0.3214,0.34,0.2969
2025,2025-04-14,57,0.2549,0.3333,0.3725,0.3136
2025,2025-04-14,58,0.25,0.3276,0.3654,0.3082
2025,2025-04-14,59,0.2453,0.322,0.3585,0.303
2025,2025-04-14,60,0.2407,0.3167,0.3519,0.298
2025,2025-04-14,61,0.2364,0.3115,0.3455,0.2931
2025,2025-04-15,62,0.2321,0.3065,0.3393,0.2883
2025,2025-04-15,63,0.2321,0.3175,0.3393,0.2947
2025,2025-04-15,64,0.2281,0.3125,0.3333,0.2901
2025,2025-04-15,65,0.2241,0.3077,0.3276,0.2857
2025,2025-04-16,66,0.2373,0.3182,0.339,0.2947
2025,2025-04-16,67,0.2333,0.3134,0.3333,0.2903
2025,2025-04-16,68,0.2295,0.3088,0.3279,0.286
2025,2025-04-16,69,0.2258,0.3043,0.3226,0.2819
2025,2025-04-16,70,0.2222,0.3,0.3175,0.2779
2025,2025-04-17,71,0.2344,0.3099,0.3281,0.2864
2025,2025-04-17,72,0.2344,0.3194,0.3281,0.2924
2025,2025-04-17,73,0.2308,0.3151,0.3231,0.2884
2025,2025-04-17,74,0.2273,0.3108,0.3182,0.2845
2025,2025-04-18,75,0.2273,0.32,0.3182,0.2899
2025,2025-04-18,76,0.2239,0.3158,0.3134,0.2861
2025,2025-04-18,77,0.2206,0.3117,0.3088,0.2824
2025,2025-04-18,78,0.2174,0.3077,0.3043,0.2788
2025,2025-04-19,79,0.2143,0.3038,0.3,0.2753
2025,2025-04-19,80,0.2254,0.3125,0.3099,0.2828
2025,2025-04-19,81,0.2361,0.321,0.3333,0.2948
2025,2025-04-19,82,0.2466,0.3293,0.3425,0.302
2025,2025-04-19,83,0.2568,0.3373,0.3514,0.309
2025,2025-04-20,84,0.2667,0.3452,0.36,0.3158
2025,2025-04-20,85,0.2632,0.3412,0.3553,0.3121
2025,2025-04-20,86,0.2597,0.3372,0.3506,0.3084
2025,2025-04-20,87,0.2597,0.3448,0.3506,0.3132
2025,2025-04-20,88,0.2692,0.3523,0.359,0.3196
2025,2025-04-20,89,0.2692,0.3596,0.359,0.3238
2025,2025-04-21,90,0.2692,0.3667,0.359,0.3279
2025,2025-04-21,91,0.2692,0.3736,0.359,0.3319
2025,2025-04-21,92,0.2658,0.3696,0.3544,0.3283
2025,2025-04-21,93,0.2625,0.3656,0.35,0.3248
2025,2025-04-21,94,0.2593,0.3617,0.3457,0.3213
2025,2025-04-22,95,0.2561,0.3579,0.3415,0.3179
2025,2025-04-22,96,0.253,0.3542,0.3373,0.3146
2025,2025-04-22,97,0.25,0.3505,0.3333,0.3114
2025,2025-04-22,98,0.2471,0.3469,0.3294,0.3082
2025,2025-04-23,99,0.2442,0.3434,0.3256,0.3051
2025,2025-04-23,100,0.2414,0.34,0.3218,0.302
2025,2025-04-23,101,0.25,0.3465,0.3295,0.3078
2025,2025-04-23,102,0.2472,0.3431,0.3258,0.3047
2025,2025-04-23,103,0.2444,0.3398,0.3222,0.3018
2025,2025-04-25,104,0.2418,0.3365,0.3187,0.2989
2025,2025-04-25,105,0.25,0.3429,0.3261,0.3044
2025,2025-04-25,106,0.2473,0.3396,0.3226,0.3016
2025,2025-04-25,107,0.2447,0.3364,0.3191,0.2987
2025,2025-04-26,108,0.2421,0.3333,0.3158,0.296
2025,2025-04-26,109,0.2396,0.3303,0.3125,0.2933
2025,2025-04-26,110,0.2371,0.3273,0.3093,0.2906
2025,2025-04-26,111,0.2449,0.3333,0.3163,0.2959
2025,2025-04-26,112,0.2424,0.3304,0.3131,0.2933
2025,2025-04-27,113,0.25,0.3363,0.32,0.2985
2025,2025-04-27,114,0.2574,0.3421,0.3267,0.3036
2025,2025-04-27,115,0.2549,0.3391,0.3235,0.301
2025,2025-04-27,116,0.2524,0.3362,0.3204,0.2984
2025,2025-04-27,117,0.2596,0.3419,0.3269,0.3034
2025,2025-04-29,118,0.2667,0.3475,0.3333,0.3083
2025,2025-04-29,119,0.2736,0.3529,0.3396,0.3131
2025,2025-04-29,120,0.2804,0.3583,0.3458,0.3178
2025,2025-04-29,121,0.287,0.3636,0.3611,0.3256
2025,2025-04-29,122,0.2844,0.3607,0.3578,0.3229
2025,2025-04-30,123,0.2844,0.3659,0.3578,0.3259
2025,2025-04-30,124,0.2818,0.3629,0.3545,0.3232
2025,2025-04-30,125,0.2793,0.36,0.3514,0.3207
2025,2025-04-30,126,0.2768,0.3571,0.3482,0.3181
2025,2025-05-01,127,0.2832,0.3622,0.354,0.3226
2025,2025-05-01,128,0.2807,0.3594,0.3509,0.32
2025,2025-05-01,129,0.287,0.3643,0.3565,0.3244
2025,2025-05-01,130,0.2931,0.3692,0.3621,0.3287
2025,2025-05-02,131,0.2991,0.374,0.3675,0.3329
2025,2025-05-02,132,0.2966,0.3712,0.3644,0.3304
2025,2025-05-02,133,0.2941,0.3684,0.3613,0.3279
2025,2025-05-02,134,0.2941,0.3731,0.3613,0.3306
2025,2025-05-03,135,0.3,0.3778,0.3667,0.3347
2025,2025-05-03,136,0.2975,0.375,0.3636,0.3322
2025,2025-05-03,137,0.3033,0.3796,0.377,0.3389
2025,2025-05-03,138,0.3008,0.3768,0.374,0.3365
2025,2025-05-03,139,0.2984,0.3741,0.371,0.3341
2025,2025-05-04,140,0.296,0.3714,0.368,0.3317
2025,2025-05-04,141,0.2937,0.3688,0.3651,0.3293
2025,2025-05-04,142,0.2913,0.3662,0.3622,0.327
2025,2025-05-04,143,0.2891,0.3636,0.3594,0.3247
2025,2025-05-04,144,0.2868,0.3611,0.3566,0.3225
2025,2025-05-04,145,0.2923,0.3655,0.3615,0.3263
2025,2025-05-06,146,0.2901,0.363,0.3588,0.3241
2025,2025-05-06,147,0.2955,0.3673,0.3636,0.3279
2025,2025-05-06,148,0.2932,0.3649,0.3609,0.3257
2025,2025-05-06,149,0.2985,0.3691,0.3657,0.3294
2025,2025-05-06,150,0.2963,0.3667,0.363,0.3272
2025,2025-05-07,151,0.2941,0.3642,0.3603,0.325
2025,2025-05-07,152,0.2993,0.3684,0.3869,0.3363
2025,2025-05-07,153,0.3043,0.3725,0.3913,0.3399
2025,2025-05-07,154,0.3022,0.3701,0.3885,0.3377
2025,2025-05-08,155,0.3,0.3677,0.3857,0.3355
2025,2025-05-08,156,0.2979,0.3654,0.383,0.3333
2025,2025-05-08,157,0.2958,0.3631,0.3803,0.3312
2025,2025-05-08,158,0.3007,0.3671,0.3916,0.337
2025,2025-05-08,159,0.3056,0.3711,0.3958,0.3405
2025,2025-05-09,160,0.3103,0.375,0.4,0.3439
2025,2025-05-09,161,0.3082,0.3727,0.3973,0.3417
2025,2025-05-09,162,0.3129,0.3765,0.4014,0.3451
2025,2025-05-09,163,0.3108,0.3742,0.3986,0.3429
2025,2025-05-10,164,0.3087,0.372,0.396,0.3408
2025,2025-05-10,165,0.3133,0.3758,0.4,0.3441
2025,2025-05-10,166,0.3113,0.3735,0.3974,0.3421
2025,2025-05-10,167,0.3158,0.3772,0.4013,0.3453
2025,2025-05-10,168,0.3137,0.375,0.3987,0.3432
2025,2025-05-11,169,0.3117,0.3728,0.3961,0.3412
2025,2025-05-11,170,0.3097,0.3706,0.3935,0.3392
2025,2025-05-11,171,0.3077,0.3684,0.391,0.3372
2025,2025-05-11,172,0.3057,0.3663,0.3885,0.3352
2025,2025-05-12,173,0.3038,0.3642,0.3861,0.3333
2025,2025-05-12,174,0.3082,0.3678,0.3899,0.3365
2025,2025-05-12,175,0.3062,0.3657,0.3875,0.3345
2025,2025-05-12,176,0.3043,0.3636,0.3851,0.3326
2025,2025-05-12,177,0.3025,0.3616,0.3827,0.3308
2025,2025-05-14,178,0.3006,0.3596,0.3804,0.3289
2025,2025-05-14,179,0.2988,0.3575,0.378,0.3271
2025,2025-05-14,180,0.2988,0.3611,0.378,0.3291
2025,2025-05-14,181,0.297,0.3591,0.3758,0.3273
2025,2025-05-14,182,0.3012,0.3626,0.3795,0.3303
2025,2025-05-14,183,0.2994,0.3607,0.3772,0.3285
2025,2025-05-14,184,0.2976,0.3587,0.375,0.3267
2025,2025-05-14,185,0.2959,0.3568,0.3728,0.325
2025,2025-05-16,186,0.2941,0.3548,0.3706,0.3232
2025,2025-05-16,187,0.2924,0.3529,0.3684,0.3215
2025,2025-05-16,188,0.2907,0.3511,0.3663,0.3198
2025,2025-05-16,189,0.2948,0.3545,0.3699,0.3228
2025,2025-05-16,190,0.2989,0.3579,0.3851,0.3294
2025,2025-05-17,191,0.3029,0.3613,0.3886,0.3323
2025,2025-05-17,192,0.3011,0.3594,0.3864,0.3306
2025,2025-05-17,193,0.2994,0.3575,0.3842,0.3288
2025,2025-05-17,194,0.2978,0.3557,0.382,0.3271
2025,2025-05-17,195,0.2961,0.3538,0.3799,0.3255
2025,2025-05-18,196,0.2944,0.352,0.3778,0.3238
2025,2025-05-18,197,0.2928,0.3503,0.3757,0.3222
2025,2025-05-18,198,0.2912,0.3485,0.3736,0.3205
2025,2025-05-19,199,0.2896,0.3467,0.3716,0.3189
2025,2025-05-19,200,0.2935,0.35,0.375,0.3217
2025,2025-05-19,201,0.2973,0.3532,0.3892,0.328
2025,2025-05-19,202,0.2957,0.3515,0.3871,0.3264
2025,2025-05-19,203,0.2995,0.3547,0.3957,0.331
2025,2025-05-20,204,0.3032,0.3578,0.4043,0.3355
2025,2025-05-20,205,0.3069,0.361,0.4074,0.3381
2025,2025-05-20,206,0.3053,0.3592,0.4053,0.3365
2025,2025-05-20,207,0.3037,0.3575,0.4031,0.3349
2025,2025-05-20,208,0.3021,0.3558,0.401,0.3333
2025,2025-05-21,209,0.3057,0.3589,0.4041,0.3359
2025,2025-05-21,210,0.3093,0.3619,0.4227,0.344
2025,2025-05-21,211,0.3077,0.3602,0.4205,0.3424
2025,2025-05-21,212,0.3061,0.3585,0.4184,0.3407
2025,2025-05-21,213,0.3046,0.3568,0.4162,0.3391
2025,2025-05-22,214,0.303,0.3551,0.4141,0.3376
2025,2025-05-22,215,0.3015,0.3535,0.4121,0.336
2025,2025-05-22,216,0.3015,0.3565,0.4121,0.3376
2025,2025-05-22,217,0.3,0.3548,0.41,0.3361
2025,2025-05-23,218,0.3035,0.3578,0.4279,0.3439
2025,2025-05-23,219,0.302,0.3562,0.4257,0.3423
2025,2025-05-23,220,0.3005,0.3545,0.4236,0.3408
2025,2025-05-23,221,0.3039,0.3575,0.4265,0.3432
2025,2025-05-23,222,0.3073,0.3604,0.4293,0.3456
2025,2025-05-24,223,0.3073,0.3632,0.4293,0.3472
2025,2025-05-24,224,0.3058,0.3616,0.4272,0.3456
2025,2025-05-24,225,0.3043,0.36,0.4251,0.3441
2025,2025-05-24,226,0.3029,0.3584,0.4231,0.3426
2025,2025-05-24,227,0.3014,0.3568,0.4211,0.3411
2025,2025-05-24,228,0.3014,0.3596,0.4211,0.3426
2025,2025-05-25,229,0.3,0.3581,0.419,0.3411
2025,2025-05-25,230,0.3033,0.3609,0.4218,0.3434
2025,2025-05-25,231,0.3033,0.3593,0.4218,0.342
2025,2025-05-25,232,0.3066,0.3621,0.4387,0.3493
2025,2025-05-27,233,0.3052,0.3605,0.4366,0.3478
2025,2025-05-27,234,0.3037,0.359,0.4346,0.3463
2025,2025-05-27,235,0.3037,0.3617,0.4346,0.3477
2025,2025-05-27,236,0.3023,0.3602,0.4326,0.3463
2025,2025-05-29,237,0.3009,0.3586,0.4306,0.3448
2025,2025-05-29,238,0.2995,0.3571,0.4286,0.3434
2025,2025-05-29,239,0.2995,0.3598,0.4286,0.3449
2025,2025-05-29,240,0.2982,0.3583,0.4266,0.3435
2025,2025-05-29,241,0.3014,0.361,0.4292,0.3457
2025,2025-05-29,242,0.3,0.3595,0.4273,0.3443
2025,2025-05-29,243,0.2986,0.358,0.4253,0.3429
2025,2025-05-29,244,0.3018,0.3607,0.4279,0.3451
2025,2025-05-29,245,0.3004,0.3592,0.426,0.3437
2025,2025-05-29,246,0.2991,0.3577,0.4241,0.3423
2025,2025-05-30,247,0.2978,0.3563,0.4222,0.3409
2025,2025-05-30,248,0.3009,0.3589,0.4248,0.3431
2025,2025-05-30,249,0.2996,0.3574,0.4229,0.3417
2025,2025-05-30,250,0.2982,0.356,0.4211,0.3404
2025,2025-05-31,251,0.3013,0.3586,0.4236,0.3425
2025,2025-05-31,252,0.3,0.3571,0.4217,0.3412
2025,2025-05-31,253,0.2987,0.3557,0.4199,0.3398
2025,2025-05-31,254,0.2974,0.3543,0.4181,0.3385
2025,2025-06-01,255,0.2974,0.3569,0.4181,0.3399
2025,2025-06-01,256,0.2961,0.3555,0.4163,0.3385
2025,2025-06-01,257,0.2949,0.3541,0.4145,0.3372
2025,2025-06-01,258,0.2979,0.3566,0.4213,0.3408
2025,2025-06-01,259,0.2966,0.3552,0.4195,0.3394
2025,2025-06-03,260,0.2996,0.3577,0.4346,0.346
2025,2025-06-03,261,0.2983,0.3563,0.4328,0.3446
2025,2025-06-03,262,0.2971,0.355,0.431,0.3433
2025,2025-06-03,263,0.3,0.3574,0.4333,0.3454
2025,2025-06-03,264,0.3029,0.3598,0.4481,0.3518
2025,2025-06-04,265,0.3017,0.3585,0.4463,0.3505
2025,2025-06-04,266,0.3004,0.3571,0.4444,0.3491
2025,2025-06-04,267,0.2992,0.3558,0.4426,0.3478
2025,2025-06-04,268,0.298,0.3545,0.4408,0.3465
2025,2025-06-05,269,0.2967,0.3532,0.439,0.3452
2025,2025-06-05,270,0.2955,0.3519,0.4372,0.344
2025,2025-06-05,271,0.2984,0.3542,0.4435,0.3473
2025,2025-06-05,272,0.2972,0.3529,0.4418,0.346
2025,2025-06-06,273,0.3,0.3553,0.444,0.348
2025,2025-06-06,274,0.3028,0.3577,0.4502,0.3513
2025,2025-06-06,275,0.3056,0.36,0.4524,0.3532
2025,2025-06-06,276,0.3043,0.3587,0.4506,0.3519
2025,2025-06-06,277,0.3031,0.3574,0.4488,0.3507
2025,2025-06-07,278,0.302,0.3561,0.4471,0.3494
2025,2025-06-07,279,0.3008,0.3548,0.4453,0.3482
2025,2025-06-07,280,0.2996,0.3536,0.4436,0.3469
2025,2025-06-07,281,0.2984,0.3523,0.4419,0.3457
2025,2025-06-08,282,0.2973,0.3511,0.4402,0.3445
2025,2025-06-08,283,0.2962,0.3498,0.4385,0.3432
2025,2025-06-08,284,0.295,0.3486,0.4368,0.342
2025,2025-06-08,285,0.2977,0.3509,0.4427,0.3452
2025,2025-06-09,286,0.2966,0.3497,0.4411,0.344
2025,2025-06-09,287,0.2992,0.3519,0.4432,0.3459
2025,2025-06-09,288,0.2981,0.3507,0.4415,0.3447
2025,2025-06-09,289,0.2981,0.3529,0.4415,0.346
2025,2025-06-09,290,0.297,0.3517,0.4398,0.3448
2025,2025-06-10,291,0.2959,0.3505,0.4382,0.3436
2025,2025-06-10,292,0.2948,0.3493,0.4366,0.3424
2025,2025-06-10,293,0.2974,0.3515,0.4387,0.3443
2025,2025-06-10,294,0.2963,0.3503,0.437,0.3431
2025,2025-06-10,295,0.2963,0.3525,0.437,0.3443
2025,2025-06-11,296,0.2989,0.3547,0.4391,0.3461
2025,2025-06-11,297,0.2978,0.3535,0.4375,0.3449
2025,2025-06-11,298,0.3004,0.3557,0.4432,0.348
2025,2025-06-11,299,0.3004,0.3579,0.4432,0.3491
2025,2025-06-13,300,0.2993,0.3567,0.4416,0.348
2025,2025-06-13,301,0.2993,0.3588,0.4416,0.3491
2025,2025-06-13,302,0.2982,0.3576,0.44,0.348
2025,2025-06-13,303,0.2971,0.3564,0.4384,0.3468
2025,2025-06-13,304,0.2996,0.3586,0.4404,0.3486
2025,2025-06-14,305,0.2986,0.3574,0.4388,0.3474
2025,2025-06-14,306,0.2975,0.3562,0.4373,0.3463
2025,2025-06-14,307,0.2964,0.355,0.4357,0.3452
2025,2025-06-14,308,0.2964,0.3571,0.4357,0.3463
2025,2025-06-15,309,0.2989,0.3592,0.4413,0.3492
2025,2025-06-15,310,0.2979,0.3581,0.4397,0.3481
2025,2025-06-15,311,0.2968,0.3569,0.4382,0.347
2025,2025-06-15,312,0.2958,0.3558,0.4366,0.3459
2025,2025-06-15,313,0.2947,0.3546,0.4351,0.3448
2025,2025-06-15,314,0.2972,0.3567,0.4371,0.3465
2025,2025-06-16,315,0.2997,0.3587,0.4495,0.3518
2025,2025-06-16,316,0.3021,0.3608,0.4514,0.3535
2025,2025-06-16,317,0.301,0.3596,0.4498,0.3524
2025,2025-06-16,318,0.3034,0.3616,0.4517,0.3541
2025,2025-06-16,319,0.3024,0.3605,0.4502,0.3529
2025,2025-06-17,320,0.3014,0.3594,0.4486,0.3518
2025,2025-06-17,321,0.3038,0.3614,0.4608,0.3571
2025,2025-06-17,322,0.3027,0.3602,0.4592,0.356
2025,2025-06-17,323,0.3051,0.3622,0.461,0.3576
2025,2025-06-18,324,0.3041,0.3611,0.4595,0.3565
2025,2025-06-18,325,0.303,0.36,0.4579,0.3554
2025,2025-06-18,326,0.302,0.3589,0.4564,0.3543
2025,2025-06-18,327,0.302,0.3609,0.4564,0.3554
2025,2025-06-18,328,0.301,0.3598,0.4548,0.3543
2025,2025-06-19,329,0.3,0.3587,0.4533,0.3532
2025,2025-06-19,330,0.299,0.3576,0.4518,0.3521
2025,2025-06-19,331,0.298,0.3565,0.4503,0.3511
2025,2025-06-19,332,0.297,0.3554,0.4488,0.35
2025,2025-06-20,333,0.2961,0.3544,0.4474,0.349
2025,2025-06-20,334,0.2951,0.3533,0.4459,0.3479
2025,2025-06-20,335,0.2941,0.3522,0.4444,0.3469
2025,2025-06-20,336,0.2964,0.3542,0.4495,0.3496
2025,2025-06-20,337,0.2987,0.3561,0.4513,0.3511
2025,2025-06-21,338,0.2977,0.355,0.4498,0.3501
2025,2025-06-21,339,0.2968,0.354,0.4484,0.3491
2025,2025-06-21,340,0.2958,0.3529,0.4469,0.348
2025,2025-06-21,341,0.2949,0.3519,0.4455,0.347
2025,2025-06-22,342,0.2939,0.3509,0.4441,0.346
2025,2025-06-22,343,0.293,0.3499,0.4427,0.345
2025,2025-06-22,344,0.2952,0.3517,0.4444,0.3466
2025,2025-06-22,345,0.2975,0.3536,0.4462,0.3481
2025,2025-06-24,346,0.2965,0.3526,0.4448,0.3471
2025,2025-06-24,347,0.2956,0.3516,0.4434,0.3461
2025,2025-06-24,348,0.2947,0.3506,0.442,0.3451
2025,2025-06-24,349,0.2969,0.3524,0.4438,0.3467
2025,2025-06-25,350,0.296,0.3514,0.4424,0.3457
2025,2025-06-25,351,0.295,0.3504,0.441,0.3447
2025,2025-06-25,352,0.2941,0.3494,0.4396,0.3437
2025,2025-06-25,353,0.2963,0.3513,0.4414,0.3452
2025,2025-06-26,354,0.2954,0.3503,0.44,0.3442
2025,2025-06-26,355,0.2945,0.3493,0.4387,0.3433
2025,2025-06-26,356,0.2936,0.3483,0.4373,0.3423
2025,2025-06-26,357,0.2927,0.3473,0.436,0.3414
2025,2025-06-27,358,0.2948,0.3492,0.4407,0.3439
2025,2025-06-27,359,0.297,0.351,0.4515,0.3486
2025,2025-06-27,360,0.2961,0.35,0.4502,0.3476
2025,2025-06-27,361,0.2982,0.3518,0.4518,0.3491
2025,2025-06-27,362,0.2973,0.3508,0.4505,0.3482
2025,2025-06-27,363,0.2994,0.3526,0.4611,0.3528
2025,2025-06-28,364,0.2985,0.3516,0.4597,0.3518
2025,2025-06-28,365,0.2976,0.3507,0.4583,0.3509
2025,2025-06-28,366,0.2967,0.3497,0.457,0.3499
2025,2025-06-28,367,0.2959,0.3488,0.4556,0.349
2025,2025-06-29,368,0.295,0.3478,0.4543,0.348
2025,2025-06-29,369,0.2941,0.3469,0.4529,0.3471
2025,2025-06-29,370,0.2941,0.3459,0.4529,0.3461
2025,2025-06-29,371,0.2933,0.345,0.4516,0.3452
2025,2025-06-30,372,0.2924,0.3441,0.4503,0.3443
2025,2025-06-30,373,0.2915,0.3432,0.449,0.3434
2025,2025-06-30,374,0.2936,0.3449,0.4506,0.3448
2025,2025-06-30,375,0.2928,0.344,0.4493,0.3439
2025,2025-07-02,376,0.2948,0.3457,0.4509,0.3453
2025,2025-07-02,377,0.2939,0.3448,0.4496,0.3444
2025,2025-07-02,378,0.2931,0.3439,0.4483,0.3435
2025,2025-07-02,379,0.2931,0.3456,0.4483,0.3444
2025,2025-07-02,380,0.2951,0.3474,0.4499,0.3458
2025,2025-07-02,381,0.2943,0.3465,0.4486,0.3449
2025,2025-07-02,382,0.2934,0.3455,0.4473,0.344
2025,2025-07-02,383,0.2955,0.3473,0.4489,0.3454
2025,2025-07-02,384,0.2946,0.3464,0.4476,0.3445
2025,2025-07-04,385,0.2966,0.3481,0.4492,0.3459
2025,2025-07-04,386,0.2958,0.3472,0.4479,0.345
2025,2025-07-04,387,0.2949,0.3463,0.4466,0.3441
2025,2025-07-04,388,0.2941,0.3454,0.4454,0.3432
2025,2025-07-04,389,0.2961,0.347,0.4469,0.3446
2025,2025-07-05,390,0.2981,0.3487,0.4513,0.3469
2025,2025-07-05,391,0.3,0.3504,0.4528,0.3483
2025,2025-07-05,392,0.2992,0.3495,0.4515,0.3474
2025,2025-07-05,393,0.2983,0.3486,0.4503,0.3465
2025,2025-07-06,394,0.3003,0.3503,0.4518,0.3479
2025,2025-07-06,395,0.2995,0.3494,0.4505,0.347
2025,2025-07-06,396,0.2986,0.3485,0.4493,0.3461
2025,2025-07-06,397,0.2978,0.3476,0.4481,0.3453
2025,2025-07-06,398,0.297,0.3467,0.4469,0.3444
2025,2025-07-07,399,0.2962,0.3459,0.4457,0.3435
2025,2025-07-07,400,0.2954,0.345,0.4444,0.3427
2025,2025-07-07,401,0.2973,0.3466,0.4459,0.344
2025,2025-07-07,402,0.2965,0.3458,0.4447,0.3432
2025,2025-07-08,403,0.2957,0.3449,0.4435,0.3423
2025,2025-07-08,404,0.2976,0.3465,0.445,0.3436
2025,2025-07-08,405,0.2968,0.3457,0.4439,0.3428
2025,2025-07-08,406,0.296,0.3448,0.4427,0.342
2025,2025-07-08,407,0.2952,0.344,0.4415,0.3411
2025,2025-07-09,408,0.2944,0.3431,0.4403,0.3403
2025,2025-07-09,409,0.2937,0.3423,0.4392,0.3394
2025,2025-07-09,410,0.2929,0.3415,0.438,0.3386
2025,2025-07-09,411,0.2921,0.3406,0.4368,0.3378
2025,2025-07-09,412,0.2913,0.3398,0.4357,0.337
2025,2025-07-11,413,0.2906,0.339,0.4346,0.3362
2025,2025-07-11,414,0.2898,0.3382,0.4334,0.3353
2025,2025-07-11,415,0.2898,0.3398,0.4334,0.3362
2025,2025-07-11,416,0.2898,0.3413,0.4334,0.3371
2025,2025-07-12,417,0.2891,0.3405,0.4323,0.3362
2025,2025-07-12,418,0.2883,0.3397,0.4312,0.3354
2025,2025-07-12,419,0.2876,0.3389,0.4301,0.3346
2025,2025-07-12,420,0.2894,0.3405,0.4341,0.3368
2025,2025-07-12,421,0.2887,0.3397,0.433,0.336
2025,2025-07-13,422,0.2879,0.3389,0.4319,0.3352
2025,2025-07-13,423,0.2872,0.3381,0.4308,0.3344
2025,2025-07-13,424,0.2872,0.3396,0.4308,0.3353
2025,2025-07-13,425,0.2864,0.3388,0.4297,0.3345
2025,2025-07-18,426,0.2857,0.338,0.4286,0.3337
2025,2025-07-18,427,0.2875,0.3396,0.43,0.335
2025,2025-07-18,428,0.2868,0.3388,0.4289,0.3342
2025,2025-07-18,429,0.2861,0.338,0.4278,0.3334
2025,2025-07-19,430,0.2861,0.3395,0.4278,0.3343
2025,2025-07-19,431,0.2854,0.3387,0.4268,0.3335
2025,2025-07-19,432,0.2872,0.3403,0.4282,0.3348
2025,2025-07-19,433,0.2872,0.3418,0.4282,0.3356
2025,2025-07-19,434,0.2864,0.341,0.4271,0.3348
2025,2025-07-20,435,0.2857,0.3402,0.4261,0.334
2025,2025-07-20,436,0.285,0.3394,0.425,0.3333
2025,2025-07-20,437,0.2868,0.341,0.4264,0.3345
2025,2025-07-20,438,0.2861,0.3402,0.4254,0.3338
2025,2025-07-21,439,0.2854,0.3394,0.4243,0.333
2025,2025-07-21,440,0.2847,0.3386,0.4233,0.3322
2025,2025-07-21,441,0.2847,0.3401,0.4233,0.3331
2025,2025-07-21,442,0.284,0.3394,0.4222,0.3323
2025,2025-07-22,443,0.2857,0.3409,0.4236,0.3335
2025,2025-07-22,444,0.285,0.3401,0.4226,0.3328
2025,2025-07-22,445,0.2868,0.3416,0.424,0.334
2025,2025-07-22,446,0.2861,0.3408,0.423,0.3333
2025,2025-07-23,447,0.2878,0.3423,0.4244,0.3345
2025,2025-07-23,448,0.2871,0.3415,0.4234,0.3338
2025,2025-07-23,449,0.2864,0.3408,0.4223,0.333
2025,2025-07-23,450,0.2881,0.3422,0.4262,0.3351
2025,2025-07-23,451,0.2874,0.3415,0.4251,0.3343
2025,2025-07-25,452,0.2867,0.3407,0.4241,0.3336
2025,2025-07-25,453,0.2885,0.3422,0.4255,0.3348
2025,2025-07-25,454,0.2902,0.3436,0.4269,0.336
2025,2025-07-25,455,0.2919,0.3451,0.4282,0.3372
2025,2025-07-25,456,0.2919,0.3465,0.4282,0.338
2025,2025-07-25,457,0.2936,0.3479,0.4344,0.3407
2025,2025-07-26,458,0.2952,0.3493,0.4381,0.3427
2025,2025-07-26,459,0.2945,0.3486,0.4371,0.3419
2025,2025-07-26,460,0.2938,0.3478,0.436,0.3412
2025,2025-07-26,461,0.2955,0.3492,0.4397,0.3432
2025,2025-07-26,462,0.2948,0.3485,0.4387,0.3424
2025,2025-07-26,463,0.2941,0.3477,0.4376,0.3417
2025,2025-07-27,464,0.2934,0.347,0.4366,0.341
2025,2025-07-27,465,0.2927,0.3462,0.4356,0.3402
2025,2025-07-27,466,0.2921,0.3455,0.4346,0.3395
2025,2025-07-27,467,0.2914,0.3448,0.4336,0.3388
2025,2025-07-28,468,0.2907,0.344,0.4326,0.338
2025,2025-07-28,469,0.29,0.3433,0.4316,0.3373
2025,2025-07-28,470,0.2894,0.3426,0.4306,0.3366
2025,2025-07-28,471,0.2887,0.3418,0.4296,0.3359
2025,2025-07-29,472,0.288,0.3411,0.4286,0.3352
2025,2025-07-29,473,0.2897,0.3425,0.4322,0.3371
2025,2025-07-29,474,0.2913,0.3439,0.4335,0.3383
2025,2025-07-29,475,0.2906,0.3432,0.4325,0.3375
2025,2025-07-29,476,0.29,0.3424,0.4315,0.3368
2025,2025-07-30,477,0.2893,0.3417,0.4305,0.3361
2025,2025-07-30,478,0.2886,0.341,0.4295,0.3354
2025,2025-07-30,479,0.288,0.3403,0.4286,0.3347
2025,2025-07-30,480,0.2873,0.3396,0.4276,0.334
2025,2025-08-01,481,0.2867,0.3389,0.4266,0.3333
2025,2025-08-01,482,0.286,0.3382,0.4257,0.3326
2025,2025-08-01,483,0.2854,0.3375,0.4247,0.332
2025,2025-08-01,484,0.287,0.3388,0.426,0.3331
2025,2025-08-01,485,0.2864,0.3381,0.4251,0.3324
2025,2025-08-02,486,0.2857,0.3374,0.4241,0.3317
2025,2025-08-02,487,0.2851,0.3368,0.4232,0.331
2025,2025-08-02,488,0.2844,0.3361,0.4222,0.3304
2025,2025-08-02,489,0.2838,0.3354,0.4213,0.3297
2025,2025-08-03,490,0.2832,0.3347,0.4204,0.329
2025,2025-08-03,491,0.2826,0.334,0.4194,0.3283
2025,2025-08-03,492,0.2819,0.3333,0.4185,0.3277
2025,2025-08-03,493,0.2813,0.3327,0.4176,0.327
2025,2025-08-04,494,0.2807,0.332,0.4167,0.3264
2025,2025-08-04,495,0.2801,0.3313,0.4158,0.3257
2025,2025-08-04,496,0.2795,0.3306,0.4148,0.325
2025,2025-08-04,497,0.2795,0.332,0.4148,0.3258
2025,2025-08-04,498,0.2789,0.3313,0.4139,0.3251
2025,2025-08-05,499,0.2783,0.3307,0.413,0.3245
2025,2025-08-05,500,0.2798,0.332,0.4143,0.3256
2025,2025-08-05,501,0.2792,0.3313,0.4134,0.3249
2025,2025-08-05,502,0.2786,0.3307,0.4125,0.3243
2025,2025-08-06,503,0.2786,0.332,0.4125,0.325
2025,2025-08-06,504,0.2802,0.3333,0.4181,0.3275
2025,2025-08-06,505,0.2817,0.3347,0.4194,0.3286
2025,2025-08-06,506,0.2833,0.336,0.4227,0.3304
2025,2025-08-06,507,0.2827,0.3353,0.4218,0.3298
2025,2025-08-08,508,0.2821,0.3346,0.4209,0.3291
2025,2025-08-08,509,0.2814,0.334,0.42,0.3285
2025,2025-08-08,510,0.283,0.3353,0.4234,0.3303
2025,2025-08-08,511,0.283,0.3366,0.4234,0.331
2025,2025-08-08,512,0.283,0.3379,0.4234,0.3317
2025,2025-08-08,513,0.2845,0.3392,0.431,0.335
2025,2025-08-09,514,0.2839,0.3385,0.4301,0.3344
2025,2025-08-09,515,0.2833,0.3379,0.4292,0.3337
2025,2025-08-09,516,0.2827,0.3372,0.4283,0.3331
2025,2025-08-09,517,0.2821,0.3366,0.4274,0.3324
2025,2025-08-10,518,0.2815,0.3359,0.4265,0.3318
2025,2025-08-10,519,0.2815,0.3372,0.4265,0.3325
2025,2025-08-10,520,0.2815,0.3385,0.4265,0.3332
2025,2025-08-10,521,0.2809,0.3378,0.4256,0.3325
2025,2025-08-10,522,0.2803,0.3372,0.4247,0.3319
2025,2025-08-11,523,0.2797,0.3365,0.4238,0.3313
2025,2025-08-11,524,0.2792,0.3359,0.4229,0.3306
2025,2025-08-11,525,0.2786,0.3352,0.422,0.33
2025,2025-08-11,526,0.2801,0.3365,0.4232,0.3311
2025,2025-08-12,527,0.2795,0.3359,0.4224,0.3304
2025,2025-08-12,528,0.2789,0.3352,0.4215,0.3298
2025,2025-08-12,529,0.2804,0.3365,0.4247,0.3315
2025,2025-08-12,530,0.2798,0.3358,0.4239,0.3309
2025,2025-08-13,531,0.2793,0.3352,0.423,0.3303
2025,2025-08-13,532,0.2807,0.3365,0.4242,0.3313
2025,2025-08-13,533,0.2802,0.3358,0.4233,0.3307
2025,2025-08-13,534,0.2796,0.3352,0.4224,0.3301
2025,2025-08-14,535,0.279,0.3346,0.4216,0.3295
2025,2025-08-14,536,0.2805,0.3358,0.4228,0.3305
2025,2025-08-14,537,0.2819,0.3371,0.4239,0.3315
2025,2025-08-14,538,0.2834,0.3383,0.4251,0.3326
2025,2025-08-14,539,0.2828,0.3377,0.4242,0.3319
2025,2025-08-15,540,0.2843,0.3389,0.4254,0.333
2025,2025-08-15,541,0.2837,0.3383,0.4245,0.3323
2025,2025-08-15,542,0.2851,0.3395,0.4257,0.3334
2025,2025-08-15,543,0.2846,0.3389,0.4248,0.3327
2025,2025-08-15,544,0.284,0.3382,0.424,0.3321
2025,2025-08-16,545,0.2854,0.3394,0.4271,0.3338
2025,2025-08-16,546,0.2869,0.3407,0.4283,0.3348
2025,2025-08-16,547,0.2883,0.3419,0.4294,0.3358
2025,2025-08-16,548,0.2877,0.3412,0.4286,0.3352
2025,2025-08-17,549,0.2877,0.3424,0.4286,0.3359
2025,2025-08-17,550,0.2891,0.3436,0.4297,0.3368
2025,2025-08-17,551,0.2905,0.3448,0.4308,0.3378
2025,2025-08-17,552,0.2919,0.346,0.432,0.3388
2025,2025-08-17,553,0.2919,0.3472,0.432,0.3395
2025,2025-08-17,554,0.2913,0.3466,0.4311,0.3389
2025,2025-08-18,555,0.2908,0.3459,0.4303,0.3383
2025,2025-08-18,556,0.2922,0.3471,0.4373,0.3413
2025,2025-08-18,557,0.2935,0.3483,0.4384,0.3423
2025,2025-08-18,558,0.293,0.3477,0.4375,0.3417
2025,2025-08-18,559,0.2943,0.3488,0.4405,0.3433
2025,2025-08-18,560,0.2957,0.35,0.4416,0.3443
2025,2025-08-19,561,0.2951,0.3494,0.4408,0.3437
2025,2025-08-19,562,0.2965,0.3505,0.4419,0.3446
2025,2025-08-19,563,0.2959,0.3499,0.441,0.344
2025,2025-08-19,564,0.2954,0.3493,0.4402,0.3434
2025,2025-08-20,565,0.2967,0.3504,0.4451,0.3456
2025,2025-08-20,566,0.2981,0.3516,0.4462,0.3466
2025,2025-08-20,567,0.2975,0.351,0.4453,0.346
2025,2025-08-20,568,0.2989,0.3521,0.4464,0.3469
2025,2025-08-20,569,0.3002,0.3533,0.4474,0.3478
2025,2025-08-20,570,0.3015,0.3544,0.4485,0.3488
2025,2025-08-22,571,0.301,0.3538,0.4476,0.3482
2025,2025-08-22,572,0.3004,0.3531,0.4468,0.3476
2025,2025-08-22,573,0.2998,0.3525,0.4459,0.3469
2025,2025-08-22,574,0.2992,0.3519,0.4451,0.3463
2025,2025-08-22,575,0.2987,0.3513,0.4442,0.3457
2025,2025-08-23,576,0.2981,0.3507,0.4434,0.3451
2025,2025-08-23,577,0.2976,0.3501,0.4426,0.3445
2025,2025-08-23,578,0.2989,0.3512,0.4492,0.3475
2025,2025-08-23,579,0.2989,0.3523,0.4492,0.3481
2025,2025-08-24,580,0.2983,0.3517,0.4484,0.3475
2025,2025-08-24,581,0.2996,0.3528,0.4494,0.3484
2025,2025-08-24,582,0.2991,0.3522,0.4486,0.3478
2025,2025-08-24,583,0.2985,0.3516,0.4478,0.3472
2025,2025-08-24,584,0.298,0.351,0.4469,0.3466
2025,2025-08-25,585,0.2993,0.3521,0.4517,0.3487
2025,2025-08-25,586,0.2987,0.3515,0.4508,0.3481
2025,2025-08-25,587,0.2981,0.3509,0.45,0.3475
2025,2025-08-25,588,0.2976,0.3503,0.4492,0.3469
2025,2025-08-25,589,0.297,0.3497,0.4483,0.3463
2025,2025-08-26,590,0.2965,0.3492,0.4475,0.3458
2025,2025-08-26,591,0.296,0.3486,0.4467,0.3452
2025,2025-08-26,592,0.2972,0.3497,0.4477,0.3461
2025,2025-08-26,593,0.2967,0.3491,0.4469,0.3455
2025,2025-08-26,594,0.2962,0.3485,0.4461,0.3449
2025,2025-08-27,595,0.2956,0.3479,0.4453,0.3443
2025,2025-08-27,596,0.2951,0.3473,0.4444,0.3438
2025,2025-08-27,597,0.2945,0.3467,0.4436,0.3432
2025,2025-08-27,598,0.2958,0.3478,0.4446,0.3441
2025,2025-08-28,599,0.2953,0.3472,0.4438,0.3435
2025,2025-08-28,600,0.2948,0.3467,0.443,0.3429
2025,2025-08-28,601,0.296,0.3478,0.4458,0.3444
2025,2025-08-28,602,0.2973,0.3488,0.4468,0.3453
2025,2025-08-29,603,0.2968,0.3483,0.446,0.3448
2025,2025-08-29,604,0.2962,0.3477,0.4452,0.3442
2025,2025-08-29,605,0.2957,0.3471,0.4444,0.3436
2025,2025-08-29,606,0.2952,0.3465,0.4436,0.3431
2025,2025-08-30,607,0.2952,0.3476,0.4436,0.3436
2025,2025-08-30,608,0.2964,0.3487,0.4464,0.3451
2025,2025-08-30,609,0.2977,0.3498,0.4492,0.3466
2025,2025-08-30,610,0.2972,0.3492,0.4484,0.346
2025,2025-08-30,611,0.2984,0.3502,0.4494,0.3469
2025,2025-08-31,612,0.2979,0.3497,0.4486,0.3464
2025,2025-08-31,613,0.2991,0.3507,0.4496,0.3472
2025,2025-08-31,614,0.2986,0.3502,0.4488,0.3467
2025,2025-08-31,615,0.2981,0.3496,0.448,0.3461
2025,2025-09-01,616,0.2975,0.349,0.4472,0.3455
2025,2025-09-01,617,0.297,0.3485,0.4464,0.345
2025,2025-09-01,618,0.2982,0.3495,0.4509,0.347
2025,2025-09-01,619,0.2995,0.3506,0.4518,0.3478
2025,2025-09-01,620,0.299,0.35,0.451,0.3473
2025,2025-09-03,621,0.2984,0.3494,0.4503,0.3467
2025,2025-09-03,622,0.2984,0.3505,0.4503,0.3473
2025,2025-09-03,623,0.2997,0.3515,0.4512,0.3481
2025,2025-09-03,624,0.3009,0.3526,0.4522,0.349
2025,2025-09-03,625,0.3003,0.352,0.4514,0.3484
2025,2025-09-04,626,0.2998,0.3514,0.4506,0.3479
2025,2025-09-04,627,0.2993,0.3509,0.4498,0.3473
2025,2025-09-04,628,0.2988,0.3503,0.4491,0.3468
2025,2025-09-04,629,0.3,0.3514,0.45,0.3476
2025,2025-09-04,630,0.2995,0.3508,0.4492,0.3471
2025,2025-09-05,631,0.3007,0.3518,0.4502,0.3479
2025,2025-09-05,632,0.3002,0.3513,0.4494,0.3474
2025,2025-09-05,633,0.3014,0.3523,0.4503,0.3482
2025,2025-09-05,634,0.3026,0.3533,0.4513,0.3491
2025,2025-09-05,635,0.3038,0.3543,0.4522,0.3499
2025,2025-09-07,636,0.3032,0.3538,0.4514,0.3493
2025,2025-09-07,637,0.3027,0.3532,0.4507,0.3488
2025,2025-09-07,638,0.3039,0.3542,0.4567,0.3514
2025,2025-09-07,639,0.3034,0.3537,0.4559,0.3509
2025,2025-09-28,640,0.3029,0.3531,0.4552,0.3503
2025,2025-09-28,641,0.3024,0.3526,0.4544,0.3498
2026,2026-03-26,1,1.0,1.0,1.0,0.89
2026,2026-03-26,2,0.5,0.5,0.5,0.445
2026,2026-03-26,3,0.6667,0.6667,0.6667,0.5933
2026,2026-03-26,4,0.5,0.5,0.5,0.445
2026,2026-03-28,5,0.4,0.4,0.4,0.356
2026,2026-03-28,6,0.3333,0.3333,0.3333,0.2967
2026,2026-03-28,7,0.2857,0.2857,0.2857,0.2543
2026,2026-03-28,8,0.25,0.25,0.25,0.2225
2026,2026-03-28,9,0.2222,0.2222,0.2222,0.1978
2026,2026-03-29,10,0.2,0.2,0.2,0.178
2026,2026-03-29,11,0.1818,0.1818,0.1818,0.1618
2026,2026-03-29,12,0.1818,0.25,0.1818,0.2065
2026,2026-03-29,13,0.1667,0.2308,0.1667,0.1906
2026,2026-03-29,14,0.1538,0.2143,0.1538,0.177
2026,2026-03-30,15,0.1429,0.2,0.1429,0.1652
2026,2026-03-30,16,0.1333,0.1875,0.1333,0.1549
2026,2026-03-30,17,0.1875,0.2353,0.25,0.22
2026,2026-03-30,18,0.1765,0.2222,0.2353,0.2078
2026,2026-03-30,19,0.1667,0.2105,0.2222,0.1968
2026,2026-03-31,20,0.1579,0.2,0.2105,0.187
2026,2026-03-31,21,0.15,0.1905,0.2,0.1781
2026,2026-03-31,22,0.1905,0.2273,0.2381,0.2105
2026,2026-03-31,23,0.1818,0.2174,0.2273,0.2013
2026,2026-04-01,24,0.1818,0.25,0.2273,0.222
2026,2026-04-01,25,0.1739,0.24,0.2174,0.2131
2026,2026-04-01,26,0.1667,0.2308,0.2083,0.2049
2026,2026-04-01,27,0.16,0.2222,0.2,0.1973
2026,2026-04-01,28,0.1923,0.25,0.2308,0.2221
2026,2026-04-03,29,0.2222,0.2759,0.2963,0.2579
2026,2026-04-03,30,0.25,0.3,0.3214,0.279
2026,2026-04-03,31,0.2759,0.3226,0.3448,0.2987
2026,2026-04-03,32,0.2667,0.3125,0.3333,0.2894
2026,2026-04-04,33,0.2667,0.3333,0.3333,0.3018
2026,2026-04-04,34,0.2581,0.3235,0.3226,0.2929
2026,2026-04-04,35,0.2812,0.3429,0.375,0.3206
2026,2026-04-04,36,0.2727,0.3333,0.3636,0.3117
2026,2026-04-04,37,0.2941,0.3514,0.3824,0.3273
2026,2026-04-05,38,0.2857,0.3421,0.3714,0.3187
2026,2026-04-05,39,0.2778,0.3333,0.3611,0.3105
2026,2026-04-05,40,0.2973,0.35,0.4054,0.3343
2026,2026-04-05,41,0.2895,0.3415,0.3947,0.3261
2026,2026-04-06,42,0.2821,0.3333,0.3846,0.3184
2026,2026-04-06,43,0.275,0.3256,0.375,0.311
2026,2026-04-06,44,0.2683,0.3182,0.3659,0.3039
2026,2026-04-06,45,0.2857,0.3333,0.381,0.3169
2026,2026-04-06,46,0.2791,0.3261,0.3721,0.31
2026,2026-04-07,47,0.2727,0.3191,0.3636,0.3034
2026,2026-04-07,48,0.2667,0.3125,0.3556,0.2971
2026,2026-04-07,49,0.2609,0.3061,0.3478,0.2911
2026,2026-04-07,50,0.2766,0.32,0.3617,0.303
2026,2026-04-08,51,0.2708,0.3137,0.3542,0.2971
2026,2026-04-08,52,0.2653,0.3077,0.3469,0.2914
2026,2026-04-08,53,0.26,0.3019,0.34,0.2859
2026,2026-04-08,54,0.26,0.3148,0.34,0.2935
2026,2026-04-10,55,0.2745,0.3273,0.3529,0.3044
2026,2026-04-10,56,0.2692,0.3214,0.3462,0.2989
2026,2026-04-10,57,0.2642,0.3158,0.3396,0.2937
2026,2026-04-10,58,0.2593,0.3103,0.3333,0.2886
2026,2026-04-10,59,0.2545,0.3051,0.3273,0.2837
2026,2026-04-11,60,0.25,0.3,0.3214,0.279
2026,2026-04-11,61,0.2456,0.2951,0.3158,0.2744
2026,2026-04-11,62,0.2414,0.2903,0.3103,0.27
2026,2026-04-11,63,0.2373,0.2857,0.3051,0.2657
2026,2026-04-12,64,0.2333,0.2812,0.3,0.2616
2026,2026-04-12,65,0.2295,0.2769,0.2951,0.2575
2026,2026-04-12,66,0.2419,0.2879,0.3548,0.2847
2026,2026-04-12,67,0.254,0.2985,0.3651,0.2938
2026,2026-04-13,68,0.25,0.2941,0.3594,0.2894
2026,2026-04-13,69,0.2615,0.3043,0.3692,0.2981
2026,2026-04-13,70,0.2576,0.3,0.3636,0.2939
2026,2026-04-13,71,0.2537,0.2958,0.3582,0.2897
2026,2026-04-14,72,0.25,0.2917,0.3529,0.2857
2026,2026-04-14,73,0.2464,0.2877,0.3478,0.2818
2026,2026-04-14,74,0.2429,0.2838,0.3429,0.278
2026,2026-04-14,75,0.2535,0.2933,0.3521,0.2862
2026,2026-04-15,76,0.2639,0.3026,0.4028,0.3094
2026,2026-04-15,77,0.2603,0.2987,0.3973,0.3054
2026,2026-04-15,78,0.2603,0.3077,0.3973,0.3104
2026,2026-04-17,79,0.2568,0.3038,0.3919,0.3065
2026,2026-04-17,80,0.2533,0.3,0.3867,0.3026
2026,2026-04-17,81,0.25,0.2963,0.3816,0.2989
2026,2026-04-17,82,0.25,0.3049,0.3816,0.3038
2026,2026-04-17,83,0.2597,0.3133,0.3896,0.3108
2026,2026-04-18,84,0.2692,0.3214,0.3974,0.3177
2026,2026-04-18,85,0.2658,0.3176,0.3924,0.314
2026,2026-04-18,86,0.2625,0.314,0.3875,0.3103
2026,2026-04-18,87,0.2593,0.3103,0.3827,0.3068
2026,2026-04-19,88,0.2683,0.3182,0.3902,0.3134
2026,2026-04-19,89,0.2651,0.3146,0.3855,0.3099
2026,2026-04-19,90,0.2619,0.3111,0.381,0.3064
2026,2026-04-19,91,0.2588,0.3077,0.3765,0.3031
2026,2026-04-19,92,0.2558,0.3043,0.3721,0.2998
2026,2026-04-20,93,0.2529,0.3011,0.3678,0.2966
2026,2026-04-20,94,0.2529,0.3085,0.3678,0.3008
2026,2026-04-20,95,0.25,0.3053,0.3636,0.2977
2026,2026-04-20,96,0.2472,0.3021,0.3596,0.2946
2026,2026-04-20,97,0.2444,0.299,0.3556,0.2915
2026,2026-04-21,98,0.2444,0.3061,0.3556,0.2957
2026,2026-04-21,99,0.2418,0.303,0.3516,0.2927
2026,2026-04-21,100,0.2391,0.3,0.3478,0.2898
2026,2026-04-21,101,0.2366,0.297,0.3441,0.2869
2026,2026-04-21,102,0.234,0.2941,0.3404,0.2841
2026,2026-04-22,103,0.2316,0.2913,0.3368,0.2813
2026,2026-04-22,104,0.2292,0.2885,0.3333,0.2786
2026,2026-04-22,105,0.2371,0.2952,0.3505,0.288
2026,2026-04-22,106,0.2347,0.2925,0.3469,0.2853
2026,2026-04-23,107,0.2323,0.2897,0.3434,0.2826
2026,2026-04-23,108,0.23,0.287,0.34,0.28
2026,2026-04-23,109,0.2277,0.2844,0.3366,0.2774
2026,2026-04-23,110,0.2255,0.2818,0.3333,0.2749
2026,2026-04-23,111,0.2255,0.2883,0.3333,0.2787
2026,2026-04-24,112,0.2233,0.2857,0.3301,0.2762
2026,2026-04-24,113,0.2308,0.292,0.3654,0.2919
2026,2026-04-24,114,0.2308,0.2982,0.3654,0.2955
2026,2026-04-24,115,0.2286,0.2957,0.3619,0.2929
2026,2026-04-24,116,0.2286,0.3017,0.3619,0.2964
2026,2026-04-25,117,0.2264,0.2991,0.3585,0.2939
2026,2026-04-25,118,0.2243,0.2966,0.3551,0.2914
2026,2026-04-25,119,0.2315,0.3025,0.3611,0.2964
2026,2026-04-25,120,0.2294,0.3,0.3578,0.294
2026,2026-04-25,121,0.2294,0.3058,0.3578,0.2973
2026,2026-04-26,122,0.2273,0.3033,0.3545,0.2949
2026,2026-04-26,123,0.2342,0.3089,0.3604,0.2997
2026,2026-04-26,124,0.2321,0.3065,0.3571,0.2973
2026,2026-04-26,125,0.2301,0.304,0.354,0.2949
2026,2026-04-28,126,0.2368,0.3095,0.3596,0.2996
2026,2026-04-28,127,0.2435,0.315,0.3652,0.3043
2026,2026-04-28,128,0.25,0.3203,0.3707,0.3088
2026,2026-04-28,129,0.2479,0.3178,0.3675,0.3064
2026,2026-04-28,130,0.2542,0.3231,0.3729,0.3109
2026,2026-04-30,131,0.2605,0.3282,0.4034,0.3242
2026,2026-04-30,132,0.2583,0.3258,0.4,0.3218
2026,2026-04-30,133,0.2645,0.3308,0.405,0.326
2026,2026-04-30,134,0.2623,0.3284,0.4016,0.3236
2026,2026-04-30,135,0.2602,0.3259,0.3984,0.3212
2026,2026-04-30,136,0.2581,0.3235,0.3952,0.3189
2026,2026-04-30,137,0.256,0.3212,0.392,0.3165
2026,2026-04-30,138,0.254,0.3188,0.3889,0.3142
2026,2026-04-30,139,0.252,0.3165,0.3858,0.312
2026,2026-05-02,140,0.25,0.3143,0.3828,0.3097
2026,2026-05-02,141,0.2481,0.3121,0.3798,0.3075
2026,2026-05-02,142,0.2462,0.3099,0.3769,0.3054
2026,2026-05-02,143,0.2443,0.3077,0.374,0.3032
2026,2026-05-03,144,0.25,0.3125,0.3864,0.3099
2026,2026-05-03,145,0.2481,0.3103,0.3835,0.3078
2026,2026-05-03,146,0.2463,0.3082,0.3806,0.3057
2026,2026-05-03,147,0.2444,0.3061,0.3778,0.3036
2026,2026-05-03,148,0.2426,0.3041,0.375,0.3015
2026,2026-05-04,149,0.2409,0.302,0.3723,0.2995
2026,2026-05-04,150,0.2391,0.3,0.3696,0.2975
2026,2026-05-04,151,0.2374,0.298,0.3669,0.2955
2026,2026-05-04,152,0.2357,0.2961,0.3643,0.2936
2026,2026-05-05,153,0.234,0.2941,0.3617,0.2917
2026,2026-05-05,154,0.2324,0.2922,0.3592,0.2898
2026,2026-05-05,155,0.2308,0.2903,0.3566,0.2879
2026,2026-05-05,156,0.2361,0.2949,0.3681,0.2942
2026,2026-05-05,157,0.2414,0.2994,0.3724,0.2979
2026,2026-05-06,158,0.2397,0.2975,0.3699,0.2961
2026,2026-05-06,159,0.2381,0.2956,0.3673,0.2942
2026,2026-05-06,160,0.2432,0.3,0.3716,0.2979
2026,2026-05-06,161,0.2416,0.2981,0.3691,0.2961
2026,2026-05-06,162,0.24,0.2963,0.3667,0.2942
2026,2026-05-07,163,0.2384,0.2945,0.3642,0.2924
2026,2026-05-07,164,0.2368,0.2927,0.3618,0.2907
2026,2026-05-07,165,0.2353,0.2909,0.3595,0.2889
2026,2026-05-08,166,0.2338,0.2892,0.3571,0.2872
2026,2026-05-08,167,0.2323,0.2874,0.3548,0.2854
2026,2026-05-08,168,0.2308,0.2857,0.3526,0.2837
2026,2026-05-08,169,0.2293,0.284,0.3503,0.2821
2026,2026-05-08,170,0.2278,0.2824,0.3481,0.2804
2026,2026-05-08,171,0.2264,0.2807,0.3459,0.2788
2026,2026-05-09,172,0.2312,0.2849,0.35,0.2823
2026,2026-05-09,173,0.236,0.289,0.354,0.2858
2026,2026-05-09,174,0.2407,0.2931,0.358,0.2893
2026,2026-05-09,175,0.2454,0.2971,0.362,0.2927
2026,2026-05-09,176,0.2439,0.2955,0.3598,0.2911
2026,2026-05-10,177,0.2424,0.2938,0.3576,0.2894
2026,2026-05-10,178,0.2424,0.2921,0.3576,0.2878
2026,2026-05-10,179,0.241,0.2905,0.3554,0.2862
2026,2026-05-10,180,0.2395,0.2889,0.3533,0.2846
2026,2026-05-12,181,0.2381,0.2873,0.3512,0.283
2026,2026-05-12,182,0.2367,0.2857,0.3491,0.2815
2026,2026-05-12,183,0.2353,0.2842,0.3471,0.2799
2026,2026-05-12,184,0.2339,0.2826,0.345,0.2784
2026,2026-05-13,185,0.2339,0.2865,0.345,0.2807
2026,2026-05-14,186,0.2326,0.2849,0.343,0.2792
2026,2026-05-14,187,0.2312,0.2834,0.341,0.2777
2026,2026-05-14,188,0.2299,0.2819,0.3391,0.2762
2026,2026-05-14,189,0.2343,0.2857,0.3429,0.2794
2026,2026-05-14,190,0.233,0.2842,0.3409,0.278
2026,2026-05-15,191,0.2316,0.2827,0.339,0.2765
2026,2026-05-15,192,0.2303,0.2812,0.3371,0.2751
2026,2026-05-15,193,0.2291,0.2798,0.3352,0.2737
2026,2026-05-15,194,0.2278,0.2784,0.3333,0.2722
2026,2026-05-15,195,0.232,0.2821,0.337,0.2754
2026,2026-05-15,196,0.2308,0.2806,0.3352,0.274
2026,2026-05-16,197,0.235,0.2843,0.3388,0.2771
2026,2026-05-16,198,0.235,0.2879,0.3388,0.2793
2026,2026-05-16,199,0.2337,0.2864,0.337,0.2779
2026,2026-05-16,200,0.2324,0.285,0.3351,0.2765
2026,2026-05-16,201,0.2366,0.2886,0.3441,0.2814
2026,2026-05-17,202,0.2353,0.2871,0.3422,0.28
2026,2026-05-17,203,0.234,0.2857,0.3404,0.2786
2026,2026-05-17,204,0.2381,0.2892,0.3439,0.2816
2026,2026-05-17,205,0.2368,0.2878,0.3421,0.2802
2026,2026-05-17,206,0.2356,0.2864,0.3403,0.2789
2026,2026-05-18,207,0.2396,0.2899,0.349,0.2836
2026,2026-05-18,208,0.2383,0.2885,0.3472,0.2822
2026,2026-05-18,209,0.2371,0.2871,0.3454,0.2809
2026,2026-05-18,210,0.2359,0.2857,0.3436,0.2796
2026,2026-05-19,211,0.2347,0.2844,0.3418,0.2782
2026,2026-05-19,212,0.2386,0.2877,0.3604,0.2866
2026,2026-05-19,213,0.2374,0.2864,0.3586,0.2853
2026,2026-05-19,214,0.2362,0.285,0.3568,0.2839
2026,2026-05-20,215,0.2362,0.2884,0.3568,0.2859
2026,2026-05-20,216,0.2362,0.2917,0.3568,0.2878
2026,2026-05-20,217,0.24,0.2949,0.36,0.2905
2026,2026-05-20,218,0.2388,0.2936,0.3582,0.2892
2026,2026-05-22,219,0.2376,0.2922,0.3564,0.2879
2026,2026-05-22,220,0.2365,0.2909,0.3547,0.2866
2026,2026-05-22,221,0.2353,0.2896,0.3529,0.2853
2026,2026-05-22,222,0.2341,0.2883,0.3512,0.284
2026,2026-05-23,223,0.233,0.287,0.3495,0.2827
2026,2026-05-23,224,0.2319,0.2857,0.3478,0.2815
2026,2026-05-23,225,0.2308,0.2844,0.3462,0.2802
2026,2026-05-23,226,0.2297,0.2832,0.3445,0.279
2026,2026-05-24,227,0.2286,0.2819,0.3429,0.2777
2026,2026-05-24,228,0.2275,0.2807,0.3412,0.2765
2026,2026-05-24,229,0.2264,0.2795,0.3396,0.2753
2026,2026-05-24,230,0.2264,0.2826,0.3396,0.2771
2026,2026-05-24,231,0.2254,0.2814,0.338,0.2759
2026,2026-05-25,232,0.2243,0.2802,0.3364,0.2748
2026,2026-05-25,233,0.2233,0.279,0.3349,0.2736
2026,2026-05-25,234,0.2222,0.2778,0.3333,0.2724
2026,2026-05-25,235,0.2212,0.2766,0.3318,0.2713
2026,2026-05-26,236,0.2202,0.2754,0.3303,0.2701
2026,2026-05-26,237,0.2237,0.2785,0.347,0.2776
2026,2026-05-26,238,0.2273,0.2815,0.35,0.2802
2026,2026-05-26,239,0.2262,0.2803,0.3484,0.279
2026,2026-05-26,240,0.2252,0.2792,0.3468,0.2779
2026,2026-05-27,241,0.2242,0.278,0.3453,0.2767
2026,2026-05-27,242,0.2232,0.2769,0.3438,0.2756
2026,2026-05-27,243,0.2222,0.2757,0.3422,0.2744
2026,2026-05-27,244,0.2257,0.2787,0.3584,0.2817
2026,2026-05-29,245,0.2247,0.2776,0.3568,0.2806
2026,2026-05-29,246,0.2237,0.2764,0.3553,0.2794
2026,2026-05-29,247,0.2227,0.2753,0.3537,0.2783
2026,2026-05-29,248,0.2217,0.2742,0.3522,0.2772
2026,2026-05-30,249,0.2208,0.2731,0.3506,0.2761
2026,2026-05-30,250,0.2198,0.272,0.3491,0.275
2026,2026-05-30,251,0.2232,0.2749,0.3519,0.2774
2026,2026-05-30,252,0.2222,0.2738,0.3504,0.2763
2026,2026-05-31,253,0.2213,0.2727,0.3489,0.2752
2026,2026-05-31,254,0.2246,0.2756,0.3517,0.2776
2026,2026-05-31,255,0.2236,0.2745,0.3502,0.2765
2026,2026-05-31,256,0.2227,0.2734,0.3487,0.2755
2026,2026-06-02,257,0.2218,0.2724,0.3473,0.2744
2026,2026-06-02,258,0.225,0.2752,0.35,0.2768
2026,2026-06-02,259,0.2241,0.2741,0.3485,0.2757
2026,2026-06-02,260,0.2273,0.2769,0.3512,0.2781
2026,2026-06-03,261,0.2263,0.2759,0.3498,0.277
2026,2026-06-03,262,0.2254,0.2748,0.3484,0.2759
2026,2026-06-03,263,0.2245,0.2738,0.3469,0.2749
2026,2026-06-03,264,0.2276,0.2765,0.3496,0.2772
2026,2026-06-04,265,0.2267,0.2755,0.3482,0.2762
2026,2026-06-04,266,0.2258,0.2744,0.3468,0.2751
2026,2026-06-04,267,0.2249,0.2734,0.3454,0.2741
2026,2026-06-04,268,0.228,0.2761,0.348,0.2764
2026,2026-06-05,269,0.2271,0.2751,0.3466,0.2754
2026,2026-06-05,270,0.2262,0.2741,0.3452,0.2744
2026,2026-06-05,271,0.2253,0.2731,0.3439,0.2734
2026,2026-06-05,272,0.2253,0.2757,0.3439,0.2749
2026,2026-06-05,273,0.2244,0.2747,0.3425,0.2739
2026,2026-06-06,274,0.2275,0.2774,0.3451,0.2762
2026,2026-06-06,275,0.2275,0.28,0.3451,0.2777
2026,2026-06-06,276,0.2266,0.279,0.3438,0.2767
2026,2026-06-06,277,0.2257,0.278,0.3424,0.2757
2026,2026-06-07,278,0.2287,0.2806,0.3488,0.2792
2026,2026-06-07,279,0.2278,0.2796,0.3475,0.2782
2026,2026-06-07,280,0.2269,0.2786,0.3462,0.2772
2026,2026-06-07,281,0.2261,0.2776,0.3448,0.2762
2026,2026-06-07,282,0.229,0.2801,0.3473,0.2784
2026,2026-06-08,283,0.2281,0.2792,0.346,0.2774
2026,2026-06-08,284,0.2281,0.2817,0.346,0.2789
2026,2026-06-08,285,0.2273,0.2807,0.3447,0.2779
2026,2026-06-08,286,0.2264,0.2797,0.3434,0.277
2026,2026-06-08,287,0.2256,0.2787,0.3421,0.276
2026,2026-06-09,288,0.2285,0.2812,0.3483,0.2794
2026,2026-06-09,289,0.2276,0.2803,0.347,0.2785
2026,2026-06-09,290,0.2268,0.2793,0.3457,0.2775
2026,2026-06-09,291,0.2259,0.2784,0.3444,0.2765
2026,2026-06-10,292,0.2251,0.2774,0.3432,0.2756
2026,2026-06-10,293,0.2279,0.2799,0.3456,0.2777
2026,2026-06-10,294,0.2271,0.2789,0.3443,0.2768
2026,2026-06-10,295,0.2263,0.278,0.3431,0.2758
2026,2026-06-10,296,0.2255,0.277,0.3418,0.2749
2026,2026-06-12,297,0.2246,0.2761,0.3406,0.274
2026,2026-06-12,298,0.2238,0.2752,0.3394,0.273
2026,2026-06-12,299,0.223,0.2742,0.3381,0.2721
2026,2026-06-13,300,0.2222,0.2733,0.3369,0.2712
2026,2026-06-13,301,0.225,0.2757,0.3393,0.2733
2026,2026-06-13,302,0.2242,0.2748,0.3381,0.2724
2026,2026-06-13,303,0.2234,0.2739,0.3369,0.2715
2026,2026-06-13,304,0.2226,0.273,0.3357,0.2706
2026,2026-06-13,305,0.2218,0.2721,0.3345,0.2697
2026,2026-06-14,306,0.2211,0.2712,0.3333,0.2688
2026,2026-06-14,307,0.2203,0.2704,0.3322,0.2679
2026,2026-06-14,308,0.2195,0.2695,0.331,0.2671
2026,2026-06-14,309,0.2188,0.2686,0.3299,0.2662
2026,2026-06-15,310,0.218,0.2677,0.3287,0.2653
2026,2026-06-15,311,0.2172,0.2669,0.3276,0.2645
2026,2026-06-15,312,0.2165,0.266,0.3265,0.2636
2026,2026-06-15,313,0.2165,0.2684,0.3265,0.2651
2026,2026-06-17,314,0.2192,0.2707,0.3288,0.2671
2026,2026-06-17,315,0.2218,0.273,0.3311,0.2691
2026,2026-06-17,316,0.2211,0.2722,0.3299,0.2682
2026,2026-06-17,317,0.2203,0.2713,0.3288,0.2674
2026,2026-06-17,318,0.223,0.2736,0.3345,0.2705
2026,2026-06-18,319,0.223,0.2759,0.3345,0.272
2026,2026-06-20,320,0.2222,0.275,0.3333,0.2711
2026,2026-06-20,321,0.2215,0.2741,0.3322,0.2703
2026,2026-06-20,322,0.2241,0.2764,0.3344,0.2722
2026,2026-06-20,323,0.2267,0.2786,0.3367,0.2741
2026,2026-06-20,324,0.2259,0.2778,0.3355,0.2733
2026,2026-06-21,325,0.2259,0.28,0.3355,0.2746
2026,2026-06-21,326,0.2285,0.2822,0.3377,0.2765
2026,2026-06-21,327,0.2277,0.2813,0.3366,0.2756
2026,2026-06-21,328,0.227,0.2805,0.3355,0.2748
2026,2026-06-22,329,0.2262,0.2796,0.3344,0.2739
2026,2026-06-22,330,0.2255,0.2788,0.3333,0.2731
2026,2026-06-22,331,0.2248,0.2779,0.3322,0.2723
2026,2026-06-22,332,0.224,0.2771,0.3312,0.2715
2026,2026-06-23,333,0.2233,0.2763,0.3301,0.2706
2026,2026-06-23,334,0.2226,0.2754,0.329,0.2698
2026,2026-06-23,335,0.2219,0.2746,0.328,0.269
2026,2026-06-23,336,0.2212,0.2738,0.3269,0.2682
2026,2026-06-23,337,0.2236,0.276,0.3291,0.2701
2026,2026-06-23,338,0.2261,0.2781,0.3312,0.2719
2026,2026-06-24,339,0.2254,0.2773,0.3302,0.2711
2026,2026-06-24,340,0.2247,0.2765,0.3291,0.2703
2026,2026-06-24,341,0.2271,0.2786,0.3312,0.2721
2026,2026-06-24,342,0.2296,0.2807,0.3365,0.275
2026,2026-06-24,343,0.2288,0.2799,0.3354,0.2742
2026,2026-06-25,344,0.2281,0.2791,0.3344,0.2734
2026,2026-06-25,345,0.2305,0.2812,0.3364,0.2752
2026,2026-06-25,346,0.2298,0.2803,0.3354,0.2744
2026,2026-06-25,347,0.2322,0.2824,0.3375,0.2762
2026,2026-06-25,348,0.2315,0.2816,0.3364,0.2754
2026,2026-06-26,349,0.2338,0.2837,0.3415,0.2782
2026,2026-06-26,350,0.2331,0.2829,0.3405,0.2774
2026,2026-06-26,351,0.2324,0.2821,0.3394,0.2766
2026,2026-06-26,352,0.2348,0.2841,0.3415,0.2784
2026,2026-06-27,353,0.234,0.2833,0.3404,0.2776
2026,2026-06-27,354,0.234,0.2853,0.3404,0.2788
2026,2026-06-27,355,0.2333,0.2845,0.3394,0.278
2026,2026-06-27,356,0.2326,0.2837,0.3384,0.2772
2026,2026-06-28,357,0.2319,0.2829,0.3373,0.2764
2026,2026-06-28,358,0.2342,0.2849,0.3393,0.2781
2026,2026-06-28,359,0.2335,0.2841,0.3383,0.2774
2026,2026-06-28,360,0.2328,0.2833,0.3373,0.2766
2026,2026-06-28,361,0.2321,0.2825,0.3363,0.2758
2026,2026-06-29,362,0.2344,0.2845,0.3472,0.2807
2026,2026-06-29,363,0.2367,0.2865,0.3491,0.2824
2026,2026-06-29,364,0.236,0.2857,0.3481,0.2816
2026,2026-06-29,365,0.2353,0.2849,0.3471,0.2809
2026,2026-06-29,366,0.2346,0.2842,0.346,0.2801
2026,2026-06-30,367,0.2339,0.2834,0.345,0.2793
2026,2026-06-30,368,0.2332,0.2826,0.344,0.2786
2026,2026-06-30,369,0.2326,0.2818,0.343,0.2778
2026,2026-06-30,370,0.2348,0.2838,0.3478,0.2805
2026,2026-06-30,371,0.237,0.2857,0.3584,0.2853
2026,2026-07-01,372,0.2363,0.2849,0.3573,0.2845
2026,2026-07-01,373,0.2385,0.2869,0.3678,0.2892
2026,2026-07-01,374,0.2407,0.2888,0.3696,0.2908
2026,2026-07-01,375,0.24,0.288,0.3686,0.2901
2026,2026-07-01,376,0.2393,0.2872,0.3675,0.2893
2026,2026-07-02,377,0.2386,0.2865,0.3665,0.2885
2026,2026-07-02,378,0.238,0.2857,0.3654,0.2878
2026,2026-07-02,379,0.2401,0.2876,0.3672,0.2894
2026,2026-07-02,380,0.2394,0.2868,0.3662,0.2886
2026,2026-07-04,381,0.2388,0.2861,0.3652,0.2878
2026,2026-07-04,382,0.2381,0.2853,0.3641,0.2871
2026,2026-07-04,383,0.2374,0.2846,0.3631,0.2863
2026,2026-07-04,384,0.2396,0.2865,0.3649,0.2879
2026,2026-07-04,385,0.2389,0.2857,0.3639,0.2872
2026,2026-07-05,386,0.2382,0.285,0.3629,0.2864
2026,2026-07-05,387,0.2376,0.2842,0.3619,0.2857
2026,2026-07-05,388,0.2369,0.2835,0.3609,0.2849
2026,2026-07-05,389,0.2363,0.2828,0.3599,0.2842
2026,2026-07-06,390,0.2384,0.2846,0.3644,0.2867
2026,2026-07-06,391,0.2404,0.2864,0.3661,0.2883
2026,2026-07-06,392,0.2398,0.2857,0.3651,0.2875
2026,2026-07-06,393,0.2418,0.2875,0.3668,0.289
2026,2026-07-07,394,0.2412,0.2868,0.3659,0.2883
2026,2026-07-07,395,0.2405,0.2861,0.3649,0.2876
2026,2026-07-07,396,0.2399,0.2854,0.3639,0.2869
2026,2026-07-07,397,0.2419,0.2872,0.3656,0.2884
2026,2026-07-07,398,0.2413,0.2864,0.3646,0.2877
2026,2026-07-09,399,0.2406,0.2857,0.3636,0.2869
2026,2026-07-09,400,0.24,0.285,0.3627,0.2862
2026,2026-07-09,401,0.2394,0.2843,0.3617,0.2855
2026,2026-07-09,402,0.2394,0.2861,0.3617,0.2865
2026,2026-07-10,403,0.2387,0.2854,0.3607,0.2858
2026,2026-07-10,404,0.2381,0.2847,0.3598,0.2851
2026,2026-07-10,405,0.2375,0.284,0.3588,0.2844
2026,2026-07-10,406,0.2368,0.2833,0.3579,0.2837
2026,2026-07-11,407,0.2368,0.285,0.3579,0.2847
2026,2026-07-11,408,0.2368,0.2843,0.3579,0.284
2026,2026-07-11,409,0.2362,0.2836,0.357,0.2833
2026,2026-07-11,410,0.2356,0.2829,0.356,0.2826
2026,2026-07-12,411,0.235,0.2822,0.3551,0.282
2026,2026-07-12,412,0.2344,0.2816,0.3542,0.2813
2026,2026-07-12,413,0.2338,0.2809,0.3532,0.2806
2026,2026-07-12,414,0.2358,0.2826,0.3549,0.2821
2026,2026-07-12,415,0.2358,0.2843,0.3549,0.2831
2026,2026-07-16,416,0.2351,0.2837,0.354,0.2824
2026,2026-07-16,417,0.2345,0.283,0.3531,0.2817
2026,2026-07-16,418,0.2339,0.2823,0.3522,0.281
2026,2026-07-16,419,0.2359,0.284,0.3615,0.2853
2026,2026-07-18,420,0.2379,0.2857,0.3632,0.2867
2026,2026-07-18,421,0.2372,0.285,0.3622,0.286
2026,2026-07-18,422,0.2392,0.2867,0.3715,0.2902
2026,2026-07-18,423,0.2392,0.2884,0.3715,0.2912
2026,2026-07-18,424,0.2411,0.2901,0.3731,0.2926
2026,2026-07-19,425,0.2405,0.2894,0.3722,0.2919
2026,2026-07-19,426,0.2399,0.2887,0.3712,0.2912
2026,2026-07-19,427,0.2418,0.2904,0.3753,0.2935
2026,2026-07-19,428,0.2418,0.2921,0.3753,0.2944
2026,2026-07-20,429,0.2437,0.2937,0.3794,0.2967
2026,2026-07-20,430,0.2456,0.2953,0.3885,0.3008
2026,2026-07-20,431,0.245,0.2947,0.3875,0.3001
2026,2026-07-20,432,0.2469,0.2963,0.3965,0.3041
2026,2026-07-20,433,0.2463,0.2956,0.3955,0.3034
2026,2026-07-21,434,0.2457,0.2949,0.3945,0.3027
2026,2026-07-21,435,0.2475,0.2966,0.396,0.3041
2026,2026-07-21,436,0.2469,0.2959,0.3951,0.3034
2026,2026-07-21,437,0.2463,0.2952,0.3941,0.3027
2026,2026-07-22,438,0.2457,0.2945,0.3931,0.302
2026,2026-07-22,439,0.2451,0.2938,0.3922,0.3013
2026,2026-07-22,440,0.2445,0.2932,0.3912,0.3006
2026,2026-07-22,441,0.2445,0.2948,0.3912,0.3015
2026,2026-07-22,442,0.2439,0.2941,0.3902,0.3008
2026,2026-07-24,443,0.2433,0.2935,0.3893,0.3001
2026,2026-07-24,444,0.2427,0.2928,0.3883,0.2995
2026,2026-07-24,445,0.2421,0.2921,0.3874,0.2988
2026,2026-07-24,446,0.2415,0.2915,0.3865,0.2981
2026,2026-07-25,447,0.2415,0.2931,0.3865,0.2991
2026,2026-07-25,448,0.2434,0.2946,0.388,0.3004
2026,2026-07-25,449,0.2428,0.294,0.387,0.2997
2026,2026-07-25,450,0.2422,0.2933,0.3861,0.2991
2026,2026-07-26,451,0.244,0.2949,0.3923,0.302
2026,2026-07-26,452,0.2434,0.2942,0.3914,0.3013
2026,2026-07-26,453,0.2429,0.2936,0.3905,0.3006
2026,2026-07-26,454,0.2447,0.2952,0.3919,0.3019
2026,2026-07-26,455,0.2441,0.2945,0.391,0.3013
2026,2026-07-27,456,0.2435,0.2939,0.3901,0.3006
2026,2026-07-27,457,0.2453,0.2954,0.3915,0.3019
2026,2026-07-27,458,0.2447,0.2948,0.3906,0.3012
2026,2026-07-27,459,0.2441,0.2941,0.3897,0.3006
2026,2026-07-27,460,0.2436,0.2935,0.3888,0.2999
2026,2026-07-28,461,0.243,0.2928,0.3879,0.2993
2026,2026-07-28,462,0.2424,0.2922,0.3869,0.2986
2026,2026-07-28,463,0.2419,0.2916,0.386,0.298
2026,2026-07-28,464,0.2413,0.2909,0.3852,0.2973
2026,2026-07-29,465,0.2431,0.2925,0.3866,0.2986
2026,2026-07-29,466,0.2425,0.2918,0.3857,0.298
2026,2026-07-29,467,0.2442,0.2934,0.394,0.3017
2026,2026-07-29,468,0.2437,0.2927,0.3931,0.3011
2026,2026-07-29,469,0.2431,0.2921,0.3922,0.3004
2026,2026-07-31,470,0.2449,0.2936,0.3936,0.3017
2026,2026-07-31,471,0.2466,0.2951,0.4018,0.3054
2026,2026-07-31,472,0.2483,0.2966,0.4032,0.3066
2026,2026-07-31,473,0.2477,0.296,0.4023,0.306
2026,2026-08-01,474,0.2472,0.2954,0.4014,0.3054
2026,2026-08-01,475,0.2466,0.2947,0.4005,0.3047
2026,2026-08-01,476,0.2483,0.2962,0.4018,0.3059
2026,2026-08-01,477,0.2477,0.2956,0.4009,0.3053
2026,2026-08-01,478,0.2494,0.2971,0.4045,0.3073
2026,2026-08-02,479,0.2489,0.2965,0.4036,0.3067
2026,2026-08-02,480,0.2489,0.2979,0.4036,0.3075
2026,2026-08-02,481,0.2483,0.2973,0.4027,0.3068
2026,2026-08-02,482,0.25,0.2988,0.404,0.308
2026,2026-08-03,483,0.2494,0.2981,0.4031,0.3074
2026,2026-08-03,484,0.2489,0.2975,0.4022,0.3068
2026,2026-08-03,485,0.2483,0.2969,0.4013,0.3061
2026,2026-08-03,486,0.2478,0.2963,0.4004,0.3055
2026,2026-08-04,487,0.2494,0.2977,0.4018,0.3067
2026,2026-08-04,488,0.2511,0.2992,0.4031,0.3079
2026,2026-08-04,489,0.2505,0.2986,0.4022,0.3073
2026,2026-08-04,490,0.2522,0.3,0.4035,0.3085
2026,2026-08-05,491,0.2516,0.2994,0.4026,0.3078
2026,2026-08-05,492,0.2511,0.2988,0.4017,0.3072
2026,2026-08-05,493,0.2505,0.2982,0.4009,0.3066
2026,2026-08-05,494,0.25,0.2976,0.4,0.306
2026,2026-08-05,495,0.25,0.297,0.4,0.3053
2026,2026-08-06,496,0.2516,0.2984,0.4013,0.3065
2026,2026-08-06,497,0.2532,0.2998,0.4048,0.3084
2026,2026-08-06,498,0.2527,0.2992,0.4039,0.3078
2026,2026-08-06,499,0.2522,0.2986,0.403,0.3072
2026,2026-08-06,500,0.2516,0.298,0.4022,0.3066
2026,2026-08-07,501,0.2511,0.2974,0.4013,0.306
2026,2026-08-07,502,0.2505,0.2968,0.4004,0.3054
2026,2026-08-07,503,0.25,0.2962,0.3996,0.3048
2026,2026-08-07,504,0.25,0.2976,0.3996,0.3055
2026,2026-08-07,505,0.2495,0.297,0.3987,0.3049
2026,2026-08-08,506,0.2511,0.2984,0.4,0.3061
2026,2026-08-08,507,0.2505,0.2978,0.3992,0.3055
2026,2026-08-08,508,0.2521,0.2992,0.4068,0.3089
2026,2026-08-08,509,0.2516,0.2986,0.4059,0.3083
2026,2026-08-08,510,0.2511,0.298,0.4051,0.3077
2026,2026-08-09,511,0.2505,0.2975,0.4042,0.3071
2026,2026-08-09,512,0.25,0.2969,0.4034,0.3065
2026,2026-08-09,513,0.2495,0.2963,0.4025,0.3059
2026,2026-08-09,514,0.249,0.2957,0.4017,0.3053
2026,2026-08-09,515,0.2484,0.2951,0.4008,0.3047
2026,2026-08-09,516,0.2479,0.2946,0.4,0.3041
2026,2026-08-11,517,0.2474,0.294,0.3992,0.3036
2026,2026-08-11,518,0.2474,0.2954,0.3992,0.3043
2026,2026-08-11,519,0.249,0.2967,0.4004,0.3054
2026,2026-08-11,520,0.249,0.2981,0.4004,0.3062
2026,2026-08-12,521,0.2484,0.2975,0.3996,0.3056
2026,2026-08-12,522,0.2479,0.2969,0.3988,0.305
2026,2026-08-12,523,0.2474,0.2964,0.3979,0.3044
2026,2026-08-12,524,0.2469,0.2958,0.3971,0.3039
2026,2026-08-13,525,0.2464,0.2952,0.3963,0.3033
2026,2026-08-13,526,0.2464,0.2966,0.3963,0.304
2026,2026-08-13,527,0.248,0.2979,0.3996,0.3059
2026,2026-08-13,528,0.2474,0.2973,0.3988,0.3053
2026,2026-08-13,529,0.2469,0.2968,0.398,0.3047
2026,2026-08-15,530,0.2464,0.2962,0.3971,0.3041
2026,2026-08-15,531,0.2459,0.2957,0.3963,0.3035
2026,2026-08-15,532,0.2459,0.297,0.3963,0.3043
2026,2026-08-15,533,0.2475,0.2983,0.3976,0.3054
2026,2026-08-17,534,0.247,0.2978,0.3968,0.3048
2026,2026-08-17,535,0.2485,0.2991,0.398,0.3059
2026,2026-08-17,536,0.248,0.2985,0.3972,0.3053
2026,2026-08-17,537,0.248,0.2998,0.3972,0.3053
2026,2026-08-17,538,0.2475,0.2993,0.3964,0.3048
2026,2026-08-18,539,0.247,0.2987,0.3956,0.3042
2026,2026-08-18,540,0.2465,0.2981,0.3948,0.3036
2026,2026-08-18,541,0.2465,0.2994,0.3948,0.3044
2026,2026-08-18,542,0.246,0.2989,0.394,0.3039
2026,2026-08-18,543,0.2455,0.2983,0.3932,0.3033
2026,2026-08-19,544,0.247,0.2996,0.3944,0.3044
2026,2026-08-19,545,0.2465,0.2991,0.3936,0.3038
2026,2026-08-19,546,0.246,0.2985,0.3929,0.3033
2026,2026-08-19,547,0.2475,0.2998,0.396,0.305
2026,2026-08-21,548,0.247,0.2993,0.3953,0.3045
2026,2026-08-21,549,0.2465,0.2987,0.3945,0.3039
2026,2026-08-21,550,0.2465,0.3,0.3945,0.3046
2026,2026-08-21,551,0.2461,0.2995,0.3937,0.3041
2026,2026-08-21,552,0.2456,0.2989,0.3929,0.3035
2026,2026-08-22,553,0.2471,0.3002,0.3941,0.3046
2026,2026-08-22,554,0.2466,0.2996,0.3933,0.304
2026,2026-08-22,555,0.2461,0.2991,0.3926,0.3035
2026,2026-08-22,556,0.2476,0.3004,0.3938,0.3045
2026,2026-08-22,557,0.2471,0.2998,0.393,0.304
2026,2026-08-23,558,0.2466,0.2993,0.3922,0.3034
2026,2026-08-23,559,0.2461,0.2987,0.3915,0.3029
2026,2026-08-23,560,0.2456,0.2982,0.3907,0.3024
2026,2026-08-23,561,0.2452,0.2977,0.39,0.3018
2026,2026-08-24,562,0.2447,0.2972,0.3892,0.3013
2026,2026-08-24,563,0.2442,0.2966,0.3885,0.3007
2026,2026-08-24,564,0.2438,0.2961,0.3877,0.3002
2026,2026-08-24,565,0.2433,0.2956,0.387,0.2997
2026,2026-08-25,566,0.2428,0.2951,0.3862,0.2992
2026,2026-08-25,567,0.2424,0.2945,0.3855,0.2986
2026,2026-08-25,568,0.2419,0.294,0.3848,0.2981
2026,2026-08-25,569,0.2414,0.2935,0.384,0.2976
2026,2026-08-26,570,0.241,0.293,0.3833,0.297
2026,2026-08-26,571,0.2405,0.2925,0.3826,0.2965
2026,2026-08-26,572,0.2401,0.292,0.3819,0.296
2026,2026-08-26,573,0.2396,0.2914,0.3811,0.2955
2026,2026-08-26,574,0.2392,0.2909,0.3804,0.295
2026,2026-08-28,575,0.2387,0.2904,0.3797,0.2945
2026,2026-08-28,576,0.2402,0.2917,0.3809,0.2955
2026,2026-08-28,577,0.2397,0.2912,0.3801,0.295
2026,2026-08-28,578,0.2393,0.2907,0.3794,0.2945
2026,2026-08-28,579,0.2407,0.2919,0.3806,0.2955
2026,2026-08-29,580,0.2407,0.2931,0.3806,0.2962
2026,2026-08-29,581,0.2402,0.2926,0.3799,0.2957
2026,2026-08-29,582,0.2398,0.2921,0.3792,0.2952
2026,2026-08-29,583,0.2412,0.2933,0.3803,0.2962
2026,2026-08-29,584,0.2426,0.2945,0.3815,0.2972
2026,2026-08-30,585,0.2426,0.2957,0.3815,0.2979
2026,2026-08-30,586,0.2421,0.2952,0.3808,0.2974
2026,2026-08-30,587,0.2417,0.2947,0.3801,0.2969
2026,2026-08-30,588,0.2431,0.2959,0.3812,0.2979
2026,2026-08-30,589,0.2426,0.2954,0.3805,0.2974
2026,2026-08-31,590,0.2422,0.2949,0.3798,0.2969
2026,2026-08-31,591,0.2418,0.2944,0.3791,0.2964
2026,2026-08-31,592,0.2413,0.2939,0.3784,0.2959
2026,2026-08-31,593,0.2413,0.2951,0.3784,0.2966
2026,2026-09-01,594,0.2427,0.2963,0.3814,0.2982
2026,2026-09-01,595,0.2423,0.2958,0.3807,0.2977
2026,2026-09-01,596,0.2418,0.2953,0.38,0.2972
2026,2026-09-01,597,0.2414,0.2948,0.3793,0.2967
2026,2026-09-01,598,0.2409,0.2943,0.3786,0.2962
2026,2026-09-02,599,0.2405,0.2938,0.3779,0.2957
2026,2026-09-02,600,0.2401,0.2933,0.3773,0.2952
2026,2026-09-02,601,0.2396,0.2928,0.3766,0.2947
2026,2026-09-02,602,0.2392,0.2924,0.3759,0.2942
