season_key,game_year,game_date,cum_pa,cum_ba,cum_obp,cum_woba
Crawford 2026,2026,2026-03-26,1,1.0,1.0,0.889
Crawford 2026,2026,2026-03-26,2,1.0,1.0,0.889
Crawford 2026,2026,2026-03-26,3,0.6666666666666666,0.6666666666666666,0.5926666666666667
Crawford 2026,2026,2026-03-26,4,0.5,0.5,0.4445
Crawford 2026,2026,2026-03-28,5,0.4,0.4,0.3556
Crawford 2026,2026,2026-03-28,6,0.4,0.5,0.4126666666666667
Crawford 2026,2026,2026-03-28,7,0.3333333333333333,0.42857142857142855,0.3537142857142857
Crawford 2026,2026,2026-03-29,8,0.2857142857142857,0.375,0.3095
Crawford 2026,2026,2026-03-29,9,0.375,0.4444444444444444,0.37388888888888894
Crawford 2026,2026,2026-03-29,10,0.3333333333333333,0.4,0.3365
Crawford 2026,2026,2026-03-31,11,0.3,0.36363636363636365,0.3059090909090909
Crawford 2026,2026,2026-03-31,12,0.36363636363636365,0.4166666666666667,0.3545
Crawford 2026,2026,2026-03-31,13,0.3333333333333333,0.38461538461538464,0.3272307692307692
Crawford 2026,2026,2026-04-01,14,0.38461538461538464,0.42857142857142855,0.3673571428571428
Crawford 2026,2026,2026-04-01,15,0.42857142857142855,0.4666666666666667,0.42686666666666667
Crawford 2026,2026,2026-04-01,16,0.4,0.4375,0.40018750000000003
Crawford 2026,2026,2026-04-01,17,0.375,0.4117647058823529,0.37664705882352945
Crawford 2026,2026,2026-04-01,18,0.4117647058823529,0.4444444444444444,0.4051111111111111
Crawford 2026,2026,2026-04-03,19,0.3888888888888889,0.42105263157894735,0.3837894736842105
Crawford 2026,2026,2026-04-03,20,0.3684210526315789,0.4,0.3646
Crawford 2026,2026,2026-04-03,21,0.35,0.38095238095238093,0.34723809523809523
Crawford 2026,2026,2026-04-03,22,0.3333333333333333,0.36363636363636365,0.33145454545454545
Crawford 2026,2026,2026-04-04,23,0.3181818181818182,0.34782608695652173,0.31704347826086954
Crawford 2026,2026,2026-04-04,24,0.30434782608695654,0.3333333333333333,0.30383333333333334
Crawford 2026,2026,2026-04-04,25,0.3333333333333333,0.36,0.32724000000000003
Crawford 2026,2026,2026-04-04,26,0.32,0.34615384615384615,0.3146538461538462
Crawford 2026,2026,2026-04-05,27,0.3076923076923077,0.3333333333333333,0.30300000000000005
Crawford 2026,2026,2026-04-05,28,0.3333333333333333,0.35714285714285715,0.32392857142857145
Crawford 2026,2026,2026-04-05,29,0.32142857142857145,0.3448275862068966,0.3127586206896552
Crawford 2026,2026,2026-04-06,30,0.32142857142857145,0.36666666666666664,0.3256
Crawford 2026,2026,2026-04-06,31,0.3448275862068966,0.3870967741935484,0.355741935483871
Crawford 2026,2026,2026-04-06,32,0.36666666666666664,0.40625,0.37240625
Crawford 2026,2026,2026-04-06,33,0.3548387096774194,0.3939393939393939,0.3611212121212121
Crawford 2026,2026,2026-04-07,34,0.34375,0.38235294117647056,0.3505
Crawford 2026,2026,2026-04-07,35,0.3333333333333333,0.37142857142857144,0.3404857142857143
Crawford 2026,2026,2026-04-07,36,0.3235294117647059,0.3611111111111111,0.33102777777777775
Crawford 2026,2026,2026-04-08,37,0.3142857142857143,0.35135135135135137,0.3220810810810811
Crawford 2026,2026,2026-04-08,38,0.3055555555555556,0.34210526315789475,0.3136052631578947
Crawford 2026,2026,2026-04-10,39,0.3055555555555556,0.358974358974359,0.3242564102564103
Crawford 2026,2026,2026-04-10,40,0.3055555555555556,0.375,0.3336
Crawford 2026,2026,2026-04-10,41,0.2972972972972973,0.36585365853658536,0.32546341463414635
Crawford 2026,2026,2026-04-10,42,0.3157894736842105,0.38095238095238093,0.35564285714285715
Crawford 2026,2026,2026-04-11,43,0.3333333333333333,0.3953488372093023,0.36804651162790697
Crawford 2026,2026,2026-04-11,44,0.3333333333333333,0.4090909090909091,0.37554545454545457
Crawford 2026,2026,2026-04-11,45,0.35,0.4222222222222222,0.3952
Crawford 2026,2026,2026-04-12,46,0.34146341463414637,0.41304347826086957,0.3866086956521739
Crawford 2026,2026,2026-04-12,47,0.35714285714285715,0.425531914893617,0.40519148936170213
Crawford 2026,2026,2026-04-12,48,0.3488372093023256,0.4166666666666667,0.39675
Crawford 2026,2026,2026-04-12,49,0.3409090909090909,0.40816326530612246,0.3886530612244898
Crawford 2026,2026,2026-04-13,50,0.3333333333333333,0.4,0.38088
Crawford 2026,2026,2026-04-13,51,0.32608695652173914,0.39215686274509803,0.3734117647058824
Crawford 2026,2026,2026-04-13,52,0.3191489361702128,0.38461538461538464,0.36623076923076925
Crawford 2026,2026,2026-04-13,53,0.3125,0.37735849056603776,0.35932075471698116
Crawford 2026,2026,2026-04-13,54,0.30612244897959184,0.37037037037037035,0.3526666666666667
Crawford 2026,2026,2026-04-14,55,0.3,0.36363636363636365,0.3462545454545455
Crawford 2026,2026,2026-04-14,56,0.29411764705882354,0.35714285714285715,0.3400714285714286
Crawford 2026,2026,2026-04-14,57,0.28846153846153844,0.3508771929824561,0.33410526315789474
Crawford 2026,2026,2026-04-15,58,0.2830188679245283,0.3448275862068966,0.3283448275862069
Crawford 2026,2026,2026-04-17,59,0.2830188679245283,0.3559322033898305,0.335135593220339
Crawford 2026,2026,2026-04-17,60,0.2777777777777778,0.35,0.32955
Crawford 2026,2026,2026-04-17,61,0.2727272727272727,0.3442622950819672,0.32414754098360654
Crawford 2026,2026,2026-04-19,62,0.26785714285714285,0.3387096774193548,0.31891935483870965
Crawford 2026,2026,2026-04-19,63,0.2807017543859649,0.3492063492063492,0.32796825396825396
Crawford 2026,2026,2026-04-19,64,0.27586206896551724,0.34375,0.32284375
Crawford 2026,2026,2026-04-19,65,0.27586206896551724,0.35384615384615387,0.3286153846153846
Crawford 2026,2026,2026-04-20,66,0.27586206896551724,0.36363636363636365,0.3342121212121212
Crawford 2026,2026,2026-04-20,67,0.288135593220339,0.373134328358209,0.34802985074626863
Crawford 2026,2026,2026-04-20,68,0.2833333333333333,0.36764705882352944,0.3429117647058823
Crawford 2026,2026,2026-04-20,69,0.2833333333333333,0.37681159420289856,0.3480579710144927
Crawford 2026,2026,2026-04-22,70,0.2786885245901639,0.37142857142857144,0.34308571428571427
Crawford 2026,2026,2026-04-22,71,0.27419354838709675,0.36619718309859156,0.33825352112676055
Crawford 2026,2026,2026-04-22,72,0.2857142857142857,0.375,0.3459027777777778
Crawford 2026,2026,2026-04-22,73,0.28125,0.3698630136986301,0.34116438356164386
Crawford 2026,2026,2026-04-23,74,0.27692307692307694,0.36486486486486486,0.3365540540540541
Crawford 2026,2026,2026-04-23,75,0.2727272727272727,0.36,0.3320666666666667
Crawford 2026,2026,2026-04-23,76,0.26865671641791045,0.35526315789473684,0.3276973684210526
Crawford 2026,2026,2026-04-23,77,0.2647058823529412,0.35064935064935066,0.3234415584415585
Crawford 2026,2026,2026-04-23,78,0.2608695652173913,0.34615384615384615,0.3192948717948718
Crawford 2026,2026,2026-04-24,79,0.2571428571428571,0.34177215189873417,0.31525316455696206
Crawford 2026,2026,2026-04-24,80,0.2535211267605634,0.3375,0.3113125
Crawford 2026,2026,2026-04-24,81,0.25,0.3333333333333333,0.30746913580246915
Crawford 2026,2026,2026-04-24,82,0.2465753424657534,0.32926829268292684,0.30371951219512194
Crawford 2026,2026,2026-04-25,83,0.24324324324324326,0.3253012048192771,0.3000602409638554
Crawford 2026,2026,2026-04-25,84,0.24,0.32142857142857145,0.2964880952380953
Crawford 2026,2026,2026-04-25,85,0.23684210526315788,0.3176470588235294,0.29300000000000004
Crawford 2026,2026,2026-04-25,86,0.24675324675324675,0.32558139534883723,0.29993023255813955
Crawford 2026,2026,2026-04-25,87,0.24358974358974358,0.3218390804597701,0.2964827586206897
Crawford 2026,2026,2026-04-28,88,0.24050632911392406,0.3181818181818182,0.29311363636363635
Crawford 2026,2026,2026-04-28,89,0.2375,0.3146067415730337,0.2898202247191011
Crawford 2026,2026,2026-04-28,90,0.2345679012345679,0.3111111111111111,0.2866
Crawford 2026,2026,2026-04-28,91,0.24390243902439024,0.31868131868131866,0.29321978021978023
Crawford 2026,2026,2026-04-30,92,0.25301204819277107,0.32608695652173914,0.30734782608695654
Crawford 2026,2026,2026-04-30,93,0.25,0.3225806451612903,0.3040430107526882
Crawford 2026,2026,2026-04-30,94,0.24705882352941178,0.3191489361702128,0.3008085106382979
Crawford 2026,2026,2026-04-30,95,0.2441860465116279,0.3157894736842105,0.2976421052631579
Crawford 2026,2026,2026-04-30,96,0.2413793103448276,0.3125,0.29454166666666665
Crawford 2026,2026,2026-04-30,97,0.25,0.31958762886597936,0.30067010309278347
Crawford 2026,2026,2026-04-30,98,0.25842696629213485,0.32653061224489793,0.3066734693877551
Crawford 2026,2026,2026-04-30,99,0.26666666666666666,0.3333333333333333,0.31255555555555553
Crawford 2026,2026,2026-05-01,100,0.26373626373626374,0.33,0.30943
Crawford 2026,2026,2026-05-01,101,0.2717391304347826,0.33663366336633666,0.31884158415841585
Crawford 2026,2026,2026-05-01,102,0.2717391304347826,0.3431372549019608,0.32255882352941173
Crawford 2026,2026,2026-05-01,103,0.26881720430107525,0.33980582524271846,0.31942718446601936
Crawford 2026,2026,2026-05-03,104,0.26595744680851063,0.33653846153846156,0.3163557692307692
Crawford 2026,2026,2026-05-03,105,0.2736842105263158,0.34285714285714286,0.3218095238095238
Crawford 2026,2026,2026-05-03,106,0.2708333333333333,0.33962264150943394,0.3187735849056604
Crawford 2026,2026,2026-05-03,107,0.26804123711340205,0.3364485981308411,0.3157943925233645
Crawford 2026,2026,2026-05-04,108,0.2653061224489796,0.3333333333333333,0.31287037037037035
Crawford 2026,2026,2026-05-04,109,0.26262626262626265,0.3302752293577982,0.31
Crawford 2026,2026,2026-05-04,110,0.26,0.32727272727272727,0.30718181818181817
Crawford 2026,2026,2026-05-05,111,0.25742574257425743,0.32432432432432434,0.3044144144144144
Crawford 2026,2026,2026-05-05,112,0.2647058823529412,0.33035714285714285,0.3096339285714286
Crawford 2026,2026,2026-05-05,113,0.2621359223300971,0.3274336283185841,0.30689380530973454
Crawford 2026,2026,2026-05-05,114,0.2692307692307692,0.3333333333333333,0.3152543859649123
Crawford 2026,2026,2026-05-06,115,0.26666666666666666,0.33043478260869563,0.31251304347826087
Crawford 2026,2026,2026-05-06,116,0.2641509433962264,0.3275862068965517,0.30981896551724136
Crawford 2026,2026,2026-05-07,117,0.2616822429906542,0.3247863247863248,0.30717094017094015
Crawford 2026,2026,2026-05-07,118,0.25925925925925924,0.3220338983050847,0.3045677966101695
Crawford 2026,2026,2026-05-07,119,0.26605504587155965,0.3277310924369748,0.30947899159663866
Crawford 2026,2026,2026-05-08,120,0.26605504587155965,0.3333333333333333,0.31271666666666664
Crawford 2026,2026,2026-05-08,121,0.2636363636363636,0.3305785123966942,0.31013223140495866
Crawford 2026,2026,2026-05-08,122,0.2702702702702703,0.3360655737704918,0.3148770491803279
Crawford 2026,2026,2026-05-08,123,0.2767857142857143,0.34146341463414637,0.32893495934959355
Crawford 2026,2026,2026-05-08,124,0.2831858407079646,0.3467741935483871,0.3334516129032258
Crawford 2026,2026,2026-05-09,125,0.2807017543859649,0.344,0.33078399999999997
Crawford 2026,2026,2026-05-10,126,0.2782608695652174,0.3412698412698413,0.32815873015873015
Crawford 2026,2026,2026-05-10,127,0.27586206896551724,0.33858267716535434,0.3255748031496063
Crawford 2026,2026,2026-05-10,128,0.27586206896551724,0.34375,0.328484375
Crawford 2026,2026,2026-05-12,129,0.27586206896551724,0.3488372093023256,0.3313488372093023
Crawford 2026,2026,2026-05-12,130,0.27350427350427353,0.34615384615384615,0.3288
Crawford 2026,2026,2026-05-12,131,0.2711864406779661,0.3435114503816794,0.32629007633587787
Crawford 2026,2026,2026-05-13,132,0.2773109243697479,0.3484848484848485,0.3393030303030303
Crawford 2026,2026,2026-05-13,133,0.275,0.3458646616541353,0.3367518796992481
Crawford 2026,2026,2026-05-13,134,0.2727272727272727,0.34328358208955223,0.3342388059701492
Crawford 2026,2026,2026-05-14,135,0.27049180327868855,0.34074074074074073,0.3317629629629629
Crawford 2026,2026,2026-05-15,136,0.2682926829268293,0.3382352941176471,0.3293235294117647
Crawford 2026,2026,2026-05-15,137,0.2661290322580645,0.3357664233576642,0.32691970802919706
Crawford 2026,2026,2026-05-15,138,0.272,0.34057971014492755,0.3309927536231884
Crawford 2026,2026,2026-05-15,139,0.2698412698412698,0.3381294964028777,0.3286115107913669
Crawford 2026,2026,2026-05-15,140,0.2755905511811024,0.34285714285714286,0.33261428571428575
Crawford 2026,2026,2026-05-16,141,0.2734375,0.3404255319148936,0.3302553191489362
Crawford 2026,2026,2026-05-16,142,0.2734375,0.34507042253521125,0.3328450704225352
Crawford 2026,2026,2026-05-16,143,0.2713178294573643,0.34265734265734266,0.3305174825174825
Crawford 2026,2026,2026-05-16,144,0.2713178294573643,0.3472222222222222,0.3330694444444444
Crawford 2026,2026,2026-05-17,145,0.2692307692307692,0.3448275862068966,0.3307724137931034
Crawford 2026,2026,2026-05-17,146,0.26717557251908397,0.3424657534246575,0.32850684931506846
Crawford 2026,2026,2026-05-17,147,0.26515151515151514,0.3401360544217687,0.3262721088435374
Crawford 2026,2026,2026-05-17,148,0.2631578947368421,0.33783783783783783,0.32406756756756755
Crawford 2026,2026,2026-05-18,149,0.26119402985074625,0.33557046979865773,0.3218926174496644
Crawford 2026,2026,2026-05-18,150,0.26666666666666666,0.34,0.3256733333333333
Crawford 2026,2026,2026-05-18,151,0.2647058823529412,0.33774834437086093,0.3235165562913907
Crawford 2026,2026,2026-05-18,152,0.26277372262773724,0.3355263157894737,0.32138815789473685
Crawford 2026,2026,2026-05-19,153,0.2608695652173913,0.3333333333333333,0.3192875816993464
Crawford 2026,2026,2026-05-19,154,0.2589928057553957,0.33116883116883117,0.3172142857142857
Crawford 2026,2026,2026-05-20,155,0.2571428571428571,0.32903225806451614,0.31516774193548386
Crawford 2026,2026,2026-05-20,156,0.2553191489361702,0.3269230769230769,0.3131474358974359
Crawford 2026,2026,2026-05-22,157,0.2535211267605634,0.3248407643312102,0.3111528662420382
Crawford 2026,2026,2026-05-22,158,0.2517482517482518,0.3227848101265823,0.30918354430379746
Crawford 2026,2026,2026-05-22,159,0.25,0.32075471698113206,0.3072389937106918
Crawford 2026,2026,2026-05-23,160,0.2482758620689655,0.31875,0.30531874999999997
Crawford 2026,2026,2026-05-23,161,0.2465753424657534,0.3167701863354037,0.3034223602484472
Crawford 2026,2026,2026-05-23,162,0.24489795918367346,0.3148148148148148,0.30154938271604936
Crawford 2026,2026,2026-05-23,163,0.24324324324324326,0.3128834355828221,0.2996993865030675
Crawford 2026,2026,2026-05-24,164,0.24161073825503357,0.31097560975609756,0.2978719512195122
Crawford 2026,2026,2026-05-24,165,0.24,0.3090909090909091,0.29606666666666664
Crawford 2026,2026,2026-05-25,166,0.23841059602649006,0.3072289156626506,0.29428313253012045
Crawford 2026,2026,2026-05-25,167,0.23684210526315788,0.30538922155688625,0.2925209580838323
Crawford 2026,2026,2026-05-25,168,0.23529411764705882,0.30357142857142855,0.2907797619047619
Crawford 2026,2026,2026-05-26,169,0.23376623376623376,0.30177514792899407,0.2890591715976331
Crawford 2026,2026,2026-05-26,170,0.23225806451612904,0.3,0.2873588235294118
Crawford 2026,2026,2026-05-26,171,0.23076923076923078,0.2982456140350877,0.2856783625730994
Crawford 2026,2026,2026-05-26,172,0.22929936305732485,0.29651162790697677,0.2840174418604651
Crawford 2026,2026,2026-05-27,173,0.22784810126582278,0.2947976878612717,0.2823757225433526
Crawford 2026,2026,2026-05-27,174,0.23270440251572327,0.2988505747126437,0.28586206896551725
Crawford 2026,2026,2026-05-27,175,0.23125,0.29714285714285715,0.28422857142857144
Crawford 2026,2026,2026-05-30,176,0.22981366459627328,0.29545454545454547,0.2826136363636364
Crawford 2026,2026,2026-05-30,177,0.22839506172839505,0.2937853107344633,0.2810169491525424
Crawford 2026,2026,2026-05-30,178,0.2331288343558282,0.29775280898876405,0.2844325842696629
Crawford 2026,2026,2026-05-31,179,0.23170731707317074,0.29608938547486036,0.2828435754189944
Crawford 2026,2026,2026-05-31,180,0.23636363636363636,0.3,0.2882722222222222
Crawford 2026,2026,2026-05-31,181,0.23493975903614459,0.2983425414364641,0.2866795580110497
Crawford 2026,2026,2026-05-31,182,0.23353293413173654,0.2967032967032967,0.2851043956043956
Crawford 2026,2026,2026-06-02,183,0.23214285714285715,0.29508196721311475,0.2835464480874317
Crawford 2026,2026,2026-06-02,184,0.23076923076923078,0.29347826086956524,0.2820054347826087
Crawford 2026,2026,2026-06-02,185,0.23529411764705882,0.2972972972972973,0.28528648648648647
Crawford 2026,2026,2026-06-02,186,0.23391812865497075,0.2956989247311828,0.283752688172043
Crawford 2026,2026,2026-06-03,187,0.23255813953488372,0.29411764705882354,0.28223529411764703
Crawford 2026,2026,2026-06-03,188,0.23121387283236994,0.2925531914893617,0.2807340425531915
Crawford 2026,2026,2026-06-03,189,0.22988505747126436,0.291005291005291,0.27924867724867725
Crawford 2026,2026,2026-06-04,190,0.22857142857142856,0.2894736842105263,0.27777894736842107
Crawford 2026,2026,2026-06-04,191,0.23295454545454544,0.2931937172774869,0.28292146596858636
Crawford 2026,2026,2026-06-04,192,0.23295454545454544,0.296875,0.2850833333333333
Crawford 2026,2026,2026-06-04,193,0.23163841807909605,0.29533678756476683,0.2836062176165803
Crawford 2026,2026,2026-06-06,194,0.2303370786516854,0.29381443298969073,0.2821443298969072
Crawford 2026,2026,2026-06-06,195,0.22905027932960895,0.2923076923076923,0.2806974358974359
Crawford 2026,2026,2026-06-07,196,0.23333333333333334,0.29591836734693877,0.28380102040816324
Crawford 2026,2026,2026-06-07,197,0.23204419889502761,0.29441624365482233,0.2823604060913706
Crawford 2026,2026,2026-06-07,198,0.23076923076923078,0.29292929292929293,0.2809343434343434
Crawford 2026,2026,2026-06-07,199,0.22950819672131148,0.2914572864321608,0.2795226130653266
Crawford 2026,2026,2026-06-08,200,0.23369565217391305,0.295,0.28257
Crawford 2026,2026,2026-06-09,201,0.23243243243243245,0.2935323383084577,0.2811641791044776
Crawford 2026,2026,2026-06-09,202,0.23118279569892472,0.29207920792079206,0.27977227722772274
Crawford 2026,2026,2026-06-10,203,0.22994652406417113,0.29064039408866993,0.27839408866995075
Crawford 2026,2026,2026-06-10,204,0.23404255319148937,0.29411764705882354,0.28138725490196076
Crawford 2026,2026,2026-06-10,205,0.2328042328042328,0.2926829268292683,0.2800146341463415
Crawford 2026,2026,2026-06-10,206,0.23157894736842105,0.2912621359223301,0.27865533980582524
Crawford 2026,2026,2026-06-12,207,0.23036649214659685,0.2898550724637681,0.2773091787439613
Crawford 2026,2026,2026-06-12,208,0.22916666666666666,0.28846153846153844,0.27597596153846154
Crawford 2026,2026,2026-06-12,209,0.22797927461139897,0.28708133971291866,0.2746555023923445
Crawford 2026,2026,2026-06-13,210,0.2268041237113402,0.2857142857142857,0.27334761904761906
Crawford 2026,2026,2026-06-14,211,0.23076923076923078,0.2890995260663507,0.2762654028436019
Crawford 2026,2026,2026-06-15,212,0.22959183673469388,0.28773584905660377,0.2749622641509434
Crawford 2026,2026,2026-06-15,213,0.233502538071066,0.29107981220657275,0.2778450704225352
Crawford 2026,2026,2026-06-15,214,0.23737373737373738,0.29439252336448596,0.28070093457943923
Crawford 2026,2026,2026-06-15,215,0.24120603015075376,0.29767441860465116,0.2835302325581395
Crawford 2026,2026,2026-06-16,216,0.24,0.2962962962962963,0.28221759259259255
Crawford 2026,2026,2026-06-16,217,0.23880597014925373,0.29493087557603687,0.28091705069124423
Crawford 2026,2026,2026-06-16,218,0.2376237623762376,0.29357798165137616,0.2796284403669725
Crawford 2026,2026,2026-06-17,219,0.2413793103448276,0.2968036529680365,0.2824109589041096
Crawford 2026,2026,2026-06-17,220,0.24019607843137256,0.29545454545454547,0.2811272727272727
Crawford 2026,2026,2026-06-17,221,0.23902439024390243,0.29411764705882354,0.2798552036199095
Crawford 2026,2026,2026-06-17,222,0.23786407766990292,0.2927927927927928,0.27859459459459457
Crawford 2026,2026,2026-06-18,223,0.23671497584541062,0.2914798206278027,0.2773452914798206
Crawford 2026,2026,2026-06-18,224,0.23557692307692307,0.29017857142857145,0.27610714285714283
Crawford 2026,2026,2026-06-18,225,0.23444976076555024,0.28888888888888886,0.27488
Crawford 2026,2026,2026-06-18,226,0.23809523809523808,0.2920353982300885,0.27759734513274337
Crawford 2026,2026,2026-06-20,227,0.24170616113744076,0.29515418502202645,0.2819251101321586
Crawford 2026,2026,2026-06-20,228,0.24170616113744076,0.2982456140350877,0.28374999999999995
Crawford 2026,2026,2026-06-20,229,0.24056603773584906,0.29694323144104806,0.28251091703056763
Crawford 2026,2026,2026-06-20,230,0.24413145539906103,0.3,0.28514782608695655
Crawford 2026,2026,2026-06-23,231,0.24299065420560748,0.2987012987012987,0.28391341991341995
Crawford 2026,2026,2026-06-23,232,0.24651162790697675,0.3017241379310345,0.2881206896551724
Crawford 2026,2026,2026-06-23,233,0.24537037037037038,0.30042918454935624,0.2868841201716738
Crawford 2026,2026,2026-06-23,234,0.24423963133640553,0.29914529914529914,0.28565811965811966
Crawford 2026,2026,2026-06-23,235,0.24423963133640553,0.3021276595744681,0.2874127659574468
Crawford 2026,2026,2026-06-24,236,0.24311926605504589,0.3008474576271186,0.2861949152542373
Crawford 2026,2026,2026-06-24,237,0.2420091324200913,0.29957805907172996,0.2849873417721519
Crawford 2026,2026,2026-06-24,238,0.2409090909090909,0.29831932773109243,0.2837899159663866
Crawford 2026,2026,2026-06-25,239,0.2398190045248869,0.29707112970711297,0.28260251046025103
Crawford 2026,2026,2026-06-25,240,0.24324324324324326,0.3,0.28512916666666666
Crawford 2026,2026,2026-06-25,241,0.24663677130044842,0.3029045643153527,0.2876348547717842
Crawford 2026,2026,2026-06-25,242,0.24553571428571427,0.30165289256198347,0.2864462809917355
Crawford 2026,2026,2026-06-25,243,0.24444444444444444,0.3004115226337449,0.2852674897119341
Crawford 2026,2026,2026-06-26,244,0.24336283185840707,0.29918032786885246,0.2840983606557377
Crawford 2026,2026,2026-06-26,245,0.2422907488986784,0.2979591836734694,0.2829387755102041
Crawford 2026,2026,2026-06-27,246,0.2412280701754386,0.2967479674796748,0.2817886178861788
Crawford 2026,2026,2026-06-27,247,0.24017467248908297,0.29554655870445345,0.2806477732793522
Crawford 2026,2026,2026-06-27,248,0.24347826086956523,0.29838709677419356,0.2831008064516129
Crawford 2026,2026,2026-06-28,249,0.24242424242424243,0.2971887550200803,0.2819638554216868
Crawford 2026,2026,2026-06-28,250,0.2413793103448276,0.296,0.28083600000000003
Crawford 2026,2026,2026-06-28,251,0.2446351931330472,0.29880478087649404,0.2832589641434263
Crawford 2026,2026,2026-06-28,252,0.24358974358974358,0.2976190476190476,0.2821349206349206
Crawford 2026,2026,2026-06-29,253,0.24680851063829787,0.30039525691699603,0.28453359683794466
Crawford 2026,2026,2026-06-29,254,0.2457627118644068,0.2992125984251969,0.2834133858267716
Crawford 2026,2026,2026-06-29,255,0.2489451476793249,0.30196078431372547,0.2857882352941177
Crawford 2026,2026,2026-06-29,256,0.24789915966386555,0.30078125,0.284671875
Crawford 2026,2026,2026-06-30,257,0.2510460251046025,0.3035019455252918,0.28702334630350196
Crawford 2026,2026,2026-06-30,258,0.25416666666666665,0.3062015503875969,0.2907945736434109
Crawford 2026,2026,2026-06-30,259,0.25416666666666665,0.3062015503875969,0.2907945736434109
Crawford 2026,2026,2026-06-30,260,0.2572614107883817,0.3088803088803089,0.2931042471042471
Crawford 2026,2026,2026-07-01,261,0.256198347107438,0.3076923076923077,0.2919769230769231
Crawford 2026,2026,2026-07-01,262,0.2551440329218107,0.3065134099616858,0.29085823754789275
Crawford 2026,2026,2026-07-01,263,0.2540983606557377,0.3053435114503817,0.2897480916030534
Crawford 2026,2026,2026-07-01,264,0.2571428571428571,0.30798479087452474,0.29202661596958174
Crawford 2026,2026,2026-07-02,265,0.25609756097560976,0.3068181818181818,0.2909204545454545
Crawford 2026,2026,2026-07-02,266,0.2550607287449393,0.30566037735849055,0.28982264150943393
Crawford 2026,2026,2026-07-02,267,0.2540322580645161,0.30451127819548873,0.2887330827067669
Crawford 2026,2026,2026-07-04,268,0.25301204819277107,0.30337078651685395,0.2876516853932584
Crawford 2026,2026,2026-07-04,269,0.256,0.30597014925373134,0.28989552238805966
Crawford 2026,2026,2026-07-04,270,0.2549800796812749,0.3048327137546468,0.288817843866171
Crawford 2026,2026,2026-07-04,271,0.25396825396825395,0.3037037037037037,0.28774814814814814
Crawford 2026,2026,2026-07-05,272,0.25396825396825395,0.3037037037037037,0.28774814814814814
Crawford 2026,2026,2026-07-05,273,0.25691699604743085,0.3062730627306273,0.2899667896678967
Crawford 2026,2026,2026-07-05,274,0.2559055118110236,0.30514705882352944,0.28890073529411764
Crawford 2026,2026,2026-07-06,275,0.2549019607843137,0.304029304029304,0.28784249084249086
Crawford 2026,2026,2026-07-07,276,0.2578125,0.30656934306569344,0.29003649635036494
Crawford 2026,2026,2026-07-07,277,0.2607003891050584,0.3090909090909091,0.29221454545454545
Crawford 2026,2026,2026-07-07,278,0.2596899224806202,0.3079710144927536,0.29115579710144923
Crawford 2026,2026,2026-07-07,279,0.25868725868725867,0.30685920577617326,0.2901046931407942
Crawford 2026,2026,2026-07-08,280,0.26153846153846155,0.30935251798561153,0.29479136690647484
Crawford 2026,2026,2026-07-08,281,0.26153846153846155,0.3118279569892473,0.29623655913978497
Crawford 2026,2026,2026-07-08,282,0.26053639846743293,0.3107142857142857,0.29517857142857146
Crawford 2026,2026,2026-07-08,283,0.2633587786259542,0.31316725978647686,0.2972918149466192
Crawford 2026,2026,2026-07-09,284,0.2623574144486692,0.3120567375886525,0.2962375886524823
Crawford 2026,2026,2026-07-09,285,0.26136363636363635,0.31095406360424027,0.2951908127208481
Crawford 2026,2026,2026-07-09,286,0.2641509433962264,0.31338028169014087,0.29728169014084505
Crawford 2026,2026,2026-07-16,287,0.2631578947368421,0.312280701754386,0.2962385964912281
Crawford 2026,2026,2026-07-16,288,0.26217228464419473,0.3111888111888112,0.2952027972027972
Crawford 2026,2026,2026-07-16,289,0.26119402985074625,0.31010452961672474,0.2941742160278746
Crawford 2026,2026,2026-07-18,290,0.26022304832713755,0.3090277777777778,0.29315277777777776
Crawford 2026,2026,2026-07-19,291,0.25925925925925924,0.3079584775086505,0.2921384083044983
Crawford 2026,2026,2026-07-19,292,0.25830258302583026,0.30689655172413793,0.2911310344827586
Crawford 2026,2026,2026-07-19,293,0.25735294117647056,0.30584192439862545,0.29013058419243987
Crawford 2026,2026,2026-07-20,294,0.25735294117647056,0.3047945205479452,0.28913698630136986
Crawford 2026,2026,2026-07-20,295,0.2600732600732601,0.30716723549488056,0.2911843003412969
Crawford 2026,2026,2026-07-20,296,0.2591240875912409,0.30612244897959184,0.2901938775510204
Crawford 2026,2026,2026-07-20,297,0.2581818181818182,0.3050847457627119,0.2892101694915254
Crawford 2026,2026,2026-07-24,298,0.2572463768115942,0.30405405405405406,0.2882331081081081
Crawford 2026,2026,2026-07-24,299,0.2563176895306859,0.30303030303030304,0.2872626262626262
Crawford 2026,2026,2026-07-25,300,0.25539568345323743,0.30201342281879195,0.2862986577181208
Crawford 2026,2026,2026-07-26,301,0.25448028673835127,0.3010033444816054,0.2853411371237458
Crawford 2026,2026,2026-07-26,302,0.25448028673835127,0.30333333333333334,0.28682
Crawford 2026,2026,2026-07-26,303,0.2571428571428571,0.30564784053156147,0.2888205980066445
Crawford 2026,2026,2026-07-26,304,0.25622775800711745,0.304635761589404,0.28786423841059605
Crawford 2026,2026,2026-07-27,305,0.2553191489361702,0.30363036303630364,0.28691419141914193
Crawford 2026,2026,2026-07-27,306,0.254416961130742,0.3026315789473684,0.2859703947368421
Crawford 2026,2026,2026-07-27,307,0.25704225352112675,0.30491803278688523,0.28794754098360653
Crawford 2026,2026,2026-07-27,308,0.256140350877193,0.30392156862745096,0.2870065359477124
Crawford 2026,2026,2026-07-28,309,0.25524475524475526,0.30293159609120524,0.286071661237785
Crawford 2026,2026,2026-07-28,310,0.25435540069686413,0.30194805194805197,0.28514285714285714
Crawford 2026,2026,2026-07-28,311,0.2534722222222222,0.30097087378640774,0.28422006472491906
Crawford 2026,2026,2026-07-29,312,0.2560553633217993,0.3032258064516129,0.28617096774193546
Crawford 2026,2026,2026-07-29,313,0.25862068965517243,0.3054662379421222,0.28810932475884243
Crawford 2026,2026,2026-07-29,314,0.25862068965517243,0.3076923076923077,0.2894230769230769
Crawford 2026,2026,2026-07-29,315,0.25773195876288657,0.30670926517571884,0.2884984025559105
Crawford 2026,2026,2026-07-31,316,0.2568493150684932,0.3057324840764331,0.2875796178343949
Crawford 2026,2026,2026-07-31,317,0.25597269624573377,0.3047619047619048,0.2866666666666667
Crawford 2026,2026,2026-07-31,318,0.2585034013605442,0.3069620253164557,0.28857278481012655
Crawford 2026,2026,2026-07-31,319,0.2576271186440678,0.305993690851735,0.2876624605678233
Crawford 2026,2026,2026-08-01,320,0.25675675675675674,0.3050314465408805,0.2867578616352201
Crawford 2026,2026,2026-08-01,321,0.2558922558922559,0.30407523510971785,0.285858934169279
Crawford 2026,2026,2026-08-01,322,0.2550335570469799,0.303125,0.284965625
Crawford 2026,2026,2026-08-01,323,0.25752508361204013,0.3052959501557632,0.2868473520249221
Crawford 2026,2026,2026-08-02,324,0.26,0.30745341614906835,0.28986956521739127
Crawford 2026,2026,2026-08-02,325,0.2591362126245847,0.3065015479876161,0.2889721362229102
Crawford 2026,2026,2026-08-02,326,0.26158940397350994,0.30864197530864196,0.29082407407407407
Crawford 2026,2026,2026-08-04,327,0.264026402640264,0.31076923076923074,0.29266461538461536
Crawford 2026,2026,2026-08-04,328,0.2631578947368421,0.3098159509202454,0.29176687116564415
Crawford 2026,2026,2026-08-04,329,0.26557377049180325,0.3119266055045872,0.2935932721712538
Crawford 2026,2026,2026-08-04,330,0.2647058823529412,0.31097560975609756,0.2926981707317073
Crawford 2026,2026,2026-08-05,331,0.2647058823529412,0.3100303951367781,0.2918085106382979
Crawford 2026,2026,2026-08-05,332,0.26384364820846906,0.3090909090909091,0.2909242424242424
Crawford 2026,2026,2026-08-06,333,0.2662337662337662,0.311178247734139,0.29273111782477346
Crawford 2026,2026,2026-08-06,334,0.26537216828478966,0.3102409638554217,0.29184939759036144
Crawford 2026,2026,2026-08-06,335,0.26537216828478966,0.3102409638554217,0.29184939759036144
Crawford 2026,2026,2026-08-06,336,0.2645161290322581,0.30930930930930933,0.290972972972973
Crawford 2026,2026,2026-08-07,337,0.26366559485530544,0.3083832335329341,0.29010179640718564
Crawford 2026,2026,2026-08-07,338,0.266025641025641,0.31044776119402984,0.2929970149253731
Crawford 2026,2026,2026-08-07,339,0.266025641025641,0.3125,0.29420238095238094
Crawford 2026,2026,2026-08-07,340,0.266025641025641,0.314540059347181,0.2954005934718101
Crawford 2026,2026,2026-08-08,341,0.26517571884984026,0.3136094674556213,0.2945266272189349
Crawford 2026,2026,2026-08-08,342,0.2643312101910828,0.31268436578171094,0.2936578171091445
Crawford 2026,2026,2026-08-08,343,0.26666666666666666,0.31470588235294117,0.2974794117647059
Crawford 2026,2026,2026-08-08,344,0.26666666666666666,0.31671554252199413,0.2986539589442815
Crawford 2026,2026,2026-08-08,345,0.26582278481012656,0.3157894736842105,0.2977807017543859
Crawford 2026,2026,2026-08-09,346,0.26813880126182965,0.3177842565597668,0.29950437317784256
Crawford 2026,2026,2026-08-09,347,0.2672955974842767,0.3168604651162791,0.29863372093023255
Crawford 2026,2026,2026-08-10,348,0.2664576802507837,0.3159420289855073,0.297768115942029
Crawford 2026,2026,2026-08-10,349,0.265625,0.315028901734104,0.29690751445086705
Crawford 2026,2026,2026-08-10,350,0.26479750778816197,0.31412103746397696,0.2960518731988473
Crawford 2026,2026,2026-08-10,351,0.2670807453416149,0.3160919540229885,0.29882183908045973
Crawford 2026,2026,2026-08-11,352,0.26625386996904027,0.3151862464183381,0.29796561604584526
Crawford 2026,2026,2026-08-11,353,0.2654320987654321,0.3142857142857143,0.2971142857142857
Crawford 2026,2026,2026-08-11,354,0.26461538461538464,0.31339031339031337,0.29626780626780624
Crawford 2026,2026,2026-08-12,355,0.2668711656441718,0.3153409090909091,0.29795170454545455
Crawford 2026,2026,2026-08-12,356,0.26605504587155965,0.31444759206798867,0.2971076487252125
Crawford 2026,2026,2026-08-12,357,0.2652439024390244,0.3135593220338983,0.29626836158192094
Crawford 2026,2026,2026-08-13,358,0.26443768996960487,0.3126760563380282,0.2954338028169014
Crawford 2026,2026,2026-08-13,359,0.2636363636363636,0.31179775280898875,0.2946039325842697
Crawford 2026,2026,2026-08-13,360,0.26586102719033233,0.3137254901960784,0.2962689075630252
Crawford 2026,2026,2026-08-13,361,0.26506024096385544,0.3128491620111732,0.2954413407821229
Herrera 2015,2015,2015-04-06,1,0.0,0.0,0.0
Herrera 2015,2015,2015-04-06,2,0.0,0.0,0.0
Herrera 2015,2015,2015-04-06,3,0.0,0.0,0.0
Herrera 2015,2015,2015-04-06,4,0.0,0.0,0.0
Herrera 2015,2015,2015-04-10,5,0.0,0.0,0.0
Herrera 2015,2015,2015-04-11,6,0.0,0.16666666666666666,0.1145
Herrera 2015,2015,2015-04-11,7,0.0,0.14285714285714285,0.09814285714285716
Herrera 2015,2015,2015-04-11,8,0.0,0.125,0.085875
Herrera 2015,2015,2015-04-11,9,0.0,0.1111111111111111,0.07633333333333334
Herrera 2015,2015,2015-04-11,10,0.1111111111111111,0.2,0.1943
Herrera 2015,2015,2015-04-12,11,0.2,0.2727272727272727,0.2567272727272727
Herrera 2015,2015,2015-04-12,12,0.18181818181818182,0.25,0.2353333333333333
Herrera 2015,2015,2015-04-12,13,0.16666666666666666,0.23076923076923078,0.21723076923076923
Herrera 2015,2015,2015-04-12,14,0.15384615384615385,0.21428571428571427,0.2017142857142857
Herrera 2015,2015,2015-04-12,15,0.21428571428571427,0.26666666666666666,0.247
Herrera 2015,2015,2015-04-13,16,0.2,0.25,0.2315625
Herrera 2015,2015,2015-04-13,17,0.25,0.29411764705882354,0.26976470588235296
Herrera 2015,2015,2015-04-13,18,0.23529411764705882,0.2777777777777778,0.25477777777777777
Herrera 2015,2015,2015-04-13,19,0.2222222222222222,0.2631578947368421,0.2413684210526316
Herrera 2015,2015,2015-04-14,20,0.21052631578947367,0.25,0.2293
Herrera 2015,2015,2015-04-14,21,0.2,0.23809523809523808,0.2183809523809524
Herrera 2015,2015,2015-04-14,22,0.19047619047619047,0.22727272727272727,0.20845454545454548
Herrera 2015,2015,2015-04-14,23,0.18181818181818182,0.21739130434782608,0.1993913043478261
Herrera 2015,2015,2015-04-14,24,0.17391304347826086,0.20833333333333334,0.19108333333333336
Herrera 2015,2015,2015-04-15,25,0.20833333333333334,0.24,0.24719999999999998
Herrera 2015,2015,2015-04-15,26,0.2,0.23076923076923078,0.23769230769230767
Herrera 2015,2015,2015-04-15,27,0.23076923076923078,0.25925925925925924,0.2754074074074074
Herrera 2015,2015,2015-04-15,28,0.25925925925925924,0.2857142857142857,0.31042857142857144
Herrera 2015,2015,2015-04-15,29,0.25,0.27586206896551724,0.2997241379310345
Herrera 2015,2015,2015-04-16,30,0.2413793103448276,0.26666666666666666,0.28973333333333334
Herrera 2015,2015,2015-04-16,31,0.23333333333333334,0.25806451612903225,0.28038709677419354
Herrera 2015,2015,2015-04-16,32,0.22580645161290322,0.25,0.271625
Herrera 2015,2015,2015-04-16,33,0.22580645161290322,0.2727272727272727,0.2842121212121212
Herrera 2015,2015,2015-04-17,34,0.25,0.29411764705882354,0.30176470588235293
Herrera 2015,2015,2015-04-17,35,0.2727272727272727,0.3142857142857143,0.3386857142857143
Herrera 2015,2015,2015-04-17,36,0.2647058823529412,0.3055555555555556,0.3292777777777778
Herrera 2015,2015,2015-04-17,37,0.2571428571428571,0.2972972972972973,0.3203783783783784
Herrera 2015,2015,2015-04-18,38,0.25,0.2894736842105263,0.31194736842105264
Herrera 2015,2015,2015-04-18,39,0.2702702702702703,0.3076923076923077,0.33615384615384614
Herrera 2015,2015,2015-04-18,40,0.2702702702702703,0.325,0.34492500000000004
Herrera 2015,2015,2015-04-18,41,0.2894736842105263,0.34146341463414637,0.35800000000000004
Herrera 2015,2015,2015-04-18,42,0.3076923076923077,0.35714285714285715,0.370452380952381
Herrera 2015,2015,2015-04-19,43,0.3,0.3488372093023256,0.3618372093023256
Herrera 2015,2015,2015-04-19,44,0.2926829268292683,0.3409090909090909,0.3536136363636364
Herrera 2015,2015,2015-04-19,45,0.2857142857142857,0.3333333333333333,0.3457555555555556
Herrera 2015,2015,2015-04-19,46,0.3023255813953488,0.34782608695652173,0.3655434782608696
Herrera 2015,2015,2015-04-21,47,0.29545454545454547,0.3404255319148936,0.35776595744680856
Herrera 2015,2015,2015-04-21,48,0.28888888888888886,0.3333333333333333,0.3503125
Herrera 2015,2015,2015-04-21,49,0.2826086956521739,0.32653061224489793,0.34316326530612246
Herrera 2015,2015,2015-04-21,50,0.2978723404255319,0.34,0.35392
Herrera 2015,2015,2015-04-22,51,0.3125,0.35294117647058826,0.36425490196078436
Herrera 2015,2015,2015-04-22,52,0.30612244897959184,0.34615384615384615,0.35725
Herrera 2015,2015,2015-04-22,53,0.3,0.33962264150943394,0.3505094339622642
Herrera 2015,2015,2015-04-22,54,0.29411764705882354,0.3333333333333333,0.34401851851851856
Herrera 2015,2015,2015-04-23,55,0.28846153846153844,0.32727272727272727,0.3377636363636364
Herrera 2015,2015,2015-04-23,56,0.2830188679245283,0.32142857142857145,0.33173214285714286
Herrera 2015,2015,2015-04-23,57,0.2777777777777778,0.3157894736842105,0.32591228070175443
Herrera 2015,2015,2015-04-23,58,0.2909090909090909,0.3275862068965517,0.3354827586206897
Herrera 2015,2015,2015-04-24,59,0.30357142857142855,0.3389830508474576,0.344728813559322
Herrera 2015,2015,2015-04-24,60,0.2982456140350877,0.3333333333333333,0.3389833333333333
Herrera 2015,2015,2015-04-24,61,0.29310344827586204,0.32786885245901637,0.3334262295081967
Herrera 2015,2015,2015-04-24,62,0.288135593220339,0.3225806451612903,0.3280483870967742
Herrera 2015,2015,2015-04-25,63,0.3,0.3333333333333333,0.3368253968253968
Herrera 2015,2015,2015-04-25,64,0.29508196721311475,0.328125,0.3315625
Herrera 2015,2015,2015-04-25,65,0.2903225806451613,0.3230769230769231,0.32646153846153847
Herrera 2015,2015,2015-04-25,66,0.2857142857142857,0.3181818181818182,0.3215151515151515
Herrera 2015,2015,2015-04-26,67,0.28125,0.31343283582089554,0.31671641791044775
Herrera 2015,2015,2015-04-26,68,0.28125,0.3235294117647059,0.32216176470588237
Herrera 2015,2015,2015-04-26,69,0.27692307692307694,0.3188405797101449,0.3174927536231884
Herrera 2015,2015,2015-04-26,70,0.2727272727272727,0.3142857142857143,0.3129571428571429
Herrera 2015,2015,2015-04-27,71,0.2835820895522388,0.323943661971831,0.32095774647887326
Herrera 2015,2015,2015-04-27,72,0.29411764705882354,0.3333333333333333,0.3287361111111111
Herrera 2015,2015,2015-04-27,73,0.2898550724637681,0.3287671232876712,0.32423287671232875
Herrera 2015,2015,2015-04-27,74,0.3,0.33783783783783783,0.33175675675675675
Herrera 2015,2015,2015-04-28,75,0.3,0.33783783783783783,0.33175675675675675
Herrera 2015,2015,2015-04-28,76,0.30985915492957744,0.3466666666666667,0.34408
Herrera 2015,2015,2015-04-28,77,0.3055555555555556,0.34210526315789475,0.3395526315789474
Herrera 2015,2015,2015-04-28,78,0.3013698630136986,0.33766233766233766,0.33514285714285713
Herrera 2015,2015,2015-04-28,79,0.2972972972972973,0.3333333333333333,0.33084615384615385
Herrera 2015,2015,2015-04-29,80,0.29333333333333333,0.3291139240506329,0.3266582278481013
Herrera 2015,2015,2015-04-29,81,0.3026315789473684,0.3375,0.33358750000000004
Herrera 2015,2015,2015-04-29,82,0.3116883116883117,0.345679012345679,0.3403456790123457
Herrera 2015,2015,2015-04-29,83,0.3076923076923077,0.34146341463414637,0.33619512195121953
Herrera 2015,2015,2015-04-29,84,0.3037974683544304,0.3373493975903614,0.332144578313253
Herrera 2015,2015,2015-04-30,85,0.3,0.3333333333333333,0.3281904761904762
Herrera 2015,2015,2015-04-30,86,0.30864197530864196,0.3411764705882353,0.33469411764705886
Herrera 2015,2015,2015-04-30,87,0.3048780487804878,0.3372093023255814,0.3308023255813954
Herrera 2015,2015,2015-04-30,88,0.30120481927710846,0.3333333333333333,0.327
Herrera 2015,2015,2015-05-01,89,0.2976190476190476,0.32954545454545453,0.32328409090909094
Herrera 2015,2015,2015-05-01,90,0.3058823529411765,0.33707865168539325,0.32955056179775283
Herrera 2015,2015,2015-05-01,91,0.3023255813953488,0.3333333333333333,0.3258888888888889
Herrera 2015,2015,2015-05-01,92,0.2988505747126437,0.32967032967032966,0.32230769230769235
Herrera 2015,2015,2015-05-02,93,0.29545454545454547,0.32608695652173914,0.31880434782608696
Herrera 2015,2015,2015-05-02,94,0.29213483146067415,0.3225806451612903,0.3153763440860215
Herrera 2015,2015,2015-05-02,95,0.28888888888888886,0.3191489361702128,0.3120212765957447
Herrera 2015,2015,2015-05-02,96,0.2967032967032967,0.3263157894736842,0.3180105263157895
Herrera 2015,2015,2015-05-03,97,0.30434782608695654,0.3333333333333333,0.32387499999999997
Herrera 2015,2015,2015-05-04,98,0.3010752688172043,0.32989690721649484,0.32053608247422677
Herrera 2015,2015,2015-05-04,99,0.2978723404255319,0.32653061224489793,0.31726530612244896
Herrera 2015,2015,2015-05-04,100,0.29473684210526313,0.32323232323232326,0.31406060606060604
Herrera 2015,2015,2015-05-04,101,0.2916666666666667,0.32,0.31092
Herrera 2015,2015,2015-05-04,102,0.28865979381443296,0.31683168316831684,0.30784158415841584
Herrera 2015,2015,2015-05-05,103,0.2857142857142857,0.3137254901960784,0.3048235294117647
Herrera 2015,2015,2015-05-05,104,0.2828282828282828,0.3106796116504854,0.3018640776699029
Herrera 2015,2015,2015-05-05,105,0.28,0.3076923076923077,0.29896153846153845
Herrera 2015,2015,2015-05-06,106,0.2871287128712871,0.3142857142857143,0.3045047619047619
Herrera 2015,2015,2015-05-06,107,0.28431372549019607,0.3113207547169811,0.3016320754716981
Herrera 2015,2015,2015-05-06,108,0.2912621359223301,0.3177570093457944,0.3070467289719626
Herrera 2015,2015,2015-05-06,109,0.28846153846153844,0.3148148148148148,0.3042037037037037
Herrera 2015,2015,2015-05-06,110,0.2857142857142857,0.3119266055045872,0.3014128440366972
Herrera 2015,2015,2015-05-08,111,0.2830188679245283,0.3090909090909091,0.29867272727272726
Herrera 2015,2015,2015-05-08,112,0.2803738317757009,0.3063063063063063,0.295981981981982
Herrera 2015,2015,2015-05-08,113,0.2777777777777778,0.30357142857142855,0.2933392857142857
Herrera 2015,2015,2015-05-09,114,0.27522935779816515,0.3008849557522124,0.2907433628318584
Herrera 2015,2015,2015-05-09,115,0.2727272727272727,0.2982456140350877,0.28819298245614033
Herrera 2015,2015,2015-05-09,116,0.2702702702702703,0.2956521739130435,0.28568695652173914
Herrera 2015,2015,2015-05-09,117,0.26785714285714285,0.29310344827586204,0.28322413793103446
Herrera 2015,2015,2015-05-11,118,0.26548672566371684,0.2905982905982906,0.2808034188034188
Herrera 2015,2015,2015-05-11,119,0.2631578947368421,0.288135593220339,0.2784237288135593
Herrera 2015,2015,2015-05-11,120,0.2608695652173913,0.2857142857142857,0.27608403361344536
Herrera 2015,2015,2015-05-11,121,0.2672413793103448,0.2916666666666667,0.29099166666666665
Herrera 2015,2015,2015-05-12,122,0.26495726495726496,0.2892561983471074,0.2885867768595041
Herrera 2015,2015,2015-05-12,123,0.2711864406779661,0.29508196721311475,0.29344262295081963
Herrera 2015,2015,2015-05-12,124,0.2773109243697479,0.3008130081300813,0.29821951219512194
Herrera 2015,2015,2015-05-12,125,0.275,0.29838709677419356,0.29581451612903226
Herrera 2015,2015,2015-05-14,126,0.2727272727272727,0.296,0.293448
Herrera 2015,2015,2015-05-14,127,0.27049180327868855,0.29365079365079366,0.2911190476190476
Herrera 2015,2015,2015-05-14,128,0.2764227642276423,0.2992125984251969,0.29871653543307086
Herrera 2015,2015,2015-05-14,129,0.27419354838709675,0.296875,0.2963828125
Herrera 2015,2015,2015-05-15,130,0.272,0.29457364341085274,0.29408527131782947
Herrera 2015,2015,2015-05-15,131,0.2777777777777778,0.3,0.30148461538461535
Herrera 2015,2015,2015-05-15,132,0.2755905511811024,0.29770992366412213,0.2991832061068702
Herrera 2015,2015,2015-05-15,133,0.2734375,0.29545454545454547,0.29691666666666666
Herrera 2015,2015,2015-05-16,134,0.2713178294573643,0.2932330827067669,0.29468421052631577
Herrera 2015,2015,2015-05-16,135,0.2692307692307692,0.291044776119403,0.2924850746268657
Herrera 2015,2015,2015-05-16,136,0.26717557251908397,0.28888888888888886,0.2903185185185185
Herrera 2015,2015,2015-05-16,137,0.26515151515151514,0.2867647058823529,0.28818382352941174
Herrera 2015,2015,2015-05-16,138,0.2631578947368421,0.2846715328467153,0.2860802919708029
Herrera 2015,2015,2015-05-17,139,0.2631578947368421,0.2846715328467153,0.2860802919708029
Herrera 2015,2015,2015-05-17,140,0.26119402985074625,0.2826086956521739,0.2840072463768116
Herrera 2015,2015,2015-05-17,141,0.25925925925925924,0.2805755395683453,0.2819640287769784
Herrera 2015,2015,2015-05-17,142,0.2647058823529412,0.2857142857142857,0.28624285714285713
Herrera 2015,2015,2015-05-18,143,0.26277372262773724,0.28368794326241137,0.2842127659574468
Herrera 2015,2015,2015-05-18,144,0.2608695652173913,0.28169014084507044,0.2822112676056338
Herrera 2015,2015,2015-05-18,145,0.26618705035971224,0.2867132867132867,0.289020979020979
Herrera 2015,2015,2015-05-18,146,0.2642857142857143,0.2847222222222222,0.2870138888888889
Herrera 2015,2015,2015-05-19,147,0.2642857142857143,0.2847222222222222,0.2870138888888889
Herrera 2015,2015,2015-05-19,148,0.2695035460992908,0.2896551724137931,0.2911103448275862
Herrera 2015,2015,2015-05-19,149,0.2676056338028169,0.2876712328767123,0.28911643835616435
Herrera 2015,2015,2015-05-19,150,0.2676056338028169,0.2925170068027211,0.2920340136054422
Herrera 2015,2015,2015-05-20,151,0.2676056338028169,0.2972972972972973,0.2947027027027027
Herrera 2015,2015,2015-05-20,152,0.2727272727272727,0.30201342281879195,0.29863758389261746
Herrera 2015,2015,2015-05-20,153,0.2708333333333333,0.3,0.29664666666666667
Herrera 2015,2015,2015-05-20,154,0.2689655172413793,0.2980132450331126,0.294682119205298
Herrera 2015,2015,2015-05-21,155,0.2671232876712329,0.29605263157894735,0.29274342105263157
Herrera 2015,2015,2015-05-21,156,0.2653061224489796,0.29411764705882354,0.29083006535947714
Herrera 2015,2015,2015-05-21,157,0.2635135135135135,0.2922077922077922,0.28894155844155844
Herrera 2015,2015,2015-05-21,158,0.26174496644295303,0.2903225806451613,0.2870774193548387
Herrera 2015,2015,2015-05-22,159,0.26666666666666666,0.2948717948717949,0.29328846153846155
Herrera 2015,2015,2015-05-22,160,0.26666666666666666,0.29936305732484075,0.29579617834394906
Herrera 2015,2015,2015-05-22,161,0.26490066225165565,0.2974683544303797,0.2939240506329114
Herrera 2015,2015,2015-05-22,162,0.2631578947368421,0.29559748427672955,0.2920754716981132
Herrera 2015,2015,2015-05-23,163,0.26143790849673204,0.29375,0.29025
Herrera 2015,2015,2015-05-23,164,0.2662337662337662,0.2981366459627329,0.29624844720496896
Herrera 2015,2015,2015-05-23,165,0.2645161290322581,0.2962962962962963,0.29441975308641977
Herrera 2015,2015,2015-05-23,166,0.26282051282051283,0.294478527607362,0.2926134969325153
Herrera 2015,2015,2015-05-24,167,0.2611464968152866,0.2926829268292683,0.2908292682926829
Herrera 2015,2015,2015-05-24,168,0.25949367088607594,0.2909090909090909,0.28906666666666664
Herrera 2015,2015,2015-05-24,169,0.2641509433962264,0.29518072289156627,0.2926325301204819
Herrera 2015,2015,2015-05-24,170,0.2625,0.2934131736526946,0.2908802395209581
Herrera 2015,2015,2015-05-25,171,0.2608695652173913,0.2916666666666667,0.2891488095238095
Herrera 2015,2015,2015-05-25,172,0.25925925925925924,0.28994082840236685,0.2874378698224852
Herrera 2015,2015,2015-05-25,173,0.25766871165644173,0.28823529411764703,0.2857470588235294
Herrera 2015,2015,2015-05-25,174,0.25609756097560976,0.28654970760233917,0.28407602339181287
Herrera 2015,2015,2015-05-26,175,0.2545454545454545,0.28488372093023256,0.2824244186046512
Herrera 2015,2015,2015-05-26,176,0.25301204819277107,0.2832369942196532,0.2807919075144509
Herrera 2015,2015,2015-05-26,177,0.25149700598802394,0.28160919540229884,0.27917816091954023
Herrera 2015,2015,2015-05-26,178,0.25149700598802394,0.2857142857142857,0.28150857142857144
Herrera 2015,2015,2015-05-27,179,0.25,0.2840909090909091,0.27990909090909094
Herrera 2015,2015,2015-05-27,180,0.2485207100591716,0.2824858757062147,0.2783276836158192
Herrera 2015,2015,2015-05-27,181,0.24705882352941178,0.2808988764044944,0.27676404494382023
Herrera 2015,2015,2015-05-29,182,0.24561403508771928,0.27932960893854747,0.2752178770949721
Herrera 2015,2015,2015-05-29,183,0.2441860465116279,0.2777777777777778,0.2736888888888889
Herrera 2015,2015,2015-05-29,184,0.24277456647398843,0.27624309392265195,0.2721767955801105
Herrera 2015,2015,2015-05-31,185,0.2413793103448276,0.27472527472527475,0.27068131868131867
Herrera 2015,2015,2015-05-31,186,0.24,0.273224043715847,0.2692021857923497
Herrera 2015,2015,2015-05-31,187,0.24431818181818182,0.27717391304347827,0.2725271739130435
Herrera 2015,2015,2015-05-31,188,0.24858757062146894,0.2810810810810811,0.2758162162162162
Herrera 2015,2015,2015-06-02,189,0.24719101123595505,0.27956989247311825,0.2743333333333334
Herrera 2015,2015,2015-06-02,190,0.24581005586592178,0.27807486631016043,0.27286631016042784
Herrera 2015,2015,2015-06-02,191,0.24444444444444444,0.2765957446808511,0.2714148936170213
Herrera 2015,2015,2015-06-02,192,0.24861878453038674,0.2804232804232804,0.27662433862433866
Herrera 2015,2015,2015-06-03,193,0.24725274725274726,0.2789473684210526,0.2751684210526316
Herrera 2015,2015,2015-06-03,194,0.2459016393442623,0.2774869109947644,0.2737277486910995
Herrera 2015,2015,2015-06-03,195,0.24456521739130435,0.2760416666666667,0.27230208333333333
Herrera 2015,2015,2015-06-07,196,0.24324324324324326,0.27461139896373055,0.2708911917098446
Herrera 2015,2015,2015-06-07,197,0.24731182795698925,0.27835051546391754,0.28013917525773196
Herrera 2015,2015,2015-06-07,198,0.24598930481283424,0.27692307692307694,0.2787025641025641
Herrera 2015,2015,2015-06-08,199,0.24468085106382978,0.2755102040816326,0.277280612244898
Herrera 2015,2015,2015-06-08,200,0.24867724867724866,0.27918781725888325,0.282248730964467
Herrera 2015,2015,2015-06-08,201,0.24736842105263157,0.2777777777777778,0.2808232323232323
Herrera 2015,2015,2015-06-08,202,0.24607329842931938,0.27638190954773867,0.27941206030150756
Herrera 2015,2015,2015-06-09,203,0.25,0.28,0.28242
Herrera 2015,2015,2015-06-09,204,0.2538860103626943,0.2835820895522388,0.2853980099502488
Herrera 2015,2015,2015-06-09,205,0.25773195876288657,0.2871287128712871,0.2883465346534654
Herrera 2015,2015,2015-06-09,206,0.25773195876288657,0.2857142857142857,0.28692610837438426
Herrera 2015,2015,2015-06-09,207,0.2564102564102564,0.28431372549019607,0.2855196078431373
Herrera 2015,2015,2015-06-10,208,0.25510204081632654,0.28292682926829266,0.2841268292682927
Herrera 2015,2015,2015-06-10,209,0.25380710659898476,0.2815533980582524,0.282747572815534
Herrera 2015,2015,2015-06-10,210,0.25252525252525254,0.28019323671497587,0.2813816425120773
Herrera 2015,2015,2015-06-10,211,0.2562814070351759,0.28365384615384615,0.28426442307692307
Herrera 2015,2015,2015-06-13,212,0.255,0.2822966507177033,0.2829043062200957
Herrera 2015,2015,2015-06-13,213,0.2537313432835821,0.28095238095238095,0.2815571428571429
Herrera 2015,2015,2015-06-13,214,0.2524752475247525,0.2796208530805687,0.2802227488151659
Herrera 2015,2015,2015-06-14,215,0.2512315270935961,0.2783018867924528,0.27890094339622645
Herrera 2015,2015,2015-06-16,216,0.25,0.27699530516431925,0.2775915492957747
Herrera 2015,2015,2015-06-16,217,0.25365853658536586,0.2803738317757009,0.28216355140186916
Herrera 2015,2015,2015-06-16,218,0.25365853658536586,0.2837209302325581,0.284046511627907
Herrera 2015,2015,2015-06-16,219,0.2524271844660194,0.2824074074074074,0.2827314814814815
Herrera 2015,2015,2015-06-21,220,0.2560386473429952,0.2857142857142857,0.2854884792626728
Herrera 2015,2015,2015-06-21,221,0.2548076923076923,0.28440366972477066,0.2841788990825688
Herrera 2015,2015,2015-06-22,222,0.2535885167464115,0.2831050228310502,0.2828812785388128
Herrera 2015,2015,2015-06-24,223,0.2523809523809524,0.2818181818181818,0.28159545454545454
Herrera 2015,2015,2015-06-26,224,0.25118483412322273,0.28054298642533937,0.2803212669683258
Herrera 2015,2015,2015-06-26,225,0.25,0.27927927927927926,0.27905855855855854
Herrera 2015,2015,2015-06-26,226,0.24882629107981222,0.27802690582959644,0.27780717488789236
Herrera 2015,2015,2015-06-26,227,0.24766355140186916,0.2767857142857143,0.2765669642857143
Herrera 2015,2015,2015-06-28,228,0.24651162790697675,0.27555555555555555,0.2753377777777778
Herrera 2015,2015,2015-06-28,229,0.25,0.27876106194690264,0.27801769911504426
Herrera 2015,2015,2015-06-28,230,0.2534562211981567,0.28193832599118945,0.2806740088105727
Herrera 2015,2015,2015-06-28,231,0.25688073394495414,0.2850877192982456,0.2833070175438596
Herrera 2015,2015,2015-06-28,232,0.2557077625570776,0.2838427947598253,0.2820698689956332
Herrera 2015,2015,2015-06-30,233,0.2557077625570776,0.2838427947598253,0.2820698689956332
Herrera 2015,2015,2015-07-01,234,0.2545454545454545,0.2826086956521739,0.28084347826086953
Herrera 2015,2015,2015-07-01,235,0.2579185520361991,0.2857142857142857,0.28344155844155844
Herrera 2015,2015,2015-07-01,236,0.26126126126126126,0.28879310344827586,0.28763362068965515
Herrera 2015,2015,2015-07-01,237,0.2600896860986547,0.2875536480686695,0.28639914163090124
Herrera 2015,2015,2015-07-02,238,0.25892857142857145,0.2863247863247863,0.28517521367521365
Herrera 2015,2015,2015-07-02,239,0.26222222222222225,0.28936170212765955,0.2893063829787234
Herrera 2015,2015,2015-07-02,240,0.26548672566371684,0.2923728813559322,0.2918135593220339
Herrera 2015,2015,2015-07-02,241,0.2643171806167401,0.2911392405063291,0.29058227848101265
Herrera 2015,2015,2015-07-02,242,0.2675438596491228,0.29411764705882354,0.29306302521008404
Herrera 2015,2015,2015-07-02,243,0.2663755458515284,0.2928870292887029,0.291836820083682
Herrera 2015,2015,2015-07-03,244,0.26956521739130435,0.29583333333333334,0.2942916666666667
Herrera 2015,2015,2015-07-03,245,0.2683982683982684,0.2946058091286307,0.2930705394190871
Herrera 2015,2015,2015-07-03,246,0.2683982683982684,0.2946058091286307,0.2930705394190871
Herrera 2015,2015,2015-07-03,247,0.2672413793103448,0.29338842975206614,0.2918595041322314
Herrera 2015,2015,2015-07-03,248,0.26609442060085836,0.29218106995884774,0.29065843621399173
Herrera 2015,2015,2015-07-04,249,0.26495726495726496,0.29098360655737704,0.2894672131147541
Herrera 2015,2015,2015-07-04,250,0.26382978723404255,0.2897959183673469,0.28828571428571426
Herrera 2015,2015,2015-07-04,251,0.2627118644067797,0.2886178861788618,0.2871138211382114
Herrera 2015,2015,2015-07-04,252,0.26582278481012656,0.291497975708502,0.29431174089068823
Herrera 2015,2015,2015-07-05,253,0.2647058823529412,0.2903225806451613,0.29312499999999997
Herrera 2015,2015,2015-07-05,254,0.26359832635983266,0.2891566265060241,0.29194779116465863
Herrera 2015,2015,2015-07-05,255,0.26666666666666666,0.292,0.29580399999999996
Herrera 2015,2015,2015-07-05,256,0.26556016597510373,0.2908366533864542,0.2946254980079681
Herrera 2015,2015,2015-07-05,257,0.26859504132231404,0.29365079365079366,0.2969523809523809
Herrera 2015,2015,2015-07-06,258,0.2674897119341564,0.2924901185770751,0.2957786561264822
Herrera 2015,2015,2015-07-06,259,0.27049180327868855,0.2952755905511811,0.302744094488189
Herrera 2015,2015,2015-07-06,260,0.27049180327868855,0.2980392156862745,0.3043725490196078
Herrera 2015,2015,2015-07-08,261,0.27346938775510204,0.30078125,0.306625
Herrera 2015,2015,2015-07-08,262,0.27235772357723576,0.29961089494163423,0.305431906614786
Herrera 2015,2015,2015-07-08,263,0.27125506072874495,0.29844961240310075,0.30424806201550386
Herrera 2015,2015,2015-07-08,264,0.2701612903225806,0.2972972972972973,0.303073359073359
Herrera 2015,2015,2015-07-10,265,0.26907630522088355,0.29615384615384616,0.30190769230769227
Herrera 2015,2015,2015-07-10,266,0.272,0.2988505747126437,0.30412643678160917
Herrera 2015,2015,2015-07-10,267,0.27091633466135456,0.29770992366412213,0.3029656488549618
Herrera 2015,2015,2015-07-11,268,0.2698412698412698,0.2965779467680608,0.30181368821292776
Herrera 2015,2015,2015-07-11,269,0.26877470355731226,0.29545454545454547,0.30067045454545455
Herrera 2015,2015,2015-07-11,270,0.2677165354330709,0.2943396226415094,0.29953584905660374
Herrera 2015,2015,2015-07-11,271,0.27058823529411763,0.29699248120300753,0.30172180451127817
Herrera 2015,2015,2015-07-11,272,0.2734375,0.299625468164794,0.30529588014981274
Herrera 2015,2015,2015-07-17,273,0.27626459143968873,0.30223880597014924,0.30744402985074626
Herrera 2015,2015,2015-07-18,274,0.27906976744186046,0.3048327137546468,0.3109702602230483
Herrera 2015,2015,2015-07-19,275,0.28185328185328185,0.3074074074074074,0.31447037037037034
Herrera 2015,2015,2015-07-19,276,0.28076923076923077,0.3062730627306273,0.313309963099631
Herrera 2015,2015,2015-07-19,277,0.2796934865900383,0.30514705882352944,0.3121580882352941
Herrera 2015,2015,2015-07-20,278,0.2824427480916031,0.3076923076923077,0.3142417582417582
Herrera 2015,2015,2015-07-20,279,0.2813688212927757,0.30656934306569344,0.3130948905109489
Herrera 2015,2015,2015-07-20,280,0.2803030303030303,0.3054545454545455,0.31195636363636364
Herrera 2015,2015,2015-07-21,281,0.2803030303030303,0.3079710144927536,0.3133152173913043
Herrera 2015,2015,2015-07-21,282,0.2792452830188679,0.30685920577617326,0.3121841155234657
Herrera 2015,2015,2015-07-21,283,0.2781954887218045,0.3057553956834532,0.3110611510791367
Herrera 2015,2015,2015-07-21,284,0.27715355805243447,0.3046594982078853,0.3099462365591398
Herrera 2015,2015,2015-07-25,285,0.27611940298507465,0.30357142857142855,0.3088392857142857
Herrera 2015,2015,2015-07-25,286,0.2788104089219331,0.30604982206405695,0.31220996441281135
Herrera 2015,2015,2015-07-25,287,0.2777777777777778,0.3049645390070922,0.31110283687943263
Herrera 2015,2015,2015-07-25,288,0.2767527675276753,0.303886925795053,0.3100035335689046
Herrera 2015,2015,2015-07-25,289,0.2757352941176471,0.3028169014084507,0.3089119718309859
Herrera 2015,2015,2015-07-26,290,0.2783882783882784,0.30526315789473685,0.31342105263157893
Herrera 2015,2015,2015-07-26,291,0.2773722627737226,0.3041958041958042,0.31232517482517486
Herrera 2015,2015,2015-07-26,292,0.27636363636363637,0.30313588850174217,0.3112369337979094
Herrera 2015,2015,2015-07-26,293,0.27898550724637683,0.3055555555555556,0.3132152777777778
Herrera 2015,2015,2015-07-26,294,0.2815884476534296,0.3079584775086505,0.3151799307958478
Herrera 2015,2015,2015-07-30,295,0.2805755395683453,0.30689655172413793,0.3140931034482759
Herrera 2015,2015,2015-07-30,296,0.2831541218637993,0.30927835051546393,0.3160412371134021
Herrera 2015,2015,2015-07-30,297,0.28214285714285714,0.3082191780821918,0.31495890410958904
Herrera 2015,2015,2015-07-30,298,0.28113879003558717,0.30716723549488056,0.3138839590443686
Herrera 2015,2015,2015-07-31,299,0.28368794326241137,0.30952380952380953,0.31581292517006804
Herrera 2015,2015,2015-07-31,300,0.28368794326241137,0.31186440677966104,0.3171762711864407
Herrera 2015,2015,2015-07-31,301,0.2826855123674912,0.3108108108108108,0.31610472972972975
Herrera 2015,2015,2015-07-31,302,0.28169014084507044,0.30976430976430974,0.31504040404040407
Herrera 2015,2015,2015-07-31,303,0.2807017543859649,0.3087248322147651,0.3139832214765101
Herrera 2015,2015,2015-08-01,304,0.27972027972027974,0.3076923076923077,0.312933110367893
Herrera 2015,2015,2015-08-01,305,0.2787456445993031,0.30666666666666664,0.31189
Herrera 2015,2015,2015-08-01,306,0.28125,0.3089700996677741,0.3177142857142857
Herrera 2015,2015,2015-08-01,307,0.2837370242214533,0.31125827814569534,0.3195794701986755
Herrera 2015,2015,2015-08-01,308,0.28620689655172415,0.31353135313531355,0.32143234323432346
Herrera 2015,2015,2015-08-02,309,0.2852233676975945,0.3125,0.320375
Herrera 2015,2015,2015-08-02,310,0.2842465753424658,0.3114754098360656,0.31932459016393444
Herrera 2015,2015,2015-08-02,311,0.28668941979522183,0.3137254901960784,0.3211601307189543
Herrera 2015,2015,2015-08-02,312,0.2857142857142857,0.3127035830618892,0.320114006514658
Herrera 2015,2015,2015-08-04,313,0.2847457627118644,0.3116883116883117,0.3190746753246753
Herrera 2015,2015,2015-08-04,314,0.28716216216216217,0.313915857605178,0.3221067961165049
Herrera 2015,2015,2015-08-04,315,0.28619528619528617,0.31290322580645163,0.3210677419354839
Herrera 2015,2015,2015-08-04,316,0.28619528619528617,0.31511254019292606,0.3222443729903537
Herrera 2015,2015,2015-08-05,317,0.28523489932885904,0.3141025641025641,0.3212115384615385
Herrera 2015,2015,2015-08-05,318,0.2842809364548495,0.31309904153354634,0.320185303514377
Herrera 2015,2015,2015-08-05,319,0.2842809364548495,0.31528662420382164,0.3213535031847134
Herrera 2015,2015,2015-08-05,320,0.2866666666666667,0.31746031746031744,0.3231301587301587
Herrera 2015,2015,2015-08-06,321,0.28903654485049834,0.31962025316455694,0.3248955696202532
Herrera 2015,2015,2015-08-06,322,0.28807947019867547,0.3186119873817035,0.32387066246056784
Herrera 2015,2015,2015-08-06,323,0.2871287128712871,0.31761006289308175,0.3228522012578616
Herrera 2015,2015,2015-08-06,324,0.2894736842105263,0.31974921630094044,0.32460188087774294
Herrera 2015,2015,2015-08-06,325,0.29180327868852457,0.321875,0.326340625
Herrera 2015,2015,2015-08-07,326,0.2908496732026144,0.32087227414330216,0.3253239875389408
Herrera 2015,2015,2015-08-07,327,0.2931596091205212,0.32298136645962733,0.3270496894409938
Herrera 2015,2015,2015-08-07,328,0.2922077922077922,0.3219814241486068,0.3260371517027864
Herrera 2015,2015,2015-08-07,329,0.2912621359223301,0.32098765432098764,0.32503086419753086
Herrera 2015,2015,2015-08-07,330,0.2903225806451613,0.32,0.32403076923076923
Herrera 2015,2015,2015-08-07,331,0.28938906752411575,0.31901840490797545,0.32303680981595095
Herrera 2015,2015,2015-08-08,332,0.2916666666666667,0.3211009174311927,0.32474311926605504
Herrera 2015,2015,2015-08-08,333,0.2939297124600639,0.3231707317073171,0.3264390243902439
Herrera 2015,2015,2015-08-08,334,0.2929936305732484,0.3221884498480243,0.3254468085106383
Herrera 2015,2015,2015-08-08,335,0.2920634920634921,0.3212121212121212,0.32446060606060606
Herrera 2015,2015,2015-08-09,336,0.29430379746835444,0.32326283987915405,0.32614199395770394
Herrera 2015,2015,2015-08-09,337,0.29337539432176657,0.32228915662650603,0.32515963855421687
Herrera 2015,2015,2015-08-09,338,0.29559748427672955,0.32432432432432434,0.3303843843843844
Herrera 2015,2015,2015-08-09,339,0.2946708463949843,0.32335329341317365,0.32939520958083834
Herrera 2015,2015,2015-08-09,340,0.29375,0.32238805970149254,0.32841194029850745
Herrera 2015,2015,2015-08-10,341,0.29283489096573206,0.32142857142857145,0.3274345238095238
Herrera 2015,2015,2015-08-10,342,0.2950310559006211,0.32344213649851633,0.32907715133531157
Herrera 2015,2015,2015-08-10,343,0.29411764705882354,0.3224852071005917,0.32810355029585797
Herrera 2015,2015,2015-08-10,344,0.2932098765432099,0.3215339233038348,0.32713569321533925
Herrera 2015,2015,2015-08-11,345,0.2923076923076923,0.3205882352941177,0.3261735294117647
Herrera 2015,2015,2015-08-11,346,0.29141104294478526,0.3196480938416422,0.325217008797654
Herrera 2015,2015,2015-08-11,347,0.290519877675841,0.31871345029239767,0.32426608187134504
Herrera 2015,2015,2015-08-11,348,0.2896341463414634,0.3177842565597668,0.32332069970845484
Herrera 2015,2015,2015-08-12,349,0.2887537993920973,0.3168604651162791,0.3223808139534884
Herrera 2015,2015,2015-08-12,350,0.2909090909090909,0.3188405797101449,0.324
Herrera 2015,2015,2015-08-12,351,0.29003021148036257,0.3179190751445087,0.3230635838150289
Herrera 2015,2015,2015-08-12,352,0.2891566265060241,0.3170028818443804,0.32213256484149855
Herrera 2015,2015,2015-08-12,353,0.2882882882882883,0.3160919540229885,0.32120689655172413
Herrera 2015,2015,2015-08-14,354,0.2874251497005988,0.3151862464183381,0.3202865329512894
Herrera 2015,2015,2015-08-14,355,0.2874251497005988,0.3171428571428571,0.3213342857142857
Herrera 2015,2015,2015-08-14,356,0.2865671641791045,0.3162393162393162,0.3204188034188034
Herrera 2015,2015,2015-08-14,357,0.28869047619047616,0.3181818181818182,0.3220113636363636
Herrera 2015,2015,2015-08-15,358,0.29080118694362017,0.32011331444759206,0.324657223796034
Herrera 2015,2015,2015-08-15,359,0.29289940828402367,0.3220338983050847,0.32728813559322034
Herrera 2015,2015,2015-08-15,360,0.2920353982300885,0.3211267605633803,0.3263661971830986
Herrera 2015,2015,2015-08-15,361,0.2911764705882353,0.3202247191011236,0.3254494382022472
Herrera 2015,2015,2015-08-16,362,0.2903225806451613,0.31932773109243695,0.3245378151260504
Herrera 2015,2015,2015-08-16,363,0.29239766081871343,0.32122905027932963,0.3260921787709497
Herrera 2015,2015,2015-08-16,364,0.2915451895043732,0.3203342618384401,0.3251838440111421
Herrera 2015,2015,2015-08-16,365,0.29069767441860467,0.3194444444444444,0.32428055555555557
Herrera 2015,2015,2015-08-18,366,0.2898550724637681,0.3185595567867036,0.323382271468144
Herrera 2015,2015,2015-08-18,367,0.2898550724637681,0.32044198895027626,0.32438674033149173
Herrera 2015,2015,2015-08-18,368,0.29190751445086704,0.32231404958677684,0.32592011019283745
Herrera 2015,2015,2015-08-18,369,0.2910662824207493,0.32142857142857145,0.32502472527472526
Herrera 2015,2015,2015-08-19,370,0.29310344827586204,0.3232876712328767,0.3265479452054795
Herrera 2015,2015,2015-08-19,371,0.2922636103151863,0.3224043715846995,0.325655737704918
Herrera 2015,2015,2015-08-19,372,0.2922636103151863,0.3242506811989101,0.32664032697547685
Herrera 2015,2015,2015-08-19,373,0.29428571428571426,0.32608695652173914,0.3281467391304348
Herrera 2015,2015,2015-08-20,374,0.2962962962962963,0.32791327913279134,0.3296449864498645
Herrera 2015,2015,2015-08-20,375,0.29545454545454547,0.327027027027027,0.32875405405405406
Herrera 2015,2015,2015-08-20,376,0.29545454545454547,0.3288409703504043,0.3297196765498652
Herrera 2015,2015,2015-08-20,377,0.29745042492917845,0.33064516129032256,0.33220967741935487
Herrera 2015,2015,2015-08-20,378,0.2966101694915254,0.3297587131367292,0.33131903485254693
Herrera 2015,2015,2015-08-21,379,0.29577464788732394,0.32887700534759357,0.3304331550802139
Herrera 2015,2015,2015-08-21,380,0.29775280898876405,0.33066666666666666,0.3319013333333333
Herrera 2015,2015,2015-08-21,381,0.29971988795518206,0.3324468085106383,0.33336170212765953
Herrera 2015,2015,2015-08-21,382,0.2988826815642458,0.33156498673740054,0.33247745358090186
Herrera 2015,2015,2015-08-21,383,0.298050139275766,0.3306878306878307,0.33159788359788356
Herrera 2015,2015,2015-08-22,384,0.2972222222222222,0.32981530343007914,0.33072295514511874
Herrera 2015,2015,2015-08-22,385,0.296398891966759,0.32894736842105265,0.32985263157894734
Herrera 2015,2015,2015-08-22,386,0.2955801104972376,0.32808398950131235,0.3289868766404199
Herrera 2015,2015,2015-08-22,387,0.29476584022038566,0.32722513089005234,0.32812565445026176
Herrera 2015,2015,2015-08-24,388,0.29395604395604397,0.3263707571801567,0.32726892950391645
Herrera 2015,2015,2015-08-24,389,0.2958904109589041,0.328125,0.32871093749999997
Herrera 2015,2015,2015-08-24,390,0.29508196721311475,0.32727272727272727,0.32785714285714285
Herrera 2015,2015,2015-08-24,391,0.29508196721311475,0.3290155440414508,0.3288678756476684
Herrera 2015,2015,2015-08-24,392,0.29427792915531337,0.3281653746770026,0.3280180878552971
Herrera 2015,2015,2015-08-25,393,0.29347826086956524,0.327319587628866,0.32717268041237113
Herrera 2015,2015,2015-08-25,394,0.2926829268292683,0.3264781491002571,0.3263316195372751
Herrera 2015,2015,2015-08-25,395,0.2918918918918919,0.32564102564102565,0.3254948717948718
Herrera 2015,2015,2015-08-26,396,0.29380053908355797,0.3273657289002558,0.3269156010230179
Herrera 2015,2015,2015-08-26,397,0.29301075268817206,0.32653061224489793,0.3260816326530612
Herrera 2015,2015,2015-08-26,398,0.29222520107238603,0.3256997455470738,0.32525190839694657
Herrera 2015,2015,2015-08-26,399,0.29411764705882354,0.32741116751269034,0.32666243654822336
Herrera 2015,2015,2015-08-26,400,0.29333333333333333,0.3265822784810127,0.32583544303797474
Herrera 2015,2015,2015-08-27,401,0.29333333333333333,0.3282828282828283,0.32674747474747473
Herrera 2015,2015,2015-08-27,402,0.29333333333333333,0.32997481108312343,0.327654911838791
Herrera 2015,2015,2015-08-27,403,0.2925531914893617,0.32914572864321606,0.3268316582914573
Herrera 2015,2015,2015-08-27,404,0.2917771883289125,0.3283208020050125,0.3260125313283208
Herrera 2015,2015,2015-08-28,405,0.2917771883289125,0.33,0.32691499999999996
Herrera 2015,2015,2015-08-28,406,0.291005291005291,0.32917705735660846,0.3260997506234414
Herrera 2015,2015,2015-08-28,407,0.29023746701846964,0.3283582089552239,0.32528855721393035
Herrera 2015,2015,2015-08-28,408,0.29210526315789476,0.33002481389578164,0.32666749379652604
Herrera 2015,2015,2015-08-29,409,0.29133858267716534,0.3292079207920792,0.3258589108910891
Herrera 2015,2015,2015-08-29,410,0.2905759162303665,0.32839506172839505,0.3250543209876543
Herrera 2015,2015,2015-08-29,411,0.2898172323759791,0.3275862068965517,0.3242536945812808
Herrera 2015,2015,2015-08-29,412,0.2890625,0.32678132678132676,0.32345700245700243
Herrera 2015,2015,2015-08-30,413,0.2909090909090909,0.3284313725490196,0.3248235294117647
Herrera 2015,2015,2015-08-30,414,0.2927461139896373,0.33007334963325186,0.3261833740831296
Herrera 2015,2015,2015-08-30,415,0.29457364341085274,0.33170731707317075,0.3275365853658536
Herrera 2015,2015,2015-08-30,416,0.2963917525773196,0.3333333333333333,0.3288832116788321
Herrera 2015,2015,2015-08-31,417,0.29562982005141386,0.3325242718446602,0.32808495145631067
Herrera 2015,2015,2015-08-31,418,0.2948717948717949,0.33171912832929784,0.3272905569007264
Herrera 2015,2015,2015-08-31,419,0.29411764705882354,0.3309178743961353,0.32649999999999996
Herrera 2015,2015,2015-08-31,420,0.29336734693877553,0.3301204819277108,0.3257132530120482
Herrera 2015,2015,2015-09-02,421,0.2926208651399491,0.3293269230769231,0.32493028846153843
Herrera 2015,2015,2015-09-02,422,0.29441624365482233,0.33093525179856115,0.3262637889688249
Herrera 2015,2015,2015-09-02,423,0.2936708860759494,0.33014354066985646,0.3254832535885167
Herrera 2015,2015,2015-09-02,424,0.29545454545454547,0.3317422434367542,0.3268090692124105
Herrera 2015,2015,2015-09-04,425,0.2972292191435768,0.3333333333333333,0.32812857142857144
Herrera 2015,2015,2015-09-04,426,0.2964824120603015,0.332541567695962,0.32734916864608077
Herrera 2015,2015,2015-09-04,427,0.2982456140350877,0.3341232227488152,0.32866113744075826
Herrera 2015,2015,2015-09-04,428,0.2975,0.3333333333333333,0.3278841607565012
Herrera 2015,2015,2015-09-04,429,0.29925187032418954,0.33490566037735847,0.3319811320754717
Herrera 2015,2015,2015-09-05,430,0.29850746268656714,0.3341176470588235,0.3312
Herrera 2015,2015,2015-09-05,431,0.2977667493796526,0.3333333333333333,0.3304225352112676
Herrera 2015,2015,2015-09-05,432,0.2995049504950495,0.33489461358313816,0.3325901639344262
Herrera 2015,2015,2015-09-05,433,0.29876543209876544,0.3341121495327103,0.3318130841121495
Herrera 2015,2015,2015-09-06,434,0.29802955665024633,0.3333333333333333,0.331039627039627
Herrera 2015,2015,2015-09-06,435,0.29802955665024633,0.33488372093023255,0.33186744186046513
Herrera 2015,2015,2015-09-06,436,0.29975429975429974,0.33642691415313225,0.3331415313225058
Herrera 2015,2015,2015-09-06,437,0.3014705882352941,0.33796296296296297,0.3344097222222222
Herrera 2015,2015,2015-09-06,438,0.30317848410757947,0.3394919168591224,0.33567205542725176
Herrera 2015,2015,2015-09-07,439,0.3024390243902439,0.3387096774193548,0.3348986175115207
Herrera 2015,2015,2015-09-07,440,0.30170316301703165,0.33793103448275863,0.3341287356321839
Herrera 2015,2015,2015-09-07,441,0.30097087378640774,0.33715596330275227,0.3333623853211009
Herrera 2015,2015,2015-09-07,442,0.30024213075060535,0.33638443935926776,0.3325995423340961
Herrera 2015,2015,2015-09-08,443,0.30024213075060535,0.3378995433789954,0.3334086757990868
Herrera 2015,2015,2015-09-08,444,0.30193236714975846,0.33940774487471526,0.33465603644646924
Herrera 2015,2015,2015-09-08,445,0.30120481927710846,0.3386363636363636,0.3338954545454545
Herrera 2015,2015,2015-09-08,446,0.30288461538461536,0.3401360544217687,0.33782086167800457
Herrera 2015,2015,2015-09-09,447,0.302158273381295,0.3393665158371041,0.33705656108597287
Herrera 2015,2015,2015-09-09,448,0.3014354066985646,0.33860045146726864,0.33629571106094813
Herrera 2015,2015,2015-09-09,449,0.30071599045346065,0.33783783783783783,0.3355382882882883
Herrera 2015,2015,2015-09-09,450,0.30071599045346065,0.3393258426966292,0.33632808988764046
Herrera 2015,2015,2015-09-11,451,0.30071599045346065,0.34080717488789236,0.33711434977578475
Herrera 2015,2015,2015-09-11,452,0.30238095238095236,0.3422818791946309,0.3391700223713647
Herrera 2015,2015,2015-09-11,453,0.3016627078384798,0.34151785714285715,0.33841294642857145
Herrera 2015,2015,2015-09-11,454,0.3009478672985782,0.34075723830734966,0.3376592427616927
Herrera 2015,2015,2015-09-11,455,0.30023640661938533,0.34,0.3369088888888889
Herrera 2015,2015,2015-09-11,456,0.29952830188679247,0.3392461197339246,0.3361618625277162
Herrera 2015,2015,2015-09-11,457,0.2988235294117647,0.33849557522123896,0.3354181415929204
Herrera 2015,2015,2015-09-11,458,0.2981220657276995,0.33774834437086093,0.3346777041942605
Herrera 2015,2015,2015-09-12,459,0.297423887587822,0.3370044052863436,0.33394052863436124
Herrera 2015,2015,2015-09-12,460,0.29906542056074764,0.3384615384615385,0.3351428571428572
Herrera 2015,2015,2015-09-12,461,0.29836829836829837,0.33771929824561403,0.3344078947368421
Herrera 2015,2015,2015-09-12,462,0.29767441860465116,0.33698030634573306,0.33367614879649893
Herrera 2015,2015,2015-09-13,463,0.29930394431554525,0.3384279475982533,0.3348711790393013
Herrera 2015,2015,2015-09-13,464,0.2986111111111111,0.33769063180827885,0.33414161220043576
Herrera 2015,2015,2015-09-13,465,0.3002309468822171,0.3391304347826087,0.3353304347826087
Herrera 2015,2015,2015-09-13,466,0.2995391705069124,0.3383947939262473,0.3346030368763558
Herrera 2015,2015,2015-09-14,467,0.2988505747126437,0.33766233766233766,0.3338787878787879
Herrera 2015,2015,2015-09-14,468,0.2981651376146789,0.3369330453563715,0.33315766738660907
Herrera 2015,2015,2015-09-14,469,0.2981651376146789,0.33836206896551724,0.3339870689655172
Herrera 2015,2015,2015-09-14,470,0.2997711670480549,0.33978494623655914,0.33516344086021505
Herrera 2015,2015,2015-09-14,471,0.2990867579908676,0.33905579399141633,0.3344442060085837
Herrera 2015,2015,2015-09-14,472,0.2984054669703872,0.33832976445396146,0.33372805139186296
Herrera 2015,2015,2015-09-15,473,0.29772727272727273,0.33760683760683763,0.3330149572649573
Herrera 2015,2015,2015-09-15,474,0.29705215419501135,0.3368869936034115,0.3323049040511727
Herrera 2015,2015,2015-09-15,475,0.29638009049773756,0.33617021276595743,0.33159787234042554
Herrera 2015,2015,2015-09-18,476,0.2979683972911964,0.3375796178343949,0.33276433121019106
Herrera 2015,2015,2015-09-18,477,0.29954954954954954,0.3389830508474576,0.3339258474576271
Herrera 2015,2015,2015-09-18,478,0.298876404494382,0.3382663847780127,0.3332198731501057
Herrera 2015,2015,2015-09-18,479,0.2982062780269058,0.33755274261603374,0.3325168776371308
Herrera 2015,2015,2015-09-18,480,0.2975391498881432,0.3368421052631579,0.33181684210526313
Herrera 2015,2015,2015-09-19,481,0.2975391498881432,0.3382352941176471,0.3325630252100841
Herrera 2015,2015,2015-09-19,482,0.296875,0.33752620545073375,0.3318658280922432
Herrera 2015,2015,2015-09-19,483,0.2962138084632517,0.3368200836820084,0.3311715481171548
Herrera 2015,2015,2015-09-19,484,0.29555555555555557,0.33611691022964507,0.3304801670146138
Herrera 2015,2015,2015-09-20,485,0.29490022172949004,0.33541666666666664,0.3297916666666667
Herrera 2015,2015,2015-09-20,486,0.2942477876106195,0.33471933471933474,0.32910602910602915
Herrera 2015,2015,2015-09-22,487,0.2942477876106195,0.3360995850622407,0.32984854771784233
Herrera 2015,2015,2015-09-22,488,0.293598233995585,0.33540372670807456,0.3291656314699793
Herrera 2015,2015,2015-09-22,489,0.29295154185022027,0.3347107438016529,0.3284855371900826
Herrera 2015,2015,2015-09-22,490,0.2923076923076923,0.334020618556701,0.3278082474226804
Herrera 2015,2015,2015-09-22,491,0.29385964912280704,0.33539094650205764,0.32894650205761317
Herrera 2015,2015,2015-09-23,492,0.29321663019693656,0.3347022587268994,0.32827104722792605
Herrera 2015,2015,2015-09-23,493,0.2925764192139738,0.33401639344262296,0.3275983606557377
Herrera 2015,2015,2015-09-23,494,0.29411764705882354,0.33537832310838445,0.32873006134969324
Herrera 2015,2015,2015-09-23,495,0.29347826086956524,0.3346938775510204,0.32805918367346937
Herrera 2015,2015,2015-09-23,496,0.2928416485900217,0.3340122199592668,0.3273910386965377
Herrera 2015,2015,2015-09-24,497,0.2922077922077922,0.3333333333333333,0.32672560975609755
Herrera 2015,2015,2015-09-24,498,0.2922077922077922,0.33468559837728196,0.3274563894523327
Herrera 2015,2015,2015-09-24,499,0.2915766738660907,0.3340080971659919,0.3267935222672065
Herrera 2015,2015,2015-09-24,500,0.2915766738660907,0.33535353535353535,0.32758383838383837
Herrera 2015,2015,2015-09-25,501,0.29094827586206895,0.3346774193548387,0.3269233870967742
Herrera 2015,2015,2015-09-25,502,0.2903225806451613,0.33400402414486924,0.3262655935613682
Herrera 2015,2015,2015-09-25,503,0.28969957081545067,0.3333333333333333,0.32561044176706827
Herrera 2015,2015,2015-09-25,504,0.2890792291220557,0.33266533066132264,0.32495791583166334
Herrera 2015,2015,2015-09-25,505,0.28846153846153844,0.332,0.324308
Herrera 2015,2015,2015-09-29,506,0.2899786780383795,0.3333333333333333,0.3254191616766467
Herrera 2015,2015,2015-09-29,507,0.29148936170212764,0.3346613545816733,0.3265258964143426
Herrera 2015,2015,2015-09-29,508,0.2929936305732484,0.3359840954274354,0.3276282306163022
Herrera 2015,2015,2015-09-29,509,0.2944915254237288,0.3373015873015873,0.32872619047619045
Herrera 2015,2015,2015-09-30,510,0.2938689217758985,0.33663366336633666,0.3280752475247525
Herrera 2015,2015,2015-09-30,511,0.29324894514767935,0.3359683794466403,0.3274268774703557
Herrera 2015,2015,2015-09-30,512,0.29324894514767935,0.33727810650887574,0.32819723865877715
Herrera 2015,2015,2015-09-30,513,0.2926315789473684,0.33661417322834647,0.32755118110236225
Herrera 2015,2015,2015-09-30,514,0.2920168067226891,0.33595284872298625,0.32690766208251476
Herrera 2015,2015,2015-10-01,515,0.2914046121593291,0.3352941176470588,0.3262666666666667
Herrera 2015,2015,2015-10-01,516,0.2907949790794979,0.33463796477495106,0.32562818003913896
Herrera 2015,2015,2015-10-01,517,0.29227557411273486,0.3359375,0.32744531250000003
Herrera 2015,2015,2015-10-01,518,0.2916666666666667,0.33528265107212474,0.32680701754385966
Herrera 2015,2015,2015-10-03,519,0.29313929313929316,0.33657587548638135,0.32788521400778214
Herrera 2015,2015,2015-10-03,520,0.2925311203319502,0.3359223300970874,0.32724854368932044
Herrera 2015,2015,2015-10-03,521,0.2939958592132505,0.3372093023255814,0.3283217054263566
Herrera 2015,2015,2015-10-03,522,0.29545454545454547,0.33849129593810445,0.33011605415860734
Herrera 2015,2015,2015-10-03,523,0.29545454545454547,0.33976833976833976,0.3308050193050193
Herrera 2015,2015,2015-10-04,524,0.29545454545454547,0.34104046242774566,0.3314913294797688
Herrera 2015,2015,2015-10-04,525,0.29690721649484536,0.3423076923076923,0.3332692307692308
Herrera 2016,2016,2016-04-04,1,0.0,0.0,0.0
Herrera 2016,2016,2016-04-04,2,0.0,0.0,0.0
Herrera 2016,2016,2016-04-04,3,0.0,0.0,0.0
Herrera 2016,2016,2016-04-04,4,0.0,0.25,0.17275
Herrera 2016,2016,2016-04-06,5,0.25,0.4,0.31379999999999997
Herrera 2016,2016,2016-04-06,6,0.2,0.3333333333333333,0.2615
Herrera 2016,2016,2016-04-06,7,0.2,0.42857142857142855,0.32285714285714284
Herrera 2016,2016,2016-04-06,8,0.16666666666666666,0.375,0.2825
Herrera 2016,2016,2016-04-07,9,0.14285714285714285,0.3333333333333333,0.25111111111111106
Herrera 2016,2016,2016-04-07,10,0.125,0.3,0.22599999999999998
Herrera 2016,2016,2016-04-07,11,0.1111111111111111,0.2727272727272727,0.20545454545454545
Herrera 2016,2016,2016-04-07,12,0.1,0.25,0.18833333333333332
Herrera 2016,2016,2016-04-07,13,0.09090909090909091,0.23076923076923078,0.17384615384615382
Herrera 2016,2016,2016-04-08,14,0.08333333333333333,0.21428571428571427,0.16142857142857142
Herrera 2016,2016,2016-04-08,15,0.07692307692307693,0.2,0.15066666666666664
Herrera 2016,2016,2016-04-08,16,0.14285714285714285,0.25,0.196125
Herrera 2016,2016,2016-04-08,17,0.13333333333333333,0.23529411764705882,0.18458823529411764
Herrera 2016,2016,2016-04-09,18,0.125,0.2222222222222222,0.17433333333333334
Herrera 2016,2016,2016-04-09,19,0.11764705882352941,0.21052631578947367,0.1651578947368421
Herrera 2016,2016,2016-04-09,20,0.1111111111111111,0.2,0.15689999999999998
Herrera 2016,2016,2016-04-09,21,0.15789473684210525,0.23809523809523808,0.19123809523809523
Herrera 2016,2016,2016-04-10,22,0.15,0.22727272727272727,0.18254545454545454
Herrera 2016,2016,2016-04-10,23,0.14285714285714285,0.21739130434782608,0.1746086956521739
Herrera 2016,2016,2016-04-10,24,0.18181818181818182,0.25,0.2512916666666667
Herrera 2016,2016,2016-04-10,25,0.18181818181818182,0.28,0.26888
Herrera 2016,2016,2016-04-11,26,0.17391304347826086,0.2692307692307692,0.25853846153846155
Herrera 2016,2016,2016-04-11,27,0.20833333333333334,0.2962962962962963,0.28148148148148144
Herrera 2016,2016,2016-04-11,28,0.24,0.32142857142857145,0.30278571428571427
Herrera 2016,2016,2016-04-11,29,0.23076923076923078,0.3103448275862069,0.2923448275862069
Herrera 2016,2016,2016-04-12,30,0.2222222222222222,0.3,0.2826
Herrera 2016,2016,2016-04-12,31,0.2222222222222222,0.3225806451612903,0.29577419354838713
Herrera 2016,2016,2016-04-12,32,0.25,0.34375,0.3355625
Herrera 2016,2016,2016-04-12,33,0.25,0.36363636363636365,0.3463333333333333
Herrera 2016,2016,2016-04-13,34,0.2413793103448276,0.35294117647058826,0.3361470588235294
Herrera 2016,2016,2016-04-13,35,0.26666666666666666,0.37142857142857144,0.35162857142857146
Herrera 2016,2016,2016-04-13,36,0.25806451612903225,0.3611111111111111,0.3418611111111111
Herrera 2016,2016,2016-04-13,37,0.25,0.35135135135135137,0.3326216216216216
Herrera 2016,2016,2016-04-14,38,0.24242424242424243,0.34210526315789475,0.3238684210526316
Herrera 2016,2016,2016-04-14,39,0.24242424242424243,0.358974358974359,0.33328205128205124
Herrera 2016,2016,2016-04-14,40,0.24242424242424243,0.375,0.342225
Herrera 2016,2016,2016-04-14,41,0.24242424242424243,0.3902439024390244,0.35073170731707315
Herrera 2016,2016,2016-04-15,42,0.2647058823529412,0.40476190476190477,0.36328571428571427
Herrera 2016,2016,2016-04-15,43,0.2647058823529412,0.4186046511627907,0.37090697674418605
Herrera 2016,2016,2016-04-15,44,0.2571428571428571,0.4090909090909091,0.3624772727272727
Herrera 2016,2016,2016-04-15,45,0.2571428571428571,0.4222222222222222,0.3697777777777778
Herrera 2016,2016,2016-04-16,46,0.2571428571428571,0.43478260869565216,0.37676086956521737
Herrera 2016,2016,2016-04-16,47,0.25,0.425531914893617,0.3687446808510638
Herrera 2016,2016,2016-04-16,48,0.24324324324324326,0.4166666666666667,0.3610625
Herrera 2016,2016,2016-04-16,49,0.2631578947368421,0.42857142857142855,0.37904081632653064
Herrera 2016,2016,2016-04-17,50,0.2564102564102564,0.42,0.37146
Herrera 2016,2016,2016-04-17,51,0.25,0.4117647058823529,0.3641764705882353
Herrera 2016,2016,2016-04-17,52,0.25,0.4230769230769231,0.37046153846153845
Herrera 2016,2016,2016-04-17,53,0.24390243902439024,0.41509433962264153,0.3634716981132075
Herrera 2016,2016,2016-04-18,54,0.23809523809523808,0.4074074074074074,0.35674074074074075
Herrera 2016,2016,2016-04-18,55,0.2558139534883721,0.41818181818181815,0.36621818181818183
Herrera 2016,2016,2016-04-18,56,0.25,0.4107142857142857,0.3596785714285714
Herrera 2016,2016,2016-04-18,57,0.25,0.42105263157894735,0.3654912280701754
Herrera 2016,2016,2016-04-19,58,0.25,0.43103448275862066,0.37110344827586206
Herrera 2016,2016,2016-04-19,59,0.24444444444444444,0.423728813559322,0.3648135593220339
Herrera 2016,2016,2016-04-19,60,0.2391304347826087,0.4166666666666667,0.35873333333333335
Herrera 2016,2016,2016-04-19,61,0.2553191489361702,0.4262295081967213,0.3672459016393443
Herrera 2016,2016,2016-04-20,62,0.25,0.41935483870967744,0.3613225806451613
Herrera 2016,2016,2016-04-20,63,0.24489795918367346,0.4126984126984127,0.3555873015873016
Herrera 2016,2016,2016-04-20,64,0.24,0.40625,0.35003125
Herrera 2016,2016,2016-04-20,65,0.24,0.4153846153846154,0.35003125
Herrera 2016,2016,2016-04-20,66,0.2549019607843137,0.42424242424242425,0.35815384615384616
Herrera 2016,2016,2016-04-22,67,0.25,0.417910447761194,0.3527272727272727
Herrera 2016,2016,2016-04-22,68,0.24528301886792453,0.4117647058823529,0.34746268656716417
Herrera 2016,2016,2016-04-22,69,0.25925925925925924,0.42028985507246375,0.3552647058823529
Herrera 2016,2016,2016-04-22,70,0.2545454545454545,0.4142857142857143,0.3501159420289855
Herrera 2016,2016,2016-04-22,71,0.25,0.4084507042253521,0.3451142857142857
Herrera 2016,2016,2016-04-23,72,0.25,0.4166666666666667,0.34998591549295777
Herrera 2016,2016,2016-04-23,73,0.25,0.4246575342465753,0.3547222222222222
Herrera 2016,2016,2016-04-23,74,0.2631578947368421,0.43243243243243246,0.3618904109589041
Herrera 2016,2016,2016-04-23,75,0.27586206896551724,0.44,0.36886486486486486
Herrera 2016,2016,2016-04-23,76,0.2711864406779661,0.4342105263157895,0.36394666666666664
Herrera 2016,2016,2016-04-23,77,0.2833333333333333,0.44155844155844154,0.38567105263157897
Herrera 2016,2016,2016-04-24,78,0.2786885245901639,0.4358974358974359,0.38066233766233765
Herrera 2016,2016,2016-04-24,79,0.2903225806451613,0.4430379746835443,0.38703846153846155
Herrera 2016,2016,2016-04-24,80,0.2857142857142857,0.4375,0.38213924050632914
Herrera 2016,2016,2016-04-24,81,0.2857142857142857,0.43209876543209874,0.3773625
Herrera 2016,2016,2016-04-26,82,0.2857142857142857,0.43902439024390244,0.38123456790123456
Herrera 2016,2016,2016-04-26,83,0.2857142857142857,0.4457831325301205,0.3850121951219512
Herrera 2016,2016,2016-04-26,84,0.296875,0.4523809523809524,0.39095180722891565
Herrera 2016,2016,2016-04-26,85,0.2923076923076923,0.4470588235294118,0.386297619047619
Herrera 2016,2016,2016-04-26,86,0.2878787878787879,0.4418604651162791,0.3817529411764706
Herrera 2016,2016,2016-04-27,87,0.2835820895522388,0.4367816091954023,0.37731395348837204
Herrera 2016,2016,2016-04-27,88,0.27941176470588236,0.4318181818181818,0.37297701149425283
Herrera 2016,2016,2016-04-27,89,0.2898550724637681,0.43820224719101125,0.3787159090909091
Herrera 2016,2016,2016-04-27,90,0.2898550724637681,0.4444444444444444,0.3822247191011236
Herrera 2016,2016,2016-04-27,91,0.2898550724637681,0.45054945054945056,0.38565555555555553
Herrera 2016,2016,2016-04-28,92,0.2898550724637681,0.45652173913043476,0.389010989010989
Herrera 2016,2016,2016-04-28,93,0.2857142857142857,0.45161290322580644,0.3847826086956522
Herrera 2016,2016,2016-04-28,94,0.28169014084507044,0.44680851063829785,0.38064516129032255
Herrera 2016,2016,2016-04-28,95,0.2916666666666667,0.45263157894736844,0.38593617021276594
Herrera 2016,2016,2016-04-29,96,0.2876712328767123,0.4479166666666667,0.3818736842105263
Herrera 2016,2016,2016-04-29,97,0.28378378378378377,0.44329896907216493,0.3778958333333333
Herrera 2016,2016,2016-04-29,98,0.29333333333333333,0.4489795918367347,0.38305154639175254
Herrera 2016,2016,2016-04-29,99,0.3026315789473684,0.45454545454545453,0.38810204081632654
Herrera 2016,2016,2016-04-29,100,0.3026315789473684,0.46,0.38810204081632654
Herrera 2016,2016,2016-04-30,101,0.3116883116883117,0.46534653465346537,0.39305050505050504
Herrera 2016,2016,2016-04-30,102,0.3076923076923077,0.46078431372549017,0.38911999999999997
Herrera 2016,2016,2016-04-30,103,0.31645569620253167,0.46601941747572817,0.393960396039604
Herrera 2016,2016,2016-04-30,104,0.3125,0.46153846153846156,0.39009803921568625
Herrera 2016,2016,2016-05-01,105,0.30864197530864196,0.45714285714285713,0.3863106796116505
Herrera 2016,2016,2016-05-01,106,0.3048780487804878,0.4528301886792453,0.38259615384615386
Herrera 2016,2016,2016-05-01,107,0.30120481927710846,0.4485981308411215,0.37895238095238093
Herrera 2016,2016,2016-05-02,108,0.2976190476190476,0.4444444444444444,0.375377358490566
Herrera 2016,2016,2016-05-02,109,0.3058823529411765,0.44954128440366975,0.3800747663551402
Herrera 2016,2016,2016-05-02,110,0.3023255813953488,0.44545454545454544,0.37655555555555553
Herrera 2016,2016,2016-05-02,111,0.3103448275862069,0.45045045045045046,0.3811559633027523
Herrera 2016,2016,2016-05-03,112,0.3068181818181818,0.44642857142857145,0.3776909090909091
Herrera 2016,2016,2016-05-03,113,0.3146067415730337,0.45132743362831856,0.38219819819819817
Herrera 2016,2016,2016-05-03,114,0.3146067415730337,0.45614035087719296,0.38495535714285717
Herrera 2016,2016,2016-05-03,115,0.3111111111111111,0.45217391304347826,0.3815486725663717
Herrera 2016,2016,2016-05-04,116,0.3076923076923077,0.4482758620689655,0.37820175438596493
Herrera 2016,2016,2016-05-04,117,0.30434782608695654,0.4444444444444444,0.3749130434782609
Herrera 2016,2016,2016-05-04,118,0.3118279569892473,0.4491525423728814,0.38905172413793104
Herrera 2016,2016,2016-05-04,119,0.3191489361702128,0.453781512605042,0.3932307692307693
Herrera 2016,2016,2016-05-05,120,0.3157894736842105,0.45,0.38989830508474577
Herrera 2016,2016,2016-05-05,121,0.3125,0.4462809917355372,0.38662184873949584
Herrera 2016,2016,2016-05-05,122,0.30927835051546393,0.4426229508196721,0.3834
Herrera 2016,2016,2016-05-05,123,0.3163265306122449,0.44715447154471544,0.38748760330578513
Herrera 2016,2016,2016-05-06,124,0.32323232323232326,0.45161290322580644,0.3915081967213115
Herrera 2016,2016,2016-05-06,125,0.33,0.456,0.3954634146341463
Herrera 2016,2016,2016-05-06,126,0.33663366336633666,0.4603174603174603,0.39935483870967736
Herrera 2016,2016,2016-05-06,127,0.3333333333333333,0.4566929133858268,0.39615999999999996
Herrera 2016,2016,2016-05-06,128,0.3300970873786408,0.453125,0.393015873015873
Herrera 2016,2016,2016-05-07,129,0.3269230769230769,0.4496124031007752,0.38992125984251963
Herrera 2016,2016,2016-05-07,130,0.3269230769230769,0.45384615384615384,0.3922734375
Herrera 2016,2016,2016-05-07,131,0.3238095238095238,0.45038167938931295,0.3892325581395349
Herrera 2016,2016,2016-05-07,132,0.330188679245283,0.45454545454545453,0.3929923076923077
Herrera 2016,2016,2016-05-08,133,0.32710280373831774,0.45112781954887216,0.38999236641221374
Herrera 2016,2016,2016-05-08,134,0.32407407407407407,0.44776119402985076,0.38703787878787876
Herrera 2016,2016,2016-05-08,135,0.3211009174311927,0.4444444444444444,0.38412781954887215
Herrera 2016,2016,2016-05-08,136,0.32727272727272727,0.4485294117647059,0.38781343283582087
Herrera 2016,2016,2016-05-08,137,0.32432432432432434,0.44525547445255476,0.38494074074074075
Herrera 2016,2016,2016-05-10,138,0.32142857142857145,0.4420289855072464,0.3821102941176471
Herrera 2016,2016,2016-05-10,139,0.3274336283185841,0.4460431654676259,0.38838686131386857
Herrera 2016,2016,2016-05-10,140,0.32456140350877194,0.44285714285714284,0.38557246376811594
Herrera 2016,2016,2016-05-10,141,0.3217391304347826,0.4397163120567376,0.38279856115107913
Herrera 2016,2016,2016-05-10,142,0.31896551724137934,0.43661971830985913,0.3800642857142857
Herrera 2016,2016,2016-05-11,143,0.3162393162393162,0.43356643356643354,0.3773687943262411
Herrera 2016,2016,2016-05-11,144,0.3135593220338983,0.4305555555555556,0.3747112676056338
Herrera 2016,2016,2016-05-11,145,0.31092436974789917,0.42758620689655175,0.3720909090909091
Herrera 2016,2016,2016-05-11,146,0.31666666666666665,0.4315068493150685,0.37560416666666663
Herrera 2016,2016,2016-05-12,147,0.31666666666666665,0.43537414965986393,0.3777793103448276
Herrera 2016,2016,2016-05-12,148,0.32231404958677684,0.4391891891891892,0.3812054794520548
Herrera 2016,2016,2016-05-12,149,0.32786885245901637,0.4429530201342282,0.38458503401360544
Herrera 2016,2016,2016-05-12,150,0.3333333333333333,0.44666666666666666,0.3879189189189189
Herrera 2016,2016,2016-05-12,151,0.3387096774193548,0.4503311258278146,0.39584563758389263
Herrera 2016,2016,2016-05-13,152,0.3387096774193548,0.45394736842105265,0.3978133333333333
Herrera 2016,2016,2016-05-13,153,0.336,0.45098039215686275,0.39517880794701987
Herrera 2016,2016,2016-05-13,154,0.3333333333333333,0.44805194805194803,0.392578947368421
Herrera 2016,2016,2016-05-13,155,0.33070866141732286,0.44516129032258067,0.39001307189542483
Herrera 2016,2016,2016-05-14,156,0.328125,0.4423076923076923,0.3874805194805195
Herrera 2016,2016,2016-05-14,157,0.32558139534883723,0.4394904458598726,0.3849806451612903
Herrera 2016,2016,2016-05-14,158,0.33076923076923076,0.4430379746835443,0.38814102564102565
Herrera 2016,2016,2016-05-14,159,0.33587786259541985,0.44654088050314467,0.39850318471337576
Herrera 2016,2016,2016-05-15,160,0.3409090909090909,0.45,0.4015379746835443
Herrera 2016,2016,2016-05-15,161,0.3383458646616541,0.4472049689440994,0.3990125786163522
Herrera 2016,2016,2016-05-15,162,0.3383458646616541,0.4506172839506173,0.4008375
Herrera 2016,2016,2016-05-15,163,0.3358208955223881,0.44785276073619634,0.3983478260869565
Herrera 2016,2016,2016-05-15,164,0.3358208955223881,0.45121951219512196,0.40015432098765435
Herrera 2016,2016,2016-05-15,165,0.3333333333333333,0.4484848484848485,0.3976993865030675
Herrera 2016,2016,2016-05-16,166,0.33088235294117646,0.4457831325301205,0.39527439024390243
Herrera 2016,2016,2016-05-16,167,0.3284671532846715,0.4431137724550898,0.3928787878787879
Herrera 2016,2016,2016-05-16,168,0.3333333333333333,0.44642857142857145,0.3958012048192771
Herrera 2016,2016,2016-05-16,169,0.3381294964028777,0.44970414201183434,0.398688622754491
Herrera 2016,2016,2016-05-16,170,0.34285714285714286,0.45294117647058824,0.4015416666666667
Herrera 2016,2016,2016-05-17,171,0.3404255319148936,0.4502923976608187,0.3991656804733728
Herrera 2016,2016,2016-05-17,172,0.3380281690140845,0.4476744186046512,0.39681764705882355
Herrera 2016,2016,2016-05-17,173,0.3356643356643357,0.44508670520231214,0.39449707602339185
Herrera 2016,2016,2016-05-17,174,0.3333333333333333,0.4425287356321839,0.39220348837209307
Herrera 2016,2016,2016-05-20,175,0.3333333333333333,0.44571428571428573,0.3939306358381503
Herrera 2016,2016,2016-05-20,176,0.3310344827586207,0.4431818181818182,0.3916666666666667
Herrera 2016,2016,2016-05-20,177,0.3287671232876712,0.4406779661016949,0.38942857142857146
Herrera 2016,2016,2016-05-20,178,0.32653061224489793,0.43820224719101125,0.38721590909090914
Herrera 2016,2016,2016-05-21,179,0.32432432432432434,0.43575418994413406,0.3850282485875707
Herrera 2016,2016,2016-05-21,180,0.3221476510067114,0.43333333333333335,0.3828651685393259
Herrera 2016,2016,2016-05-21,181,0.32,0.430939226519337,0.38072625698324025
Herrera 2016,2016,2016-05-21,182,0.31788079470198677,0.42857142857142855,0.3786111111111111
Herrera 2016,2016,2016-05-22,183,0.3223684210526316,0.43169398907103823,0.38338121546961323
Herrera 2016,2016,2016-05-22,184,0.3223684210526316,0.43478260869565216,0.38507142857142856
Herrera 2016,2016,2016-05-22,185,0.3223684210526316,0.43783783783783786,0.3869071038251366
Herrera 2016,2016,2016-05-22,186,0.32679738562091504,0.44086021505376344,0.38957608695652174
Herrera 2016,2016,2016-05-22,187,0.3246753246753247,0.4385026737967914,0.38747027027027026
Herrera 2016,2016,2016-05-23,188,0.32903225806451614,0.44148936170212766,0.39010752688172046
Herrera 2016,2016,2016-05-23,189,0.3333333333333333,0.4444444444444444,0.39271657754010697
Herrera 2016,2016,2016-05-23,190,0.3375796178343949,0.4473684210526316,0.39529787234042557
Herrera 2016,2016,2016-05-23,191,0.33544303797468356,0.44502617801047123,0.3932063492063492
Herrera 2016,2016,2016-05-24,192,0.3333333333333333,0.4427083333333333,0.39113684210526317
Herrera 2016,2016,2016-05-24,193,0.3333333333333333,0.44559585492227977,0.39270680628272253
Herrera 2016,2016,2016-05-24,194,0.33125,0.44329896907216493,0.3906614583333334
Herrera 2016,2016,2016-05-24,195,0.32919254658385094,0.441025641025641,0.3886373056994819
Herrera 2016,2016,2016-05-25,196,0.3271604938271605,0.4387755102040816,0.38663402061855673
Herrera 2016,2016,2016-05-25,197,0.32515337423312884,0.4365482233502538,0.3846512820512821
Herrera 2016,2016,2016-05-25,198,0.32926829268292684,0.4393939393939394,0.3929693877551021
Herrera 2016,2016,2016-05-25,199,0.32727272727272727,0.4371859296482412,0.39097461928934013
Herrera 2016,2016,2016-05-25,200,0.32727272727272727,0.44,0.39097461928934013
Herrera 2016,2016,2016-05-27,201,0.3253012048192771,0.43781094527363185,0.389
Herrera 2016,2016,2016-05-27,202,0.32335329341317365,0.43564356435643564,0.3870452261306533
Herrera 2016,2016,2016-05-27,203,0.32142857142857145,0.43349753694581283,0.38511
Herrera 2016,2016,2016-05-27,204,0.3254437869822485,0.4362745098039216,0.3893731343283582
Herrera 2016,2016,2016-05-27,205,0.32941176470588235,0.43902439024390244,0.39179207920792075
Herrera 2016,2016,2016-05-28,206,0.3333333333333333,0.441747572815534,0.39418719211822656
Herrera 2016,2016,2016-05-28,207,0.3313953488372093,0.4396135265700483,0.3922549019607843
Herrera 2016,2016,2016-05-28,208,0.32947976878612717,0.4375,0.3903414634146341
Herrera 2016,2016,2016-05-28,209,0.3275862068965517,0.4354066985645933,0.38844660194174757
Herrera 2016,2016,2016-05-29,210,0.32571428571428573,0.43333333333333335,0.38657004830917874
Herrera 2016,2016,2016-05-29,211,0.32386363636363635,0.4312796208530806,0.38471153846153844
Herrera 2016,2016,2016-05-29,212,0.3220338983050847,0.42924528301886794,0.3828708133971292
Herrera 2016,2016,2016-05-29,213,0.3202247191011236,0.4272300469483568,0.381047619047619
Herrera 2016,2016,2016-05-30,214,0.31843575418994413,0.4252336448598131,0.37924170616113745
Herrera 2016,2016,2016-05-30,215,0.32222222222222224,0.42790697674418604,0.3815943396226415
Herrera 2016,2016,2016-05-30,216,0.32044198895027626,0.42592592592592593,0.37980281690140844
Herrera 2016,2016,2016-05-30,217,0.31868131868131866,0.423963133640553,0.37802803738317753
Herrera 2016,2016,2016-05-31,218,0.31868131868131866,0.42660550458715596,0.3794837209302325
Herrera 2016,2016,2016-05-31,219,0.31693989071038253,0.4246575342465753,0.37772685185185184
Herrera 2016,2016,2016-05-31,220,0.31521739130434784,0.42272727272727273,0.3759861751152074
Herrera 2016,2016,2016-05-31,221,0.31891891891891894,0.4253393665158371,0.37995871559633027
Herrera 2016,2016,2016-06-01,222,0.3172043010752688,0.42342342342342343,0.37822374429223743
Herrera 2016,2016,2016-06-01,223,0.32085561497326204,0.4260089686098655,0.3804954545454546
Herrera 2016,2016,2016-06-01,224,0.32085561497326204,0.42857142857142855,0.3819004524886878
Herrera 2016,2016,2016-06-01,225,0.3191489361702128,0.4266666666666667,0.3801801801801802
Herrera 2016,2016,2016-06-02,226,0.31746031746031744,0.4247787610619469,0.37847533632287
Herrera 2016,2016,2016-06-02,227,0.3157894736842105,0.42290748898678415,0.37678571428571433
Herrera 2016,2016,2016-06-02,228,0.31413612565445026,0.42105263157894735,0.3751111111111111
Herrera 2016,2016,2016-06-02,229,0.3125,0.4192139737991266,0.37345132743362836
Herrera 2016,2016,2016-06-03,230,0.3125,0.4217391304347826,0.37485022026431714
Herrera 2016,2016,2016-06-03,231,0.3125,0.42424242424242425,0.37623684210526315
Herrera 2016,2016,2016-06-03,232,0.3125,0.4267241379310345,0.3776113537117904
Herrera 2016,2016,2016-06-03,233,0.31088082901554404,0.4248927038626609,0.3759695652173913
Herrera 2016,2016,2016-06-04,234,0.30927835051546393,0.4230769230769231,0.37434199134199136
Herrera 2016,2016,2016-06-04,235,0.3076923076923077,0.42127659574468085,0.37272844827586205
Herrera 2016,2016,2016-06-04,236,0.30612244897959184,0.4194915254237288,0.3711287553648069
Herrera 2016,2016,2016-06-04,237,0.30456852791878175,0.4177215189873418,0.36954273504273505
Herrera 2016,2016,2016-06-05,238,0.30808080808080807,0.42016806722689076,0.3717063829787234
Herrera 2016,2016,2016-06-05,239,0.3065326633165829,0.41841004184100417,0.37013135593220337
Herrera 2016,2016,2016-06-05,240,0.31,0.42083333333333334,0.3722742616033755
Herrera 2016,2016,2016-06-05,241,0.31343283582089554,0.42323651452282157,0.37439915966386556
Herrera 2016,2016,2016-06-05,242,0.31683168316831684,0.4256198347107438,0.3765062761506276
Herrera 2016,2016,2016-06-07,243,0.31527093596059114,0.42386831275720166,0.3749375
Herrera 2016,2016,2016-06-07,244,0.3137254901960784,0.42213114754098363,0.3733817427385892
Herrera 2016,2016,2016-06-07,245,0.3121951219512195,0.4204081632653061,0.3718388429752066
Herrera 2016,2016,2016-06-07,246,0.3155339805825243,0.42276422764227645,0.37392181069958846
Herrera 2016,2016,2016-06-08,247,0.3188405797101449,0.4251012145748988,0.3759877049180328
Herrera 2016,2016,2016-06-08,248,0.3173076923076923,0.42338709677419356,0.3744530612244898
Herrera 2016,2016,2016-06-08,249,0.3157894736842105,0.42168674698795183,0.3729308943089431
Herrera 2016,2016,2016-06-08,250,0.3142857142857143,0.42,0.37142105263157893
Herrera 2016,2016,2016-06-10,251,0.3127962085308057,0.41832669322709165,0.3699233870967742
Herrera 2016,2016,2016-06-10,252,0.3113207547169811,0.4166666666666667,0.36843775100401605
Herrera 2016,2016,2016-06-10,253,0.30985915492957744,0.4150197628458498,0.366964
Herrera 2016,2016,2016-06-10,254,0.30985915492957744,0.41732283464566927,0.36825498007968127
Herrera 2016,2016,2016-06-11,255,0.308411214953271,0.41568627450980394,0.3667936507936508
Herrera 2016,2016,2016-06-11,256,0.308411214953271,0.41796875,0.3681936758893281
Herrera 2016,2016,2016-06-11,257,0.30697674418604654,0.4163424124513619,0.366744094488189
Herrera 2016,2016,2016-06-11,258,0.3101851851851852,0.4186046511627907,0.3687490196078432
Herrera 2016,2016,2016-06-12,259,0.3087557603686636,0.416988416988417,0.36730859375
Herrera 2016,2016,2016-06-12,260,0.3073394495412844,0.4153846153846154,0.3658793774319066
Herrera 2016,2016,2016-06-12,261,0.3105022831050228,0.41762452107279696,0.3692751937984496
Herrera 2016,2016,2016-06-12,262,0.3090909090909091,0.41603053435114506,0.36784942084942085
Herrera 2016,2016,2016-06-13,263,0.3076923076923077,0.4144486692015209,0.36643461538461536
Herrera 2016,2016,2016-06-13,264,0.3108108108108108,0.4166666666666667,0.3727509578544061
Herrera 2016,2016,2016-06-13,265,0.3094170403587444,0.41509433962264153,0.37132824427480915
Herrera 2016,2016,2016-06-13,266,0.3125,0.41729323308270677,0.373254752851711
Herrera 2016,2016,2016-06-13,267,0.3111111111111111,0.4157303370786517,0.37184090909090906
Herrera 2016,2016,2016-06-14,268,0.30973451327433627,0.4141791044776119,0.3704377358490566
Herrera 2016,2016,2016-06-14,269,0.30837004405286345,0.41263940520446096,0.3690451127819549
Herrera 2016,2016,2016-06-15,270,0.30701754385964913,0.4111111111111111,0.3676629213483146
Herrera 2016,2016,2016-06-15,271,0.3056768558951965,0.4095940959409594,0.3662910447761194
Herrera 2016,2016,2016-06-15,272,0.30434782608695654,0.40808823529411764,0.36492936802973974
Herrera 2016,2016,2016-06-15,273,0.30303030303030304,0.4065934065934066,0.3635777777777778
Herrera 2016,2016,2016-06-16,274,0.3017241379310345,0.4051094890510949,0.3622361623616236
Herrera 2016,2016,2016-06-16,275,0.30042918454935624,0.4036363636363636,0.3609044117647059
Herrera 2016,2016,2016-06-16,276,0.3034188034188034,0.4057971014492754,0.3627985347985348
Herrera 2016,2016,2016-06-16,277,0.30638297872340425,0.40794223826714804,0.3646788321167883
Herrera 2016,2016,2016-06-17,278,0.3050847457627119,0.4064748201438849,0.36335272727272727
Herrera 2016,2016,2016-06-17,279,0.3037974683544304,0.4050179211469534,0.362036231884058
Herrera 2016,2016,2016-06-17,280,0.3025210084033613,0.4035714285714286,0.3607292418772563
Herrera 2016,2016,2016-06-17,281,0.301255230125523,0.40213523131672596,0.359431654676259
Herrera 2016,2016,2016-06-18,282,0.30416666666666664,0.40425531914893614,0.36536559139784947
Herrera 2016,2016,2016-06-18,283,0.3029045643153527,0.4028268551236749,0.3640607142857143
Herrera 2016,2016,2016-06-18,284,0.30165289256198347,0.4014084507042254,0.36276512455516013
Herrera 2016,2016,2016-06-18,285,0.3004115226337449,0.4,0.3614787234042553
Herrera 2016,2016,2016-06-19,286,0.30327868852459017,0.4020979020979021,0.36330388692579507
Herrera 2016,2016,2016-06-19,287,0.3020408163265306,0.40069686411149824,0.3620246478873239
Herrera 2016,2016,2016-06-19,288,0.3008130081300813,0.3993055555555556,0.36075438596491227
Herrera 2016,2016,2016-06-19,289,0.29959514170040485,0.39792387543252594,0.35949300699300696
Herrera 2016,2016,2016-06-20,290,0.29838709677419356,0.39655172413793105,0.3582404181184669
Herrera 2016,2016,2016-06-20,291,0.2971887550200803,0.3951890034364261,0.3569965277777778
Herrera 2016,2016,2016-06-20,292,0.296,0.3938356164383562,0.3557612456747405
Herrera 2016,2016,2016-06-20,293,0.29880478087649404,0.39590443686006827,0.35756206896551723
Herrera 2016,2016,2016-06-21,294,0.30158730158730157,0.3979591836734694,0.3593505154639175
Herrera 2016,2016,2016-06-21,295,0.30039525691699603,0.39661016949152544,0.35811986301369864
Herrera 2016,2016,2016-06-21,296,0.3031496062992126,0.39864864864864863,0.35989419795221844
Herrera 2016,2016,2016-06-21,297,0.30196078431372547,0.39730639730639733,0.35867006802721085
Herrera 2016,2016,2016-06-21,298,0.30196078431372547,0.39932885906040266,0.35979661016949155
Herrera 2016,2016,2016-06-22,299,0.30078125,0.3979933110367893,0.3585810810810811
Herrera 2016,2016,2016-06-22,300,0.29961089494163423,0.39666666666666667,0.3573737373737374
Herrera 2016,2016,2016-06-22,301,0.3023255813953488,0.39867109634551495,0.3591208053691275
Herrera 2016,2016,2016-06-22,302,0.30115830115830117,0.3973509933774834,0.35791973244147157
Herrera 2016,2016,2016-06-22,303,0.3,0.39603960396039606,0.3567266666666667
Herrera 2016,2016,2016-06-23,304,0.2988505747126437,0.39473684210526316,0.35554152823920265
Herrera 2016,2016,2016-06-23,305,0.29770992366412213,0.39344262295081966,0.35436423841059606
Herrera 2016,2016,2016-06-23,306,0.30038022813688214,0.3954248366013072,0.3560924092409241
Herrera 2016,2016,2016-06-23,307,0.29924242424242425,0.3941368078175896,0.35492105263157897
Herrera 2016,2016,2016-06-23,308,0.2981132075471698,0.39285714285714285,0.3537573770491803
Herrera 2016,2016,2016-06-24,309,0.29699248120300753,0.39158576051779936,0.35260130718954247
Herrera 2016,2016,2016-06-24,310,0.29699248120300753,0.3935483870967742,0.35370358306188926
Herrera 2016,2016,2016-06-24,311,0.29699248120300753,0.39228295819935693,0.3525551948051948
Herrera 2016,2016,2016-06-24,312,0.2958801498127341,0.391025641025641,0.3514142394822007
Herrera 2016,2016,2016-06-24,313,0.2947761194029851,0.38977635782747605,0.3502806451612903
Herrera 2016,2016,2016-06-25,314,0.2936802973977695,0.3885350318471338,0.3491543408360129
Herrera 2016,2016,2016-06-26,315,0.2962962962962963,0.3904761904761905,0.35201602564102563
Herrera 2016,2016,2016-06-26,316,0.2952029520295203,0.38924050632911394,0.35089137380191693
Herrera 2016,2016,2016-06-26,317,0.29411764705882354,0.38801261829652994,0.34977388535031845
Herrera 2016,2016,2016-06-26,318,0.2967032967032967,0.389937106918239,0.35506031746031746
Herrera 2016,2016,2016-06-26,319,0.2956204379562044,0.3887147335423197,0.35393670886075945
Herrera 2016,2016,2016-06-27,320,0.29818181818181816,0.390625,0.355589905362776
Herrera 2016,2016,2016-06-27,321,0.2971014492753623,0.3894080996884735,0.35447169811320756
Herrera 2016,2016,2016-06-27,322,0.2996389891696751,0.391304347826087,0.35611285266457676
Herrera 2016,2016,2016-06-27,323,0.302158273381295,0.3931888544891641,0.35774374999999997
Herrera 2016,2016,2016-06-27,324,0.3046594982078853,0.3950617283950617,0.36049844236760126
Herrera 2016,2016,2016-06-28,325,0.30714285714285716,0.39692307692307693,0.3621055900621118
Herrera 2016,2016,2016-06-28,326,0.30604982206405695,0.39570552147239263,0.360984520123839
Herrera 2016,2016,2016-06-28,327,0.3049645390070922,0.3944954128440367,0.35987037037037034
Herrera 2016,2016,2016-06-28,328,0.303886925795053,0.3932926829268293,0.3587630769230769
Herrera 2016,2016,2016-06-28,329,0.30633802816901406,0.3951367781155015,0.3603558282208589
Herrera 2016,2016,2016-06-29,330,0.30633802816901406,0.396969696969697,0.36136697247706423
Herrera 2016,2016,2016-06-29,331,0.30526315789473685,0.3957703927492447,0.360265243902439
Herrera 2016,2016,2016-06-29,332,0.3041958041958042,0.39457831325301207,0.35917021276595745
Herrera 2016,2016,2016-06-29,333,0.30313588850174217,0.3933933933933934,0.35808181818181817
Herrera 2016,2016,2016-06-29,334,0.3020833333333333,0.39221556886227543,0.357
Herrera 2016,2016,2016-06-29,335,0.30103806228373703,0.39104477611940297,0.35592469879518074
Herrera 2016,2016,2016-07-01,336,0.30344827586206896,0.39285714285714285,0.3609069069069069
Herrera 2016,2016,2016-07-01,337,0.30344827586206896,0.39465875370919884,0.3618952095808383
Herrera 2016,2016,2016-07-01,338,0.3024054982817869,0.39349112426035504,0.36081492537313437
Herrera 2016,2016,2016-07-01,339,0.3047945205479452,0.3952802359882006,0.3623541666666667
Herrera 2016,2016,2016-07-01,340,0.3037542662116041,0.3941176470588235,0.3612789317507418
Herrera 2016,2016,2016-07-02,341,0.30272108843537415,0.39296187683284456,0.36021005917159765
Herrera 2016,2016,2016-07-02,342,0.3016949152542373,0.391812865497076,0.35914749262536877
Herrera 2016,2016,2016-07-02,343,0.30067567567567566,0.39067055393586003,0.35809117647058825
Herrera 2016,2016,2016-07-02,344,0.2996632996632997,0.38953488372093026,0.3570410557184751
Herrera 2016,2016,2016-07-03,345,0.2986577181208054,0.3884057971014493,0.3559970760233918
Herrera 2016,2016,2016-07-03,346,0.2976588628762542,0.3872832369942196,0.3549591836734694
Herrera 2016,2016,2016-07-03,347,0.3,0.38904899135446686,0.35647965116279073
Herrera 2016,2016,2016-07-03,348,0.29900332225913623,0.3879310344827586,0.35544637681159424
Herrera 2016,2016,2016-07-04,349,0.30132450331125826,0.38968481375358166,0.3580086705202312
Herrera 2016,2016,2016-07-04,350,0.30363036303630364,0.3914285714285714,0.36278386167146975
Herrera 2016,2016,2016-07-04,351,0.3026315789473684,0.3903133903133903,0.36174137931034483
Herrera 2016,2016,2016-07-04,352,0.3016393442622951,0.38920454545454547,0.3607048710601719
Herrera 2016,2016,2016-07-04,353,0.3006535947712418,0.3881019830028329,0.3596742857142857
Herrera 2016,2016,2016-07-05,354,0.2996742671009772,0.3870056497175141,0.35864957264957265
Herrera 2016,2016,2016-07-05,355,0.2987012987012987,0.38591549295774646,0.3576306818181818
Herrera 2016,2016,2016-07-05,356,0.30097087378640774,0.38764044943820225,0.35910481586402265
Herrera 2016,2016,2016-07-05,357,0.3,0.3865546218487395,0.358090395480226
Herrera 2016,2016,2016-07-06,358,0.3022508038585209,0.388268156424581,0.35955492957746477
Herrera 2016,2016,2016-07-06,359,0.30128205128205127,0.3871866295264624,0.3585449438202247
Herrera 2016,2016,2016-07-06,360,0.3035143769968051,0.3888888888888889,0.3610196078431372
Herrera 2016,2016,2016-07-06,361,0.30254777070063693,0.3878116343490305,0.3600111731843575
Herrera 2016,2016,2016-07-07,362,0.30158730158730157,0.3867403314917127,0.35900835654596097
Herrera 2016,2016,2016-07-07,363,0.30063291139240506,0.3856749311294766,0.35801111111111106
Herrera 2016,2016,2016-07-07,364,0.2996845425867508,0.38461538461538464,0.3570193905817174
Herrera 2016,2016,2016-07-07,365,0.29874213836477986,0.3835616438356164,0.35603314917127066
Herrera 2016,2016,2016-07-07,366,0.29780564263322884,0.3825136612021858,0.3550523415977961
Herrera 2016,2016,2016-07-08,367,0.296875,0.3814713896457766,0.354076923076923
Herrera 2016,2016,2016-07-08,368,0.29595015576323985,0.3804347826086957,0.35310684931506847
Herrera 2016,2016,2016-07-08,369,0.2950310559006211,0.3794037940379404,0.3521420765027322
Herrera 2016,2016,2016-07-08,370,0.29411764705882354,0.3783783783783784,0.3511825613079019
Herrera 2016,2016,2016-07-08,371,0.2932098765432099,0.37735849056603776,0.35022826086956516
Herrera 2016,2016,2016-07-10,372,0.2923076923076923,0.3763440860215054,0.3492791327913279
Herrera 2016,2016,2016-07-10,373,0.29141104294478526,0.3753351206434316,0.3483351351351351
Herrera 2016,2016,2016-07-10,374,0.290519877675841,0.37433155080213903,0.3473962264150943
Herrera 2016,2016,2016-07-10,375,0.2926829268292683,0.376,0.3488225806451613
Herrera 2016,2016,2016-07-10,376,0.2926829268292683,0.3776595744680851,0.34973994638069705
Herrera 2016,2016,2016-07-15,377,0.2917933130699088,0.376657824933687,0.3488048128342246
Herrera 2016,2016,2016-07-15,378,0.2909090909090909,0.37566137566137564,0.34787466666666667
Herrera 2016,2016,2016-07-15,379,0.29003021148036257,0.37467018469656993,0.3469494680851064
Herrera 2016,2016,2016-07-15,380,0.2891566265060241,0.3736842105263158,0.3460291777188329
Herrera 2016,2016,2016-07-16,381,0.2882882882882883,0.37270341207349084,0.3451137566137566
Herrera 2016,2016,2016-07-16,382,0.2882882882882883,0.3743455497382199,0.3460263852242744
Herrera 2016,2016,2016-07-16,383,0.2904191616766467,0.37597911227154046,0.3483842105263158
Herrera 2016,2016,2016-07-16,384,0.28955223880597014,0.375,0.34746981627296586
Herrera 2016,2016,2016-07-16,385,0.28869047619047616,0.37402597402597404,0.3465602094240838
Herrera 2016,2016,2016-07-17,386,0.2878338278931751,0.37305699481865284,0.34565535248041773
Herrera 2016,2016,2016-07-17,387,0.2869822485207101,0.37209302325581395,0.34475520833333334
Herrera 2016,2016,2016-07-17,388,0.2861356932153392,0.3711340206185567,0.34385974025974025
Herrera 2016,2016,2016-07-17,389,0.2852941176470588,0.37017994858611825,0.34296891191709844
Herrera 2016,2016,2016-07-18,390,0.2873900293255132,0.3717948717948718,0.34529198966408264
Herrera 2016,2016,2016-07-18,391,0.28654970760233917,0.37084398976982097,0.34440206185567007
Herrera 2016,2016,2016-07-18,392,0.2857142857142857,0.36989795918367346,0.3435167095115681
Herrera 2016,2016,2016-07-18,393,0.28488372093023256,0.36895674300254455,0.3426358974358974
Herrera 2016,2016,2016-07-18,394,0.28405797101449276,0.3680203045685279,0.34175959079283885
Herrera 2016,2016,2016-07-19,395,0.2832369942196532,0.3670886075949367,0.3408877551020408
Herrera 2016,2016,2016-07-19,396,0.28530259365994237,0.3686868686868687,0.34225445292620865
Herrera 2016,2016,2016-07-19,397,0.28448275862068967,0.3677581863979849,0.34138578680203047
Herrera 2016,2016,2016-07-19,398,0.28448275862068967,0.3693467336683417,0.34138578680203047
Herrera 2016,2016,2016-07-19,399,0.2836676217765043,0.3684210526315789,0.3405215189873418
Herrera 2016,2016,2016-07-20,400,0.28285714285714286,0.3675,0.33966161616161616
Herrera 2016,2016,2016-07-21,401,0.28205128205128205,0.36658354114713215,0.3388060453400504
Herrera 2016,2016,2016-07-21,402,0.28125,0.3656716417910448,0.33795477386934675
Herrera 2016,2016,2016-07-21,403,0.2804532577903683,0.36476426799007444,0.3371077694235589
Herrera 2016,2016,2016-07-21,404,0.2796610169491525,0.36386138613861385,0.336265
Herrera 2016,2016,2016-07-22,405,0.27887323943661974,0.362962962962963,0.335426433915212
Herrera 2016,2016,2016-07-22,406,0.2808988764044944,0.3645320197044335,0.336776119402985
Herrera 2016,2016,2016-07-22,407,0.28291316526610644,0.36609336609336607,0.33811910669975187
Herrera 2016,2016,2016-07-22,408,0.2849162011173184,0.36764705882352944,0.3403564356435643
Herrera 2016,2016,2016-07-22,409,0.2841225626740947,0.36674816625916873,0.339516049382716
Herrera 2016,2016,2016-07-23,410,0.2841225626740947,0.36829268292682926,0.34038177339901476
Herrera 2016,2016,2016-07-23,411,0.2861111111111111,0.36982968369829683,0.3417027027027027
Herrera 2016,2016,2016-07-23,412,0.2853185595567867,0.36893203883495146,0.3408651960784314
Herrera 2016,2016,2016-07-23,413,0.287292817679558,0.3704600484261501,0.3438679706601467
Herrera 2016,2016,2016-07-23,414,0.2892561983471074,0.3719806763285024,0.3451707317073171
Herrera 2016,2016,2016-07-24,415,0.28846153846153844,0.3710843373493976,0.34433090024330903
Herrera 2016,2016,2016-07-24,416,0.2876712328767123,0.3701923076923077,0.343495145631068
Herrera 2016,2016,2016-07-24,417,0.2896174863387978,0.37170263788968827,0.3475423728813559
Herrera 2016,2016,2016-07-24,418,0.2888283378746594,0.3708133971291866,0.3467028985507246
Herrera 2016,2016,2016-07-25,419,0.28804347826086957,0.36992840095465396,0.34586746987951805
Herrera 2016,2016,2016-07-25,420,0.2872628726287263,0.36904761904761907,0.34503605769230766
Herrera 2016,2016,2016-07-25,421,0.2864864864864865,0.3681710213776722,0.3442086330935252
Herrera 2016,2016,2016-07-25,422,0.2857142857142857,0.36729857819905215,0.34338516746411485
Herrera 2016,2016,2016-07-25,423,0.2849462365591398,0.3664302600472813,0.3425656324582339
Herrera 2016,2016,2016-07-26,424,0.28418230563002683,0.36556603773584906,0.34175
Herrera 2016,2016,2016-07-26,425,0.28609625668449196,0.36705882352941177,0.3430237529691212
Herrera 2016,2016,2016-07-26,426,0.2853333333333333,0.36619718309859156,0.34221090047393365
Herrera 2016,2016,2016-07-26,427,0.2845744680851064,0.36533957845433257,0.3414018912529551
Herrera 2016,2016,2016-07-27,428,0.2838196286472148,0.3644859813084112,0.3405966981132076
Herrera 2016,2016,2016-07-27,429,0.2857142857142857,0.36596736596736595,0.3418611764705882
Herrera 2016,2016,2016-07-27,430,0.2857142857142857,0.3674418604651163,0.34268075117370894
Herrera 2016,2016,2016-07-27,431,0.287598944591029,0.3689095127610209,0.3439344262295082
Herrera 2016,2016,2016-07-27,432,0.2868421052631579,0.3680555555555556,0.34313084112149533
Herrera 2016,2016,2016-07-28,433,0.2887139107611549,0.3695150115473441,0.34437762237762237
Herrera 2016,2016,2016-07-28,434,0.2879581151832461,0.3686635944700461,0.3435767441860465
Herrera 2016,2016,2016-07-28,435,0.28720626631853785,0.367816091954023,0.34277958236658934
Herrera 2016,2016,2016-07-28,436,0.2864583333333333,0.3669724770642202,0.3419861111111111
Herrera 2016,2016,2016-07-28,437,0.2857142857142857,0.36613272311212813,0.3411963048498845
Herrera 2016,2016,2016-07-29,438,0.2857142857142857,0.36613272311212813,0.3411963048498845
Herrera 2016,2016,2016-07-29,439,0.28756476683937826,0.3675799086757991,0.3424331797235023
Herrera 2016,2016,2016-07-29,440,0.2868217054263566,0.36674259681093396,0.34164597701149424
Herrera 2016,2016,2016-07-29,441,0.2860824742268041,0.3659090909090909,0.34086238532110086
Herrera 2016,2016,2016-07-29,442,0.2853470437017995,0.36507936507936506,0.3400823798627002
Herrera 2016,2016,2016-07-30,443,0.2846153846153846,0.36425339366515835,0.3393059360730593
Herrera 2016,2016,2016-07-30,444,0.28388746803069054,0.36343115124153497,0.3385330296127562
Herrera 2016,2016,2016-07-30,445,0.28316326530612246,0.36261261261261263,0.3377636363636363
Herrera 2016,2016,2016-07-30,446,0.2824427480916031,0.36179775280898874,0.3369977324263038
Herrera 2016,2016,2016-07-30,447,0.2824427480916031,0.3632286995515695,0.3377986425339366
Herrera 2016,2016,2016-07-30,448,0.2817258883248731,0.3624161073825503,0.3370361173814898
Herrera 2016,2016,2016-07-31,449,0.28354430379746837,0.3638392857142857,0.3382545045045045
Herrera 2016,2016,2016-07-31,450,0.2828282828282828,0.36302895322939865,0.3374943820224719
Herrera 2016,2016,2016-07-31,451,0.28211586901763225,0.3622222222222222,0.33673766816143497
Herrera 2016,2016,2016-07-31,452,0.2814070351758794,0.3614190687361419,0.33598434004474276
Herrera 2016,2016,2016-08-02,453,0.2832080200501253,0.36283185840707965,0.3371941964285714
Herrera 2016,2016,2016-08-03,454,0.285,0.36423841059602646,0.3399376391982183
Herrera 2016,2016,2016-08-03,455,0.28428927680798005,0.3634361233480176,0.3391822222222222
Herrera 2016,2016,2016-08-03,456,0.2835820895522388,0.3626373626373626,0.338430155210643
Herrera 2016,2016,2016-08-03,457,0.2835820895522388,0.36403508771929827,0.33921017699115047
Herrera 2016,2016,2016-08-03,458,0.2835820895522388,0.36542669584245074,0.33921017699115047
Herrera 2016,2016,2016-08-04,459,0.28287841191067,0.3646288209606987,0.33846136865342163
Herrera 2016,2016,2016-08-06,460,0.28217821782178215,0.3638344226579521,0.337715859030837
Herrera 2016,2016,2016-08-06,461,0.28217821782178215,0.3652173913043478,0.3385582417582418
Herrera 2016,2016,2016-08-06,462,0.2814814814814815,0.3644251626898048,0.33781578947368424
Herrera 2016,2016,2016-08-06,463,0.28078817733990147,0.36363636363636365,0.33707658643326044
Herrera 2016,2016,2016-08-06,464,0.2800982800982801,0.36285097192224625,0.3363406113537118
Herrera 2016,2016,2016-08-07,465,0.2818627450980392,0.3642241379310345,0.3399978213507625
Herrera 2016,2016,2016-08-07,466,0.28117359413202936,0.3634408602150538,0.3392586956521739
Herrera 2016,2016,2016-08-07,467,0.28292682926829266,0.3648068669527897,0.34042733188720176
Herrera 2016,2016,2016-08-07,468,0.2822384428223844,0.3640256959314775,0.3396904761904762
Herrera 2016,2016,2016-08-07,469,0.28398058252427183,0.36538461538461536,0.34085313174946
Herrera 2016,2016,2016-08-08,470,0.28329297820823246,0.3646055437100213,0.34011853448275864
Herrera 2016,2016,2016-08-08,471,0.2826086956521739,0.3638297872340426,0.33938709677419354
Herrera 2016,2016,2016-08-08,472,0.2819277108433735,0.3630573248407643,0.3386587982832618
Herrera 2016,2016,2016-08-08,473,0.28125,0.3622881355932203,0.33793361884368306
Herrera 2016,2016,2016-08-09,474,0.2805755395683453,0.36152219873150104,0.33721153846153845
Herrera 2016,2016,2016-08-09,475,0.2799043062200957,0.36075949367088606,0.3364925373134328
Herrera 2016,2016,2016-08-09,476,0.28162291169451076,0.36210526315789476,0.33764468085106386
Herrera 2016,2016,2016-08-09,477,0.28095238095238095,0.36134453781512604,0.33692781316348197
Herrera 2016,2016,2016-08-10,478,0.2826603325415677,0.36268343815513626,0.3380741525423729
Herrera 2016,2016,2016-08-12,479,0.2843601895734597,0.36401673640167365,0.33921564482029604
Herrera 2016,2016,2016-08-12,480,0.28368794326241137,0.36325678496868474,0.3385
Herrera 2016,2016,2016-08-12,481,0.28368794326241137,0.3645833333333333,0.33924210526315784
Herrera 2016,2016,2016-08-12,482,0.2830188679245283,0.36382536382536385,0.33852941176470586
Herrera 2016,2016,2016-08-12,483,0.2830188679245283,0.3651452282157676,0.33926834381551363
Herrera 2016,2016,2016-08-13,484,0.2823529411764706,0.36438923395445133,0.3385585774058577
Herrera 2016,2016,2016-08-13,485,0.28169014084507044,0.36363636363636365,0.3378517745302714
Herrera 2016,2016,2016-08-14,486,0.2810304449648712,0.3628865979381443,0.33714791666666666
Herrera 2016,2016,2016-08-14,487,0.2803738317757009,0.36213991769547327,0.3364469854469854
Herrera 2016,2016,2016-08-14,488,0.28205128205128205,0.36344969199178645,0.33757053941908716
Herrera 2016,2016,2016-08-14,489,0.2837209302325581,0.36475409836065575,0.3394430641821946
Herrera 2016,2016,2016-08-16,490,0.28306264501160094,0.36400817995910023,0.33874173553719006
Herrera 2016,2016,2016-08-16,491,0.2824074074074074,0.363265306122449,0.33804329896907215
Herrera 2016,2016,2016-08-16,492,0.2817551963048499,0.3625254582484725,0.33734773662551437
Herrera 2016,2016,2016-08-16,493,0.2834101382488479,0.3638211382113821,0.33845790554414784
Herrera 2016,2016,2016-08-17,494,0.2827586206896552,0.3630831643002028,0.3377643442622951
Herrera 2016,2016,2016-08-17,495,0.28211009174311924,0.3623481781376518,0.33707361963190186
Herrera 2016,2016,2016-08-17,496,0.28211009174311924,0.36363636363636365,0.33779591836734696
Herrera 2016,2016,2016-08-17,497,0.2814645308924485,0.3629032258064516,0.3371079429735234
Herrera 2016,2016,2016-08-17,498,0.2831050228310502,0.3641851106639839,0.3382073170731707
Herrera 2016,2016,2016-08-18,499,0.2824601366742597,0.3634538152610442,0.3375212981744422
Herrera 2016,2016,2016-08-18,500,0.2818181818181818,0.3627254509018036,0.3368380566801619
Herrera 2016,2016,2016-08-18,501,0.2811791383219955,0.362,0.33615757575757577
Herrera 2016,2016,2016-08-18,502,0.28054298642533937,0.36127744510978044,0.3354798387096774
Herrera 2016,2016,2016-08-18,503,0.28054298642533937,0.36254980079681276,0.3354798387096774
Herrera 2016,2016,2016-08-19,504,0.28216704288939054,0.36381709741550694,0.3365714285714286
Herrera 2016,2016,2016-08-19,505,0.28153153153153154,0.3630952380952381,0.33589558232931727
Herrera 2016,2016,2016-08-19,506,0.28314606741573034,0.36435643564356435,0.33926052104208415
Herrera 2016,2016,2016-08-19,507,0.2825112107623318,0.36363636363636365,0.338582
Herrera 2016,2016,2016-08-19,508,0.2825112107623318,0.36489151873767256,0.338582
Herrera 2016,2016,2016-08-19,509,0.28187919463087246,0.3641732283464567,0.3379061876247505
Herrera 2016,2016,2016-08-20,510,0.28125,0.36345776031434185,0.3372330677290837
Herrera 2016,2016,2016-08-20,511,0.2806236080178174,0.3627450980392157,0.33656262425447314
Herrera 2016,2016,2016-08-20,512,0.28,0.36203522504892366,0.33589484126984126
Herrera 2016,2016,2016-08-20,513,0.2793791574279379,0.361328125,0.335229702970297
Herrera 2016,2016,2016-08-21,514,0.2809734513274336,0.36257309941520466,0.336302371541502
Herrera 2016,2016,2016-08-21,515,0.2803532008830022,0.36186770428015563,0.3356390532544379
Herrera 2016,2016,2016-08-21,516,0.27973568281938327,0.3611650485436893,0.33497834645669294
Herrera 2016,2016,2016-08-21,517,0.2813186813186813,0.3624031007751938,0.3360451866404715
Herrera 2016,2016,2016-08-24,518,0.2807017543859649,0.3617021276595745,0.3353862745098039
Herrera 2016,2016,2016-08-24,519,0.2800875273522976,0.361003861003861,0.3347299412915851
Herrera 2016,2016,2016-08-24,520,0.2794759825327511,0.3603082851637765,0.334076171875
Herrera 2016,2016,2016-08-24,521,0.28104575163398693,0.36153846153846153,0.3351364522417154
Herrera 2016,2016,2016-08-24,522,0.28043478260869564,0.36084452975047987,0.3344844357976654
Herrera 2016,2016,2016-08-26,523,0.279826464208243,0.36015325670498083,0.3338349514563107
Herrera 2016,2016,2016-08-26,524,0.2813852813852814,0.361376673040153,0.3355949612403101
Herrera 2016,2016,2016-08-26,525,0.28077753779697623,0.3606870229007634,0.3349458413926499
Herrera 2016,2016,2016-08-26,526,0.2823275862068966,0.3619047619047619,0.33599420849420847
Herrera 2016,2016,2016-08-27,527,0.2817204301075269,0.3612167300380228,0.33534682080924855
Herrera 2016,2016,2016-08-27,528,0.2811158798283262,0.3605313092979127,0.33470192307692304
Herrera 2016,2016,2016-08-27,529,0.28051391862955033,0.35984848484848486,0.3340595009596929
Herrera 2016,2016,2016-08-27,530,0.28205128205128205,0.3610586011342155,0.33510153256704983
Herrera 2016,2016,2016-08-28,531,0.28205128205128205,0.3610586011342155,0.33510153256704983
Herrera 2016,2016,2016-08-28,532,0.2814498933901919,0.360377358490566,0.33446080305927345
Herrera 2016,2016,2016-08-28,533,0.28085106382978725,0.35969868173258,0.3338225190839695
Herrera 2016,2016,2016-08-28,534,0.2802547770700637,0.35902255639097747,0.3331866666666667
Herrera 2016,2016,2016-08-29,535,0.2817796610169492,0.3602251407129456,0.334222433460076
Herrera 2016,2016,2016-08-29,536,0.28118393234672306,0.3595505617977528,0.33358823529411763
Herrera 2016,2016,2016-08-29,537,0.28270042194092826,0.36074766355140186,0.33461931818181817
Herrera 2016,2016,2016-08-29,538,0.28210526315789475,0.36007462686567165,0.3339867674858223
Herrera 2016,2016,2016-08-30,539,0.2815126050420168,0.35940409683426444,0.3333566037735849
Herrera 2016,2016,2016-08-30,540,0.2809224318658281,0.3587360594795539,0.33272881355932205
Herrera 2016,2016,2016-08-30,541,0.2824267782426778,0.35992578849721707,0.3337537593984962
Herrera 2016,2016,2016-08-30,542,0.2818371607515658,0.3592592592592593,0.3331275797373358
Herrera 2016,2016,2016-08-31,543,0.2833333333333333,0.36044362292051757,0.3341479400749064
Herrera 2016,2016,2016-08-31,544,0.28274428274428276,0.35977859778597787,0.3335233644859813
Herrera 2016,2016,2016-08-31,545,0.2821576763485477,0.35911602209944754,0.33290111940298506
Herrera 2016,2016,2016-08-31,546,0.2815734989648033,0.3584558823529412,0.3322811918063315
Herrera 2016,2016,2016-09-02,547,0.2809917355371901,0.3577981651376147,0.3316635687732342
Herrera 2016,2016,2016-09-02,548,0.2804123711340206,0.35714285714285715,0.3310482374768089
Herrera 2016,2016,2016-09-02,549,0.27983539094650206,0.35648994515539306,0.33043518518518517
Herrera 2016,2016,2016-09-02,550,0.2792607802874743,0.35583941605839414,0.32982439926062845
Herrera 2016,2016,2016-09-02,551,0.2786885245901639,0.3551912568306011,0.32921586715867157
Herrera 2016,2016,2016-09-03,552,0.278118609406953,0.35454545454545455,0.32860957642725597
Herrera 2016,2016,2016-09-03,553,0.27755102040816326,0.35390199637023595,0.32800551470588235
Herrera 2016,2016,2016-09-03,554,0.2769857433808554,0.3532608695652174,0.32740366972477064
Herrera 2016,2016,2016-09-05,555,0.2764227642276423,0.352622061482821,0.3268040293040293
Herrera 2016,2016,2016-09-05,556,0.2764227642276423,0.35379061371841153,0.3274698354661792
Herrera 2016,2016,2016-09-05,557,0.27586206896551724,0.35315315315315315,0.3268722627737226
Herrera 2016,2016,2016-09-05,558,0.2773279352226721,0.35431654676258995,0.3278761384335155
Herrera 2016,2016,2016-09-06,559,0.2787878787878788,0.35547576301615796,0.32887636363636363
Herrera 2016,2016,2016-09-06,560,0.28024193548387094,0.35663082437275984,0.33112704174228674
Herrera 2016,2016,2016-09-06,561,0.28024193548387094,0.35778175313059035,0.3318333333333333
Herrera 2016,2016,2016-09-06,562,0.28024193548387094,0.35892857142857143,0.33248282097649184
Herrera 2016,2016,2016-09-06,563,0.2796780684104628,0.3582887700534759,0.3318826714801444
Herrera 2016,2016,2016-09-07,564,0.2791164658634538,0.35765124555160144,0.3312846846846847
Herrera 2016,2016,2016-09-07,565,0.2785571142284569,0.35701598579040855,0.3306888489208633
Herrera 2016,2016,2016-09-07,566,0.278,0.35638297872340424,0.3300951526032316
Herrera 2016,2016,2016-09-07,567,0.278,0.35752212389380533,0.330741935483871
Herrera 2016,2016,2016-09-08,568,0.2774451097804391,0.3568904593639576,0.33015026833631483
Herrera 2016,2016,2016-09-08,569,0.27689243027888444,0.3562610229276896,0.32956071428571426
Herrera 2016,2016,2016-09-08,570,0.27634194831013914,0.35563380281690143,0.32897326203208554
Herrera 2016,2016,2016-09-08,571,0.2757936507936508,0.35500878734622143,0.3283879003558719
Herrera 2016,2016,2016-09-09,572,0.27722772277227725,0.356140350877193,0.33001065719360567
Herrera 2016,2016,2016-09-09,573,0.27722772277227725,0.3572679509632224,0.33070390070921984
Herrera 2016,2016,2016-09-10,574,0.2766798418972332,0.35664335664335667,0.3301185840707965
Herrera 2016,2016,2016-09-10,575,0.27613412228796846,0.35602094240837695,0.3295353356890459
Herrera 2016,2016,2016-09-10,576,0.2755905511811024,0.3554006968641115,0.3289541446208113
Herrera 2016,2016,2016-09-10,577,0.275049115913556,0.35478260869565215,0.328375
Herrera 2016,2016,2016-09-12,578,0.27647058823529413,0.3559027777777778,0.32934094903339195
Herrera 2016,2016,2016-09-12,579,0.27647058823529413,0.35701906412478335,0.32997543859649126
Herrera 2016,2016,2016-09-12,580,0.2759295499021526,0.356401384083045,0.3293975481611209
Herrera 2016,2016,2016-09-12,581,0.27734375,0.35751295336787564,0.33035664335664333
Herrera 2016,2016,2016-09-13,582,0.2787524366471735,0.3586206896551724,0.33194764397905757
Herrera 2016,2016,2016-09-13,583,0.2782101167315175,0.35800344234079173,0.33136933797909407
Herrera 2016,2016,2016-09-13,584,0.27766990291262134,0.35738831615120276,0.33079304347826083
Herrera 2016,2016,2016-09-15,585,0.2771317829457364,0.3567753001715266,0.33021875
Herrera 2016,2016,2016-09-15,586,0.27852998065764023,0.3578767123287671,0.3311681109185442
Herrera 2016,2016,2016-09-15,587,0.2799227799227799,0.358974358974359,0.33274394463667817
Herrera 2016,2016,2016-09-16,588,0.279383429672447,0.3583617747440273,0.3321692573402418
Herrera 2016,2016,2016-09-16,589,0.28076923076923077,0.3594548551959114,0.3331103448275862
Herrera 2016,2016,2016-09-16,590,0.2821497120921305,0.36054421768707484,0.3346746987951807
Herrera 2016,2016,2016-09-16,591,0.28160919540229884,0.3599320882852292,0.3340996563573883
Herrera 2016,2016,2016-09-16,592,0.28107074569789675,0.3593220338983051,0.3335265866209262
Herrera 2016,2016,2016-09-16,593,0.2824427480916031,0.3604060913705584,0.33445890410958906
Herrera 2016,2016,2016-09-17,594,0.2838095238095238,0.3614864864864865,0.3360102564102564
Herrera 2016,2016,2016-09-17,595,0.2832699619771863,0.3608768971332209,0.3354368600682594
Herrera 2016,2016,2016-09-17,596,0.2846299810246679,0.36195286195286197,0.3363611584327087
Herrera 2016,2016,2016-09-17,597,0.2840909090909091,0.36134453781512604,0.33578911564625846
Herrera 2016,2016,2016-09-17,598,0.2835538752362949,0.36073825503355705,0.3352190152801358
Herrera 2016,2016,2016-09-18,599,0.2849056603773585,0.36180904522613067,0.33613898305084744
Herrera 2016,2016,2016-09-18,600,0.2862523540489642,0.362876254180602,0.33897969543147205
Herrera 2016,2016,2016-09-18,601,0.2857142857142857,0.3622704507512521,0.33840709459459456
Herrera 2016,2016,2016-09-18,602,0.2851782363977486,0.3616666666666667,0.33783642495784144
Herrera 2016,2016,2016-09-20,603,0.28651685393258425,0.3627287853577371,0.34065993265993266
Herrera 2016,2016,2016-09-20,604,0.28785046728971964,0.3637873754152824,0.341563025210084
Herrera 2016,2016,2016-09-20,605,0.2891791044776119,0.3648424543946932,0.34246308724832214
Herrera 2016,2016,2016-09-20,606,0.2886405959031657,0.36423841059602646,0.3418894472361809
Herrera 2016,2016,2016-09-21,607,0.28810408921933084,0.36363636363636365,0.34131772575250835
Herrera 2016,2016,2016-09-22,608,0.287569573283859,0.36303630363036304,0.3407479131886478
Herrera 2016,2016,2016-09-22,609,0.28703703703703703,0.3624382207578254,0.34018
Herrera 2016,2016,2016-09-22,610,0.28650646950092423,0.3618421052631579,0.33961397670549087
Herrera 2016,2016,2016-09-22,611,0.2878228782287823,0.36288998357963875,0.3405083056478405
Herrera 2016,2016,2016-09-22,612,0.287292817679558,0.3622950819672131,0.3399436152570481
Herrera 2016,2016,2016-09-22,613,0.287292817679558,0.36333878887070375,0.34057450331125827
Herrera 2016,2016,2016-09-23,614,0.28860294117647056,0.36437908496732024,0.3414628099173554
Herrera 2016,2016,2016-09-23,615,0.28807339449541286,0.3637846655791191,0.3408993399339934
Herrera 2016,2016,2016-09-23,616,0.28807339449541286,0.36482084690553745,0.34147611202635914
Herrera 2016,2016,2016-09-23,617,0.2875457875457875,0.3642276422764228,0.3409144736842105
Herrera 2016,2016,2016-09-23,618,0.2870201096892139,0.36363636363636365,0.3403546798029557
Herrera 2016,2016,2016-09-24,619,0.2864963503649635,0.36304700162074555,0.3397967213114754
Herrera 2016,2016,2016-09-24,620,0.2877959927140255,0.3640776699029126,0.34180851063829787
Herrera 2016,2016,2016-09-24,621,0.28909090909090907,0.3651050080775444,0.3426846405228758
Herrera 2016,2016,2016-09-24,622,0.29038112522686027,0.36612903225806454,0.343557911908646
Herrera 2016,2016,2016-09-24,623,0.2898550724637681,0.36553945249597425,0.34299837133550487
Herrera 2016,2016,2016-09-25,624,0.28933092224231466,0.364951768488746,0.34244065040650407
Herrera 2016,2016,2016-09-25,625,0.2888086642599278,0.36436597110754415,0.34188474025974025
Herrera 2016,2016,2016-09-25,626,0.2888086642599278,0.36538461538461536,0.34245056726094003
Herrera 2016,2016,2016-09-25,627,0.2882882882882883,0.3648,0.34189644012944986
Herrera 2016,2016,2016-09-27,628,0.289568345323741,0.365814696485623,0.34276252019386105
Herrera 2016,2016,2016-09-27,629,0.289048473967684,0.3652312599681021,0.3422096774193548
Herrera 2016,2016,2016-09-27,630,0.2885304659498208,0.3646496815286624,0.341658615136876
Herrera 2016,2016,2016-09-27,631,0.2898032200357782,0.3656597774244833,0.3425209003215434
Herrera 2016,2016,2016-09-27,632,0.2892857142857143,0.36507936507936506,0.34197110754414123
Herrera 2016,2016,2016-09-28,633,0.2887700534759358,0.36450079239302696,0.34142307692307694
Herrera 2016,2016,2016-09-28,634,0.28825622775800713,0.3639240506329114,0.3408768
Herrera 2016,2016,2016-09-28,635,0.2895204262877442,0.36492890995260663,0.34231629392971247
Herrera 2016,2016,2016-09-28,636,0.28900709219858156,0.3643533123028391,0.34177033492822967
Herrera 2016,2016,2016-09-29,637,0.2884955752212389,0.3637795275590551,0.3412261146496815
Herrera 2016,2016,2016-09-29,638,0.28975265017667845,0.36477987421383645,0.3420794912559619
Herrera 2016,2016,2016-09-29,639,0.2892416225749559,0.3642072213500785,0.34153650793650797
Herrera 2016,2016,2016-09-29,640,0.2887323943661972,0.36363636363636365,0.34099524564183836
Herrera 2016,2016,2016-09-30,641,0.28822495606326887,0.36306729264475746,0.34045569620253163
Herrera 2016,2016,2016-09-30,642,0.2894736842105263,0.3640625,0.34130489731437597
Herrera 2016,2016,2016-09-30,643,0.28896672504378285,0.36349453978159124,0.3407665615141956
Herrera 2016,2016,2016-09-30,644,0.28846153846153844,0.3629283489096573,0.3402299212598425
Herrera 2016,2016,2016-10-01,645,0.2879581151832461,0.36236391912908245,0.3396949685534591
Herrera 2016,2016,2016-10-01,646,0.2874564459930314,0.36180124223602483,0.3391616954474097
Herrera 2016,2016,2016-10-01,647,0.2874564459930314,0.3627906976744186,0.3397131661442006
Herrera 2016,2016,2016-10-01,648,0.28695652173913044,0.3622291021671827,0.33918153364632236
Herrera 2016,2016,2016-10-02,649,0.2864583333333333,0.3616692426584235,0.3386515625
Herrera 2016,2016,2016-10-02,650,0.2876949740034662,0.3626543209876543,0.3394929797191888
Herrera 2016,2016,2016-10-02,651,0.28719723183391005,0.362095531587057,0.3389641744548287
Herrera 2016,2016,2016-10-02,652,0.2867012089810017,0.36153846153846153,0.3384370139968896
Herrera 2017,2017,2017-04-03,1,0.0,0.0,0.0
Herrera 2017,2017,2017-04-03,2,0.0,0.0,0.0
Herrera 2017,2017,2017-04-03,3,0.0,0.3333333333333333,0.23099999999999998
Herrera 2017,2017,2017-04-03,4,0.3333333333333333,0.5,0.48124999999999996
Herrera 2017,2017,2017-04-03,5,0.3333333333333333,0.6,0.5236
Herrera 2017,2017,2017-04-05,6,0.25,0.5,0.4363333333333333
Herrera 2017,2017,2017-04-05,7,0.2,0.42857142857142855,0.374
Herrera 2017,2017,2017-04-05,8,0.16666666666666666,0.375,0.32725
Herrera 2017,2017,2017-04-05,9,0.2857142857142857,0.4444444444444444,0.38833333333333336
Herrera 2017,2017,2017-04-06,10,0.375,0.5,0.4372
Herrera 2017,2017,2017-04-06,11,0.4444444444444444,0.5454545454545454,0.5094545454545455
Herrera 2017,2017,2017-04-06,12,0.4444444444444444,0.5833333333333334,0.5247499999999999
Herrera 2017,2017,2017-04-06,13,0.4,0.5384615384615384,0.48438461538461536
Herrera 2017,2017,2017-04-07,14,0.36363636363636365,0.5,0.4497857142857143
Herrera 2017,2017,2017-04-07,15,0.4166666666666667,0.5333333333333333,0.4782666666666667
Herrera 2017,2017,2017-04-07,16,0.46153846153846156,0.5625,0.5031875
Herrera 2017,2017,2017-04-07,17,0.46153846153846156,0.5882352941176471,0.5143529411764706
Herrera 2017,2017,2017-04-07,18,0.42857142857142855,0.5555555555555556,0.48577777777777775
Herrera 2017,2017,2017-04-08,19,0.42857142857142855,0.5789473684210527,0.4966842105263158
Herrera 2017,2017,2017-04-08,20,0.4666666666666667,0.6,0.5157
Herrera 2017,2017,2017-04-08,21,0.4375,0.5714285714285714,0.49114285714285716
Herrera 2017,2017,2017-04-08,22,0.4117647058823529,0.5454545454545454,0.4688181818181818
Herrera 2017,2017,2017-04-08,23,0.3888888888888889,0.5217391304347826,0.4484347826086957
Herrera 2017,2017,2017-04-09,24,0.42105263157894735,0.5416666666666666,0.4662916666666667
Herrera 2017,2017,2017-04-09,25,0.4,0.52,0.44764000000000004
Herrera 2017,2017,2017-04-09,26,0.38095238095238093,0.5,0.43042307692307696
Herrera 2017,2017,2017-04-09,27,0.36363636363636365,0.48148148148148145,0.4144814814814815
Herrera 2017,2017,2017-04-10,28,0.391304347826087,0.5,0.431
Herrera 2017,2017,2017-04-10,29,0.375,0.4827586206896552,0.41613793103448277
Herrera 2017,2017,2017-04-10,30,0.36,0.4666666666666667,0.40226666666666666
Herrera 2017,2017,2017-04-10,31,0.34615384615384615,0.45161290322580644,0.38929032258064517
Herrera 2017,2017,2017-04-10,32,0.3333333333333333,0.4375,0.377125
Herrera 2017,2017,2017-04-11,33,0.32142857142857145,0.42424242424242425,0.3656969696969697
Herrera 2017,2017,2017-04-11,34,0.3448275862068966,0.4411764705882353,0.38073529411764706
Herrera 2017,2017,2017-04-11,35,0.3333333333333333,0.42857142857142855,0.3698571428571429
Herrera 2017,2017,2017-04-12,36,0.3225806451612903,0.4166666666666667,0.35958333333333337
Herrera 2017,2017,2017-04-12,37,0.3125,0.40540540540540543,0.3498648648648649
Herrera 2017,2017,2017-04-12,38,0.3125,0.42105263157894735,0.35889473684210527
Herrera 2017,2017,2017-04-12,39,0.30303030303030304,0.41025641025641024,0.3496923076923077
Herrera 2017,2017,2017-04-14,40,0.29411764705882354,0.4,0.34095
Herrera 2017,2017,2017-04-14,41,0.2857142857142857,0.3902439024390244,0.33263414634146343
Herrera 2017,2017,2017-04-14,42,0.2857142857142857,0.40476190476190477,0.3412142857142857
Herrera 2017,2017,2017-04-14,43,0.2777777777777778,0.3953488372093023,0.33327906976744187
Herrera 2017,2017,2017-04-15,44,0.2702702702702703,0.38636363636363635,0.32570454545454547
Herrera 2017,2017,2017-04-15,45,0.2894736842105263,0.4,0.3458444444444444
Herrera 2017,2017,2017-04-15,46,0.28205128205128205,0.391304347826087,0.3383260869565217
Herrera 2017,2017,2017-04-15,47,0.275,0.3829787234042553,0.33112765957446805
Herrera 2017,2017,2017-04-18,48,0.2926829268292683,0.3958333333333333,0.36547916666666663
Herrera 2017,2017,2017-04-18,49,0.2926829268292683,0.40816326530612246,0.3721632653061225
Herrera 2017,2017,2017-04-18,50,0.2857142857142857,0.4,0.36472
Herrera 2017,2017,2017-04-18,51,0.3023255813953488,0.4117647058823529,0.37476470588235294
Herrera 2017,2017,2017-04-18,52,0.29545454545454547,0.40384615384615385,0.3675576923076923
Herrera 2017,2017,2017-04-18,53,0.28888888888888886,0.39622641509433965,0.36062264150943396
Herrera 2017,2017,2017-04-19,54,0.2826086956521739,0.3888888888888889,0.35394444444444445
Herrera 2017,2017,2017-04-19,55,0.2978723404255319,0.4,0.3634545454545454
Herrera 2017,2017,2017-04-19,56,0.2916666666666667,0.39285714285714285,0.3569642857142857
Herrera 2017,2017,2017-04-20,57,0.2857142857142857,0.38596491228070173,0.3507017543859649
Herrera 2017,2017,2017-04-20,58,0.28,0.3793103448275862,0.34465517241379307
Herrera 2017,2017,2017-04-20,59,0.27450980392156865,0.3728813559322034,0.3388135593220339
Herrera 2017,2017,2017-04-20,60,0.2692307692307692,0.36666666666666664,0.33316666666666667
Herrera 2017,2017,2017-04-20,61,0.2641509433962264,0.36065573770491804,0.32770491803278684
Herrera 2017,2017,2017-04-21,62,0.25925925925925924,0.3548387096774194,0.32241935483870965
Herrera 2017,2017,2017-04-21,63,0.2545454545454545,0.3492063492063492,0.31730158730158725
Herrera 2017,2017,2017-04-21,64,0.26785714285714285,0.359375,0.326046875
Herrera 2017,2017,2017-04-21,65,0.2631578947368421,0.35384615384615387,0.32103076923076923
Herrera 2017,2017,2017-04-22,66,0.27586206896551724,0.36363636363636365,0.32945454545454544
Herrera 2017,2017,2017-04-22,67,0.2711864406779661,0.3582089552238806,0.3245373134328358
Herrera 2017,2017,2017-04-22,68,0.2833333333333333,0.36764705882352944,0.3326617647058823
Herrera 2017,2017,2017-04-22,69,0.2786885245901639,0.36231884057971014,0.3278405797101449
Herrera 2017,2017,2017-04-22,70,0.27419354838709675,0.35714285714285715,0.32315714285714287
Herrera 2017,2017,2017-04-23,71,0.2698412698412698,0.352112676056338,0.31860563380281687
Herrera 2017,2017,2017-04-23,72,0.265625,0.3472222222222222,0.3141805555555555
Herrera 2017,2017,2017-04-23,73,0.26153846153846155,0.3424657534246575,0.3098767123287671
Herrera 2017,2017,2017-04-23,74,0.2727272727272727,0.35135135135135137,0.33244594594594595
Herrera 2017,2017,2017-04-26,75,0.26865671641791045,0.3466666666666667,0.3280133333333333
Herrera 2017,2017,2017-04-26,76,0.27941176470588236,0.35526315789473684,0.3352368421052631
Herrera 2017,2017,2017-04-26,77,0.2753623188405797,0.35064935064935066,0.33088311688311683
Herrera 2017,2017,2017-04-26,78,0.2714285714285714,0.34615384615384615,0.3266410256410256
Herrera 2017,2017,2017-04-27,79,0.2676056338028169,0.34177215189873417,0.322506329113924
Herrera 2017,2017,2017-04-27,80,0.2638888888888889,0.3375,0.31847499999999995
Herrera 2017,2017,2017-04-27,81,0.2602739726027397,0.3333333333333333,0.31454320987654316
Herrera 2017,2017,2017-04-27,82,0.25675675675675674,0.32926829268292684,0.31070731707317073
Herrera 2017,2017,2017-04-28,83,0.25333333333333335,0.3253012048192771,0.30696385542168675
Herrera 2017,2017,2017-04-28,84,0.25,0.32142857142857145,0.3033095238095238
Herrera 2017,2017,2017-04-28,85,0.24675324675324675,0.3176470588235294,0.29974117647058823
Herrera 2017,2017,2017-04-28,86,0.2564102564102564,0.32558139534883723,0.306453488372093
Herrera 2017,2017,2017-04-29,87,0.25316455696202533,0.3218390804597701,0.3029310344827586
Herrera 2017,2017,2017-04-29,88,0.25,0.3181818181818182,0.2994886363636364
Herrera 2017,2017,2017-04-29,89,0.25925925925925924,0.3258426966292135,0.30996629213483146
Herrera 2017,2017,2017-04-29,90,0.25609756097560976,0.32222222222222224,0.3065222222222222
Herrera 2017,2017,2017-04-30,91,0.25301204819277107,0.31868131868131866,0.30315384615384616
Herrera 2017,2017,2017-04-30,92,0.2619047619047619,0.32608695652173914,0.3213804347826087
Herrera 2017,2017,2017-05-01,93,0.25882352941176473,0.3225806451612903,0.3179247311827957
Herrera 2017,2017,2017-05-01,94,0.26744186046511625,0.32978723404255317,0.3238723404255319
Herrera 2017,2017,2017-05-01,95,0.27586206896551724,0.3368421052631579,0.32969473684210526
Herrera 2017,2017,2017-05-01,96,0.2727272727272727,0.3333333333333333,0.32626041666666666
Herrera 2017,2017,2017-05-01,97,0.2696629213483146,0.32989690721649484,0.32289690721649483
Herrera 2017,2017,2017-05-02,98,0.26666666666666666,0.32653061224489793,0.3196020408163265
Herrera 2017,2017,2017-05-02,99,0.26373626373626374,0.32323232323232326,0.31637373737373736
Herrera 2017,2017,2017-05-02,100,0.2608695652173913,0.32,0.31321
Herrera 2017,2017,2017-05-02,101,0.25806451612903225,0.31683168316831684,0.3101089108910891
Herrera 2017,2017,2017-05-03,102,0.26595744680851063,0.3235294117647059,0.3191470588235294
Herrera 2017,2017,2017-05-03,103,0.2631578947368421,0.32038834951456313,0.31604854368932034
Herrera 2017,2017,2017-05-03,104,0.2604166666666667,0.3173076923076923,0.31300961538461536
Herrera 2017,2017,2017-05-03,105,0.25773195876288657,0.3142857142857143,0.3100285714285714
Herrera 2017,2017,2017-05-04,106,0.2653061224489796,0.32075471698113206,0.3187264150943396
Herrera 2017,2017,2017-05-04,107,0.26262626262626265,0.3177570093457944,0.3157476635514018
Herrera 2017,2017,2017-05-04,108,0.26,0.3148148148148148,0.31282407407407403
Herrera 2017,2017,2017-05-04,109,0.25742574257425743,0.3119266055045872,0.30995412844036696
Herrera 2017,2017,2017-05-04,110,0.2549019607843137,0.3090909090909091,0.3071363636363636
Herrera 2017,2017,2017-05-04,111,0.2621359223300971,0.3153153153153153,0.31227027027027027
Herrera 2017,2017,2017-05-04,112,0.25961538461538464,0.3125,0.3094821428571429
Herrera 2017,2017,2017-05-05,113,0.2571428571428571,0.30973451327433627,0.3067433628318584
Herrera 2017,2017,2017-05-05,114,0.25471698113207547,0.30701754385964913,0.30405263157894735
Herrera 2017,2017,2017-05-05,115,0.2523364485981308,0.30434782608695654,0.30140869565217393
Herrera 2017,2017,2017-05-05,116,0.25925925925925924,0.3103448275862069,0.3094310344827586
Herrera 2017,2017,2017-05-05,117,0.25688073394495414,0.3076923076923077,0.3067863247863248
Herrera 2017,2017,2017-05-06,118,0.2545454545454545,0.3050847457627119,0.3041864406779661
Herrera 2017,2017,2017-05-06,119,0.25225225225225223,0.3025210084033613,0.3016302521008403
Herrera 2017,2017,2017-05-06,120,0.25,0.3,0.29911666666666664
Herrera 2017,2017,2017-05-06,121,0.25,0.30578512396694213,0.3026198347107438
Herrera 2017,2017,2017-05-07,122,0.24778761061946902,0.30327868852459017,0.30013934426229505
Herrera 2017,2017,2017-05-07,123,0.2543859649122807,0.3089430894308943,0.3048292682926829
Herrera 2017,2017,2017-05-07,124,0.25217391304347825,0.3064516129032258,0.3023709677419355
Herrera 2017,2017,2017-05-07,125,0.25,0.304,0.299952
Herrera 2017,2017,2017-05-07,126,0.2564102564102564,0.30952380952380953,0.3073492063492063
Herrera 2017,2017,2017-05-09,127,0.2627118644067797,0.31496062992125984,0.3146299212598425
Herrera 2017,2017,2017-05-09,128,0.2605042016806723,0.3125,0.312171875
Herrera 2017,2017,2017-05-09,129,0.26666666666666666,0.3178294573643411,0.31655038759689924
Herrera 2017,2017,2017-05-09,130,0.2644628099173554,0.3153846153846154,0.31411538461538463
Herrera 2017,2017,2017-05-10,131,0.26229508196721313,0.31297709923664124,0.3117175572519084
Herrera 2017,2017,2017-05-10,132,0.2601626016260163,0.3106060606060606,0.30935606060606063
Herrera 2017,2017,2017-05-10,133,0.25806451612903225,0.3082706766917293,0.30703007518796993
Herrera 2017,2017,2017-05-10,134,0.264,0.31343283582089554,0.31393283582089554
Herrera 2017,2017,2017-05-10,135,0.2619047619047619,0.3111111111111111,0.3116074074074074
Herrera 2017,2017,2017-05-13,136,0.25984251968503935,0.3088235294117647,0.30931617647058823
Herrera 2017,2017,2017-05-13,137,0.2578125,0.30656934306569344,0.30705839416058395
Herrera 2017,2017,2017-05-13,138,0.2558139534883721,0.30434782608695654,0.30483333333333335
Herrera 2017,2017,2017-05-13,139,0.25384615384615383,0.302158273381295,0.3026402877697842
Herrera 2017,2017,2017-05-13,140,0.25190839694656486,0.3,0.30047857142857143
Herrera 2017,2017,2017-05-14,141,0.25757575757575757,0.3049645390070922,0.3045673758865248
Herrera 2017,2017,2017-05-14,142,0.2556390977443609,0.3028169014084507,0.3024225352112676
Herrera 2017,2017,2017-05-14,143,0.2537313432835821,0.3006993006993007,0.30030769230769233
Herrera 2017,2017,2017-05-14,144,0.2518518518518518,0.2986111111111111,0.2982222222222222
Herrera 2017,2017,2017-05-14,145,0.25,0.296551724137931,0.29616551724137935
Herrera 2017,2017,2017-05-16,146,0.25547445255474455,0.3013698630136986,0.3001438356164383
Herrera 2017,2017,2017-05-16,147,0.2536231884057971,0.29931972789115646,0.2981020408163265
Herrera 2017,2017,2017-05-16,148,0.2517985611510791,0.2972972972972973,0.2960878378378378
Herrera 2017,2017,2017-05-16,149,0.25,0.2953020134228188,0.2941006711409396
Herrera 2017,2017,2017-05-17,150,0.24822695035460993,0.29333333333333333,0.29214
Herrera 2017,2017,2017-05-17,151,0.24647887323943662,0.2913907284768212,0.290205298013245
Herrera 2017,2017,2017-05-17,152,0.24475524475524477,0.2894736842105263,0.2882960526315789
Herrera 2017,2017,2017-05-17,153,0.24305555555555555,0.2875816993464052,0.28641176470588237
Herrera 2017,2017,2017-05-18,154,0.2413793103448276,0.2857142857142857,0.28455194805194806
Herrera 2017,2017,2017-05-18,155,0.23972602739726026,0.2838709677419355,0.28271612903225807
Herrera 2017,2017,2017-05-18,156,0.23809523809523808,0.28205128205128205,0.2809038461538461
Herrera 2017,2017,2017-05-18,157,0.23648648648648649,0.2802547770700637,0.27911464968152866
Herrera 2017,2017,2017-05-19,158,0.2348993288590604,0.27848101265822783,0.27734810126582277
Herrera 2017,2017,2017-05-19,159,0.23333333333333334,0.27672955974842767,0.2756037735849056
Herrera 2017,2017,2017-05-19,160,0.23841059602649006,0.28125,0.2793625
Herrera 2017,2017,2017-05-19,161,0.23684210526315788,0.2795031055900621,0.27762732919254657
Herrera 2017,2017,2017-05-20,162,0.23529411764705882,0.2777777777777778,0.2759135802469136
Herrera 2017,2017,2017-05-20,163,0.23376623376623376,0.27607361963190186,0.2742208588957055
Herrera 2017,2017,2017-05-20,164,0.23225806451612904,0.27439024390243905,0.2725487804878049
Herrera 2017,2017,2017-05-20,165,0.23076923076923078,0.2727272727272727,0.2708969696969697
Herrera 2017,2017,2017-05-21,166,0.22929936305732485,0.2710843373493976,0.26926506024096386
Herrera 2017,2017,2017-05-21,167,0.22784810126582278,0.2694610778443114,0.26765269461077845
Herrera 2017,2017,2017-05-21,168,0.23270440251572327,0.27380952380952384,0.27127976190476194
Herrera 2017,2017,2017-05-21,169,0.23125,0.27218934911242604,0.2696745562130178
Herrera 2017,2017,2017-05-22,170,0.22981366459627328,0.27058823529411763,0.2680882352941177
Herrera 2017,2017,2017-05-22,171,0.22839506172839505,0.26900584795321636,0.2665204678362573
Herrera 2017,2017,2017-05-22,172,0.22699386503067484,0.26744186046511625,0.26497093023255813
Herrera 2017,2017,2017-05-23,173,0.23170731707317074,0.27167630057803466,0.2705606936416185
Herrera 2017,2017,2017-05-23,174,0.23030303030303031,0.27011494252873564,0.26900574712643677
Herrera 2017,2017,2017-05-23,175,0.23493975903614459,0.2742857142857143,0.27248
Herrera 2017,2017,2017-05-23,176,0.23353293413173654,0.2727272727272727,0.27093181818181816
Herrera 2017,2017,2017-05-24,177,0.23214285714285715,0.2711864406779661,0.2694011299435028
Herrera 2017,2017,2017-05-24,178,0.23076923076923078,0.2696629213483146,0.2678876404494382
Herrera 2017,2017,2017-05-24,179,0.22941176470588234,0.2681564245810056,0.26639106145251396
Herrera 2017,2017,2017-05-24,180,0.22807017543859648,0.26666666666666666,0.2649111111111111
Herrera 2017,2017,2017-05-25,181,0.22674418604651161,0.26519337016574585,0.2634475138121547
Herrera 2017,2017,2017-05-25,182,0.2254335260115607,0.26373626373626374,0.262
Herrera 2017,2017,2017-05-25,183,0.22413793103448276,0.26229508196721313,0.26056830601092895
Herrera 2017,2017,2017-05-25,184,0.22285714285714286,0.2608695652173913,0.25915217391304346
Herrera 2017,2017,2017-05-25,185,0.2215909090909091,0.2594594594594595,0.25775135135135135
Herrera 2017,2017,2017-05-26,186,0.22033898305084745,0.25806451612903225,0.2563655913978494
Herrera 2017,2017,2017-05-26,187,0.21910112359550563,0.25668449197860965,0.2549946524064171
Herrera 2017,2017,2017-05-26,188,0.21787709497206703,0.2553191489361702,0.25363829787234043
Herrera 2017,2017,2017-05-26,189,0.2222222222222222,0.25925925925925924,0.2588148148148148
Herrera 2017,2017,2017-05-27,190,0.22099447513812154,0.2578947368421053,0.2574526315789474
Herrera 2017,2017,2017-05-27,191,0.21978021978021978,0.25654450261780104,0.2561047120418848
Herrera 2017,2017,2017-05-27,192,0.2185792349726776,0.2552083333333333,0.25477083333333334
Herrera 2017,2017,2017-05-27,193,0.21739130434782608,0.2538860103626943,0.25345077720207254
Herrera 2017,2017,2017-05-28,194,0.21621621621621623,0.25257731958762886,0.2521443298969072
Herrera 2017,2017,2017-05-28,195,0.21505376344086022,0.2512820512820513,0.25085128205128204
Herrera 2017,2017,2017-05-28,196,0.21390374331550802,0.25,0.24957142857142856
Herrera 2017,2017,2017-05-28,197,0.2127659574468085,0.24873096446700507,0.24830456852791877
Herrera 2017,2017,2017-05-30,198,0.2127659574468085,0.2474747474747475,0.24705050505050505
Herrera 2017,2017,2017-05-31,199,0.21164021164021163,0.24623115577889448,0.24580904522613065
Herrera 2017,2017,2017-05-31,200,0.21578947368421053,0.25,0.248965
Herrera 2017,2017,2017-05-31,201,0.21465968586387435,0.24875621890547264,0.24772636815920399
Herrera 2017,2017,2017-05-31,202,0.21354166666666666,0.24752475247524752,0.2465
Herrera 2017,2017,2017-06-03,203,0.21243523316062177,0.24630541871921183,0.24528571428571427
Herrera 2017,2017,2017-06-03,204,0.21649484536082475,0.25,0.25012254901960784
Herrera 2017,2017,2017-06-03,205,0.2153846153846154,0.24878048780487805,0.24890243902439024
Herrera 2017,2017,2017-06-03,206,0.2193877551020408,0.2524271844660194,0.25367475728155336
Herrera 2017,2017,2017-06-04,207,0.2233502538071066,0.2560386473429952,0.2584009661835749
Herrera 2017,2017,2017-06-04,208,0.2222222222222222,0.2548076923076923,0.25715865384615383
Herrera 2017,2017,2017-06-04,209,0.22613065326633167,0.2583732057416268,0.2654019138755981
Herrera 2017,2017,2017-06-04,210,0.23,0.2619047619047619,0.2700047619047619
Herrera 2017,2017,2017-06-05,211,0.23383084577114427,0.26540284360189575,0.274563981042654
Herrera 2017,2017,2017-06-05,212,0.2376237623762376,0.2688679245283019,0.2790801886792453
Herrera 2017,2017,2017-06-05,213,0.2413793103448276,0.27230046948356806,0.2870657276995305
Herrera 2017,2017,2017-06-05,214,0.24019607843137256,0.27102803738317754,0.2857242990654205
Herrera 2017,2017,2017-06-05,215,0.23902439024390243,0.26976744186046514,0.2843953488372093
Herrera 2017,2017,2017-06-06,216,0.23786407766990292,0.26851851851851855,0.2830787037037037
Herrera 2017,2017,2017-06-06,217,0.23671497584541062,0.2672811059907834,0.28177419354838706
Herrera 2017,2017,2017-06-06,218,0.2403846153846154,0.2706422018348624,0.2861330275229358
Herrera 2017,2017,2017-06-06,219,0.23923444976076555,0.2694063926940639,0.2848264840182648
Herrera 2017,2017,2017-06-07,220,0.24285714285714285,0.2727272727272727,0.2891318181818182
Herrera 2017,2017,2017-06-07,221,0.24285714285714285,0.27601809954751133,0.2909592760180995
Herrera 2017,2017,2017-06-07,222,0.24170616113744076,0.2747747747747748,0.2896486486486486
Herrera 2017,2017,2017-06-07,223,0.24528301886792453,0.27802690582959644,0.2938744394618834
Herrera 2017,2017,2017-06-08,224,0.24413145539906103,0.2767857142857143,0.2925625
Herrera 2017,2017,2017-06-08,225,0.24299065420560748,0.27555555555555555,0.29126222222222226
Herrera 2017,2017,2017-06-08,226,0.24651162790697675,0.27876106194690264,0.295424778761062
Herrera 2017,2017,2017-06-08,227,0.24537037037037038,0.2775330396475771,0.2941233480176212
Herrera 2017,2017,2017-06-09,228,0.24423963133640553,0.27631578947368424,0.29283333333333333
Herrera 2017,2017,2017-06-09,229,0.24311926605504589,0.27510917030567683,0.29155458515283844
Herrera 2017,2017,2017-06-09,230,0.2420091324200913,0.27391304347826084,0.29028695652173914
Herrera 2017,2017,2017-06-09,231,0.24545454545454545,0.27705627705627706,0.2928268398268398
Herrera 2017,2017,2017-06-10,232,0.24434389140271492,0.27586206896551724,0.2915646551724138
Herrera 2017,2017,2017-06-10,233,0.24324324324324326,0.27467811158798283,0.29031330472103006
Herrera 2017,2017,2017-06-10,234,0.24663677130044842,0.2777777777777778,0.2928205128205128
Herrera 2017,2017,2017-06-10,235,0.24553571428571427,0.2765957446808511,0.29157446808510634
Herrera 2017,2017,2017-06-11,236,0.24888888888888888,0.2796610169491525,0.29405508474576275
Herrera 2017,2017,2017-06-11,237,0.252212389380531,0.28270042194092826,0.29651476793248943
Herrera 2017,2017,2017-06-11,238,0.2511013215859031,0.2815126050420168,0.2952689075630252
Herrera 2017,2017,2017-06-11,239,0.25,0.2803347280334728,0.2940334728033473
Herrera 2017,2017,2017-06-11,240,0.25327510917030566,0.2833333333333333,0.29646249999999996
Herrera 2017,2017,2017-06-12,241,0.2565217391304348,0.2863070539419087,0.29887136929460584
Herrera 2017,2017,2017-06-12,242,0.2554112554112554,0.28512396694214875,0.29763636363636364
Herrera 2017,2017,2017-06-12,243,0.2543103448275862,0.2839506172839506,0.2964115226337449
Herrera 2017,2017,2017-06-12,244,0.2532188841201717,0.2827868852459016,0.29519672131147545
Herrera 2017,2017,2017-06-12,245,0.25213675213675213,0.2816326530612245,0.2939918367346939
Herrera 2017,2017,2017-06-12,246,0.2553191489361702,0.2845528455284553,0.2963617886178862
Herrera 2017,2017,2017-06-13,247,0.2542372881355932,0.2834008097165992,0.2951619433198381
Herrera 2017,2017,2017-06-13,248,0.2542372881355932,0.2862903225806452,0.2967661290322581
Herrera 2017,2017,2017-06-13,249,0.25316455696202533,0.285140562248996,0.295574297188755
Herrera 2017,2017,2017-06-13,250,0.25210084033613445,0.284,0.294392
Herrera 2017,2017,2017-06-13,251,0.2510460251046025,0.28286852589641437,0.29321912350597606
Herrera 2017,2017,2017-06-13,252,0.25,0.28174603174603174,0.29205555555555557
Herrera 2017,2017,2017-06-14,253,0.24896265560165975,0.28063241106719367,0.29090118577075097
Herrera 2017,2017,2017-06-14,254,0.24793388429752067,0.2795275590551181,0.289755905511811
Herrera 2017,2017,2017-06-14,255,0.24691358024691357,0.2784313725490196,0.2886196078431372
Herrera 2017,2017,2017-06-14,256,0.2459016393442623,0.27734375,0.2874921875
Herrera 2017,2017,2017-06-14,257,0.24489795918367346,0.27626459143968873,0.2863735408560311
Herrera 2017,2017,2017-06-15,258,0.24390243902439024,0.2751937984496124,0.28526356589147284
Herrera 2017,2017,2017-06-15,259,0.242914979757085,0.27413127413127414,0.28416216216216217
Herrera 2017,2017,2017-06-15,260,0.24193548387096775,0.27307692307692305,0.28306923076923074
Herrera 2017,2017,2017-06-15,261,0.24096385542168675,0.2720306513409962,0.2819846743295019
Herrera 2017,2017,2017-06-16,262,0.24,0.27099236641221375,0.2809083969465649
Herrera 2017,2017,2017-06-16,263,0.24302788844621515,0.2737642585551331,0.28574144486692016
Herrera 2017,2017,2017-06-16,264,0.24603174603174602,0.2765151515151515,0.2879810606060606
Herrera 2017,2017,2017-06-16,265,0.2450592885375494,0.27547169811320754,0.2868943396226415
Herrera 2017,2017,2017-06-17,266,0.2440944881889764,0.2744360902255639,0.2858157894736842
Herrera 2017,2017,2017-06-17,267,0.24705882352941178,0.27715355805243447,0.28802996254681645
Herrera 2017,2017,2017-06-17,268,0.24609375,0.27611940298507465,0.286955223880597
Herrera 2017,2017,2017-06-17,269,0.245136186770428,0.275092936802974,0.28588847583643123
Herrera 2017,2017,2017-06-17,270,0.2441860465116279,0.2740740740740741,0.2848296296296296
Herrera 2017,2017,2017-06-18,271,0.24324324324324326,0.2730627306273063,0.28377859778597786
Herrera 2017,2017,2017-06-18,272,0.24615384615384617,0.2757352941176471,0.2859595588235294
Herrera 2017,2017,2017-06-18,273,0.24904214559386972,0.2783882783882784,0.28812454212454214
Herrera 2017,2017,2017-06-18,274,0.2480916030534351,0.2773722627737226,0.28707299270072995
Herrera 2017,2017,2017-06-18,275,0.24714828897338403,0.27636363636363637,0.2860290909090909
Herrera 2017,2017,2017-06-20,276,0.24621212121212122,0.2753623188405797,0.28499275362318843
Herrera 2017,2017,2017-06-20,277,0.24528301886792453,0.2743682310469314,0.2839638989169675
Herrera 2017,2017,2017-06-20,278,0.24436090225563908,0.2733812949640288,0.2829424460431655
Herrera 2017,2017,2017-06-20,279,0.24719101123595505,0.27598566308243727,0.2850716845878136
Herrera 2017,2017,2017-06-20,280,0.25,0.2785714285714286,0.2871857142857143
Herrera 2017,2017,2017-06-21,281,0.2527881040892193,0.28113879003558717,0.29054804270462636
Herrera 2017,2017,2017-06-21,282,0.2518518518518518,0.2801418439716312,0.2895177304964539
Herrera 2017,2017,2017-06-21,283,0.25092250922509224,0.2791519434628975,0.28849469964664315
Herrera 2017,2017,2017-06-21,284,0.2536764705882353,0.28169014084507044,0.2905669014084507
Herrera 2017,2017,2017-06-21,285,0.25274725274725274,0.2807017543859649,0.2895473684210526
Herrera 2017,2017,2017-06-22,286,0.25274725274725274,0.28321678321678323,0.290958041958042
Herrera 2017,2017,2017-06-22,287,0.25547445255474455,0.2857142857142857,0.2942369337979094
Herrera 2017,2017,2017-06-22,288,0.2545454545454545,0.2847222222222222,0.2932152777777778
Herrera 2017,2017,2017-06-22,289,0.2572463768115942,0.28719723183391005,0.2964636678200692
Herrera 2017,2017,2017-06-23,290,0.259927797833935,0.2896551724137931,0.29846551724137926
Herrera 2017,2017,2017-06-23,291,0.2589928057553957,0.28865979381443296,0.2974398625429553
Herrera 2017,2017,2017-06-23,292,0.25806451612903225,0.2876712328767123,0.2964212328767123
Herrera 2017,2017,2017-06-23,293,0.2571428571428571,0.28668941979522183,0.2954095563139931
Herrera 2017,2017,2017-06-24,294,0.25622775800711745,0.2857142857142857,0.2944047619047619
Herrera 2017,2017,2017-06-24,295,0.2553191489361702,0.2847457627118644,0.2934067796610169
Herrera 2017,2017,2017-06-24,296,0.2579505300353357,0.28716216216216217,0.2953783783783784
Herrera 2017,2017,2017-06-25,297,0.25704225352112675,0.28619528619528617,0.2943838383838384
Herrera 2017,2017,2017-06-25,298,0.25704225352112675,0.28859060402684567,0.29572147651006714
Herrera 2017,2017,2017-06-25,299,0.2596491228070175,0.2909698996655518,0.29766555183946486
Herrera 2017,2017,2017-06-25,300,0.25874125874125875,0.29,0.29667333333333334
Herrera 2017,2017,2017-06-25,301,0.2578397212543554,0.28903654485049834,0.295687707641196
Herrera 2017,2017,2017-06-26,302,0.2569444444444444,0.28807947019867547,0.29470860927152315
Herrera 2017,2017,2017-06-26,303,0.2560553633217993,0.2871287128712871,0.2937359735973597
Herrera 2017,2017,2017-06-26,304,0.25862068965517243,0.2894736842105263,0.2956546052631579
Herrera 2017,2017,2017-06-26,305,0.25773195876288657,0.28852459016393445,0.29468524590163936
Herrera 2017,2017,2017-06-27,306,0.2568493150684932,0.2875816993464052,0.2937222222222222
Herrera 2017,2017,2017-06-28,307,0.25597269624573377,0.28664495114006516,0.2927654723127036
Herrera 2017,2017,2017-06-28,308,0.25510204081632654,0.2857142857142857,0.29181493506493505
Herrera 2017,2017,2017-06-28,309,0.25510204081632654,0.28802588996763756,0.29311326860841425
Herrera 2017,2017,2017-06-28,310,0.2542372881355932,0.2870967741935484,0.2921677419354839
Herrera 2017,2017,2017-06-30,311,0.2533783783783784,0.2861736334405145,0.2912282958199357
Herrera 2017,2017,2017-06-30,312,0.25252525252525254,0.28525641025641024,0.2902948717948718
Herrera 2017,2017,2017-06-30,313,0.2516778523489933,0.28434504792332266,0.2893674121405751
Herrera 2017,2017,2017-07-01,314,0.2508361204013378,0.28343949044585987,0.28844585987261145
Herrera 2017,2017,2017-07-01,315,0.25,0.28253968253968254,0.28753015873015875
Herrera 2017,2017,2017-07-01,316,0.24916943521594684,0.28164556962025317,0.28662025316455697
Herrera 2017,2017,2017-07-01,317,0.24834437086092714,0.2807570977917981,0.2857160883280757
Herrera 2017,2017,2017-07-01,318,0.24752475247524752,0.279874213836478,0.2848176100628931
Herrera 2017,2017,2017-07-03,319,0.25,0.28213166144200624,0.28667398119122256
Herrera 2017,2017,2017-07-03,320,0.24918032786885247,0.28125,0.285778125
Herrera 2017,2017,2017-07-03,321,0.24836601307189543,0.2803738317757009,0.2848878504672897
Herrera 2017,2017,2017-07-04,322,0.250814332247557,0.2826086956521739,0.28672670807453415
Herrera 2017,2017,2017-07-04,323,0.2532467532467532,0.2848297213622291,0.2885541795665635
Herrera 2017,2017,2017-07-04,324,0.2524271844660194,0.2839506172839506,0.2876635802469136
Herrera 2017,2017,2017-07-04,325,0.25161290322580643,0.28307692307692306,0.28677846153846154
Herrera 2017,2017,2017-07-05,326,0.2540192926045016,0.2852760736196319,0.2885889570552147
Herrera 2017,2017,2017-07-05,327,0.2532051282051282,0.28440366972477066,0.2877064220183486
Herrera 2017,2017,2017-07-05,328,0.25559105431309903,0.2865853658536585,0.28950304878048777
Herrera 2017,2017,2017-07-05,329,0.25477707006369427,0.2857142857142857,0.28862310030395133
Herrera 2017,2017,2017-07-06,330,0.2571428571428571,0.2878787878787879,0.2904060606060606
Herrera 2017,2017,2017-07-06,331,0.2563291139240506,0.28700906344410876,0.2895287009063444
Herrera 2017,2017,2017-07-06,332,0.2555205047318612,0.286144578313253,0.2886566265060241
Herrera 2017,2017,2017-07-07,333,0.25471698113207547,0.2852852852852853,0.2877897897897898
Herrera 2017,2017,2017-07-07,334,0.25391849529780564,0.2844311377245509,0.28692814371257486
Herrera 2017,2017,2017-07-07,335,0.253125,0.2835820895522388,0.2860716417910448
Herrera 2017,2017,2017-07-07,336,0.2554517133956386,0.2857142857142857,0.28783035714285715
Herrera 2017,2017,2017-07-08,337,0.2546583850931677,0.28486646884273,0.28697626112759644
Herrera 2017,2017,2017-07-08,338,0.25386996904024767,0.28402366863905326,0.2861272189349112
Herrera 2017,2017,2017-07-09,339,0.25308641975308643,0.2831858407079646,0.28528318584070794
Herrera 2017,2017,2017-07-09,340,0.2523076923076923,0.2823529411764706,0.2844441176470588
Herrera 2017,2017,2017-07-09,341,0.254601226993865,0.2844574780058651,0.28941642228739006
Herrera 2017,2017,2017-07-09,342,0.25382262996941896,0.28362573099415206,0.2885701754385965
Herrera 2017,2017,2017-07-14,343,0.2530487804878049,0.282798833819242,0.28772886297376093
Herrera 2017,2017,2017-07-14,344,0.25227963525835867,0.2819767441860465,0.28689244186046514
Herrera 2017,2017,2017-07-14,345,0.2545454545454545,0.28405797101449276,0.2918
Herrera 2017,2017,2017-07-14,346,0.2545454545454545,0.2861271676300578,0.29295953757225435
Herrera 2017,2017,2017-07-15,347,0.2537764350453172,0.28530259365994237,0.2921152737752162
Herrera 2017,2017,2017-07-15,348,0.25301204819277107,0.28448275862068967,0.29127586206896555
Herrera 2017,2017,2017-07-15,349,0.2552552552552553,0.28653295128939826,0.29611461318051574
Herrera 2017,2017,2017-07-15,350,0.25748502994011974,0.2885714285714286,0.2987885714285714
Herrera 2017,2017,2017-07-16,351,0.25671641791044775,0.28774928774928776,0.2979373219373219
Herrera 2017,2017,2017-07-16,352,0.25892857142857145,0.2897727272727273,0.3005909090909091
Herrera 2017,2017,2017-07-16,353,0.26112759643916916,0.29178470254957506,0.30322946175637394
Herrera 2017,2017,2017-07-16,354,0.2603550295857988,0.2909604519774011,0.30237288135593215
Herrera 2017,2017,2017-07-16,355,0.25958702064896755,0.29014084507042254,0.30152112676056336
Herrera 2017,2017,2017-07-17,356,0.25882352941176473,0.2893258426966292,0.30067415730337077
Herrera 2017,2017,2017-07-17,357,0.25882352941176473,0.2913165266106443,0.3017731092436975
Herrera 2017,2017,2017-07-17,358,0.25806451612903225,0.2905027932960894,0.30093016759776536
Herrera 2017,2017,2017-07-17,359,0.2573099415204678,0.28969359331476324,0.30009192200557105
Herrera 2017,2017,2017-07-17,360,0.2565597667638484,0.28888888888888886,0.29925833333333335
Herrera 2017,2017,2017-07-18,361,0.25872093023255816,0.29085872576177285,0.30085872576177286
Herrera 2017,2017,2017-07-18,362,0.25872093023255816,0.292817679558011,0.30194198895027624
Herrera 2017,2017,2017-07-18,363,0.2579710144927536,0.29201101928374656,0.30111019283746554
Herrera 2017,2017,2017-07-18,364,0.26011560693641617,0.29395604395604397,0.30269230769230765
Herrera 2017,2017,2017-07-19,365,0.25936599423631124,0.29315068493150687,0.3018630136986301
Herrera 2017,2017,2017-07-19,366,0.25862068965517243,0.2923497267759563,0.3010382513661202
Herrera 2017,2017,2017-07-19,367,0.2607449856733524,0.29427792915531337,0.303574931880109
Herrera 2017,2017,2017-07-19,368,0.26,0.29347826086956524,0.30274999999999996
Herrera 2017,2017,2017-07-19,369,0.25925925925925924,0.2926829268292683,0.30192953929539296
Herrera 2017,2017,2017-07-21,370,0.25925925925925924,0.2945945945945946,0.3029864864864865
Herrera 2017,2017,2017-07-21,371,0.2585227272727273,0.29380053908355797,0.3021698113207547
Herrera 2017,2017,2017-07-21,372,0.26062322946175637,0.2956989247311828,0.3037150537634409
Herrera 2017,2017,2017-07-21,373,0.2598870056497175,0.2949061662198391,0.30290080428954425
Herrera 2017,2017,2017-07-22,374,0.2619718309859155,0.2967914438502674,0.3053850267379679
Herrera 2017,2017,2017-07-22,375,0.2640449438202247,0.2986666666666667,0.30985066666666666
Herrera 2017,2017,2017-07-22,376,0.2661064425770308,0.300531914893617,0.3123031914893617
Herrera 2017,2017,2017-07-22,377,0.2681564245810056,0.30238726790450926,0.31380106100795757
Herrera 2017,2017,2017-07-23,378,0.26740947075208915,0.30158730158730157,0.31297089947089946
Herrera 2017,2017,2017-07-23,379,0.26666666666666666,0.3007915567282322,0.31214511873350925
Herrera 2017,2017,2017-07-23,380,0.26869806094182824,0.3026315789473684,0.31363157894736843
Herrera 2017,2017,2017-07-23,381,0.26869806094182824,0.30446194225721784,0.31462729658792654
Herrera 2017,2017,2017-07-24,382,0.26869806094182824,0.306282722513089,0.31561780104712045
Herrera 2017,2017,2017-07-24,383,0.27071823204419887,0.30809399477806787,0.3180104438642298
Herrera 2017,2017,2017-07-24,384,0.2699724517906336,0.3072916666666667,0.31718229166666667
Herrera 2017,2017,2017-07-24,385,0.27197802197802196,0.3090909090909091,0.3186363636363636
Herrera 2017,2017,2017-07-25,386,0.27123287671232876,0.3082901554404145,0.31781088082901554
Herrera 2017,2017,2017-07-25,387,0.27049180327868855,0.30749354005167956,0.3169896640826873
Herrera 2017,2017,2017-07-25,388,0.26975476839237056,0.30670103092783507,0.3161726804123711
Herrera 2017,2017,2017-07-28,389,0.26902173913043476,0.3059125964010283,0.3153598971722365
Herrera 2017,2017,2017-07-28,390,0.2682926829268293,0.30512820512820515,0.314551282051282
Herrera 2017,2017,2017-07-28,391,0.2702702702702703,0.3069053708439898,0.3159897698209718
Herrera 2017,2017,2017-07-28,392,0.2695417789757412,0.30612244897959184,0.31518367346938775
Herrera 2017,2017,2017-07-29,393,0.2695417789757412,0.30788804071246817,0.31622137404580153
Herrera 2017,2017,2017-07-29,394,0.271505376344086,0.3096446700507614,0.3176446700507614
Herrera 2017,2017,2017-07-29,395,0.2707774798927614,0.30886075949367087,0.3168405063291139
Herrera 2017,2017,2017-07-29,396,0.2727272727272727,0.3106060606060606,0.32104040404040407
Herrera 2017,2017,2017-07-29,397,0.27466666666666667,0.3123425692695214,0.32244080604534003
Herrera 2017,2017,2017-07-30,398,0.27393617021276595,0.31155778894472363,0.3216306532663316
Herrera 2017,2017,2017-07-30,399,0.27586206896551724,0.3132832080200501,0.32302255639097743
Herrera 2017,2017,2017-07-30,400,0.2777777777777778,0.315,0.3244075
Herrera 2017,2017,2017-07-30,401,0.2770448548812665,0.314214463840399,0.3235985037406484
Herrera 2017,2017,2017-07-31,402,0.27631578947368424,0.31343283582089554,0.3227935323383085
Herrera 2017,2017,2017-07-31,403,0.2782152230971129,0.315136476426799,0.32690570719602974
Herrera 2017,2017,2017-07-31,404,0.2774869109947644,0.31435643564356436,0.32609653465346533
Herrera 2017,2017,2017-07-31,405,0.27676240208877284,0.3135802469135803,0.32529135802469133
Herrera 2017,2017,2017-08-01,406,0.2760416666666667,0.312807881773399,0.3244901477832512
Herrera 2017,2017,2017-08-01,407,0.2753246753246753,0.31203931203931207,0.32369287469287467
Herrera 2017,2017,2017-08-01,408,0.2772020725388601,0.3137254901960784,0.32504901960784316
Herrera 2017,2017,2017-08-01,409,0.27648578811369506,0.31295843520782396,0.32425427872860635
Herrera 2017,2017,2017-08-02,410,0.2757731958762887,0.3121951219512195,0.32346341463414635
Herrera 2017,2017,2017-08-02,411,0.2750642673521851,0.31143552311435524,0.322676399026764
Herrera 2017,2017,2017-08-02,412,0.27692307692307694,0.3131067961165049,0.3240218446601941
Herrera 2017,2017,2017-08-02,413,0.27621483375959077,0.31234866828087166,0.32323728813559316
Herrera 2017,2017,2017-08-03,414,0.2780612244897959,0.3140096618357488,0.32457487922705314
Herrera 2017,2017,2017-08-03,415,0.2780612244897959,0.3156626506024096,0.32546265060240964
Herrera 2017,2017,2017-08-03,416,0.27735368956743,0.31490384615384615,0.32468028846153846
Herrera 2017,2017,2017-08-03,417,0.2766497461928934,0.31414868105515587,0.32390167865707437
Herrera 2017,2017,2017-08-04,418,0.27848101265822783,0.3157894736842105,0.3252248803827751
Herrera 2017,2017,2017-08-04,419,0.2777777777777778,0.315035799522673,0.3244486873508353
Herrera 2017,2017,2017-08-04,420,0.2770780856423174,0.3142857142857143,0.32367619047619045
Herrera 2017,2017,2017-08-04,421,0.27638190954773867,0.31353919239904987,0.32290736342042753
Herrera 2017,2017,2017-08-05,422,0.2756892230576441,0.3127962085308057,0.3221421800947867
Herrera 2017,2017,2017-08-05,423,0.275,0.3120567375886525,0.32138061465721035
Herrera 2017,2017,2017-08-05,424,0.2743142144638404,0.3113207547169811,0.3206226415094339
Herrera 2017,2017,2017-08-05,425,0.27611940298507465,0.3129411764705882,0.32193176470588236
Herrera 2017,2017,2017-08-06,426,0.27543424317617865,0.31220657276995306,0.32117605633802815
Herrera 2017,2017,2017-08-06,427,0.2747524752475248,0.3114754098360656,0.32042388758782203
Herrera 2017,2017,2017-08-06,428,0.2740740740740741,0.3107476635514019,0.31967523364485984
Herrera 2017,2017,2017-08-06,429,0.27586206896551724,0.3123543123543124,0.3218018648018648
Herrera 2017,2017,2017-08-08,430,0.2751842751842752,0.3116279069767442,0.321053488372093
Herrera 2017,2017,2017-08-08,431,0.2751842751842752,0.31322505800464034,0.32191647331786544
Herrera 2017,2017,2017-08-08,432,0.2769607843137255,0.3148148148148148,0.32575462962962964
Herrera 2017,2017,2017-08-08,433,0.2787286063569682,0.3163972286374134,0.3270277136258661
Herrera 2017,2017,2017-08-08,434,0.2804878048780488,0.31797235023041476,0.3291129032258065
Herrera 2017,2017,2017-08-09,435,0.2822384428223844,0.3195402298850575,0.3319241379310345
Herrera 2017,2017,2017-08-09,436,0.28398058252427183,0.3211009174311927,0.33472247706422015
Herrera 2017,2017,2017-08-09,437,0.28329297820823246,0.32036613272311215,0.33395652173913043
Herrera 2017,2017,2017-08-09,438,0.2826086956521739,0.319634703196347,0.3331940639269406
Herrera 2017,2017,2017-08-10,439,0.2819277108433735,0.31890660592255127,0.3324350797266515
Herrera 2017,2017,2017-08-10,440,0.28125,0.3181818181818182,0.3316795454545454
Herrera 2017,2017,2017-08-10,441,0.2829736211031175,0.3197278911564626,0.33291609977324266
Herrera 2017,2017,2017-08-10,442,0.2822966507177033,0.3190045248868778,0.33216289592760184
Herrera 2017,2017,2017-08-11,443,0.2840095465393795,0.32054176072234764,0.3341941309255079
Herrera 2017,2017,2017-08-11,444,0.2840095465393795,0.32207207207207206,0.3350022522522522
Herrera 2017,2017,2017-08-11,445,0.2833333333333333,0.32134831460674157,0.3342494382022472
Herrera 2017,2017,2017-08-11,446,0.2826603325415677,0.32062780269058294,0.33349999999999996
Herrera 2017,2017,2017-08-11,447,0.2843601895734597,0.3221476510067114,0.3347158836689038
Herrera 2017,2017,2017-08-12,448,0.28368794326241137,0.32142857142857145,0.33396875
Herrera 2017,2017,2017-08-12,449,0.2830188679245283,0.3207126948775056,0.3332249443207127
Herrera 2017,2017,2017-08-12,450,0.2823529411764706,0.32,0.3324844444444444
Herrera 2017,2017,2017-08-12,451,0.284037558685446,0.3215077605321508,0.33369179600886917
Herrera 2017,2017,2017-08-13,452,0.2857142857142857,0.3230088495575221,0.3348938053097345
Herrera 2017,2017,2017-08-13,453,0.2857142857142857,0.32450331125827814,0.33568432671081677
Herrera 2017,2017,2017-08-13,454,0.2857142857142857,0.32599118942731276,0.33647136563876656
Herrera 2017,2017,2017-08-13,455,0.2850467289719626,0.3252747252747253,0.33573186813186817
Herrera 2017,2017,2017-08-14,456,0.28438228438228436,0.32456140350877194,0.33499561403508776
Herrera 2017,2017,2017-08-14,457,0.28604651162790695,0.32603938730853393,0.33695842450765867
Herrera 2017,2017,2017-08-14,458,0.2877030162412993,0.32751091703056767,0.3381375545851528
Herrera 2017,2017,2017-08-14,459,0.28703703703703703,0.32679738562091504,0.337400871459695
Herrera 2017,2017,2017-08-14,460,0.2863741339491917,0.32608695652173914,0.3366673913043478
Herrera 2017,2017,2017-09-05,461,0.2857142857142857,0.32537960954446854,0.33593709327548804
Herrera 2017,2017,2017-09-05,462,0.2850574712643678,0.3246753246753247,0.3352099567099567
Herrera 2017,2017,2017-09-05,463,0.286697247706422,0.326133909287257,0.3363801295896328
Herrera 2017,2017,2017-09-05,464,0.28604118993135014,0.3254310344827586,0.3356551724137931
Herrera 2017,2017,2017-09-05,465,0.2853881278538813,0.3247311827956989,0.3349333333333333
Herrera 2017,2017,2017-09-07,466,0.2853881278538813,0.3261802575107296,0.33570171673819743
Herrera 2017,2017,2017-09-07,467,0.2870159453302961,0.32762312633832974,0.33762098501070664
Herrera 2017,2017,2017-09-07,468,0.28863636363636364,0.32905982905982906,0.3387735042735043
Herrera 2017,2017,2017-09-07,469,0.28798185941043086,0.3283582089552239,0.3380511727078891
Herrera 2017,2017,2017-09-08,470,0.28798185941043086,0.32978723404255317,0.3388063829787234
Herrera 2017,2017,2017-09-08,471,0.2873303167420814,0.32908704883227174,0.33808704883227175
Herrera 2017,2017,2017-09-08,472,0.2866817155756208,0.3283898305084746,0.3373707627118644
Herrera 2017,2017,2017-09-08,473,0.2882882882882883,0.3298097251585624,0.3385116279069767
Herrera 2017,2017,2017-09-08,474,0.2876404494382023,0.3291139240506329,0.33779746835443036
Herrera 2017,2017,2017-09-09,475,0.28699551569506726,0.32842105263157895,0.3370863157894737
Herrera 2017,2017,2017-09-09,476,0.28635346756152125,0.3277310924369748,0.3363781512605042
Herrera 2017,2017,2017-09-09,477,0.2857142857142857,0.3270440251572327,0.33567295597484276
Herrera 2017,2017,2017-09-09,478,0.28507795100222716,0.3263598326359833,0.3349707112970711
Herrera 2017,2017,2017-09-12,479,0.2866666666666667,0.3277661795407098,0.3361022964509394
Herrera 2017,2017,2017-09-12,480,0.28824833702882485,0.32916666666666666,0.3372291666666667
Herrera 2017,2017,2017-09-12,481,0.28982300884955753,0.3305613305613306,0.3390893970893971
Herrera 2017,2017,2017-09-12,482,0.2891832229580574,0.32987551867219916,0.3383858921161826
Herrera 2017,2017,2017-09-12,483,0.28854625550660795,0.32919254658385094,0.33768530020703935
Herrera 2017,2017,2017-09-12,484,0.2879120879120879,0.3285123966942149,0.33698760330578514
Herrera 2017,2017,2017-09-12,485,0.28728070175438597,0.32783505154639175,0.3362927835051546
Herrera 2017,2017,2017-09-12,486,0.28665207877461707,0.3271604938271605,0.3356008230452675
Herrera 2017,2017,2017-09-13,487,0.28820960698689957,0.32854209445585214,0.33744147843942507
Herrera 2017,2017,2017-09-13,488,0.2875816993464052,0.32786885245901637,0.33675
Herrera 2017,2017,2017-09-13,489,0.28695652173913044,0.32719836400818,0.3360613496932515
Herrera 2017,2017,2017-09-13,490,0.2885032537960954,0.32857142857142857,0.3394163265306122
Herrera 2017,2017,2017-09-13,491,0.2878787878787879,0.32790224032586557,0.3387250509164969
Herrera 2017,2017,2017-09-14,492,0.28725701943844495,0.32723577235772355,0.3380365853658536
Herrera 2017,2017,2017-09-14,493,0.28879310344827586,0.3286004056795132,0.33912981744421905
Herrera 2017,2017,2017-09-14,494,0.28817204301075267,0.32793522267206476,0.3384433198380567
Herrera 2017,2017,2017-09-14,495,0.2875536480686695,0.32727272727272727,0.337759595959596
Herrera 2017,2017,2017-09-14,496,0.28693790149892934,0.32661290322580644,0.33707862903225805
Herrera 2017,2017,2017-09-15,497,0.2863247863247863,0.32595573440643866,0.33640040241448693
Herrera 2017,2017,2017-09-15,498,0.2857142857142857,0.3253012048192771,0.3357248995983936
Herrera 2017,2017,2017-09-15,499,0.2851063829787234,0.3246492985971944,0.33505210420841686
Herrera 2017,2017,2017-09-16,500,0.28662420382165604,0.326,0.336136
Herrera 2017,2017,2017-09-16,501,0.2860169491525424,0.3253493013972056,0.3354650698602794
Herrera 2017,2017,2017-09-16,502,0.2854122621564482,0.3247011952191235,0.33479681274900397
Herrera 2017,2017,2017-09-16,503,0.2854122621564482,0.3260437375745527,0.33556858846918486
Herrera 2017,2017,2017-09-17,504,0.2848101265822785,0.3253968253968254,0.33490277777777777
Herrera 2017,2017,2017-09-17,505,0.28421052631578947,0.32475247524752476,0.33423960396039604
Herrera 2017,2017,2017-09-18,506,0.28361344537815125,0.3241106719367589,0.3335790513833992
Herrera 2017,2017,2017-09-18,507,0.2830188679245283,0.3234714003944773,0.33292110453648915
Herrera 2017,2017,2017-09-18,508,0.2824267782426778,0.3228346456692913,0.33226574803149606
Herrera 2017,2017,2017-09-18,509,0.2818371607515658,0.32220039292730845,0.3316129666011788
Herrera 2017,2017,2017-09-19,510,0.28125,0.3215686274509804,0.3309627450980392
Herrera 2017,2017,2017-09-19,511,0.28274428274428276,0.32289628180039137,0.33272602739726026
Herrera 2017,2017,2017-09-19,512,0.2842323651452282,0.32421875,0.3337890625
Herrera 2017,2017,2017-09-19,513,0.2842323651452282,0.3255360623781676,0.3344892787524366
Herrera 2017,2017,2017-09-20,514,0.2836438923395445,0.32490272373540857,0.3338385214007782
Herrera 2017,2017,2017-09-20,515,0.2830578512396694,0.32427184466019415,0.3331902912621359
Herrera 2017,2017,2017-09-20,516,0.2824742268041237,0.3236434108527132,0.33254457364341083
Herrera 2017,2017,2017-09-20,517,0.28189300411522633,0.3230174081237911,0.3319013539651837
Herrera 2017,2017,2017-09-21,518,0.2813141683778234,0.3223938223938224,0.3312606177606177
Herrera 2017,2017,2017-09-21,519,0.2807377049180328,0.3217726396917148,0.3306223506743738
Herrera 2017,2017,2017-09-21,520,0.28016359918200406,0.3211538461538462,0.3299865384615384
Herrera 2017,2017,2017-09-21,521,0.2795918367346939,0.32053742802303264,0.3293531669865643
Herrera 2017,2017,2017-09-22,522,0.2790224032586558,0.31992337164750956,0.3287222222222222
Herrera 2017,2017,2017-09-22,523,0.2784552845528455,0.3193116634799235,0.32809369024856594
Herrera 2017,2017,2017-09-22,524,0.2778904665314402,0.3187022900763359,0.3274675572519084
Herrera 2017,2017,2017-09-22,525,0.2773279352226721,0.3180952380952381,0.3268438095238095
Herrera 2017,2017,2017-09-23,526,0.2767676767676768,0.31749049429657794,0.326222433460076
Herrera 2017,2017,2017-09-23,527,0.2762096774193548,0.31688804554079697,0.3256034155597723
Herrera 2017,2017,2017-09-23,528,0.27565392354124746,0.3162878787878788,0.3249867424242424
Herrera 2017,2017,2017-09-23,529,0.2751004016064257,0.31568998109640833,0.32437240075614365
Herrera 2017,2017,2017-09-25,530,0.2745490981963928,0.3150943396226415,0.32376037735849056
Herrera 2017,2017,2017-09-25,531,0.276,0.3163841807909605,0.326879472693032
Herrera 2017,2017,2017-09-25,532,0.2774451097804391,0.3176691729323308,0.32791353383458643
Herrera 2017,2017,2017-09-25,533,0.27689243027888444,0.3170731707317073,0.3272983114446529
Herrera 2017,2017,2017-09-26,534,0.27634194831013914,0.31647940074906367,0.32668539325842694
Herrera 2017,2017,2017-09-26,535,0.2757936507936508,0.31588785046728973,0.32607476635514016
Herrera 2017,2017,2017-09-26,536,0.27524752475247527,0.31529850746268656,0.3254664179104477
Herrera 2017,2017,2017-09-26,537,0.274703557312253,0.31471135940409684,0.3248603351955307
Herrera 2017,2017,2017-09-27,538,0.27613412228796846,0.3159851301115242,0.32588661710037176
Herrera 2017,2017,2017-09-27,539,0.2755905511811024,0.31539888682745826,0.32528200371057514
Herrera 2017,2017,2017-09-27,540,0.2770137524557957,0.31666666666666665,0.3269611111111111
Herrera 2017,2017,2017-09-27,541,0.27647058823529413,0.31608133086876156,0.3263567467652495
Herrera 2017,2017,2017-09-29,542,0.27788649706457924,0.3173431734317343,0.3273726937269373
Herrera 2017,2017,2017-09-29,543,0.27788649706457924,0.31675874769797424,0.3267697974217311
Herrera 2017,2017,2017-09-29,544,0.279296875,0.3180147058823529,0.32778124999999997
Herrera 2017,2017,2017-09-29,545,0.2787524366471735,0.3174311926605505,0.32717981651376143
Herrera 2017,2017,2017-09-30,546,0.2782101167315175,0.31684981684981683,0.32658058608058604
Herrera 2017,2017,2017-09-30,547,0.27766990291262134,0.3162705667276051,0.3259835466179159
Herrera 2017,2017,2017-09-30,548,0.27766990291262134,0.3175182481751825,0.3267080291970803
Herrera 2017,2017,2017-09-30,549,0.2771317829457364,0.31693989071038253,0.3261129326047359
Herrera 2017,2017,2017-09-30,550,0.2765957446808511,0.31636363636363635,0.32552
Herrera 2017,2017,2017-10-01,551,0.27606177606177607,0.3157894736842105,0.32492921960072596
Herrera 2017,2017,2017-10-01,552,0.27552986512524086,0.31521739130434784,0.3243405797101449
Herrera 2017,2017,2017-10-01,553,0.27692307692307694,0.31645569620253167,0.3253399638336347
Herrera 2017,2017,2017-10-01,554,0.2763915547024952,0.315884476534296,0.32475270758122743
Herrera 2017,2017,2017-10-01,555,0.2777777777777778,0.3171171171171171,0.32638738738738743
Herrera 2018,2018,2018-03-30,1,0.0,0.0,0.0
Herrera 2018,2018,2018-03-30,2,0.0,0.0,0.0
Herrera 2018,2018,2018-03-30,3,0.3333333333333333,0.3333333333333333,0.4156666666666667
Herrera 2018,2018,2018-03-30,4,0.25,0.25,0.31175
Herrera 2018,2018,2018-03-30,5,0.2,0.2,0.2494
Herrera 2018,2018,2018-03-30,6,0.16666666666666666,0.16666666666666666,0.20783333333333334
Herrera 2018,2018,2018-03-31,7,0.16666666666666666,0.2857142857142857,0.27671428571428575
Herrera 2018,2018,2018-03-31,8,0.14285714285714285,0.25,0.242125
Herrera 2018,2018,2018-03-31,9,0.125,0.2222222222222222,0.21522222222222223
Herrera 2018,2018,2018-03-31,10,0.1111111111111111,0.2,0.1937
Herrera 2018,2018,2018-04-03,11,0.1,0.18181818181818182,0.1760909090909091
Herrera 2018,2018,2018-04-03,12,0.09090909090909091,0.16666666666666666,0.16141666666666668
Herrera 2018,2018,2018-04-03,13,0.08333333333333333,0.15384615384615385,0.149
Herrera 2018,2018,2018-04-03,14,0.15384615384615385,0.21428571428571427,0.20121428571428573
Herrera 2018,2018,2018-04-05,15,0.15384615384615385,0.26666666666666666,0.2338
Herrera 2018,2018,2018-04-05,16,0.21428571428571427,0.3125,0.27418750000000003
Herrera 2018,2018,2018-04-05,17,0.2,0.29411764705882354,0.2580588235294118
Herrera 2018,2018,2018-04-05,18,0.25,0.3333333333333333,0.29261111111111116
Herrera 2018,2018,2018-04-07,19,0.23529411764705882,0.3157894736842105,0.2772105263157895
Herrera 2018,2018,2018-04-07,20,0.2777777777777778,0.35,0.30735
Herrera 2018,2018,2018-04-07,21,0.3157894736842105,0.38095238095238093,0.35209523809523813
Herrera 2018,2018,2018-04-07,22,0.3,0.36363636363636365,0.3360909090909091
Herrera 2018,2018,2018-04-07,23,0.3333333333333333,0.391304347826087,0.3597391304347827
Herrera 2018,2018,2018-04-08,24,0.36363636363636365,0.4166666666666667,0.3967083333333334
Herrera 2018,2018,2018-04-08,25,0.391304347826087,0.44,0.41603999999999997
Herrera 2018,2018,2018-04-08,26,0.375,0.4230769230769231,0.4000384615384615
Herrera 2018,2018,2018-04-08,27,0.36,0.4074074074074074,0.3852222222222222
Herrera 2018,2018,2018-04-09,28,0.34615384615384615,0.39285714285714285,0.3714642857142857
Herrera 2018,2018,2018-04-09,29,0.3333333333333333,0.3793103448275862,0.3586551724137931
Herrera 2018,2018,2018-04-09,30,0.32142857142857145,0.36666666666666664,0.3467
Herrera 2018,2018,2018-04-09,31,0.32142857142857145,0.3870967741935484,0.35777419354838713
Herrera 2018,2018,2018-04-10,32,0.3103448275862069,0.375,0.34659375000000003
Herrera 2018,2018,2018-04-10,33,0.3,0.36363636363636365,0.3360909090909091
Herrera 2018,2018,2018-04-10,34,0.3225806451612903,0.38235294117647056,0.3628823529411765
Herrera 2018,2018,2018-04-10,35,0.34375,0.4,0.3881428571428572
Herrera 2018,2018,2018-04-11,36,0.36363636363636365,0.4166666666666667,0.4018055555555555
Herrera 2018,2018,2018-04-11,37,0.35294117647058826,0.40540540540540543,0.39094594594594595
Herrera 2018,2018,2018-04-11,38,0.34285714285714286,0.39473684210526316,0.3806578947368421
Herrera 2018,2018,2018-04-11,39,0.3333333333333333,0.38461538461538464,0.3708974358974359
Herrera 2018,2018,2018-04-11,40,0.32432432432432434,0.375,0.361625
Herrera 2018,2018,2018-04-13,41,0.3157894736842105,0.36585365853658536,0.35280487804878047
Herrera 2018,2018,2018-04-13,42,0.3076923076923077,0.35714285714285715,0.3444047619047619
Herrera 2018,2018,2018-04-13,43,0.3,0.3488372093023256,0.3363953488372093
Herrera 2018,2018,2018-04-13,44,0.3170731707317073,0.36363636363636365,0.34875
Herrera 2018,2018,2018-04-14,45,0.3333333333333333,0.37777777777777777,0.3605555555555556
Herrera 2018,2018,2018-04-14,46,0.3488372093023256,0.391304347826087,0.37184782608695655
Herrera 2018,2018,2018-04-14,47,0.3409090909090909,0.3829787234042553,0.363936170212766
Herrera 2018,2018,2018-04-14,48,0.3333333333333333,0.375,0.3563541666666667
Herrera 2018,2018,2018-04-14,49,0.34782608695652173,0.3877551020408163,0.36704081632653063
Herrera 2018,2018,2018-04-15,50,0.3404255319148936,0.38,0.35969999999999996
Herrera 2018,2018,2018-04-15,51,0.3333333333333333,0.37254901960784315,0.3526470588235294
Herrera 2018,2018,2018-04-15,52,0.32653061224489793,0.36538461538461536,0.34586538461538463
Herrera 2018,2018,2018-04-15,53,0.32653061224489793,0.37735849056603776,0.35235849056603774
Herrera 2018,2018,2018-04-15,54,0.32653061224489793,0.3888888888888889,0.35861111111111116
Herrera 2018,2018,2018-04-16,55,0.34,0.4,0.3890181818181818
Herrera 2018,2018,2018-04-16,56,0.35294117647058826,0.4107142857142857,0.3977857142857143
Herrera 2018,2018,2018-04-16,57,0.34615384615384615,0.40350877192982454,0.39080701754385966
Herrera 2018,2018,2018-04-16,58,0.33962264150943394,0.39655172413793105,0.3840689655172414
Herrera 2018,2018,2018-04-17,59,0.3333333333333333,0.3898305084745763,0.3775593220338983
Herrera 2018,2018,2018-04-17,60,0.34545454545454546,0.4,0.38593333333333335
Herrera 2018,2018,2018-04-17,61,0.3392857142857143,0.39344262295081966,0.37960655737704924
Herrera 2018,2018,2018-04-17,62,0.3333333333333333,0.3870967741935484,0.373483870967742
Herrera 2018,2018,2018-04-17,63,0.3275862068965517,0.38095238095238093,0.3675555555555556
Herrera 2018,2018,2018-04-18,64,0.3220338983050847,0.375,0.36181250000000004
Herrera 2018,2018,2018-04-18,65,0.31666666666666665,0.36923076923076925,0.3562461538461539
Herrera 2018,2018,2018-04-18,66,0.32786885245901637,0.3787878787878788,0.3641818181818182
Herrera 2018,2018,2018-04-18,67,0.3225806451612903,0.373134328358209,0.35874626865671644
Herrera 2018,2018,2018-04-19,68,0.31746031746031744,0.36764705882352944,0.35347058823529415
Herrera 2018,2018,2018-04-19,69,0.328125,0.37681159420289856,0.3611014492753623
Herrera 2018,2018,2018-04-19,70,0.3384615384615385,0.38571428571428573,0.3685142857142857
Herrera 2018,2018,2018-04-19,71,0.3333333333333333,0.38028169014084506,0.36332394366197185
Herrera 2018,2018,2018-04-20,72,0.3283582089552239,0.375,0.35827777777777775
Herrera 2018,2018,2018-04-20,73,0.3235294117647059,0.3698630136986301,0.3533698630136986
Herrera 2018,2018,2018-04-20,74,0.3333333333333333,0.3783783783783784,0.3604864864864865
Herrera 2018,2018,2018-04-20,75,0.34285714285714286,0.38666666666666666,0.37672
Herrera 2018,2018,2018-04-21,76,0.3380281690140845,0.3815789473684211,0.37176315789473685
Herrera 2018,2018,2018-04-21,77,0.3333333333333333,0.37662337662337664,0.36693506493506495
Herrera 2018,2018,2018-04-21,78,0.3424657534246575,0.38461538461538464,0.37351282051282053
Herrera 2018,2018,2018-04-21,79,0.33783783783783783,0.379746835443038,0.36878481012658226
Herrera 2018,2018,2018-04-22,80,0.3333333333333333,0.375,0.364175
Herrera 2018,2018,2018-04-22,81,0.32894736842105265,0.37037037037037035,0.359679012345679
Herrera 2018,2018,2018-04-22,82,0.3246753246753247,0.36585365853658536,0.35529268292682925
Herrera 2018,2018,2018-04-22,83,0.3333333333333333,0.37349397590361444,0.3616144578313253
Herrera 2018,2018,2018-04-22,84,0.3291139240506329,0.36904761904761907,0.3573095238095238
Herrera 2018,2018,2018-04-25,85,0.3375,0.3764705882352941,0.3634588235294118
Herrera 2018,2018,2018-04-25,86,0.3375,0.3764705882352941,0.3592325581395349
Herrera 2018,2018,2018-04-25,87,0.3375,0.38372093023255816,0.36303448275862066
Herrera 2018,2018,2018-04-25,88,0.3333333333333333,0.3793103448275862,0.3589090909090909
Herrera 2018,2018,2018-04-26,89,0.32926829268292684,0.375,0.354876404494382
Herrera 2018,2018,2018-04-26,90,0.3253012048192771,0.3707865168539326,0.3509333333333333
Herrera 2018,2018,2018-04-26,91,0.3333333333333333,0.37777777777777777,0.3567472527472527
Herrera 2018,2018,2018-04-26,92,0.3411764705882353,0.38461538461538464,0.36243478260869566
Herrera 2018,2018,2018-04-27,93,0.3488372093023256,0.391304347826087,0.3803763440860215
Herrera 2018,2018,2018-04-27,94,0.3448275862068966,0.3870967741935484,0.37632978723404253
Herrera 2018,2018,2018-04-27,95,0.3522727272727273,0.39361702127659576,0.3937473684210526
Herrera 2018,2018,2018-04-27,96,0.34831460674157305,0.3894736842105263,0.3896458333333333
Herrera 2018,2018,2018-04-28,97,0.35555555555555557,0.3958333333333333,0.39470103092783504
Herrera 2018,2018,2018-04-28,98,0.3516483516483517,0.3917525773195876,0.3906734693877551
Herrera 2018,2018,2018-04-28,99,0.34782608695652173,0.3877551020408163,0.38672727272727275
Herrera 2018,2018,2018-04-28,100,0.34408602150537637,0.3838383838383838,0.38286000000000003
Herrera 2018,2018,2018-04-29,101,0.34408602150537637,0.39,0.3859009900990099
Herrera 2018,2018,2018-04-29,102,0.3404255319148936,0.38613861386138615,0.3821176470588235
Herrera 2018,2018,2018-04-29,103,0.3404255319148936,0.39215686274509803,0.3851067961165049
Herrera 2018,2018,2018-04-29,104,0.3368421052631579,0.3883495145631068,0.3814038461538462
Herrera 2018,2018,2018-04-30,105,0.34375,0.3942307692307692,0.38615238095238097
Herrera 2018,2018,2018-04-30,106,0.34375,0.4,0.38901886792452833
Herrera 2018,2018,2018-04-30,107,0.3402061855670103,0.39622641509433965,0.3853831775700935
Herrera 2018,2018,2018-04-30,108,0.3469387755102041,0.40186915887850466,0.38996296296296296
Herrera 2018,2018,2018-04-30,109,0.3434343434343434,0.39814814814814814,0.38638532110091744
Herrera 2018,2018,2018-05-01,110,0.34,0.3944954128440367,0.38287272727272725
Herrera 2018,2018,2018-05-01,111,0.3465346534653465,0.4,0.38735135135135135
Herrera 2018,2018,2018-05-01,112,0.3431372549019608,0.3963963963963964,0.38389285714285715
Herrera 2018,2018,2018-05-01,113,0.33980582524271846,0.39285714285714285,0.38049557522123895
Herrera 2018,2018,2018-05-01,114,0.33653846153846156,0.3893805309734513,0.37715789473684214
Herrera 2018,2018,2018-05-02,115,0.33653846153846156,0.39473684210526316,0.3801391304347826
Herrera 2018,2018,2018-05-02,116,0.3333333333333333,0.391304347826087,0.37686206896551727
Herrera 2018,2018,2018-05-02,117,0.330188679245283,0.3879310344827586,0.37364102564102564
Herrera 2018,2018,2018-05-02,118,0.32710280373831774,0.38461538461538464,0.37047457627118646
Herrera 2018,2018,2018-05-02,119,0.3333333333333333,0.3898305084745763,0.37475630252100844
Herrera 2018,2018,2018-05-04,120,0.3302752293577982,0.3865546218487395,0.37163333333333337
Herrera 2018,2018,2018-05-04,121,0.32727272727272727,0.38333333333333336,0.3685619834710744
Herrera 2018,2018,2018-05-04,122,0.32432432432432434,0.38016528925619836,0.3655409836065574
Herrera 2018,2018,2018-05-04,123,0.33035714285714285,0.38524590163934425,0.36972357723577237
Herrera 2018,2018,2018-05-05,124,0.3274336283185841,0.3821138211382114,0.36674193548387096
Herrera 2018,2018,2018-05-05,125,0.3274336283185841,0.3870967741935484,0.36932800000000005
Herrera 2018,2018,2018-05-05,126,0.32456140350877194,0.384,0.36639682539682544
Herrera 2018,2018,2018-05-05,127,0.3217391304347826,0.38095238095238093,0.36351181102362207
Herrera 2018,2018,2018-05-06,128,0.3275862068965517,0.3858267716535433,0.37041406250000003
Herrera 2018,2018,2018-05-06,129,0.3247863247863248,0.3828125,0.36754263565891476
Herrera 2018,2018,2018-05-06,130,0.3305084745762712,0.3875968992248062,0.37430769230769234
Herrera 2018,2018,2018-05-06,131,0.33613445378151263,0.3923076923076923,0.3781679389312977
Herrera 2018,2018,2018-05-06,132,0.3333333333333333,0.3893129770992366,0.3753030303030303
Herrera 2018,2018,2018-05-07,133,0.33884297520661155,0.3939393939393939,0.3877518796992481
Herrera 2018,2018,2018-05-07,134,0.3360655737704918,0.39097744360902253,0.3848582089552239
Herrera 2018,2018,2018-05-07,135,0.3360655737704918,0.39552238805970147,0.38711851851851853
Herrera 2018,2018,2018-05-07,136,0.34146341463414637,0.4,0.3992058823529412
Herrera 2018,2018,2018-05-08,137,0.3387096774193548,0.39705882352941174,0.3962919708029197
Herrera 2018,2018,2018-05-08,138,0.344,0.40145985401459855,0.3997971014492754
Herrera 2018,2018,2018-05-08,139,0.3412698412698413,0.39855072463768115,0.39692086330935256
Herrera 2018,2018,2018-05-08,140,0.3464566929133858,0.4028776978417266,0.40037142857142854
Herrera 2018,2018,2018-05-09,141,0.3464566929133858,0.40714285714285714,0.40242553191489366
Herrera 2018,2018,2018-05-09,142,0.34375,0.40425531914893614,0.3995915492957747
Herrera 2018,2018,2018-05-09,143,0.34375,0.4084507042253521,0.4016223776223776
Herrera 2018,2018,2018-05-09,144,0.34375,0.4125874125874126,0.403625
Herrera 2018,2018,2018-05-09,145,0.34108527131782945,0.4097222222222222,0.4008413793103448
Herrera 2018,2018,2018-05-10,146,0.3384615384615385,0.4068965517241379,0.3980958904109589
Herrera 2018,2018,2018-05-10,147,0.3435114503816794,0.410958904109589,0.40387074829931974
Herrera 2018,2018,2018-05-10,148,0.3484848484848485,0.41496598639455784,0.40708783783783786
Herrera 2018,2018,2018-05-10,149,0.3533834586466165,0.4189189189189189,0.41026174496644296
Herrera 2018,2018,2018-05-11,150,0.3582089552238806,0.4228187919463087,0.4210666666666667
Herrera 2018,2018,2018-05-11,151,0.3582089552238806,0.4266666666666667,0.4228476821192053
Herrera 2018,2018,2018-05-11,152,0.35555555555555557,0.423841059602649,0.4200657894736842
Herrera 2018,2018,2018-05-11,153,0.3602941176470588,0.4276315789473684,0.42307189542483664
Herrera 2018,2018,2018-05-13,154,0.3602941176470588,0.43137254901960786,0.4248051948051948
Herrera 2018,2018,2018-05-13,155,0.35766423357664234,0.42857142857142855,0.4220645161290323
Herrera 2018,2018,2018-05-13,156,0.36231884057971014,0.432258064516129,0.425
Herrera 2018,2018,2018-05-13,157,0.3597122302158273,0.42948717948717946,0.4222929936305732
Herrera 2018,2018,2018-05-16,158,0.36428571428571427,0.43312101910828027,0.4251898734177216
Herrera 2018,2018,2018-05-16,159,0.3617021276595745,0.43037974683544306,0.4225157232704403
Herrera 2018,2018,2018-05-16,160,0.3591549295774648,0.4276729559748428,0.41987500000000005
Herrera 2018,2018,2018-05-16,161,0.35664335664335667,0.425,0.41726708074534163
Herrera 2018,2018,2018-05-17,162,0.3541666666666667,0.422360248447205,0.4146913580246914
Herrera 2018,2018,2018-05-17,163,0.3541666666666667,0.42592592592592593,0.41638036809815954
Herrera 2018,2018,2018-05-17,164,0.3586206896551724,0.4294478527607362,0.4192073170731707
Herrera 2018,2018,2018-05-17,165,0.363013698630137,0.4329268292682927,0.42422424242424245
Herrera 2018,2018,2018-05-17,166,0.36054421768707484,0.4303030303030303,0.42166867469879515
Herrera 2018,2018,2018-05-18,167,0.3581081081081081,0.42771084337349397,0.4191437125748503
Herrera 2018,2018,2018-05-18,168,0.35570469798657717,0.4251497005988024,0.4166488095238095
Herrera 2018,2018,2018-05-18,169,0.36,0.42857142857142855,0.4193905325443787
Herrera 2018,2018,2018-05-18,170,0.3576158940397351,0.4260355029585799,0.4169235294117647
Herrera 2018,2018,2018-05-19,171,0.35526315789473684,0.4235294117647059,0.414485380116959
Herrera 2018,2018,2018-05-19,172,0.35947712418300654,0.4269005847953216,0.4238837209302326
Herrera 2018,2018,2018-05-19,173,0.35714285714285715,0.42441860465116277,0.4214335260115607
Herrera 2018,2018,2018-05-19,174,0.3548387096774194,0.42196531791907516,0.4190114942528736
Herrera 2018,2018,2018-05-19,175,0.3525641025641026,0.41954022988505746,0.41661714285714285
Herrera 2018,2018,2018-05-20,176,0.3503184713375796,0.41714285714285715,0.41425
Herrera 2018,2018,2018-05-20,177,0.34810126582278483,0.4147727272727273,0.41190960451977404
Herrera 2018,2018,2018-05-20,178,0.34591194968553457,0.4124293785310734,0.40959550561797753
Herrera 2018,2018,2018-05-20,179,0.34375,0.4101123595505618,0.4073072625698324
Herrera 2018,2018,2018-05-21,180,0.34782608695652173,0.4134078212290503,0.4099333333333333
Herrera 2018,2018,2018-05-21,181,0.35185185185185186,0.4166666666666667,0.41253038674033154
Herrera 2018,2018,2018-05-21,182,0.3496932515337423,0.4143646408839779,0.4102637362637363
Herrera 2018,2018,2018-05-21,183,0.3475609756097561,0.41208791208791207,0.4080218579234973
Herrera 2018,2018,2018-05-22,184,0.34545454545454546,0.4098360655737705,0.405804347826087
Herrera 2018,2018,2018-05-22,185,0.3433734939759036,0.4076086956521739,0.40361081081081085
Herrera 2018,2018,2018-05-22,186,0.3413173652694611,0.40540540540540543,0.4014408602150538
Herrera 2018,2018,2018-05-22,187,0.34523809523809523,0.40860215053763443,0.4059625668449198
Herrera 2018,2018,2018-05-23,188,0.3431952662721893,0.40641711229946526,0.4038031914893617
Herrera 2018,2018,2018-05-23,189,0.34705882352941175,0.4095744680851064,0.4063227513227513
Herrera 2018,2018,2018-05-23,190,0.34502923976608185,0.4074074074074074,0.4041842105263158
Herrera 2018,2018,2018-05-23,191,0.3430232558139535,0.4052631578947368,0.4020680628272251
Herrera 2018,2018,2018-05-25,192,0.34104046242774566,0.4031413612565445,0.3999739583333333
Herrera 2018,2018,2018-05-25,193,0.3390804597701149,0.4010416666666667,0.3979015544041451
Herrera 2018,2018,2018-05-25,194,0.34285714285714286,0.40414507772020725,0.4022783505154639
Herrera 2018,2018,2018-05-25,195,0.3409090909090909,0.4020618556701031,0.40021538461538464
Herrera 2018,2018,2018-05-25,196,0.3389830508474576,0.4,0.3981734693877551
Herrera 2018,2018,2018-05-26,197,0.33707865168539325,0.3979591836734694,0.3961522842639594
Herrera 2018,2018,2018-05-26,198,0.33519553072625696,0.39593908629441626,0.39415151515151514
Herrera 2018,2018,2018-05-26,199,0.3333333333333333,0.3939393939393939,0.3921708542713568
Herrera 2018,2018,2018-05-26,200,0.3333333333333333,0.3969849246231156,0.39381
Herrera 2018,2018,2018-05-27,201,0.3314917127071823,0.395,0.39185074626865674
Herrera 2018,2018,2018-05-28,202,0.3314917127071823,0.39800995024875624,0.39332673267326734
Herrera 2018,2018,2018-05-28,203,0.33516483516483514,0.400990099009901,0.3957241379310345
Herrera 2018,2018,2018-05-28,204,0.3333333333333333,0.39901477832512317,0.3937843137254902
Herrera 2018,2018,2018-05-28,205,0.33152173913043476,0.39705882352941174,0.39186341463414637
Herrera 2018,2018,2018-05-29,206,0.32972972972972975,0.3951219512195122,0.3899611650485437
Herrera 2018,2018,2018-05-29,207,0.3333333333333333,0.39805825242718446,0.39232850241545897
Herrera 2018,2018,2018-05-29,208,0.3315508021390374,0.3961352657004831,0.3904423076923077
Herrera 2018,2018,2018-05-29,209,0.32978723404255317,0.3942307692307692,0.38857416267942585
Herrera 2018,2018,2018-05-29,210,0.328042328042328,0.3923444976076555,0.3867238095238095
Herrera 2018,2018,2018-05-30,211,0.3263157894736842,0.3904761904761905,0.3848909952606635
Herrera 2018,2018,2018-05-30,212,0.32460732984293195,0.3886255924170616,0.38307547169811323
Herrera 2018,2018,2018-05-30,213,0.3229166666666667,0.3867924528301887,0.38127699530516435
Herrera 2018,2018,2018-05-30,214,0.32124352331606215,0.38497652582159625,0.37949532710280376
Herrera 2018,2018,2018-05-30,215,0.31958762886597936,0.38317757009345793,0.37773023255813953
Herrera 2018,2018,2018-05-31,216,0.31794871794871793,0.3813953488372093,0.37598148148148147
Herrera 2018,2018,2018-05-31,217,0.3163265306122449,0.37962962962962965,0.3742488479262673
Herrera 2018,2018,2018-05-31,218,0.3147208121827411,0.3778801843317972,0.37253211009174314
Herrera 2018,2018,2018-05-31,219,0.31313131313131315,0.3761467889908257,0.37083105022831053
Herrera 2018,2018,2018-06-01,220,0.31155778894472363,0.3744292237442922,0.36914545454545455
Herrera 2018,2018,2018-06-01,221,0.31,0.37272727272727274,0.36747511312217196
Herrera 2018,2018,2018-06-01,222,0.30845771144278605,0.37104072398190047,0.3658198198198198
Herrera 2018,2018,2018-06-01,223,0.3118811881188119,0.3738738738738739,0.3697713004484305
Herrera 2018,2018,2018-06-02,224,0.3103448275862069,0.3721973094170404,0.3681205357142857
Herrera 2018,2018,2018-06-02,225,0.3088235294117647,0.3705357142857143,0.36648444444444445
Herrera 2018,2018,2018-06-02,226,0.3073170731707317,0.3688888888888889,0.36486283185840707
Herrera 2018,2018,2018-06-02,227,0.3058252427184466,0.3672566371681416,0.36325550660792955
Herrera 2018,2018,2018-06-03,228,0.30434782608695654,0.3656387665198238,0.3616622807017544
Herrera 2018,2018,2018-06-03,229,0.30288461538461536,0.36403508771929827,0.36008296943231444
Herrera 2018,2018,2018-06-03,230,0.3014354066985646,0.3624454148471616,0.35851739130434784
Herrera 2018,2018,2018-06-03,231,0.3047619047619048,0.3652173913043478,0.36077489177489175
Herrera 2018,2018,2018-06-05,232,0.3033175355450237,0.36363636363636365,0.3592198275862069
Herrera 2018,2018,2018-06-05,233,0.3033175355450237,0.36637931034482757,0.36063948497854076
Herrera 2018,2018,2018-06-05,234,0.3018867924528302,0.3648068669527897,0.35909829059829057
Herrera 2018,2018,2018-06-05,235,0.3051643192488263,0.36752136752136755,0.3613148936170213
Herrera 2018,2018,2018-06-05,236,0.3037383177570093,0.3659574468085106,0.3597838983050848
Herrera 2018,2018,2018-06-06,237,0.30697674418604654,0.3686440677966102,0.3619789029535865
Herrera 2018,2018,2018-06-06,238,0.3101851851851852,0.37130801687763715,0.36415546218487393
Herrera 2018,2018,2018-06-06,239,0.3087557603686636,0.3697478991596639,0.3626317991631799
Herrera 2018,2018,2018-06-06,240,0.3073394495412844,0.3682008368200837,0.36112083333333334
Herrera 2018,2018,2018-06-06,241,0.3059360730593607,0.36666666666666664,0.35962240663900413
Herrera 2018,2018,2018-06-07,242,0.3090909090909091,0.36929460580912865,0.3617727272727273
Herrera 2018,2018,2018-06-07,243,0.3076923076923077,0.3677685950413223,0.36028395061728397
Herrera 2018,2018,2018-06-07,244,0.3076923076923077,0.37037037037037035,0.36163524590163937
Herrera 2018,2018,2018-06-07,245,0.3063063063063063,0.36885245901639346,0.3601591836734694
Herrera 2018,2018,2018-06-07,246,0.30493273542600896,0.3673469387755102,0.35869512195121955
Herrera 2018,2018,2018-06-08,247,0.30357142857142855,0.36585365853658536,0.3572429149797571
Herrera 2018,2018,2018-06-08,248,0.3022222222222222,0.3643724696356275,0.35580241935483875
Herrera 2018,2018,2018-06-08,249,0.3008849557522124,0.3629032258064516,0.3543734939759036
Herrera 2018,2018,2018-06-08,250,0.29955947136563876,0.3614457831325301,0.352956
Herrera 2018,2018,2018-06-08,251,0.2982456140350877,0.36,0.35154980079681275
Herrera 2018,2018,2018-06-09,252,0.29694323144104806,0.35856573705179284,0.3501547619047619
Herrera 2018,2018,2018-06-09,253,0.2956521739130435,0.35714285714285715,0.3487707509881423
Herrera 2018,2018,2018-06-09,254,0.2943722943722944,0.3557312252964427,0.3473976377952756
Herrera 2018,2018,2018-06-09,255,0.29310344827586204,0.3543307086614173,0.34603529411764705
Herrera 2018,2018,2018-06-10,256,0.2918454935622318,0.35294117647058826,0.34468359375
Herrera 2018,2018,2018-06-10,257,0.2905982905982906,0.3515625,0.3433424124513619
Herrera 2018,2018,2018-06-10,258,0.28936170212765955,0.35019455252918286,0.34201162790697676
Herrera 2018,2018,2018-06-10,259,0.288135593220339,0.3488372093023256,0.3406911196911197
Herrera 2018,2018,2018-06-12,260,0.2869198312236287,0.3474903474903475,0.33938076923076926
Herrera 2018,2018,2018-06-12,261,0.2857142857142857,0.34615384615384615,0.33808045977011497
Herrera 2018,2018,2018-06-12,262,0.28451882845188287,0.3448275862068966,0.3367900763358779
Herrera 2018,2018,2018-06-12,263,0.2833333333333333,0.3435114503816794,0.3355095057034221
Herrera 2018,2018,2018-06-14,264,0.2821576763485477,0.34220532319391633,0.3342386363636364
Herrera 2018,2018,2018-06-14,265,0.28512396694214875,0.3446969696969697,0.33629811320754716
Herrera 2018,2018,2018-06-14,266,0.2839506172839506,0.3433962264150943,0.3350338345864662
Herrera 2018,2018,2018-06-14,267,0.28688524590163933,0.3458646616541353,0.3370749063670412
Herrera 2018,2018,2018-06-14,268,0.2857142857142857,0.3445692883895131,0.33581716417910445
Herrera 2018,2018,2018-06-15,269,0.2845528455284553,0.34328358208955223,0.3345687732342007
Herrera 2018,2018,2018-06-15,270,0.2874493927125506,0.34572490706319703,0.3365888888888889
Herrera 2018,2018,2018-06-15,271,0.2862903225806452,0.34444444444444444,0.3353468634686347
Herrera 2018,2018,2018-06-15,272,0.2891566265060241,0.34686346863468637,0.34158088235294115
Herrera 2018,2018,2018-06-16,273,0.288,0.34558823529411764,0.3403296703296703
Herrera 2018,2018,2018-06-16,274,0.2868525896414343,0.3443223443223443,0.3390875912408759
Herrera 2018,2018,2018-06-16,275,0.2857142857142857,0.34306569343065696,0.33785454545454546
Herrera 2018,2018,2018-06-16,276,0.2845849802371542,0.3418181818181818,0.3366304347826087
Herrera 2018,2018,2018-06-16,277,0.28346456692913385,0.34057971014492755,0.3354151624548736
Herrera 2018,2018,2018-06-17,278,0.28627450980392155,0.34296028880866425,0.3373741007194245
Herrera 2018,2018,2018-06-17,279,0.28515625,0.34172661870503596,0.33616487455197136
Herrera 2018,2018,2018-06-17,280,0.28793774319066145,0.34408602150537637,0.33941785714285716
Herrera 2018,2018,2018-06-17,281,0.28793774319066145,0.3464285714285714,0.34066548042704625
Herrera 2018,2018,2018-06-17,282,0.29069767441860467,0.3487544483985765,0.3466595744680851
Herrera 2018,2018,2018-06-18,283,0.29343629343629346,0.35106382978723405,0.3526113074204947
Herrera 2018,2018,2018-06-18,284,0.2923076923076923,0.3498233215547703,0.35136971830985914
Herrera 2018,2018,2018-06-18,285,0.2950191570881226,0.352112676056338,0.3532245614035088
Herrera 2018,2018,2018-06-18,286,0.29389312977099236,0.3508771929824561,0.3519895104895105
Herrera 2018,2018,2018-06-18,287,0.29277566539923955,0.34965034965034963,0.3507630662020906
Herrera 2018,2018,2018-06-19,288,0.29277566539923955,0.34965034965034963,0.3507630662020906
Herrera 2018,2018,2018-06-19,289,0.29545454545454547,0.3519163763066202,0.35659722222222223
Herrera 2018,2018,2018-06-19,290,0.2943396226415094,0.3506944444444444,0.35536332179930796
Herrera 2018,2018,2018-06-19,291,0.2932330827067669,0.3494809688581315,0.35413793103448277
Herrera 2018,2018,2018-06-19,292,0.29213483146067415,0.3482758620689655,0.35292096219931274
Herrera 2018,2018,2018-06-20,293,0.2947761194029851,0.35051546391752575,0.35598287671232876
Herrera 2018,2018,2018-06-20,294,0.29739776951672864,0.3527397260273973,0.35777133105802045
Herrera 2018,2018,2018-06-20,295,0.2962962962962963,0.3515358361774744,0.3565544217687075
Herrera 2018,2018,2018-06-20,296,0.2988929889298893,0.35374149659863946,0.3622305084745763
Herrera 2018,2018,2018-06-22,297,0.3014705882352941,0.3559322033898305,0.36397972972972975
Herrera 2018,2018,2018-06-22,298,0.304029304029304,0.3581081081081081,0.3695925925925926
Herrera 2018,2018,2018-06-22,299,0.3029197080291971,0.3569023569023569,0.3683523489932886
Herrera 2018,2018,2018-06-22,300,0.3054545454545455,0.35906040268456374,0.37006354515050166
Herrera 2018,2018,2018-06-22,301,0.3079710144927536,0.3612040133779264,0.37176333333333333
Herrera 2018,2018,2018-06-23,302,0.30685920577617326,0.36,0.3705282392026578
Herrera 2018,2018,2018-06-23,303,0.3057553956834532,0.3588039867109635,0.36930132450331127
Herrera 2018,2018,2018-06-23,304,0.3046594982078853,0.3576158940397351,0.36808250825082506
Herrera 2018,2018,2018-06-23,305,0.30357142857142855,0.3564356435643564,0.3668717105263158
Herrera 2018,2018,2018-06-24,306,0.30604982206405695,0.35855263157894735,0.3685540983606558
Herrera 2018,2018,2018-06-24,307,0.3049645390070922,0.35737704918032787,0.3673496732026144
Herrera 2018,2018,2018-06-24,308,0.30742049469964666,0.35947712418300654,0.37129315960912057
Herrera 2018,2018,2018-06-24,309,0.30633802816901406,0.3583061889250814,0.3700876623376624
Herrera 2018,2018,2018-06-24,310,0.30526315789473685,0.35714285714285715,0.3688899676375405
Herrera 2018,2018,2018-06-25,311,0.3041958041958042,0.3559870550161812,0.3677
Herrera 2018,2018,2018-06-25,312,0.30313588850174217,0.3548387096774194,0.36651768488745984
Herrera 2018,2018,2018-06-25,313,0.3020833333333333,0.3536977491961415,0.36534294871794876
Herrera 2018,2018,2018-06-25,314,0.3020833333333333,0.3557692307692308,0.3663801916932908
Herrera 2018,2018,2018-06-26,315,0.30103806228373703,0.3546325878594249,0.36521337579617835
Herrera 2018,2018,2018-06-26,316,0.3,0.3535031847133758,0.3640539682539683
Herrera 2018,2018,2018-06-26,317,0.29896907216494845,0.3523809523809524,0.3629018987341772
Herrera 2018,2018,2018-06-26,318,0.2979452054794521,0.3512658227848101,0.36175709779179815
Herrera 2018,2018,2018-06-27,319,0.29692832764505117,0.3501577287066246,0.36061949685534594
Herrera 2018,2018,2018-06-27,320,0.29591836734693877,0.3490566037735849,0.35948902821316614
Herrera 2018,2018,2018-06-27,321,0.29491525423728815,0.34796238244514105,0.358365625
Herrera 2018,2018,2018-06-27,322,0.2939189189189189,0.346875,0.35724922118380065
Herrera 2018,2018,2018-06-28,323,0.29292929292929293,0.34579439252336447,0.35613975155279504
Herrera 2018,2018,2018-06-28,324,0.29292929292929293,0.34782608695652173,0.3572662538699691
Herrera 2018,2018,2018-06-28,325,0.29194630872483224,0.34674922600619196,0.3561635802469136
Herrera 2018,2018,2018-06-28,326,0.2909698996655518,0.345679012345679,0.3550676923076923
Herrera 2018,2018,2018-06-29,327,0.29,0.3446153846153846,0.353978527607362
Herrera 2018,2018,2018-06-29,328,0.28903654485049834,0.34355828220858897,0.3528960244648318
Herrera 2018,2018,2018-06-29,329,0.28807947019867547,0.3425076452599388,0.35182012195121953
Herrera 2018,2018,2018-06-29,330,0.2871287128712871,0.34146341463414637,0.35075075987841947
Herrera 2018,2018,2018-06-29,331,0.28618421052631576,0.3404255319148936,0.3496878787878788
Herrera 2018,2018,2018-06-30,332,0.28524590163934427,0.3393939393939394,0.3486314199395771
Herrera 2018,2018,2018-06-30,333,0.2875816993464052,0.3413897280966767,0.3536987951807229
Herrera 2018,2018,2018-06-30,334,0.28664495114006516,0.34036144578313254,0.35263663663663664
Herrera 2018,2018,2018-06-30,335,0.2857142857142857,0.33933933933933935,0.3515808383233533
Herrera 2018,2018,2018-07-01,336,0.284789644012945,0.3383233532934132,0.3505313432835821
Herrera 2018,2018,2018-07-01,337,0.2838709677419355,0.3373134328358209,0.3494880952380952
Herrera 2018,2018,2018-07-01,338,0.2861736334405145,0.3392857142857143,0.3510623145400594
Herrera 2018,2018,2018-07-01,339,0.28525641025641024,0.33827893175074186,0.35002366863905326
Herrera 2018,2018,2018-07-01,340,0.28434504792332266,0.33727810650887574,0.3489911504424779
Herrera 2018,2018,2018-07-01,341,0.28343949044585987,0.336283185840708,0.34796470588235295
Herrera 2018,2018,2018-07-03,342,0.28253968253968254,0.3352941176470588,0.34694428152492673
Herrera 2018,2018,2018-07-03,343,0.28164556962025317,0.3343108504398827,0.34592982456140353
Herrera 2018,2018,2018-07-03,344,0.2807570977917981,0.3333333333333333,0.34492128279883383
Herrera 2018,2018,2018-07-03,345,0.279874213836478,0.3323615160349854,0.3439186046511628
Herrera 2018,2018,2018-07-04,346,0.27899686520376177,0.3313953488372093,0.3429217391304348
Herrera 2018,2018,2018-07-04,347,0.278125,0.33043478260869563,0.3419306358381503
Herrera 2018,2018,2018-07-04,348,0.2772585669781931,0.32947976878612717,0.34094524495677236
Herrera 2018,2018,2018-07-04,349,0.27639751552795033,0.3285302593659942,0.33996551724137936
Herrera 2018,2018,2018-07-06,350,0.2755417956656347,0.3275862068965517,0.33899140401146133
Herrera 2018,2018,2018-07-06,351,0.2777777777777778,0.32951289398280803,0.3438257142857143
Herrera 2018,2018,2018-07-06,352,0.27692307692307694,0.32857142857142857,0.34284615384615386
Herrera 2018,2018,2018-07-06,353,0.27692307692307694,0.33048433048433046,0.34383238636363633
Herrera 2018,2018,2018-07-06,354,0.2791411042944785,0.33238636363636365,0.3453512747875354
Herrera 2018,2018,2018-07-06,355,0.2782874617737003,0.3314447592067989,0.34437570621468927
Herrera 2018,2018,2018-07-06,356,0.2774390243902439,0.3305084745762712,0.3434056338028169
Herrera 2018,2018,2018-07-07,357,0.2765957446808511,0.3295774647887324,0.34244101123595505
Herrera 2018,2018,2018-07-07,358,0.2787878787878788,0.33146067415730335,0.3439467787114846
Herrera 2018,2018,2018-07-07,359,0.2809667673716012,0.3333333333333333,0.3454441340782123
Herrera 2018,2018,2018-07-07,360,0.28012048192771083,0.3324022346368715,0.3444818941504178
Herrera 2018,2018,2018-07-08,361,0.2822822822822823,0.3342618384401114,0.34596944444444444
Herrera 2018,2018,2018-07-08,362,0.281437125748503,0.3333333333333333,0.34501108033241
Herrera 2018,2018,2018-07-08,363,0.281437125748503,0.33518005540166207,0.3459640883977901
Herrera 2018,2018,2018-07-08,364,0.28059701492537314,0.3342541436464088,0.34501101928374656
Herrera 2018,2018,2018-07-09,365,0.27976190476190477,0.3333333333333333,0.3440631868131868
Herrera 2018,2018,2018-07-09,366,0.2789317507418398,0.3324175824175824,0.34312054794520547
Herrera 2018,2018,2018-07-09,367,0.2781065088757396,0.3315068493150685,0.3421830601092896
Herrera 2018,2018,2018-07-09,368,0.27728613569321536,0.33060109289617484,0.3412506811989101
Herrera 2018,2018,2018-07-09,369,0.27647058823529413,0.329700272479564,0.3403233695652174
Herrera 2018,2018,2018-07-10,370,0.2756598240469208,0.328804347826087,0.3394010840108401
Herrera 2018,2018,2018-07-10,371,0.2777777777777778,0.33062330623306235,0.34086216216216214
Herrera 2018,2018,2018-07-10,372,0.27988338192419826,0.3324324324324324,0.34541778975741244
Herrera 2018,2018,2018-07-10,373,0.27906976744186046,0.33153638814016173,0.34448924731182795
Herrera 2018,2018,2018-07-10,374,0.2782608695652174,0.33064516129032256,0.3435656836461126
Herrera 2018,2018,2018-07-11,375,0.2774566473988439,0.3297587131367292,0.3426470588235294
Herrera 2018,2018,2018-07-11,376,0.27953890489913547,0.3315508021390374,0.34408
Herrera 2018,2018,2018-07-11,377,0.27873563218390807,0.33066666666666666,0.3431648936170213
Herrera 2018,2018,2018-07-11,378,0.27793696275071633,0.32978723404255317,0.3422546419098143
Herrera 2018,2018,2018-07-12,379,0.27714285714285714,0.32891246684350134,0.34134920634920635
Herrera 2018,2018,2018-07-12,380,0.2792022792022792,0.3306878306878307,0.34277044854881267
Herrera 2018,2018,2018-07-12,381,0.2784090909090909,0.32981530343007914,0.34186842105263154
Herrera 2018,2018,2018-07-12,382,0.2776203966005666,0.32894736842105265,0.34097112860892387
Herrera 2018,2018,2018-07-12,383,0.2768361581920904,0.32808398950131235,0.3400785340314136
Herrera 2018,2018,2018-07-13,384,0.27605633802816903,0.32722513089005234,0.3391906005221932
Herrera 2018,2018,2018-07-14,385,0.27808988764044945,0.3289817232375979,0.3405989583333333
Herrera 2018,2018,2018-07-14,386,0.2773109243697479,0.328125,0.3397142857142857
Herrera 2018,2018,2018-07-14,387,0.276536312849162,0.32727272727272727,0.3388341968911917
Herrera 2018,2018,2018-07-14,388,0.2757660167130919,0.32642487046632124,0.33795865633074934
Herrera 2018,2018,2018-07-15,389,0.275,0.32558139534883723,0.33708762886597937
Herrera 2018,2018,2018-07-15,390,0.2770083102493075,0.327319587628866,0.339426735218509
Herrera 2018,2018,2018-07-15,391,0.27624309392265195,0.3264781491002571,0.33855641025641026
Herrera 2018,2018,2018-07-15,392,0.27548209366391185,0.32564102564102565,0.337690537084399
Herrera 2018,2018,2018-07-20,393,0.27472527472527475,0.3248081841432225,0.33682908163265307
Herrera 2018,2018,2018-07-20,394,0.27671232876712326,0.32653061224489793,0.3382111959287532
Herrera 2018,2018,2018-07-20,395,0.2786885245901639,0.3282442748091603,0.33958629441624366
Herrera 2018,2018,2018-07-20,396,0.2779291553133515,0.32741116751269034,0.338726582278481
Herrera 2018,2018,2018-07-22,397,0.27717391304347827,0.3265822784810127,0.33787121212121213
Herrera 2018,2018,2018-07-22,398,0.2791327913279133,0.3282828282828283,0.34213602015113354
Herrera 2018,2018,2018-07-22,399,0.27837837837837837,0.327455919395466,0.34127638190954773
Herrera 2018,2018,2018-07-22,400,0.2776280323450135,0.32663316582914576,0.34042105263157896
Herrera 2018,2018,2018-07-22,401,0.2768817204301075,0.3258145363408521,0.33957
Herrera 2018,2018,2018-07-22,402,0.27882037533512066,0.3275,0.3409177057356608
Herrera 2018,2018,2018-07-22,403,0.27882037533512066,0.32917705735660846,0.3418606965174129
Herrera 2018,2018,2018-07-22,404,0.2807486631016043,0.3308457711442786,0.3431960297766749
Herrera 2018,2018,2018-07-22,405,0.28,0.33002481389578164,0.3423465346534653
Herrera 2018,2018,2018-07-23,406,0.27925531914893614,0.3292079207920792,0.3415012345679012
Herrera 2018,2018,2018-07-23,407,0.27851458885941643,0.32839506172839505,0.34066009852216744
Herrera 2018,2018,2018-07-23,408,0.2804232804232804,0.33004926108374383,0.3448132678132678
Herrera 2018,2018,2018-07-23,409,0.2796833773087071,0.32923832923832924,0.34396813725490194
Herrera 2018,2018,2018-07-24,410,0.2789473684210526,0.3284313725490196,0.34312713936430317
Herrera 2018,2018,2018-07-24,411,0.28083989501312334,0.33007334963325186,0.34443658536585364
Herrera 2018,2018,2018-07-24,412,0.2801047120418848,0.32926829268292684,0.3435985401459854
Herrera 2018,2018,2018-07-24,413,0.2793733681462141,0.3284671532846715,0.3427645631067961
Herrera 2018,2018,2018-07-24,414,0.2786458333333333,0.3276699029126214,0.34193462469733654
Herrera 2018,2018,2018-07-24,415,0.2779220779220779,0.3268765133171913,0.3411086956521739
Herrera 2018,2018,2018-07-25,416,0.2772020725388601,0.32608695652173914,0.3402867469879518
Herrera 2018,2018,2018-07-25,417,0.27648578811369506,0.3253012048192771,0.33946875
Herrera 2018,2018,2018-07-25,418,0.27648578811369506,0.3269230769230769,0.3403093525179856
Herrera 2018,2018,2018-07-25,419,0.2757731958762887,0.3261390887290168,0.33949521531100474
Herrera 2018,2018,2018-07-26,420,0.2776349614395887,0.3277511961722488,0.34078520286396186
Herrera 2018,2018,2018-07-26,421,0.2776349614395887,0.32935560859188545,0.3416166666666667
Herrera 2018,2018,2018-07-26,422,0.27692307692307694,0.32857142857142857,0.3408052256532067
Herrera 2018,2018,2018-07-26,423,0.27621483375959077,0.32779097387173395,0.33999763033175356
Herrera 2018,2018,2018-07-26,424,0.2755102040816326,0.32701421800947866,0.339193853427896
Herrera 2018,2018,2018-07-27,425,0.2748091603053435,0.3262411347517731,0.33839386792452836
Herrera 2018,2018,2018-07-27,426,0.2766497461928934,0.3278301886792453,0.3423764705882353
Herrera 2018,2018,2018-07-27,427,0.2759493670886076,0.3270588235294118,0.34157276995305164
Herrera 2018,2018,2018-07-27,428,0.27525252525252525,0.32629107981220656,0.34077283372365336
Herrera 2018,2018,2018-07-28,429,0.27455919395465994,0.3255269320843091,0.3399766355140187
Herrera 2018,2018,2018-07-28,430,0.27455919395465994,0.32710280373831774,0.34079254079254084
Herrera 2018,2018,2018-07-28,431,0.27386934673366836,0.32634032634032634,0.34
Herrera 2018,2018,2018-07-28,432,0.2731829573934837,0.32558139534883723,0.33921113689095134
Herrera 2018,2018,2018-07-29,433,0.275,0.3271461716937355,0.34046296296296297
Herrera 2018,2018,2018-07-29,434,0.2743142144638404,0.3263888888888889,0.3396766743648961
Herrera 2018,2018,2018-07-29,435,0.2736318407960199,0.325635103926097,0.3388940092165899
Herrera 2018,2018,2018-07-29,436,0.27543424317617865,0.3271889400921659,0.34013793103448275
Herrera 2018,2018,2018-07-30,437,0.2747524752475248,0.3264367816091954,0.3393577981651376
Herrera 2018,2018,2018-07-30,438,0.2765432098765432,0.32798165137614677,0.3405949656750572
Herrera 2018,2018,2018-07-30,439,0.27586206896551724,0.32723112128146453,0.3398173515981735
Herrera 2018,2018,2018-07-30,440,0.27764127764127766,0.3287671232876712,0.34188382687927105
Herrera 2018,2018,2018-07-30,441,0.27764127764127766,0.33029612756264237,0.342675
Herrera 2018,2018,2018-07-30,442,0.27764127764127766,0.33181818181818185,0.3434625850340136
Herrera 2018,2018,2018-08-02,443,0.27941176470588236,0.3333333333333333,0.3446764705882353
Herrera 2018,2018,2018-08-02,444,0.2787286063569682,0.332579185520362,0.3438984198645598
Herrera 2018,2018,2018-08-02,445,0.2780487804878049,0.33182844243792325,0.3431238738738739
Herrera 2018,2018,2018-08-02,446,0.2773722627737226,0.3310810810810811,0.3423528089887641
Herrera 2018,2018,2018-08-03,447,0.2766990291262136,0.3303370786516854,0.341585201793722
Herrera 2018,2018,2018-08-03,448,0.27602905569007263,0.3295964125560538,0.34082102908277406
Herrera 2018,2018,2018-08-03,449,0.2753623188405797,0.3288590604026846,0.3400602678571429
Herrera 2018,2018,2018-08-03,450,0.2746987951807229,0.328125,0.3393028953229399
Herrera 2018,2018,2018-08-05,451,0.2746987951807229,0.32962138084632514,0.34008222222222223
Herrera 2018,2018,2018-08-05,452,0.27403846153846156,0.3288888888888889,0.33932815964523283
Herrera 2018,2018,2018-08-05,453,0.27577937649880097,0.3303769401330377,0.34052433628318585
Herrera 2018,2018,2018-08-06,454,0.2751196172248804,0.32964601769911506,0.33977262693156735
Herrera 2018,2018,2018-08-06,455,0.2744630071599045,0.32891832229580575,0.3390242290748899
Herrera 2018,2018,2018-08-06,456,0.2761904761904762,0.3303964757709251,0.34174725274725276
Herrera 2018,2018,2018-08-06,457,0.27790973871733965,0.33186813186813185,0.34292763157894735
Herrera 2018,2018,2018-08-06,458,0.2772511848341232,0.33114035087719296,0.3421772428884026
Herrera 2018,2018,2018-08-06,459,0.2765957446808511,0.3304157549234136,0.3414301310043668
Herrera 2018,2018,2018-08-07,460,0.2759433962264151,0.3296943231441048,0.34068627450980393
Herrera 2018,2018,2018-08-07,461,0.2752941176470588,0.3289760348583878,0.33994565217391304
Herrera 2018,2018,2018-08-07,462,0.2746478873239437,0.3282608695652174,0.3392082429501085
Herrera 2018,2018,2018-08-07,463,0.27400468384074944,0.3275488069414317,0.338474025974026
Herrera 2018,2018,2018-08-08,464,0.2733644859813084,0.3268398268398268,0.33774298056155505
Herrera 2018,2018,2018-08-08,465,0.2727272727272727,0.326133909287257,0.3370150862068966
Herrera 2018,2018,2018-08-08,466,0.27209302325581397,0.3254310344827586,0.3362903225806452
Herrera 2018,2018,2018-08-10,467,0.271461716937355,0.3247311827956989,0.335568669527897
Herrera 2018,2018,2018-08-10,468,0.2708333333333333,0.3240343347639485,0.33485010706638113
Herrera 2018,2018,2018-08-10,469,0.2702078521939954,0.3233404710920771,0.33413461538461536
Herrera 2018,2018,2018-08-10,470,0.271889400921659,0.3247863247863248,0.3352985074626866
Herrera 2018,2018,2018-08-11,471,0.271264367816092,0.32409381663113007,0.3345851063829787
Herrera 2018,2018,2018-08-11,472,0.2706422018348624,0.32340425531914896,0.33387473460721867
Herrera 2018,2018,2018-08-11,473,0.2700228832951945,0.3227176220806794,0.33316737288135595
Herrera 2018,2018,2018-08-11,474,0.2694063926940639,0.3220338983050847,0.3324630021141649
Herrera 2018,2018,2018-08-14,475,0.26879271070615035,0.321353065539112,0.3317616033755274
Herrera 2018,2018,2018-08-14,476,0.27045454545454545,0.3227848101265823,0.33291578947368416
Herrera 2018,2018,2018-08-14,477,0.2698412698412698,0.32210526315789473,0.3322163865546218
Herrera 2018,2018,2018-08-15,478,0.2692307692307692,0.32142857142857145,0.33151991614255766
Herrera 2018,2018,2018-08-15,479,0.2686230248306998,0.32075471698113206,0.330826359832636
Herrera 2018,2018,2018-08-15,480,0.268018018018018,0.3200836820083682,0.3301356993736952
Herrera 2018,2018,2018-08-15,481,0.2696629213483146,0.32150313152400833,0.33128125
Herrera 2018,2018,2018-08-16,482,0.2713004484304933,0.3229166666666667,0.33242203742203746
Herrera 2018,2018,2018-08-16,483,0.27069351230425054,0.32224532224532226,0.33173236514522825
Herrera 2018,2018,2018-08-16,484,0.2700892857142857,0.3215767634854772,0.33104554865424435
Herrera 2018,2018,2018-08-16,485,0.26948775055679286,0.32091097308488614,0.3303615702479339
Herrera 2018,2018,2018-08-18,486,0.2688888888888889,0.3202479338842975,0.32968041237113405
Herrera 2018,2018,2018-08-18,487,0.2682926829268293,0.31958762886597936,0.32900205761316875
Herrera 2018,2018,2018-08-18,488,0.2676991150442478,0.31893004115226337,0.32832648870636555
Herrera 2018,2018,2018-08-19,489,0.2693156732891832,0.3203285420944558,0.3294569672131148
Herrera 2018,2018,2018-08-19,490,0.2687224669603524,0.319672131147541,0.3287832310838446
Herrera 2018,2018,2018-08-19,491,0.2681318681318681,0.31901840490797545,0.3281122448979592
Herrera 2018,2018,2018-08-19,492,0.2675438596491228,0.3183673469387755,0.3274439918533605
Herrera 2018,2018,2018-08-21,493,0.26695842450765866,0.31771894093686354,0.32677845528455285
Herrera 2018,2018,2018-08-21,494,0.2663755458515284,0.3170731707317073,0.3261156186612576
Herrera 2018,2018,2018-08-21,495,0.2657952069716776,0.31643002028397565,0.3254554655870445
Herrera 2018,2018,2018-08-21,496,0.2657952069716776,0.31781376518218624,0.3261919191919192
Herrera 2018,2018,2018-08-22,497,0.26521739130434785,0.31717171717171716,0.3255342741935484
Herrera 2018,2018,2018-08-23,498,0.2646420824295011,0.3165322580645161,0.32487927565392355
Herrera 2018,2018,2018-08-23,499,0.26406926406926406,0.3158953722334004,0.3242269076305221
Herrera 2018,2018,2018-08-23,500,0.265658747300216,0.3172690763052209,0.32764729458917835
Herrera 2018,2018,2018-08-24,501,0.2650862068965517,0.3166332665330661,0.326992
Herrera 2018,2018,2018-08-24,502,0.2645161290322581,0.316,0.32633932135728544
Herrera 2018,2018,2018-08-24,503,0.26394849785407726,0.3153692614770459,0.3256892430278885
Herrera 2018,2018,2018-08-24,504,0.26552462526766596,0.31673306772908366,0.32679125248508945
Herrera 2018,2018,2018-08-25,505,0.26552462526766596,0.31809145129224653,0.3275119047619048
Herrera 2018,2018,2018-08-25,506,0.2670940170940171,0.3194444444444444,0.3286059405940594
Herrera 2018,2018,2018-08-25,507,0.26652452025586354,0.3188118811881188,0.3279565217391304
Herrera 2018,2018,2018-08-25,508,0.2680851063829787,0.3201581027667984,0.3297692307692308
Herrera 2018,2018,2018-08-26,509,0.267515923566879,0.31952662721893493,0.32912007874015753
Herrera 2018,2018,2018-08-26,510,0.267515923566879,0.32086614173228345,0.32982907662082517
Herrera 2018,2018,2018-08-26,511,0.2669491525423729,0.32023575638506874,0.3291823529411765
Herrera 2018,2018,2018-08-26,512,0.26849894291754756,0.3215686274509804,0.33026027397260277
Herrera 2018,2018,2018-08-26,513,0.2679324894514768,0.32093933463796476,0.329615234375
Herrera 2018,2018,2018-08-28,514,0.2673684210526316,0.3203125,0.3289727095516569
Herrera 2018,2018,2018-08-28,515,0.2689075630252101,0.3216374269005848,0.332284046692607
Herrera 2018,2018,2018-08-28,516,0.26834381551362685,0.321011673151751,0.33163883495145635
Herrera 2018,2018,2018-08-28,517,0.26778242677824265,0.32038834951456313,0.33099612403100775
Herrera 2018,2018,2018-08-31,518,0.267223382045929,0.31976744186046513,0.3303558994197292
Herrera 2018,2018,2018-08-31,519,0.26666666666666666,0.3191489361702128,0.32971814671814675
Herrera 2018,2018,2018-09-01,520,0.2661122661122661,0.3185328185328185,0.32908285163776496
Herrera 2018,2018,2018-09-01,521,0.2676348547717842,0.3198458574181118,0.3301423076923077
Herrera 2018,2018,2018-09-01,522,0.2670807453416149,0.3192307692307692,0.3295086372360845
Herrera 2018,2018,2018-09-01,523,0.2665289256198347,0.31861804222648754,0.32887739463601534
Herrera 2018,2018,2018-09-04,524,0.26804123711340205,0.31992337164750956,0.32993116634799236
Herrera 2018,2018,2018-09-04,525,0.2674897119341564,0.3193116634799235,0.32930152671755725
Herrera 2018,2018,2018-09-04,526,0.2669404517453799,0.3187022900763359,0.3286742857142857
Herrera 2018,2018,2018-09-04,527,0.26639344262295084,0.3180952380952381,0.32804942965779466
Herrera 2018,2018,2018-09-04,528,0.2658486707566462,0.31749049429657794,0.327426944971537
Herrera 2018,2018,2018-09-04,529,0.2653061224489796,0.31688804554079697,0.32680681818181817
Herrera 2018,2018,2018-09-07,530,0.2668024439918534,0.3181818181818182,0.32854631379962196
Herrera 2018,2018,2018-09-07,531,0.266260162601626,0.31758034026465026,0.3279264150943397
Herrera 2018,2018,2018-09-08,532,0.2657200811359026,0.3169811320754717,0.32730885122410547
Herrera 2018,2018,2018-09-08,533,0.2657200811359026,0.3182674199623352,0.3279906015037594
Herrera 2018,2018,2018-09-09,534,0.2651821862348178,0.3176691729323308,0.327375234521576
Herrera 2018,2018,2018-09-09,535,0.2651821862348178,0.31894934333958724,0.3280543071161049
Herrera 2018,2018,2018-09-09,536,0.26464646464646463,0.31835205992509363,0.3274411214953271
Herrera 2018,2018,2018-09-09,537,0.26411290322580644,0.3177570093457944,0.326830223880597
Herrera 2018,2018,2018-09-11,538,0.2635814889336016,0.31716417910447764,0.32622160148975793
Herrera 2018,2018,2018-09-11,539,0.26506024096385544,0.31843575418994413,0.32725092936802974
Herrera 2018,2018,2018-09-11,540,0.26452905811623245,0.31784386617100374,0.32664378478664197
Herrera 2018,2018,2018-09-11,541,0.264,0.3172541743970315,0.3260388888888889
Herrera 2018,2018,2018-09-11,542,0.2634730538922156,0.31666666666666665,0.3254362292051756
Herrera 2018,2018,2018-09-11,543,0.26294820717131473,0.31608133086876156,0.3248357933579336
Herrera 2018,2018,2018-09-11,544,0.2624254473161034,0.3154981549815498,0.3242375690607735
Herrera 2018,2018,2018-09-11,545,0.2619047619047619,0.3149171270718232,0.32364154411764706
Herrera 2018,2018,2018-09-12,546,0.2613861386138614,0.31433823529411764,0.32304770642201835
Herrera 2018,2018,2018-09-12,547,0.2608695652173913,0.3137614678899083,0.322456043956044
Herrera 2018,2018,2018-09-12,548,0.2603550295857988,0.3131868131868132,0.32186654478976234
Herrera 2018,2018,2018-09-12,549,0.25984251968503935,0.3126142595978062,0.32127919708029196
Herrera 2018,2018,2018-09-17,550,0.2593320235756385,0.31204379562043794,0.32069398907103824
Herrera 2018,2018,2018-09-17,551,0.2593320235756385,0.3132969034608379,0.32142
Herrera 2018,2018,2018-09-17,552,0.25882352941176473,0.31272727272727274,0.3208366606170599
Herrera 2018,2018,2018-09-23,553,0.2583170254403131,0.3121597096188748,0.3202554347826087
Herrera 2018,2018,2018-09-23,554,0.2578125,0.3115942028985507,0.3196763110307414
Herrera 2018,2018,2018-09-23,555,0.25925925925925924,0.3128390596745027,0.32068772563176895
Herrera 2021,2021,2021-04-26,1,0.0,0.0,0.0
Herrera 2021,2021,2021-04-26,2,0.0,0.0,0.0
Herrera 2021,2021,2021-04-26,3,0.0,0.0,0.0
Herrera 2021,2021,2021-04-27,4,0.0,0.0,0.0
Herrera 2021,2021,2021-04-27,5,0.0,0.0,0.0
Herrera 2021,2021,2021-04-27,6,0.0,0.0,0.0
Herrera 2021,2021,2021-04-28,7,0.0,0.0,0.0
Herrera 2021,2021,2021-04-28,8,0.0,0.0,0.0
Herrera 2021,2021,2021-04-29,9,0.0,0.0,0.0
Herrera 2021,2021,2021-04-29,10,0.0,0.0,0.0
Herrera 2021,2021,2021-04-29,11,0.0,0.0,0.0
Herrera 2021,2021,2021-04-29,12,0.0,0.0,0.0
Herrera 2021,2021,2021-04-30,13,0.0,0.07692307692307693,0.05323076923076923
Herrera 2021,2021,2021-04-30,14,0.07692307692307693,0.14285714285714285,0.11221428571428571
Herrera 2021,2021,2021-04-30,15,0.07142857142857142,0.13333333333333333,0.10473333333333333
Herrera 2021,2021,2021-05-01,16,0.06666666666666667,0.125,0.0981875
Herrera 2021,2021,2021-05-01,17,0.0625,0.11764705882352941,0.09241176470588235
Herrera 2021,2021,2021-05-01,18,0.058823529411764705,0.1111111111111111,0.08727777777777777
Herrera 2021,2021,2021-05-01,19,0.05555555555555555,0.10526315789473684,0.08268421052631579
Herrera 2021,2021,2021-05-04,20,0.05263157894736842,0.1,0.07855
Herrera 2021,2021,2021-05-04,21,0.05,0.09523809523809523,0.07480952380952381
Herrera 2021,2021,2021-05-05,22,0.047619047619047616,0.09090909090909091,0.07140909090909091
Herrera 2021,2021,2021-05-05,23,0.09090909090909091,0.13043478260869565,0.10652173913043479
Herrera 2021,2021,2021-05-05,24,0.08695652173913043,0.125,0.10208333333333335
Herrera 2021,2021,2021-05-06,25,0.125,0.16,0.13316
Herrera 2021,2021,2021-05-06,26,0.12,0.15384615384615385,0.12803846153846152
Herrera 2021,2021,2021-05-06,27,0.11538461538461539,0.14814814814814814,0.12329629629629629
Herrera 2021,2021,2021-05-07,28,0.14814814814814814,0.17857142857142858,0.19057142857142859
Herrera 2021,2021,2021-05-07,29,0.17857142857142858,0.20689655172413793,0.2143103448275862
Herrera 2021,2021,2021-05-07,30,0.17857142857142858,0.23333333333333334,0.23023333333333335
Herrera 2021,2021,2021-05-07,31,0.1724137931034483,0.22580645161290322,0.22280645161290322
Herrera 2021,2021,2021-05-07,32,0.16666666666666666,0.21875,0.21584375
Herrera 2021,2021,2021-05-08,33,0.16666666666666666,0.24242424242424243,0.23027272727272727
Herrera 2021,2021,2021-05-08,34,0.16129032258064516,0.23529411764705882,0.2235
Herrera 2021,2021,2021-05-08,35,0.1875,0.2571428571428571,0.24222857142857143
Herrera 2021,2021,2021-05-08,36,0.18181818181818182,0.25,0.2355
Herrera 2021,2021,2021-05-08,37,0.18181818181818182,0.25,0.22913513513513512
Herrera 2021,2021,2021-05-09,38,0.17647058823529413,0.24324324324324326,0.22310526315789472
Herrera 2021,2021,2021-05-09,39,0.17142857142857143,0.23684210526315788,0.21738461538461537
Herrera 2021,2021,2021-05-09,40,0.16666666666666666,0.23076923076923078,0.21195
Herrera 2021,2021,2021-05-11,41,0.16666666666666666,0.25,0.22365853658536586
Herrera 2021,2021,2021-05-11,42,0.1891891891891892,0.2682926829268293,0.24790476190476193
Herrera 2021,2021,2021-05-11,43,0.1891891891891892,0.2857142857142857,0.2582325581395349
Herrera 2021,2021,2021-05-11,44,0.21052631578947367,0.3023255813953488,0.2805909090909091
Herrera 2021,2021,2021-05-11,45,0.20512820512820512,0.29545454545454547,0.2743555555555556
Herrera 2021,2021,2021-05-12,46,0.2,0.28888888888888886,0.2683913043478261
Herrera 2021,2021,2021-05-12,47,0.21951219512195122,0.30434782608695654,0.28138297872340423
Herrera 2021,2021,2021-05-12,48,0.21428571428571427,0.2978723404255319,0.2755208333333333
Herrera 2021,2021,2021-05-12,49,0.23255813953488372,0.3125,0.31085714285714283
Herrera 2021,2021,2021-05-12,50,0.22727272727272727,0.30612244897959184,0.30463999999999997
Herrera 2021,2021,2021-05-13,51,0.2222222222222222,0.3,0.29866666666666664
Herrera 2021,2021,2021-05-13,52,0.2391304347826087,0.3137254901960784,0.3098269230769231
Herrera 2021,2021,2021-05-13,53,0.23404255319148937,0.3076923076923077,0.3039811320754717
Herrera 2021,2021,2021-05-13,54,0.22916666666666666,0.3018867924528302,0.29835185185185187
Herrera 2021,2021,2021-05-14,55,0.22448979591836735,0.2962962962962963,0.29292727272727276
Herrera 2021,2021,2021-05-14,56,0.24,0.3090909090909091,0.3033928571428572
Herrera 2021,2021,2021-05-14,57,0.23529411764705882,0.30357142857142855,0.29807017543859654
Herrera 2021,2021,2021-05-14,58,0.23076923076923078,0.2982456140350877,0.29293103448275865
Herrera 2021,2021,2021-05-15,59,0.22641509433962265,0.29310344827586204,0.28796610169491527
Herrera 2021,2021,2021-05-15,60,0.24074074074074073,0.3050847457627119,0.2978166666666667
Herrera 2021,2021,2021-05-15,61,0.23636363636363636,0.3,0.2929344262295082
Herrera 2021,2021,2021-05-15,62,0.23214285714285715,0.29508196721311475,0.2882096774193548
Herrera 2021,2021,2021-05-16,63,0.22807017543859648,0.2903225806451613,0.28363492063492063
Herrera 2021,2021,2021-05-16,64,0.22807017543859648,0.30158730158730157,0.290015625
Herrera 2021,2021,2021-05-16,65,0.22413793103448276,0.296875,0.28555384615384616
Herrera 2021,2021,2021-05-16,66,0.23728813559322035,0.3076923076923077,0.29454545454545455
Herrera 2021,2021,2021-05-16,67,0.25,0.3181818181818182,0.3032686567164179
Herrera 2021,2021,2021-05-18,68,0.26229508196721313,0.3283582089552239,0.31173529411764705
Herrera 2021,2021,2021-05-18,69,0.25806451612903225,0.3235294117647059,0.30721739130434783
Herrera 2021,2021,2021-05-18,70,0.25396825396825395,0.3188405797101449,0.30282857142857145
Herrera 2021,2021,2021-05-18,71,0.265625,0.32857142857142857,0.310943661971831
Herrera 2021,2021,2021-05-19,72,0.27692307692307694,0.3380281690140845,0.3188333333333333
Herrera 2021,2021,2021-05-19,73,0.2727272727272727,0.3333333333333333,0.31446575342465755
Herrera 2021,2021,2021-05-19,74,0.2727272727272727,0.3424657534246575,0.31956756756756755
Herrera 2021,2021,2021-05-20,75,0.26865671641791045,0.33783783783783783,0.3153066666666667
Herrera 2021,2021,2021-05-20,76,0.26865671641791045,0.3466666666666667,0.32026315789473686
Herrera 2021,2021,2021-05-20,77,0.2647058823529412,0.34210526315789475,0.3161038961038961
Herrera 2021,2021,2021-05-20,78,0.2753623188405797,0.35064935064935066,0.327974358974359
Herrera 2021,2021,2021-05-21,79,0.2714285714285714,0.34615384615384615,0.3238227848101266
Herrera 2021,2021,2021-05-21,80,0.2714285714285714,0.35443037974683544,0.3288
Herrera 2021,2021,2021-05-21,81,0.2676056338028169,0.35,0.3247407407407407
Herrera 2021,2021,2021-05-22,82,0.2676056338028169,0.35802469135802467,0.3292195121951219
Herrera 2021,2021,2021-05-22,83,0.2676056338028169,0.35365853658536583,0.32525301204819274
Herrera 2021,2021,2021-05-22,84,0.2638888888888889,0.3493975903614458,0.3213809523809524
Herrera 2021,2021,2021-05-22,85,0.2602739726027397,0.34523809523809523,0.3176
Herrera 2021,2021,2021-05-23,86,0.2602739726027397,0.35294117647058826,0.3223023255813953
Herrera 2021,2021,2021-05-23,87,0.25675675675675674,0.3488372093023256,0.31859770114942526
Herrera 2021,2021,2021-05-23,88,0.26666666666666666,0.3563218390804598,0.3290909090909091
Herrera 2021,2021,2021-05-23,89,0.27631578947368424,0.36363636363636365,0.3352696629213483
Herrera 2021,2021,2021-05-23,90,0.2857142857142857,0.3707865168539326,0.34534444444444445
Herrera 2021,2021,2021-05-24,91,0.2857142857142857,0.37777777777777777,0.34915384615384615
Herrera 2021,2021,2021-05-24,92,0.28205128205128205,0.37362637362637363,0.3453586956521739
Herrera 2021,2021,2021-05-24,93,0.27848101265822783,0.3695652173913043,0.3416451612903226
Herrera 2021,2021,2021-05-24,94,0.275,0.3655913978494624,0.3380106382978723
Herrera 2021,2021,2021-05-24,95,0.2716049382716049,0.3617021276595745,0.3344526315789474
Herrera 2021,2021,2021-05-25,96,0.2682926829268293,0.35789473684210527,0.33096875
Herrera 2021,2021,2021-05-25,97,0.26506024096385544,0.3541666666666667,0.3275567010309278
Herrera 2021,2021,2021-05-25,98,0.2619047619047619,0.35051546391752575,0.32421428571428573
Herrera 2021,2021,2021-05-25,99,0.25882352941176473,0.3469387755102041,0.3209393939393939
Herrera 2021,2021,2021-05-26,100,0.2558139534883721,0.3434343434343434,0.31773
Herrera 2021,2021,2021-05-26,101,0.25287356321839083,0.34,0.3145841584158416
Herrera 2021,2021,2021-05-26,102,0.25,0.33663366336633666,0.3115
Herrera 2021,2021,2021-05-26,103,0.24719101123595505,0.3333333333333333,0.3084757281553398
Herrera 2021,2021,2021-05-27,104,0.24444444444444444,0.3300970873786408,0.3055096153846154
Herrera 2021,2021,2021-05-27,105,0.25274725274725274,0.33653846153846156,0.31442857142857145
Herrera 2021,2021,2021-05-27,106,0.25,0.3333333333333333,0.3114622641509434
Herrera 2021,2021,2021-05-27,107,0.25806451612903225,0.33962264150943394,0.3232056074766355
Herrera 2021,2021,2021-05-29,108,0.2553191489361702,0.3364485981308411,0.3202129629629629
Herrera 2021,2021,2021-05-29,109,0.2553191489361702,0.3425925925925926,0.32362385321100917
Herrera 2021,2021,2021-05-29,110,0.25263157894736843,0.3394495412844037,0.3206818181818182
Herrera 2021,2021,2021-05-29,111,0.25,0.33636363636363636,0.31779279279279277
Herrera 2021,2021,2021-05-30,112,0.24742268041237114,0.3333333333333333,0.3149553571428571
Herrera 2021,2021,2021-05-30,113,0.24489795918367346,0.33035714285714285,0.31216814159292033
Herrera 2021,2021,2021-05-30,114,0.25252525252525254,0.336283185840708,0.31714035087719294
Herrera 2021,2021,2021-05-30,115,0.25,0.3333333333333333,0.31438260869565215
Herrera 2021,2021,2021-05-30,116,0.24752475247524752,0.33043478260869563,0.3116724137931034
Herrera 2021,2021,2021-05-31,117,0.2549019607843137,0.33620689655172414,0.31652136752136756
Herrera 2021,2021,2021-05-31,118,0.2524271844660194,0.3333333333333333,0.31383898305084745
Herrera 2021,2021,2021-05-31,119,0.25,0.3305084745762712,0.31120168067226894
Herrera 2021,2021,2021-05-31,120,0.2571428571428571,0.33613445378151263,0.31593333333333334
Herrera 2021,2021,2021-05-31,121,0.2641509433962264,0.3416666666666667,0.3205867768595041
Herrera 2021,2021,2021-06-01,122,0.2616822429906542,0.33884297520661155,0.3179590163934426
Herrera 2021,2021,2021-06-01,123,0.26851851851851855,0.3442622950819672,0.3316910569105691
Herrera 2021,2021,2021-06-01,124,0.26605504587155965,0.34146341463414637,0.3290161290322581
Herrera 2021,2021,2021-06-01,125,0.2727272727272727,0.3467741935483871,0.34244
Herrera 2021,2021,2021-06-01,126,0.2702702702702703,0.344,0.3397222222222222
Herrera 2021,2021,2021-06-01,127,0.2767857142857143,0.3492063492063492,0.34396850393700784
Herrera 2021,2021,2021-06-04,128,0.2743362831858407,0.3464566929133858,0.34128125
Herrera 2021,2021,2021-06-04,129,0.2719298245614035,0.34375,0.3386356589147287
Herrera 2021,2021,2021-06-04,130,0.26956521739130435,0.34108527131782945,0.3360307692307692
Herrera 2021,2021,2021-06-04,131,0.2672413793103448,0.3384615384615385,0.3334656488549618
Herrera 2021,2021,2021-06-05,132,0.26495726495726496,0.33587786259541985,0.3309393939393939
Herrera 2021,2021,2021-06-05,133,0.2627118644067797,0.3333333333333333,0.3284511278195488
Herrera 2021,2021,2021-06-05,134,0.2627118644067797,0.3383458646616541,0.3311641791044776
Herrera 2021,2021,2021-06-05,135,0.2689075630252101,0.34328358208955223,0.33522222222222225
Herrera 2021,2021,2021-06-06,136,0.26666666666666666,0.34074074074074073,0.3327573529411765
Herrera 2021,2021,2021-06-06,137,0.2644628099173554,0.3382352941176471,0.3303284671532847
Herrera 2021,2021,2021-06-06,138,0.27049180327868855,0.34306569343065696,0.334304347826087
Herrera 2021,2021,2021-06-06,139,0.2764227642276423,0.34782608695652173,0.3408345323741007
Herrera 2021,2021,2021-06-06,140,0.27419354838709675,0.34532374100719426,0.3384
Herrera 2021,2021,2021-06-08,141,0.272,0.34285714285714286,0.33599999999999997
Herrera 2021,2021,2021-06-08,142,0.2698412698412698,0.3404255319148936,0.3336338028169014
Herrera 2021,2021,2021-06-08,143,0.2677165354330709,0.3380281690140845,0.3313006993006993
Herrera 2021,2021,2021-06-08,144,0.265625,0.3356643356643357,0.32899999999999996
Herrera 2021,2021,2021-06-08,145,0.2713178294573643,0.3402777777777778,0.3327931034482759
Herrera 2021,2021,2021-06-09,146,0.2692307692307692,0.33793103448275863,0.330513698630137
Herrera 2021,2021,2021-06-10,147,0.2692307692307692,0.3424657534246575,0.33297278911564626
Herrera 2021,2021,2021-06-10,148,0.26717557251908397,0.3401360544217687,0.330722972972973
Herrera 2021,2021,2021-06-10,149,0.26515151515151514,0.33783783783783783,0.328503355704698
Herrera 2021,2021,2021-06-10,150,0.2706766917293233,0.3422818791946309,0.33459333333333335
Herrera 2021,2021,2021-06-10,151,0.27611940298507465,0.3466666666666667,0.3406026490066225
Herrera 2021,2021,2021-06-12,152,0.2814814814814815,0.3509933774834437,0.3441447368421053
Herrera 2021,2021,2021-06-12,153,0.27941176470588236,0.34868421052631576,0.34189542483660135
Herrera 2021,2021,2021-06-12,154,0.2846715328467153,0.35294117647058826,0.34774025974025974
Herrera 2021,2021,2021-06-12,155,0.2826086956521739,0.35064935064935066,0.3454967741935484
Herrera 2021,2021,2021-06-12,156,0.2805755395683453,0.34838709677419355,0.3432820512820513
Herrera 2021,2021,2021-06-12,157,0.2785714285714286,0.34615384615384615,0.3410955414012739
Herrera 2021,2021,2021-06-13,158,0.28368794326241137,0.3503184713375796,0.3445
Herrera 2021,2021,2021-06-13,159,0.2887323943661972,0.35443037974683544,0.35014465408805034
Herrera 2021,2021,2021-06-13,160,0.2867132867132867,0.3522012578616352,0.34795625
Herrera 2021,2021,2021-06-13,161,0.2847222222222222,0.35,0.34579503105590065
Herrera 2021,2021,2021-06-13,162,0.2827586206896552,0.34782608695652173,0.3436604938271605
Herrera 2021,2021,2021-06-14,163,0.2827586206896552,0.35185185185185186,0.34579754601227
Herrera 2021,2021,2021-06-14,164,0.2808219178082192,0.3496932515337423,0.3436890243902439
Herrera 2021,2021,2021-06-14,165,0.2789115646258503,0.3475609756097561,0.34160606060606064
Herrera 2021,2021,2021-06-14,166,0.27702702702702703,0.34545454545454546,0.33954819277108433
Herrera 2021,2021,2021-06-14,167,0.2751677852348993,0.3433734939759036,0.33751497005988024
Herrera 2021,2021,2021-06-15,168,0.2733333333333333,0.3413173652694611,0.3355059523809524
Herrera 2021,2021,2021-06-15,169,0.271523178807947,0.3392857142857143,0.3335207100591716
Herrera 2021,2021,2021-06-15,170,0.27631578947368424,0.3431952662721893,0.3367294117647059
Herrera 2021,2021,2021-06-15,171,0.27450980392156865,0.3411764705882353,0.33476023391812865
Herrera 2021,2021,2021-06-15,172,0.2727272727272727,0.3391812865497076,0.3328139534883721
Herrera 2021,2021,2021-06-16,173,0.2709677419354839,0.3372093023255814,0.3308901734104046
Herrera 2021,2021,2021-06-16,174,0.27564102564102566,0.34104046242774566,0.33404022988505744
Herrera 2021,2021,2021-06-16,175,0.2802547770700637,0.3448275862068966,0.33715428571428574
Herrera 2021,2021,2021-06-16,176,0.27848101265822783,0.34285714285714286,0.3352386363636364
Herrera 2021,2021,2021-06-16,177,0.27672955974842767,0.3409090909090909,0.33334463276836157
Herrera 2021,2021,2021-06-18,178,0.28125,0.3446327683615819,0.34274719101123596
Herrera 2021,2021,2021-06-18,179,0.2795031055900621,0.34269662921348315,0.3408324022346369
Herrera 2021,2021,2021-06-18,180,0.2777777777777778,0.3407821229050279,0.3389388888888889
Herrera 2021,2021,2021-06-18,181,0.27607361963190186,0.3388888888888889,0.3370662983425414
Herrera 2021,2021,2021-06-19,182,0.2804878048780488,0.3425414364640884,0.34004395604395604
Herrera 2021,2021,2021-06-19,183,0.2787878787878788,0.34065934065934067,0.3381857923497268
Herrera 2021,2021,2021-06-19,184,0.27710843373493976,0.33879781420765026,0.3363478260869565
Herrera 2021,2021,2021-06-19,185,0.2754491017964072,0.33695652173913043,0.3345297297297297
Herrera 2021,2021,2021-06-19,186,0.2754491017964072,0.33513513513513515,0.3327311827956989
Herrera 2021,2021,2021-06-19,187,0.27380952380952384,0.3333333333333333,0.330951871657754
Herrera 2021,2021,2021-06-20,188,0.27218934911242604,0.3315508021390374,0.3291914893617021
Herrera 2021,2021,2021-06-22,189,0.27058823529411763,0.32978723404255317,0.32744973544973544
Herrera 2021,2021,2021-06-22,190,0.26900584795321636,0.328042328042328,0.3257263157894737
Herrera 2021,2021,2021-06-22,191,0.26744186046511625,0.3263157894736842,0.324020942408377
Herrera 2021,2021,2021-06-22,192,0.2658959537572254,0.32460732984293195,0.3223333333333333
Herrera 2021,2021,2021-06-22,193,0.26436781609195403,0.3229166666666667,0.32066321243523316
Herrera 2021,2021,2021-06-23,194,0.26285714285714284,0.32124352331606215,0.3190103092783505
Herrera 2021,2021,2021-06-23,195,0.26136363636363635,0.31958762886597936,0.31737435897435895
Herrera 2021,2021,2021-06-23,196,0.2598870056497175,0.31794871794871793,0.3157551020408163
Herrera 2021,2021,2021-06-23,197,0.2598870056497175,0.32142857142857145,0.31781725888324874
Herrera 2021,2021,2021-06-23,198,0.25842696629213485,0.3197969543147208,0.3162121212121212
Herrera 2021,2021,2021-06-23,199,0.2569832402234637,0.3181818181818182,0.31462311557788947
Herrera 2021,2021,2021-06-25,200,0.25555555555555554,0.3165829145728643,0.31305
Herrera 2021,2021,2021-06-25,201,0.2541436464088398,0.315,0.31149253731343285
Herrera 2021,2021,2021-06-25,202,0.25274725274725274,0.31343283582089554,0.30995049504950495
Herrera 2021,2021,2021-06-25,203,0.25136612021857924,0.3118811881188119,0.30842364532019706
Herrera 2021,2021,2021-06-25,204,0.25136612021857924,0.31527093596059114,0.31045098039215685
Herrera 2021,2021,2021-06-25,205,0.25,0.3137254901960784,0.30893658536585367
Herrera 2021,2021,2021-06-25,206,0.24864864864864866,0.3121951219512195,0.3074368932038835
Herrera 2021,2021,2021-06-25,207,0.24731182795698925,0.3106796116504854,0.30595169082125606
Herrera 2021,2021,2021-06-26,208,0.24598930481283424,0.30917874396135264,0.3044807692307692
Herrera 2021,2021,2021-06-26,209,0.24468085106382978,0.3076923076923077,0.3030239234449761
Herrera 2021,2021,2021-06-26,210,0.24867724867724866,0.31100478468899523,0.3074952380952381
Herrera 2021,2021,2021-06-26,211,0.24736842105263157,0.30952380952380953,0.30603791469194314
Herrera 2021,2021,2021-06-27,212,0.24607329842931938,0.3080568720379147,0.3045943396226415
Herrera 2021,2021,2021-06-27,213,0.24607329842931938,0.30660377358490565,0.3031643192488263
Herrera 2021,2021,2021-06-27,214,0.25,0.30985915492957744,0.3058551401869159
Herrera 2021,2021,2021-06-27,215,0.24870466321243523,0.308411214953271,0.3044325581395349
Herrera 2021,2021,2021-06-27,216,0.24742268041237114,0.30697674418604654,0.3030231481481482
Herrera 2021,2021,2021-06-28,217,0.2512820512820513,0.3101851851851852,0.3073502304147465
Herrera 2021,2021,2021-06-28,218,0.25,0.3087557603686636,0.305940366972477
Herrera 2021,2021,2021-06-28,219,0.25380710659898476,0.3119266055045872,0.3085570776255708
Herrera 2021,2021,2021-06-28,220,0.25252525252525254,0.3105022831050228,0.30715454545454546
Herrera 2021,2021,2021-06-28,221,0.25125628140703515,0.3090909090909091,0.30576470588235294
Herrera 2021,2021,2021-06-29,222,0.255,0.31221719457013575,0.309981981981982
Herrera 2021,2021,2021-06-30,223,0.2537313432835821,0.3108108108108108,0.3085919282511211
Herrera 2021,2021,2021-06-30,224,0.2537313432835821,0.3094170403587444,0.3072142857142857
Herrera 2021,2021,2021-06-30,225,0.2524752475247525,0.3080357142857143,0.3058488888888889
Herrera 2021,2021,2021-06-30,226,0.2512315270935961,0.30666666666666664,0.30449557522123893
Herrera 2021,2021,2021-06-30,227,0.25,0.3053097345132743,0.30315418502202646
Herrera 2021,2021,2021-07-02,228,0.25365853658536586,0.30837004405286345,0.30567982456140347
Herrera 2021,2021,2021-07-02,229,0.2524271844660194,0.30701754385964913,0.30434497816593886
Herrera 2021,2021,2021-07-02,230,0.25120772946859904,0.3056768558951965,0.30302173913043473
Herrera 2021,2021,2021-07-02,231,0.25,0.30434782608695654,0.3017099567099567
Herrera 2021,2021,2021-07-03,232,0.24880382775119617,0.30303030303030304,0.30040948275862067
Herrera 2021,2021,2021-07-03,233,0.24761904761904763,0.3017241379310345,0.2991201716738197
Herrera 2021,2021,2021-07-03,234,0.24644549763033174,0.30042918454935624,0.2978418803418803
Herrera 2021,2021,2021-07-03,235,0.24528301886792453,0.29914529914529914,0.29657446808510635
Herrera 2021,2021,2021-07-04,236,0.24413145539906103,0.2978723404255319,0.29531779661016944
Herrera 2021,2021,2021-07-04,237,0.24299065420560748,0.2966101694915254,0.2940717299578059
Herrera 2021,2021,2021-07-05,238,0.24186046511627907,0.29535864978902954,0.2928361344537815
Herrera 2021,2021,2021-07-05,239,0.24074074074074073,0.29411764705882354,0.2916108786610878
Herrera 2021,2021,2021-07-05,240,0.23963133640552994,0.2928870292887029,0.2903958333333333
Herrera 2021,2021,2021-07-05,241,0.23853211009174313,0.2916666666666667,0.28919087136929456
Herrera 2021,2021,2021-07-05,242,0.2420091324200913,0.2946058091286307,0.2962892561983471
Herrera 2021,2021,2021-07-08,243,0.2409090909090909,0.29338842975206614,0.2950699588477366
Herrera 2021,2021,2021-07-08,244,0.2398190045248869,0.29218106995884774,0.2938606557377049
Herrera 2021,2021,2021-07-08,245,0.24324324324324326,0.29508196721311475,0.29624897959183677
Herrera 2021,2021,2021-07-08,246,0.242152466367713,0.2938775510204082,0.2950447154471545
Herrera 2021,2021,2021-07-08,247,0.24107142857142858,0.2926829268292683,0.29385020242914983
Herrera 2021,2021,2021-07-23,248,0.24,0.291497975708502,0.29266532258064515
Herrera 2021,2021,2021-07-23,249,0.23893805309734514,0.2903225806451613,0.29148995983935744
Herrera 2021,2021,2021-07-24,250,0.23788546255506607,0.2891566265060241,0.290324
Herrera 2021,2021,2021-07-24,251,0.23684210526315788,0.288,0.28916733067729083
Herrera 2021,2021,2021-07-24,252,0.23580786026200873,0.2868525896414343,0.28801984126984126
Herrera 2021,2021,2021-07-24,253,0.23478260869565218,0.2857142857142857,0.2868814229249012
Herrera 2021,2021,2021-07-25,254,0.23376623376623376,0.2845849802371542,0.285751968503937
Herrera 2021,2021,2021-07-25,255,0.23275862068965517,0.28346456692913385,0.2846313725490196
Herrera 2021,2021,2021-07-25,256,0.2317596566523605,0.2823529411764706,0.28351953125
Herrera 2021,2021,2021-07-26,257,0.23076923076923078,0.28125,0.2824163424124514
Herrera 2021,2021,2021-07-26,258,0.2297872340425532,0.2801556420233463,0.2813217054263566
Herrera 2021,2021,2021-07-26,259,0.2288135593220339,0.27906976744186046,0.28023552123552126
Herrera 2021,2021,2021-07-26,260,0.2320675105485232,0.28185328185328185,0.2825384615384615
Herrera 2021,2021,2021-07-27,261,0.23109243697478993,0.28076923076923077,0.281455938697318
Herrera 2021,2021,2021-07-27,262,0.23430962343096234,0.2835249042145594,0.28512213740458014
Herrera 2021,2021,2021-07-27,263,0.2375,0.2862595419847328,0.28738022813688213
Herrera 2021,2021,2021-07-27,264,0.2375,0.2889733840304182,0.28891287878787875
Herrera 2021,2021,2021-07-29,265,0.24066390041493776,0.2916666666666667,0.29113962264150944
Herrera 2021,2021,2021-07-29,266,0.2396694214876033,0.29056603773584905,0.2900451127819549
Herrera 2021,2021,2021-07-29,267,0.23868312757201646,0.2894736842105263,0.28895880149812736
Herrera 2021,2021,2021-07-29,268,0.23770491803278687,0.2883895131086142,0.28788059701492535
Herrera 2021,2021,2021-07-29,269,0.23673469387755103,0.2873134328358209,0.2868104089219331
Herrera 2021,2021,2021-07-29,270,0.23577235772357724,0.2862453531598513,0.28574814814814814
Herrera 2021,2021,2021-07-29,271,0.23481781376518218,0.2851851851851852,0.28469372693726935
Herrera 2021,2021,2021-07-30,272,0.23387096774193547,0.28413284132841327,0.2836470588235294
Herrera 2021,2021,2021-07-30,273,0.23293172690763053,0.28308823529411764,0.2826080586080586
Herrera 2021,2021,2021-07-30,274,0.23293172690763053,0.2857142857142857,0.28410218978102186
Herrera 2021,2021,2021-08-03,275,0.232,0.2846715328467153,0.2830690909090909
Herrera 2021,2021,2021-08-03,276,0.23107569721115537,0.28363636363636363,0.28204347826086956
Herrera 2021,2021,2021-08-03,277,0.23015873015873015,0.2826086956521739,0.2810252707581227
Herrera 2021,2021,2021-08-03,278,0.22924901185770752,0.2815884476534296,0.2800143884892086
Herrera 2021,2021,2021-08-11,279,0.2283464566929134,0.2805755395683453,0.27901075268817205
Herrera 2021,2021,2021-08-11,280,0.22745098039215686,0.27956989247311825,0.2780142857142857
Herrera 2021,2021,2021-08-11,281,0.2265625,0.2785714285714286,0.2770249110320285
Herrera 2021,2021,2021-08-13,282,0.22568093385214008,0.2775800711743772,0.27604255319148935
Herrera 2021,2021,2021-08-13,283,0.2248062015503876,0.2765957446808511,0.27506713780918723
Herrera 2021,2021,2021-08-13,284,0.22393822393822393,0.2756183745583039,0.2740985915492958
Herrera 2021,2021,2021-08-13,285,0.2230769230769231,0.2746478873239437,0.2731368421052631
Herrera 2021,2021,2021-08-14,286,0.2222222222222222,0.2736842105263158,0.27218181818181814
Herrera 2021,2021,2021-08-14,287,0.22519083969465647,0.2762237762237762,0.27429616724738676
Herrera 2021,2021,2021-08-14,288,0.22433460076045628,0.27526132404181186,0.27334375
Herrera 2021,2021,2021-08-14,289,0.22348484848484848,0.2743055555555556,0.27239792387543255
Herrera 2021,2021,2021-08-15,290,0.22641509433962265,0.2768166089965398,0.2744896551724138
Herrera 2021,2021,2021-08-15,291,0.22932330827067668,0.2793103448275862,0.2765670103092783
Herrera 2021,2021,2021-08-15,292,0.22846441947565543,0.27835051546391754,0.2756198630136986
Herrera 2021,2021,2021-08-15,293,0.23134328358208955,0.2808219178082192,0.27767918088737203
Herrera 2021,2021,2021-08-18,294,0.2342007434944238,0.2832764505119454,0.28206802721088436
Herrera 2021,2021,2021-08-18,295,0.23333333333333334,0.282312925170068,0.28111186440677965
Herrera 2021,2021,2021-08-18,296,0.23247232472324722,0.28135593220338984,0.28016216216216216
Herrera 2021,2021,2021-08-18,297,0.23529411764705882,0.28378378378378377,0.285976430976431
Herrera 2021,2021,2021-08-19,298,0.23529411764705882,0.28619528619528617,0.2874395973154362
Herrera 2021,2021,2021-08-21,299,0.23809523809523808,0.28859060402684567,0.29319063545150503
Herrera 2021,2021,2021-08-21,300,0.23722627737226276,0.28762541806020064,0.2922133333333333
Herrera 2021,2021,2021-08-21,301,0.23636363636363636,0.2866666666666667,0.2912425249169435
Herrera 2021,2021,2021-08-21,302,0.23636363636363636,0.2866666666666667,0.2912425249169435
Herrera 2021,2021,2021-08-21,303,0.23550724637681159,0.2857142857142857,0.29027814569536425
Herrera 2021,2021,2021-08-25,304,0.23465703971119134,0.2847682119205298,0.28932013201320134
Herrera 2021,2021,2021-08-25,305,0.23381294964028776,0.2838283828382838,0.2883684210526316
Herrera 2021,2021,2021-08-28,306,0.23655913978494625,0.28618421052631576,0.29149508196721313
Herrera 2021,2021,2021-08-28,307,0.2392857142857143,0.28852459016393445,0.2971013071895425
Herrera 2021,2021,2021-08-28,308,0.23843416370106763,0.2875816993464052,0.29613355048859935
Herrera 2021,2021,2021-08-28,309,0.2375886524822695,0.28664495114006516,0.2951720779220779
Herrera 2021,2021,2021-08-30,310,0.24028268551236748,0.288961038961039,0.29706148867313914
Herrera 2021,2021,2021-08-30,311,0.23943661971830985,0.28802588996763756,0.2961032258064516
Herrera 2021,2021,2021-08-30,312,0.24210526315789474,0.2903225806451613,0.2979774919614148
Herrera 2021,2021,2021-08-30,313,0.24125874125874125,0.28938906752411575,0.29702243589743593
Herrera 2021,2021,2021-08-30,314,0.24125874125874125,0.2916666666666667,0.29828434504792334
Herrera 2021,2021,2021-08-31,315,0.24390243902439024,0.2939297124600639,0.30013375796178343
Herrera 2021,2021,2021-08-31,316,0.24390243902439024,0.2961783439490446,0.30137777777777774
Herrera 2021,2021,2021-08-31,317,0.24390243902439024,0.2984126984126984,0.3026139240506329
Herrera 2021,2021,2021-09-02,318,0.24305555555555555,0.2974683544303797,0.30165930599369084
Herrera 2021,2021,2021-09-02,319,0.24567474048442905,0.2996845425867508,0.3034748427672956
Herrera 2021,2021,2021-09-02,320,0.2482758620689655,0.3018867924528302,0.30527899686520377
Herrera 2021,2021,2021-09-02,321,0.2508591065292096,0.30407523510971785,0.307071875
Herrera 2021,2021,2021-09-02,322,0.25,0.303125,0.3061152647975078
Herrera 2021,2021,2021-09-04,323,0.24914675767918087,0.30218068535825543,0.30516459627329195
Herrera 2021,2021,2021-09-04,324,0.24829931972789115,0.30124223602484473,0.3042198142414861
Herrera 2021,2021,2021-09-04,325,0.24745762711864408,0.30030959752321984,0.30328086419753086
Herrera 2021,2021,2021-09-04,326,0.24662162162162163,0.2993827160493827,0.3023476923076923
Herrera 2021,2021,2021-09-04,327,0.24579124579124578,0.29846153846153844,0.30142024539877305
Herrera 2021,2021,2021-09-05,328,0.24496644295302014,0.29754601226993865,0.30049847094801224
Herrera 2021,2021,2021-09-05,329,0.24414715719063546,0.2966360856269113,0.29958231707317073
Herrera 2021,2021,2021-09-05,330,0.24333333333333335,0.29573170731707316,0.2986717325227964
Herrera 2021,2021,2021-09-05,331,0.2425249169435216,0.2948328267477204,0.2977666666666667
Herrera 2021,2021,2021-09-05,332,0.24503311258278146,0.296969696969697,0.2995226586102719
Herrera 2021,2021,2021-09-06,333,0.24422442244224424,0.29607250755287007,0.29862048192771085
Herrera 2021,2021,2021-09-06,334,0.24342105263157895,0.29518072289156627,0.2977237237237237
Herrera 2021,2021,2021-09-06,335,0.24262295081967214,0.29429429429429427,0.2968323353293413
Herrera 2021,2021,2021-09-06,336,0.24262295081967214,0.2964071856287425,0.29801194029850747
Herrera 2021,2021,2021-09-06,337,0.24183006535947713,0.2955223880597015,0.29712500000000003
Herrera 2021,2021,2021-09-06,338,0.24429967426710097,0.2976190476190476,0.2988516320474777
Herrera 2021,2021,2021-09-08,339,0.2435064935064935,0.29673590504451036,0.2979674556213018
Herrera 2021,2021,2021-09-08,340,0.2459546925566343,0.2988165680473373,0.29968141592920355
Herrera 2021,2021,2021-09-08,341,0.24516129032258063,0.29793510324483774,0.2988
Herrera 2021,2021,2021-09-08,342,0.24437299035369775,0.29705882352941176,0.29792375366568913
Herrera 2021,2021,2021-09-09,343,0.24358974358974358,0.2961876832844575,0.29705263157894735
Herrera 2021,2021,2021-09-09,344,0.24281150159744408,0.2953216374269006,0.2961865889212828
Herrera 2021,2021,2021-09-09,345,0.24522292993630573,0.29737609329446063,0.29788081395348837
Herrera 2021,2021,2021-09-09,346,0.24444444444444444,0.29651162790697677,0.29701739130434784
Herrera 2021,2021,2021-09-10,347,0.24367088607594936,0.2956521739130435,0.29615895953757226
Herrera 2021,2021,2021-09-10,348,0.24290220820189273,0.2947976878612717,0.2953054755043228
Herrera 2021,2021,2021-09-10,349,0.24528301886792453,0.2968299711815562,0.2969827586206896
Herrera 2021,2021,2021-09-10,350,0.2445141065830721,0.2959770114942529,0.29613180515759313
Herrera 2021,2021,2021-09-10,351,0.24375,0.29512893982808025,0.29528571428571426
Herrera 2021,2021,2021-09-11,352,0.24299065420560748,0.29428571428571426,0.29444444444444445
Herrera 2021,2021,2021-09-11,353,0.2453416149068323,0.2962962962962963,0.29713636363636364
Herrera 2021,2021,2021-09-11,354,0.24458204334365324,0.29545454545454547,0.29629461756373937
Herrera 2021,2021,2021-09-11,355,0.24691358024691357,0.29745042492917845,0.2979406779661017
Herrera 2021,2021,2021-09-12,356,0.24691358024691357,0.2994350282485876,0.2990507042253521
Herrera 2021,2021,2021-09-12,357,0.24615384615384617,0.29859154929577464,0.29821067415730335
Herrera 2021,2021,2021-09-12,358,0.24539877300613497,0.29775280898876405,0.297375350140056
Herrera 2021,2021,2021-09-12,359,0.24464831804281345,0.2969187675070028,0.29654469273743017
Herrera 2021,2021,2021-09-12,360,0.24390243902439024,0.29608938547486036,0.2957186629526462
Herrera 2021,2021,2021-09-14,361,0.24620060790273557,0.298050139275766,0.30047222222222225
Herrera 2021,2021,2021-09-14,362,0.24545454545454545,0.2972222222222222,0.2996398891966759
Herrera 2021,2021,2021-09-14,363,0.24471299093655588,0.296398891966759,0.2988121546961326
Herrera 2021,2021,2021-09-14,364,0.24397590361445784,0.2955801104972376,0.29798898071625346
Herrera 2021,2021,2021-09-15,365,0.24324324324324326,0.29476584022038566,0.2971703296703297
Herrera 2021,2021,2021-09-15,366,0.24251497005988024,0.29395604395604397,0.29635616438356166
Herrera 2021,2021,2021-09-15,367,0.2417910447761194,0.29315068493150687,0.2955464480874317
Herrera 2021,2021,2021-09-15,368,0.24107142857142858,0.2923497267759563,0.29474114441416893
Herrera 2021,2021,2021-09-15,369,0.2403560830860534,0.29155313351498635,0.2939402173913043
Herrera 2021,2021,2021-09-16,370,0.23964497041420119,0.2907608695652174,0.2931436314363144
Herrera 2021,2021,2021-09-16,371,0.23893805309734514,0.2899728997289973,0.2923513513513514
Herrera 2021,2021,2021-09-16,372,0.2411764705882353,0.2918918918918919,0.2939326145552561
Herrera 2021,2021,2021-09-16,373,0.2404692082111437,0.29110512129380056,0.29314247311827957
Herrera 2021,2021,2021-09-16,374,0.24269005847953215,0.29301075268817206,0.295686327077748
Herrera 2021,2021,2021-09-16,375,0.24269005847953215,0.2949061662198391,0.29674598930481283
Herrera 2021,2021,2021-09-17,376,0.24198250728862974,0.29411764705882354,0.2959546666666667
Herrera 2021,2021,2021-09-17,377,0.24127906976744187,0.29333333333333333,0.29516755319148935
Herrera 2021,2021,2021-09-17,378,0.24057971014492754,0.2925531914893617,0.2943846153846154
Herrera 2021,2021,2021-09-17,379,0.24277456647398843,0.29442970822281167,0.2968915343915344
Herrera 2021,2021,2021-09-17,380,0.2420749279538905,0.29365079365079366,0.29610817941952505
Herrera 2021,2021,2021-09-18,381,0.2413793103448276,0.2928759894459103,0.295328947368421
Herrera 2021,2021,2021-09-18,382,0.24068767908309455,0.29210526315789476,0.2945538057742782
Herrera 2021,2021,2021-09-18,383,0.24285714285714285,0.29396325459317585,0.29608376963350785
Herrera 2021,2021,2021-09-18,384,0.24285714285714285,0.29581151832460734,0.2971958224543081
Herrera 2021,2021,2021-09-18,385,0.24216524216524216,0.2950391644908616,0.296421875
Herrera 2021,2021,2021-09-20,386,0.24147727272727273,0.2942708333333333,0.29565194805194805
Herrera 2021,2021,2021-09-20,387,0.24079320113314448,0.2935064935064935,0.2948860103626943
Herrera 2021,2021,2021-09-20,388,0.24293785310734464,0.29533678756476683,0.2963953488372093
Herrera 2021,2021,2021-09-20,389,0.24225352112676057,0.29457364341085274,0.29563144329896907
Herrera 2021,2021,2021-09-21,390,0.2443820224719101,0.2963917525773196,0.2971311053984576
Herrera 2021,2021,2021-09-21,391,0.24369747899159663,0.29562982005141386,0.2963692307692308
Herrera 2021,2021,2021-09-21,392,0.2430167597765363,0.2948717948717949,0.29561125319693093
Herrera 2021,2021,2021-09-21,393,0.24233983286908078,0.29411764705882354,0.2948571428571429
Herrera 2021,2021,2021-09-21,394,0.24166666666666667,0.29336734693877553,0.29410687022900767
Herrera 2021,2021,2021-09-22,395,0.2409972299168975,0.2926208651399491,0.29336040609137054
Herrera 2021,2021,2021-09-22,396,0.24033149171270718,0.2918781725888325,0.29261772151898735
Herrera 2021,2021,2021-09-22,397,0.2396694214876033,0.2911392405063291,0.2918787878787879
Herrera 2021,2021,2021-09-22,398,0.23901098901098902,0.2904040404040404,0.29114357682619646
Herrera 2021,2021,2021-09-23,399,0.23835616438356164,0.28967254408060455,0.29041206030150757
Herrera 2021,2021,2021-09-23,400,0.24043715846994534,0.2914572864321608,0.292796992481203
Herrera 2021,2021,2021-09-23,401,0.23978201634877383,0.2907268170426065,0.292065
Herrera 2021,2021,2021-09-23,402,0.2418478260869565,0.2925,0.2935286783042394
Herrera 2021,2021,2021-09-23,403,0.24390243902439024,0.2942643391521197,0.2949850746268657
Herrera 2021,2021,2021-09-24,404,0.24324324324324326,0.2935323383084577,0.2942531017369727
Herrera 2021,2021,2021-09-24,405,0.24528301886792453,0.29528535980148884,0.2957004950495049
Herrera 2021,2021,2021-09-26,406,0.2446236559139785,0.29455445544554454,0.2949703703703704
Herrera 2021,2021,2021-09-26,407,0.24396782841823056,0.2938271604938272,0.294243842364532
Herrera 2021,2021,2021-09-26,408,0.24598930481283424,0.2955665024630542,0.29657248157248156
Herrera 2021,2021,2021-09-26,409,0.248,0.2972972972972973,0.298
Herrera 2021,2021,2021-09-28,410,0.25,0.29901960784313725,0.2994205378973105
Herrera 2021,2021,2021-09-28,411,0.2493368700265252,0.2982885085574572,0.29869024390243903
Herrera 2021,2021,2021-09-28,412,0.25132275132275134,0.3,0.3001021897810219
Herrera 2021,2021,2021-09-28,413,0.25065963060686014,0.29927007299270075,0.29937378640776696
Herrera 2021,2021,2021-09-29,414,0.25,0.29854368932038833,0.2986489104116223
Herrera 2021,2021,2021-09-29,415,0.24934383202099739,0.29782082324455206,0.29792753623188406
Herrera 2021,2021,2021-09-29,416,0.2513089005235602,0.2995169082125604,0.3002024096385542
Herrera 2021,2021,2021-09-29,417,0.25326370757180156,0.30120481927710846,0.30246634615384616
Herrera 2021,2021,2021-09-30,418,0.2526041666666667,0.3004807692307692,0.3017410071942446
Herrera 2021,2021,2021-09-30,419,0.2519480519480519,0.2997601918465228,0.30101913875598085
Herrera 2021,2021,2021-09-30,420,0.25129533678756477,0.29904306220095694,0.3003007159904535
Herrera 2021,2021,2021-09-30,421,0.25064599483204136,0.29832935560859186,0.2995857142857143
Herrera 2021,2021,2021-10-03,422,0.25257731958762886,0.3,0.30096199524940614
Herrera 2021,2021,2021-10-03,423,0.2519280205655527,0.2992874109263658,0.30024881516587676
Herrera 2021,2021,2021-10-03,424,0.2512820512820513,0.2985781990521327,0.29953900709219855
Herrera 2021,2021,2021-10-03,425,0.2506393861892583,0.2978723404255319,0.29883254716981134
Herrera 2021,2021,2021-10-03,426,0.25,0.2971698113207547,0.29812941176470587
Marsh 2023,2023,2023-03-30,1,1.0,1.0,1.569
Marsh 2023,2023,2023-03-30,2,1.0,1.0,1.4064999999999999
Marsh 2023,2023,2023-03-30,3,0.6666666666666666,0.6666666666666666,0.9376666666666665
Marsh 2023,2023,2023-03-30,4,0.5,0.5,0.7032499999999999
Marsh 2023,2023,2023-04-01,5,0.4,0.4,0.5626
Marsh 2023,2023,2023-04-01,6,0.3333333333333333,0.3333333333333333,0.46883333333333327
Marsh 2023,2023,2023-04-01,7,0.2857142857142857,0.2857142857142857,0.4018571428571428
Marsh 2023,2023,2023-04-03,8,0.25,0.25,0.35162499999999997
Marsh 2023,2023,2023-04-03,9,0.3333333333333333,0.3333333333333333,0.45077777777777783
Marsh 2023,2023,2023-04-03,10,0.4,0.4,0.49399999999999994
Marsh 2023,2023,2023-04-03,11,0.36363636363636365,0.36363636363636365,0.44909090909090904
Marsh 2023,2023,2023-04-04,12,0.4166666666666667,0.4166666666666667,0.5786666666666667
Marsh 2023,2023,2023-04-04,13,0.38461538461538464,0.38461538461538464,0.5341538461538462
Marsh 2023,2023,2023-04-04,14,0.35714285714285715,0.35714285714285715,0.496
Marsh 2023,2023,2023-04-04,15,0.3333333333333333,0.3333333333333333,0.4629333333333333
Marsh 2023,2023,2023-04-07,16,0.3333333333333333,0.375,0.4775
Marsh 2023,2023,2023-04-07,17,0.3125,0.35294117647058826,0.44941176470588234
Marsh 2023,2023,2023-04-07,18,0.29411764705882354,0.3333333333333333,0.4244444444444444
Marsh 2023,2023,2023-04-07,19,0.2777777777777778,0.3157894736842105,0.40210526315789474
Marsh 2023,2023,2023-04-09,20,0.2777777777777778,0.35,0.4168
Marsh 2023,2023,2023-04-09,21,0.3157894736842105,0.38095238095238093,0.4716666666666666
Marsh 2023,2023,2023-04-09,22,0.3,0.36363636363636365,0.4502272727272727
Marsh 2023,2023,2023-04-10,23,0.2857142857142857,0.34782608695652173,0.43065217391304345
Marsh 2023,2023,2023-04-10,24,0.3181818181818182,0.375,0.46454166666666663
Marsh 2023,2023,2023-04-10,25,0.34782608695652173,0.4,0.49572000000000005
Marsh 2023,2023,2023-04-10,26,0.3333333333333333,0.38461538461538464,0.4766538461538462
Marsh 2023,2023,2023-04-10,27,0.36,0.4074074074074074,0.5332222222222223
Marsh 2023,2023,2023-04-11,28,0.36,0.42857142857142855,0.5390357142857143
Marsh 2023,2023,2023-04-11,29,0.38461538461538464,0.4482758620689655,0.5508965517241379
Marsh 2023,2023,2023-04-12,30,0.37037037037037035,0.43333333333333335,0.5325333333333333
Marsh 2023,2023,2023-04-12,31,0.39285714285714285,0.45161290322580644,0.5438387096774193
Marsh 2023,2023,2023-04-12,32,0.3793103448275862,0.4375,0.5268437499999999
Marsh 2023,2023,2023-04-12,33,0.36666666666666664,0.42424242424242425,0.5108787878787878
Marsh 2023,2023,2023-04-14,34,0.3548387096774194,0.4117647058823529,0.49585294117647055
Marsh 2023,2023,2023-04-14,35,0.375,0.42857142857142855,0.5265142857142857
Marsh 2023,2023,2023-04-14,36,0.36363636363636365,0.4166666666666667,0.511888888888889
Marsh 2023,2023,2023-04-14,37,0.35294117647058826,0.40540540540540543,0.49805405405405406
Marsh 2023,2023,2023-04-14,38,0.34285714285714286,0.39473684210526316,0.4849473684210526
Marsh 2023,2023,2023-04-15,39,0.3333333333333333,0.38461538461538464,0.4725128205128205
Marsh 2023,2023,2023-04-15,40,0.32432432432432434,0.375,0.4607
Marsh 2023,2023,2023-04-15,41,0.32432432432432434,0.3902439024390244,0.4664390243902439
Marsh 2023,2023,2023-04-15,42,0.3157894736842105,0.38095238095238093,0.4553333333333333
Marsh 2023,2023,2023-04-16,43,0.3333333333333333,0.3953488372093023,0.4652790697674418
Marsh 2023,2023,2023-04-16,44,0.325,0.38636363636363635,0.4547045454545454
Marsh 2023,2023,2023-04-16,45,0.34146341463414637,0.4,0.46422222222222226
Marsh 2023,2023,2023-04-16,46,0.35714285714285715,0.41304347826086957,0.4811739130434783
Marsh 2023,2023,2023-04-16,47,0.3488372093023256,0.40425531914893614,0.47093617021276596
Marsh 2023,2023,2023-04-16,48,0.36363636363636365,0.4166666666666667,0.47952083333333334
Marsh 2023,2023,2023-04-18,49,0.37777777777777777,0.42857142857142855,0.4877551020408163
Marsh 2023,2023,2023-04-18,50,0.3695652173913043,0.42,0.478
Marsh 2023,2023,2023-04-18,51,0.3617021276595745,0.4117647058823529,0.4686274509803921
Marsh 2023,2023,2023-04-18,52,0.3541666666666667,0.40384615384615385,0.4596153846153846
Marsh 2023,2023,2023-04-18,53,0.3469387755102041,0.39622641509433965,0.45094339622641505
Marsh 2023,2023,2023-04-18,54,0.34,0.3888888888888889,0.4425925925925926
Marsh 2023,2023,2023-04-18,55,0.3333333333333333,0.38181818181818183,0.4345454545454545
Marsh 2023,2023,2023-04-18,56,0.34615384615384615,0.39285714285714285,0.44899999999999995
Marsh 2023,2023,2023-04-19,57,0.3584905660377358,0.40350877192982454,0.47628070175438597
Marsh 2023,2023,2023-04-19,58,0.37037037037037035,0.41379310344827586,0.48329310344827586
Marsh 2023,2023,2023-04-19,59,0.36363636363636365,0.4067796610169492,0.4751016949152542
Marsh 2023,2023,2023-04-19,60,0.35714285714285715,0.4,0.46718333333333334
Marsh 2023,2023,2023-04-20,61,0.3508771929824561,0.39344262295081966,0.45952459016393443
Marsh 2023,2023,2023-04-20,62,0.3448275862068966,0.3870967741935484,0.45211290322580644
Marsh 2023,2023,2023-04-20,63,0.3448275862068966,0.3968253968253968,0.455984126984127
Marsh 2023,2023,2023-04-20,64,0.3448275862068966,0.40625,0.459734375
Marsh 2023,2023,2023-04-21,65,0.3389830508474576,0.4,0.45266153846153845
Marsh 2023,2023,2023-04-21,66,0.35,0.4090909090909091,0.4591818181818182
Marsh 2023,2023,2023-04-21,67,0.35,0.417910447761194,0.46271641791044776
Marsh 2023,2023,2023-04-21,68,0.3442622950819672,0.4117647058823529,0.45591176470588235
Marsh 2023,2023,2023-04-22,69,0.3442622950819672,0.42028985507246375,0.4593913043478261
Marsh 2023,2023,2023-04-22,70,0.3387096774193548,0.4142857142857143,0.4528285714285714
Marsh 2023,2023,2023-04-22,71,0.3492063492063492,0.4225352112676056,0.4685492957746478
Marsh 2023,2023,2023-04-23,72,0.3492063492063492,0.4305555555555556,0.47170833333333334
Marsh 2023,2023,2023-04-23,73,0.3492063492063492,0.4383561643835616,0.4747808219178082
Marsh 2023,2023,2023-04-23,74,0.34375,0.43243243243243246,0.46836486486486484
Marsh 2023,2023,2023-04-23,75,0.35384615384615387,0.44,0.48883999999999994
Marsh 2023,2023,2023-04-25,76,0.3484848484848485,0.4342105263157895,0.48240789473684204
Marsh 2023,2023,2023-04-25,77,0.34328358208955223,0.42857142857142855,0.4761428571428571
Marsh 2023,2023,2023-04-25,78,0.35294117647058826,0.4358974358974359,0.48135897435897435
Marsh 2023,2023,2023-04-25,79,0.34782608695652173,0.43037974683544306,0.4752658227848101
Marsh 2023,2023,2023-04-26,80,0.34285714285714286,0.425,0.469325
Marsh 2023,2023,2023-04-26,81,0.3380281690140845,0.41975308641975306,0.46353086419753087
Marsh 2023,2023,2023-04-26,82,0.3333333333333333,0.4146341463414634,0.4578780487804878
Marsh 2023,2023,2023-04-26,83,0.3424657534246575,0.42168674698795183,0.463
Marsh 2023,2023,2023-04-27,84,0.33783783783783783,0.4166666666666667,0.45748809523809525
Marsh 2023,2023,2023-04-27,85,0.3333333333333333,0.4117647058823529,0.4521058823529412
Marsh 2023,2023,2023-04-27,86,0.32894736842105265,0.4069767441860465,0.44684883720930235
Marsh 2023,2023,2023-04-28,87,0.33766233766233766,0.41379310344827586,0.4518620689655172
Marsh 2023,2023,2023-04-29,88,0.3333333333333333,0.4090909090909091,0.4467272727272727
Marsh 2023,2023,2023-04-29,89,0.34177215189873417,0.4157303370786517,0.45568539325842694
Marsh 2023,2023,2023-04-29,90,0.3375,0.4111111111111111,0.4506222222222222
Marsh 2023,2023,2023-04-29,91,0.3375,0.4175824175824176,0.45331868131868136
Marsh 2023,2023,2023-04-29,92,0.3333333333333333,0.41304347826086957,0.4483913043478261
Marsh 2023,2023,2023-04-30,93,0.32926829268292684,0.40860215053763443,0.4435698924731183
Marsh 2023,2023,2023-04-30,94,0.3253012048192771,0.40425531914893614,0.4388510638297873
Marsh 2023,2023,2023-04-30,95,0.3253012048192771,0.4105263157894737,0.4415578947368421
Marsh 2023,2023,2023-04-30,96,0.32142857142857145,0.40625,0.43695833333333334
Marsh 2023,2023,2023-05-01,97,0.3176470588235294,0.4020618556701031,0.4324536082474227
Marsh 2023,2023,2023-05-01,98,0.32558139534883723,0.40816326530612246,0.43705102040816324
Marsh 2023,2023,2023-05-01,99,0.3218390804597701,0.40404040404040403,0.4326363636363636
Marsh 2023,2023,2023-05-01,100,0.32954545454545453,0.41,0.43714
Marsh 2023,2023,2023-05-02,101,0.3258426966292135,0.40594059405940597,0.4328118811881188
Marsh 2023,2023,2023-05-02,102,0.32222222222222224,0.4019607843137255,0.4285686274509804
Marsh 2023,2023,2023-05-02,103,0.31868131868131866,0.39805825242718446,0.42440776699029126
Marsh 2023,2023,2023-05-03,104,0.31521739130434784,0.3942307692307692,0.42032692307692304
Marsh 2023,2023,2023-05-03,105,0.3225806451612903,0.4,0.42473333333333335
Marsh 2023,2023,2023-05-03,106,0.3225806451612903,0.4056603773584906,0.4275754716981132
Marsh 2023,2023,2023-05-03,107,0.3191489361702128,0.40186915887850466,0.42357943925233643
Marsh 2023,2023,2023-05-06,108,0.3157894736842105,0.39814814814814814,0.4196574074074074
Marsh 2023,2023,2023-05-06,109,0.3229166666666667,0.4036697247706422,0.4239082568807339
Marsh 2023,2023,2023-05-06,110,0.31958762886597936,0.4,0.4200545454545454
Marsh 2023,2023,2023-05-06,111,0.3163265306122449,0.3963963963963964,0.41627027027027025
Marsh 2023,2023,2023-05-07,112,0.31313131313131315,0.39285714285714285,0.4125535714285714
Marsh 2023,2023,2023-05-07,113,0.31,0.3893805309734513,0.4089026548672566
Marsh 2023,2023,2023-05-07,114,0.3069306930693069,0.38596491228070173,0.4053157894736842
Marsh 2023,2023,2023-05-09,115,0.30392156862745096,0.3826086956521739,0.40179130434782606
Marsh 2023,2023,2023-05-09,116,0.3106796116504854,0.3879310344827586,0.40905172413793106
Marsh 2023,2023,2023-05-10,117,0.3076923076923077,0.38461538461538464,0.40555555555555556
Marsh 2023,2023,2023-05-10,118,0.3047619047619048,0.3813559322033898,0.4021186440677966
Marsh 2023,2023,2023-05-10,119,0.3047619047619048,0.3865546218487395,0.40458823529411764
Marsh 2023,2023,2023-05-12,120,0.3018867924528302,0.38333333333333336,0.40121666666666667
Marsh 2023,2023,2023-05-13,121,0.3018867924528302,0.3884297520661157,0.40365289256198345
Marsh 2023,2023,2023-05-13,122,0.29906542056074764,0.38524590163934425,0.40034426229508197
Marsh 2023,2023,2023-05-13,123,0.2962962962962963,0.3821138211382114,0.3970894308943089
Marsh 2023,2023,2023-05-13,124,0.29357798165137616,0.3790322580645161,0.39388709677419353
Marsh 2023,2023,2023-05-14,125,0.29357798165137616,0.384,0.396304
Marsh 2023,2023,2023-05-14,126,0.2909090909090909,0.38095238095238093,0.39315873015873015
Marsh 2023,2023,2023-05-14,127,0.2909090909090909,0.3858267716535433,0.39554330708661417
Marsh 2023,2023,2023-05-14,128,0.2882882882882883,0.3828125,0.392453125
Marsh 2023,2023,2023-05-15,129,0.2857142857142857,0.3798449612403101,0.3894108527131783
Marsh 2023,2023,2023-05-15,130,0.2831858407079646,0.3769230769230769,0.3864153846153846
Marsh 2023,2023,2023-05-15,131,0.2807017543859649,0.37404580152671757,0.38346564885496187
Marsh 2023,2023,2023-05-15,132,0.2807017543859649,0.3787878787878788,0.3858333333333333
Marsh 2023,2023,2023-05-16,133,0.2807017543859649,0.38345864661654133,0.38816541353383455
Marsh 2023,2023,2023-05-16,134,0.28695652173913044,0.3880597014925373,0.3918582089552239
Marsh 2023,2023,2023-05-16,135,0.28448275862068967,0.3851851851851852,0.38895555555555555
Marsh 2023,2023,2023-05-16,136,0.28205128205128205,0.38235294117647056,0.3860955882352941
Marsh 2023,2023,2023-05-17,137,0.2796610169491525,0.3795620437956204,0.38327737226277375
Marsh 2023,2023,2023-05-17,138,0.2773109243697479,0.37681159420289856,0.3805
Marsh 2023,2023,2023-05-17,139,0.2773109243697479,0.37681159420289856,0.3805
Marsh 2023,2023,2023-05-17,140,0.275,0.37410071942446044,0.37776258992805756
Marsh 2023,2023,2023-05-19,141,0.2727272727272727,0.37142857142857144,0.37506428571428574
Marsh 2023,2023,2023-05-19,142,0.27049180327868855,0.36879432624113473,0.37240425531914895
Marsh 2023,2023,2023-05-19,143,0.2682926829268293,0.36619718309859156,0.36978169014084505
Marsh 2023,2023,2023-05-20,144,0.2661290322580645,0.36363636363636365,0.3671958041958042
Marsh 2023,2023,2023-05-20,145,0.264,0.3611111111111111,0.36464583333333334
Marsh 2023,2023,2023-05-20,146,0.2619047619047619,0.3586206896551724,0.36213103448275863
Marsh 2023,2023,2023-05-20,147,0.2619047619047619,0.363013698630137,0.3644178082191781
Marsh 2023,2023,2023-05-20,148,0.25984251968503935,0.36054421768707484,0.3619387755102041
Marsh 2023,2023,2023-05-22,149,0.2578125,0.3581081081081081,0.3594932432432432
Marsh 2023,2023,2023-05-22,150,0.2558139534883721,0.35570469798657717,0.35708053691275166
Marsh 2023,2023,2023-05-24,151,0.25384615384615383,0.35333333333333333,0.3547
Marsh 2023,2023,2023-05-24,152,0.2595419847328244,0.3576158940397351,0.35819867549668877
Marsh 2023,2023,2023-05-24,153,0.26515151515151514,0.3618421052631579,0.3616513157894737
Marsh 2023,2023,2023-05-24,154,0.2631578947368421,0.35947712418300654,0.3592875816993464
Marsh 2023,2023,2023-05-25,155,0.26865671641791045,0.36363636363636365,0.36268831168831167
Marsh 2023,2023,2023-05-25,156,0.26666666666666666,0.36129032258064514,0.3603483870967742
Marsh 2023,2023,2023-05-25,157,0.2647058823529412,0.358974358974359,0.3580384615384615
Marsh 2023,2023,2023-05-25,158,0.26277372262773724,0.35668789808917195,0.3557579617834395
Marsh 2023,2023,2023-05-26,159,0.2608695652173913,0.35443037974683544,0.35350632911392404
Marsh 2023,2023,2023-05-26,160,0.2589928057553957,0.3522012578616352,0.3512830188679245
Marsh 2023,2023,2023-05-26,161,0.2642857142857143,0.35625,0.35460625
Marsh 2023,2023,2023-05-26,162,0.2624113475177305,0.35403726708074534,0.35240372670807457
Marsh 2023,2023,2023-05-27,163,0.2605633802816901,0.35185185185185186,0.3502283950617284
Marsh 2023,2023,2023-05-27,164,0.26573426573426573,0.3558282208588957,0.3534969325153374
Marsh 2023,2023,2023-05-27,165,0.2638888888888889,0.35365853658536583,0.3513414634146341
Marsh 2023,2023,2023-05-27,166,0.2620689655172414,0.3515151515151515,0.3492121212121212
Marsh 2023,2023,2023-05-28,167,0.2671232876712329,0.35542168674698793,0.3591807228915662
Marsh 2023,2023,2023-05-28,168,0.2653061224489796,0.3532934131736527,0.35702994011976047
Marsh 2023,2023,2023-05-28,169,0.2702702702702703,0.35714285714285715,0.3601607142857143
Marsh 2023,2023,2023-05-28,170,0.2684563758389262,0.35502958579881655,0.35802958579881655
Marsh 2023,2023,2023-05-30,171,0.26666666666666666,0.35294117647058826,0.3559235294117647
Marsh 2023,2023,2023-05-30,172,0.26490066225165565,0.3508771929824561,0.3538421052631579
Marsh 2023,2023,2023-05-30,173,0.2631578947368421,0.3488372093023256,0.3517848837209302
Marsh 2023,2023,2023-05-31,174,0.2679738562091503,0.35260115606936415,0.3569421965317919
Marsh 2023,2023,2023-05-31,175,0.2662337662337662,0.3505747126436782,0.3548908045977011
Marsh 2023,2023,2023-05-31,176,0.2645161290322581,0.3485714285714286,0.35286285714285714
Marsh 2023,2023,2023-05-31,177,0.2692307692307692,0.3522727272727273,0.355875
Marsh 2023,2023,2023-06-01,178,0.267515923566879,0.3502824858757062,0.353864406779661
Marsh 2023,2023,2023-06-01,179,0.2721518987341772,0.3539325842696629,0.35683707865168535
Marsh 2023,2023,2023-06-01,180,0.27044025157232704,0.35195530726256985,0.3548435754189944
Marsh 2023,2023,2023-06-02,181,0.275,0.35555555555555557,0.3577777777777778
Marsh 2023,2023,2023-06-02,182,0.2732919254658385,0.35359116022099446,0.3558011049723757
Marsh 2023,2023,2023-06-02,183,0.2777777777777778,0.35714285714285715,0.35869780219780223
Marsh 2023,2023,2023-06-02,184,0.2777777777777778,0.36065573770491804,0.3605409836065574
Marsh 2023,2023,2023-06-03,185,0.27607361963190186,0.358695652173913,0.35858152173913044
Marsh 2023,2023,2023-06-03,186,0.27439024390243905,0.3567567567567568,0.35664324324324326
Marsh 2023,2023,2023-06-03,187,0.2727272727272727,0.3548387096774194,0.3547258064516129
Marsh 2023,2023,2023-06-03,188,0.2727272727272727,0.35294117647058826,0.3528288770053476
Marsh 2023,2023,2023-06-04,189,0.2710843373493976,0.35106382978723405,0.35095212765957445
Marsh 2023,2023,2023-06-04,190,0.2694610778443114,0.3492063492063492,0.34909523809523807
Marsh 2023,2023,2023-06-04,191,0.2694610778443114,0.3526315789473684,0.3509210526315789
Marsh 2023,2023,2023-06-04,192,0.2694610778443114,0.3507853403141361,0.34908376963350785
Marsh 2023,2023,2023-06-04,193,0.26785714285714285,0.3489583333333333,0.34726562499999997
Marsh 2023,2023,2023-06-06,194,0.26627218934911245,0.3471502590673575,0.3454663212435233
Marsh 2023,2023,2023-06-06,195,0.2647058823529412,0.34536082474226804,0.3436855670103093
Marsh 2023,2023,2023-06-06,196,0.2631578947368421,0.3435897435897436,0.3419230769230769
Marsh 2023,2023,2023-06-08,197,0.2616279069767442,0.34183673469387754,0.34017857142857144
Marsh 2023,2023,2023-06-08,198,0.2658959537572254,0.34517766497461927,0.34293401015228425
Marsh 2023,2023,2023-06-08,199,0.26436781609195403,0.3434343434343434,0.3412020202020202
Marsh 2023,2023,2023-06-08,200,0.26436781609195403,0.3417085427135678,0.3394874371859296
Marsh 2023,2023,2023-06-09,201,0.26285714285714284,0.34,0.33779
Marsh 2023,2023,2023-06-09,202,0.26136363636363635,0.3383084577114428,0.33610945273631837
Marsh 2023,2023,2023-06-09,203,0.2598870056497175,0.33663366336633666,0.3344455445544554
Marsh 2023,2023,2023-06-09,204,0.25842696629213485,0.33497536945812806,0.3327980295566502
Marsh 2023,2023,2023-06-10,205,0.2569832402234637,0.3333333333333333,0.3311666666666666
Marsh 2023,2023,2023-06-10,206,0.25555555555555554,0.33170731707317075,0.32955121951219507
Marsh 2023,2023,2023-06-10,207,0.2541436464088398,0.3300970873786408,0.32795145631067957
Marsh 2023,2023,2023-06-10,208,0.25274725274725274,0.3285024154589372,0.32636714975845404
Marsh 2023,2023,2023-06-11,209,0.2568306010928962,0.3317307692307692,0.32904326923076926
Marsh 2023,2023,2023-06-11,210,0.2554347826086957,0.33014354066985646,0.32746889952153113
Marsh 2023,2023,2023-06-11,211,0.2594594594594595,0.3333333333333333,0.3301142857142857
Marsh 2023,2023,2023-06-11,212,0.2594594594594595,0.33649289099526064,0.33184834123222745
Marsh 2023,2023,2023-06-13,213,0.25806451612903225,0.33490566037735847,0.3302830188679245
Marsh 2023,2023,2023-06-13,214,0.2620320855614973,0.3380281690140845,0.33287793427230045
Marsh 2023,2023,2023-06-13,215,0.2620320855614973,0.3411214953271028,0.3345747663551402
Marsh 2023,2023,2023-06-13,216,0.26063829787234044,0.3395348837209302,0.3330186046511628
Marsh 2023,2023,2023-06-13,217,0.26455026455026454,0.3425925925925926,0.3355648148148148
Marsh 2023,2023,2023-06-14,218,0.2631578947368421,0.34101382488479265,0.3340184331797235
Marsh 2023,2023,2023-06-14,219,0.2617801047120419,0.3394495412844037,0.33248623853211007
Marsh 2023,2023,2023-06-14,220,0.2604166666666667,0.3378995433789954,0.3309680365296804
Marsh 2023,2023,2023-06-14,221,0.25906735751295334,0.33636363636363636,0.32946363636363635
Marsh 2023,2023,2023-06-15,222,0.26288659793814434,0.3393665158371041,0.33360180995475114
Marsh 2023,2023,2023-06-15,223,0.26153846153846155,0.33783783783783783,0.33209909909909907
Marsh 2023,2023,2023-06-15,224,0.2602040816326531,0.336322869955157,0.330609865470852
Marsh 2023,2023,2023-06-15,225,0.25888324873096447,0.33482142857142855,0.3291339285714286
Marsh 2023,2023,2023-06-15,226,0.25757575757575757,0.3333333333333333,0.3276711111111111
Marsh 2023,2023,2023-06-17,227,0.2562814070351759,0.33185840707964603,0.3262212389380531
Marsh 2023,2023,2023-06-17,228,0.255,0.3303964757709251,0.32478414096916297
Marsh 2023,2023,2023-06-17,229,0.2537313432835821,0.32894736842105265,0.323359649122807
Marsh 2023,2023,2023-06-18,230,0.2524752475247525,0.32751091703056767,0.3219475982532751
Marsh 2023,2023,2023-06-18,231,0.2512315270935961,0.32608695652173914,0.32054782608695653
Marsh 2023,2023,2023-06-18,232,0.25,0.3246753246753247,0.31916017316017314
Marsh 2023,2023,2023-06-18,233,0.24878048780487805,0.3232758620689655,0.3177844827586207
Marsh 2023,2023,2023-06-20,234,0.2524271844660194,0.3261802575107296,0.3217596566523605
Marsh 2023,2023,2023-06-20,235,0.2560386473429952,0.32905982905982906,0.32415811965811964
Marsh 2023,2023,2023-06-20,236,0.2548076923076923,0.3276595744680851,0.3227787234042553
Marsh 2023,2023,2023-06-20,237,0.2583732057416268,0.3305084745762712,0.3251525423728814
Marsh 2023,2023,2023-06-22,238,0.2619047619047619,0.3333333333333333,0.3275063291139241
Marsh 2023,2023,2023-06-22,239,0.26540284360189575,0.33613445378151263,0.32984033613445374
Marsh 2023,2023,2023-06-23,240,0.2641509433962264,0.33472803347280333,0.3284602510460251
Marsh 2023,2023,2023-06-23,241,0.2676056338028169,0.3375,0.332275
Marsh 2023,2023,2023-06-23,242,0.27102803738317754,0.34024896265560167,0.33456016597510374
Marsh 2023,2023,2023-06-23,243,0.2744186046511628,0.34297520661157027,0.33682644628099173
Marsh 2023,2023,2023-06-24,244,0.27314814814814814,0.34156378600823045,0.335440329218107
Marsh 2023,2023,2023-06-24,245,0.2764976958525346,0.3442622950819672,0.3391639344262295
Marsh 2023,2023,2023-06-24,246,0.27522935779816515,0.34285714285714286,0.33777959183673467
Marsh 2023,2023,2023-06-24,247,0.2785388127853881,0.34552845528455284,0.3399959349593496
Marsh 2023,2023,2023-06-25,248,0.2772727272727273,0.3441295546558704,0.33861943319838056
Marsh 2023,2023,2023-06-25,249,0.27601809954751133,0.34274193548387094,0.3372540322580645
Marsh 2023,2023,2023-06-25,250,0.2747747747747748,0.3413654618473896,0.3358995983935743
Marsh 2023,2023,2023-06-25,251,0.2747747747747748,0.344,0.33734
Marsh 2023,2023,2023-06-27,252,0.27802690582959644,0.3466135458167331,0.3439800796812749
Marsh 2023,2023,2023-06-27,253,0.28125,0.3492063492063492,0.35056746031746033
Marsh 2023,2023,2023-06-27,254,0.28,0.34782608695652173,0.3491818181818182
Marsh 2023,2023,2023-06-27,255,0.28,0.35039370078740156,0.3505472440944882
Marsh 2023,2023,2023-06-29,256,0.27876106194690264,0.34901960784313724,0.34917254901960787
Marsh 2023,2023,2023-06-29,257,0.2775330396475771,0.34765625,0.34780859375
Marsh 2023,2023,2023-06-29,258,0.2807017543859649,0.35019455252918286,0.351295719844358
Marsh 2023,2023,2023-06-29,259,0.2794759825327511,0.3488372093023256,0.3499341085271318
Marsh 2023,2023,2023-06-30,260,0.2782608695652174,0.3474903474903475,0.3485830115830116
Marsh 2023,2023,2023-06-30,261,0.27705627705627706,0.34615384615384615,0.3472423076923077
Marsh 2023,2023,2023-06-30,262,0.27586206896551724,0.3448275862068966,0.345911877394636
Marsh 2023,2023,2023-06-30,263,0.27467811158798283,0.3435114503816794,0.3445916030534351
Marsh 2023,2023,2023-07-01,264,0.27350427350427353,0.34220532319391633,0.3432813688212928
Marsh 2023,2023,2023-07-01,265,0.2723404255319149,0.3409090909090909,0.3419810606060606
Marsh 2023,2023,2023-07-02,266,0.2754237288135593,0.3433962264150943,0.3453849056603774
Marsh 2023,2023,2023-07-02,267,0.27848101265822783,0.3458646616541353,0.347406015037594
Marsh 2023,2023,2023-07-02,268,0.2773109243697479,0.3445692883895131,0.34610486891385767
Marsh 2023,2023,2023-07-02,269,0.27615062761506276,0.34328358208955223,0.3448134328358209
Marsh 2023,2023,2023-07-04,270,0.275,0.3420074349442379,0.3435315985130111
Marsh 2023,2023,2023-07-04,271,0.27385892116182575,0.34074074074074073,0.34225925925925926
Marsh 2023,2023,2023-07-04,272,0.2727272727272727,0.33948339483394835,0.3409963099630996
Marsh 2023,2023,2023-07-05,273,0.2716049382716049,0.3382352941176471,0.3397426470588235
Marsh 2023,2023,2023-07-05,274,0.27049180327868855,0.336996336996337,0.3384981684981685
Marsh 2023,2023,2023-07-05,275,0.2693877551020408,0.3357664233576642,0.33726277372262775
Marsh 2023,2023,2023-07-05,276,0.27235772357723576,0.3381818181818182,0.3392472727272727
Marsh 2023,2023,2023-07-05,277,0.27125506072874495,0.33695652173913043,0.33801811594202896
Marsh 2023,2023,2023-07-06,278,0.2701612903225806,0.33574007220216606,0.336797833935018
Marsh 2023,2023,2023-07-06,279,0.26907630522088355,0.3345323741007194,0.33558633093525175
Marsh 2023,2023,2023-07-06,280,0.268,0.3333333333333333,0.33438351254480286
Marsh 2023,2023,2023-07-06,281,0.26693227091633465,0.33214285714285713,0.3331892857142857
Marsh 2023,2023,2023-07-07,282,0.2698412698412698,0.33451957295373663,0.3364306049822064
Marsh 2023,2023,2023-07-07,283,0.26877470355731226,0.3333333333333333,0.33523758865248227
Marsh 2023,2023,2023-07-07,284,0.27165354330708663,0.33568904593639576,0.3371731448763251
Marsh 2023,2023,2023-07-14,285,0.27058823529411763,0.3345070422535211,0.33598591549295775
Marsh 2023,2023,2023-07-14,286,0.26953125,0.3333333333333333,0.33480701754385966
Marsh 2023,2023,2023-07-14,287,0.26848249027237353,0.3321678321678322,0.3336363636363636
Marsh 2023,2023,2023-07-14,288,0.26848249027237353,0.3344947735191638,0.33489895470383274
Marsh 2023,2023,2023-07-15,289,0.26744186046511625,0.3333333333333333,0.3337361111111111
Marsh 2023,2023,2023-07-15,290,0.26744186046511625,0.3356401384083045,0.3349896193771626
Marsh 2023,2023,2023-07-15,291,0.2702702702702703,0.33793103448275863,0.33812413793103446
Marsh 2023,2023,2023-07-15,292,0.27307692307692305,0.3402061855670103,0.33999656357388314
Marsh 2023,2023,2023-07-18,293,0.2720306513409962,0.339041095890411,0.3388321917808219
Marsh 2023,2023,2023-07-18,294,0.27099236641221375,0.3378839590443686,0.33767576791808873
Marsh 2023,2023,2023-07-18,295,0.2737642585551331,0.3401360544217687,0.33953061224489794
Marsh 2023,2023,2023-07-18,296,0.2727272727272727,0.3389830508474576,0.33837966101694916
Marsh 2023,2023,2023-07-19,297,0.27547169811320754,0.34121621621621623,0.3414391891891892
Marsh 2023,2023,2023-07-19,298,0.2781954887218045,0.3434343434343434,0.34326262626262627
Marsh 2023,2023,2023-07-19,299,0.27715355805243447,0.3422818791946309,0.3421107382550336
Marsh 2023,2023,2023-07-20,300,0.27611940298507465,0.3411371237458194,0.3409665551839465
Marsh 2023,2023,2023-07-20,301,0.275092936802974,0.34,0.33983
Marsh 2023,2023,2023-07-20,302,0.2740740740740741,0.3388704318936877,0.33870099667774084
Marsh 2023,2023,2023-07-21,303,0.2740740740740741,0.34105960264900664,0.3398841059602649
Marsh 2023,2023,2023-07-21,304,0.2740740740740741,0.3432343234323432,0.34105940594059403
Marsh 2023,2023,2023-07-21,305,0.2740740740740741,0.34539473684210525,0.3422269736842105
Marsh 2023,2023,2023-07-21,306,0.2730627306273063,0.3442622950819672,0.34110491803278686
Marsh 2023,2023,2023-07-22,307,0.27205882352941174,0.3431372549019608,0.33999019607843134
Marsh 2023,2023,2023-07-22,308,0.27106227106227104,0.34201954397394135,0.3388827361563518
Marsh 2023,2023,2023-07-22,309,0.27007299270072993,0.3409090909090909,0.3377824675324675
Marsh 2023,2023,2023-07-23,310,0.2690909090909091,0.33980582524271846,0.3366893203883495
Marsh 2023,2023,2023-07-23,311,0.2717391304347826,0.3419354838709677,0.34066451612903226
Marsh 2023,2023,2023-07-23,312,0.27075812274368233,0.3408360128617363,0.3395691318327974
Marsh 2023,2023,2023-07-23,313,0.2697841726618705,0.33974358974358976,0.3384807692307692
Marsh 2023,2023,2023-07-23,314,0.26881720430107525,0.33865814696485624,0.3373993610223642
Marsh 2023,2023,2023-07-26,315,0.26881720430107525,0.34076433121019106,0.3385414012738853
Marsh 2023,2023,2023-07-26,316,0.26785714285714285,0.3396825396825397,0.33746666666666664
Marsh 2023,2023,2023-07-26,317,0.2669039145907473,0.33860759493670883,0.33639873417721516
Marsh 2023,2023,2023-07-26,318,0.2695035460992908,0.34069400630914826,0.3381230283911672
Marsh 2023,2023,2023-07-28,319,0.2695035460992908,0.34276729559748426,0.339248427672956
Marsh 2023,2023,2023-07-28,320,0.26855123674911663,0.34169278996865204,0.33818495297805645
Marsh 2023,2023,2023-07-28,321,0.2676056338028169,0.340625,0.337128125
Marsh 2023,2023,2023-07-28,322,0.27017543859649124,0.3426791277258567,0.3388286604361371
Marsh 2023,2023,2023-07-29,323,0.27017543859649124,0.3447204968944099,0.3400310559006211
Marsh 2023,2023,2023-07-29,324,0.2727272727272727,0.34674922600619196,0.3428297213622291
Marsh 2023,2023,2023-07-29,325,0.27177700348432055,0.345679012345679,0.3417716049382716
Marsh 2023,2023,2023-07-29,326,0.27177700348432055,0.3476923076923077,0.34286153846153844
Marsh 2023,2023,2023-08-03,327,0.2708333333333333,0.34662576687116564,0.34180981595092025
Marsh 2023,2023,2023-08-03,328,0.2698961937716263,0.345565749235474,0.3407645259938838
Marsh 2023,2023,2023-08-03,329,0.27241379310344827,0.3475609756097561,0.3424176829268293
Marsh 2023,2023,2023-08-05,330,0.27491408934707906,0.3495440729483283,0.34406079027355624
Marsh 2023,2023,2023-08-05,331,0.273972602739726,0.3484848484848485,0.34301818181818183
Marsh 2023,2023,2023-08-20,332,0.27303754266211605,0.3474320241691843,0.34198187311178246
Marsh 2023,2023,2023-08-20,333,0.272108843537415,0.3463855421686747,0.34095180722891566
Marsh 2023,2023,2023-08-20,334,0.2711864406779661,0.34534534534534533,0.3399279279279279
Marsh 2023,2023,2023-08-20,335,0.27364864864864863,0.3473053892215569,0.34155389221556887
Marsh 2023,2023,2023-08-22,336,0.27364864864864863,0.3492537313432836,0.3427014925373134
Marsh 2023,2023,2023-08-22,337,0.2760942760942761,0.35119047619047616,0.34430952380952384
Marsh 2023,2023,2023-08-23,338,0.2751677852348993,0.35014836795252224,0.3432878338278932
Marsh 2023,2023,2023-08-23,339,0.27759197324414714,0.3520710059171598,0.3448846153846154
Marsh 2023,2023,2023-08-23,340,0.27759197324414714,0.35398230088495575,0.34592035398230087
Marsh 2023,2023,2023-08-23,341,0.27759197324414714,0.3558823529411765,0.34695
Marsh 2023,2023,2023-08-23,342,0.27666666666666667,0.3548387096774194,0.34593255131964806
Marsh 2023,2023,2023-08-25,343,0.27906976744186046,0.3567251461988304,0.3475029239766082
Marsh 2023,2023,2023-08-25,344,0.2814569536423841,0.358600583090379,0.35011661807580174
Marsh 2023,2023,2023-08-25,345,0.28052805280528054,0.35755813953488375,0.34909883720930235
Marsh 2023,2023,2023-08-25,346,0.27960526315789475,0.3565217391304348,0.34808695652173915
Marsh 2023,2023,2023-08-26,347,0.2819672131147541,0.3583815028901734,0.3496329479768786
Marsh 2023,2023,2023-08-26,348,0.28104575163398693,0.3573487031700288,0.3486253602305475
Marsh 2023,2023,2023-08-26,349,0.28013029315960913,0.3563218390804598,0.3476235632183908
Marsh 2023,2023,2023-08-26,350,0.2824675324675325,0.35816618911174786,0.35236962750716333
Marsh 2023,2023,2023-08-28,351,0.2815533980582524,0.35714285714285715,0.35136285714285714
Marsh 2023,2023,2023-08-28,352,0.2806451612903226,0.3561253561253561,0.35036182336182337
Marsh 2023,2023,2023-08-28,353,0.2829581993569132,0.35795454545454547,0.351875
Marsh 2023,2023,2023-08-28,354,0.28525641025641024,0.3597733711048159,0.3533796033994334
Marsh 2023,2023,2023-09-01,355,0.28434504792332266,0.3587570621468927,0.3523813559322034
Marsh 2023,2023,2023-09-01,356,0.28343949044585987,0.35774647887323946,0.3513887323943662
Marsh 2023,2023,2023-09-01,357,0.2857142857142857,0.3595505617977528,0.35288202247191014
Marsh 2023,2023,2023-09-02,358,0.2848101265822785,0.3585434173669468,0.3518935574229692
Marsh 2023,2023,2023-09-02,359,0.28391167192429023,0.3575418994413408,0.35091061452513966
Marsh 2023,2023,2023-09-02,360,0.28391167192429023,0.3593314763231198,0.3518718662952646
Marsh 2023,2023,2023-09-02,361,0.28391167192429023,0.3611111111111111,0.3528277777777778
Marsh 2023,2023,2023-09-05,362,0.2861635220125786,0.3628808864265928,0.35429639889196674
Marsh 2023,2023,2023-09-05,363,0.2852664576802508,0.36187845303867405,0.353317679558011
Marsh 2023,2023,2023-09-05,364,0.2852664576802508,0.36363636363636365,0.3542617079889807
Marsh 2023,2023,2023-09-05,365,0.284375,0.3626373626373626,0.35328846153846155
Marsh 2023,2023,2023-09-06,366,0.2834890965732087,0.36164383561643837,0.3523205479452055
Marsh 2023,2023,2023-09-06,367,0.2826086956521739,0.36065573770491804,0.3513579234972678
Marsh 2023,2023,2023-09-06,368,0.2848297213622291,0.36239782016348776,0.3528065395095368
Marsh 2023,2023,2023-09-06,369,0.2839506172839506,0.36141304347826086,0.35184782608695647
Marsh 2023,2023,2023-09-06,370,0.28307692307692306,0.3604336043360434,0.35089430894308943
Marsh 2023,2023,2023-09-09,371,0.2852760736196319,0.3621621621621622,0.35233243243243245
Marsh 2023,2023,2023-09-09,372,0.28440366972477066,0.3611859838274933,0.35138274932614555
Marsh 2023,2023,2023-09-09,373,0.2865853658536585,0.3629032258064516,0.35378225806451613
Marsh 2023,2023,2023-09-09,374,0.2857142857142857,0.36193029490616624,0.3528337801608579
Marsh 2023,2023,2023-09-10,375,0.28484848484848485,0.3609625668449198,0.3518903743315508
Marsh 2023,2023,2023-09-10,376,0.28484848484848485,0.3626666666666667,0.352808
Marsh 2023,2023,2023-09-10,377,0.283987915407855,0.3617021276595745,0.35186968085106385
Marsh 2023,2023,2023-09-11,378,0.28313253012048195,0.36074270557029176,0.35093633952254644
Marsh 2023,2023,2023-09-11,379,0.2822822822822823,0.35978835978835977,0.3500079365079365
Marsh 2023,2023,2023-09-11,380,0.2844311377245509,0.36147757255936674,0.3543720316622691
Marsh 2023,2023,2023-09-11,381,0.2835820895522388,0.3605263157894737,0.35343947368421047
Marsh 2023,2023,2023-09-11,382,0.28273809523809523,0.35958005249343833,0.352511811023622
Marsh 2023,2023,2023-09-11,383,0.2818991097922849,0.3586387434554974,0.35158900523560205
Marsh 2023,2023,2023-09-11,384,0.28106508875739644,0.3577023498694517,0.3506710182767624
Marsh 2023,2023,2023-09-17,385,0.28023598820059,0.3567708333333333,0.3497578125
Marsh 2023,2023,2023-09-17,386,0.28023598820059,0.35844155844155845,0.35065714285714283
Marsh 2023,2023,2023-09-17,387,0.27941176470588236,0.35751295336787564,0.3497487046632124
Marsh 2023,2023,2023-09-20,388,0.2785923753665689,0.35658914728682173,0.34884496124031006
Marsh 2023,2023,2023-09-20,389,0.2785923753665689,0.3582474226804124,0.34973969072164945
Marsh 2023,2023,2023-09-20,390,0.2785923753665689,0.35989717223650386,0.3506298200514139
Marsh 2023,2023,2023-09-20,391,0.2777777777777778,0.358974358974359,0.34973076923076923
Marsh 2023,2023,2023-09-20,392,0.2777777777777778,0.36061381074168797,0.35061636828644505
Marsh 2023,2023,2023-09-24,393,0.27696793002915454,0.3596938775510204,0.3497219387755102
Marsh 2023,2023,2023-09-24,394,0.2761627906976744,0.35877862595419846,0.3488320610687023
Marsh 2023,2023,2023-09-24,395,0.2753623188405797,0.35786802030456855,0.3479467005076142
Marsh 2023,2023,2023-09-30,396,0.2745664739884393,0.3569620253164557,0.34706582278481013
Marsh 2023,2023,2023-09-30,397,0.2737752161383285,0.3560606060606061,0.34618939393939396
Marsh 2023,2023,2023-09-30,398,0.27298850574712646,0.35516372795969775,0.34531738035264486
Marsh 2023,2023,2023-09-30,399,0.27507163323782235,0.35678391959798994,0.34757537688442214
Marsh 2025,2025,2025-03-27,1,0.0,0.0,0.0
Marsh 2025,2025,2025-03-27,2,0.0,0.0,0.0
Marsh 2025,2025,2025-03-27,3,0.0,0.0,0.0
Marsh 2025,2025,2025-03-27,4,0.0,0.0,0.0
Marsh 2025,2025,2025-03-29,5,0.0,0.0,0.0
Marsh 2025,2025,2025-03-29,6,0.16666666666666666,0.16666666666666666,0.147
Marsh 2025,2025,2025-03-29,7,0.2857142857142857,0.2857142857142857,0.252
Marsh 2025,2025,2025-03-29,8,0.375,0.375,0.475125
Marsh 2025,2025,2025-03-29,9,0.3333333333333333,0.3333333333333333,0.42233333333333334
Marsh 2025,2025,2025-03-31,10,0.3,0.3,0.3801
Marsh 2025,2025,2025-03-31,11,0.2727272727272727,0.2727272727272727,0.34554545454545454
Marsh 2025,2025,2025-04-03,12,0.25,0.25,0.31675000000000003
Marsh 2025,2025,2025-04-03,13,0.23076923076923078,0.23076923076923078,0.2923846153846154
Marsh 2025,2025,2025-04-03,14,0.23076923076923078,0.2857142857142857,0.32085714285714284
Marsh 2025,2025,2025-04-03,15,0.23076923076923078,0.3333333333333333,0.3455333333333333
Marsh 2025,2025,2025-04-04,16,0.21428571428571427,0.3125,0.3239375
Marsh 2025,2025,2025-04-04,17,0.2,0.29411764705882354,0.30488235294117644
Marsh 2025,2025,2025-04-04,18,0.1875,0.2777777777777778,0.28794444444444445
Marsh 2025,2025,2025-04-05,19,0.17647058823529413,0.2631578947368421,0.2727894736842105
Marsh 2025,2025,2025-04-05,20,0.16666666666666666,0.25,0.25915
Marsh 2025,2025,2025-04-06,21,0.15789473684210525,0.23809523809523808,0.2468095238095238
Marsh 2025,2025,2025-04-06,22,0.15,0.22727272727272727,0.23559090909090907
Marsh 2025,2025,2025-04-06,23,0.15,0.2608695652173913,0.2553913043478261
Marsh 2025,2025,2025-04-06,24,0.14285714285714285,0.25,0.24475
Marsh 2025,2025,2025-04-09,25,0.13636363636363635,0.24,0.23495999999999997
Marsh 2025,2025,2025-04-09,26,0.13043478260869565,0.23076923076923078,0.22592307692307692
Marsh 2025,2025,2025-04-09,27,0.125,0.2222222222222222,0.21755555555555553
Marsh 2025,2025,2025-04-09,28,0.12,0.21428571428571427,0.20978571428571427
Marsh 2025,2025,2025-04-10,29,0.11538461538461539,0.20689655172413793,0.20255172413793102
Marsh 2025,2025,2025-04-10,30,0.1111111111111111,0.2,0.1958
Marsh 2025,2025,2025-04-11,31,0.10714285714285714,0.1935483870967742,0.1894838709677419
Marsh 2025,2025,2025-04-11,32,0.10714285714285714,0.21875,0.20515624999999998
Marsh 2025,2025,2025-04-11,33,0.10344827586206896,0.21212121212121213,0.19893939393939392
Marsh 2025,2025,2025-04-12,34,0.1,0.20588235294117646,0.19308823529411764
Marsh 2025,2025,2025-04-12,35,0.1,0.22857142857142856,0.20731428571428573
Marsh 2025,2025,2025-04-12,36,0.1,0.22857142857142856,0.20731428571428573
Marsh 2025,2025,2025-04-12,37,0.0967741935483871,0.2222222222222222,0.20155555555555557
Marsh 2025,2025,2025-04-15,38,0.0967741935483871,0.21621621621621623,0.1961081081081081
Marsh 2025,2025,2025-04-15,39,0.09375,0.21052631578947367,0.19094736842105264
Marsh 2025,2025,2025-04-15,40,0.09090909090909091,0.20512820512820512,0.18605128205128205
Marsh 2025,2025,2025-04-15,41,0.08823529411764706,0.2,0.1814
Marsh 2025,2025,2025-04-16,42,0.08571428571428572,0.1951219512195122,0.17697560975609758
Marsh 2025,2025,2025-04-16,43,0.08333333333333333,0.19047619047619047,0.17276190476190476
Marsh 2025,2025,2025-05-03,44,0.10810810810810811,0.20930232558139536,0.19786046511627906
Marsh 2025,2025,2025-05-03,45,0.10526315789473684,0.20454545454545456,0.19336363636363635
Marsh 2025,2025,2025-05-03,46,0.10256410256410256,0.2,0.18906666666666666
Marsh 2025,2025,2025-05-03,47,0.125,0.21739130434782608,0.2041304347826087
Marsh 2025,2025,2025-05-06,48,0.12195121951219512,0.2127659574468085,0.1997872340425532
Marsh 2025,2025,2025-05-06,49,0.14285714285714285,0.22916666666666666,0.214
Marsh 2025,2025,2025-05-06,50,0.14285714285714285,0.24489795918367346,0.22373469387755102
Marsh 2025,2025,2025-05-06,51,0.13953488372093023,0.24,0.21925999999999998
Marsh 2025,2025,2025-05-08,52,0.13636363636363635,0.23529411764705882,0.21496078431372548
Marsh 2025,2025,2025-05-08,53,0.13333333333333333,0.23076923076923078,0.21082692307692305
Marsh 2025,2025,2025-05-08,54,0.15217391304347827,0.24528301886792453,0.22349056603773587
Marsh 2025,2025,2025-05-08,55,0.1702127659574468,0.25925925925925924,0.24253703703703702
Marsh 2025,2025,2025-05-10,56,0.16666666666666666,0.2545454545454545,0.23812727272727272
Marsh 2025,2025,2025-05-10,57,0.1836734693877551,0.26785714285714285,0.25623214285714285
Marsh 2025,2025,2025-05-10,58,0.18,0.2631578947368421,0.25173684210526315
Marsh 2025,2025,2025-05-10,59,0.19607843137254902,0.27586206896551724,0.2626034482758621
Marsh 2025,2025,2025-05-12,60,0.19230769230769232,0.2711864406779661,0.2581525423728814
Marsh 2025,2025,2025-05-12,61,0.18867924528301888,0.26666666666666666,0.25385
Marsh 2025,2025,2025-05-14,62,0.18518518518518517,0.26229508196721313,0.24968852459016394
Marsh 2025,2025,2025-05-14,63,0.18181818181818182,0.25806451612903225,0.24566129032258063
Marsh 2025,2025,2025-05-14,64,0.19642857142857142,0.2698412698412698,0.25576190476190475
Marsh 2025,2025,2025-05-14,65,0.19298245614035087,0.265625,0.251765625
Marsh 2025,2025,2025-05-14,66,0.1896551724137931,0.26153846153846155,0.2478923076923077
Marsh 2025,2025,2025-05-14,67,0.1864406779661017,0.25757575757575757,0.24413636363636362
Marsh 2025,2025,2025-05-17,68,0.18333333333333332,0.2537313432835821,0.24049253731343284
Marsh 2025,2025,2025-05-17,69,0.19672131147540983,0.2647058823529412,0.25536764705882353
Marsh 2025,2025,2025-05-17,70,0.1935483870967742,0.2608695652173913,0.25166666666666665
Marsh 2025,2025,2025-05-17,71,0.1935483870967742,0.2714285714285714,0.25794285714285714
Marsh 2025,2025,2025-05-18,72,0.1935483870967742,0.28169014084507044,0.26404225352112676
Marsh 2025,2025,2025-05-18,73,0.19047619047619047,0.2777777777777778,0.260375
Marsh 2025,2025,2025-05-18,74,0.1875,0.273972602739726,0.25680821917808216
Marsh 2025,2025,2025-05-19,75,0.2,0.28378378378378377,0.26525675675675675
Marsh 2025,2025,2025-05-19,76,0.21212121212121213,0.29333333333333333,0.27348
Marsh 2025,2025,2025-05-19,77,0.208955223880597,0.2894736842105263,0.2698815789473684
Marsh 2025,2025,2025-05-20,78,0.20588235294117646,0.2857142857142857,0.2663766233766234
Marsh 2025,2025,2025-05-20,79,0.21739130434782608,0.2948717948717949,0.27426923076923077
Marsh 2025,2025,2025-05-20,80,0.21428571428571427,0.2911392405063291,0.2707974683544304
Marsh 2025,2025,2025-05-20,81,0.22535211267605634,0.3,0.2784375
Marsh 2025,2025,2025-05-20,82,0.2361111111111111,0.30864197530864196,0.2858888888888889
Marsh 2025,2025,2025-05-22,83,0.2328767123287671,0.3048780487804878,0.2824024390243902
Marsh 2025,2025,2025-05-22,84,0.22972972972972974,0.30120481927710846,0.279
Marsh 2025,2025,2025-05-22,85,0.22666666666666666,0.2976190476190476,0.27567857142857144
Marsh 2025,2025,2025-05-24,86,0.22666666666666666,0.3058823529411765,0.28056470588235294
Marsh 2025,2025,2025-05-24,87,0.2236842105263158,0.3023255813953488,0.27730232558139534
Marsh 2025,2025,2025-05-24,88,0.22077922077922077,0.2988505747126437,0.27411494252873564
Marsh 2025,2025,2025-05-25,89,0.23076923076923078,0.3068181818181818,0.2852272727272727
Marsh 2025,2025,2025-05-25,90,0.24050632911392406,0.3146067415730337,0.2919325842696629
Marsh 2025,2025,2025-05-25,91,0.2375,0.3111111111111111,0.2886888888888889
Marsh 2025,2025,2025-05-25,92,0.2345679012345679,0.3076923076923077,0.2855164835164835
Marsh 2025,2025,2025-05-27,93,0.23170731707317074,0.30434782608695654,0.28241304347826085
Marsh 2025,2025,2025-05-27,94,0.2289156626506024,0.3010752688172043,0.2793763440860215
Marsh 2025,2025,2025-05-29,95,0.2289156626506024,0.30851063829787234,0.28375531914893615
Marsh 2025,2025,2025-05-29,96,0.2261904761904762,0.30526315789473685,0.28076842105263156
Marsh 2025,2025,2025-05-29,97,0.2235294117647059,0.3020833333333333,0.27784375
Marsh 2025,2025,2025-05-29,98,0.2235294117647059,0.30927835051546393,0.28210309278350515
Marsh 2025,2025,2025-05-30,99,0.2235294117647059,0.3163265306122449,0.28627551020408165
Marsh 2025,2025,2025-05-30,100,0.22093023255813954,0.31313131313131315,0.2833838383838384
Marsh 2025,2025,2025-05-30,101,0.21839080459770116,0.31,0.28055
Marsh 2025,2025,2025-05-31,102,0.2159090909090909,0.3069306930693069,0.2777722772277228
Marsh 2025,2025,2025-05-31,103,0.21348314606741572,0.30392156862745096,0.2750490196078431
Marsh 2025,2025,2025-05-31,104,0.2111111111111111,0.30097087378640774,0.27237864077669904
Marsh 2025,2025,2025-05-31,105,0.21978021978021978,0.3076923076923077,0.2893461538461538
Marsh 2025,2025,2025-06-03,106,0.21739130434782608,0.3047619047619048,0.2865904761904762
Marsh 2025,2025,2025-06-03,107,0.21505376344086022,0.3018867924528302,0.28388679245283016
Marsh 2025,2025,2025-06-03,108,0.2127659574468085,0.29906542056074764,0.28123364485981306
Marsh 2025,2025,2025-06-03,109,0.21052631578947367,0.2962962962962963,0.2786296296296296
Marsh 2025,2025,2025-06-04,110,0.21875,0.30275229357798167,0.2841651376146789
Marsh 2025,2025,2025-06-04,111,0.21875,0.3090909090909091,0.2878636363636364
Marsh 2025,2025,2025-06-05,112,0.21875,0.3153153153153153,0.2914954954954955
Marsh 2025,2025,2025-06-05,113,0.21649484536082475,0.3125,0.2888928571428572
Marsh 2025,2025,2025-06-05,114,0.21428571428571427,0.30973451327433627,0.2863362831858407
Marsh 2025,2025,2025-06-06,115,0.21212121212121213,0.30701754385964913,0.2838245614035088
Marsh 2025,2025,2025-06-07,116,0.21,0.30434782608695654,0.28135652173913045
Marsh 2025,2025,2025-06-08,117,0.21782178217821782,0.3103448275862069,0.2865344827586207
Marsh 2025,2025,2025-06-08,118,0.21568627450980393,0.3076923076923077,0.2840854700854701
Marsh 2025,2025,2025-06-08,119,0.21568627450980393,0.3135593220338983,0.28753389830508475
Marsh 2025,2025,2025-06-09,120,0.22330097087378642,0.31932773109243695,0.29252941176470587
Marsh 2025,2025,2025-06-09,121,0.22115384615384615,0.31666666666666665,0.2900916666666667
Marsh 2025,2025,2025-06-09,122,0.22857142857142856,0.32231404958677684,0.29498347107438017
Marsh 2025,2025,2025-06-10,123,0.2358490566037736,0.32786885245901637,0.29979508196721316
Marsh 2025,2025,2025-06-10,124,0.24299065420560748,0.3333333333333333,0.30753658536585365
Marsh 2025,2025,2025-06-13,125,0.25,0.3387096774193548,0.3151532258064516
Marsh 2025,2025,2025-06-13,126,0.24770642201834864,0.336,0.312632
Marsh 2025,2025,2025-06-13,127,0.24545454545454545,0.3333333333333333,0.3101507936507937
Marsh 2025,2025,2025-06-13,128,0.24545454545454545,0.33070866141732286,0.30770866141732284
Marsh 2025,2025,2025-06-14,129,0.25225225225225223,0.3359375,0.3121953125
Marsh 2025,2025,2025-06-14,130,0.25,0.3333333333333333,0.3097751937984496
Marsh 2025,2025,2025-06-14,131,0.25663716814159293,0.3384615384615385,0.3141769230769231
Marsh 2025,2025,2025-06-14,132,0.2543859649122807,0.33587786259541985,0.3117786259541984
Marsh 2025,2025,2025-06-15,133,0.25217391304347825,0.3333333333333333,0.3094166666666666
Marsh 2025,2025,2025-06-15,134,0.25,0.3308270676691729,0.30709022556390975
Marsh 2025,2025,2025-06-15,135,0.24786324786324787,0.3283582089552239,0.30479850746268655
Marsh 2025,2025,2025-06-15,136,0.2542372881355932,0.3333333333333333,0.3090740740740741
Marsh 2025,2025,2025-06-16,137,0.25210084033613445,0.33088235294117646,0.3068014705882353
Marsh 2025,2025,2025-06-16,138,0.25,0.3284671532846715,0.30456204379562046
Marsh 2025,2025,2025-06-16,139,0.256198347107438,0.3333333333333333,0.3138333333333333
Marsh 2025,2025,2025-06-16,140,0.256198347107438,0.3381294964028777,0.31654676258992803
Marsh 2025,2025,2025-06-18,141,0.2540983606557377,0.3357142857142857,0.3142857142857143
Marsh 2025,2025,2025-06-18,142,0.2540983606557377,0.3404255319148936,0.3169574468085107
Marsh 2025,2025,2025-06-18,143,0.2601626016260163,0.34507042253521125,0.32093661971830983
Marsh 2025,2025,2025-06-18,144,0.25806451612903225,0.34265734265734266,0.3186923076923077
Marsh 2025,2025,2025-06-19,145,0.256,0.3402777777777778,0.31647916666666664
Marsh 2025,2025,2025-06-19,146,0.25396825396825395,0.33793103448275863,0.31429655172413795
Marsh 2025,2025,2025-06-19,147,0.25196850393700787,0.3356164383561644,0.3121438356164384
Marsh 2025,2025,2025-06-20,148,0.2578125,0.3401360544217687,0.3160204081632653
Marsh 2025,2025,2025-06-20,149,0.26356589147286824,0.34459459459459457,0.3198445945945946
Marsh 2025,2025,2025-06-20,150,0.2692307692307692,0.348993288590604,0.3261006711409396
Marsh 2025,2025,2025-06-20,151,0.26717557251908397,0.3466666666666667,0.32392666666666664
Marsh 2025,2025,2025-06-21,152,0.26515151515151514,0.3443708609271523,0.32178145695364235
Marsh 2025,2025,2025-06-21,153,0.2631578947368421,0.34210526315789475,0.3196644736842105
Marsh 2025,2025,2025-06-21,154,0.26119402985074625,0.33986928104575165,0.3175751633986928
Marsh 2025,2025,2025-06-25,155,0.26666666666666666,0.34415584415584416,0.3212402597402597
Marsh 2025,2025,2025-06-25,156,0.2647058823529412,0.3419354838709677,0.31916774193548386
Marsh 2025,2025,2025-06-25,157,0.27007299270072993,0.34615384615384615,0.32277564102564105
Marsh 2025,2025,2025-06-26,158,0.26811594202898553,0.34394904458598724,0.32071974522292995
Marsh 2025,2025,2025-06-26,159,0.26618705035971224,0.34177215189873417,0.31868987341772154
Marsh 2025,2025,2025-06-26,160,0.26618705035971224,0.33962264150943394,0.316685534591195
Marsh 2025,2025,2025-06-27,161,0.2642857142857143,0.3375,0.31470625
Marsh 2025,2025,2025-06-27,162,0.2695035460992908,0.3416149068322981,0.320527950310559
Marsh 2025,2025,2025-06-27,163,0.2676056338028169,0.3395061728395062,0.3185493827160494
Marsh 2025,2025,2025-06-27,164,0.26573426573426573,0.3374233128834356,0.31659509202453984
Marsh 2025,2025,2025-06-27,165,0.2638888888888889,0.3353658536585366,0.31466463414634144
Marsh 2025,2025,2025-06-28,166,0.2620689655172414,0.3333333333333333,0.31275757575757573
Marsh 2025,2025,2025-06-28,167,0.2671232876712329,0.3373493975903614,0.3161867469879518
Marsh 2025,2025,2025-06-28,168,0.2653061224489796,0.33532934131736525,0.3142934131736527
Marsh 2025,2025,2025-06-29,169,0.2635135135135135,0.3333333333333333,0.31242261904761903
Marsh 2025,2025,2025-06-29,170,0.2635135135135135,0.3333333333333333,0.31242261904761903
Marsh 2025,2025,2025-06-29,171,0.26174496644295303,0.33136094674556216,0.31057396449704144
Marsh 2025,2025,2025-06-29,172,0.26,0.32941176470588235,0.30874705882352943
Marsh 2025,2025,2025-06-30,173,0.2582781456953642,0.32748538011695905,0.3069415204678363
Marsh 2025,2025,2025-06-30,174,0.2631578947368421,0.3313953488372093,0.3102848837209302
Marsh 2025,2025,2025-06-30,175,0.26143790849673204,0.32947976878612717,0.30849132947976876
Marsh 2025,2025,2025-07-02,176,0.2597402597402597,0.3275862068965517,0.3067183908045977
Marsh 2025,2025,2025-07-02,177,0.2645161290322581,0.3314285714285714,0.31660571428571427
Marsh 2025,2025,2025-07-02,178,0.26282051282051283,0.32954545454545453,0.31480681818181816
Marsh 2025,2025,2025-07-02,179,0.2611464968152866,0.327683615819209,0.3130282485875706
Marsh 2025,2025,2025-07-04,180,0.26582278481012656,0.33146067415730335,0.3162247191011236
Marsh 2025,2025,2025-07-04,181,0.2641509433962264,0.329608938547486,0.3144581005586592
Marsh 2025,2025,2025-07-06,182,0.2625,0.3277777777777778,0.3127111111111111
Marsh 2025,2025,2025-07-06,183,0.2625,0.3314917127071823,0.3148011049723757
Marsh 2025,2025,2025-07-06,184,0.2608695652173913,0.32967032967032966,0.31307142857142856
Marsh 2025,2025,2025-07-06,185,0.25925925925925924,0.32786885245901637,0.31136065573770494
Marsh 2025,2025,2025-07-07,186,0.25925925925925924,0.33152173913043476,0.3134239130434783
Marsh 2025,2025,2025-07-07,187,0.25766871165644173,0.32972972972972975,0.31172972972972973
Marsh 2025,2025,2025-07-07,188,0.25609756097560976,0.3279569892473118,0.3100537634408602
Marsh 2025,2025,2025-07-08,189,0.2606060606060606,0.3315508021390374,0.31311229946524066
Marsh 2025,2025,2025-07-08,190,0.25903614457831325,0.32978723404255317,0.3114468085106383
Marsh 2025,2025,2025-07-09,191,0.25748502994011974,0.328042328042328,0.3097989417989418
Marsh 2025,2025,2025-07-09,192,0.2619047619047619,0.33157894736842103,0.3128105263157895
Marsh 2025,2025,2025-07-09,193,0.26627218934911245,0.33507853403141363,0.3157905759162304
Marsh 2025,2025,2025-07-09,194,0.26627218934911245,0.3385416666666667,0.31774479166666664
Marsh 2025,2025,2025-07-09,195,0.2647058823529412,0.33678756476683935,0.3160984455958549
Marsh 2025,2025,2025-07-11,196,0.2631578947368421,0.33505154639175255,0.31446907216494846
Marsh 2025,2025,2025-07-11,197,0.2616279069767442,0.3333333333333333,0.31285641025641026
Marsh 2025,2025,2025-07-11,198,0.26011560693641617,0.33163265306122447,0.31126020408163263
Marsh 2025,2025,2025-07-11,199,0.25862068965517243,0.3299492385786802,0.3096802030456853
Marsh 2025,2025,2025-07-12,200,0.2571428571428571,0.3282828282828283,0.3081161616161616
Marsh 2025,2025,2025-07-12,201,0.26136363636363635,0.3316582914572864,0.311
Marsh 2025,2025,2025-07-12,202,0.2598870056497175,0.33,0.309445
Marsh 2025,2025,2025-07-12,203,0.25842696629213485,0.3283582089552239,0.30790547263681595
Marsh 2025,2025,2025-07-13,204,0.2569832402234637,0.32673267326732675,0.3063811881188119
Marsh 2025,2025,2025-07-13,205,0.25555555555555554,0.3251231527093596,0.304871921182266
Marsh 2025,2025,2025-07-13,206,0.2596685082872928,0.3284313725490196,0.3077009803921569
Marsh 2025,2025,2025-07-13,207,0.25824175824175827,0.32682926829268294,0.3062
Marsh 2025,2025,2025-07-18,208,0.2568306010928962,0.32524271844660196,0.3047135922330097
Marsh 2025,2025,2025-07-18,209,0.2554347826086957,0.32367149758454106,0.3032415458937198
Marsh 2025,2025,2025-07-18,210,0.25405405405405407,0.32211538461538464,0.30178365384615385
Marsh 2025,2025,2025-07-18,211,0.25268817204301075,0.32057416267942584,0.3003397129186603
Marsh 2025,2025,2025-07-20,212,0.25668449197860965,0.3238095238095238,0.30310952380952383
Marsh 2025,2025,2025-07-20,213,0.2553191489361702,0.3222748815165877,0.30167298578199053
Marsh 2025,2025,2025-07-20,214,0.25396825396825395,0.32075471698113206,0.30025
Marsh 2025,2025,2025-07-20,215,0.25263157894736843,0.3192488262910798,0.29884037558685445
Marsh 2025,2025,2025-07-21,216,0.25654450261780104,0.32242990654205606,0.30156542056074764
Marsh 2025,2025,2025-07-21,217,0.2552083333333333,0.3209302325581395,0.3001627906976744
Marsh 2025,2025,2025-07-21,218,0.2538860103626943,0.3194444444444444,0.29877314814814815
Marsh 2025,2025,2025-07-21,219,0.25257731958762886,0.31797235023041476,0.2973963133640553
Marsh 2025,2025,2025-07-22,220,0.25257731958762886,0.31797235023041476,0.29603211009174313
Marsh 2025,2025,2025-07-22,221,0.2512820512820513,0.3165137614678899,0.29468036529680364
Marsh 2025,2025,2025-07-22,222,0.25,0.3150684931506849,0.2933409090909091
Marsh 2025,2025,2025-07-22,223,0.24873096446700507,0.31363636363636366,0.2920135746606335
Marsh 2025,2025,2025-07-23,224,0.24873096446700507,0.3167420814479638,0.2938108108108108
Marsh 2025,2025,2025-07-23,225,0.2474747474747475,0.3153153153153153,0.2924932735426009
Marsh 2025,2025,2025-07-23,226,0.24623115577889448,0.31390134529147984,0.2911875
Marsh 2025,2025,2025-07-25,227,0.25,0.3169642857142857,0.29381333333333337
Marsh 2025,2025,2025-07-25,228,0.25,0.32,0.29557079646017703
Marsh 2025,2025,2025-07-25,229,0.24875621890547264,0.3185840707964602,0.2942687224669604
Marsh 2025,2025,2025-07-25,230,0.24752475247524752,0.31718061674008813,0.29297807017543864
Marsh 2025,2025,2025-07-25,231,0.24630541871921183,0.3157894736842105,0.2916986899563319
Marsh 2025,2025,2025-07-27,232,0.24509803921568626,0.314410480349345,0.2904304347826087
Marsh 2025,2025,2025-07-28,233,0.24390243902439024,0.3130434782608696,0.2891731601731602
Marsh 2025,2025,2025-07-28,234,0.24757281553398058,0.31601731601731603,0.2917284482758621
Marsh 2025,2025,2025-07-28,235,0.25120772946859904,0.31896551724137934,0.2942618025751073
Marsh 2025,2025,2025-07-28,236,0.25,0.31759656652360513,0.2930042735042735
Marsh 2025,2025,2025-07-29,237,0.2535885167464115,0.32051282051282054,0.2970851063829787
Marsh 2025,2025,2025-07-29,238,0.2571428571428571,0.32340425531914896,0.3044576271186441
Marsh 2025,2025,2025-07-29,239,0.2559241706161137,0.3220338983050847,0.30317299578059076
Marsh 2025,2025,2025-07-29,240,0.25471698113207547,0.3206751054852321,0.30189915966386555
Marsh 2025,2025,2025-08-01,241,0.2535211267605634,0.31932773109243695,0.30063598326359836
Marsh 2025,2025,2025-08-01,242,0.2523364485981308,0.3179916317991632,0.29938333333333333
Marsh 2025,2025,2025-08-03,243,0.2558139534883721,0.32083333333333336,0.30333609958506225
Marsh 2025,2025,2025-08-03,244,0.25462962962962965,0.31950207468879666,0.3020826446280992
Marsh 2025,2025,2025-08-03,245,0.2534562211981567,0.3181818181818182,0.3008395061728395
Marsh 2025,2025,2025-08-05,246,0.25688073394495414,0.32098765432098764,0.30473770491803276
Marsh 2025,2025,2025-08-05,247,0.2557077625570776,0.319672131147541,0.30349387755102036
Marsh 2025,2025,2025-08-05,248,0.2545454545454545,0.3183673469387755,0.30226016260162597
Marsh 2025,2025,2025-08-05,249,0.2579185520361991,0.32113821138211385,0.3092834008097166
Marsh 2025,2025,2025-08-08,250,0.26126126126126126,0.32388663967611336,0.3130846774193548
Marsh 2025,2025,2025-08-08,251,0.2645739910313901,0.32661290322580644,0.3200080321285141
Marsh 2025,2025,2025-08-08,252,0.26785714285714285,0.3293172690763052,0.32373599999999997
Marsh 2025,2025,2025-08-08,253,0.27111111111111114,0.332,0.3259601593625498
Marsh 2025,2025,2025-08-08,254,0.26991150442477874,0.33067729083665337,0.32466666666666666
Marsh 2025,2025,2025-08-12,255,0.2687224669603524,0.32936507936507936,0.32338339920948617
Marsh 2025,2025,2025-08-12,256,0.2675438596491228,0.32806324110671936,0.32211023622047247
Marsh 2025,2025,2025-08-12,257,0.2663755458515284,0.32677165354330706,0.32084705882352943
Marsh 2025,2025,2025-08-14,258,0.26521739130434785,0.3254901960784314,0.31959375
Marsh 2025,2025,2025-08-14,259,0.26406926406926406,0.32421875,0.3183501945525292
Marsh 2025,2025,2025-08-14,260,0.2672413793103448,0.32684824902723736,0.3205348837209302
Marsh 2025,2025,2025-08-18,261,0.2703862660944206,0.32945736434108525,0.3227027027027027
Marsh 2025,2025,2025-08-18,262,0.2692307692307692,0.3281853281853282,0.32146153846153847
Marsh 2025,2025,2025-08-18,263,0.2723404255319149,0.33076923076923076,0.3236091954022989
Marsh 2025,2025,2025-08-18,264,0.2711864406779661,0.32950191570881227,0.32237404580152673
Marsh 2025,2025,2025-08-18,265,0.270042194092827,0.3282442748091603,0.32114828897338404
Marsh 2025,2025,2025-08-22,266,0.2689075630252101,0.3269961977186312,0.3199318181818182
Marsh 2025,2025,2025-08-22,267,0.26778242677824265,0.32575757575757575,0.3187245283018868
Marsh 2025,2025,2025-08-22,268,0.26666666666666666,0.32452830188679244,0.3175263157894737
Marsh 2025,2025,2025-08-22,269,0.26556016597510373,0.3233082706766917,0.3163370786516854
Marsh 2025,2025,2025-08-29,270,0.2644628099173554,0.32209737827715357,0.3151567164179105
Marsh 2025,2025,2025-08-29,271,0.2674897119341564,0.3246268656716418,0.3172639405204461
Marsh 2025,2025,2025-08-29,272,0.2674897119341564,0.3271375464684015,0.3186481481481481
Marsh 2025,2025,2025-08-29,273,0.27049180327868855,0.3296296296296296,0.3207269372693727
Marsh 2025,2025,2025-09-07,274,0.27049180327868855,0.33210332103321033,0.3220882352941177
Marsh 2025,2025,2025-09-07,275,0.27346938775510204,0.33455882352941174,0.3241391941391941
Marsh 2025,2025,2025-09-07,276,0.2764227642276423,0.336996336996337,0.3261751824817518
Marsh 2025,2025,2025-09-07,277,0.2793522267206478,0.33941605839416056,0.32954181818181816
Marsh 2025,2025,2025-09-28,278,0.2782258064516129,0.3381818181818182,0.3283478260869565
Marsh 2025,2025,2025-09-28,279,0.27710843373493976,0.33695652173913043,0.3271624548736462
Marsh 2025,2025,2025-10-06,280,0.27710843373493976,0.33935018050541516,0.3284712230215827
Marsh 2025,2025,2025-10-06,281,0.276,0.3381294964028777,0.32729390681003584
Marsh 2025,2025,2025-10-06,282,0.2749003984063745,0.33691756272401435,0.326125
Marsh 2025,2025,2025-10-08,283,0.27380952380952384,0.3357142857142857,0.3249644128113879
Marsh 2025,2025,2025-10-08,284,0.27380952380952384,0.33451957295373663,0.32381205673758867
Marsh 2025,2025,2025-10-08,285,0.2727272727272727,0.3333333333333333,0.3226678445229682
Marsh 2025,2025,2025-10-08,286,0.27165354330708663,0.3321554770318021,0.32153169014084504
Marsh 2025,2025,2025-10-08,287,0.27058823529411763,0.33098591549295775,0.3204035087719298
Marsh 2025,2025,2025-10-09,288,0.26953125,0.3298245614035088,0.31928321678321675
Marsh 2025,2025,2025-10-09,289,0.26848249027237353,0.32867132867132864,0.3181707317073171
Marsh 2025,2025,2025-10-09,290,0.26744186046511625,0.32752613240418116,0.3170659722222222
Marsh 2025,2025,2025-10-09,291,0.26640926640926643,0.3263888888888889,0.3159688581314879
Rojas 2024,2024,2024-03-29,1,0.0,0.0,0.0
Rojas 2024,2024,2024-03-29,2,0.0,0.5,0.3445
Rojas 2024,2024,2024-03-29,3,0.0,0.3333333333333333,0.22966666666666666
Rojas 2024,2024,2024-03-30,4,0.0,0.25,0.17225
Rojas 2024,2024,2024-03-30,5,0.0,0.2,0.13779999999999998
Rojas 2024,2024,2024-03-30,6,0.0,0.16666666666666666,0.11483333333333333
Rojas 2024,2024,2024-03-30,7,0.0,0.14285714285714285,0.09842857142857142
Rojas 2024,2024,2024-03-31,8,0.0,0.125,0.086125
Rojas 2024,2024,2024-03-31,9,0.0,0.2222222222222222,0.15655555555555553
Rojas 2024,2024,2024-03-31,10,0.0,0.2,0.14089999999999997
Rojas 2024,2024,2024-04-02,11,0.0,0.18181818181818182,0.12809090909090906
Rojas 2024,2024,2024-04-02,12,0.0,0.16666666666666666,0.11741666666666666
Rojas 2024,2024,2024-04-02,13,0.0,0.15384615384615385,0.10838461538461537
Rojas 2024,2024,2024-04-02,14,0.0,0.14285714285714285,0.10064285714285713
Rojas 2024,2024,2024-04-03,15,0.07692307692307693,0.2,0.15273333333333333
Rojas 2024,2024,2024-04-03,16,0.07142857142857142,0.1875,0.1431875
Rojas 2024,2024,2024-04-05,17,0.06666666666666667,0.17647058823529413,0.13476470588235293
Rojas 2024,2024,2024-04-05,18,0.0625,0.16666666666666666,0.12727777777777777
Rojas 2024,2024,2024-04-05,19,0.058823529411764705,0.15789473684210525,0.12057894736842105
Rojas 2024,2024,2024-04-05,20,0.058823529411764705,0.2,0.149
Rojas 2024,2024,2024-04-06,21,0.05555555555555555,0.19047619047619047,0.1419047619047619
Rojas 2024,2024,2024-04-06,22,0.05263157894736842,0.18181818181818182,0.13545454545454547
Rojas 2024,2024,2024-04-06,23,0.05,0.17391304347826086,0.12956521739130436
Rojas 2024,2024,2024-04-06,24,0.047619047619047616,0.16666666666666666,0.12416666666666666
Rojas 2024,2024,2024-04-08,25,0.09090909090909091,0.2,0.16936
Rojas 2024,2024,2024-04-08,26,0.13043478260869565,0.23076923076923078,0.19676923076923075
Rojas 2024,2024,2024-04-08,27,0.125,0.2222222222222222,0.18948148148148147
Rojas 2024,2024,2024-04-08,28,0.16,0.25,0.21421428571428572
Rojas 2024,2024,2024-04-09,29,0.16,0.25,0.21421428571428572
Rojas 2024,2024,2024-04-09,30,0.15384615384615385,0.2413793103448276,0.20682758620689656
Rojas 2024,2024,2024-04-10,31,0.14814814814814814,0.23333333333333334,0.19993333333333335
Rojas 2024,2024,2024-04-10,32,0.14285714285714285,0.22580645161290322,0.19348387096774194
Rojas 2024,2024,2024-04-10,33,0.1724137931034483,0.25,0.215
Rojas 2024,2024,2024-04-10,34,0.16666666666666666,0.24242424242424243,0.2084848484848485
Rojas 2024,2024,2024-04-13,35,0.1935483870967742,0.2647058823529412,0.22829411764705884
Rojas 2024,2024,2024-04-13,36,0.1875,0.2571428571428571,0.2217714285714286
Rojas 2024,2024,2024-04-13,37,0.18181818181818182,0.25,0.21561111111111111
Rojas 2024,2024,2024-04-14,38,0.17647058823529413,0.24324324324324326,0.2097837837837838
Rojas 2024,2024,2024-04-14,39,0.2,0.2631578947368421,0.22747368421052633
Rojas 2024,2024,2024-04-14,40,0.19444444444444445,0.2564102564102564,0.22164102564102564
Rojas 2024,2024,2024-04-15,41,0.1891891891891892,0.25,0.21610000000000001
Rojas 2024,2024,2024-04-15,42,0.18421052631578946,0.24390243902439024,0.21082926829268292
Rojas 2024,2024,2024-04-15,43,0.1794871794871795,0.23809523809523808,0.2058095238095238
Rojas 2024,2024,2024-04-16,44,0.175,0.23255813953488372,0.2010232558139535
Rojas 2024,2024,2024-04-16,45,0.17073170731707318,0.22727272727272727,0.19645454545454547
Rojas 2024,2024,2024-04-16,46,0.17073170731707318,0.24444444444444444,0.2074
Rojas 2024,2024,2024-04-17,47,0.17073170731707318,0.2608695652173913,0.21786956521739131
Rojas 2024,2024,2024-04-17,48,0.16666666666666666,0.2553191489361702,0.2132340425531915
Rojas 2024,2024,2024-04-17,49,0.18604651162790697,0.2708333333333333,0.23491666666666666
Rojas 2024,2024,2024-04-17,50,0.20454545454545456,0.2857142857142857,0.24812244897959182
Rojas 2024,2024,2024-04-20,51,0.2222222222222222,0.3,0.2608
Rojas 2024,2024,2024-04-20,52,0.21739130434782608,0.29411764705882354,0.2556862745098039
Rojas 2024,2024,2024-04-20,53,0.23404255319148937,0.3076923076923077,0.2677307692307692
Rojas 2024,2024,2024-04-20,54,0.25,0.32075471698113206,0.27932075471698115
Rojas 2024,2024,2024-04-21,55,0.24489795918367346,0.3148148148148148,0.27414814814814814
Rojas 2024,2024,2024-04-21,56,0.26,0.32727272727272727,0.2852
Rojas 2024,2024,2024-04-21,57,0.2549019607843137,0.32142857142857145,0.28010714285714283
Rojas 2024,2024,2024-04-21,58,0.2692307692307692,0.3333333333333333,0.2906666666666667
Rojas 2024,2024,2024-04-22,59,0.2830188679245283,0.3448275862068966,0.3130689655172414
Rojas 2024,2024,2024-04-22,60,0.2777777777777778,0.3389830508474576,0.3077627118644068
Rojas 2024,2024,2024-04-22,61,0.2727272727272727,0.3333333333333333,0.30263333333333337
Rojas 2024,2024,2024-04-22,62,0.26785714285714285,0.32786885245901637,0.297672131147541
Rojas 2024,2024,2024-04-23,63,0.2631578947368421,0.3225806451612903,0.2928709677419355
Rojas 2024,2024,2024-04-23,64,0.2631578947368421,0.3333333333333333,0.2991587301587302
Rojas 2024,2024,2024-04-23,65,0.25862068965517243,0.328125,0.294484375
Rojas 2024,2024,2024-04-23,66,0.2711864406779661,0.3384615384615385,0.3035230769230769
Rojas 2024,2024,2024-04-24,67,0.26666666666666666,0.3333333333333333,0.2989242424242424
Rojas 2024,2024,2024-04-24,68,0.26229508196721313,0.3283582089552239,0.2944626865671642
Rojas 2024,2024,2024-04-24,69,0.27419354838709675,0.3382352941176471,0.3031029411764706
Rojas 2024,2024,2024-04-24,70,0.2698412698412698,0.3333333333333333,0.2987101449275362
Rojas 2024,2024,2024-04-25,71,0.265625,0.32857142857142857,0.2944428571428572
Rojas 2024,2024,2024-04-25,72,0.26153846153846155,0.323943661971831,0.2902957746478873
Rojas 2024,2024,2024-04-25,73,0.25757575757575757,0.3194444444444444,0.2862638888888889
Rojas 2024,2024,2024-04-25,74,0.2537313432835821,0.3150684931506849,0.28234246575342464
Rojas 2024,2024,2024-04-26,75,0.25,0.3108108108108108,0.27852702702702703
Rojas 2024,2024,2024-04-26,76,0.2463768115942029,0.30666666666666664,0.27481333333333335
Rojas 2024,2024,2024-04-26,77,0.24285714285714285,0.3026315789473684,0.27119736842105263
Rojas 2024,2024,2024-04-26,78,0.2535211267605634,0.3116883116883117,0.2791298701298701
Rojas 2024,2024,2024-04-28,79,0.25,0.3076923076923077,0.27555128205128204
Rojas 2024,2024,2024-04-28,80,0.2465753424657534,0.3037974683544304,0.2720632911392405
Rojas 2024,2024,2024-04-28,81,0.24324324324324326,0.3,0.26866249999999997
Rojas 2024,2024,2024-04-28,82,0.25333333333333335,0.30864197530864196,0.28082716049382717
Rojas 2024,2024,2024-04-29,83,0.25333333333333335,0.3170731707317073,0.28580487804878046
Rojas 2024,2024,2024-04-29,84,0.25,0.3132530120481928,0.28236144578313255
Rojas 2024,2024,2024-04-29,85,0.24675324675324675,0.30952380952380953,0.279
Rojas 2024,2024,2024-04-29,86,0.24358974358974358,0.3058823529411765,0.2757176470588235
Rojas 2024,2024,2024-04-30,87,0.24050632911392406,0.3023255813953488,0.27251162790697675
Rojas 2024,2024,2024-04-30,88,0.2375,0.2988505747126437,0.2693793103448276
Rojas 2024,2024,2024-04-30,89,0.2345679012345679,0.29545454545454547,0.26631818181818184
Rojas 2024,2024,2024-04-30,90,0.24390243902439024,0.30337078651685395,0.28635955056179774
Rojas 2024,2024,2024-05-03,91,0.24096385542168675,0.3,0.2831777777777778
Rojas 2024,2024,2024-05-03,92,0.23809523809523808,0.2967032967032967,0.28006593406593405
Rojas 2024,2024,2024-05-03,93,0.23529411764705882,0.29347826086956524,0.27702173913043476
Rojas 2024,2024,2024-05-03,94,0.23255813953488372,0.2903225806451613,0.27404301075268817
Rojas 2024,2024,2024-05-04,95,0.2413793103448276,0.2978723404255319,0.2805106382978723
Rojas 2024,2024,2024-05-04,96,0.23863636363636365,0.29473684210526313,0.2775578947368421
Rojas 2024,2024,2024-05-04,97,0.23595505617977527,0.2916666666666667,0.27466666666666667
Rojas 2024,2024,2024-05-04,98,0.23333333333333334,0.28865979381443296,0.27183505154639176
Rojas 2024,2024,2024-05-04,99,0.23076923076923078,0.2857142857142857,0.2690612244897959
Rojas 2024,2024,2024-05-05,100,0.22826086956521738,0.2828282828282828,0.2663434343434343
Rojas 2024,2024,2024-05-05,101,0.22580645161290322,0.28,0.26367999999999997
Rojas 2024,2024,2024-05-05,102,0.22340425531914893,0.27722772277227725,0.2610693069306931
Rojas 2024,2024,2024-05-05,103,0.22105263157894736,0.27450980392156865,0.25850980392156864
Rojas 2024,2024,2024-05-06,104,0.21875,0.27184466019417475,0.256
Rojas 2024,2024,2024-05-06,105,0.21649484536082475,0.2692307692307692,0.25353846153846155
Rojas 2024,2024,2024-05-06,106,0.21428571428571427,0.26666666666666666,0.2511238095238095
Rojas 2024,2024,2024-05-06,107,0.21212121212121213,0.2641509433962264,0.24875471698113205
Rojas 2024,2024,2024-05-08,108,0.22,0.27102803738317754,0.2546728971962617
Rojas 2024,2024,2024-05-08,109,0.21782178217821782,0.26851851851851855,0.2523148148148148
Rojas 2024,2024,2024-05-10,110,0.22549019607843138,0.27522935779816515,0.2580917431192661
Rojas 2024,2024,2024-05-10,111,0.22330097087378642,0.2727272727272727,0.25574545454545455
Rojas 2024,2024,2024-05-10,112,0.22115384615384615,0.2702702702702703,0.25344144144144143
Rojas 2024,2024,2024-05-10,113,0.22857142857142856,0.2767857142857143,0.26948214285714284
Rojas 2024,2024,2024-05-10,114,0.2358490566037736,0.2831858407079646,0.2749026548672566
Rojas 2024,2024,2024-05-11,115,0.2336448598130841,0.2807017543859649,0.27249122807017545
Rojas 2024,2024,2024-05-11,116,0.23148148148148148,0.2782608695652174,0.2701217391304348
Rojas 2024,2024,2024-05-11,117,0.23148148148148148,0.2782608695652174,0.2701217391304348
Rojas 2024,2024,2024-05-11,118,0.23853211009174313,0.28448275862068967,0.2753965517241379
Rojas 2024,2024,2024-05-13,119,0.23636363636363636,0.28205128205128205,0.273042735042735
Rojas 2024,2024,2024-05-13,120,0.23423423423423423,0.2796610169491525,0.270728813559322
Rojas 2024,2024,2024-05-13,121,0.23214285714285715,0.2773109243697479,0.268453781512605
Rojas 2024,2024,2024-05-14,122,0.23893805309734514,0.2833333333333333,0.2735666666666667
Rojas 2024,2024,2024-05-14,123,0.23684210526315788,0.2809917355371901,0.27130578512396697
Rojas 2024,2024,2024-05-14,124,0.23478260869565218,0.2786885245901639,0.2690819672131148
Rojas 2024,2024,2024-05-14,125,0.23275862068965517,0.2764227642276423,0.26689430894308946
Rojas 2024,2024,2024-05-15,126,0.23076923076923078,0.27419354838709675,0.264741935483871
Rojas 2024,2024,2024-05-15,127,0.23076923076923078,0.27419354838709675,0.264741935483871
Rojas 2024,2024,2024-05-15,128,0.2288135593220339,0.272,0.262624
Rojas 2024,2024,2024-05-15,129,0.23529411764705882,0.2777777777777778,0.2675396825396825
Rojas 2024,2024,2024-05-17,130,0.23333333333333334,0.2755905511811024,0.26543307086614176
Rojas 2024,2024,2024-05-17,131,0.23140495867768596,0.2734375,0.263359375
Rojas 2024,2024,2024-05-17,132,0.22950819672131148,0.2713178294573643,0.26131782945736437
Rojas 2024,2024,2024-05-18,133,0.22764227642276422,0.2692307692307692,0.2593076923076923
Rojas 2024,2024,2024-05-18,134,0.22580645161290322,0.26717557251908397,0.25732824427480916
Rojas 2024,2024,2024-05-18,135,0.232,0.2727272727272727,0.26206060606060605
Rojas 2024,2024,2024-05-18,136,0.23015873015873015,0.2706766917293233,0.26009022556390976
Rojas 2024,2024,2024-05-19,137,0.2283464566929134,0.26865671641791045,0.2581492537313433
Rojas 2024,2024,2024-05-19,138,0.2265625,0.26666666666666666,0.25623703703703704
Rojas 2024,2024,2024-05-19,139,0.23255813953488372,0.27205882352941174,0.26083823529411765
Rojas 2024,2024,2024-05-19,140,0.23255813953488372,0.2773722627737226,0.263963503649635
Rojas 2024,2024,2024-05-21,141,0.23076923076923078,0.2753623188405797,0.26205072463768114
Rojas 2024,2024,2024-05-21,142,0.22900763358778625,0.2733812949640288,0.26016546762589926
Rojas 2024,2024,2024-05-21,143,0.22727272727272727,0.2714285714285714,0.25830714285714285
Rojas 2024,2024,2024-05-22,144,0.22556390977443608,0.2695035460992908,0.2564751773049645
Rojas 2024,2024,2024-05-22,145,0.22388059701492538,0.2676056338028169,0.25466901408450704
Rojas 2024,2024,2024-05-22,146,0.2222222222222222,0.26573426573426573,0.2528881118881119
Rojas 2024,2024,2024-05-22,147,0.22058823529411764,0.2638888888888889,0.2511319444444444
Rojas 2024,2024,2024-05-24,148,0.21897810218978103,0.2620689655172414,0.24939999999999998
Rojas 2024,2024,2024-05-24,149,0.21739130434782608,0.2602739726027397,0.24769178082191778
Rojas 2024,2024,2024-05-24,150,0.2158273381294964,0.2585034013605442,0.2460068027210884
Rojas 2024,2024,2024-05-24,151,0.21428571428571427,0.25675675675675674,0.24434459459459457
Rojas 2024,2024,2024-05-25,152,0.21428571428571427,0.26174496644295303,0.24753691275167786
Rojas 2024,2024,2024-05-25,153,0.2127659574468085,0.26,0.2458866666666667
Rojas 2024,2024,2024-05-26,154,0.2112676056338028,0.2582781456953642,0.2442582781456954
Rojas 2024,2024,2024-05-26,155,0.21678321678321677,0.2631578947368421,0.24845394736842105
Rojas 2024,2024,2024-05-27,156,0.2222222222222222,0.2679738562091503,0.25259477124183005
Rojas 2024,2024,2024-05-27,157,0.22758620689655173,0.2727272727272727,0.2566818181818182
Rojas 2024,2024,2024-05-27,158,0.22602739726027396,0.2709677419354839,0.2550258064516129
Rojas 2024,2024,2024-05-28,159,0.22448979591836735,0.2692307692307692,0.2533910256410256
Rojas 2024,2024,2024-05-28,160,0.22972972972972974,0.27388535031847133,0.25739490445859875
Rojas 2024,2024,2024-05-28,161,0.22818791946308725,0.2721518987341772,0.25576582278481014
Rojas 2024,2024,2024-05-31,162,0.22666666666666666,0.27044025157232704,0.25415723270440255
Rojas 2024,2024,2024-05-31,163,0.2251655629139073,0.26875,0.25256875
Rojas 2024,2024,2024-05-31,164,0.23026315789473684,0.2732919254658385,0.2564782608695652
Rojas 2024,2024,2024-06-01,165,0.22875816993464052,0.2716049382716049,0.25489506172839504
Rojas 2024,2024,2024-06-01,166,0.22727272727272727,0.26993865030674846,0.2533312883435583
Rojas 2024,2024,2024-06-01,167,0.22580645161290322,0.2682926829268293,0.25178658536585363
Rojas 2024,2024,2024-06-01,168,0.22435897435897437,0.26666666666666666,0.2502606060606061
Rojas 2024,2024,2024-06-02,169,0.2229299363057325,0.26506024096385544,0.24875301204819278
Rojas 2024,2024,2024-06-02,170,0.2229299363057325,0.26506024096385544,0.24875301204819278
Rojas 2024,2024,2024-06-02,171,0.22784810126582278,0.2694610778443114,0.2525449101796407
Rojas 2024,2024,2024-06-02,172,0.22641509433962265,0.26785714285714285,0.25104166666666666
Rojas 2024,2024,2024-06-03,173,0.23125,0.27218934911242604,0.2547751479289941
Rojas 2024,2024,2024-06-03,174,0.22981366459627328,0.27058823529411763,0.2532764705882353
Rojas 2024,2024,2024-06-03,175,0.2345679012345679,0.27485380116959063,0.256953216374269
Rojas 2024,2024,2024-06-04,176,0.2331288343558282,0.27325581395348836,0.2554593023255814
Rojas 2024,2024,2024-06-04,177,0.23170731707317074,0.27167630057803466,0.2539826589595376
Rojas 2024,2024,2024-06-04,178,0.23030303030303031,0.27011494252873564,0.2525229885057471
Rojas 2024,2024,2024-06-04,179,0.23493975903614459,0.2742857142857143,0.25612
Rojas 2024,2024,2024-06-09,180,0.23353293413173654,0.2727272727272727,0.2546647727272727
Rojas 2024,2024,2024-06-09,181,0.23809523809523808,0.2768361581920904,0.2582090395480226
Rojas 2024,2024,2024-06-11,182,0.23668639053254437,0.2752808988764045,0.25675842696629214
Rojas 2024,2024,2024-06-11,183,0.23529411764705882,0.2737430167597765,0.25532402234636875
Rojas 2024,2024,2024-06-11,184,0.23391812865497075,0.2722222222222222,0.25390555555555555
Rojas 2024,2024,2024-06-11,185,0.23255813953488372,0.27071823204419887,0.2525027624309392
Rojas 2024,2024,2024-06-12,186,0.23699421965317918,0.27472527472527475,0.25596153846153846
Rojas 2024,2024,2024-06-12,187,0.23563218390804597,0.273224043715847,0.25456284153005465
Rojas 2024,2024,2024-06-12,188,0.2342857142857143,0.2717391304347826,0.253179347826087
Rojas 2024,2024,2024-06-12,189,0.23295454545454544,0.2702702702702703,0.2518108108108108
Rojas 2024,2024,2024-06-13,190,0.23163841807909605,0.26881720430107525,0.25045698924731186
Rojas 2024,2024,2024-06-13,191,0.23595505617977527,0.2727272727272727,0.25383422459893046
Rojas 2024,2024,2024-06-13,192,0.2346368715083799,0.2712765957446808,0.25248404255319146
Rojas 2024,2024,2024-06-15,193,0.23333333333333334,0.2698412698412698,0.2511481481481481
Rojas 2024,2024,2024-06-15,194,0.23756906077348067,0.2736842105263158,0.25446842105263157
Rojas 2024,2024,2024-06-15,195,0.23626373626373626,0.27225130890052357,0.25313612565445026
Rojas 2024,2024,2024-06-28,196,0.23497267759562843,0.2708333333333333,0.25181770833333333
Rojas 2024,2024,2024-06-28,197,0.23369565217391305,0.2694300518134715,0.25051295336787566
Rojas 2024,2024,2024-06-28,198,0.23783783783783785,0.27319587628865977,0.2556855670103093
Rojas 2024,2024,2024-06-29,199,0.23655913978494625,0.2717948717948718,0.254374358974359
Rojas 2024,2024,2024-06-29,200,0.23655913978494625,0.2755102040816326,0.2565918367346939
Rojas 2024,2024,2024-06-29,201,0.23529411764705882,0.27411167512690354,0.2552893401015229
Rojas 2024,2024,2024-07-02,202,0.23404255319148937,0.2727272727272727,0.254
Rojas 2024,2024,2024-07-02,203,0.2328042328042328,0.271356783919598,0.2527236180904523
Rojas 2024,2024,2024-07-02,204,0.23684210526315788,0.275,0.25587
Rojas 2024,2024,2024-07-02,205,0.2356020942408377,0.2736318407960199,0.2545970149253731
Rojas 2024,2024,2024-07-03,206,0.234375,0.2722772277227723,0.25333663366336634
Rojas 2024,2024,2024-07-03,207,0.23316062176165803,0.270935960591133,0.2520886699507389
Rojas 2024,2024,2024-07-03,208,0.23195876288659795,0.2696078431372549,0.2508529411764706
Rojas 2024,2024,2024-07-03,209,0.23076923076923078,0.2682926829268293,0.24962926829268292
Rojas 2024,2024,2024-07-04,210,0.22959183673469388,0.2669902912621359,0.24841747572815534
Rojas 2024,2024,2024-07-04,211,0.22842639593908629,0.26570048309178745,0.24721739130434783
Rojas 2024,2024,2024-07-04,212,0.22727272727272727,0.2644230769230769,0.24602884615384615
Rojas 2024,2024,2024-07-05,213,0.22613065326633167,0.2631578947368421,0.24485167464114832
Rojas 2024,2024,2024-07-05,214,0.23,0.26666666666666666,0.24788571428571426
Rojas 2024,2024,2024-07-05,215,0.22885572139303484,0.26540284360189575,0.24671090047393363
Rojas 2024,2024,2024-07-05,216,0.23267326732673269,0.2688679245283019,0.24970754716981133
Rojas 2024,2024,2024-07-05,217,0.2315270935960591,0.2676056338028169,0.24853521126760564
Rojas 2024,2024,2024-07-06,218,0.23529411764705882,0.27102803738317754,0.25149532710280376
Rojas 2024,2024,2024-07-06,219,0.23414634146341465,0.26976744186046514,0.25032558139534883
Rojas 2024,2024,2024-07-06,220,0.23300970873786409,0.26851851851851855,0.24916666666666668
Rojas 2024,2024,2024-07-07,221,0.2318840579710145,0.2672811059907834,0.2480184331797235
Rojas 2024,2024,2024-07-07,222,0.23076923076923078,0.26605504587155965,0.24688073394495413
Rojas 2024,2024,2024-07-07,223,0.22966507177033493,0.2648401826484018,0.24575342465753425
Rojas 2024,2024,2024-07-07,224,0.22857142857142856,0.2636363636363636,0.24463636363636362
Rojas 2024,2024,2024-07-09,225,0.23222748815165878,0.2669683257918552,0.2475203619909502
Rojas 2024,2024,2024-07-09,226,0.2358490566037736,0.2702702702702703,0.25037837837837834
Rojas 2024,2024,2024-07-09,227,0.2347417840375587,0.26905829596412556,0.2492556053811659
Rojas 2024,2024,2024-07-09,228,0.2347417840375587,0.27232142857142855,0.2513571428571429
Rojas 2024,2024,2024-07-11,229,0.2336448598130841,0.27111111111111114,0.25024
Rojas 2024,2024,2024-07-11,230,0.23255813953488372,0.26991150442477874,0.24913274336283187
Rojas 2024,2024,2024-07-11,231,0.2361111111111111,0.27312775330396477,0.25192070484581497
Rojas 2024,2024,2024-07-11,232,0.2350230414746544,0.2719298245614035,0.2508157894736842
Rojas 2024,2024,2024-07-13,233,0.23394495412844038,0.27074235807860264,0.24972052401746725
Rojas 2024,2024,2024-07-13,234,0.2374429223744292,0.27391304347826084,0.25754782608695653
Rojas 2024,2024,2024-07-13,235,0.23636363636363636,0.2727272727272727,0.2564329004329004
Rojas 2024,2024,2024-07-13,236,0.23529411764705882,0.27155172413793105,0.25532758620689655
Rojas 2024,2024,2024-07-14,237,0.23423423423423423,0.2703862660944206,0.25423175965665235
Rojas 2024,2024,2024-07-14,238,0.23318385650224216,0.2692307692307692,0.25314529914529915
Rojas 2024,2024,2024-07-14,239,0.23214285714285715,0.2680851063829787,0.25206808510638296
Rojas 2024,2024,2024-07-20,240,0.2311111111111111,0.2669491525423729,0.251
Rojas 2024,2024,2024-07-20,241,0.2345132743362832,0.270042194092827,0.25366244725738396
Rojas 2024,2024,2024-07-20,242,0.23348017621145375,0.2689075630252101,0.25259663865546217
Rojas 2024,2024,2024-07-22,243,0.2324561403508772,0.26778242677824265,0.2515397489539749
Rojas 2024,2024,2024-07-22,244,0.2314410480349345,0.26666666666666666,0.25049166666666667
Rojas 2024,2024,2024-07-23,245,0.23043478260869565,0.26556016597510373,0.24945228215767637
Rojas 2024,2024,2024-07-23,246,0.23376623376623376,0.26859504132231404,0.25206611570247933
Rojas 2024,2024,2024-07-24,247,0.23376623376623376,0.2716049382716049,0.2538641975308642
Rojas 2024,2024,2024-07-24,248,0.23275862068965517,0.27049180327868855,0.25282377049180327
Rojas 2024,2024,2024-07-24,249,0.23275862068965517,0.27049180327868855,0.25282377049180327
Rojas 2024,2024,2024-07-24,250,0.2317596566523605,0.2693877551020408,0.25179183673469385
Rojas 2024,2024,2024-07-26,251,0.23504273504273504,0.27235772357723576,0.25435365853658537
Rojas 2024,2024,2024-07-26,252,0.23404255319148937,0.27125506072874495,0.2533238866396761
Rojas 2024,2024,2024-07-27,253,0.2330508474576271,0.2701612903225806,0.2523024193548387
Rojas 2024,2024,2024-07-30,254,0.23628691983122363,0.27309236947791166,0.2548313253012048
Rojas 2024,2024,2024-07-31,255,0.23529411764705882,0.272,0.253812
Rojas 2024,2024,2024-07-31,256,0.23430962343096234,0.27091633466135456,0.252800796812749
Rojas 2024,2024,2024-08-02,257,0.23333333333333334,0.2698412698412698,0.25179761904761905
Rojas 2024,2024,2024-08-02,258,0.23651452282157676,0.2727272727272727,0.2542885375494071
Rojas 2024,2024,2024-08-02,259,0.2396694214876033,0.2755905511811024,0.25675984251968503
Rojas 2024,2024,2024-08-02,260,0.23868312757201646,0.27450980392156865,0.25575294117647057
Rojas 2024,2024,2024-08-07,261,0.24180327868852458,0.27734375,0.25819921875
Rojas 2024,2024,2024-08-07,262,0.24180327868852458,0.2801556420233463,0.25987548638132296
Rojas 2024,2024,2024-08-07,263,0.24081632653061225,0.27906976744186046,0.25886821705426355
Rojas 2024,2024,2024-08-08,264,0.23983739837398374,0.277992277992278,0.25786872586872583
Rojas 2024,2024,2024-08-08,265,0.2388663967611336,0.27692307692307694,0.25687692307692306
Rojas 2024,2024,2024-08-08,266,0.2388663967611336,0.2796934865900383,0.2585325670498084
Rojas 2024,2024,2024-08-08,267,0.23790322580645162,0.2786259541984733,0.2575458015267176
Rojas 2024,2024,2024-08-08,268,0.23694779116465864,0.27756653992395436,0.2565665399239544
Rojas 2024,2024,2024-08-09,269,0.236,0.2765151515151515,0.255594696969697
Rojas 2024,2024,2024-08-09,270,0.23904382470119523,0.2792452830188679,0.2579584905660377
Rojas 2024,2024,2024-08-09,271,0.24206349206349206,0.2819548872180451,0.261703007518797
Rojas 2024,2024,2024-08-10,272,0.24110671936758893,0.2808988764044944,0.26072284644194754
Rojas 2024,2024,2024-08-10,273,0.24015748031496062,0.2798507462686567,0.25975
Rojas 2024,2024,2024-08-10,274,0.23921568627450981,0.2788104089219331,0.25878438661710035
Rojas 2024,2024,2024-08-10,275,0.23828125,0.2777777777777778,0.2578259259259259
Rojas 2024,2024,2024-08-13,276,0.24124513618677043,0.28044280442804426,0.2615018450184502
Rojas 2024,2024,2024-08-13,277,0.24031007751937986,0.27941176470588236,0.2605404411764706
Rojas 2024,2024,2024-08-14,278,0.24031007751937986,0.28205128205128205,0.2621098901098901
Rojas 2024,2024,2024-08-14,279,0.24324324324324326,0.2846715328467153,0.2643722627737226
Rojas 2024,2024,2024-08-14,280,0.2423076923076923,0.28363636363636363,0.2634109090909091
Rojas 2024,2024,2024-08-14,281,0.2413793103448276,0.2826086956521739,0.2624565217391304
Rojas 2024,2024,2024-08-15,282,0.24045801526717558,0.2815884476534296,0.26150902527075814
Rojas 2024,2024,2024-08-15,283,0.24334600760456274,0.2841726618705036,0.2637410071942446
Rojas 2024,2024,2024-08-15,284,0.24242424242424243,0.2831541218637993,0.26279569892473115
Rojas 2024,2024,2024-08-15,285,0.24150943396226415,0.28214285714285714,0.26185714285714284
Rojas 2024,2024,2024-08-15,286,0.24436090225563908,0.2846975088967972,0.26406405693950175
Rojas 2024,2024,2024-08-16,287,0.24719101123595505,0.2872340425531915,0.2662553191489362
Rojas 2024,2024,2024-08-16,288,0.2462686567164179,0.2862190812720848,0.26531448763250887
Rojas 2024,2024,2024-08-16,289,0.24535315985130113,0.2852112676056338,0.2643802816901409
Rojas 2024,2024,2024-08-17,290,0.24444444444444444,0.28421052631578947,0.2634526315789474
Rojas 2024,2024,2024-08-17,291,0.24354243542435425,0.28321678321678323,0.2625314685314685
Rojas 2024,2024,2024-08-17,292,0.24632352941176472,0.2857142857142857,0.26468989547038324
Rojas 2024,2024,2024-08-20,293,0.2454212454212454,0.2847222222222222,0.2637708333333333
Rojas 2024,2024,2024-08-20,294,0.24452554744525548,0.2837370242214533,0.2628581314878893
Rojas 2024,2024,2024-08-20,295,0.24363636363636362,0.2827586206896552,0.261951724137931
Rojas 2024,2024,2024-08-21,296,0.2427536231884058,0.281786941580756,0.26105154639175254
Rojas 2024,2024,2024-08-21,297,0.24548736462093862,0.2842465753424658,0.26445205479452055
Rojas 2024,2024,2024-08-22,298,0.2446043165467626,0.2832764505119454,0.2635494880546075
Rojas 2024,2024,2024-08-22,299,0.24372759856630824,0.282312925170068,0.2626530612244898
Rojas 2024,2024,2024-08-25,300,0.24285714285714285,0.28135593220338984,0.26176271186440675
Rojas 2024,2024,2024-08-25,301,0.24555160142348753,0.28378378378378377,0.2638581081081081
Rojas 2024,2024,2024-08-25,302,0.24822695035460993,0.28619528619528617,0.2659393939393939
Rojas 2024,2024,2024-08-25,303,0.24734982332155478,0.28523489932885904,0.2650469798657718
Rojas 2024,2024,2024-08-25,304,0.24647887323943662,0.2842809364548495,0.26416053511705684
Rojas 2024,2024,2024-08-30,305,0.24561403508771928,0.2833333333333333,0.26327999999999996
Rojas 2024,2024,2024-08-30,306,0.24475524475524477,0.2823920265780731,0.26240531561461794
Rojas 2024,2024,2024-08-30,307,0.24390243902439024,0.2814569536423841,0.2615364238410596
Rojas 2024,2024,2024-08-31,308,0.24305555555555555,0.28052805280528054,0.2606732673267327
Rojas 2024,2024,2024-08-31,309,0.2422145328719723,0.27960526315789475,0.25981578947368417
Rojas 2024,2024,2024-08-31,310,0.2413793103448276,0.2786885245901639,0.2589639344262295
Rojas 2024,2024,2024-09-03,311,0.24054982817869416,0.2777777777777778,0.2581176470588235
Rojas 2024,2024,2024-09-03,312,0.23972602739726026,0.2768729641693811,0.25727687296416935
Rojas 2024,2024,2024-09-03,313,0.23890784982935154,0.275974025974026,0.2564415584415584
Rojas 2024,2024,2024-09-04,314,0.23809523809523808,0.2750809061488673,0.2556116504854369
Rojas 2024,2024,2024-09-05,315,0.23728813559322035,0.27419354838709675,0.25478709677419353
Rojas 2024,2024,2024-09-05,316,0.23648648648648649,0.2733118971061093,0.25396784565916397
Rojas 2024,2024,2024-09-05,317,0.23905723905723905,0.27564102564102566,0.25598076923076923
Rojas 2024,2024,2024-09-05,318,0.23825503355704697,0.2747603833865815,0.2551629392971246
Rojas 2024,2024,2024-09-06,319,0.2408026755852843,0.2770700636942675,0.258343949044586
Rojas 2024,2024,2024-09-06,320,0.24,0.2761904761904762,0.25752380952380954
Rojas 2024,2024,2024-09-06,321,0.2425249169435216,0.27848101265822783,0.2606772151898734
Rojas 2024,2024,2024-09-06,322,0.24503311258278146,0.2807570977917981,0.2638107255520505
Rojas 2024,2024,2024-09-06,323,0.24422442244224424,0.279874213836478,0.2629811320754717
Rojas 2024,2024,2024-09-07,324,0.24342105263157895,0.27899686520376177,0.26215673981191223
Rojas 2024,2024,2024-09-07,325,0.2459016393442623,0.28125,0.26630625
Rojas 2024,2024,2024-09-07,326,0.24509803921568626,0.2803738317757009,0.2654766355140187
Rojas 2024,2024,2024-09-09,327,0.24429967426710097,0.2795031055900621,0.26465217391304346
Rojas 2024,2024,2024-09-09,328,0.2435064935064935,0.2786377708978328,0.26383281733746133
Rojas 2024,2024,2024-09-09,329,0.24271844660194175,0.2777777777777778,0.26301851851851854
Rojas 2024,2024,2024-09-10,330,0.24516129032258063,0.28,0.2660676923076923
Rojas 2024,2024,2024-09-10,331,0.24437299035369775,0.2791411042944785,0.2652515337423313
Rojas 2024,2024,2024-09-10,332,0.24358974358974358,0.2782874617737003,0.264440366972477
Rojas 2024,2024,2024-09-11,333,0.24600638977635783,0.2804878048780488,0.2663231707317073
Rojas 2024,2024,2024-09-11,334,0.24522292993630573,0.2796352583586626,0.26551367781155016
Rojas 2024,2024,2024-09-11,335,0.24444444444444444,0.2787878787878788,0.2647090909090909
Rojas 2024,2024,2024-09-13,336,0.2468354430379747,0.2809667673716012,0.26657401812688825
Rojas 2024,2024,2024-09-13,337,0.24605678233438485,0.28012048192771083,0.2657710843373494
Rojas 2024,2024,2024-09-13,338,0.24528301886792453,0.27927927927927926,0.264972972972973
Rojas 2024,2024,2024-09-15,339,0.2445141065830721,0.27844311377245506,0.26417964071856287
Rojas 2024,2024,2024-09-15,340,0.24375,0.27761194029850744,0.2633910447761194
Rojas 2024,2024,2024-09-15,341,0.24375,0.27761194029850744,0.2633910447761194
Rojas 2024,2024,2024-09-17,342,0.24375,0.27976190476190477,0.26465773809523807
Rojas 2024,2024,2024-09-18,343,0.24299065420560748,0.2789317507418398,0.26387240356083086
Rojas 2024,2024,2024-09-18,344,0.2422360248447205,0.2781065088757396,0.26309171597633135
Rojas 2024,2024,2024-09-18,345,0.24148606811145512,0.27728613569321536,0.2623156342182891
Rojas 2024,2024,2024-09-20,346,0.24074074074074073,0.27647058823529413,0.2615441176470588
Rojas 2024,2024,2024-09-20,347,0.24307692307692308,0.2785923753665689,0.26445454545454544
Rojas 2024,2024,2024-09-20,348,0.24233128834355827,0.2777777777777778,0.2636812865497076
Rojas 2024,2024,2024-09-20,349,0.24464831804281345,0.27988338192419826,0.26754810495626824
Rojas 2024,2024,2024-09-20,350,0.24390243902439024,0.27906976744186046,0.2667703488372093
Rojas 2024,2024,2024-09-21,351,0.24316109422492402,0.2782608695652174,0.26599710144927535
Rojas 2024,2024,2024-09-21,352,0.24242424242424243,0.2774566473988439,0.265228323699422
Rojas 2024,2024,2024-09-22,353,0.24169184290030213,0.276657060518732,0.264463976945245
Rojas 2024,2024,2024-09-22,354,0.24096385542168675,0.27586206896551724,0.26370402298850576
Rojas 2024,2024,2024-09-23,355,0.24024024024024024,0.27507163323782235,0.26294842406876795
Rojas 2024,2024,2024-09-23,356,0.24024024024024024,0.27507163323782235,0.26294842406876795
Rojas 2024,2024,2024-09-23,357,0.24251497005988024,0.27714285714285714,0.2647171428571429
Rojas 2024,2024,2024-09-23,358,0.24251497005988024,0.27714285714285714,0.2647171428571429
Rojas 2024,2024,2024-09-24,359,0.2417910447761194,0.27635327635327633,0.26396296296296295
Rojas 2024,2024,2024-09-24,360,0.24107142857142858,0.2755681818181818,0.26321306818181817
Rojas 2024,2024,2024-09-24,361,0.2433234421364985,0.2776203966005666,0.26496600566572237
Rojas 2024,2024,2024-10-05,362,0.24260355029585798,0.2768361581920904,0.2642175141242938
Rojas 2024,2024,2024-10-05,363,0.24260355029585798,0.27887323943661974,0.26541408450704224
Rojas 2024,2024,2024-10-05,364,0.24188790560471976,0.27808988764044945,0.26466853932584267
Rojas 2024,2024,2024-10-06,365,0.24411764705882352,0.2801120448179272,0.26639775910364144
Rojas 2024,2024,2024-10-08,366,0.2434017595307918,0.27932960893854747,0.2656536312849162
Rojas 2024,2024,2024-10-08,367,0.24269005847953215,0.2785515320334262,0.26491364902506964
