game_year,game_date,cum_pa,cum_woba
2022,2022-04-08,1,0.0
2022,2022-04-08,2,0.0
2022,2022-04-08,3,0.2946666666666667
2022,2022-04-08,4,0.53625
2022,2022-04-10,5,0.42899999999999994
2022,2022-04-10,6,0.35749999999999993
2022,2022-04-10,7,0.3064285714285714
2022,2022-04-12,8,0.26812499999999995
2022,2022-04-12,9,0.23833333333333329
2022,2022-04-12,10,0.21449999999999997
2022,2022-04-13,11,0.27536363636363637
2022,2022-04-13,12,0.32608333333333334
2022,2022-04-13,13,0.301
2022,2022-04-13,14,0.27949999999999997
2022,2022-04-14,15,0.26086666666666664
2022,2022-04-14,16,0.2445625
2022,2022-04-14,17,0.2301764705882353
2022,2022-04-14,18,0.21738888888888888
2022,2022-04-15,19,0.20594736842105263
2022,2022-04-15,20,0.19565
2022,2022-04-15,21,0.2191428571428571
2022,2022-04-15,22,0.20918181818181816
2022,2022-04-16,23,0.2000869565217391
2022,2022-04-16,24,0.19174999999999998
2022,2022-04-16,25,0.18407999999999997
2022,2022-04-16,26,0.177
2022,2022-04-16,27,0.17044444444444443
2022,2022-04-18,28,0.16435714285714284
2022,2022-04-18,29,0.15868965517241376
2022,2022-04-18,30,0.15339999999999998
2022,2022-04-19,31,0.14845161290322578
2022,2022-05-08,32,0.14381249999999998
2022,2022-05-08,33,0.16624242424242425
2022,2022-05-08,34,0.1613529411764706
2022,2022-05-08,35,0.15674285714285713
2022,2022-05-08,36,0.15238888888888888
2022,2022-05-08,37,0.14827027027027026
2022,2022-05-08,38,0.14436842105263156
2022,2022-05-09,39,0.14066666666666666
2022,2022-05-09,40,0.13715
2022,2022-05-09,41,0.1338048780487805
2022,2022-05-09,42,0.14702380952380953
2022,2022-05-09,43,0.1436046511627907
2022,2022-05-11,44,0.1403409090909091
2022,2022-05-11,45,0.13722222222222222
2022,2022-05-11,46,0.1342391304347826
2022,2022-05-11,47,0.13138297872340426
2022,2022-05-13,48,0.14706249999999998
2022,2022-05-13,49,0.1621020408163265
2022,2022-05-13,50,0.17264
2022,2022-05-13,51,0.18276470588235294
2022,2022-05-13,52,0.17925
2022,2022-05-15,53,0.17586792452830188
2022,2022-05-15,54,0.1726111111111111
2022,2022-05-15,55,0.16947272727272727
2022,2022-05-15,56,0.16644642857142858
2022,2022-05-17,57,0.1635263157894737
2022,2022-05-17,58,0.16070689655172413
2022,2022-05-19,59,0.15798305084745762
2022,2022-05-19,60,0.15535
2022,2022-05-19,61,0.16729508196721313
2022,2022-05-21,62,0.1645967741935484
2022,2022-05-21,63,0.16198412698412698
2022,2022-05-22,64,0.159453125
2022,2022-05-22,65,0.157
2022,2022-05-25,66,0.15462121212121213
2022,2022-05-25,67,0.15231343283582088
2022,2022-05-25,68,0.15007352941176472
2022,2022-05-25,69,0.14789855072463767
2022,2022-05-26,70,0.15562857142857142
2022,2022-05-26,71,0.15343661971830985
2022,2022-05-26,72,0.15130555555555555
2022,2022-05-27,73,0.14923287671232877
2022,2022-05-27,74,0.14721621621621622
2022,2022-05-27,75,0.14525333333333335
2022,2022-05-31,76,0.1433421052631579
2022,2022-05-31,77,0.15785714285714286
2022,2022-05-31,78,0.15583333333333332
2022,2022-06-01,79,0.1650506329113924
2022,2022-06-01,80,0.1629875
2022,2022-06-01,81,0.1718888888888889
2022,2022-06-01,82,0.16979268292682928
2022,2022-06-03,83,0.19271084337349398
2022,2022-06-03,84,0.19041666666666665
2022,2022-06-03,85,0.18817647058823528
2022,2022-06-03,86,0.1962674418604651
2022,2022-06-04,87,0.2019310344827586
2022,2022-06-04,88,0.1996363636363636
2022,2022-06-04,89,0.19739325842696626
2022,2022-06-04,90,0.20285555555555554
2022,2022-06-05,91,0.20062637362637362
2022,2022-06-05,92,0.19844565217391302
2022,2022-06-05,93,0.19631182795698923
2022,2022-06-05,94,0.19422340425531912
2022,2022-06-05,95,0.21398947368421053
2022,2022-06-07,96,0.21176041666666667
2022,2022-06-07,97,0.20957731958762887
2022,2022-06-07,98,0.2074387755102041
2022,2022-06-07,99,0.20534343434343436
2022,2022-06-08,100,0.22401
2022,2022-06-08,101,0.23054455445544556
2022,2022-06-08,102,0.2406470588235294
2022,2022-06-08,103,0.24689320388349514
2022,2022-06-09,104,0.24451923076923077
2022,2022-06-09,105,0.24219047619047618
2022,2022-06-09,106,0.24640566037735848
2022,2022-06-09,107,0.24410280373831775
2022,2022-06-10,108,0.2500277777777778
2022,2022-06-10,109,0.24773394495412845
2022,2022-06-10,110,0.2454818181818182
2022,2022-06-10,111,0.24327027027027026
2022,2022-06-11,112,0.2595982142857143
2022,2022-06-11,113,0.2573008849557522
2022,2022-06-11,114,0.2550438596491228
2022,2022-06-12,115,0.25881739130434783
2022,2022-06-12,116,0.2565862068965517
2022,2022-06-12,117,0.26194871794871794
2022,2022-06-12,118,0.25972881355932204
2022,2022-06-13,119,0.25754621848739495
2022,2022-06-13,120,0.2554
2022,2022-06-13,121,0.2532892561983471
2022,2022-06-13,122,0.25121311475409835
2022,2022-06-14,123,0.24917073170731707
2022,2022-06-14,124,0.24716129032258063
2022,2022-06-15,125,0.24518399999999999
2022,2022-06-15,126,0.24323809523809523
2022,2022-06-15,127,0.24132283464566928
2022,2022-06-16,128,0.2394375
2022,2022-06-17,129,0.2375813953488372
2022,2022-06-17,130,0.23575384615384615
2022,2022-06-17,131,0.23395419847328244
2022,2022-06-17,132,0.23218181818181818
2022,2022-06-17,133,0.2304360902255639
2022,2022-06-17,134,0.22871641791044775
2022,2022-06-17,135,0.2270222222222222
2022,2022-06-17,136,0.2253529411764706
2022,2022-06-18,137,0.2237080291970803
2022,2022-06-18,138,0.22208695652173913
2022,2022-06-18,139,0.22048920863309351
2022,2022-06-18,140,0.2189142857142857
2022,2022-06-19,141,0.21736170212765957
2022,2022-06-19,142,0.22205633802816901
2022,2022-06-19,143,0.22050349650349652
2022,2022-06-19,144,0.21897222222222223
2022,2022-06-22,145,0.21746206896551723
2022,2022-06-22,146,0.21597260273972602
2022,2022-06-22,147,0.21919047619047616
2022,2022-06-23,148,0.21770945945945944
2022,2022-06-23,149,0.22471140939597314
2022,2022-06-23,150,0.22321333333333332
2022,2022-06-24,151,0.22173509933774835
2022,2022-06-24,152,0.22027631578947368
2022,2022-06-24,153,0.21883660130718954
2022,2022-06-26,154,0.22315584415584416
2022,2022-06-26,155,0.22171612903225807
2022,2022-06-26,156,0.22471153846153846
2022,2022-06-26,157,0.22328025477707006
2022,2022-06-28,158,0.2274620253164557
2022,2022-06-28,159,0.2260314465408805
2022,2022-06-28,160,0.23014375
2022,2022-06-29,161,0.23299378881987579
2022,2022-06-29,162,0.23155555555555557
2022,2022-06-29,163,0.23436196319018404
2022,2022-06-30,164,0.23832317073170733
2022,2022-06-30,165,0.24105454545454547
2022,2022-06-30,166,0.2449277108433735
2022,2022-06-30,167,0.2434610778443114
2022,2022-07-01,168,0.24201190476190476
2022,2022-07-01,169,0.24057988165680474
2022,2022-07-01,170,0.24436470588235296
2022,2022-07-01,171,0.2429356725146199
2022,2022-07-02,172,0.24666279069767444
2022,2022-07-02,173,0.2452369942196532
2022,2022-07-02,174,0.2477873563218391
2022,2022-07-02,175,0.24637142857142857
2022,2022-07-03,176,0.24888636363636366
2022,2022-07-03,177,0.24748022598870056
2022,2022-07-03,178,0.24608988764044945
2022,2022-07-05,179,0.24471508379888268
2022,2022-07-05,180,0.2482666666666667
2022,2022-07-05,181,0.2507016574585635
2022,2022-07-05,182,0.2493241758241758
2022,2022-07-05,183,0.24796174863387976
2022,2022-07-06,184,0.24661413043478259
2022,2022-07-06,185,0.24528108108108104
2022,2022-07-06,186,0.24396236559139783
2022,2022-07-07,187,0.24265775401069517
2022,2022-07-07,188,0.24136702127659573
2022,2022-07-07,189,0.24008994708994708
2022,2022-07-07,190,0.23882631578947366
2022,2022-07-08,191,0.23757591623036647
2022,2022-07-08,192,0.23633854166666665
2022,2022-07-08,193,0.23511398963730568
2022,2022-07-09,194,0.23390206185567008
2022,2022-07-09,195,0.23270256410256407
2022,2022-07-09,196,0.23503061224489794
2022,2022-07-09,197,0.23383756345177661
2022,2022-07-10,198,0.23265656565656564
2022,2022-07-10,199,0.23592964824120602
2022,2022-07-10,200,0.23917
2022,2022-07-10,201,0.23798009950248755
2022,2022-07-11,202,0.2368019801980198
2022,2022-07-11,203,0.23563546798029555
2022,2022-07-11,204,0.23448039215686273
2022,2022-07-12,205,0.23764878048780486
2022,2022-07-12,206,0.2465533980582524
2022,2022-07-12,207,0.2453623188405797
2022,2022-07-12,208,0.2441826923076923
2022,2022-07-13,209,0.24301435406698566
2022,2022-07-13,210,0.24185714285714285
2022,2022-07-13,211,0.2505308056872038
2022,2022-07-15,212,0.2493490566037736
2022,2022-07-15,213,0.24817840375586855
2022,2022-07-15,214,0.24701869158878506
2022,2022-07-15,215,0.24586976744186048
2022,2022-07-16,216,0.2447314814814815
2022,2022-07-16,217,0.2494147465437788
2022,2022-07-16,218,0.24827064220183484
2022,2022-07-16,219,0.25289497716894976
2022,2022-07-16,220,0.25174545454545455
2022,2022-07-22,221,0.2537239819004525
2022,2022-07-22,222,0.25258108108108107
2022,2022-07-22,223,0.25144843049327353
2022,2022-07-23,224,0.2542723214285714
2022,2022-07-23,225,0.2531422222222222
2022,2022-07-23,226,0.255070796460177
2022,2022-07-23,227,0.25394713656387663
2022,2022-07-24,228,0.25283333333333335
2022,2022-07-24,229,0.257235807860262
2022,2022-07-24,230,0.2561173913043478
2022,2022-07-24,231,0.257991341991342
2022,2022-07-25,232,0.2623146551724138
2022,2022-07-25,233,0.26118884120171676
2022,2022-07-25,234,0.2600726495726496
2022,2022-07-25,235,0.26778297872340423
2022,2022-07-26,236,0.26664830508474574
2022,2022-07-26,237,0.26552320675105484
2022,2022-07-26,238,0.26440756302521007
2022,2022-07-26,239,0.2633012552301255
2022,2022-07-27,240,0.2622041666666666
2022,2022-07-27,241,0.26397510373443983
2022,2022-07-27,242,0.2628842975206611
2022,2022-07-27,243,0.26544032921810695
2022,2022-07-28,244,0.2643524590163934
2022,2022-07-28,245,0.2632734693877551
2022,2022-07-28,246,0.2622032520325203
2022,2022-07-28,247,0.26472064777327936
2022,2022-07-28,248,0.2636532258064516
2022,2022-07-29,249,0.26259437751004017
2022,2022-07-29,250,0.261544
2022,2022-07-30,251,0.2640239043824701
2022,2022-07-30,252,0.2629761904761905
2022,2022-07-30,253,0.2619367588932806
2022,2022-07-30,254,0.2609055118110236
2022,2022-07-31,255,0.2633490196078431
2022,2022-07-31,256,0.2623203125
2022,2022-07-31,257,0.26473929961089493
2022,2022-07-31,258,0.26371317829457364
2022,2022-07-31,259,0.2626949806949807
2022,2022-08-02,260,0.26168461538461535
2022,2022-08-02,261,0.2606819923371647
2022,2022-08-02,262,0.26306106870229007
2022,2022-08-02,263,0.26206083650190115
2022,2022-08-03,264,0.2610681818181818
2022,2022-08-03,265,0.2600830188679245
2022,2022-08-03,266,0.2591052631578947
2022,2022-08-03,267,0.2581348314606741
2022,2022-08-04,268,0.2571716417910448
2022,2022-08-04,269,0.25950185873605947
2022,2022-08-05,270,0.25854074074074074
2022,2022-08-05,271,0.25758671586715864
2022,2022-08-05,272,0.2566397058823529
2022,2022-08-05,273,0.25569963369963367
2022,2022-08-06,274,0.2606094890510949
2022,2022-08-06,275,0.25966181818181816
2022,2022-08-06,276,0.26192391304347823
2022,2022-08-06,277,0.2609783393501805
2022,2022-08-07,278,0.2600395683453237
2022,2022-08-07,279,0.2591075268817204
2022,2022-08-07,280,0.25818214285714286
2022,2022-08-07,281,0.26040925266903914
2022,2022-08-07,282,0.26395744680851063
2022,2022-08-10,283,0.26302473498233214
2022,2022-08-10,284,0.26452464788732394
2022,2022-08-10,285,0.2666982456140351
2022,2022-08-11,286,0.26576573426573424
2022,2022-08-11,287,0.2648397212543554
2022,2022-08-11,288,0.26698958333333334
2022,2022-08-11,289,0.26912456747404845
2022,2022-08-12,290,0.2725448275862069
2022,2022-08-12,291,0.2740824742268041
2022,2022-08-12,292,0.2761712328767123
2022,2022-08-12,293,0.2782457337883959
2022,2022-08-12,294,0.2772993197278911
2022,2022-08-13,295,0.2763593220338983
2022,2022-08-13,296,0.27542567567567566
2022,2022-08-13,297,0.2774747474747475
2022,2022-08-13,298,0.2765436241610738
2022,2022-08-14,299,0.27561872909699
2022,2022-08-14,300,0.2747
2022,2022-08-14,301,0.27378737541528236
2022,2022-08-14,302,0.27580794701986755
2022,2022-08-14,303,0.2748976897689769
2022,2022-08-15,304,0.2769013157894737
2022,2022-08-15,305,0.2788918032786885
2022,2022-08-15,306,0.2779803921568627
2022,2022-08-15,307,0.2799543973941368
2022,2022-08-15,308,0.27904545454545454
2022,2022-08-16,309,0.2781423948220065
2022,2022-08-16,310,0.27724516129032256
2022,2022-08-16,311,0.27635369774919616
2022,2022-08-16,312,0.2754679487179487
2022,2022-08-16,313,0.27458785942492014
2022,2022-08-16,314,0.2737133757961783
2022,2022-08-19,315,0.27792698412698413
2022,2022-08-19,316,0.2770474683544304
2022,2022-08-19,317,0.27617350157728704
2022,2022-08-19,318,0.2753050314465409
2022,2022-08-20,319,0.2744420062695925
2022,2022-08-20,320,0.2757375
2022,2022-08-20,321,0.2788068535825545
2022,2022-08-20,322,0.27794099378881987
2022,2022-08-21,323,0.2770804953560371
2022,2022-08-21,324,0.2789537037037037
2022,2022-08-21,325,0.27809538461538463
2022,2022-08-21,326,0.27995398773006136
2022,2022-08-21,327,0.27909785932721715
2022,2022-08-22,328,0.2845640243902439
2022,2022-08-22,329,0.28369908814589667
2022,2022-08-22,330,0.28283939393939395
2022,2022-08-22,331,0.28198489425981876
2022,2022-08-23,332,0.28493373493975904
2022,2022-08-24,333,0.28407807807807806
2022,2022-08-24,334,0.28529041916167663
2022,2022-08-24,335,0.28443880597014926
2022,2022-08-24,336,0.2835922619047619
2022,2022-08-24,337,0.2864925816023739
2022,2022-08-25,338,0.28937573964497043
2022,2022-08-25,339,0.2885221238938053
2022,2022-08-25,340,0.2897
2022,2022-08-25,341,0.288850439882698
2022,2022-08-26,342,0.2880058479532164
2022,2022-08-26,343,0.28716618075801753
2022,2022-08-26,344,0.2863313953488372
2022,2022-08-26,345,0.288063768115942
2022,2022-08-27,346,0.28723121387283235
2022,2022-08-27,347,0.28640345821325647
2022,2022-08-27,348,0.2855804597701149
2022,2022-08-27,349,0.28476217765042977
2022,2022-08-28,350,0.28591714285714287
2022,2022-08-28,351,0.28510256410256407
2022,2022-08-28,352,0.28429261363636366
2022,2022-08-28,353,0.28348725212464587
2022,2022-08-29,354,0.28518361581920904
2022,2022-08-29,355,0.28438028169014085
2022,2022-08-29,356,0.2835814606741573
2022,2022-08-29,357,0.28471708683473385
2022,2022-08-30,358,0.28392178770949716
2022,2022-08-30,359,0.2831309192200557
2022,2022-08-30,360,0.2823444444444444
2022,2022-09-02,361,0.2815623268698061
2022,2022-09-02,362,0.28322651933701654
2022,2022-09-02,363,0.2824462809917355
2022,2022-09-03,364,0.28409890109890107
2022,2022-09-03,365,0.2889972602739726
2022,2022-09-03,366,0.28820765027322404
2022,2022-09-03,367,0.28983106267029973
2022,2022-09-04,368,0.29144565217391305
2022,2022-09-04,369,0.29065582655826555
2022,2022-09-04,370,0.28987027027027024
2022,2022-09-04,371,0.289088948787062
2022,2022-09-08,372,0.28831182795698923
2022,2022-09-08,373,0.29091957104557636
2022,2022-09-08,374,0.2925053475935829
2022,2022-09-08,375,0.29408266666666666
2022,2022-09-09,376,0.2933005319148936
2022,2022-09-09,377,0.29252254641909814
2022,2022-09-09,378,0.29408730158730156
2022,2022-09-09,379,0.29331134564643796
2022,2022-09-10,380,0.29435263157894737
2022,2022-09-10,381,0.2935800524934383
2022,2022-09-10,382,0.29281151832460733
2022,2022-09-10,383,0.29204699738903395
2022,2022-09-11,384,0.29128645833333333
2022,2022-09-11,385,0.2923194805194805
2022,2022-09-11,386,0.2915621761658031
2022,2022-09-11,387,0.29080878552971573
2022,2022-09-13,388,0.2900592783505154
2022,2022-09-13,389,0.291586118251928
2022,2022-09-13,390,0.29083846153846155
2022,2022-09-13,391,0.2900946291560102
2022,2022-09-14,392,0.2893545918367347
2022,2022-09-14,393,0.288618320610687
2022,2022-09-14,394,0.2901294416243655
2022,2022-09-14,395,0.28939493670886074
2022,2022-09-15,396,0.2886641414141414
2022,2022-09-15,397,0.28793702770780855
2022,2022-09-15,398,0.2903819095477387
2022,2022-09-15,399,0.29186967418546367
2022,2022-09-16,400,0.29114
2022,2022-09-16,401,0.29213216957605986
2022,2022-09-16,402,0.29140547263681593
2022,2022-09-16,403,0.29068238213399505
2022,2022-09-17,404,0.2899628712871287
2022,2022-09-17,405,0.2909481481481482
2022,2022-09-17,406,0.2924088669950739
2022,2022-09-17,407,0.29386240786240786
2022,2022-09-18,408,0.2931421568627451
2022,2022-09-18,409,0.29242542787286063
2022,2022-09-18,410,0.29171219512195123
2022,2022-09-18,411,0.2910024330900243
2022,2022-09-20,412,0.2902961165048544
2022,2022-09-20,413,0.29173365617433417
2022,2022-09-20,414,0.2910289855072464
2022,2022-09-20,415,0.2919879518072289
2022,2022-09-20,416,0.2912860576923077
2022,2022-09-21,417,0.29058752997601917
2022,2022-09-21,418,0.28989234449760765
2022,2022-09-21,419,0.28920047732696896
2022,2022-09-21,420,0.28851190476190475
2022,2022-09-21,421,0.28851190476190475
2022,2022-09-22,422,0.28782660332541565
2022,2022-09-22,423,0.28714454976303316
2022,2022-09-22,424,0.28646572104018914
2022,2022-09-23,425,0.28579009433962266
2022,2022-09-23,426,0.28511764705882353
2022,2022-09-23,427,0.28606572769953054
2022,2022-09-23,428,0.28539578454332554
2022,2022-09-24,429,0.2847289719626168
2022,2022-09-24,430,0.28406526806526805
2022,2022-09-24,431,0.28340465116279073
2022,2022-09-24,432,0.28274709976798146
2022,2022-09-25,433,0.2820925925925926
2022,2022-09-25,434,0.2814411085450347
2022,2022-09-25,435,0.2807926267281106
2022,2022-09-25,436,0.28014712643678163
2022,2022-09-25,437,0.2795045871559633
2022,2022-09-27,438,0.2808878718535469
2022,2022-09-27,439,0.2818196347031963
2022,2022-09-27,440,0.2811776765375854
2022,2022-09-28,441,0.28053863636363635
2022,2022-09-28,442,0.27990249433106573
2022,2022-09-28,443,0.27926923076923077
2022,2022-09-30,444,0.27863882618510155
2022,2022-09-30,445,0.2800022522522522
2022,2022-09-30,446,0.27937303370786515
2022,2022-09-30,447,0.2807286995515695
2022,2022-10-01,448,0.2801006711409396
2022,2022-10-01,449,0.2794754464285714
2022,2022-10-01,450,0.28166146993318486
2022,2022-10-01,451,0.28103555555555554
2022,2022-10-01,452,0.28041241685144125
2022,2022-10-01,453,0.28174778761061947
2022,2022-10-01,454,0.2811258278145695
2022,2022-10-02,455,0.28050660792951543
2022,2022-10-02,456,0.28266153846153846
2022,2022-10-02,457,0.28398026315789476
2022,2022-10-03,458,0.2852932166301969
2022,2022-10-03,459,0.28742358078602614
2022,2022-10-03,460,0.29131154684095856
2022,2022-10-03,461,0.29217608695652175
2022,2022-10-04,462,0.2915422993492408
2022,2022-10-04,463,0.29091125541125545
2022,2022-10-04,464,0.2902829373650108
2022,2022-10-04,465,0.28965732758620694
2022,2022-10-05,466,0.28903440860215057
2022,2022-10-07,467,0.28989270386266097
2022,2022-10-07,468,0.28927194860813704
2022,2022-10-07,469,0.29012606837606836
2022,2022-10-07,470,0.28950746268656713
2022,2022-10-08,471,0.2888914893617021
2022,2022-10-08,472,0.28974097664543524
2022,2022-10-08,473,0.28912711864406776
2022,2022-10-12,474,0.28851585623678644
2022,2022-10-12,475,0.28790717299578056
2022,2022-10-12,476,0.2873010526315789
2022,2022-10-14,477,0.2893466386554622
2022,2022-10-14,478,0.28874004192872116
2022,2022-10-14,479,0.2881359832635983
2022,2022-10-14,480,0.28753444676409184
2022,2022-10-15,481,0.2869354166666666
2022,2022-10-15,482,0.28817671517671517
2022,2022-10-15,483,0.2875788381742739
2022,2022-10-15,484,0.2869834368530021
2022,2022-10-18,485,0.2863904958677686
2022,2022-10-18,486,0.2858
2022,2022-10-18,487,0.2852119341563786
2022,2022-10-19,488,0.28462628336755647
2022,2022-10-21,489,0.2866270491803279
2022,2022-10-21,490,0.2886196319018405
2022,2022-10-21,491,0.28803061224489795
2022,2022-10-22,492,0.28744399185336045
2022,2022-10-22,493,0.2886565040650407
2022,2022-10-22,494,0.28807099391480734
2022,2022-10-22,495,0.28748785425101214
2022,2022-10-23,496,0.2869070707070707
2022,2022-10-23,497,0.2863286290322581
2022,2022-10-23,498,0.28828973843058353
2022,2022-10-23,499,0.28771084337349395
2022,2022-10-28,500,0.28713426853707413
2022,2022-10-28,501,0.28793799999999997
2022,2022-10-28,502,0.2873632734530938
2022,2022-10-28,503,0.28679083665338645
2022,2022-10-28,504,0.2875904572564612
2022,2022-10-29,505,0.28838690476190476
2022,2022-10-29,506,0.2878158415841584
2022,2022-11-01,507,0.28724703557312253
2022,2022-11-01,508,0.2866804733727811
2022,2022-11-01,509,0.2861161417322835
2022,2022-11-02,510,0.2855540275049116
2022,2022-11-02,511,0.28499411764705884
2022,2022-11-02,512,0.28443639921722114
2022,2022-11-03,513,0.283880859375
2022,2022-11-03,514,0.283327485380117
2022,2022-11-03,515,0.28277626459143973
2022,2022-11-03,516,0.2835650485436893
2022,2022-11-05,517,0.283015503875969
2023,2023-03-30,1,0.0
2023,2023-03-30,2,0.0
2023,2023-03-30,3,0.29433333333333334
2023,2023-03-30,4,0.22075
2023,2023-04-01,5,0.1766
2023,2023-04-01,6,0.3545
2023,2023-04-01,7,0.43
2023,2023-04-01,8,0.37625
2023,2023-04-02,9,0.4117777777777778
2023,2023-04-02,10,0.45890000000000003
2023,2023-04-02,11,0.4974545454545454
2023,2023-04-02,12,0.45599999999999996
2023,2023-04-03,13,0.4209230769230769
2023,2023-04-03,14,0.39085714285714285
2023,2023-04-03,15,0.36479999999999996
2023,2023-04-03,16,0.3971875
2023,2023-04-04,17,0.3738235294117647
2023,2023-04-04,18,0.35305555555555557
2023,2023-04-04,19,0.3809473684210526
2023,2023-04-04,20,0.4241
2023,2023-04-05,21,0.4631428571428571
2023,2023-04-05,22,0.44209090909090903
2023,2023-04-05,23,0.4612608695652174
2023,2023-04-05,24,0.44204166666666667
2023,2023-04-07,25,0.42436
2023,2023-04-07,26,0.4080384615384615
2023,2023-04-07,27,0.42562962962962964
2023,2023-04-07,28,0.4104285714285715
2023,2023-04-08,29,0.4267241379310345
2023,2023-04-08,30,0.4125
2023,2023-04-08,31,0.39919354838709675
2023,2023-04-08,32,0.4143125
2023,2023-04-09,33,0.4285151515151515
2023,2023-04-09,34,0.4418823529411765
2023,2023-04-09,35,0.4292571428571429
2023,2023-04-09,36,0.41733333333333333
2023,2023-04-10,37,0.4060540540540541
2023,2023-04-10,38,0.41860526315789476
2023,2023-04-10,39,0.40787179487179487
2023,2023-04-10,40,0.397675
2023,2023-04-10,41,0.4095121951219512
2023,2023-04-10,42,0.39976190476190476
2023,2023-04-11,43,0.39046511627906977
2023,2023-04-11,44,0.40165909090909097
2023,2023-04-11,45,0.4123555555555556
2023,2023-04-11,46,0.4033913043478261
2023,2023-04-12,47,0.4135957446808511
2023,2023-04-12,48,0.40497916666666667
2023,2023-04-12,49,0.4221020408163265
2023,2023-04-12,50,0.41365999999999997
2023,2023-04-12,51,0.4055490196078431
2023,2023-04-13,52,0.39775
2023,2023-04-13,53,0.3902452830188679
2023,2023-04-13,54,0.38301851851851854
2023,2023-04-13,55,0.3760545454545455
2023,2023-04-13,56,0.3851071428571428
2023,2023-04-14,57,0.37835087719298244
2023,2023-04-14,58,0.37182758620689654
2023,2023-04-14,59,0.3866101694915254
2023,2023-04-14,60,0.38016666666666665
2023,2023-04-14,61,0.3739344262295082
2023,2023-04-15,62,0.38796774193548383
2023,2023-04-15,63,0.38180952380952377
2023,2023-04-15,64,0.37584375
2023,2023-04-15,65,0.37006153846153844
2023,2023-04-16,66,0.3948181818181818
2023,2023-04-16,67,0.38892537313432834
2023,2023-04-16,68,0.3832058823529412
2023,2023-04-16,69,0.37765217391304345
2023,2023-04-16,70,0.37225714285714284
2023,2023-04-16,71,0.3794507042253521
2023,2023-04-16,72,0.3864444444444444
2023,2023-04-18,73,0.39324657534246577
2023,2023-04-18,74,0.3879324324324324
2023,2023-04-18,75,0.38276
2023,2023-04-18,76,0.3893421052631579
2023,2023-04-18,77,0.3842857142857143
2023,2023-04-18,78,0.37935897435897437
2023,2023-04-18,79,0.37455696202531646
2023,2023-04-18,80,0.369875
2023,2023-04-18,81,0.36530864197530866
2023,2023-04-19,82,0.36085365853658535
2023,2023-04-19,83,0.35650602409638554
2023,2023-04-19,84,0.36707142857142855
2023,2023-04-19,85,0.3731411764705882
2023,2023-04-19,86,0.3688023255813953
2023,2023-04-20,87,0.3645632183908046
2023,2023-04-20,88,0.3704545454545455
2023,2023-04-20,89,0.36629213483146067
2023,2023-04-20,90,0.3622222222222222
2023,2023-04-20,91,0.3658901098901099
2023,2023-04-21,92,0.36191304347826087
2023,2023-04-21,93,0.3580215053763441
2023,2023-04-21,94,0.35421276595744683
2023,2023-04-21,95,0.3504842105263158
2023,2023-04-21,96,0.3540833333333333
2023,2023-04-23,97,0.3504329896907216
2023,2023-04-23,98,0.3468571428571428
2023,2023-04-23,99,0.3433535353535353
2023,2023-04-23,100,0.35996
2023,2023-04-25,101,0.35639603960396044
2023,2023-04-25,102,0.3597254901960784
2023,2023-04-25,103,0.3562330097087379
2023,2023-04-25,104,0.36129807692307697
2023,2023-04-25,105,0.3578571428571429
2023,2023-04-26,106,0.3610471698113208
2023,2023-04-26,107,0.3659252336448598
2023,2023-04-26,108,0.37071296296296297
2023,2023-04-26,109,0.3673119266055046
2023,2023-04-26,110,0.3639727272727273
2023,2023-04-27,111,0.3606936936936937
2023,2023-04-27,112,0.35747321428571427
2023,2023-04-27,113,0.35430973451327435
2023,2023-04-27,114,0.3589473684210526
2023,2023-04-28,115,0.35582608695652174
2023,2023-04-28,116,0.3603706896551724
2023,2023-04-28,117,0.3572905982905983
2023,2023-04-28,118,0.3542627118644068
2023,2023-04-29,119,0.35128571428571426
2023,2023-04-29,120,0.3483583333333333
2023,2023-04-29,121,0.34547933884297516
2023,2023-04-29,122,0.34264754098360656
2023,2023-04-29,123,0.33986178861788613
2023,2023-04-30,124,0.33712096774193545
2023,2023-04-30,125,0.334424
2023,2023-04-30,126,0.33176984126984127
2023,2023-04-30,127,0.3361102362204724
2023,2023-04-30,128,0.333484375
2023,2023-05-01,129,0.33089922480620154
2023,2023-05-01,130,0.33514615384615387
2023,2023-05-01,131,0.3379007633587786
2023,2023-05-01,132,0.3353409090909091
2023,2023-05-01,133,0.33281954887218046
2023,2023-05-02,134,0.3303358208955224
2023,2023-05-02,135,0.3278888888888889
2023,2023-05-02,136,0.3254779411764706
2023,2023-05-02,137,0.3231021897810219
2023,2023-05-03,138,0.3207608695652174
2023,2023-05-03,139,0.3184532374100719
2023,2023-05-03,140,0.3161785714285714
2023,2023-05-03,141,0.313936170212766
2023,2023-05-03,142,0.31794366197183094
2023,2023-05-05,143,0.3157202797202797
2023,2023-05-06,144,0.31856944444444446
2023,2023-05-06,145,0.3163724137931035
2023,2023-05-06,146,0.3142054794520548
2023,2023-05-06,147,0.3120680272108844
2023,2023-05-07,148,0.30995945945945946
2023,2023-05-07,149,0.3138053691275168
2023,2023-05-07,150,0.31171333333333334
2023,2023-05-07,151,0.30964900662251654
2023,2023-05-09,152,0.3121907894736842
2023,2023-05-09,153,0.31015032679738563
2023,2023-05-09,154,0.30813636363636365
2023,2023-05-09,155,0.3061483870967742
2023,2023-05-09,156,0.30418589743589747
2023,2023-05-10,157,0.3022484076433121
2023,2023-05-10,158,0.3003354430379747
2023,2023-05-10,159,0.29844654088050315
2023,2023-05-10,160,0.29658125
2023,2023-05-10,161,0.2947391304347826
2023,2023-05-13,162,0.29291975308641977
2023,2023-05-13,163,0.2911226993865031
2023,2023-05-13,164,0.2969329268292683
2023,2023-05-13,165,0.30048484848484847
2023,2023-05-13,166,0.2986746987951807
2023,2023-05-14,167,0.3021736526946108
2023,2023-05-14,168,0.30563095238095234
2023,2023-05-14,169,0.3038224852071006
2023,2023-05-14,170,0.302035294117647
2023,2023-05-14,171,0.3002690058479532
2023,2023-05-15,172,0.29852325581395345
2023,2023-05-15,173,0.30190173410404625
2023,2023-05-15,174,0.30016666666666664
2023,2023-05-15,175,0.2984514285714286
2023,2023-05-15,176,0.2967556818181818
2023,2023-05-16,177,0.29901129943502824
2023,2023-05-16,178,0.2973314606741573
2023,2023-05-16,179,0.30060335195530724
2023,2023-05-16,180,0.29893333333333333
2023,2023-05-16,181,0.2972817679558011
2023,2023-05-17,182,0.2956483516483516
2023,2023-05-17,183,0.2940327868852459
2023,2023-05-17,184,0.30332608695652175
2023,2023-05-17,185,0.3016864864864865
2023,2023-05-17,186,0.30380645161290326
2023,2023-05-19,187,0.306903743315508
2023,2023-05-19,188,0.30527127659574466
2023,2023-05-19,189,0.3036560846560846
2023,2023-05-19,190,0.3020578947368421
2023,2023-05-20,191,0.3050994764397906
2023,2023-05-20,192,0.30351041666666667
2023,2023-05-20,193,0.3019378238341969
2023,2023-05-20,194,0.3003814432989691
2023,2023-05-20,195,0.3033692307692307
2023,2023-05-21,196,0.31204591836734696
2023,2023-05-22,197,0.31046192893401015
2023,2023-05-22,198,0.31901515151515153
2023,2023-05-22,199,0.32090954773869346
2023,2023-05-22,200,0.319305
2023,2023-05-23,201,0.31771641791044775
2023,2023-05-23,202,0.31614356435643565
2023,2023-05-23,203,0.3145862068965517
2023,2023-05-23,204,0.3130441176470588
2023,2023-05-24,205,0.3115170731707317
2023,2023-05-24,206,0.31000485436893205
2023,2023-05-24,207,0.31277294685990337
2023,2023-05-24,208,0.31551442307692307
2023,2023-05-24,209,0.31822966507177036
2023,2023-05-25,210,0.3167142857142857
2023,2023-05-25,211,0.3211090047393365
2023,2023-05-25,212,0.31959433962264155
2023,2023-05-25,213,0.31809389671361504
2023,2023-05-25,214,0.31660747663551403
2023,2023-05-26,215,0.31924186046511627
2023,2023-05-26,216,0.3209861111111111
2023,2023-05-26,217,0.3195069124423963
2023,2023-05-26,218,0.322091743119266
2023,2023-05-26,219,0.3237990867579909
2023,2023-05-27,220,0.32232727272727274
2023,2023-05-27,221,0.32486425339366515
2023,2023-05-27,222,0.3234009009009009
2023,2023-05-27,223,0.3219506726457399
2023,2023-05-27,224,0.32051339285714286
2023,2023-05-28,225,0.3190888888888889
2023,2023-05-28,226,0.3231814159292035
2023,2023-05-28,227,0.3217577092511013
2023,2023-05-28,228,0.3203464912280702
2023,2023-05-30,229,0.3189475982532751
2023,2023-05-30,230,0.3175608695652174
2023,2023-05-30,231,0.3161861471861472
2023,2023-05-30,232,0.314823275862069
2023,2023-05-31,233,0.31347210300429185
2023,2023-05-31,234,0.3159059829059829
2023,2023-05-31,235,0.31456170212765955
2023,2023-05-31,236,0.3169703389830508
2023,2023-05-31,237,0.315632911392405
2023,2023-06-01,238,0.3143067226890756
2023,2023-06-01,239,0.3129916317991632
2023,2023-06-01,240,0.31168749999999995
2023,2023-06-01,241,0.31039419087136927
2023,2023-06-02,242,0.3119876033057851
2023,2023-06-02,243,0.3107037037037037
2023,2023-06-02,244,0.3130491803278689
2023,2023-06-02,245,0.3153755102040816
2023,2023-06-02,246,0.31409349593495933
2023,2023-06-04,247,0.3128218623481781
2023,2023-06-04,248,0.31156048387096774
2023,2023-06-04,249,0.31030923694779117
2023,2023-06-04,250,0.31260000000000004
2023,2023-06-04,251,0.31424701195219124
2023,2023-06-05,252,0.3157619047619048
2023,2023-06-05,253,0.31451383399209487
2023,2023-06-05,254,0.31601574803149607
2023,2023-06-05,255,0.3147764705882353
2023,2023-06-06,256,0.313546875
2023,2023-06-06,257,0.3157626459143969
2023,2023-06-06,258,0.31453875968992245
2023,2023-06-08,259,0.31332432432432433
2023,2023-06-08,260,0.31211923076923076
2023,2023-06-08,261,0.31092337164750955
2023,2023-06-08,262,0.3131068702290077
2023,2023-06-09,263,0.311916349809886
2023,2023-06-09,264,0.3107348484848485
2023,2023-06-09,265,0.3095622641509434
2023,2023-06-09,266,0.3083984962406015
2023,2023-06-10,267,0.31190262172284644
2023,2023-06-10,268,0.31403358208955223
2023,2023-06-10,269,0.3128661710037175
2023,2023-06-10,270,0.31497777777777775
2023,2023-06-11,271,0.31381549815498155
2023,2023-06-11,272,0.3159080882352941
2023,2023-06-11,273,0.31730036630036634
2023,2023-06-11,274,0.3218686131386861
2023,2023-06-12,275,0.32069818181818177
2023,2023-06-12,276,0.32273550724637684
2023,2023-06-13,277,0.3247581227436823
2023,2023-06-13,278,0.32358992805755393
2023,2023-06-13,279,0.32961290322580644
2023,2023-06-13,280,0.3315892857142857
2023,2023-06-13,281,0.33040925266903914
2023,2023-06-14,282,0.33480141843971634
2023,2023-06-14,283,0.3336183745583039
2023,2023-06-14,284,0.332443661971831
2023,2023-06-14,285,0.33127719298245617
2023,2023-06-15,286,0.33712587412587414
2023,2023-06-15,287,0.33902787456445993
2023,2023-06-15,288,0.33785069444444443
2023,2023-06-15,289,0.336681660899654
2023,2023-06-15,290,0.3355206896551724
2023,2023-06-17,291,0.33436769759450174
2023,2023-06-17,292,0.33322260273972604
2023,2023-06-17,293,0.335098976109215
2023,2023-06-17,294,0.3339591836734694
2023,2023-06-17,295,0.3328271186440678
2023,2023-06-18,296,0.3317027027027027
2023,2023-06-18,297,0.3305858585858586
2023,2023-06-18,298,0.3294765100671141
2023,2023-06-18,299,0.32837458193979935
2023,2023-06-20,300,0.32728
2023,2023-06-20,301,0.32619269102990034
2023,2023-06-20,302,0.32511258278145694
2023,2023-06-20,303,0.3281452145214521
2023,2023-06-22,304,0.3270657894736842
2023,2023-06-22,305,0.3259934426229508
2023,2023-06-22,306,0.3249281045751634
2023,2023-06-22,307,0.3267459283387622
2023,2023-06-23,308,0.32568506493506494
2023,2023-06-23,309,0.32463106796116503
2023,2023-06-23,310,0.32643225806451615
2023,2023-06-23,311,0.3253826366559486
2023,2023-06-24,312,0.3243397435897436
2023,2023-06-24,313,0.32612460063897764
2023,2023-06-24,314,0.3278980891719745
2023,2023-06-24,315,0.32685714285714285
2023,2023-06-25,316,0.32582278481012655
2023,2023-06-25,317,0.32479495268138797
2023,2023-06-25,318,0.3237735849056604
2023,2023-06-25,319,0.3249404388714734
2023,2023-06-27,320,0.323925
2023,2023-06-27,321,0.32566666666666666
2023,2023-06-27,322,0.3246552795031056
2023,2023-06-27,323,0.32365015479876164
2023,2023-06-29,324,0.32265123456790124
2023,2023-06-29,325,0.32165846153846156
2023,2023-06-29,326,0.3206717791411043
2023,2023-06-29,327,0.31969113149847095
2023,2023-06-30,328,0.32140853658536583
2023,2023-06-30,329,0.3231155015197568
2023,2023-06-30,330,0.3221363636363636
2023,2023-06-30,331,0.3211631419939577
2023,2023-07-02,332,0.3201957831325301
2023,2023-07-02,333,0.3192342342342342
2023,2023-07-02,334,0.322002994011976
2023,2023-07-02,335,0.32311940298507463
2023,2023-07-04,336,0.3258601190476191
2023,2023-07-04,337,0.32489317507418397
2023,2023-07-04,338,0.32654437869822484
2023,2023-07-04,339,0.3255811209439528
2023,2023-07-05,340,0.3272205882352941
2023,2023-07-05,341,0.3299090909090909
2023,2023-07-05,342,0.3315263157894737
2023,2023-07-05,343,0.33313411078717203
2023,2023-07-05,344,0.3321656976744186
2023,2023-07-06,345,0.33120289855072466
2023,2023-07-06,346,0.33024566473988437
2023,2023-07-06,347,0.32929394812680113
2023,2023-07-06,348,0.3283477011494253
2023,2023-07-07,349,0.3299369627507163
2023,2023-07-07,350,0.3289942857142857
2023,2023-07-07,351,0.32805698005698003
2023,2023-07-07,352,0.327125
2023,2023-07-08,353,0.3261983002832861
2023,2023-07-08,354,0.3252768361581921
2023,2023-07-09,355,0.32684788732394365
2023,2023-07-09,356,0.3284101123595506
2023,2023-07-09,357,0.32952380952380955
2023,2023-07-09,358,0.32860335195530727
2023,2023-07-14,359,0.3276880222841226
2023,2023-07-14,360,0.3302333333333333
2023,2023-07-14,361,0.3293185595567867
2023,2023-07-14,362,0.32840883977900553
2023,2023-07-15,363,0.32750413223140495
2023,2023-07-15,364,0.3266043956043956
2023,2023-07-15,365,0.32812876712328765
2023,2023-07-15,366,0.3296448087431694
2023,2023-07-15,367,0.3306430517711172
2023,2023-07-15,368,0.3297445652173913
2023,2023-07-16,369,0.3288509485094851
2023,2023-07-16,370,0.33337837837837836
2023,2023-07-16,371,0.33485983827493265
2023,2023-07-16,372,0.33395967741935484
2023,2023-07-16,373,0.3330643431635389
2023,2023-07-18,374,0.3355
2023,2023-07-18,375,0.33460533333333337
2023,2023-07-18,376,0.33606382978723404
2023,2023-07-18,377,0.3351724137931035
2023,2023-07-19,378,0.3342857142857143
2023,2023-07-19,379,0.3334036939313984
2023,2023-07-19,380,0.33252631578947367
2023,2023-07-19,381,0.33397112860892386
2023,2023-07-20,382,0.33309685863874344
2023,2023-07-20,383,0.334532637075718
2023,2023-07-20,384,0.3336614583333333
2023,2023-07-21,385,0.3346025974025974
2023,2023-07-21,386,0.3337357512953368
2023,2023-07-21,387,0.33515503875968994
2023,2023-07-21,388,0.3394561855670103
2023,2023-07-21,389,0.33858354755784065
2023,2023-07-22,390,0.33771538461538464
2023,2023-07-22,391,0.3368516624040921
2023,2023-07-22,392,0.3359923469387755
2023,2023-07-23,393,0.3369083969465649
2023,2023-07-23,394,0.33781979695431474
2023,2023-07-23,395,0.3369645569620253
2023,2023-07-24,396,0.33611363636363634
2023,2023-07-24,397,0.3352670025188917
2023,2023-07-24,398,0.3344246231155779
2023,2023-07-24,399,0.33358646616541354
2023,2023-07-25,400,0.3327525
2023,2023-07-25,401,0.33192269326683294
2023,2023-07-25,402,0.33109701492537313
2023,2023-07-25,403,0.3333622828784119
2023,2023-07-26,404,0.3325371287128713
2023,2023-07-26,405,0.3338962962962963
2023,2023-07-26,406,0.3330738916256158
2023,2023-07-26,407,0.3322555282555283
2023,2023-07-28,408,0.3344901960784314
2023,2023-07-28,409,0.3358312958435208
2023,2023-07-28,410,0.3350121951219512
2023,2023-07-28,411,0.33419708029197076
2023,2023-07-29,412,0.33338592233009706
2023,2023-07-29,413,0.335590799031477
2023,2023-07-29,414,0.33691304347826084
2023,2023-07-29,415,0.33610120481927713
2023,2023-07-29,416,0.33741586538461543
2023,2023-07-31,417,0.3366067146282974
2023,2023-07-31,418,0.3358014354066986
2023,2023-07-31,419,0.335
2023,2023-07-31,420,0.334202380952381
2023,2023-07-31,421,0.3334085510688836
2023,2023-08-01,422,0.3326184834123223
2023,2023-08-01,423,0.3318321513002364
2023,2023-08-01,424,0.33104952830188683
2023,2023-08-01,425,0.33027058823529415
2023,2023-08-02,426,0.3294953051643193
2023,2023-08-02,427,0.330791569086651
2023,2023-08-02,428,0.33164485981308406
2023,2023-08-02,429,0.3329300699300699
2023,2023-08-02,430,0.33215581395348837
2023,2023-08-02,431,0.33427146171693733
2023,2023-08-03,432,0.3334976851851852
2023,2023-08-03,433,0.33272748267898383
2023,2023-08-03,434,0.33356451612903226
2023,2023-08-03,435,0.33279770114942525
2023,2023-08-04,436,0.33203440366972475
2023,2023-08-04,437,0.3341212814645309
2023,2023-08-04,438,0.3361986301369863
2023,2023-08-04,439,0.33543280182232343
2023,2023-08-05,440,0.3346704545454545
2023,2023-08-05,441,0.3359138321995465
2023,2023-08-05,442,0.3351538461538462
2023,2023-08-05,443,0.3343972911963883
2023,2023-08-06,444,0.33815765765765765
2023,2023-08-06,445,0.33739775280898876
2023,2023-08-06,446,0.33664125560538116
2023,2023-08-06,447,0.33588814317673377
2023,2023-08-08,448,0.3366919642857143
2023,2023-08-08,449,0.33594209354120264
2023,2023-08-08,450,0.3371577777777778
2023,2023-08-08,451,0.336410199556541
2023,2023-08-08,452,0.3356659292035398
2023,2023-08-08,453,0.334924944812362
2023,2023-08-08,454,0.3361321585903083
2023,2023-08-08,455,0.33692307692307694
2023,2023-08-10,456,0.3361842105263158
2023,2023-08-10,457,0.33544857768052516
2023,2023-08-10,458,0.3347161572052402
2023,2023-08-10,459,0.33556862745098043
2023,2023-08-11,460,0.3375434782608696
2023,2023-08-11,461,0.33681127982646425
2023,2023-08-11,462,0.3360822510822511
2023,2023-08-11,463,0.33968466522678187
2023,2023-08-11,464,0.33895258620689656
2023,2023-08-12,465,0.3382236559139785
2023,2023-08-12,466,0.33749785407725325
2023,2023-08-12,467,0.33677516059957174
2023,2023-08-12,468,0.33605555555555555
2023,2023-08-13,469,0.3368230277185501
2023,2023-08-13,470,0.3361063829787234
2023,2023-08-13,471,0.3353927813163482
2023,2023-08-13,472,0.3346822033898305
2023,2023-08-15,473,0.33397463002114164
2023,2023-08-15,474,0.3351329113924051
2023,2023-08-15,475,0.3358926315789474
2023,2023-08-16,476,0.3378004201680672
2023,2023-08-16,477,0.3370922431865828
2023,2023-08-16,478,0.33638702928870295
2023,2023-08-16,479,0.3356847599164927
2023,2023-08-16,480,0.3349854166666667
2023,2023-08-18,481,0.3342889812889813
2023,2023-08-18,482,0.33359543568464733
2023,2023-08-18,483,0.3329047619047619
2023,2023-08-18,484,0.33365495867768596
2023,2023-08-19,485,0.33296701030927833
2023,2023-08-19,486,0.3340987654320987
2023,2023-08-19,487,0.33341273100616015
2023,2023-08-19,488,0.33272950819672126
2023,2023-08-19,489,0.3361472392638037
2023,2023-08-19,490,0.33546122448979593
2023,2023-08-20,491,0.33477800407331976
2023,2023-08-20,492,0.3340975609756098
2023,2023-08-20,493,0.33341987829614605
2023,2023-08-20,494,0.33453238866396756
2023,2023-08-21,495,0.33526262626262626
2023,2023-08-21,496,0.3345866935483871
2023,2023-08-21,497,0.3364164989939638
2023,2023-08-21,498,0.33574096385542174
2023,2023-08-22,499,0.337561122244489
2023,2023-08-22,500,0.338652
2023,2023-08-22,501,0.3379760479041916
2023,2023-08-22,502,0.3387490039840637
2023,2023-08-23,503,0.3380755467196819
2023,2023-08-23,504,0.33915674603174606
2023,2023-08-23,505,0.3384851485148515
2023,2023-08-23,506,0.33781620553359687
2023,2023-08-23,507,0.33714990138067064
2023,2023-08-25,508,0.3364862204724409
2023,2023-08-25,509,0.33582514734774066
2023,2023-08-25,510,0.33516666666666667
2023,2023-08-25,511,0.3345107632093933
2023,2023-08-26,512,0.333857421875
2023,2023-08-26,513,0.33711306042884986
2023,2023-08-26,514,0.33645719844357974
2023,2023-08-26,515,0.33751844660194175
2023,2023-08-27,516,0.3368643410852713
2023,2023-08-27,517,0.3362127659574468
2023,2023-08-27,518,0.3372683397683398
2023,2023-08-27,519,0.3366184971098266
2023,2023-08-28,520,0.3359711538461539
2023,2023-08-28,521,0.3353262955854127
2023,2023-08-28,522,0.33468390804597703
2023,2023-08-28,523,0.33404397705544936
2023,2023-08-29,524,0.3350916030534351
2023,2023-08-29,525,0.33827047619047623
2023,2023-08-30,526,0.3393060836501901
2023,2023-08-30,527,0.338662239089184
2023,2023-08-30,528,0.3380208333333333
2023,2023-08-30,529,0.3373818525519849
2023,2023-08-30,530,0.3367452830188679
2023,2023-09-01,531,0.3361111111111111
2023,2023-09-01,532,0.3354793233082707
2023,2023-09-01,533,0.3348499061913696
2023,2023-09-01,534,0.33422284644194755
2023,2023-09-02,535,0.3335981308411215
2023,2023-09-02,536,0.3329757462686567
2023,2023-09-02,537,0.3323556797020484
2023,2023-09-02,538,0.3317379182156134
2023,2023-09-03,539,0.3311224489795918
2023,2023-09-03,540,0.3305092592592592
2023,2023-09-03,541,0.32989833641404803
2023,2023-09-03,542,0.32928966789667896
2023,2023-09-04,543,0.3303093922651934
2023,2023-09-04,544,0.3313253676470588
2023,2023-09-04,545,0.33299999999999996
2023,2023-09-04,546,0.33466849816849814
2023,2023-09-04,547,0.3340566727605119
2023,2023-09-05,548,0.3334470802919708
2023,2023-09-05,549,0.33283970856102
2023,2023-09-05,550,0.33223454545454545
2023,2023-09-06,551,0.3316315789473684
2023,2023-09-06,552,0.3326304347826087
2023,2023-09-06,553,0.3320289330922242
2023,2023-09-06,554,0.3330234657039711
2023,2023-09-06,555,0.3336774774774775
2023,2023-09-08,556,0.3343291366906475
2023,2023-09-08,557,0.33531418312387795
2023,2023-09-08,558,0.33471326164874554
2023,2023-09-08,559,0.3341144901610018
2023,2023-09-09,560,0.33351785714285714
2023,2023-09-09,561,0.3329233511586453
2023,2023-09-09,562,0.33362277580071176
2023,2023-09-09,563,0.3330301953818828
2023,2023-09-10,564,0.33243971631205677
2023,2023-09-10,565,0.33185132743362833
2023,2023-09-10,566,0.33126501766784455
2023,2023-09-10,567,0.3319082892416226
2023,2023-09-10,568,0.3313239436619718
2023,2023-09-11,569,0.3320175746924429
2023,2023-09-11,570,0.33143508771929825
2023,2023-09-11,571,0.3308546409807356
2023,2023-09-11,572,0.3302762237762238
2023,2023-09-11,573,0.3296998254799302
2023,2023-09-11,574,0.3291254355400697
2023,2023-09-11,575,0.33071652173913046
2023,2023-09-11,576,0.3301423611111111
2023,2023-09-11,577,0.3295701906412478
2023,2023-09-12,578,0.329
2023,2023-09-12,579,0.3318929188255613
2023,2023-09-12,580,0.3313206896551724
2023,2023-09-13,581,0.3322702237521515
2023,2023-09-13,582,0.33169931271477665
2023,2023-09-13,583,0.3311303602058319
2023,2023-09-13,584,0.3305633561643836
2023,2023-09-15,585,0.3299982905982906
2023,2023-09-15,586,0.33062286689419795
2023,2023-09-15,587,0.3300596252129472
2023,2023-09-15,588,0.3294982993197279
2023,2023-09-16,589,0.3304380305602716
2023,2023-09-16,590,0.3298779661016949
2023,2023-09-16,591,0.3293197969543147
2023,2023-09-16,592,0.3287635135135135
2023,2023-09-17,593,0.32820910623946037
2023,2023-09-17,594,0.32820910623946037
2023,2023-09-17,595,0.32765656565656565
2023,2023-09-17,596,0.32858991596638654
2023,2023-09-17,597,0.32952013422818793
2023,2023-09-18,598,0.3289681742043551
2023,2023-09-18,599,0.3284180602006689
2023,2023-09-18,600,0.3278697829716194
2023,2023-09-18,601,0.32732333333333336
2023,2023-09-19,602,0.3267787021630616
2023,2023-09-19,603,0.32623588039867113
2023,2023-09-19,604,0.3256948590381426
2023,2023-09-20,605,0.32630794701986754
2023,2023-09-20,606,0.32576859504132233
2023,2023-09-20,607,0.3252310231023102
2023,2023-09-20,608,0.3246952224052718
2023,2023-09-20,609,0.3262072368421053
2023,2023-09-21,610,0.32567159277504104
2023,2023-09-21,611,0.3251377049180328
2023,2023-09-21,612,0.32574468085106384
2023,2023-09-21,613,0.3252124183006536
2023,2023-09-22,614,0.32468189233278955
2023,2023-09-22,615,0.3241530944625407
2023,2023-09-22,616,0.32362601626016263
2023,2023-09-22,617,0.3245340909090909
2023,2023-09-24,618,0.32400810372771477
2023,2023-09-24,619,0.3249126213592233
2023,2023-09-24,620,0.3243877221324717
2023,2023-09-24,621,0.3238645161290322
2023,2023-09-26,622,0.3233429951690821
2023,2023-09-26,623,0.32282315112540194
2023,2023-09-26,624,0.32230497592295343
2023,2023-09-26,625,0.32320352564102567
2023,2023-09-27,626,0.3226864
2023,2023-09-27,627,0.3221709265175719
2023,2023-09-27,628,0.32165709728867625
2023,2023-09-27,629,0.3211449044585987
2023,2023-09-30,630,0.32063434022257553
2023,2023-09-30,631,0.3201253968253968
2023,2023-09-30,632,0.31961806656101427
2023,2023-09-30,633,0.3191123417721519
2023,2023-10-01,634,0.32000315955766195
2023,2023-10-01,635,0.320891167192429
2023,2023-10-01,636,0.32038582677165356
2023,2023-10-01,637,0.3218380503144654
2023,2023-10-01,638,0.32242543171114596
2023,2023-10-03,639,0.32192006269592477
2023,2023-10-03,640,0.3227981220657277
2023,2023-10-03,641,0.32229375
2023,2023-10-03,642,0.32179095163806554
2023,2023-10-04,643,0.3212897196261682
2023,2023-10-04,644,0.3207900466562986
2023,2023-10-04,645,0.32340372670807455
2023,2023-10-04,646,0.3229023255813953
2023,2023-10-07,647,0.32240247678018574
2023,2023-10-07,648,0.32326893353941266
2023,2023-10-07,649,0.3241327160493827
2023,2023-10-07,650,0.32470570107858243
2023,2023-10-09,651,0.32420615384615387
2023,2023-10-09,652,0.3237081413210446
2023,2023-10-09,653,0.3232116564417178
2023,2023-10-09,654,0.3240689127105666
2023,2023-10-11,655,0.32357339449541284
2023,2023-10-11,656,0.3241419847328244
2023,2023-10-11,657,0.3236478658536585
2023,2023-10-11,658,0.32315525114155247
2023,2023-10-12,659,0.3226641337386018
2023,2023-10-12,660,0.32217450682852805
2023,2023-10-12,661,0.3216863636363636
2023,2023-10-12,662,0.32119969742813914
2023,2023-10-16,663,0.320714501510574
2023,2023-10-16,664,0.32128054298642533
2023,2023-10-16,665,0.3207966867469879
2023,2023-10-16,666,0.3203142857142857
2023,2023-10-17,667,0.3198333333333333
2023,2023-10-17,668,0.3193538230884557
2023,2023-10-17,669,0.32019760479041914
2023,2023-10-17,670,0.3210388639760837
2023,2023-10-19,671,0.3205597014925373
2023,2023-10-19,672,0.32008196721311477
2023,2023-10-19,673,0.3196056547619048
2023,2023-10-20,674,0.31913075780089156
2023,2023-10-20,675,0.3186572700296736
2023,2023-10-20,676,0.3192162962962963
2023,2023-10-20,677,0.3187440828402367
2023,2023-10-21,678,0.3195775480059084
2023,2023-10-21,679,0.31910619469026547
2023,2023-10-21,680,0.3199366715758468
2023,2023-10-21,681,0.3194661764705882
2023,2023-10-23,682,0.3189970631424376
2023,2023-10-23,683,0.31852932551319646
2023,2023-10-23,684,0.3193557833089312
2023,2023-10-23,685,0.3188888888888889
2023,2023-10-24,686,0.3184233576642336
2023,2023-10-24,687,0.3197725947521866
2023,2023-10-24,688,0.3193071324599709
2023,2023-10-24,689,0.318843023255814
2024,2024-03-29,1,0.0
2024,2024-03-29,2,0.441
2024,2024-03-29,3,0.294
2024,2024-03-29,4,0.2205
2024,2024-03-30,5,0.3528
2024,2024-03-30,6,0.441
2024,2024-03-30,7,0.378
2024,2024-03-30,8,0.4875
2024,2024-03-31,9,0.5098888888888888
2024,2024-03-31,10,0.4589
2024,2024-04-01,11,0.41718181818181815
2024,2024-04-01,12,0.3824166666666666
2024,2024-04-01,13,0.40599999999999997
2024,2024-04-01,14,0.37699999999999995
2024,2024-04-02,15,0.35186666666666666
2024,2024-04-02,16,0.329875
2024,2024-04-02,17,0.3104705882352941
2024,2024-04-02,18,0.33149999999999996
2024,2024-04-03,19,0.31405263157894736
2024,2024-04-03,20,0.29835
2024,2024-04-03,21,0.31695238095238093
2024,2024-04-03,22,0.3025454545454545
2024,2024-04-05,23,0.3193478260869565
2024,2024-04-05,24,0.30604166666666666
2024,2024-04-05,25,0.32908000000000004
2024,2024-04-05,26,0.3164230769230769
2024,2024-04-05,27,0.33022222222222225
2024,2024-04-06,28,0.31842857142857145
2024,2024-04-06,29,0.30744827586206896
2024,2024-04-06,30,0.3266
2024,2024-04-06,31,0.31606451612903225
2024,2024-04-07,32,0.3061875
2024,2024-04-08,33,0.2969090909090909
2024,2024-04-08,34,0.2881764705882353
2024,2024-04-08,35,0.27994285714285716
2024,2024-04-08,36,0.27216666666666667
2024,2024-04-08,37,0.2648108108108108
2024,2024-04-09,38,0.2578421052631579
2024,2024-04-09,39,0.25123076923076926
2024,2024-04-09,40,0.267
2024,2024-04-09,41,0.2604878048780488
2024,2024-04-10,42,0.2542857142857143
2024,2024-04-10,43,0.2483720930232558
2024,2024-04-10,44,0.2427272727272727
2024,2024-04-10,45,0.25693333333333335
2024,2024-04-11,46,0.2513478260869565
2024,2024-04-11,47,0.246
2024,2024-04-11,48,0.2835833333333333
2024,2024-04-12,49,0.2777959183673469
2024,2024-04-12,50,0.28987999999999997
2024,2024-04-12,51,0.28419607843137257
2024,2024-04-12,52,0.2787307692307692
2024,2024-04-13,53,0.27347169811320754
2024,2024-04-14,54,0.26840740740740743
2024,2024-04-14,55,0.2635272727272727
2024,2024-04-14,56,0.2745714285714286
2024,2024-04-15,57,0.28184210526315784
2024,2024-04-15,58,0.2921896551724138
2024,2024-04-15,59,0.30218644067796613
2024,2024-04-15,60,0.29715
2024,2024-04-16,61,0.30673770491803276
2024,2024-04-16,62,0.30179032258064514
2024,2024-04-16,63,0.297
2024,2024-04-17,64,0.292359375
2024,2024-04-17,65,0.28786153846153845
2024,2024-04-17,66,0.2835
2024,2024-04-17,67,0.2792686567164179
2024,2024-04-20,68,0.27516176470588233
2024,2024-04-20,69,0.27117391304347827
2024,2024-04-20,70,0.2673
2024,2024-04-20,71,0.2635352112676056
2024,2024-04-21,72,0.25987499999999997
2024,2024-04-21,73,0.25631506849315067
2024,2024-04-21,74,0.25285135135135134
2024,2024-04-21,75,0.26123999999999997
2024,2024-04-22,76,0.2578026315789474
2024,2024-04-22,77,0.25445454545454543
2024,2024-04-22,78,0.2511923076923077
2024,2024-04-22,79,0.2567341772151899
2024,2024-04-25,80,0.2734
2024,2024-04-25,81,0.2700246913580247
2024,2024-04-25,82,0.27748780487804875
2024,2024-04-25,83,0.274144578313253
2024,2024-04-26,84,0.27088095238095233
2024,2024-04-26,85,0.2676941176470588
2024,2024-04-26,86,0.2645813953488372
2024,2024-04-26,87,0.26154022988505743
2024,2024-04-27,88,0.2585681818181818
2024,2024-04-27,89,0.2556629213483146
2024,2024-04-27,90,0.25282222222222217
2024,2024-04-27,91,0.250043956043956
2024,2024-04-28,92,0.2696086956521739
2024,2024-04-28,93,0.288752688172043
2024,2024-04-28,94,0.29334042553191486
2024,2024-04-28,95,0.2902526315789474
2024,2024-04-29,96,0.28722916666666665
2024,2024-04-29,97,0.28426804123711336
2024,2024-04-29,98,0.28839795918367345
2024,2024-04-30,99,0.29244444444444445
2024,2024-04-30,100,0.28952
2024,2024-04-30,101,0.28665346534653463
2024,2024-04-30,102,0.2961372549019608
2024,2024-05-03,103,0.2932621359223301
2024,2024-05-03,104,0.29044230769230767
2024,2024-05-03,105,0.2876761904761905
2024,2024-05-03,106,0.2932830188679245
2024,2024-05-04,107,0.29878504672897194
2024,2024-05-04,108,0.30418518518518517
2024,2024-05-04,109,0.301394495412844
2024,2024-05-04,110,0.3049181818181818
2024,2024-05-04,111,0.30837837837837834
2024,2024-05-05,112,0.3117767857142857
2024,2024-05-05,113,0.32011504424778764
2024,2024-05-05,114,0.31730701754385965
2024,2024-05-05,115,0.31454782608695653
2024,2024-05-06,116,0.3118362068965517
2024,2024-05-06,117,0.3150598290598291
2024,2024-05-06,118,0.3123898305084746
2024,2024-05-06,119,0.30976470588235294
2024,2024-05-07,120,0.31453333333333333
2024,2024-05-07,121,0.31193388429752067
2024,2024-05-07,122,0.3093770491803279
2024,2024-05-07,123,0.31403252032520323
2024,2024-05-08,124,0.3170564516129032
2024,2024-05-08,125,0.31451999999999997
2024,2024-05-08,126,0.3120238095238095
2024,2024-05-08,127,0.31944094488188973
2024,2024-05-11,128,0.31694531249999996
2024,2024-05-11,129,0.3144883720930232
2024,2024-05-11,130,0.3243
2024,2024-05-11,131,0.3285572519083969
2024,2024-05-11,132,0.3260681818181818
2024,2024-05-12,133,0.3302481203007519
2024,2024-05-12,134,0.3371417910447761
2024,2024-05-12,135,0.33974814814814813
2024,2024-05-12,136,0.3423161764705882
2024,2024-05-12,137,0.34484671532846717
2024,2024-05-13,138,0.3487391304347826
2024,2024-05-13,139,0.3462302158273381
2024,2024-05-13,140,0.3437571428571428
2024,2024-05-13,141,0.3558581560283688
2024,2024-05-13,142,0.3533521126760564
2024,2024-05-14,143,0.35569930069930067
2024,2024-05-14,144,0.35801388888888885
2024,2024-05-14,145,0.35554482758620687
2024,2024-05-14,146,0.35782876712328765
2024,2024-05-14,147,0.36139455782312924
2024,2024-05-15,148,0.3589527027027027
2024,2024-05-15,149,0.3565436241610738
2024,2024-05-15,150,0.35896666666666666
2024,2024-05-15,151,0.3611523178807947
2024,2024-05-16,152,0.36330921052631576
2024,2024-05-16,153,0.3666993464052287
2024,2024-05-16,154,0.3643181818181818
2024,2024-05-17,155,0.3666129032258064
2024,2024-05-17,156,0.36991666666666667
2024,2024-05-17,157,0.36756050955414016
2024,2024-05-17,158,0.36523417721518986
2024,2024-05-18,159,0.362937106918239
2024,2024-05-18,160,0.36066875
2024,2024-05-18,161,0.3711614906832298
2024,2024-05-18,162,0.36887037037037035
2024,2024-05-19,163,0.36660736196319016
2024,2024-05-19,164,0.36974999999999997
2024,2024-05-19,165,0.37168484848484845
2024,2024-05-19,166,0.36944578313253007
2024,2024-05-19,167,0.3672335329341317
2024,2024-05-21,168,0.365047619047619
2024,2024-05-21,169,0.362887573964497
2024,2024-05-21,170,0.36075294117647055
2024,2024-05-21,171,0.35864327485380115
2024,2024-05-22,172,0.3616860465116279
2024,2024-05-22,173,0.35959537572254335
2024,2024-05-22,174,0.3575287356321839
2024,2024-05-22,175,0.3554857142857143
2024,2024-05-23,176,0.3534659090909091
2024,2024-05-23,177,0.35146892655367235
2024,2024-05-23,178,0.3494943820224719
2024,2024-05-23,179,0.3475418994413408
2024,2024-05-24,180,0.3456111111111111
2024,2024-05-24,181,0.3437016574585635
2024,2024-05-24,182,0.34181318681318684
2024,2024-05-24,183,0.33994535519125685
2024,2024-05-25,184,0.33809782608695654
2024,2024-05-25,185,0.3362702702702703
2024,2024-05-25,186,0.33920430107526883
2024,2024-05-25,187,0.3373903743315508
2024,2024-05-25,188,0.33926063829787234
2024,2024-05-26,189,0.33746560846560847
2024,2024-05-26,190,0.33568947368421054
2024,2024-05-26,191,0.33393193717277486
2024,2024-05-26,192,0.3321927083333333
2024,2024-05-27,193,0.3304715025906736
2024,2024-05-28,194,0.3287680412371134
2024,2024-05-28,195,0.32708205128205126
2024,2024-05-28,196,0.32541326530612247
2024,2024-05-28,197,0.32376142131979696
2024,2024-05-29,198,0.3265808080808081
2024,2024-05-29,199,0.32937185929648244
2024,2024-05-29,200,0.327725
2024,2024-05-29,201,0.32609452736318406
2024,2024-05-29,202,0.324480198019802
2024,2024-05-31,203,0.3228817733990148
2024,2024-05-31,204,0.32129901960784313
2024,2024-05-31,205,0.3197317073170732
2024,2024-06-01,206,0.31817961165048547
2024,2024-06-01,207,0.3166425120772947
2024,2024-06-01,208,0.31512019230769234
2024,2024-06-01,209,0.31361244019138756
2024,2024-06-02,210,0.31539999999999996
2024,2024-06-02,211,0.31390521327014215
2024,2024-06-02,212,0.31658490566037734
2024,2024-06-02,213,0.31509859154929576
2024,2024-06-02,214,0.31362616822429906
2024,2024-06-03,215,0.31626976744186047
2024,2024-06-03,216,0.31480555555555556
2024,2024-06-03,217,0.31335483870967745
2024,2024-06-04,218,0.3119174311926606
2024,2024-06-04,219,0.31049315068493155
2024,2024-06-04,220,0.31478181818181816
2024,2024-06-04,221,0.3133574660633484
2024,2024-06-05,222,0.31194594594594593
2024,2024-06-05,223,0.3105470852017937
2024,2024-06-05,224,0.31309821428571427
2024,2024-06-08,225,0.3117066666666667
2024,2024-06-08,226,0.31337610619469025
2024,2024-06-08,227,0.31199559471365634
2024,2024-06-08,228,0.3144956140350877
2024,2024-06-09,229,0.31312227074235804
2024,2024-06-11,230,0.31559565217391305
2024,2024-06-11,231,0.31965800865800864
2024,2024-06-11,232,0.3182801724137931
2024,2024-06-11,233,0.3169141630901287
2024,2024-06-12,234,0.31555982905982904
2024,2024-06-12,235,0.3171489361702128
2024,2024-06-12,236,0.31580508474576274
2024,2024-06-12,237,0.31976371308016877
2024,2024-06-12,238,0.31842016806722684
2024,2024-06-13,239,0.3170878661087866
2024,2024-06-13,240,0.31576666666666664
2024,2024-06-13,241,0.3144564315352697
2024,2024-06-13,242,0.3131570247933884
2024,2024-06-14,243,0.3118683127572016
2024,2024-06-14,244,0.3134139344262295
2024,2024-06-14,245,0.312134693877551
2024,2024-06-14,246,0.3108658536585366
2024,2024-06-14,247,0.3096072874493927
2024,2024-06-15,248,0.30835887096774195
2024,2024-06-15,249,0.30712048192771085
2024,2024-06-15,250,0.310908
2024,2024-06-15,251,0.31241434262948203
2024,2024-06-16,252,0.31117460317460316
2024,2024-06-16,253,0.3099446640316205
2024,2024-06-16,254,0.3087244094488189
2024,2024-06-16,255,0.30751372549019607
2024,2024-06-16,256,0.3063125
2024,2024-06-17,257,0.30512062256809336
2024,2024-06-17,258,0.3073565891472868
2024,2024-06-17,259,0.30616988416988417
2024,2024-06-17,260,0.3049923076923077
2024,2024-06-18,261,0.30382375478927204
2024,2024-06-18,262,0.30266412213740457
2024,2024-06-18,263,0.3041330798479087
2024,2024-06-18,264,0.3063219696969697
2024,2024-06-18,265,0.3084943396226415
2024,2024-06-19,266,0.31204887218045113
2024,2024-06-19,267,0.31088014981273404
2024,2024-06-19,268,0.3097201492537313
2024,2024-06-19,269,0.30856877323420073
2024,2024-06-21,270,0.30742592592592594
2024,2024-06-22,271,0.3062915129151291
2024,2024-06-22,272,0.3051654411764706
2024,2024-06-22,273,0.304047619047619
2024,2024-06-22,274,0.3029379562043795
2024,2024-06-22,275,0.30504363636363635
2024,2024-06-23,276,0.30393840579710146
2024,2024-06-23,277,0.30284115523465704
2024,2024-06-23,278,0.3042302158273381
2024,2024-06-23,279,0.3063010752688172
2024,2024-06-24,280,0.30520714285714284
2024,2024-06-24,281,0.30725978647686836
2024,2024-06-24,282,0.30617021276595746
2024,2024-06-24,283,0.30508833922261486
2024,2024-06-24,284,0.3071197183098591
2024,2024-06-25,285,0.3060421052631579
2024,2024-06-26,286,0.30497202797202794
2024,2024-06-26,287,0.3063101045296167
2024,2024-06-26,288,0.30960069444444444
2024,2024-06-26,289,0.30852941176470583
2024,2024-06-28,290,0.30746551724137927
2024,2024-06-28,291,0.30640893470790376
2024,2024-06-28,292,0.30535958904109584
2024,2024-06-28,293,0.3043174061433447
2024,2024-06-29,294,0.30328231292517005
2024,2024-06-29,295,0.3052440677966102
2024,2024-06-29,296,0.3071925675675676
2024,2024-06-29,297,0.30847811447811446
2024,2024-06-30,298,0.3074429530201342
2024,2024-06-30,299,0.30641471571906354
2024,2024-06-30,300,0.3053933333333333
2024,2024-06-30,301,0.3073089700996678
2024,2024-06-30,302,0.30629139072847683
2024,2024-07-02,303,0.30528052805280526
2024,2024-07-02,304,0.3042763157894737
2024,2024-07-02,305,0.30617049180327865
2024,2024-07-02,306,0.30926797385620913
2024,2024-07-02,307,0.3082605863192182
2024,2024-07-03,308,0.30949675324675324
2024,2024-07-03,309,0.30849514563106795
2024,2024-07-03,310,0.3075
2024,2024-07-03,311,0.30651125401929263
2024,2024-07-03,312,0.3055288461538462
2024,2024-07-04,313,0.30455271565495207
2024,2024-07-04,314,0.3035828025477707
2024,2024-07-04,315,0.3026190476190476
2024,2024-07-04,316,0.3044525316455696
2024,2024-07-05,317,0.30349211356466876
2024,2024-07-05,318,0.3025377358490566
2024,2024-07-05,319,0.30158934169278995
2024,2024-07-05,320,0.3028
2024,2024-07-05,321,0.3046043613707165
2024,2024-07-06,322,0.30365838509316767
2024,2024-07-06,323,0.3054489164086687
2024,2024-07-06,324,0.30450617283950615
2024,2024-07-06,325,0.30568923076923077
2024,2024-07-07,326,0.3047515337423313
2024,2024-07-07,327,0.30381957186544345
2024,2024-07-07,328,0.30289329268292686
2024,2024-07-07,329,0.3019726443768997
2024,2024-07-09,330,0.30105757575757575
2024,2024-07-09,331,0.30014803625377645
2024,2024-07-09,332,0.3054186746987952
2024,2024-07-09,333,0.3045015015015015
2024,2024-07-10,334,0.30358982035928145
2024,2024-07-10,335,0.3053164179104477
2024,2024-07-10,336,0.30703273809523807
2024,2024-07-10,337,0.30612166172106825
2024,2024-07-11,338,0.30782544378698223
2024,2024-07-11,339,0.3069174041297935
2024,2024-07-11,340,0.30601470588235297
2024,2024-07-11,341,0.3051173020527859
2024,2024-07-12,342,0.3042251461988304
2024,2024-07-13,343,0.30333819241982507
2024,2024-07-13,344,0.3024563953488372
2024,2024-07-13,345,0.3015797101449275
2024,2024-07-13,346,0.3026994219653179
2024,2024-07-13,347,0.3018270893371758
2024,2024-07-14,348,0.3009597701149425
2024,2024-07-14,349,0.30009742120343835
2024,2024-07-14,350,0.29924
2024,2024-07-14,351,0.2983874643874644
2024,2024-07-20,352,0.2975397727272727
2024,2024-07-20,353,0.2966968838526912
2024,2024-07-20,354,0.29585875706214687
2024,2024-07-22,355,0.29750985915492956
2024,2024-07-22,356,0.29667415730337077
2024,2024-07-22,357,0.29584313725490197
2024,2024-07-23,358,0.2974804469273743
2024,2024-07-23,359,0.2966518105849582
2024,2024-07-23,360,0.29582777777777775
2024,2024-07-23,361,0.29500831024930746
2024,2024-07-24,362,0.2941933701657458
2024,2024-07-24,363,0.2933829201101928
2024,2024-07-24,364,0.29257692307692307
2024,2024-07-24,365,0.2917753424657534
2024,2024-07-26,366,0.2909781420765027
2024,2024-07-26,367,0.2957711171662125
2024,2024-07-26,368,0.2973641304347826
2024,2024-07-26,369,0.2989485094850948
2024,2024-07-27,370,0.2981405405405405
2024,2024-07-27,371,0.2997142857142857
2024,2024-07-27,372,0.29890860215053766
2024,2024-07-27,373,0.2981072386058981
2024,2024-07-28,374,0.2973101604278075
2024,2024-07-29,375,0.2988693333333333
2024,2024-07-29,376,0.29807446808510635
2024,2024-07-29,377,0.2996233421750663
2024,2024-07-30,378,0.3006534391534391
2024,2024-07-30,379,0.2998601583113456
2024,2024-07-30,380,0.2990710526315789
2024,2024-07-30,381,0.3006010498687664
2024,2024-07-30,382,0.29981413612565444
2024,2024-07-31,383,0.30133420365535246
2024,2024-07-31,384,0.30284635416666666
2024,2024-08-02,385,0.30205974025974025
2024,2024-08-02,386,0.30127720207253883
2024,2024-08-02,387,0.3004987080103359
2024,2024-08-02,388,0.2997242268041237
2024,2024-08-03,389,0.29895372750642674
2024,2024-08-03,390,0.2981871794871795
2024,2024-08-03,391,0.2974245524296675
2024,2024-08-03,392,0.2966658163265306
2024,2024-08-03,393,0.29591094147582697
2024,2024-08-04,394,0.29515989847715735
2024,2024-08-04,395,0.29441265822784807
2024,2024-08-04,396,0.2988459595959596
2024,2024-08-04,397,0.29809319899244335
2024,2024-08-05,398,0.29956030150753765
2024,2024-08-05,399,0.2988095238095238
2024,2024-08-05,400,0.2980625
2024,2024-08-05,401,0.29731920199501244
2024,2024-08-07,402,0.29657960199004973
2024,2024-08-07,403,0.29584367245657567
2024,2024-08-07,404,0.2951113861386139
2024,2024-08-07,405,0.2943827160493827
2024,2024-08-09,406,0.2936576354679803
2024,2024-08-09,407,0.2929361179361179
2024,2024-08-10,408,0.2922181372549019
2024,2024-08-10,409,0.29150366748166257
2024,2024-08-10,410,0.29079268292682925
2024,2024-08-10,411,0.29008515815085156
2024,2024-08-11,412,0.28938106796116503
2024,2024-08-11,413,0.28868038740920093
2024,2024-08-11,414,0.2879830917874396
2024,2024-08-11,415,0.290310843373494
2024,2024-08-13,416,0.28961298076923075
2024,2024-08-13,417,0.2889184652278177
2024,2024-08-13,418,0.2882272727272727
2024,2024-08-13,419,0.28753937947494035
2024,2024-08-14,420,0.2884952380952381
2024,2024-08-14,421,0.28990498812351545
2024,2024-08-14,422,0.289218009478673
2024,2024-08-14,423,0.2914988179669031
2024,2024-08-15,424,0.29289150943396225
2024,2024-08-15,425,0.29220235294117647
2024,2024-08-15,426,0.29151643192488264
2024,2024-08-15,427,0.29083372365339577
2024,2024-08-16,428,0.2917640186915888
2024,2024-08-16,429,0.2910839160839161
2024,2024-08-16,430,0.29040697674418603
2024,2024-08-16,431,0.2897331786542923
2024,2024-08-18,432,0.2890625
2024,2024-08-18,433,0.2883949191685912
2024,2024-08-18,434,0.29245391705069124
2024,2024-08-18,435,0.2917816091954023
2024,2024-08-20,436,0.29313532110091745
2024,2024-08-20,437,0.2924645308924485
2024,2024-08-20,438,0.29179680365296806
2024,2024-08-20,439,0.29113211845102505
2024,2024-08-21,440,0.29047045454545456
2024,2024-08-22,441,0.28981179138321994
2024,2024-08-22,442,0.2891561085972851
2024,2024-08-22,443,0.2904943566591422
2024,2024-08-22,444,0.2898400900900901
2024,2024-08-23,445,0.2891887640449438
2024,2024-08-23,446,0.29051793721973096
2024,2024-08-23,447,0.28986800894854586
2024,2024-08-23,448,0.28922098214285713
2024,2024-08-24,449,0.2905412026726058
2024,2024-08-24,450,0.2918555555555556
2024,2024-08-24,451,0.2931640798226164
2024,2024-08-24,452,0.29528982300884954
2024,2024-08-25,453,0.29463796909492274
2024,2024-08-25,454,0.295931718061674
2024,2024-08-25,455,0.2952813186813187
2024,2024-08-25,456,0.2961447368421053
2024,2024-08-25,457,0.29549671772428887
2024,2024-08-26,458,0.2967772925764192
2024,2024-08-26,459,0.2980522875816993
2024,2024-08-26,460,0.29740434782608693
2024,2024-08-26,461,0.29675921908893704
2024,2024-08-27,462,0.29611688311688306
2024,2024-08-27,463,0.29547732181425485
2024,2024-08-27,464,0.2948405172413793
2024,2024-08-27,465,0.2942064516129032
2024,2024-08-28,466,0.2950536480686695
2024,2024-08-28,467,0.2944218415417559
2024,2024-08-28,468,0.29379273504273506
2024,2024-08-29,469,0.29463539445629
2024,2024-08-29,470,0.29547446808510636
2024,2024-08-29,471,0.2948471337579618
2024,2024-08-29,472,0.2956822033898305
2024,2024-08-30,473,0.29505708245243123
2024,2024-08-30,474,0.29875949367088606
2024,2024-08-30,475,0.29813052631578946
2024,2024-08-30,476,0.2993571428571429
2024,2024-09-01,477,0.3001740041928721
2024,2024-09-01,478,0.2995460251046025
2024,2024-09-01,479,0.2989206680584551
2024,2024-09-01,480,0.29829791666666666
2024,2024-09-03,481,0.29767775467775465
2024,2024-09-03,482,0.29966182572614103
2024,2024-09-03,483,0.2990414078674948
2024,2024-09-03,484,0.30101446280991734
2024,2024-09-03,485,0.3003938144329897
2024,2024-09-03,486,0.29977572016460907
2024,2024-09-04,487,0.29916016427104725
2024,2024-09-04,488,0.298547131147541
2024,2024-09-04,489,0.2979366053169734
2024,2024-09-04,490,0.29732857142857144
2024,2024-09-05,491,0.29851934826883914
2024,2024-09-05,492,0.2979126016260163
2024,2024-09-05,493,0.3014665314401623
2024,2024-09-05,494,0.3008562753036437
2024,2024-09-06,495,0.30203030303030304
2024,2024-09-06,496,0.3014213709677419
2024,2024-09-06,497,0.3008148893360161
2024,2024-09-06,498,0.30021084337349396
2024,2024-09-06,499,0.30137675350701404
2024,2024-09-06,500,0.300774
2024,2024-09-07,501,0.30193413173652695
2024,2024-09-07,502,0.3013326693227092
2024,2024-09-07,503,0.30248707753479126
2024,2024-09-07,504,0.304375
2024,2024-09-08,505,0.30377227722772276
2024,2024-09-08,506,0.30317193675889326
2024,2024-09-08,507,0.3043136094674556
2024,2024-09-08,508,0.30371456692913384
2024,2024-09-09,509,0.3031178781925344
2024,2024-09-09,510,0.3025235294117647
2024,2024-09-09,511,0.303279843444227
2024,2024-09-09,512,0.30441015625
2024,2024-09-10,513,0.3038167641325536
2024,2024-09-10,514,0.30322568093385216
2024,2024-09-10,515,0.3026368932038835
2024,2024-09-10,516,0.30205038759689923
2024,2024-09-10,517,0.3014661508704062
2024,2024-09-11,518,0.3008841698841699
2024,2024-09-11,519,0.3003044315992293
2024,2024-09-11,520,0.29972692307692306
2024,2024-09-11,521,0.29915163147792706
2024,2024-09-13,522,0.2985785440613027
2024,2024-09-13,523,0.2980076481835564
2024,2024-09-13,524,0.29743893129770993
2024,2024-09-13,525,0.29687238095238094
2024,2024-09-14,526,0.29630798479087456
2024,2024-09-14,527,0.29574573055028464
2024,2024-09-14,528,0.2968560606060606
2024,2024-09-14,529,0.2962948960302458
2024,2024-09-16,530,0.2957358490566038
2024,2024-09-16,531,0.29517890772128064
2024,2024-09-16,532,0.29628195488721804
2024,2024-09-16,533,0.2957260787992495
2024,2024-09-17,534,0.2951722846441947
2024,2024-09-17,535,0.2946205607476635
2024,2024-09-17,536,0.2957164179104477
2024,2024-09-17,537,0.2951657355679702
2024,2024-09-18,538,0.2962565055762082
2024,2024-09-18,539,0.2957068645640074
2024,2024-09-18,540,0.29515925925925923
2024,2024-09-18,541,0.2946136783733826
2024,2024-09-19,542,0.29569741697416974
2024,2024-09-19,543,0.29515285451197054
2024,2024-09-19,544,0.29461029411764705
2024,2024-09-19,545,0.2953339449541284
2024,2024-09-21,546,0.2964084249084249
2024,2024-09-22,547,0.297126142595978
2024,2024-09-22,548,0.2965839416058394
2024,2024-09-22,549,0.2960437158469945
2024,2024-09-22,550,0.2967581818181818
2024,2024-09-23,551,0.29621960072595277
2024,2024-09-23,552,0.2956829710144927
2024,2024-09-23,553,0.29514828209764915
2024,2024-09-23,554,0.29461552346570397
2024,2024-09-25,555,0.2963441441441442
2024,2024-09-25,556,0.2958111510791367
2024,2024-09-25,557,0.29686355475763015
2024,2024-09-25,558,0.2979121863799283
2024,2024-09-27,559,0.2989570661896243
2024,2024-09-27,560,0.2984232142857143
2024,2024-09-27,561,0.29789126559714796
2024,2024-09-28,562,0.2973612099644128
2024,2024-09-28,563,0.2968330373001776
2024,2024-09-28,564,0.29630673758865245
2024,2024-09-28,565,0.2957823008849557
2024,2024-09-29,566,0.29525971731448764
2024,2024-09-29,567,0.2947389770723104
2024,2024-09-29,568,0.2942200704225352
2024,2024-09-29,569,0.29525307557117747
2024,2024-10-05,570,0.29473508771929824
2024,2024-10-05,571,0.2954255691768826
2024,2024-10-05,572,0.2949090909090909
2024,2024-10-05,573,0.2943944153577661
2024,2024-10-06,574,0.29388153310104526
2024,2024-10-06,575,0.29490434782608693
2024,2024-10-06,576,0.2943923611111111
2024,2024-10-06,577,0.29663778162911614
2024,2024-10-08,578,0.2961245674740484
2024,2024-10-09,579,0.29561312607944734
2024,2024-10-09,580,0.29510344827586205
2024,2024-10-09,581,0.2945955249569707
2024,2024-10-09,582,0.29527319587628864
2025,2025-03-27,1,0.0
2025,2025-03-27,2,0.0
2025,2025-03-27,3,0.0
2025,2025-03-27,4,0.0
2025,2025-03-29,5,0.2504
2025,2025-03-29,6,0.5481666666666666
2025,2025-03-29,7,0.5685714285714285
2025,2025-03-29,8,0.5838749999999999
2025,2025-03-29,9,0.5189999999999999
2025,2025-03-30,10,0.46709999999999996
2025,2025-03-30,11,0.4246363636363636
2025,2025-03-30,12,0.38924999999999993
2025,2025-03-30,13,0.3593076923076923
2025,2025-03-31,14,0.3336428571428571
2025,2025-03-31,15,0.31139999999999995
2025,2025-03-31,16,0.3701875
2025,2025-03-31,17,0.34841176470588237
2025,2025-04-03,18,0.37805555555555553
2025,2025-04-03,19,0.40457894736842104
2025,2025-04-03,20,0.38434999999999997
2025,2025-04-03,21,0.39895238095238095
2025,2025-04-04,22,0.38081818181818183
2025,2025-04-04,23,0.3642608695652174
2025,2025-04-04,24,0.3858333333333333
2025,2025-04-05,25,0.3704
2025,2025-04-05,26,0.39007692307692304
2025,2025-04-05,27,0.3756296296296296
2025,2025-04-06,28,0.3622142857142857
2025,2025-04-06,29,0.34972413793103446
2025,2025-04-06,30,0.3380666666666666
2025,2025-04-06,31,0.3556129032258064
2025,2025-04-08,32,0.3445
2025,2025-04-08,33,0.33406060606060606
2025,2025-04-08,34,0.324235294117647
2025,2025-04-08,35,0.31497142857142857
2025,2025-04-09,36,0.3062222222222222
2025,2025-04-09,37,0.32178378378378375
2025,2025-04-09,38,0.3365263157894737
2025,2025-04-09,39,0.3278974358974359
2025,2025-04-10,40,0.34175
2025,2025-04-10,41,0.3502682926829268
2025,2025-04-10,42,0.3419285714285714
2025,2025-04-10,43,0.3339767441860465
2025,2025-04-10,44,0.34209090909090906
2025,2025-04-11,45,0.3344888888888889
2025,2025-04-11,46,0.3272173913043478
2025,2025-04-11,47,0.3202553191489362
2025,2025-04-11,48,0.3135833333333333
2025,2025-04-12,49,0.30718367346938774
2025,2025-04-12,50,0.30104
2025,2025-04-12,51,0.3196862745098039
2025,2025-04-12,52,0.3135384615384615
2025,2025-04-12,53,0.3076226415094339
2025,2025-04-14,54,0.31825925925925924
2025,2025-04-14,55,0.3250363636363636
2025,2025-04-14,56,0.31923214285714285
2025,2025-04-14,57,0.31363157894736843
2025,2025-04-14,58,0.3082241379310345
2025,2025-04-15,59,0.3179491525423729
2025,2025-04-15,60,0.31265
2025,2025-04-15,61,0.3075245901639344
2025,2025-04-15,62,0.32811290322580644
2025,2025-04-17,63,0.3369047619047619
2025,2025-04-17,64,0.33164062499999997
2025,2025-04-17,65,0.3265384615384615
2025,2025-04-17,66,0.33206060606060606
2025,2025-04-18,67,0.3271044776119403
2025,2025-04-18,68,0.32229411764705884
2025,2025-04-18,69,0.33040579710144924
2025,2025-04-18,70,0.32568571428571425
2025,2025-04-18,71,0.32109859154929576
2025,2025-04-19,72,0.3262361111111111
2025,2025-04-19,73,0.32176712328767126
2025,2025-04-19,74,0.3343378378378378
2025,2025-04-19,75,0.34164
2025,2025-04-19,76,0.34875
2025,2025-04-19,77,0.3442207792207792
2025,2025-04-20,78,0.3511153846153846
2025,2025-04-20,79,0.34667088607594937
2025,2025-04-20,80,0.3423375
2025,2025-04-20,81,0.33811111111111114
2025,2025-04-20,82,0.3339878048780488
2025,2025-04-21,83,0.32996385542168677
2025,2025-04-21,84,0.33653571428571427
2025,2025-04-21,85,0.33257647058823525
2025,2025-04-21,86,0.3287093023255814
2025,2025-04-21,87,0.3483448275862069
2025,2025-04-22,88,0.3544090909090909
2025,2025-04-22,89,0.3504269662921348
2025,2025-04-22,90,0.35633333333333334
2025,2025-04-22,91,0.3524175824175824
2025,2025-04-22,92,0.34858695652173916
2025,2025-04-23,93,0.35226881720430103
2025,2025-04-23,94,0.3485212765957446
2025,2025-04-25,95,0.3521263157894737
2025,2025-04-25,96,0.3484583333333333
2025,2025-04-25,97,0.34486597938144326
2025,2025-04-25,98,0.3413469387755102
2025,2025-04-25,99,0.33789898989898987
2025,2025-04-26,100,0.33452
2025,2025-04-26,101,0.3399405940594059
2025,2025-04-26,102,0.34525490196078434
2025,2025-04-26,103,0.34891262135922335
2025,2025-04-26,104,0.34555769230769234
2025,2025-04-27,105,0.34226666666666666
2025,2025-04-27,106,0.35398113207547166
2025,2025-04-27,107,0.35067289719626166
2025,2025-04-27,108,0.3474259259259259
2025,2025-04-27,109,0.35057798165137616
2025,2025-04-29,110,0.35367272727272725
2025,2025-04-30,111,0.35843243243243245
2025,2025-04-30,112,0.3552321428571429
2025,2025-04-30,113,0.3598938053097345
2025,2025-04-30,114,0.35673684210526313
2025,2025-04-30,115,0.35363478260869563
2025,2025-05-01,116,0.35058620689655173
2025,2025-05-01,117,0.3475897435897436
2025,2025-05-01,118,0.34464406779661017
2025,2025-05-01,119,0.34174789915966386
2025,2025-05-02,120,0.3389
2025,2025-05-02,121,0.336099173553719
2025,2025-05-02,122,0.33334426229508196
2025,2025-05-02,123,0.33063414634146343
2025,2025-05-03,124,0.3279677419354839
2025,2025-05-03,125,0.32534399999999997
2025,2025-05-03,126,0.32276190476190475
2025,2025-05-03,127,0.32716535433070865
2025,2025-05-03,128,0.324609375
2025,2025-05-04,129,0.3289302325581396
2025,2025-05-04,130,0.3264
2025,2025-05-06,131,0.3239083969465649
2025,2025-05-06,132,0.3214545454545455
2025,2025-05-06,133,0.3190375939849624
2025,2025-05-06,134,0.3166567164179105
2025,2025-05-06,135,0.31431111111111115
2025,2025-05-07,136,0.312
2025,2025-05-07,137,0.3097226277372263
2025,2025-05-07,138,0.3138695652173913
2025,2025-05-07,139,0.3179568345323741
2025,2025-05-07,140,0.3156857142857143
2025,2025-05-08,141,0.3223262411347518
2025,2025-05-08,142,0.320056338028169
2025,2025-05-08,143,0.31781818181818183
2025,2025-05-08,144,0.3297569444444444
2025,2025-05-08,145,0.3297569444444444
2025,2025-05-09,146,0.33224827586206895
2025,2025-05-09,147,0.32997260273972606
2025,2025-05-09,148,0.3277278911564626
2025,2025-05-09,149,0.32551351351351354
2025,2025-05-10,150,0.3233288590604027
2025,2025-05-10,151,0.32117333333333337
2025,2025-05-10,152,0.31904635761589406
2025,2025-05-10,153,0.31694736842105264
2025,2025-05-10,154,0.31487581699346406
2025,2025-05-11,155,0.31855844155844154
2025,2025-05-11,156,0.3165032258064516
2025,2025-05-11,157,0.314474358974359
2025,2025-05-11,158,0.31687261146496815
2025,2025-05-12,159,0.31486708860759494
2025,2025-05-12,160,0.3128867924528302
2025,2025-05-14,161,0.31093125
2025,2025-05-14,162,0.309
2025,2025-05-14,163,0.3070925925925926
2025,2025-05-14,164,0.3106196319018405
2025,2025-05-14,165,0.3087256097560976
2025,2025-05-14,166,0.30685454545454544
2025,2025-05-14,167,0.3103192771084337
2025,2025-05-14,168,0.3125988023952096
2025,2025-05-14,169,0.31073809523809526
2025,2025-05-17,170,0.3088994082840237
2025,2025-05-17,171,0.3190647058823529
2025,2025-05-17,172,0.32235672514619884
2025,2025-05-17,173,0.32048255813953486
2025,2025-05-17,174,0.3186300578034682
2025,2025-05-18,175,0.31679885057471263
2025,2025-05-18,176,0.3149885714285714
2025,2025-05-18,177,0.3131988636363636
2025,2025-05-18,178,0.31142937853107344
2025,2025-05-20,179,0.3146348314606741
2025,2025-05-20,180,0.312877094972067
2025,2025-05-20,181,0.31603888888888887
2025,2025-05-20,182,0.3191657458563536
2025,2025-05-20,183,0.3174120879120879
2025,2025-05-20,184,0.3156775956284153
2025,2025-05-22,185,0.31396195652173914
2025,2025-05-22,186,0.3122648648648649
2025,2025-05-22,187,0.31058602150537634
2025,2025-05-22,188,0.30892513368983954
2025,2025-05-24,189,0.3119734042553191
2025,2025-05-24,190,0.3103227513227513
2025,2025-05-24,191,0.3086894736842105
2025,2025-05-24,192,0.30707329842931935
2025,2025-05-24,193,0.31006770833333336
2025,2025-05-25,194,0.3084611398963731
2025,2025-05-25,195,0.30687113402061855
2025,2025-05-25,196,0.3052974358974359
2025,2025-05-25,197,0.30373979591836736
2025,2025-05-27,198,0.3021979695431472
2025,2025-05-27,199,0.30416161616161613
2025,2025-05-27,200,0.30610552763819093
2025,2025-05-27,201,0.308985
2025,2025-05-29,202,0.31088557213930346
2025,2025-05-29,203,0.30934653465346534
2025,2025-05-29,204,0.30782266009852216
2025,2025-05-29,205,0.31245098039215685
2025,2025-05-29,206,0.3109268292682927
2025,2025-05-29,207,0.3136990291262136
2025,2025-05-29,208,0.3164444444444445
2025,2025-05-29,209,0.31492307692307697
2025,2025-05-29,210,0.31341626794258376
2025,2025-05-30,211,0.31192380952380955
2025,2025-05-30,212,0.3104454976303318
2025,2025-05-30,213,0.30898113207547173
2025,2025-05-30,214,0.3075305164319249
2025,2025-05-31,215,0.30609345794392523
2025,2025-05-31,216,0.3046697674418605
2025,2025-05-31,217,0.30734259259259256
2025,2025-05-31,218,0.30592626728110595
2025,2025-05-31,219,0.3045229357798165
2025,2025-06-01,220,0.3062876712328767
2025,2025-06-01,221,0.3048954545454545
2025,2025-06-01,222,0.3035158371040724
2025,2025-06-01,223,0.30214864864864865
2025,2025-06-03,224,0.30389237668161434
2025,2025-06-03,225,0.30647321428571433
2025,2025-06-03,226,0.3051111111111111
2025,2025-06-03,227,0.30376106194690267
2025,2025-06-03,228,0.3024229074889868
2025,2025-06-04,229,0.3010964912280702
2025,2025-06-04,230,0.2997816593886463
2025,2025-06-04,231,0.29847826086956525
2025,2025-06-04,232,0.2971861471861472
2025,2025-06-05,233,0.2959051724137931
2025,2025-06-05,234,0.29463519313304726
2025,2025-06-05,235,0.2933760683760684
2025,2025-06-05,236,0.2921276595744681
2025,2025-06-06,237,0.2908898305084746
2025,2025-06-06,238,0.29338396624472574
2025,2025-06-06,239,0.29215126050420165
2025,2025-06-06,240,0.290928870292887
2025,2025-06-07,241,0.2897166666666667
2025,2025-06-08,242,0.28851452282157675
2025,2025-06-08,243,0.28732231404958675
2025,2025-06-08,244,0.28613991769547326
2025,2025-06-08,245,0.2849672131147541
2025,2025-06-09,246,0.283804081632653
2025,2025-06-09,247,0.2862357723577236
2025,2025-06-10,248,0.28507692307692306
2025,2025-06-10,249,0.28392741935483873
2025,2025-06-10,250,0.28278714859437754
2025,2025-06-10,251,0.281656
2025,2025-06-11,252,0.28053386454183266
2025,2025-06-11,253,0.2794206349206349
2025,2025-06-11,254,0.2783162055335968
2025,2025-06-11,255,0.28069291338582675
2025,2025-06-13,256,0.2795921568627451
2025,2025-06-13,257,0.27849999999999997
2025,2025-06-13,258,0.2808482490272373
2025,2025-06-13,259,0.282437984496124
2025,2025-06-14,260,0.28134749034749035
2025,2025-06-14,261,0.28292307692307694
2025,2025-06-14,262,0.28521839080459765
2025,2025-06-14,263,0.28412977099236636
2025,2025-06-15,264,0.28304942965779467
2025,2025-06-15,265,0.2819772727272727
2025,2025-06-15,266,0.2809132075471698
2025,2025-06-15,267,0.2798571428571428
2025,2025-06-16,268,0.2788089887640449
2025,2025-06-16,269,0.2824402985074627
2025,2025-06-16,270,0.28139033457249074
2025,2025-06-16,271,0.2803481481481482
2025,2025-06-17,272,0.2793136531365314
2025,2025-06-17,273,0.2782867647058824
2025,2025-06-17,274,0.2772673992673993
2025,2025-06-17,275,0.2762554744525548
2025,2025-06-18,276,0.2752509090909091
2025,2025-06-18,277,0.2816340579710145
2025,2025-06-18,278,0.2831119133574007
2025,2025-06-18,279,0.2852661870503597
2025,2025-06-19,280,0.2874050179211469
2025,2025-06-19,281,0.28884642857142856
2025,2025-06-19,282,0.2878185053380783
2025,2025-06-19,283,0.2899255319148936
2025,2025-06-20,284,0.2913427561837456
2025,2025-06-20,285,0.29275
2025,2025-06-20,286,0.2917228070175439
2025,2025-06-20,287,0.2950804195804196
2025,2025-06-21,288,0.2940522648083624
2025,2025-06-21,289,0.29303125
2025,2025-06-21,290,0.2920173010380623
2025,2025-06-21,291,0.2910103448275862
2025,2025-06-25,292,0.29001030927835053
2025,2025-06-25,293,0.29203767123287666
2025,2025-06-25,294,0.2910409556313993
2025,2025-06-25,295,0.2900510204081632
2025,2025-06-26,296,0.2920576271186441
2025,2025-06-26,297,0.29107094594594596
2025,2025-06-26,298,0.2924175084175084
2025,2025-06-27,299,0.2914362416107383
2025,2025-06-27,300,0.2934113712374582
2025,2025-06-27,301,0.2924333333333333
2025,2025-06-27,302,0.29439202657807306
2025,2025-06-28,303,0.29341721854304637
2025,2025-06-28,304,0.2924488448844884
2025,2025-06-28,305,0.29148684210526316
2025,2025-06-29,306,0.2905311475409836
2025,2025-06-29,307,0.2924640522875817
2025,2025-06-29,308,0.2915114006514658
2025,2025-06-29,309,0.2905649350649351
2025,2025-06-30,310,0.2896245954692557
2025,2025-06-30,311,0.2909193548387097
2025,2025-06-30,312,0.289983922829582
2025,2025-06-30,313,0.2890544871794872
2025,2025-07-02,314,0.28813099041533546
2025,2025-07-02,315,0.28721337579617834
2025,2025-07-02,316,0.28630158730158733
2025,2025-07-02,317,0.2853955696202532
2025,2025-07-02,318,0.28449526813880127
2025,2025-07-02,319,0.2836006289308176
2025,2025-07-02,320,0.28271159874608154
2025,2025-07-02,321,0.284584375
2025,2025-07-04,322,0.2836978193146417
2025,2025-07-04,323,0.2828167701863354
2025,2025-07-06,324,0.28408049535603713
2025,2025-07-06,325,0.2832037037037037
2025,2025-07-06,326,0.28233230769230766
2025,2025-07-06,327,0.28358588957055214
2025,2025-07-06,328,0.2889480122324159
2025,2025-07-07,329,0.2880670731707317
2025,2025-07-07,330,0.2909969604863222
2025,2025-07-07,331,0.2909969604863222
2025,2025-07-07,332,0.2901151515151515
2025,2025-07-09,333,0.28923867069486403
2025,2025-07-09,334,0.29102409638554216
2025,2025-07-09,335,0.29015015015015017
2025,2025-07-09,336,0.2892814371257485
2025,2025-07-09,337,0.29048059701492535
2025,2025-07-11,338,0.28961607142857143
2025,2025-07-11,339,0.28875667655786347
2025,2025-07-11,340,0.2879023668639053
2025,2025-07-11,341,0.28705309734513274
2025,2025-07-12,342,0.28620882352941174
2025,2025-07-12,343,0.28536950146627565
2025,2025-07-12,344,0.28453508771929825
2025,2025-07-12,345,0.28370553935860054
2025,2025-07-13,346,0.28288081395348835
2025,2025-07-13,347,0.2846173913043478
2025,2025-07-13,348,0.28379479768786126
2025,2025-07-13,349,0.28297694524495676
2025,2025-07-18,350,0.28216379310344825
2025,2025-07-18,351,0.28135530085959887
2025,2025-07-20,352,0.28252571428571427
2025,2025-07-20,353,0.2817207977207977
2025,2025-07-20,354,0.28288352272727274
2025,2025-07-21,355,0.28208215297450423
2025,2025-07-21,356,0.2812853107344633
2025,2025-07-22,357,0.28049295774647887
2025,2025-07-22,358,0.2797050561797753
2025,2025-07-22,359,0.278921568627451
2025,2025-07-23,360,0.2816396648044693
2025,2025-07-23,361,0.28652924791086354
2025,2025-07-23,362,0.28573333333333334
2025,2025-07-23,363,0.28494182825484765
2025,2025-07-25,364,0.2841546961325967
2025,2025-07-25,365,0.2833719008264463
2025,2025-07-25,366,0.2825934065934066
2025,2025-07-25,367,0.2818191780821918
2025,2025-07-25,368,0.28446994535519127
2025,2025-07-26,369,0.2836948228882834
2025,2025-07-26,370,0.2848016304347826
2025,2025-07-26,371,0.286420054200542
2025,2025-07-26,372,0.2875135135135135
2025,2025-07-26,373,0.2867385444743935
2025,2025-07-27,374,0.28596774193548385
2025,2025-07-28,375,0.2875656836461126
2025,2025-07-28,376,0.28864438502673795
2025,2025-07-28,377,0.28787466666666667
2025,2025-07-28,378,0.2871090425531915
2025,2025-07-29,379,0.2863474801061008
2025,2025-07-29,380,0.2855899470899471
2025,2025-07-29,381,0.2848364116094987
2025,2025-07-29,382,0.28738157894736843
2025,2025-07-30,383,0.2866272965879265
2025,2025-07-30,384,0.28587696335078533
2025,2025-07-30,385,0.28513054830287204
2025,2025-07-30,386,0.28668489583333334
2025,2025-08-01,387,0.2877350649350649
2025,2025-08-01,388,0.288779792746114
2025,2025-08-01,389,0.28803359173126614
2025,2025-08-01,390,0.2895644329896907
2025,2025-08-02,391,0.28882005141388173
2025,2025-08-03,392,0.28807948717948717
2025,2025-08-03,393,0.28734271099744246
2025,2025-08-03,394,0.28660969387755103
2025,2025-08-04,395,0.28588040712468193
2025,2025-08-05,396,0.2873934010152284
2025,2025-08-05,397,0.29067594936708857
2025,2025-08-05,398,0.2899419191919192
2025,2025-08-08,399,0.2909521410579345
2025,2025-08-08,400,0.2919572864321608
2025,2025-08-08,401,0.29122556390977444
2025,2025-08-08,402,0.2904975
2025,2025-08-08,403,0.2928952618453865
2025,2025-08-09,404,0.2952810945273632
2025,2025-08-09,405,0.2945483870967742
2025,2025-08-09,406,0.2960024752475247
2025,2025-08-10,407,0.2952716049382716
2025,2025-08-10,408,0.2967167487684729
2025,2025-08-10,409,0.295987714987715
2025,2025-08-10,410,0.29742401960784315
2025,2025-08-12,411,0.29669682151589244
2025,2025-08-12,412,0.2959731707317073
2025,2025-08-12,413,0.29525304136253044
2025,2025-08-13,414,0.29667718446601943
2025,2025-08-13,415,0.29595883777239707
2025,2025-08-13,416,0.295243961352657
2025,2025-08-14,417,0.2975493975903615
2025,2025-08-14,418,0.2968341346153846
2025,2025-08-14,419,0.2961223021582734
2025,2025-08-14,420,0.29541387559808613
2025,2025-08-15,421,0.2963579952267303
2025,2025-08-15,422,0.29565238095238094
2025,2025-08-16,423,0.2949501187648456
2025,2025-08-16,424,0.2942511848341232
2025,2025-08-17,425,0.2951891252955083
2025,2025-08-17,426,0.29657311320754715
2025,2025-08-17,427,0.29587529411764707
2025,2025-08-17,428,0.2951807511737089
2025,2025-08-17,429,0.29448946135831383
2025,2025-08-18,430,0.2967266355140187
2025,2025-08-18,431,0.296034965034965
2025,2025-08-18,432,0.295346511627907
2025,2025-08-18,433,0.294661252900232
2025,2025-08-18,434,0.29602083333333334
2025,2025-08-19,435,0.29693302540415706
2025,2025-08-19,436,0.30094239631336406
2025,2025-08-19,437,0.3002505747126437
2025,2025-08-20,438,0.3024334862385321
2025,2025-08-20,439,0.30375972540045765
2025,2025-08-20,440,0.3030662100456621
2025,2025-08-20,441,0.3043849658314351
2025,2025-08-20,442,0.30369318181818183
2025,2025-08-22,443,0.3050045351473923
2025,2025-08-22,444,0.30431447963800906
2025,2025-08-22,445,0.30822573363431155
2025,2025-08-22,446,0.30753153153153157
2025,2025-08-24,447,0.30684044943820227
2025,2025-08-24,448,0.30615246636771304
2025,2025-08-24,449,0.3054675615212528
2025,2025-08-24,450,0.3047857142857143
2025,2025-08-25,451,0.30410690423162584
2025,2025-08-25,452,0.3049666666666666
2025,2025-08-25,453,0.304290465631929
2025,2025-08-25,454,0.3036172566371681
2025,2025-08-26,455,0.3044724061810154
2025,2025-08-27,456,0.3038017621145374
2025,2025-08-27,457,0.3031340659340659
2025,2025-08-27,458,0.302469298245614
2025,2025-08-28,459,0.3018074398249453
2025,2025-08-28,460,0.30307423580786025
2025,2025-08-28,461,0.3024139433551198
2025,2025-08-28,462,0.3017565217391304
2025,2025-08-28,463,0.30110195227765724
2025,2025-08-29,464,0.3023593073593073
2025,2025-08-29,465,0.3017062634989201
2025,2025-08-29,466,0.30105603448275864
2025,2025-08-30,467,0.30189462365591396
2025,2025-08-30,468,0.30313948497854076
2025,2025-08-31,469,0.30249036402569596
2025,2025-08-31,470,0.3037286324786325
2025,2025-08-31,471,0.3030810234541578
2025,2025-08-31,472,0.302436170212766
2025,2025-09-01,473,0.30366666666666664
2025,2025-09-01,474,0.30302330508474573
2025,2025-09-01,475,0.3023826638477801
2025,2025-09-01,476,0.30438607594936706
2025,2025-09-04,477,0.30374526315789474
2025,2025-09-04,478,0.30310714285714285
2025,2025-09-04,479,0.30247169811320757
2025,2025-09-04,480,0.3044581589958159
2025,2025-09-05,481,0.30382254697286015
2025,2025-09-05,482,0.30318958333333335
2025,2025-09-05,483,0.303995841995842
2025,2025-09-05,484,0.3075912863070539
2025,2025-09-05,485,0.3087805383022774
2025,2025-09-06,486,0.30814256198347106
2025,2025-09-06,487,0.30750721649484536
2025,2025-09-06,488,0.3094506172839506
2025,2025-09-06,489,0.3088151950718686
2025,2025-09-07,490,0.30818237704918033
2025,2025-09-07,491,0.30755214723926383
2025,2025-09-07,492,0.308334693877551
2025,2025-09-07,493,0.30770672097759677
2025,2025-09-08,494,0.30708130081300816
2025,2025-09-08,495,0.30824746450304263
2025,2025-09-08,496,0.30762348178137655
2025,2025-09-09,497,0.3087838383838383
2025,2025-09-09,498,0.3081612903225806
2025,2025-09-09,499,0.30931589537223336
2025,2025-09-09,500,0.31046586345381527
2025,2025-09-10,501,0.3098436873747495
2025,2025-09-10,502,0.309224
2025,2025-09-10,503,0.3086067864271457
2025,2025-09-10,504,0.30936852589641434
2025,2025-09-10,505,0.310506958250497
2025,2025-09-12,506,0.311640873015873
2025,2025-09-12,507,0.31102376237623763
2025,2025-09-12,508,0.3104090909090909
2025,2025-09-12,509,0.3138145956607495
2025,2025-09-13,510,0.31319685039370077
2025,2025-09-13,511,0.3143143418467583
2025,2025-09-13,512,0.31369803921568623
2025,2025-09-13,513,0.31308414872798435
2025,2025-09-14,514,0.313822265625
2025,2025-09-14,515,0.31321052631578944
2025,2025-09-14,516,0.31656420233463034
2025,2025-09-15,517,0.31729126213592235
2025,2025-09-15,518,0.3166763565891473
2025,2025-09-15,519,0.3177698259187621
2025,2025-09-15,520,0.31715637065637065
2025,2025-09-16,521,0.3165452793834297
2025,2025-09-16,522,0.31593653846153846
2025,2025-09-16,523,0.31533013435700574
2025,2025-09-16,524,0.31472605363984674
2025,2025-09-17,525,0.3158107074569789
2025,2025-09-17,526,0.3152080152671755
2025,2025-09-17,527,0.314607619047619
2025,2025-09-19,528,0.314009505703422
2025,2025-09-19,529,0.3134136622390892
2025,2025-09-19,530,0.3128200757575757
2025,2025-09-19,531,0.31222873345935725
2025,2025-09-19,532,0.3116396226415094
2025,2025-09-19,533,0.31105273069679845
2025,2025-09-20,534,0.3104680451127819
2025,2025-09-20,535,0.31223452157598497
2025,2025-09-20,536,0.3129438202247191
2025,2025-09-20,537,0.31400747663551404
2025,2025-09-21,538,0.31342164179104476
2025,2025-09-21,539,0.3128379888268156
2025,2025-09-21,540,0.3145836431226766
2025,2025-09-21,541,0.31528200371057513
2025,2025-09-23,542,0.3146981481481481
2025,2025-09-23,543,0.3141164510166358
2025,2025-09-23,544,0.31353690036900367
2025,2025-09-23,545,0.31295948434622467
2025,2025-09-23,546,0.31238419117647054
2025,2025-09-24,547,0.31181100917431187
2025,2025-09-24,548,0.31497069597069594
2025,2025-09-24,549,0.31439488117001824
2025,2025-09-24,550,0.3138211678832117
2025,2025-09-25,551,0.31324954462659377
2025,2025-09-25,552,0.3142836363636364
2025,2025-09-25,553,0.31531397459165156
2025,2025-09-26,554,0.31474275362318843
2025,2025-09-26,555,0.31417359855334537
2025,2025-09-26,556,0.31360649819494585
2025,2025-09-27,557,0.3130414414414414
2025,2025-09-27,558,0.31406474820143887
2025,2025-09-27,559,0.31350089766606826
2025,2025-09-28,560,0.31451971326164874
2025,2025-09-28,561,0.3139570661896243
2025,2025-09-28,562,0.3133964285714286
2025,2025-10-04,563,0.3128377896613191
2025,2025-10-04,564,0.3138505338078292
2025,2025-10-04,565,0.3132930728241563
2025,2025-10-04,566,0.31273758865248225
2025,2025-10-06,567,0.31218407079646016
2025,2025-10-06,568,0.31163250883392224
2025,2025-10-08,569,0.3110828924162257
2025,2025-10-08,570,0.31208802816901404
2025,2025-10-08,571,0.31153954305799647
2025,2025-10-08,572,0.31153954305799647
2025,2025-10-09,573,0.3109929824561403
2025,2025-10-09,574,0.31044833625218915
2025,2025-10-09,575,0.3099055944055944
2025,2025-10-09,576,0.30936474694589877
2026,2026-03-26,1,0.889
2026,2026-03-26,2,0.4445
2026,2026-03-26,3,0.5926666666666667
2026,2026-03-26,4,0.4445
2026,2026-03-28,5,0.3556
2026,2026-03-28,6,0.4126666666666667
2026,2026-03-28,7,0.3537142857142857
2026,2026-03-29,8,0.3095
2026,2026-03-29,9,0.37388888888888894
2026,2026-03-31,10,0.3365
2026,2026-03-31,11,0.3059090909090909
2026,2026-03-31,12,0.2804166666666667
2026,2026-03-31,13,0.25884615384615384
2026,2026-04-01,14,0.24035714285714288
2026,2026-04-01,15,0.22433333333333336
2026,2026-04-01,16,0.2103125
2026,2026-04-03,17,0.27205882352941174
2026,2026-04-03,18,0.30633333333333335
2026,2026-04-03,19,0.2902105263157895
2026,2026-04-03,20,0.2757
2026,2026-04-03,21,0.26257142857142857
2026,2026-04-04,22,0.28236363636363637
2026,2026-04-04,23,0.27008695652173914
2026,2026-04-04,24,0.295875
2026,2026-04-04,25,0.28404
2026,2026-04-05,26,0.2731153846153846
2026,2026-04-05,27,0.263
2026,2026-04-05,28,0.25360714285714286
2026,2026-04-05,29,0.24486206896551724
2026,2026-04-06,30,0.2367
2026,2026-04-06,31,0.22906451612903225
2026,2026-04-06,32,0.22190625
2026,2026-04-06,33,0.21518181818181817
2026,2026-04-06,34,0.20885294117647057
2026,2026-04-08,35,0.20288571428571428
2026,2026-04-08,36,0.19725
2026,2026-04-08,37,0.1919189189189189
2026,2026-04-08,38,0.18686842105263157
2026,2026-04-10,39,0.18207692307692308
2026,2026-04-10,40,0.177525
2026,2026-04-10,41,0.19097560975609756
2026,2026-04-10,42,0.20759523809523808
2026,2026-04-11,43,0.2027674418604651
2026,2026-04-11,44,0.21402272727272728
2026,2026-04-11,45,0.2290222222222222
2026,2026-04-11,46,0.22404347826086954
2026,2026-04-12,47,0.23819148936170215
2026,2026-04-12,48,0.23322916666666668
2026,2026-04-12,49,0.22846938775510206
2026,2026-04-12,50,0.22390000000000002
2026,2026-04-13,51,0.21950980392156863
2026,2026-04-13,52,0.21528846153846154
2026,2026-04-13,53,0.22799999999999998
2026,2026-04-13,54,0.2367037037037037
2026,2026-04-13,55,0.2324
2026,2026-04-14,56,0.22825
2026,2026-04-14,57,0.22424561403508772
2026,2026-04-14,58,0.22037931034482758
2026,2026-04-14,59,0.23171186440677966
2026,2026-04-19,60,0.22785
2026,2026-04-19,61,0.22411475409836065
2026,2026-04-19,62,0.2205
2026,2026-04-19,63,0.23700000000000002
2026,2026-04-20,64,0.2471875
2026,2026-04-20,65,0.2433846153846154
2026,2026-04-20,66,0.23969696969696971
2026,2026-04-20,67,0.23611940298507464
2026,2026-04-22,68,0.23264705882352943
2026,2026-04-22,69,0.22927536231884058
2026,2026-04-23,70,0.226
2026,2026-04-23,71,0.2228169014084507
2026,2026-04-23,72,0.23206944444444444
2026,2026-04-24,73,0.2410684931506849
2026,2026-04-24,74,0.2378108108108108
2026,2026-04-24,75,0.23464
2026,2026-04-24,76,0.23155263157894734
2026,2026-04-25,77,0.22854545454545452
2026,2026-04-25,78,0.2460384615384615
2026,2026-04-25,79,0.2429240506329114
2026,2026-04-25,80,0.23988749999999998
2026,2026-04-25,81,0.24790123456790122
2026,2026-04-26,82,0.24487804878048777
2026,2026-04-28,83,0.24192771084337347
2026,2026-04-28,84,0.23904761904761904
2026,2026-04-28,85,0.2444470588235294
2026,2026-04-28,86,0.24160465116279067
2026,2026-04-30,87,0.23882758620689654
2026,2026-04-30,88,0.23611363636363636
2026,2026-04-30,89,0.23346067415730334
2026,2026-04-30,90,0.23346067415730334
2026,2026-04-30,91,0.23346067415730334
2026,2026-04-30,92,0.23086666666666666
2026,2026-04-30,93,0.2283296703296703
2026,2026-04-30,94,0.2258478260869565
2026,2026-04-30,95,0.24054838709677417
2026,2026-05-01,96,0.23798936170212764
2026,2026-05-01,97,0.2428315789473684
2026,2026-05-01,98,0.24030208333333333
2026,2026-05-01,99,0.25889690721649483
2026,2026-05-02,100,0.2562551020408163
2026,2026-05-02,101,0.25366666666666665
2026,2026-05-02,102,0.25113
2026,2026-05-03,103,0.2688811881188119
2026,2026-05-03,104,0.2662450980392157
2026,2026-05-03,105,0.2636601941747573
2026,2026-05-03,106,0.261125
2026,2026-05-04,107,0.2586380952380952
2026,2026-05-04,108,0.25619811320754715
2026,2026-05-04,109,0.253803738317757
2026,2026-05-04,110,0.2514537037037037
2026,2026-05-05,111,0.26070642201834865
2026,2026-05-05,112,0.25833636363636364
2026,2026-05-05,113,0.256009009009009
2026,2026-05-05,114,0.27197321428571425
2026,2026-05-06,115,0.2695663716814159
2026,2026-05-06,116,0.275
2026,2026-05-07,117,0.27260869565217394
2026,2026-05-07,118,0.27025862068965517
2026,2026-05-07,119,0.26794871794871794
2026,2026-05-08,120,0.2656779661016949
2026,2026-05-08,121,0.2693109243697479
2026,2026-05-08,122,0.2670666666666667
2026,2026-05-08,123,0.2752727272727273
2026,2026-05-08,124,0.27301639344262296
2026,2026-05-09,125,0.27802439024390246
2026,2026-05-09,126,0.2757822580645162
2026,2026-05-09,127,0.27357600000000004
2026,2026-05-09,128,0.2714047619047619
2026,2026-05-10,129,0.27918897637795276
2026,2026-05-10,130,0.2770078125
2026,2026-05-10,131,0.2748604651162791
2026,2026-05-10,132,0.27274615384615386
2026,2026-05-12,133,0.2802824427480916
2026,2026-05-12,134,0.2848939393939394
2026,2026-05-12,135,0.28275187969924814
2026,2026-05-12,136,0.28064179104477616
2026,2026-05-13,137,0.27856296296296296
2026,2026-05-13,138,0.27651470588235294
2026,2026-05-13,139,0.2744963503649635
2026,2026-05-14,140,0.2725072463768116
2026,2026-05-14,141,0.2769424460431654
2026,2026-05-15,142,0.2749642857142857
2026,2026-05-15,143,0.27301418439716313
2026,2026-05-15,144,0.2710915492957746
2026,2026-05-15,145,0.2691958041958042
2026,2026-05-15,146,0.2735
2026,2026-05-16,147,0.2716137931034483
2026,2026-05-16,148,0.26975342465753427
2026,2026-05-16,149,0.27266666666666667
2026,2026-05-16,150,0.27082432432432435
2026,2026-05-16,151,0.26900671140939597
2026,2026-05-17,152,0.26721333333333336
2026,2026-05-17,153,0.2654437086092715
2026,2026-05-17,154,0.27198684210526314
2026,2026-05-17,155,0.28356862745098044
2026,2026-05-18,156,0.28172727272727277
2026,2026-05-18,157,0.27990967741935485
2026,2026-05-18,158,0.2825897435897436
2026,2026-05-18,159,0.2938089171974522
2026,2026-05-19,160,0.29757594936708864
2026,2026-05-19,161,0.2957044025157233
2026,2026-05-19,162,0.29385625000000004
2026,2026-05-20,163,0.2920310559006211
2026,2026-05-20,164,0.29022839506172843
2026,2026-05-20,165,0.2884478527607362
2026,2026-05-20,166,0.2943719512195122
2026,2026-05-22,167,0.2925878787878788
2026,2026-05-22,168,0.2961807228915663
2026,2026-05-22,169,0.2944071856287425
2026,2026-05-23,170,0.29265476190476186
2026,2026-05-23,171,0.2961834319526627
2026,2026-05-23,172,0.2985470588235294
2026,2026-05-23,173,0.2968011695906433
2026,2026-05-24,174,0.30024418604651165
2026,2026-05-24,175,0.2985086705202312
2026,2026-05-24,176,0.3019022988505747
2026,2026-05-24,177,0.30017714285714286
2026,2026-05-25,178,0.2984715909090909
2026,2026-05-25,179,0.2967853107344633
2026,2026-05-25,180,0.2990393258426966
2026,2026-05-26,181,0.29736871508379886
2026,2026-05-26,182,0.2957166666666667
2026,2026-05-26,183,0.2940828729281768
2026,2026-05-26,184,0.29246703296703297
2026,2026-05-27,185,0.2908688524590164
2026,2026-05-27,186,0.28928804347826087
2026,2026-05-27,187,0.2877243243243243
2026,2026-05-27,188,0.2861774193548387
2026,2026-05-29,189,0.2846470588235294
2026,2026-05-29,190,0.28313297872340426
2026,2026-05-29,191,0.2816349206349206
2026,2026-05-30,192,0.2801526315789474
2026,2026-05-30,193,0.2786858638743455
2026,2026-05-30,194,0.277234375
2026,2026-05-30,195,0.2757979274611399
2026,2026-05-31,196,0.2743762886597938
2026,2026-05-31,197,0.27296923076923074
2026,2026-05-31,198,0.2715765306122449
2026,2026-05-31,199,0.2805736040609137
2026,2026-06-02,200,0.27915656565656566
2026,2026-06-02,201,0.27775376884422115
2026,2026-06-02,202,0.276365
2026,2026-06-02,203,0.2784626865671642
2026,2026-06-03,204,0.2770841584158416
2026,2026-06-03,205,0.28192610837438425
2026,2026-06-03,206,0.28054411764705883
2026,2026-06-03,207,0.27917560975609756
2026,2026-06-04,208,0.2821359223300971
2026,2026-06-04,209,0.28506763285024156
2026,2026-06-04,210,0.2836971153846154
2026,2026-06-04,211,0.2823397129186603
2026,2026-06-05,212,0.2809952380952381
2026,2026-06-06,213,0.2796635071090047
2026,2026-06-06,214,0.2783443396226415
2026,2026-06-06,215,0.28031455399061034
2026,2026-06-06,216,0.27900467289719627
2026,2026-06-07,217,0.27770697674418604
2026,2026-06-07,218,0.2796527777777778
2026,2026-06-07,219,0.28246082949308754
2026,2026-06-07,220,0.2811651376146789
2026,2026-06-08,221,0.28563470319634704
2026,2026-06-08,222,0.28750909090909094
2026,2026-06-08,223,0.2862081447963801
2026,2026-06-08,224,0.2849189189189189
2026,2026-06-09,225,0.28364125560538117
2026,2026-06-09,226,0.282375
2026,2026-06-09,227,0.2850711111111111
2026,2026-06-09,228,0.28938495575221235
2026,2026-06-10,229,0.28811013215859027
2026,2026-06-10,230,0.28990789473684214
2026,2026-06-10,231,0.29252401746724893
2026,2026-06-10,232,0.29511739130434783
2026,2026-06-10,233,0.29383982683982685
2026,2026-06-12,234,0.29257327586206894
2026,2026-06-12,235,0.29131759656652356
2026,2026-06-12,236,0.29007264957264955
2026,2026-06-13,237,0.2888382978723404
2026,2026-06-13,238,0.2929533898305085
2026,2026-06-13,239,0.2970337552742616
2026,2026-06-13,240,0.2957857142857143
2026,2026-06-13,241,0.2945481171548117
2026,2026-06-14,242,0.29332083333333336
2026,2026-06-14,243,0.29579253112033194
2026,2026-06-14,244,0.2945702479338843
2026,2026-06-15,245,0.293358024691358
2026,2026-06-15,246,0.2950163934426229
2026,2026-06-15,247,0.2966612244897959
2026,2026-06-15,248,0.29545528455284553
2026,2026-06-16,249,0.3007085020242915
2026,2026-06-16,250,0.2994959677419355
2026,2026-06-16,251,0.29829317269076305
2026,2026-06-16,252,0.29710000000000003
2026,2026-06-17,253,0.2959163346613546
2026,2026-06-17,254,0.2982698412698413
2026,2026-06-17,255,0.29709090909090907
2026,2026-06-17,256,0.29942125984251966
2026,2026-06-18,257,0.2982470588235294
2026,2026-06-18,258,0.3005546875
2026,2026-06-18,259,0.29938521400778206
2026,2026-06-18,260,0.30093023255813955
2026,2026-06-20,261,0.2997683397683398
2026,2026-06-20,262,0.3034615384615385
2026,2026-06-20,263,0.3022988505747127
2026,2026-06-20,264,0.30114503816793897
2026,2026-06-20,265,0.30000000000000004
2026,2026-06-21,266,0.3022310606060606
2026,2026-06-21,267,0.3010905660377359
2026,2026-06-21,268,0.29995864661654137
2026,2026-06-21,269,0.29883520599250935
2026,2026-06-22,270,0.29772014925373136
2026,2026-06-22,271,0.29661338289962824
2026,2026-06-22,272,0.29551481481481484
2026,2026-06-23,273,0.29442435424354246
2026,2026-06-23,274,0.29661029411764706
2026,2026-06-23,275,0.29878021978021974
2026,2026-06-23,276,0.30035036496350365
2026,2026-06-23,277,0.3066909090909091
2026,2026-06-24,278,0.3055797101449276
2026,2026-06-24,279,0.30902527075812275
2026,2026-06-24,280,0.3079136690647482
2026,2026-06-24,281,0.3068100358422939
2026,2026-06-25,282,0.3057142857142857
2026,2026-06-25,283,0.30462633451957294
2026,2026-06-25,284,0.30354609929078014
2026,2026-06-25,285,0.3049399293286219
2026,2026-06-25,286,0.3038661971830986
2026,2026-06-26,287,0.3028
2026,2026-06-26,288,0.30174125874125873
2026,2026-06-26,289,0.3031219512195122
2026,2026-06-26,290,0.30515625
2026,2026-06-27,291,0.30410034602076125
2026,2026-06-27,292,0.3030517241379311
2026,2026-06-27,293,0.30201030927835054
2026,2026-06-27,294,0.3033664383561644
2026,2026-06-28,295,0.30536518771331056
2026,2026-06-28,296,0.3043265306122449
2026,2026-06-28,297,0.3032949152542373
2026,2026-06-28,298,0.30227027027027026
2026,2026-06-29,299,0.3012525252525252
2026,2026-06-29,300,0.300241610738255
2026,2026-06-29,301,0.2992374581939799
2026,2026-06-29,302,0.3012033333333333
2026,2026-06-30,303,0.300202657807309
2026,2026-06-30,304,0.30151986754966886
2026,2026-06-30,305,0.30345874587458743
2026,2026-06-30,306,0.30538486842105267
2026,2026-07-01,307,0.3072983606557377
2026,2026-07-01,308,0.30629411764705883
2026,2026-07-01,309,0.30529641693811077
2026,2026-07-01,310,0.30719155844155843
2026,2026-07-01,311,0.3061974110032362
2026,2026-07-02,312,0.30520967741935484
2026,2026-07-02,313,0.30422829581993566
2026,2026-07-02,314,0.30610256410256415
2026,2026-07-02,315,0.30512460063897767
2026,2026-07-04,316,0.30415286624203824
2026,2026-07-04,317,0.3060095238095238
2026,2026-07-04,318,0.30504113924050635
2026,2026-07-04,319,0.30407886435331233
2026,2026-07-05,320,0.30312264150943397
2026,2026-07-05,321,0.307166144200627
2026,2026-07-05,322,0.308984375
2026,2026-07-05,323,0.30802180685358255
2026,2026-07-06,324,0.3070652173913043
2026,2026-07-06,325,0.3088668730650155
2026,2026-07-06,326,0.3100679012345679
2026,2026-07-06,327,0.31184923076923077
2026,2026-07-06,328,0.31089263803680983
2026,2026-07-07,329,0.3099418960244648
2026,2026-07-07,330,0.3089969512195122
2026,2026-07-07,331,0.3080577507598784
2026,2026-07-07,332,0.3071242424242424
2026,2026-07-08,333,0.3061963746223565
2026,2026-07-08,334,0.30527409638554215
2026,2026-07-08,335,0.30435735735735736
2026,2026-07-08,336,0.3055359281437126
2026,2026-07-08,337,0.30462388059701495
2026,2026-07-09,338,0.3074672619047619
2026,2026-07-09,339,0.30655489614243325
2026,2026-07-09,340,0.30564792899408283
2026,2026-07-09,341,0.30474631268436575
2026,2026-07-10,342,0.30385
2026,2026-07-10,343,0.30500586510263933
2026,2026-07-10,344,0.30411403508771934
2026,2026-07-10,345,0.30322740524781344
2026,2026-07-11,346,0.3023459302325582
2026,2026-07-11,347,0.3040463768115942
2026,2026-07-11,348,0.30316763005780345
2026,2026-07-11,349,0.3048559077809798
2026,2026-07-12,350,0.30397988505747126
2026,2026-07-12,351,0.30671919770773637
2026,2026-07-12,352,0.3083828571428571
2026,2026-07-12,353,0.3075042735042735
2026,2026-07-16,354,0.3066306818181818
2026,2026-07-16,355,0.30576203966005666
2026,2026-07-16,356,0.30489830508474575
2026,2026-07-18,357,0.30403943661971833
2026,2026-07-18,358,0.30318539325842697
2026,2026-07-18,359,0.3067983193277311
2026,2026-07-18,360,0.30594134078212293
2026,2026-07-19,361,0.307033426183844
2026,2026-07-19,362,0.30618055555555557
2026,2026-07-19,363,0.3077950138504155
2026,2026-07-19,364,0.30694475138121546
2026,2026-07-20,365,0.30854820936639116
2026,2026-07-20,366,0.3077005494505495
2026,2026-07-20,367,0.3103095890410959
2026,2026-07-20,368,0.3094617486338798
2026,2026-07-21,369,0.3086185286103542
2026,2026-07-21,370,0.31019565217391304
2026,2026-07-21,371,0.3093550135501355
2026,2026-07-22,372,0.3085189189189189
2026,2026-07-22,373,0.3110835579514825
2026,2026-07-22,374,0.310247311827957
2026,2026-07-22,375,0.3094155495978552
2026,2026-07-24,376,0.30858823529411766
2026,2026-07-24,377,0.30776533333333334
2026,2026-07-24,378,0.3069468085106383
2026,2026-07-25,379,0.306132625994695
2026,2026-07-25,380,0.30532275132275133
2026,2026-07-25,381,0.30451715039577837
2026,2026-07-25,382,0.3037157894736842
2026,2026-07-26,383,0.3082834645669291
2026,2026-07-26,384,0.309803664921466
2026,2026-07-26,385,0.3089947780678851
2026,2026-07-26,386,0.31147135416666666
2026,2026-07-27,387,0.3106623376623377
2026,2026-07-27,388,0.31166580310880826
2026,2026-07-27,389,0.3131576227390181
2026,2026-07-27,390,0.3164561855670103
2026,2026-07-28,391,0.3156426735218509
2026,2026-07-28,392,0.3148333333333333
2026,2026-07-28,393,0.31402813299232735
2026,2026-07-28,394,0.3132270408163265
2026,2026-07-29,395,0.31243002544529264
2026,2026-07-29,396,0.3148350253807107
2026,2026-07-29,397,0.3158050632911392
2026,2026-07-29,398,0.316770202020202
2026,2026-07-31,399,0.3159722921914358
2026,2026-07-31,400,0.3169321608040201
2026,2026-07-31,401,0.31613784461152883
2026,2026-07-31,402,0.3153475
2026,2026-08-01,403,0.3145610972568578
2026,2026-08-01,404,0.31551492537313436
2026,2026-08-01,405,0.3169379652605459
2026,2026-08-01,406,0.31615346534653466
2026,2026-08-02,407,0.31537283950617284
2026,2026-08-02,408,0.3163152709359606
2026,2026-08-02,409,0.31725307125307123
2026,2026-08-03,410,0.3186544117647059
2026,2026-08-03,411,0.3178753056234719
2026,2026-08-03,412,0.31880243902439026
2026,2026-08-03,413,0.31802676399026764
2026,2026-08-04,414,0.3194126213592233
2026,2026-08-04,415,0.3186392251815981
2026,2026-08-04,416,0.31786956521739135
2026,2026-08-04,417,0.3201397590361446
2026,2026-08-05,418,0.32104807692307696
2026,2026-08-05,419,0.3202781774580336
2026,2026-08-05,420,0.3216387559808612
2026,2026-08-05,421,0.32253699284009546
2026,2026-08-06,422,0.3217690476190476
2026,2026-08-06,423,0.32399762470308785
2026,2026-08-06,424,0.32621563981042656
2026,2026-08-06,425,0.3270945626477541
2026,2026-08-07,426,0.32632311320754714
2026,2026-08-07,427,0.32719764705882354
2026,2026-08-07,428,0.32642957746478873
2026,2026-08-07,429,0.32729976580796255
2026,2026-08-08,430,0.32861214953271023
2026,2026-08-08,431,0.3278461538461538
2026,2026-08-08,432,0.3300139534883721
2026,2026-08-08,433,0.32924825986078887
2026,2026-08-08,434,0.3301018518518518
2026,2026-08-09,435,0.331392609699769
2026,2026-08-09,436,0.3306290322580645
2026,2026-08-09,437,0.33147356321839083
2026,2026-08-09,438,0.3307133027522936
2026,2026-08-09,439,0.3307133027522936
2026,2026-08-09,440,0.33199084668192225
2026,2026-08-10,441,0.3312328767123288
2026,2026-08-10,442,0.33047835990888386
2026,2026-08-10,443,0.3317477272727273
2026,2026-08-10,444,0.332578231292517
2026,2026-08-10,445,0.3338371040723982
2026,2026-08-11,446,0.3350902934537246
2026,2026-08-11,447,0.3359076576576577
2026,2026-08-11,448,0.33515280898876404
2026,2026-08-11,449,0.3344013452914798
2026,2026-08-12,450,0.3356420581655481
2026,2026-08-12,451,0.33489285714285716
2026,2026-08-12,452,0.3341469933184856
2026,2026-08-12,453,0.33340444444444445
2026,2026-08-13,454,0.3346363636363636
2026,2026-08-13,455,0.33389601769911503
2026,2026-08-13,456,0.333158940397351
2026,2026-08-13,457,0.3324251101321586
2026,2026-08-13,458,0.33169450549450546
