pitch_uid,game_year,game_date,plate_x,plate_z,zone,pitch_type,p_throws,type,is_bip,events,description
716393-38-1,2023,2023-09-30,0.01,1.51,14.0,CU,L,X,True,field_out,hit_into_play
716393-20-7,2023,2023-09-30,0.03,1.37,14.0,CU,L,S,False,strikeout,swinging_strike
716393-20-6,2023,2023-09-30,0.09,0.03,14.0,CH,L,B,False,,blocked_ball
716393-20-5,2023,2023-09-30,-0.62,2.65,4.0,FF,L,S,False,,foul
716393-20-4,2023,2023-09-30,-0.28,0.95,13.0,CH,L,B,False,,ball
716393-20-3,2023,2023-09-30,1.42,1.17,14.0,CU,L,B,False,,ball
716393-20-2,2023,2023-09-30,0.45,1.18,14.0,CU,L,S,False,,swinging_strike
716393-20-1,2023,2023-09-30,0.66,0.95,14.0,CH,L,S,False,,swinging_strike
716393-62-5,2023,2023-09-30,-1.8,4.19,11.0,FS,R,B,False,hit_by_pitch,hit_by_pitch
716393-62-4,2023,2023-09-30,-1.5,2.37,13.0,SI,R,S,False,,foul
716393-62-3,2023,2023-09-30,0.44,1.56,14.0,SL,R,S,False,,swinging_strike
716393-62-2,2023,2023-09-30,0.0,1.29,13.0,SI,R,B,False,,ball
716393-62-1,2023,2023-09-30,-0.47,1.11,13.0,SI,R,B,False,,ball
716393-2-6,2023,2023-09-30,0.59,1.26,14.0,CH,L,X,True,single,hit_into_play
716393-2-5,2023,2023-09-30,0.91,1.15,14.0,CH,L,B,False,,ball
716393-2-4,2023,2023-09-30,-0.55,3.51,1.0,FF,L,S,False,,foul
716393-2-3,2023,2023-09-30,1.4,-0.05,14.0,CU,L,B,False,,ball
716393-2-2,2023,2023-09-30,0.35,0.62,14.0,CH,L,S,False,,swinging_strike
716393-2-1,2023,2023-09-30,-0.68,0.75,13.0,CU,L,S,False,,swinging_strike
716409-43-1,2023,2023-09-28,0.74,2.32,6.0,SI,R,X,True,single,hit_into_play
716409-24-8,2023,2023-09-28,0.33,2.26,6.0,SL,R,X,True,field_out,hit_into_play
716409-24-7,2023,2023-09-28,1.33,0.91,14.0,SL,R,B,False,,ball
716409-24-6,2023,2023-09-28,0.03,3.44,2.0,FF,R,S,False,,foul
716409-24-5,2023,2023-09-28,0.53,1.22,14.0,SL,R,S,False,,foul
716409-24-4,2023,2023-09-28,0.24,2.91,2.0,SL,R,S,False,,foul
716409-24-3,2023,2023-09-28,-0.7,4.6,11.0,FF,R,B,False,,ball
716409-24-2,2023,2023-09-28,-0.84,3.41,11.0,SI,R,S,False,,foul
716409-24-1,2023,2023-09-28,-0.47,2.03,7.0,SI,R,S,False,,called_strike
716409-5-5,2023,2023-09-28,0.13,2.83,5.0,FF,R,X,True,double,hit_into_play
716409-5-4,2023,2023-09-28,-1.77,3.22,11.0,SI,R,B,False,,ball
716409-5-3,2023,2023-09-28,0.65,3.46,3.0,FF,R,B,False,,ball
716409-5-2,2023,2023-09-28,0.97,2.13,14.0,SI,R,B,False,,ball
716409-5-1,2023,2023-09-28,0.91,2.75,12.0,SI,R,S,False,,called_strike
716409-65-3,2023,2023-09-28,0.11,3.39,2.0,FC,R,X,True,double,hit_into_play
716409-65-2,2023,2023-09-28,-0.01,2.79,5.0,FF,R,S,False,,foul
716409-65-1,2023,2023-09-28,-0.81,4.36,11.0,FC,R,B,False,,ball
716432-39-1,2023,2023-09-26,-0.23,2.61,5.0,FC,R,X,True,single,hit_into_play
716432-24-2,2023,2023-09-26,-0.39,2.52,4.0,SI,R,X,True,field_out,hit_into_play
716432-24-1,2023,2023-09-26,-1.48,2.26,13.0,SI,R,B,False,,ball
716432-5-6,2023,2023-09-26,-0.45,2.65,4.0,SI,R,X,True,field_out,hit_into_play
716432-5-5,2023,2023-09-26,-0.69,3.88,11.0,FF,R,B,False,,ball
716432-5-4,2023,2023-09-26,0.8,2.59,6.0,FC,R,S,False,,called_strike
716432-5-3,2023,2023-09-26,0.25,1.45,14.0,SI,R,S,False,,foul
716432-57-4,2023,2023-09-26,0.57,2.55,6.0,CH,L,X,True,field_out,hit_into_play
716432-5-2,2023,2023-09-26,1.69,2.17,14.0,FF,R,B,False,,ball
716432-5-1,2023,2023-09-26,0.82,0.73,14.0,SI,R,B,False,,ball
716432-57-3,2023,2023-09-26,-0.02,1.68,8.0,ST,L,S,False,,called_strike
716432-57-2,2023,2023-09-26,-0.52,1.33,13.0,CH,L,S,False,,swinging_strike
716432-57-1,2023,2023-09-26,-0.55,0.61,13.0,CH,L,B,False,,ball
716454-20-6,2023,2023-09-24,0.43,1.94,9.0,CH,R,X,True,field_out,hit_into_play
716454-20-5,2023,2023-09-24,-0.77,2.82,4.0,SI,R,S,False,,foul
716454-20-4,2023,2023-09-24,-1.14,4.17,11.0,SI,R,B,False,,ball
716454-20-3,2023,2023-09-24,1.07,0.5,14.0,CH,R,B,False,,ball
716454-20-2,2023,2023-09-24,0.14,1.41,14.0,CH,R,S,False,,swinging_strike
716454-20-1,2023,2023-09-24,1.29,2.87,12.0,FF,R,B,False,,ball
716454-53-4,2023,2023-09-24,-0.03,1.78,8.0,CH,L,X,True,grounded_into_double_play,hit_into_play
716454-53-3,2023,2023-09-24,0.08,2.78,5.0,FF,L,S,False,,foul
716454-53-2,2023,2023-09-24,0.4,0.82,14.0,CH,L,B,False,,ball
716454-53-1,2023,2023-09-24,0.78,1.33,14.0,CH,L,S,False,,swinging_strike
716454-5-7,2023,2023-09-24,-0.4,2.39,4.0,SL,R,X,True,field_out,hit_into_play
716454-36-7,2023,2023-09-24,-0.55,2.57,4.0,SI,R,X,True,double,hit_into_play
716454-5-6,2023,2023-09-24,-0.03,2.73,5.0,FF,R,S,False,,foul
716454-5-5,2023,2023-09-24,-0.83,1.55,13.0,SI,R,S,False,,foul
716454-36-6,2023,2023-09-24,-0.78,2.05,7.0,SI,R,S,False,,foul
716454-5-4,2023,2023-09-24,0.34,0.79,14.0,CH,R,B,False,,ball
716454-36-5,2023,2023-09-24,1.61,1.37,14.0,SI,R,B,False,,ball
716454-5-3,2023,2023-09-24,0.26,1.45,14.0,CH,R,S,False,,swinging_strike
716454-36-4,2023,2023-09-24,2.29,1.65,14.0,SI,R,B,False,,ball
716454-5-2,2023,2023-09-24,-0.79,2.04,7.0,SI,R,S,False,,foul
716454-36-3,2023,2023-09-24,0.04,2.6,5.0,SI,R,S,False,,foul_tip
716454-36-2,2023,2023-09-24,-0.26,2.77,5.0,SI,R,S,False,,foul
716454-5-1,2023,2023-09-24,-1.08,1.37,13.0,SI,R,B,False,,ball
716454-36-1,2023,2023-09-24,0.93,1.93,14.0,SI,R,B,False,,ball
716466-40-1,2023,2023-09-23,0.4,1.16,14.0,CH,L,X,True,fielders_choice,hit_into_play
716466-24-4,2023,2023-09-23,-0.04,4.06,11.0,FF,L,S,False,strikeout,swinging_strike
716466-24-3,2023,2023-09-23,-0.03,0.44,13.0,CU,L,S,False,,swinging_strike
716466-24-2,2023,2023-09-23,0.34,0.62,14.0,CH,L,B,False,,ball
716466-24-1,2023,2023-09-23,-0.72,2.16,7.0,SI,L,S,False,,called_strike
716466-6-1,2023,2023-09-23,0.04,2.76,5.0,SI,L,X,True,field_out,hit_into_play
716466-59-5,2023,2023-09-23,0.83,2.12,14.0,SL,R,X,True,field_out,hit_into_play
716466-59-4,2023,2023-09-23,-0.28,0.64,13.0,FS,R,B,False,,ball
716466-59-3,2023,2023-09-23,2.11,1.7,14.0,ST,R,B,False,,ball
716466-59-2,2023,2023-09-23,1.17,1.13,14.0,ST,R,S,False,,swinging_strike
716466-59-1,2023,2023-09-23,-0.34,2.69,4.0,SL,R,S,False,,called_strike
716481-43-6,2023,2023-09-22,0.46,1.96,9.0,CH,R,X,True,field_out,hit_into_play
716481-43-5,2023,2023-09-22,-0.05,2.9,2.0,SL,R,S,False,,foul
716481-43-4,2023,2023-09-22,0.64,2.32,6.0,FF,R,S,False,,foul
716481-43-3,2023,2023-09-22,0.99,3.35,12.0,FF,R,B,False,,ball
716481-43-2,2023,2023-09-22,-0.33,3.0,1.0,FF,R,S,False,,swinging_strike
716481-43-1,2023,2023-09-22,-0.15,3.58,11.0,FF,R,B,False,,ball
716481-23-4,2023,2023-09-22,-0.18,2.54,5.0,CH,R,X,True,field_out,hit_into_play
716481-23-3,2023,2023-09-22,1.05,3.48,12.0,FF,R,B,False,,ball
716481-23-2,2023,2023-09-22,0.73,2.91,3.0,CH,R,S,False,,called_strike
716481-23-1,2023,2023-09-22,0.27,0.9,14.0,SL,R,B,False,,ball
716481-55-4,2023,2023-09-22,1.13,2.18,14.0,SL,R,X,True,force_out,hit_into_play
716481-55-3,2023,2023-09-22,0.79,1.44,14.0,SL,R,S,False,,swinging_strike
716481-55-2,2023,2023-09-22,0.01,4.14,12.0,FF,R,B,False,,ball
716481-73-2,2023,2023-09-22,0.67,2.14,9.0,CH,L,X,True,field_out,hit_into_play
716481-7-8,2023,2023-09-22,-0.77,3.91,11.0,FF,R,B,False,walk,ball
716481-55-1,2023,2023-09-22,0.13,3.58,12.0,FF,R,S,False,,swinging_strike
716481-73-1,2023,2023-09-22,0.77,2.79,6.0,SI,L,S,False,,called_strike
716481-7-7,2023,2023-09-22,0.88,1.77,14.0,SL,R,B,False,,ball
716481-7-6,2023,2023-09-22,0.19,1.32,14.0,CU,R,S,False,,foul
716481-7-5,2023,2023-09-22,1.01,2.57,12.0,FF,R,S,False,,foul
716481-7-4,2023,2023-09-22,0.67,0.67,14.0,SL,R,B,False,,ball
716481-7-3,2023,2023-09-22,0.88,2.85,12.0,FF,R,B,False,,ball
716481-7-2,2023,2023-09-22,-0.11,3.1,2.0,FF,R,S,False,,foul
716481-7-1,2023,2023-09-22,-0.6,2.17,7.0,SL,R,S,False,,called_strike
716490-25-5,2023,2023-09-21,-0.28,2.04,7.0,SI,L,X,True,field_out,hit_into_play
716490-25-4,2023,2023-09-21,0.02,0.78,14.0,SL,L,B,False,,ball
716490-25-3,2023,2023-09-21,-0.01,1.25,13.0,CH,L,B,False,,ball
716490-25-2,2023,2023-09-21,-0.08,1.92,8.0,SI,L,S,False,,foul
716490-25-1,2023,2023-09-21,-0.95,0.69,13.0,CU,L,B,False,,ball
716490-5-7,2023,2023-09-21,-1.8,0.99,13.0,SL,L,B,False,walk,ball
716490-5-6,2023,2023-09-21,0.25,2.21,8.0,CH,L,S,False,,foul
716490-5-5,2023,2023-09-21,-1.23,1.79,13.0,FF,L,B,False,,ball
716490-5-4,2023,2023-09-21,0.03,1.79,8.0,SI,L,S,False,,foul
716490-5-3,2023,2023-09-21,-0.41,1.39,13.0,SI,L,B,False,,ball
716490-5-2,2023,2023-09-21,-0.85,1.83,13.0,CH,L,B,False,,ball
716490-42-6,2023,2023-09-21,1.47,1.05,14.0,ST,R,B,False,walk,ball
716490-55-5,2023,2023-09-21,-1.02,2.83,11.0,SI,R,X,True,field_out,hit_into_play
716490-42-5,2023,2023-09-21,2.17,1.63,14.0,ST,R,B,False,,ball
716490-5-1,2023,2023-09-21,0.31,2.38,6.0,SI,L,S,False,,called_strike
716490-42-4,2023,2023-09-21,0.8,1.51,14.0,ST,R,S,False,,swinging_strike
716490-55-4,2023,2023-09-21,1.31,0.38,14.0,ST,R,B,False,,blocked_ball
716490-55-3,2023,2023-09-21,1.25,1.65,14.0,ST,R,S,False,,swinging_strike
716490-42-3,2023,2023-09-21,0.36,2.21,9.0,FF,R,S,False,,called_strike
716490-42-2,2023,2023-09-21,1.26,2.02,14.0,ST,R,B,False,,ball
716490-55-2,2023,2023-09-21,-0.92,3.8,11.0,SI,R,B,False,,ball
716490-42-1,2023,2023-09-21,1.42,1.38,14.0,ST,R,B,False,,ball
716490-55-1,2023,2023-09-21,0.65,2.0,9.0,SI,R,S,False,,called_strike
716509-17-3,2023,2023-09-20,-0.29,2.56,4.0,CH,R,X,True,field_out,hit_into_play
716509-17-2,2023,2023-09-20,0.7,-0.63,14.0,CH,R,B,False,,ball
716509-17-1,2023,2023-09-20,0.64,2.03,9.0,SI,R,S,False,,foul_tip
716509-2-6,2023,2023-09-20,-0.97,4.52,11.0,SI,R,B,False,walk,ball
716509-2-5,2023,2023-09-20,-1.7,2.03,13.0,SI,R,B,False,,blocked_ball
716509-2-4,2023,2023-09-20,0.13,4.09,12.0,SI,R,B,False,,ball
716509-2-3,2023,2023-09-20,1.42,1.11,14.0,SL,R,B,False,,ball
716509-53-4,2023,2023-09-20,0.51,2.19,9.0,SI,L,X,True,field_out,hit_into_play
716509-2-2,2023,2023-09-20,0.78,1.4,14.0,SL,R,S,False,,swinging_strike
716509-53-3,2023,2023-09-20,-0.04,0.59,13.0,ST,L,B,False,,ball
716509-74-1,2023,2023-09-20,0.65,1.53,14.0,CH,L,X,True,grounded_into_double_play,hit_into_play
716509-53-2,2023,2023-09-20,0.68,1.63,9.0,ST,L,B,False,,ball
716509-2-1,2023,2023-09-20,-0.22,2.55,5.0,SL,R,S,False,,called_strike
716509-53-1,2023,2023-09-20,0.3,1.51,9.0,ST,L,S,False,,called_strike
716509-35-2,2023,2023-09-20,0.67,2.33,6.0,FC,R,X,True,field_out,hit_into_play
716509-35-1,2023,2023-09-20,0.81,2.09,9.0,SI,R,S,False,,called_strike
716521-47-4,2023,2023-09-19,0.65,2.6,6.0,SL,R,X,True,force_out,hit_into_play
716521-47-3,2023,2023-09-19,0.35,2.46,6.0,FF,R,S,False,,foul
716521-47-2,2023,2023-09-19,-0.14,2.84,5.0,FF,R,S,False,,foul
716521-47-1,2023,2023-09-19,-0.28,2.48,4.0,FF,R,S,False,,foul
716521-24-3,2023,2023-09-19,-0.05,2.63,5.0,SL,R,X,True,field_out,hit_into_play
716521-24-2,2023,2023-09-19,-0.7,3.05,1.0,SL,R,S,False,,called_strike
716521-24-1,2023,2023-09-19,-0.53,3.06,1.0,FF,R,S,False,,foul
716521-2-4,2023,2023-09-19,-1.52,3.92,11.0,FF,R,B,False,hit_by_pitch,hit_by_pitch
716521-2-3,2023,2023-09-19,0.07,3.95,12.0,FF,R,B,False,,ball
716521-70-5,2023,2023-09-19,1.53,1.45,14.0,SL,R,S,False,strikeout,swinging_strike
716521-2-2,2023,2023-09-19,0.09,2.86,2.0,FF,R,S,False,,foul
716521-70-4,2023,2023-09-19,0.39,3.27,3.0,FF,R,S,False,,foul
716521-2-1,2023,2023-09-19,0.37,2.56,6.0,FF,R,S,False,,foul
716521-70-3,2023,2023-09-19,-0.84,3.67,11.0,FF,R,S,False,,foul
716521-70-2,2023,2023-09-19,0.11,3.29,2.0,FF,R,S,False,,foul
716521-70-1,2023,2023-09-19,0.16,4.31,12.0,FF,R,B,False,,ball
716532-34-2,2023,2023-09-18,0.6,1.95,9.0,SI,R,X,True,single,hit_into_play
716532-34-1,2023,2023-09-18,1.42,1.97,14.0,SI,R,B,False,,ball
716532-18-7,2023,2023-09-18,0.17,1.92,8.0,KC,R,X,True,field_out,hit_into_play
716532-18-6,2023,2023-09-18,0.94,1.1,14.0,CH,R,S,False,,foul
716532-18-5,2023,2023-09-18,-0.64,2.57,4.0,SI,R,S,False,,foul
716532-18-4,2023,2023-09-18,2.66,1.13,14.0,KC,R,B,False,,ball
716532-18-3,2023,2023-09-18,0.24,0.91,14.0,SI,R,B,False,,ball
716532-18-2,2023,2023-09-18,-0.17,2.95,2.0,FF,R,S,False,,foul
716532-18-1,2023,2023-09-18,0.0,1.67,8.0,KC,R,S,False,,called_strike
716532-46-2,2023,2023-09-18,-0.57,2.44,4.0,SL,R,X,True,field_out,hit_into_play
716532-46-1,2023,2023-09-18,-0.32,2.79,4.0,SL,R,S,False,,called_strike
716532-67-5,2023,2023-09-18,0.45,0.77,14.0,CU,L,S,False,strikeout,swinging_strike_blocked
716532-67-4,2023,2023-09-18,-0.9,3.02,11.0,FC,L,S,False,,foul
716532-67-3,2023,2023-09-18,-1.02,0.31,13.0,ST,L,B,False,,ball
716532-67-2,2023,2023-09-18,-0.42,2.82,4.0,ST,L,S,False,,swinging_strike
716532-67-1,2023,2023-09-18,0.79,3.3,3.0,ST,L,B,False,,ball
716532-2-1,2023,2023-09-18,-0.39,2.31,4.0,SI,R,X,True,single,hit_into_play
716541-38-3,2023,2023-09-17,-0.35,2.8,4.0,SL,R,X,True,field_out,hit_into_play
716541-38-2,2023,2023-09-17,-0.18,3.07,2.0,CU,R,S,False,,foul
716541-38-1,2023,2023-09-17,-0.15,2.96,2.0,CU,R,S,False,,foul
716541-17-5,2023,2023-09-17,0.61,0.76,14.0,SL,R,S,False,strikeout,swinging_strike_blocked
716541-17-4,2023,2023-09-17,0.56,3.72,12.0,FF,R,S,False,,foul
716541-17-3,2023,2023-09-17,-0.08,2.14,8.0,SI,R,S,False,,foul
716541-17-2,2023,2023-09-17,-0.74,2.61,4.0,SI,R,S,False,,foul
716541-17-1,2023,2023-09-17,1.0,1.09,14.0,SL,R,B,False,,ball
716541-68-4,2023,2023-09-17,-0.26,1.63,8.0,CH,L,X,True,field_out,hit_into_play
716541-68-3,2023,2023-09-17,2.64,2.84,12.0,CH,L,B,False,,ball
716541-68-2,2023,2023-09-17,0.65,1.17,14.0,CH,L,S,False,,swinging_strike
716541-68-1,2023,2023-09-17,0.78,1.16,14.0,CH,L,S,False,,swinging_strike
716541-2-2,2023,2023-09-17,0.05,1.19,14.0,CU,R,X,True,single,hit_into_play
716541-2-1,2023,2023-09-17,-0.05,1.32,13.0,SL,R,S,False,,swinging_strike
716541-56-1,2023,2023-09-17,0.58,1.8,9.0,FF,R,X,True,single,hit_into_play
716557-39-3,2023,2023-09-16,-0.91,2.97,11.0,FF,R,X,True,field_out,hit_into_play
716557-39-2,2023,2023-09-16,1.42,-0.37,14.0,CU,R,B,False,,ball
716557-39-1,2023,2023-09-16,0.37,1.94,9.0,SL,R,S,False,,called_strike
716557-19-3,2023,2023-09-16,0.2,2.45,5.0,SL,R,X,True,field_out,hit_into_play
716557-19-2,2023,2023-09-16,-1.0,2.95,11.0,FF,R,S,False,,called_strike
716557-19-1,2023,2023-09-16,-1.35,3.16,11.0,SI,R,B,False,,ball
716557-2-5,2023,2023-09-16,-0.1,2.74,5.0,CU,R,X,True,double,hit_into_play
716557-2-4,2023,2023-09-16,1.27,3.08,12.0,FF,R,B,False,,ball
716557-2-3,2023,2023-09-16,0.25,1.88,8.0,FF,R,S,False,,swinging_strike
716557-55-1,2023,2023-09-16,0.45,1.8,9.0,FF,R,X,True,field_out,hit_into_play
716557-2-2,2023,2023-09-16,0.93,0.56,14.0,SL,R,B,False,,ball
716557-2-1,2023,2023-09-16,0.45,2.1,9.0,FF,R,S,False,,called_strike
716572-40-4,2023,2023-09-15,0.01,3.14,2.0,CU,L,X,True,grounded_into_double_play,hit_into_play
716572-40-3,2023,2023-09-15,-0.04,3.53,11.0,CU,L,S,False,,called_strike
716572-40-2,2023,2023-09-15,3.01,2.87,12.0,CH,L,B,False,,ball
716572-40-1,2023,2023-09-15,1.05,3.11,12.0,FF,L,S,False,,foul
716572-20-6,2023,2023-09-15,-0.65,3.41,1.0,FF,L,X,True,field_out,hit_into_play
716572-20-5,2023,2023-09-15,1.04,2.95,12.0,CH,L,B,False,,ball
716572-20-4,2023,2023-09-15,-0.63,3.87,11.0,FF,L,B,False,,ball
716572-20-3,2023,2023-09-15,-0.03,3.62,11.0,FF,L,S,False,,foul
716572-20-2,2023,2023-09-15,-0.04,1.74,8.0,FC,L,S,False,,foul
716572-20-1,2023,2023-09-15,0.33,3.77,12.0,CU,L,B,False,,ball
716572-15-5,2023,2023-09-15,-0.51,3.4,1.0,CU,L,B,False,caught_stealing_2b,ball
716572-15-4,2023,2023-09-15,-0.74,1.56,7.0,CU,L,S,False,,foul
716572-15-3,2023,2023-09-15,0.26,1.76,8.0,CH,L,S,False,,called_strike
716572-15-2,2023,2023-09-15,-0.93,2.62,11.0,FF,L,S,False,,called_strike
716572-15-1,2023,2023-09-15,0.41,4.37,12.0,FF,L,B,False,,ball
716572-59-9,2023,2023-09-15,0.48,3.55,12.0,SL,L,S,False,strikeout,swinging_strike
716572-59-8,2023,2023-09-15,-0.59,2.36,4.0,CU,L,S,False,,foul
716572-59-7,2023,2023-09-15,1.43,3.93,12.0,FF,L,B,False,,ball
716572-59-6,2023,2023-09-15,-0.12,3.7,11.0,SI,L,S,False,,foul
716572-59-5,2023,2023-09-15,0.78,4.61,12.0,FF,L,B,False,,ball
716572-59-4,2023,2023-09-15,-0.3,1.54,13.0,CU,L,S,False,,foul
716572-59-3,2023,2023-09-15,-0.09,2.58,5.0,CU,L,S,False,,foul
716572-59-2,2023,2023-09-15,-0.62,3.17,1.0,SI,L,S,False,,foul
716572-59-1,2023,2023-09-15,-0.77,1.75,7.0,CU,L,S,False,,swinging_strike
716572-2-6,2023,2023-09-15,-0.13,3.71,11.0,FF,L,X,True,single,hit_into_play
716572-2-5,2023,2023-09-15,-1.02,2.46,13.0,FC,L,S,False,,foul
716572-2-4,2023,2023-09-15,-1.15,-0.44,13.0,FC,L,B,False,,ball
716572-2-3,2023,2023-09-15,-0.38,4.63,11.0,FF,L,B,False,,ball
716572-2-2,2023,2023-09-15,-0.05,3.88,11.0,FF,L,S,False,,swinging_strike
716572-2-1,2023,2023-09-15,0.17,2.5,5.0,FF,L,S,False,,foul
716603-45-2,2023,2023-09-13,0.0,2.38,5.0,FF,R,X,True,field_out,hit_into_play
716603-45-1,2023,2023-09-13,0.65,3.68,12.0,FF,R,B,False,,ball
716603-24-2,2023,2023-09-13,0.54,1.84,9.0,SL,R,X,True,field_out,hit_into_play
716603-24-1,2023,2023-09-13,0.36,0.84,14.0,SL,R,S,False,,swinging_strike
716603-7-7,2023,2023-09-13,-0.13,1.93,8.0,FF,R,X,True,field_out,hit_into_play
716603-7-6,2023,2023-09-13,0.36,1.95,9.0,SL,R,S,False,,foul
716603-62-5,2023,2023-09-13,-0.64,1.07,13.0,ST,L,S,False,strikeout,swinging_strike
716603-7-5,2023,2023-09-13,1.44,0.35,14.0,SL,R,B,False,,blocked_ball
716603-62-4,2023,2023-09-13,-1.07,1.92,13.0,ST,L,S,False,,swinging_strike
716603-7-4,2023,2023-09-13,0.07,3.85,12.0,FF,R,S,False,,foul
716603-62-3,2023,2023-09-13,-0.58,2.47,4.0,ST,L,S,False,,called_strike
716603-7-3,2023,2023-09-13,-0.27,2.7,5.0,FF,R,S,False,,foul
716603-7-2,2023,2023-09-13,0.34,2.08,9.0,FF,R,S,False,,foul_tip
716603-62-2,2023,2023-09-13,0.64,3.32,3.0,SI,L,B,False,,ball
716603-62-1,2023,2023-09-13,-1.52,1.15,13.0,ST,L,B,False,,ball
716603-7-1,2023,2023-09-13,0.29,3.86,12.0,FF,R,B,False,,ball
716618-45-4,2023,2023-09-12,-0.41,3.03,1.0,FF,L,S,False,strikeout,swinging_strike
716618-45-3,2023,2023-09-12,-0.99,2.41,13.0,FF,L,B,False,,ball
716618-45-2,2023,2023-09-12,-0.62,0.91,13.0,CU,L,S,False,,swinging_strike
716618-45-1,2023,2023-09-12,0.64,2.53,6.0,SL,L,S,False,,foul
716618-28-3,2023,2023-09-12,0.28,1.95,9.0,CH,L,X,True,single,hit_into_play
716618-28-2,2023,2023-09-12,1.35,1.88,14.0,CH,L,B,False,,ball
716618-28-1,2023,2023-09-12,0.25,2.91,2.0,CU,L,S,False,,called_strike
716618-62-1,2023,2023-09-12,0.76,2.41,6.0,SI,R,X,True,single,hit_into_play
716618-79-8,2023,2023-09-12,0.02,2.23,5.0,FF,R,X,True,home_run,hit_into_play
716618-79-7,2023,2023-09-12,1.85,2.43,14.0,SL,R,B,False,,ball
716618-6-3,2023,2023-09-12,0.86,2.29,14.0,SI,L,X,True,field_out,hit_into_play
716618-79-6,2023,2023-09-12,-0.04,0.12,13.0,CH,R,B,False,,ball
716618-6-2,2023,2023-09-12,1.08,2.61,12.0,SL,L,B,False,,ball
716618-79-5,2023,2023-09-12,-1.33,2.39,13.0,CH,R,S,False,,foul
716618-6-1,2023,2023-09-12,1.6,3.31,12.0,SL,L,B,False,,ball
716618-79-4,2023,2023-09-12,0.26,3.39,2.0,FF,R,S,False,,foul
716618-79-3,2023,2023-09-12,-0.32,4.86,11.0,FF,R,B,False,,ball
716618-79-2,2023,2023-09-12,0.4,3.76,12.0,FF,R,S,False,,swinging_strike
716618-79-1,2023,2023-09-12,0.33,1.55,9.0,FF,R,S,False,,foul
717664-44-4,2023,2023-09-11,0.98,0.62,14.0,CU,R,S,False,strikeout,swinging_strike_blocked
717664-44-3,2023,2023-09-11,1.3,1.27,14.0,CU,R,B,False,,ball
717664-44-2,2023,2023-09-11,0.6,2.16,6.0,FF,R,S,False,,foul
717664-44-1,2023,2023-09-11,-0.09,1.75,8.0,CU,R,S,False,,foul
716590-55-3,2023,2023-09-11,1.28,2.4,14.0,CU,R,X,True,field_out,hit_into_play
716590-55-2,2023,2023-09-11,-0.7,1.9,7.0,SI,R,S,False,,foul
716590-19-3,2023,2023-09-11,-0.4,1.77,7.0,KC,R,X,True,force_out,hit_into_play
716590-19-2,2023,2023-09-11,-0.44,1.89,7.0,KC,R,S,False,,foul
716590-55-1,2023,2023-09-11,0.33,2.14,9.0,SI,R,S,False,,called_strike
717664-23-1,2023,2023-09-11,0.47,2.05,9.0,FF,R,X,True,field_out,hit_into_play
716590-19-1,2023,2023-09-11,-0.84,2.25,13.0,KC,R,S,False,,called_strike
717664-79-3,2023,2023-09-11,-0.41,2.26,4.0,SI,R,X,True,field_error,hit_into_play
717664-79-2,2023,2023-09-11,-1.74,2.28,13.0,SI,R,B,False,,ball
717664-79-1,2023,2023-09-11,-0.56,1.96,7.0,SI,R,S,False,,called_strike
717664-6-5,2023,2023-09-11,-0.44,2.55,4.0,CU,R,S,False,strikeout,swinging_strike
716590-7-5,2023,2023-09-11,0.05,1.81,8.0,SI,R,X,True,single,hit_into_play
717664-6-4,2023,2023-09-11,0.27,3.01,2.0,FF,R,S,False,,foul
717664-63-1,2023,2023-09-11,0.04,3.15,2.0,FF,L,X,True,home_run,hit_into_play
716590-37-3,2023,2023-09-11,0.58,1.92,9.0,FC,R,X,True,double,hit_into_play
717664-6-3,2023,2023-09-11,-0.02,1.8,8.0,CU,R,S,False,,foul
716590-7-4,2023,2023-09-11,1.93,-0.2,14.0,KC,R,B,False,,blocked_ball
716590-37-2,2023,2023-09-11,-0.53,4.01,11.0,FC,R,S,False,,swinging_strike
716590-37-1,2023,2023-09-11,1.52,1.41,14.0,FC,R,B,False,,ball
717664-6-2,2023,2023-09-11,-0.82,3.27,1.0,SI,R,B,False,,ball
716590-7-3,2023,2023-09-11,1.96,0.34,14.0,KC,R,B,False,,blocked_ball
716590-7-2,2023,2023-09-11,0.24,2.94,2.0,SI,R,S,False,,foul
717664-6-1,2023,2023-09-11,0.19,1.9,8.0,SI,R,S,False,,called_strike
716590-7-1,2023,2023-09-11,-0.78,1.45,13.0,SI,R,S,False,,foul
716643-21-5,2023,2023-09-10,-0.31,3.3,1.0,FF,R,X,True,field_out,hit_into_play
716643-21-4,2023,2023-09-10,0.83,1.21,14.0,SL,R,B,False,,ball
716643-21-3,2023,2023-09-10,1.47,0.82,14.0,SL,R,B,False,,ball
716643-21-2,2023,2023-09-10,0.03,3.32,2.0,FF,R,S,False,,foul
716643-21-1,2023,2023-09-10,0.62,2.54,6.0,SL,R,S,False,,called_strike
716643-57-5,2023,2023-09-10,1.1,2.57,12.0,FC,R,X,True,single,hit_into_play
716643-57-4,2023,2023-09-10,1.5,0.56,14.0,KC,R,B,False,,blocked_ball
716643-57-3,2023,2023-09-10,0.18,2.18,5.0,FC,R,S,False,,foul
716643-57-2,2023,2023-09-10,0.09,2.58,5.0,FC,R,S,False,,swinging_strike
716643-57-1,2023,2023-09-10,0.83,1.74,14.0,FC,R,B,False,,ball
716643-75-2,2023,2023-09-10,-2.12,1.62,13.0,SL,L,B,False,hit_by_pitch,hit_by_pitch
716643-75-1,2023,2023-09-10,1.17,4.75,12.0,FF,L,B,False,,ball
716643-37-1,2023,2023-09-10,-0.14,2.74,5.0,ST,L,X,True,field_out,hit_into_play
716643-6-1,2023,2023-09-10,0.14,2.66,5.0,FF,L,X,True,home_run,hit_into_play
716653-19-10,2023,2023-09-09,-1.25,2.27,13.0,SL,R,B,False,walk,ball
716653-19-9,2023,2023-09-09,-0.26,3.15,2.0,FF,R,S,False,,foul
716653-19-8,2023,2023-09-09,-1.66,4.21,11.0,SL,R,B,False,,ball
716653-19-7,2023,2023-09-09,-0.13,2.58,5.0,FF,R,S,False,,foul
716653-19-6,2023,2023-09-09,-1.41,1.85,13.0,CH,R,B,False,,ball
716653-19-5,2023,2023-09-09,-0.31,2.44,4.0,SI,R,S,False,,foul
716653-19-4,2023,2023-09-09,-1.15,1.63,13.0,CH,R,S,False,,foul
716653-19-3,2023,2023-09-09,2.25,1.97,14.0,SL,R,B,False,,ball
716653-19-2,2023,2023-09-09,-1.65,2.51,11.0,SI,R,S,False,,foul
716653-19-1,2023,2023-09-09,0.22,2.16,8.0,SL,R,S,False,,called_strike
716653-55-2,2023,2023-09-09,0.18,2.08,8.0,SI,L,X,True,field_out,hit_into_play
716653-55-1,2023,2023-09-09,-0.08,1.63,8.0,CH,L,S,False,,swinging_strike
716653-42-4,2023,2023-09-09,0.06,3.54,12.0,FF,L,B,False,walk,ball
716653-42-3,2023,2023-09-09,1.56,2.4,14.0,SI,L,B,False,,ball
716653-6-3,2023,2023-09-09,-1.08,2.7,11.0,SI,R,X,True,grounded_into_double_play,hit_into_play
716653-6-2,2023,2023-09-09,-0.97,2.58,11.0,CH,R,S,False,,swinging_strike
716653-42-2,2023,2023-09-09,-1.02,0.65,13.0,CH,L,B,False,,ball
716653-42-1,2023,2023-09-09,0.74,2.13,9.0,FF,L,B,False,,ball
716653-6-1,2023,2023-09-09,-0.59,2.73,4.0,SI,R,S,False,,foul
716679-40-1,2023,2023-09-08,0.25,2.84,2.0,SL,R,X,True,single,hit_into_play
716679-23-4,2023,2023-09-08,-1.08,3.26,11.0,CU,R,B,False,walk,ball
716679-23-3,2023,2023-09-08,-0.59,1.38,13.0,CU,R,B,False,,ball
716679-23-2,2023,2023-09-08,0.75,3.51,12.0,FF,R,B,False,,ball
716679-23-1,2023,2023-09-08,1.27,1.56,14.0,FF,R,B,False,,ball
716679-59-6,2023,2023-09-08,-0.65,0.91,13.0,SL,L,S,False,strikeout,swinging_strike
716679-59-5,2023,2023-09-08,0.77,1.85,9.0,SL,L,S,False,,foul
716679-59-4,2023,2023-09-08,-1.61,0.56,13.0,SL,L,S,False,,swinging_strike_blocked
716679-59-3,2023,2023-09-08,0.55,3.59,12.0,FF,L,B,False,,ball
716679-59-2,2023,2023-09-08,-0.07,1.32,13.0,SL,L,B,False,,ball
716679-59-1,2023,2023-09-08,-0.38,3.68,11.0,FF,L,S,False,,swinging_strike
716679-7-3,2023,2023-09-08,-0.07,2.78,5.0,SL,R,X,True,home_run,hit_into_play
716679-7-2,2023,2023-09-08,-0.34,3.79,11.0,FF,R,S,False,,swinging_strike
716679-7-1,2023,2023-09-08,-0.25,3.08,2.0,FF,R,S,False,,foul
716720-49-4,2023,2023-09-04,0.39,3.0,3.0,SL,R,X,True,field_out,hit_into_play
716720-49-3,2023,2023-09-04,-0.49,0.93,13.0,KN,R,S,False,,swinging_strike
716720-49-2,2023,2023-09-04,1.64,1.75,14.0,KN,R,B,False,,ball
716720-49-1,2023,2023-09-04,0.88,3.04,12.0,FC,R,S,False,,foul
716720-16-3,2023,2023-09-04,-0.22,2.37,5.0,FF,L,X,True,home_run,hit_into_play
716720-16-2,2023,2023-09-04,1.14,3.85,12.0,CH,L,B,False,,ball
716720-16-1,2023,2023-09-04,0.32,2.28,6.0,FF,L,S,False,,foul
716720-28-4,2023,2023-09-04,1.33,1.97,14.0,SL,R,S,False,strikeout,swinging_strike
716720-28-3,2023,2023-09-04,1.23,2.25,14.0,SL,R,S,False,,swinging_strike
716720-28-2,2023,2023-09-04,0.09,1.99,8.0,SI,R,S,False,,called_strike
716720-28-1,2023,2023-09-04,0.92,1.69,14.0,FF,R,B,False,,ball
716720-2-6,2023,2023-09-04,-0.02,3.21,2.0,SL,L,X,True,single,hit_into_play
716720-2-5,2023,2023-09-04,0.11,3.51,12.0,FF,L,S,False,,foul
716720-2-4,2023,2023-09-04,0.43,3.01,3.0,FF,L,S,False,,swinging_strike
716720-88-6,2023,2023-09-04,0.31,1.88,9.0,SI,L,X,True,field_out,hit_into_play
716720-2-3,2023,2023-09-04,-0.78,1.01,13.0,CU,L,B,False,,ball
716720-88-5,2023,2023-09-04,-0.54,1.95,7.0,SI,L,S,False,,foul
716720-88-4,2023,2023-09-04,-0.41,1.62,7.0,SI,L,S,False,,foul
716720-2-2,2023,2023-09-04,-0.08,4.16,11.0,FF,L,B,False,,ball
716720-88-3,2023,2023-09-04,0.17,2.99,2.0,FF,L,S,False,,foul
716720-2-1,2023,2023-09-04,-0.27,3.4,2.0,FF,L,S,False,,swinging_strike
716720-88-2,2023,2023-09-04,2.29,3.27,12.0,SI,L,B,False,,ball
716720-88-1,2023,2023-09-04,0.1,1.45,14.0,SL,L,B,False,,ball
716720-68-2,2023,2023-09-04,0.78,2.81,3.0,SI,L,X,True,field_out,hit_into_play
716720-68-1,2023,2023-09-04,1.33,2.81,12.0,SI,L,B,False,,ball
716736-42-3,2023,2023-09-03,-0.14,1.98,8.0,CH,L,X,True,single,hit_into_play
716736-42-2,2023,2023-09-03,0.02,3.62,12.0,FC,L,B,False,,ball
716736-42-1,2023,2023-09-03,-0.28,1.61,7.0,FC,L,S,False,,swinging_strike
716736-27-4,2023,2023-09-03,-1.52,2.06,13.0,FC,L,S,False,strikeout,swinging_strike
716736-27-3,2023,2023-09-03,1.39,2.01,14.0,FC,L,B,False,,ball
716736-27-2,2023,2023-09-03,0.77,2.48,6.0,CH,L,S,False,,foul
716736-27-1,2023,2023-09-03,-0.15,1.93,8.0,CH,L,S,False,,called_strike
716736-55-4,2023,2023-09-03,0.46,1.72,9.0,SI,R,X,True,single,hit_into_play
716736-73-1,2023,2023-09-03,0.35,2.13,9.0,CU,R,X,True,field_out,hit_into_play
716736-55-3,2023,2023-09-03,1.09,0.91,14.0,SL,R,B,False,,ball
716736-2-4,2023,2023-09-03,-0.41,2.24,4.0,FF,L,X,True,field_out,hit_into_play
716736-55-2,2023,2023-09-03,0.41,0.94,14.0,SI,R,B,False,,ball
716736-2-3,2023,2023-09-03,-0.77,2.63,4.0,FF,L,S,False,,called_strike
716736-55-1,2023,2023-09-03,0.07,2.01,8.0,SI,R,S,False,,swinging_strike
716736-2-2,2023,2023-09-03,-0.64,3.0,1.0,FC,L,S,False,,foul
716736-2-1,2023,2023-09-03,0.19,4.08,12.0,FF,L,B,False,,ball
716745-22-6,2023,2023-09-02,-1.49,2.3,13.0,SI,R,S,False,strikeout,swinging_strike
716745-22-5,2023,2023-09-02,0.36,2.88,3.0,FF,R,S,False,,swinging_strike
716745-22-4,2023,2023-09-02,-0.78,1.92,7.0,SI,R,S,False,,called_strike
716745-22-3,2023,2023-09-02,0.51,3.27,3.0,FC,R,B,False,,ball
716745-22-2,2023,2023-09-02,0.75,0.14,14.0,ST,R,B,False,,ball
716745-22-1,2023,2023-09-02,-1.23,3.16,11.0,SI,R,B,False,,ball
716745-76-7,2023,2023-09-02,0.85,2.69,12.0,FF,R,S,False,strikeout,swinging_strike
716745-76-6,2023,2023-09-02,1.5,0.83,14.0,CH,R,B,False,,ball
716745-76-5,2023,2023-09-02,-0.27,1.71,8.0,CH,R,S,False,,foul
716745-76-4,2023,2023-09-02,0.14,4.35,12.0,FF,R,B,False,,ball
716745-76-3,2023,2023-09-02,1.43,0.52,14.0,CH,R,B,False,,blocked_ball
716745-76-2,2023,2023-09-02,-0.17,1.58,8.0,CH,R,S,False,,swinging_strike
716745-76-1,2023,2023-09-02,-0.39,2.21,4.0,CH,R,S,False,,foul
716745-63-5,2023,2023-09-02,0.6,1.64,9.0,CH,L,X,True,force_out,hit_into_play
716745-63-4,2023,2023-09-02,0.31,2.48,6.0,SI,L,S,False,,foul
716745-63-3,2023,2023-09-02,0.21,1.2,14.0,SI,L,B,False,,ball
716745-63-2,2023,2023-09-02,-0.05,3.69,11.0,FF,L,B,False,,ball
716745-63-1,2023,2023-09-02,-0.07,2.17,5.0,CH,L,S,False,,swinging_strike
716745-2-1,2023,2023-09-02,0.56,1.94,9.0,SI,R,X,True,single,hit_into_play
716745-47-1,2023,2023-09-02,-0.39,2.71,4.0,FF,R,X,True,home_run,hit_into_play
716765-40-6,2023,2023-09-01,0.7,1.49,14.0,CH,R,S,False,strikeout,swinging_strike
716765-40-5,2023,2023-09-01,0.27,1.91,8.0,SL,R,S,False,,foul
716765-40-4,2023,2023-09-01,1.3,4.3,12.0,FF,R,B,False,,ball
716765-40-3,2023,2023-09-01,0.24,1.54,8.0,SL,R,S,False,,foul
716765-40-2,2023,2023-09-01,0.59,0.79,14.0,FF,R,B,False,,ball
716765-40-1,2023,2023-09-01,-0.43,1.57,7.0,CH,R,S,False,,foul_tip
716765-18-5,2023,2023-09-01,-0.8,0.93,13.0,CH,R,S,False,strikeout,swinging_strike
716765-18-4,2023,2023-09-01,1.44,-0.09,14.0,SL,R,B,False,,blocked_ball
716765-18-3,2023,2023-09-01,0.37,2.04,9.0,FF,R,S,False,,foul
716765-18-2,2023,2023-09-01,0.32,2.49,6.0,FF,R,S,False,,called_strike
716765-18-1,2023,2023-09-01,0.88,2.58,12.0,FF,R,B,False,,ball
716765-2-3,2023,2023-09-01,-0.33,2.64,4.0,FF,R,X,True,field_out,hit_into_play
716765-2-2,2023,2023-09-01,-0.64,3.15,1.0,SL,R,S,False,,foul
716765-2-1,2023,2023-09-01,1.55,1.29,14.0,FF,R,B,False,,ball
716765-55-3,2023,2023-09-01,-0.41,2.41,4.0,CH,R,X,True,home_run,hit_into_play
716765-55-2,2023,2023-09-01,0.09,1.29,14.0,CH,R,S,False,,foul
716765-55-1,2023,2023-09-01,1.3,2.39,14.0,FF,R,B,False,,ball
716787-20-2,2023,2023-08-30,0.34,3.21,3.0,FF,L,X,True,field_out,hit_into_play
716787-20-1,2023,2023-08-30,-1.46,1.58,13.0,SL,L,S,False,,foul_tip
716787-73-6,2023,2023-08-30,0.03,2.55,5.0,CH,L,S,False,strikeout,swinging_strike
716787-73-5,2023,2023-08-30,0.63,3.28,3.0,KC,L,B,False,,ball
716787-73-4,2023,2023-08-30,0.87,3.78,12.0,FF,L,B,False,,ball
716787-73-3,2023,2023-08-30,-0.22,1.28,13.0,CH,L,S,False,,swinging_strike
716787-73-2,2023,2023-08-30,-0.7,0.02,13.0,CH,L,B,False,,blocked_ball
716787-73-1,2023,2023-08-30,0.01,2.09,8.0,FF,L,S,False,,swinging_strike
716787-5-4,2023,2023-08-30,-1.95,0.41,13.0,CU,L,B,False,hit_by_pitch,hit_by_pitch
716787-5-3,2023,2023-08-30,0.24,3.11,2.0,CH,L,S,False,,swinging_strike
716787-5-2,2023,2023-08-30,-0.22,2.17,5.0,FF,L,S,False,,foul
716787-5-1,2023,2023-08-30,0.59,3.58,12.0,FF,L,B,False,,ball
716787-42-2,2023,2023-08-30,0.14,2.62,5.0,FF,R,X,True,double,hit_into_play
716787-54-2,2023,2023-08-30,-0.47,3.08,1.0,FF,R,X,True,home_run,hit_into_play
716787-42-1,2023,2023-08-30,0.36,0.82,14.0,SL,R,S,False,,swinging_strike
716787-54-1,2023,2023-08-30,-0.5,2.83,1.0,FF,R,S,False,,swinging_strike
716806-43-6,2023,2023-08-29,-0.12,2.18,5.0,FF,L,S,False,strikeout,swinging_strike
716806-43-5,2023,2023-08-29,-0.35,2.01,7.0,FF,L,S,False,,called_strike
716806-43-4,2023,2023-08-29,1.32,2.71,12.0,CH,L,B,False,,ball
716806-43-3,2023,2023-08-29,0.9,3.3,12.0,CH,L,B,False,,ball
716806-43-2,2023,2023-08-29,-0.4,4.01,11.0,FF,L,B,False,,ball
716806-43-1,2023,2023-08-29,-0.73,1.95,7.0,FC,L,S,False,,swinging_strike
716806-24-2,2023,2023-08-29,0.3,2.03,9.0,CH,L,X,True,field_out,hit_into_play
716806-24-1,2023,2023-08-29,0.22,3.64,12.0,FF,L,B,False,,ball
716806-72-3,2023,2023-08-29,0.15,2.36,5.0,SL,R,X,True,home_run,hit_into_play
716806-72-2,2023,2023-08-29,-0.07,3.04,2.0,FF,R,S,False,,foul
716806-72-1,2023,2023-08-29,0.51,1.4,14.0,SL,R,S,False,,foul
716806-56-7,2023,2023-08-29,-0.65,2.2,4.0,SI,R,X,True,triple,hit_into_play
716806-56-6,2023,2023-08-29,-1.4,2.52,11.0,FF,R,S,False,,foul
716806-56-5,2023,2023-08-29,1.78,1.77,14.0,CU,R,B,False,,ball
716806-56-4,2023,2023-08-29,-0.23,0.76,13.0,SI,R,S,False,,swinging_strike_blocked
716806-56-3,2023,2023-08-29,-0.97,1.95,13.0,CU,R,B,False,,ball
716806-56-2,2023,2023-08-29,-0.8,3.17,1.0,CU,R,S,False,,foul
716806-56-1,2023,2023-08-29,-1.45,3.81,11.0,FF,R,B,False,,ball
716806-6-5,2023,2023-08-29,-0.74,2.47,4.0,FF,L,X,True,field_out,hit_into_play
716806-6-4,2023,2023-08-29,0.66,0.03,14.0,CH,L,B,False,,ball
716806-6-3,2023,2023-08-29,0.04,1.84,8.0,CH,L,S,False,,swinging_strike
716806-6-2,2023,2023-08-29,-1.46,1.8,13.0,FF,L,B,False,,ball
716806-6-1,2023,2023-08-29,0.17,2.94,2.0,CH,L,S,False,,called_strike
716817-46-3,2023,2023-08-28,-0.07,2.09,8.0,SL,R,X,True,home_run,hit_into_play
716817-46-2,2023,2023-08-28,0.05,1.89,8.0,FF,R,S,False,,called_strike
716817-46-1,2023,2023-08-28,0.07,2.3,5.0,SL,R,S,False,,foul
716817-33-5,2023,2023-08-28,-0.17,0.69,13.0,FF,R,B,False,walk,blocked_ball
716817-33-4,2023,2023-08-28,0.47,2.93,3.0,FF,R,S,False,,called_strike
716817-33-3,2023,2023-08-28,0.52,1.05,14.0,FF,R,B,False,,ball
716817-33-2,2023,2023-08-28,0.6,1.67,9.0,SL,R,B,False,,ball
716817-33-1,2023,2023-08-28,-0.89,1.41,13.0,SL,R,B,False,,ball
716817-9-3,2023,2023-08-28,-0.53,1.81,7.0,CH,R,X,True,home_run,hit_into_play
716817-64-6,2023,2023-08-28,0.59,3.5,12.0,FF,R,X,True,field_out,hit_into_play
716817-9-2,2023,2023-08-28,-0.9,3.04,11.0,FF,R,S,False,,foul
716817-64-5,2023,2023-08-28,0.22,1.29,14.0,SL,R,S,False,,foul
716817-9-1,2023,2023-08-28,1.14,2.57,12.0,FF,R,B,False,,ball
716817-64-4,2023,2023-08-28,-0.28,3.06,1.0,FF,R,S,False,,swinging_strike
716817-64-3,2023,2023-08-28,1.46,1.15,14.0,FC,R,B,False,,ball
716817-64-2,2023,2023-08-28,0.25,3.92,12.0,FF,R,B,False,,ball
716817-64-1,2023,2023-08-28,0.3,1.46,14.0,SL,R,S,False,,foul
716835-37-6,2023,2023-08-27,-0.58,2.17,7.0,ST,L,X,True,sac_fly,hit_into_play
716835-37-5,2023,2023-08-27,0.21,2.11,8.0,SI,L,S,False,,foul
716835-37-4,2023,2023-08-27,-1.18,2.64,11.0,FF,L,B,False,,ball
716835-37-3,2023,2023-08-27,0.66,1.14,14.0,SI,L,B,False,,ball
716835-37-2,2023,2023-08-27,-1.31,0.42,13.0,ST,L,B,False,,blocked_ball
716835-37-1,2023,2023-08-27,0.56,1.65,9.0,SI,L,S,False,,called_strike
716835-18-1,2023,2023-08-27,-0.11,1.95,8.0,FS,L,X,True,field_out,hit_into_play
716835-52-4,2023,2023-08-27,0.95,2.2,14.0,SI,L,X,True,force_out,hit_into_play
716835-52-3,2023,2023-08-27,0.8,2.45,6.0,SI,L,S,False,,swinging_strike
716835-52-2,2023,2023-08-27,-0.84,0.7,13.0,CH,L,B,False,,blocked_ball
716835-6-5,2023,2023-08-27,0.16,2.14,8.0,FF,L,X,True,single,hit_into_play
716835-52-1,2023,2023-08-27,-0.15,0.9,13.0,CH,L,S,False,,swinging_strike
716835-6-4,2023,2023-08-27,0.73,3.23,3.0,FF,L,B,False,,ball
716835-6-3,2023,2023-08-27,-0.38,1.1,13.0,ST,L,S,False,,foul_tip
716835-6-2,2023,2023-08-27,-0.61,1.41,13.0,ST,L,S,False,,swinging_strike
716835-6-1,2023,2023-08-27,1.54,2.77,12.0,SI,L,B,False,,ball
716847-37-3,2023,2023-08-26,-0.22,1.77,8.0,CH,R,X,True,double,hit_into_play
716847-37-2,2023,2023-08-26,-0.6,3.27,1.0,SI,R,S,False,,foul
716847-37-1,2023,2023-08-26,1.19,-0.43,14.0,SL,R,B,False,,ball
716847-22-3,2023,2023-08-26,0.16,1.36,14.0,FF,R,X,True,grounded_into_double_play,hit_into_play
716847-22-2,2023,2023-08-26,2.78,-0.78,14.0,SL,R,B,False,,blocked_ball
716847-22-1,2023,2023-08-26,-0.95,2.42,13.0,SL,R,S,False,,foul
716847-52-4,2023,2023-08-26,-0.75,2.51,4.0,SL,R,X,True,single,hit_into_play
716847-52-3,2023,2023-08-26,1.4,1.45,14.0,SL,R,B,False,,ball
716847-5-6,2023,2023-08-26,-0.11,2.58,5.0,FF,R,X,True,field_out,hit_into_play
716847-5-5,2023,2023-08-26,1.31,0.31,14.0,SL,R,B,False,,blocked_ball
716847-52-2,2023,2023-08-26,0.55,1.28,14.0,SL,R,B,False,,ball
716847-5-4,2023,2023-08-26,1.65,-0.3,14.0,SL,R,B,False,,blocked_ball
716847-52-1,2023,2023-08-26,-0.77,2.73,4.0,FF,R,S,False,,swinging_strike
716847-5-3,2023,2023-08-26,-0.57,1.9,7.0,SI,R,S,False,,foul
716847-5-2,2023,2023-08-26,-1.12,2.02,13.0,SI,R,S,False,,foul
716847-5-1,2023,2023-08-26,0.2,1.54,8.0,SL,R,S,False,,swinging_strike
716861-40-2,2023,2023-08-25,-0.76,1.87,7.0,SI,R,X,True,field_error,hit_into_play
716861-40-1,2023,2023-08-25,-0.58,3.49,11.0,SI,R,B,False,,ball
716861-21-4,2023,2023-08-25,-0.55,0.61,13.0,CU,R,S,False,strikeout,swinging_strike_blocked
716861-21-3,2023,2023-08-25,0.12,2.63,5.0,CU,R,S,False,,foul
716861-21-2,2023,2023-08-25,0.2,1.57,14.0,FF,R,B,False,,ball
716861-21-1,2023,2023-08-25,0.37,3.04,3.0,FF,R,S,False,,foul
716861-8-7,2023,2023-08-25,0.42,2.24,6.0,FF,R,X,True,double,hit_into_play
716861-8-6,2023,2023-08-25,-1.28,3.38,11.0,SL,R,S,False,,foul
716861-8-5,2023,2023-08-25,1.32,1.0,14.0,SL,R,B,False,,ball
716861-55-1,2023,2023-08-25,0.05,2.85,2.0,FF,L,X,True,field_out,hit_into_play
716861-8-4,2023,2023-08-25,-0.03,3.32,2.0,CU,R,S,False,,foul
716861-8-3,2023,2023-08-25,0.07,2.59,5.0,FF,R,S,False,,swinging_strike
716861-8-2,2023,2023-08-25,0.66,3.6,12.0,FF,R,B,False,,ball
716861-8-1,2023,2023-08-25,1.17,2.04,14.0,SL,R,B,False,,ball
716879-48-1,2023,2023-08-23,0.14,1.79,8.0,KC,R,X,True,home_run,hit_into_play
716879-30-3,2023,2023-08-23,-0.72,3.26,1.0,FS,R,X,True,field_out,hit_into_play
716879-30-2,2023,2023-08-23,-0.98,1.68,13.0,FS,R,B,False,,ball
716879-30-1,2023,2023-08-23,-0.68,1.43,13.0,FS,R,S,False,,called_strike
716879-80-7,2023,2023-08-23,1.44,1.47,14.0,SL,R,B,False,walk,ball
716879-80-6,2023,2023-08-23,2.61,2.57,12.0,SL,R,B,False,,ball
716879-80-5,2023,2023-08-23,1.28,0.42,14.0,SL,R,B,False,,blocked_ball
716879-80-4,2023,2023-08-23,0.12,3.27,2.0,FC,R,S,False,,foul
716879-6-5,2023,2023-08-23,-0.12,1.17,13.0,FS,R,S,False,strikeout,swinging_strike
716879-6-4,2023,2023-08-23,-0.3,0.06,13.0,FS,R,B,False,,ball
716879-80-3,2023,2023-08-23,1.84,1.48,14.0,SL,R,B,False,,ball
716879-80-2,2023,2023-08-23,0.61,1.14,14.0,SL,R,S,False,,swinging_strike
716879-6-3,2023,2023-08-23,0.71,3.32,12.0,SI,R,B,False,,ball
716879-80-1,2023,2023-08-23,0.34,2.25,6.0,SL,R,S,False,,called_strike
716879-6-2,2023,2023-08-23,-0.47,1.7,7.0,FS,R,S,False,,swinging_strike
716879-94-5,2023,2023-08-23,-0.12,1.85,8.0,SL,R,X,True,field_out,hit_into_play
716879-6-1,2023,2023-08-23,-0.13,2.19,5.0,KC,R,S,False,,called_strike
716879-94-4,2023,2023-08-23,-0.02,1.48,8.0,SL,R,B,False,,ball
716879-94-3,2023,2023-08-23,1.87,2.01,14.0,SL,R,B,False,,ball
716879-94-2,2023,2023-08-23,0.29,1.45,14.0,SL,R,S,False,,swinging_strike
716879-94-1,2023,2023-08-23,0.83,2.08,14.0,SI,R,S,False,,called_strike
716879-62-1,2023,2023-08-23,0.5,1.78,9.0,SI,R,X,True,field_out,hit_into_play
716899-21-5,2023,2023-08-22,0.79,3.19,3.0,FF,L,X,True,field_out,hit_into_play
716899-21-4,2023,2023-08-22,1.82,4.18,12.0,FF,L,B,False,,ball
716899-21-3,2023,2023-08-22,1.6,4.96,12.0,FF,L,B,False,,ball
716899-21-2,2023,2023-08-22,0.43,2.04,9.0,FF,L,S,False,,foul
716899-21-1,2023,2023-08-22,-0.39,1.94,7.0,FF,L,S,False,,swinging_strike
716899-44-6,2023,2023-08-22,0.78,1.66,9.0,SL,R,X,True,field_out,hit_into_play
716899-44-5,2023,2023-08-22,1.29,1.09,14.0,SL,R,B,False,,ball
716899-44-4,2023,2023-08-22,0.59,1.14,14.0,SL,R,S,False,,swinging_strike
716899-44-3,2023,2023-08-22,-1.64,3.52,11.0,SI,R,B,False,,ball
716899-44-2,2023,2023-08-22,-0.26,2.85,2.0,SI,R,S,False,,called_strike
716899-78-6,2023,2023-08-22,0.04,2.68,5.0,SI,R,X,True,single,hit_into_play
716899-44-1,2023,2023-08-22,1.78,0.92,14.0,SL,R,B,False,,ball
716899-78-5,2023,2023-08-22,-0.68,2.42,4.0,SI,R,S,False,,foul
716899-78-4,2023,2023-08-22,-0.87,3.42,11.0,SI,R,S,False,,swinging_strike
716899-78-3,2023,2023-08-22,-1.15,3.04,11.0,SI,R,B,False,,ball
716899-78-2,2023,2023-08-22,0.68,3.78,12.0,FC,R,B,False,,ball
716899-78-1,2023,2023-08-22,-0.08,2.23,5.0,SI,R,S,False,,foul
716899-8-5,2023,2023-08-22,-0.72,2.13,7.0,FF,L,S,False,strikeout,called_strike
716899-8-4,2023,2023-08-22,0.0,3.23,2.0,FF,L,S,False,,swinging_strike
716899-61-5,2023,2023-08-22,0.57,2.46,6.0,SI,R,S,False,strikeout,called_strike
716899-8-3,2023,2023-08-22,0.6,2.93,3.0,FF,L,S,False,,foul
716899-61-4,2023,2023-08-22,0.39,2.01,9.0,SI,R,S,False,,foul
716899-8-2,2023,2023-08-22,-1.94,3.01,11.0,SV,L,B,False,,ball
716899-61-3,2023,2023-08-22,1.36,2.14,14.0,SL,R,B,False,,ball
716899-8-1,2023,2023-08-22,0.98,3.29,12.0,SV,L,B,False,,ball
716899-61-2,2023,2023-08-22,2.13,3.34,12.0,SL,R,B,False,,ball
716899-61-1,2023,2023-08-22,0.71,2.72,6.0,SL,R,S,False,,swinging_strike
716911-64-3,2023,2023-08-21,0.27,1.13,14.0,KC,R,S,False,strikeout,swinging_strike
716911-64-2,2023,2023-08-21,-0.48,3.01,1.0,SI,R,S,False,,foul
716911-64-1,2023,2023-08-21,0.1,3.35,2.0,SI,R,S,False,,called_strike
716911-20-7,2023,2023-08-21,-0.01,3.29,2.0,FF,L,X,True,grounded_into_double_play,hit_into_play
716911-20-6,2023,2023-08-21,-1.04,2.8,11.0,ST,L,S,False,,foul
716911-20-5,2023,2023-08-21,0.74,3.35,3.0,FF,L,S,False,,foul
716911-20-4,2023,2023-08-21,-0.11,2.98,2.0,FF,L,S,False,,foul
716911-51-1,2023,2023-08-21,0.82,1.98,9.0,KC,R,X,True,single,hit_into_play
716911-20-3,2023,2023-08-21,0.35,2.25,6.0,FF,L,S,False,,foul
716911-20-2,2023,2023-08-21,1.03,2.95,12.0,FF,L,B,False,,ball
716911-20-1,2023,2023-08-21,-1.25,2.66,11.0,FF,L,B,False,,ball
716911-39-5,2023,2023-08-21,0.34,2.62,6.0,SI,R,X,True,single,hit_into_play
716911-39-4,2023,2023-08-21,1.06,1.92,14.0,KC,R,S,False,,swinging_strike
716911-39-3,2023,2023-08-21,2.09,-0.32,14.0,KC,R,B,False,,ball
716911-39-2,2023,2023-08-21,1.03,1.79,14.0,SI,R,B,False,,ball
716911-39-1,2023,2023-08-21,0.63,2.73,6.0,SI,R,S,False,,called_strike
716911-8-2,2023,2023-08-21,0.67,2.29,6.0,SI,L,X,True,single,hit_into_play
716911-8-1,2023,2023-08-21,0.97,2.81,12.0,SI,L,B,False,,ball
716929-42-4,2023,2023-08-20,-0.15,2.69,5.0,FF,R,X,True,field_out,hit_into_play
716929-42-3,2023,2023-08-20,0.9,0.82,14.0,CH,R,B,False,,ball
716929-42-2,2023,2023-08-20,0.0,0.88,13.0,CH,R,S,False,,swinging_strike
716929-42-1,2023,2023-08-20,0.32,1.24,14.0,SL,R,B,False,,ball
716929-22-3,2023,2023-08-20,-0.28,2.19,4.0,SI,R,X,True,single,hit_into_play
716929-22-2,2023,2023-08-20,0.82,1.07,14.0,SL,R,B,False,,ball
716929-22-1,2023,2023-08-20,0.35,2.43,6.0,FF,R,S,False,,foul
716929-2-6,2023,2023-08-20,-0.03,1.55,8.0,SI,R,S,False,strikeout,called_strike
716929-2-5,2023,2023-08-20,-0.83,2.32,4.0,SI,R,S,False,,foul
716929-2-4,2023,2023-08-20,-1.6,1.31,13.0,SI,R,B,False,,ball
716929-57-1,2023,2023-08-20,-0.17,2.01,8.0,SL,R,X,True,force_out,hit_into_play
716929-2-3,2023,2023-08-20,1.83,1.12,14.0,ST,R,B,False,,ball
716929-2-2,2023,2023-08-20,0.48,2.41,6.0,ST,R,S,False,,foul
716929-2-1,2023,2023-08-20,-0.91,1.96,13.0,SI,R,S,False,,called_strike
716941-43-4,2023,2023-08-19,0.86,1.89,14.0,CU,R,S,False,strikeout,called_strike
716941-43-3,2023,2023-08-19,1.58,1.45,14.0,CU,R,B,False,,ball
716941-43-2,2023,2023-08-19,1.03,2.36,14.0,CU,R,S,False,,swinging_strike
716941-43-1,2023,2023-08-19,1.3,1.55,14.0,CU,R,S,False,,swinging_strike
716941-25-3,2023,2023-08-19,-0.1,3.25,2.0,CU,R,S,False,strikeout,swinging_strike
716941-25-2,2023,2023-08-19,0.08,2.47,5.0,FF,R,S,False,,swinging_strike
716941-25-1,2023,2023-08-19,0.6,2.5,6.0,CU,R,S,False,,foul
716941-71-3,2023,2023-08-19,-0.79,1.42,13.0,KC,R,X,True,home_run,hit_into_play
716941-71-2,2023,2023-08-19,-0.53,1.81,7.0,FF,R,S,False,,called_strike
716941-71-1,2023,2023-08-19,0.8,0.51,14.0,KC,R,B,False,,ball
716941-10-4,2023,2023-08-19,0.99,2.66,12.0,CU,R,X,True,field_out,hit_into_play
716941-10-3,2023,2023-08-19,-0.05,4.16,11.0,FF,R,B,False,,ball
716941-10-2,2023,2023-08-19,0.66,3.0,3.0,FF,R,B,False,,ball
716941-10-1,2023,2023-08-19,0.36,2.03,9.0,CU,R,S,False,,called_strike
716941-62-3,2023,2023-08-19,-0.55,2.59,4.0,FF,R,X,True,home_run,hit_into_play
716941-62-2,2023,2023-08-19,1.51,3.11,12.0,KC,R,B,False,,ball
716941-62-1,2023,2023-08-19,0.95,2.36,14.0,KC,R,B,False,,ball
716960-27-5,2023,2023-08-18,0.92,1.03,14.0,SL,R,B,False,walk,ball
716960-27-4,2023,2023-08-18,1.1,1.31,14.0,CU,R,B,False,,ball
716960-27-3,2023,2023-08-18,1.57,3.27,12.0,FF,R,B,False,,ball
716960-27-2,2023,2023-08-18,1.46,1.94,14.0,SL,R,B,False,,ball
716960-27-1,2023,2023-08-18,-0.82,3.11,1.0,SI,R,S,False,,foul
716960-10-4,2023,2023-08-18,-0.04,3.36,11.0,FF,R,X,True,field_out,hit_into_play
716960-10-3,2023,2023-08-18,1.67,0.51,14.0,SL,R,B,False,,ball
716960-10-2,2023,2023-08-18,1.9,1.94,14.0,SL,R,S,False,,swinging_strike
716960-10-1,2023,2023-08-18,-0.25,2.02,8.0,SL,R,S,False,,called_strike
716960-63-4,2023,2023-08-18,-0.26,3.28,2.0,SL,R,S,False,strikeout,swinging_strike
716960-63-3,2023,2023-08-18,1.1,0.56,14.0,SL,R,B,False,,blocked_ball
716960-63-2,2023,2023-08-18,-1.3,3.07,11.0,SI,R,S,False,,foul
716960-63-1,2023,2023-08-18,0.22,1.85,8.0,SI,R,S,False,,called_strike
716960-49-5,2023,2023-08-18,0.85,2.14,14.0,SL,R,S,False,strikeout,called_strike
716960-49-4,2023,2023-08-18,1.13,3.03,12.0,SL,R,B,False,,ball
716960-49-3,2023,2023-08-18,0.73,1.25,14.0,SL,R,S,False,,swinging_strike
716960-49-2,2023,2023-08-18,1.5,1.54,14.0,SL,R,B,False,,ball
716960-49-1,2023,2023-08-18,0.06,1.82,8.0,SL,R,S,False,,foul_tip
716967-43-2,2023,2023-08-16,-0.73,2.64,4.0,FF,R,X,True,field_out,hit_into_play
716967-43-1,2023,2023-08-16,0.19,2.14,5.0,FF,R,S,False,,foul
716967-30-2,2023,2023-08-16,0.15,2.19,5.0,SL,R,X,True,single,hit_into_play
716967-30-1,2023,2023-08-16,0.57,2.38,6.0,FF,R,S,False,,foul
716967-10-6,2023,2023-08-16,1.36,0.87,14.0,FS,R,B,False,walk,ball
716967-10-5,2023,2023-08-16,0.29,0.32,14.0,FS,R,B,False,,blocked_ball
716967-10-4,2023,2023-08-16,0.44,0.52,14.0,FS,R,S,False,,swinging_strike_blocked
716967-10-3,2023,2023-08-16,1.72,1.24,14.0,SL,R,B,False,,ball
716967-10-2,2023,2023-08-16,1.05,1.22,14.0,SL,R,B,False,,ball
716967-10-1,2023,2023-08-16,-0.83,3.28,11.0,FS,R,S,False,,foul
716967-59-7,2023,2023-08-16,0.51,2.25,6.0,FF,R,X,True,field_out,hit_into_play
716967-59-6,2023,2023-08-16,-0.33,2.85,1.0,FF,R,S,False,,foul
716967-59-5,2023,2023-08-16,1.6,2.52,12.0,FF,R,B,False,,ball
716967-74-5,2023,2023-08-16,-0.43,2.3,4.0,CU,R,X,True,field_out,hit_into_play
716967-59-4,2023,2023-08-16,-0.74,2.27,4.0,SL,R,S,False,,foul
716967-74-4,2023,2023-08-16,1.7,0.21,14.0,SL,R,B,False,,ball
716967-59-3,2023,2023-08-16,0.06,1.3,14.0,FF,R,B,False,,ball
716967-74-3,2023,2023-08-16,0.26,1.93,8.0,CU,R,S,False,,swinging_strike
716967-74-2,2023,2023-08-16,0.14,2.61,2.0,CU,R,S,False,,called_strike
716967-59-2,2023,2023-08-16,0.43,2.75,3.0,FF,R,S,False,,swinging_strike
716967-74-1,2023,2023-08-16,1.2,0.0,14.0,SL,R,B,False,,ball
716967-59-1,2023,2023-08-16,0.61,0.74,14.0,SL,R,B,False,,ball
716990-30-2,2023,2023-08-15,0.26,2.06,8.0,CH,L,X,True,force_out,hit_into_play
716990-30-1,2023,2023-08-15,-0.67,2.29,4.0,FF,L,S,False,,called_strike
716990-9-4,2023,2023-08-15,0.57,2.67,6.0,CU,L,X,True,field_out,hit_into_play
716990-9-3,2023,2023-08-15,1.51,3.21,12.0,FF,L,B,False,,ball
716990-9-2,2023,2023-08-15,1.99,3.32,12.0,CH,L,B,False,,ball
716990-9-1,2023,2023-08-15,-0.01,3.38,11.0,FF,L,S,False,,foul
716990-47-1,2023,2023-08-15,0.09,2.77,2.0,FF,R,X,True,field_out,hit_into_play
717009-31-5,2023,2023-08-13,0.51,2.59,6.0,FF,R,X,True,field_out,hit_into_play
717009-31-4,2023,2023-08-13,0.21,2.43,5.0,FF,R,S,False,,swinging_strike
717009-31-3,2023,2023-08-13,1.29,1.73,14.0,SI,R,B,False,,ball
717009-31-2,2023,2023-08-13,1.08,1.55,14.0,ST,R,B,False,,ball
717009-31-1,2023,2023-08-13,0.58,1.36,14.0,FF,R,S,False,,called_strike
717009-13-6,2023,2023-08-13,1.24,1.2,14.0,ST,R,S,False,strikeout,swinging_strike
717009-13-5,2023,2023-08-13,0.31,3.8,12.0,FF,R,B,False,,ball
717009-13-4,2023,2023-08-13,-0.3,3.17,1.0,ST,R,S,False,,foul
717009-13-3,2023,2023-08-13,0.04,2.89,2.0,FC,R,S,False,,foul
717009-13-2,2023,2023-08-13,0.92,2.0,14.0,FC,R,B,False,,ball
717009-13-1,2023,2023-08-13,0.69,2.56,6.0,FF,R,S,False,,called_strike
717009-73-3,2023,2023-08-13,0.01,2.01,8.0,FS,R,X,True,single,hit_into_play
717009-73-2,2023,2023-08-13,-1.18,3.39,11.0,FS,R,B,False,,ball
717009-54-2,2023,2023-08-13,0.13,1.76,8.0,SI,R,X,True,field_out,hit_into_play
717009-73-1,2023,2023-08-13,-0.82,2.71,1.0,FS,R,S,False,,called_strike
717009-54-1,2023,2023-08-13,1.01,2.34,14.0,ST,R,B,False,,ball
717028-39-2,2023,2023-08-12,-0.38,2.59,4.0,SI,R,X,True,single,hit_into_play
717028-39-1,2023,2023-08-12,0.05,1.18,14.0,CH,R,B,False,,ball
717028-16-7,2023,2023-08-12,0.39,3.39,12.0,FF,R,B,False,walk,ball
717028-16-6,2023,2023-08-12,-0.27,3.48,11.0,FF,R,S,False,,foul
717028-16-5,2023,2023-08-12,0.75,0.66,14.0,CU,R,B,False,,ball
717028-16-4,2023,2023-08-12,0.19,4.48,12.0,FF,R,B,False,,ball
717028-16-3,2023,2023-08-12,-0.28,1.68,7.0,CH,R,S,False,,foul
717028-16-2,2023,2023-08-12,2.2,0.5,14.0,ST,R,B,False,,ball
717028-16-1,2023,2023-08-12,0.54,1.68,9.0,ST,R,S,False,,swinging_strike
717028-78-4,2023,2023-08-12,0.2,2.5,5.0,SL,R,X,True,single,hit_into_play
717028-78-3,2023,2023-08-12,-0.31,2.55,4.0,SL,R,S,False,,foul
717028-78-2,2023,2023-08-12,0.81,0.75,14.0,SL,R,S,False,,swinging_strike
717028-60-2,2023,2023-08-12,-0.55,2.22,4.0,ST,R,X,True,single,hit_into_play
717028-60-1,2023,2023-08-12,0.11,2.42,5.0,SI,R,S,False,,called_strike
717028-78-1,2023,2023-08-12,0.02,3.56,12.0,FF,R,B,False,,ball
717044-67-3,2023,2023-08-11,0.39,2.61,6.0,SL,L,X,True,double,hit_into_play
717044-67-2,2023,2023-08-11,0.87,2.74,12.0,FF,L,S,False,,foul
717044-67-1,2023,2023-08-11,-0.58,0.9,13.0,CH,L,S,False,,swinging_strike_blocked
717044-22-6,2023,2023-08-11,0.23,1.66,8.0,CH,L,X,True,single,hit_into_play
717044-22-5,2023,2023-08-11,1.34,1.29,14.0,FC,L,B,False,,ball
717044-22-4,2023,2023-08-11,0.28,0.54,14.0,CH,L,B,False,,blocked_ball
717044-22-3,2023,2023-08-11,0.23,2.23,5.0,FC,L,S,False,,called_strike
717044-22-2,2023,2023-08-11,-0.21,1.5,8.0,CH,L,S,False,,swinging_strike
717044-22-1,2023,2023-08-11,0.93,1.62,14.0,FC,L,B,False,,ball
717044-39-3,2023,2023-08-11,-0.25,1.52,8.0,CH,R,X,True,double,hit_into_play
717044-39-2,2023,2023-08-11,0.88,2.77,12.0,SL,R,S,False,,called_strike
717044-39-1,2023,2023-08-11,1.0,1.88,14.0,SL,R,B,False,,ball
717044-52-6,2023,2023-08-11,0.9,2.3,14.0,FF,L,S,False,strikeout,foul_tip
717044-52-5,2023,2023-08-11,-1.71,-1.19,13.0,SL,L,B,False,,blocked_ball
717044-52-4,2023,2023-08-11,0.26,3.4,2.0,SL,L,S,False,,called_strike
717044-52-3,2023,2023-08-11,0.43,4.23,12.0,FF,L,B,False,,ball
717044-52-2,2023,2023-08-11,1.53,3.42,12.0,SL,L,B,False,,ball
717044-52-1,2023,2023-08-11,0.75,2.96,3.0,SL,L,S,False,,called_strike
717044-7-4,2023,2023-08-11,1.08,2.02,14.0,CH,L,X,True,field_out,hit_into_play
717044-7-3,2023,2023-08-11,-0.49,1.35,13.0,CH,L,S,False,,called_strike
717044-7-2,2023,2023-08-11,-0.01,-0.08,13.0,CH,L,B,False,,ball
717044-7-1,2023,2023-08-11,0.28,1.75,9.0,SI,L,S,False,,called_strike
717049-32-4,2023,2023-08-10,0.27,3.0,2.0,FF,L,X,True,field_out,hit_into_play
717049-32-3,2023,2023-08-10,0.01,3.16,2.0,SI,L,S,False,,foul
717049-32-2,2023,2023-08-10,0.61,0.79,14.0,SL,L,B,False,,ball
717049-32-1,2023,2023-08-10,1.03,2.27,14.0,SI,L,S,False,,called_strike
717049-14-2,2023,2023-08-10,0.66,1.66,9.0,SI,L,X,True,field_out,hit_into_play
717049-62-1,2023,2023-08-10,0.06,1.76,8.0,SI,L,X,True,field_out,hit_into_play
717049-14-1,2023,2023-08-10,1.12,1.77,14.0,SI,L,B,False,,ball
717049-50-2,2023,2023-08-10,-0.51,2.84,1.0,FF,R,X,True,home_run,hit_into_play
717049-50-1,2023,2023-08-10,2.21,2.23,14.0,FF,R,B,False,,ball
717066-38-1,2023,2023-08-09,0.98,1.69,14.0,CU,L,X,True,single,hit_into_play
717066-34-2,2023,2023-08-09,-0.11,3.49,11.0,FF,L,S,False,caught_stealing_2b,swinging_strike
717066-34-1,2023,2023-08-09,-0.35,3.02,1.0,CH,L,S,False,,called_strike
717066-18-3,2023,2023-08-09,0.22,1.77,8.0,FF,L,X,True,field_out,hit_into_play
717066-18-2,2023,2023-08-09,1.74,4.43,12.0,CH,L,B,False,,ball
717066-18-1,2023,2023-08-09,1.11,1.86,14.0,FF,L,B,False,,ball
717066-54-4,2023,2023-08-09,0.29,2.92,3.0,FF,R,X,True,force_out,hit_into_play
717066-54-3,2023,2023-08-09,1.77,0.18,14.0,KC,R,B,False,,blocked_ball
717066-54-2,2023,2023-08-09,-0.12,1.37,13.0,KC,R,S,False,,swinging_strike
717066-54-1,2023,2023-08-09,0.83,2.35,14.0,KC,R,S,False,,called_strike
717066-5-3,2023,2023-08-09,-0.51,2.0,7.0,CU,L,X,True,single,hit_into_play
717066-5-2,2023,2023-08-09,-0.26,2.79,2.0,FF,L,S,False,,foul
717066-5-1,2023,2023-08-09,0.33,2.13,6.0,FF,L,S,False,,called_strike
717096-42-5,2023,2023-08-08,1.05,1.4,14.0,ST,R,X,True,single,hit_into_play
717096-42-4,2023,2023-08-08,-0.08,2.01,8.0,SL,R,S,False,,called_strike
717096-42-3,2023,2023-08-08,0.85,1.45,14.0,SL,R,B,False,,ball
717096-42-2,2023,2023-08-08,0.96,0.14,14.0,CU,R,B,False,,ball
717096-42-1,2023,2023-08-08,0.42,1.26,14.0,CU,R,S,False,,swinging_strike
717082-35-5,2023,2023-08-08,-0.4,1.51,7.0,SL,R,X,True,double,hit_into_play
717082-35-4,2023,2023-08-08,-0.42,0.29,13.0,CH,R,B,False,,ball
717082-35-3,2023,2023-08-08,0.34,1.44,14.0,SL,R,S,False,,called_strike
717082-35-2,2023,2023-08-08,-0.61,1.32,13.0,SI,R,S,False,,called_strike
717082-35-1,2023,2023-08-08,0.68,1.28,14.0,SL,R,B,False,,ball
717096-24-4,2023,2023-08-08,1.13,1.5,14.0,ST,R,S,False,strikeout,swinging_strike
717096-24-3,2023,2023-08-08,0.88,0.84,14.0,CU,R,S,False,,swinging_strike
717096-24-2,2023,2023-08-08,0.47,0.51,14.0,ST,R,B,False,,blocked_ball
717096-24-1,2023,2023-08-08,0.82,2.48,6.0,ST,R,S,False,,called_strike
717082-16-5,2023,2023-08-08,1.32,1.04,14.0,ST,R,S,False,strikeout,swinging_strike
717082-16-4,2023,2023-08-08,0.92,0.8,14.0,ST,R,B,False,,ball
717082-16-3,2023,2023-08-08,-0.04,0.74,13.0,SI,R,S,False,,foul
717082-16-2,2023,2023-08-08,-0.63,3.44,11.0,SI,R,S,False,,swinging_strike
717082-16-1,2023,2023-08-08,0.66,0.51,14.0,SL,R,B,False,,blocked_ball
717082-69-4,2023,2023-08-08,0.08,2.02,8.0,SI,L,X,True,field_out,hit_into_play
717082-69-3,2023,2023-08-08,0.02,2.28,5.0,SI,L,S,False,,called_strike
717082-69-2,2023,2023-08-08,0.88,1.66,14.0,SI,L,S,False,,called_strike
717082-69-1,2023,2023-08-08,1.21,2.59,12.0,SI,L,B,False,,ball
717096-64-6,2023,2023-08-08,-0.17,2.84,2.0,SL,R,X,True,field_out,hit_into_play
717096-64-5,2023,2023-08-08,-0.41,2.83,1.0,FF,R,S,False,,foul
717096-64-4,2023,2023-08-08,0.0,2.63,5.0,SL,R,S,False,,foul
717096-64-3,2023,2023-08-08,0.98,1.94,14.0,SL,R,S,False,,called_strike
717096-64-2,2023,2023-08-08,-0.27,1.87,8.0,SL,R,S,False,,foul
717096-7-1,2023,2023-08-08,0.09,2.09,5.0,FF,R,X,True,double,hit_into_play
717096-64-1,2023,2023-08-08,0.1,1.43,14.0,SL,R,B,False,,ball
717082-51-6,2023,2023-08-08,0.78,0.66,14.0,SL,R,B,False,walk,blocked_ball
717082-51-5,2023,2023-08-08,1.05,0.29,14.0,SL,R,B,False,,ball
717082-51-4,2023,2023-08-08,-0.49,2.75,1.0,SL,R,S,False,,foul
717082-51-3,2023,2023-08-08,1.78,1.5,14.0,SL,R,B,False,,ball
717082-51-2,2023,2023-08-08,0.92,1.5,14.0,SL,R,S,False,,swinging_strike
717082-51-1,2023,2023-08-08,0.75,3.46,12.0,FF,R,B,False,,ball
717113-31-3,2023,2023-08-06,0.61,1.53,9.0,SL,R,S,False,strikeout,swinging_strike
717113-31-2,2023,2023-08-06,0.07,3.03,2.0,FF,R,S,False,,foul
717113-31-1,2023,2023-08-06,-1.05,3.88,11.0,FF,R,S,False,,swinging_strike
717113-14-6,2023,2023-08-06,0.74,3.09,3.0,SL,R,X,True,double,hit_into_play
717113-14-5,2023,2023-08-06,0.38,0.75,14.0,SL,R,B,False,,ball
717113-68-5,2023,2023-08-06,1.07,0.83,14.0,CU,R,S,False,strikeout,swinging_strike
717113-14-4,2023,2023-08-06,-0.79,1.75,7.0,FF,R,S,False,,foul
717113-68-4,2023,2023-08-06,0.65,2.59,6.0,SI,R,S,False,,called_strike
717113-14-3,2023,2023-08-06,0.81,1.78,9.0,FF,R,S,False,,called_strike
717113-14-2,2023,2023-08-06,1.01,0.94,14.0,FF,R,B,False,,ball
717113-68-3,2023,2023-08-06,0.91,2.98,12.0,SI,R,S,False,,called_strike
717113-52-5,2023,2023-08-06,0.69,1.67,9.0,CU,R,X,True,field_out,hit_into_play
717113-68-2,2023,2023-08-06,1.64,1.62,14.0,SL,R,B,False,,ball
717113-14-1,2023,2023-08-06,-0.72,2.61,4.0,FF,R,B,False,,ball
717113-52-4,2023,2023-08-06,0.04,4.43,12.0,ST,R,B,False,,ball
717113-68-1,2023,2023-08-06,1.48,1.97,14.0,SL,R,B,False,,ball
717113-52-3,2023,2023-08-06,-0.08,2.88,2.0,FF,R,S,False,,foul
717113-52-2,2023,2023-08-06,0.51,0.61,14.0,ST,R,B,False,,ball
717113-52-1,2023,2023-08-06,1.04,2.18,14.0,ST,R,S,False,,swinging_strike
717123-32-3,2023,2023-08-05,0.51,2.0,9.0,SL,R,X,True,field_out,hit_into_play
717123-32-2,2023,2023-08-05,1.32,1.04,14.0,SL,R,B,False,,ball
717123-32-1,2023,2023-08-05,0.42,1.73,6.0,SL,R,S,False,,called_strike
717123-68-6,2023,2023-08-05,-0.21,1.85,8.0,CH,L,X,True,double,hit_into_play
717123-68-5,2023,2023-08-05,-1.18,3.72,11.0,FF,L,B,False,,ball
717123-68-4,2023,2023-08-05,0.93,1.51,14.0,CH,L,S,False,,foul
717123-68-3,2023,2023-08-05,0.44,1.14,14.0,CH,L,S,False,,swinging_strike
717123-68-2,2023,2023-08-05,0.0,0.96,14.0,CH,L,B,False,,ball
717123-68-1,2023,2023-08-05,0.22,2.75,2.0,SL,L,S,False,,swinging_strike
717123-16-3,2023,2023-08-05,0.66,1.83,9.0,SL,R,X,True,field_out,hit_into_play
717123-16-2,2023,2023-08-05,-0.39,2.66,4.0,SL,R,S,False,,swinging_strike
717123-16-1,2023,2023-08-05,0.41,0.82,14.0,SL,R,S,False,,swinging_strike
717123-51-1,2023,2023-08-05,-0.48,2.55,4.0,SI,L,X,True,home_run,hit_into_play
717140-55-5,2023,2023-08-04,0.27,2.9,2.0,FF,R,X,True,single,hit_into_play
717140-55-4,2023,2023-08-04,1.27,2.18,14.0,ST,R,S,False,,foul
717140-55-3,2023,2023-08-04,1.51,1.61,14.0,FF,R,B,False,,ball
717140-55-2,2023,2023-08-04,-0.11,2.76,2.0,FF,R,S,False,,called_strike
717140-55-1,2023,2023-08-04,1.39,3.56,12.0,FF,R,B,False,,ball
717140-34-6,2023,2023-08-04,0.25,2.07,8.0,ST,R,X,True,field_out,hit_into_play
717140-34-5,2023,2023-08-04,0.44,0.96,14.0,ST,R,B,False,,ball
717140-34-4,2023,2023-08-04,0.99,1.08,14.0,ST,R,B,False,,ball
717140-34-3,2023,2023-08-04,0.57,1.68,9.0,ST,R,S,False,,foul
717140-34-2,2023,2023-08-04,0.2,2.85,2.0,ST,R,S,False,,foul
717140-34-1,2023,2023-08-04,0.25,1.51,8.0,ST,R,B,False,,ball
717140-16-3,2023,2023-08-04,0.56,2.1,9.0,ST,R,X,True,field_out,hit_into_play
717140-16-2,2023,2023-08-04,-0.18,3.65,11.0,ST,R,S,False,,swinging_strike
717140-16-1,2023,2023-08-04,-0.33,3.81,11.0,ST,R,B,False,,ball
717140-73-2,2023,2023-08-04,0.23,1.56,8.0,SL,R,X,True,force_out,hit_into_play
717140-73-1,2023,2023-08-04,-0.79,2.03,4.0,SL,R,S,False,,called_strike
717147-32-5,2023,2023-08-03,0.46,1.93,9.0,SL,R,X,True,field_out,hit_into_play
717147-32-4,2023,2023-08-03,-1.3,3.06,11.0,SI,R,S,False,,foul
717147-32-3,2023,2023-08-03,1.71,1.83,14.0,SL,R,B,False,,ball
717147-32-2,2023,2023-08-03,0.03,2.87,2.0,SI,R,S,False,,foul
717147-32-1,2023,2023-08-03,0.89,1.94,14.0,SL,R,S,False,,called_strike
717147-11-8,2023,2023-08-03,-0.83,2.53,11.0,SL,R,X,True,field_out,hit_into_play
717147-11-7,2023,2023-08-03,0.1,2.95,2.0,FF,R,S,False,,foul
717147-11-6,2023,2023-08-03,-0.92,1.35,13.0,CH,R,B,False,,ball
717147-11-5,2023,2023-08-03,0.82,3.01,3.0,FF,R,S,False,,foul
717147-11-4,2023,2023-08-03,0.79,3.25,12.0,FF,R,B,False,,ball
717147-11-3,2023,2023-08-03,-1.44,3.53,11.0,FF,R,S,False,,foul
717147-11-2,2023,2023-08-03,-0.51,2.27,4.0,SI,R,S,False,,foul
717147-11-1,2023,2023-08-03,-1.54,2.84,11.0,SI,R,S,False,,foul
717147-47-2,2023,2023-08-03,-0.35,2.41,4.0,FF,L,X,True,field_out,hit_into_play
717147-47-1,2023,2023-08-03,-1.59,0.59,13.0,ST,L,S,False,,swinging_strike_blocked
717159-26-1,2023,2023-08-02,0.62,3.01,3.0,SI,L,X,True,field_out,hit_into_play
717159-10-1,2023,2023-08-02,0.11,2.3,5.0,SI,L,X,True,field_out,hit_into_play
717159-96-2,2023,2023-08-02,-0.6,2.3,4.0,SI,R,X,True,field_out,hit_into_play
717159-96-1,2023,2023-08-02,-0.05,2.17,5.0,SL,R,S,False,,called_strike
717159-78-4,2023,2023-08-02,0.56,3.15,3.0,FF,L,S,False,strikeout,swinging_strike
717159-78-3,2023,2023-08-02,-0.52,1.22,13.0,SL,L,B,False,,ball
717159-78-2,2023,2023-08-02,0.93,2.81,12.0,FF,L,S,False,,called_strike
717159-78-1,2023,2023-08-02,0.39,2.83,3.0,SL,L,S,False,,called_strike
717159-43-9,2023,2023-08-02,-1.34,3.35,11.0,CH,R,B,False,walk,ball
717159-58-4,2023,2023-08-02,-0.06,2.65,5.0,SI,R,X,True,grounded_into_double_play,hit_into_play
717159-43-8,2023,2023-08-02,-1.12,2.79,11.0,FF,R,S,False,,foul
717159-43-7,2023,2023-08-02,-0.77,2.62,4.0,FC,R,S,False,,foul
717159-58-3,2023,2023-08-02,1.7,1.39,14.0,SL,R,B,False,,ball
717159-43-6,2023,2023-08-02,-0.94,3.24,11.0,SI,R,S,False,,foul
717159-58-2,2023,2023-08-02,0.39,1.76,9.0,SL,R,S,False,,swinging_strike
717159-58-1,2023,2023-08-02,-0.13,3.18,2.0,SL,R,S,False,,called_strike
717159-43-5,2023,2023-08-02,0.96,0.87,14.0,FC,R,B,False,,blocked_ball
717159-43-4,2023,2023-08-02,-0.9,4.14,11.0,FF,R,B,False,,ball
717159-43-3,2023,2023-08-02,0.42,2.5,6.0,FC,R,S,False,,foul
717159-43-2,2023,2023-08-02,0.48,1.83,9.0,FC,R,S,False,,swinging_strike
717159-43-1,2023,2023-08-02,-0.37,3.58,11.0,FC,R,B,False,,ball
717182-50-2,2023,2023-08-01,0.23,2.39,5.0,SI,R,X,True,field_out,hit_into_play
717182-50-1,2023,2023-08-01,0.48,2.27,6.0,SL,R,S,False,,foul
717182-33-4,2023,2023-08-01,0.76,2.39,6.0,SI,R,S,False,strikeout,called_strike
717182-33-3,2023,2023-08-01,-0.42,2.09,7.0,SL,R,S,False,,swinging_strike
717182-33-2,2023,2023-08-01,1.44,0.57,14.0,SL,R,B,False,,ball
717182-33-1,2023,2023-08-01,-0.29,1.57,7.0,CH,R,S,False,,foul
717182-69-3,2023,2023-08-01,-0.31,2.91,1.0,FC,R,X,True,field_out,hit_into_play
717182-69-2,2023,2023-08-01,-0.48,2.75,4.0,SL,R,S,False,,foul
717182-12-3,2023,2023-08-01,-0.8,3.94,11.0,FF,R,S,False,strikeout,swinging_strike
717182-69-1,2023,2023-08-01,1.2,0.91,14.0,FC,R,B,False,,ball
717182-12-2,2023,2023-08-01,-0.24,3.32,2.0,FF,R,S,False,,foul
717182-12-1,2023,2023-08-01,0.28,3.12,3.0,SL,R,S,False,,foul
717189-28-4,2023,2023-07-31,-0.3,2.72,4.0,FF,R,X,True,single,hit_into_play
717189-28-3,2023,2023-07-31,-0.33,0.29,13.0,CH,R,B,False,,ball
717189-28-2,2023,2023-07-31,-0.7,1.9,7.0,CH,R,S,False,,foul
717189-28-1,2023,2023-07-31,0.51,2.06,9.0,FF,R,S,False,,called_strike
717189-75-5,2023,2023-07-31,0.5,1.64,9.0,CH,R,S,False,strikeout,swinging_strike
717189-75-4,2023,2023-07-31,-0.35,-0.06,13.0,CH,R,B,False,,ball
717189-75-3,2023,2023-07-31,-0.08,1.75,8.0,FC,R,S,False,,foul
717189-75-2,2023,2023-07-31,-0.78,2.07,7.0,CH,R,S,False,,foul
717189-75-1,2023,2023-07-31,0.2,2.31,5.0,FF,R,S,False,,called_strike
717189-40-2,2023,2023-07-31,0.21,2.71,5.0,FF,L,X,True,force_out,hit_into_play
717189-40-1,2023,2023-07-31,-0.2,1.66,8.0,FF,L,S,False,,called_strike
717189-12-6,2023,2023-07-31,-0.59,1.46,13.0,FF,R,B,False,walk,ball
717189-12-5,2023,2023-07-31,-0.18,3.11,2.0,FF,R,S,False,,foul
717189-12-4,2023,2023-07-31,-0.83,3.31,1.0,CU,R,B,False,,ball
717189-12-3,2023,2023-07-31,0.25,0.58,14.0,CH,R,B,False,,ball
717189-12-2,2023,2023-07-31,0.01,3.3,12.0,CU,R,B,False,,ball
717189-12-1,2023,2023-07-31,0.28,2.01,9.0,FF,R,S,False,,called_strike
717189-57-1,2023,2023-07-31,-0.03,1.55,8.0,SL,L,X,True,field_out,hit_into_play
717208-25-4,2023,2023-07-30,-0.51,2.51,4.0,FF,L,X,True,double,hit_into_play
717208-25-3,2023,2023-07-30,-0.36,0.78,13.0,CU,L,B,False,,ball
717208-25-2,2023,2023-07-30,1.06,3.66,12.0,CU,L,B,False,,ball
717208-25-1,2023,2023-07-30,0.73,3.17,3.0,FC,L,S,False,,called_strike
717208-9-5,2023,2023-07-30,0.49,3.55,12.0,CU,L,S,False,strikeout,called_strike
717208-9-4,2023,2023-07-30,0.75,3.58,12.0,FF,L,B,False,,ball
717208-9-3,2023,2023-07-30,0.46,3.54,12.0,CU,L,S,False,,called_strike
717208-9-2,2023,2023-07-30,2.0,4.92,12.0,CH,L,B,False,,ball
717208-9-1,2023,2023-07-30,-0.39,3.28,1.0,FF,L,S,False,,called_strike
717208-58-4,2023,2023-07-30,0.76,2.73,6.0,FF,R,S,False,strikeout,swinging_strike
717208-58-3,2023,2023-07-30,1.05,1.7,14.0,ST,R,S,False,,foul
717208-58-2,2023,2023-07-30,0.64,3.23,3.0,FF,R,S,False,,called_strike
717208-58-1,2023,2023-07-30,0.2,3.2,2.0,FF,R,S,False,,foul
717208-82-4,2023,2023-07-30,0.09,2.83,2.0,FF,L,X,True,double_play,hit_into_play
717208-82-3,2023,2023-07-30,-1.17,2.27,13.0,SL,L,S,False,,foul
717208-82-2,2023,2023-07-30,1.23,2.52,12.0,FF,L,B,False,,ball
717208-82-1,2023,2023-07-30,0.38,2.75,6.0,FF,L,S,False,,foul_tip
717208-41-2,2023,2023-07-30,-0.51,2.6,4.0,FF,R,X,True,field_out,hit_into_play
717208-41-1,2023,2023-07-30,-0.08,1.66,8.0,SL,R,S,False,,swinging_strike
717216-53-6,2023,2023-07-29,0.65,0.97,14.0,SL,R,B,False,walk,blocked_ball
717216-53-5,2023,2023-07-29,0.26,1.38,14.0,SI,R,B,False,,ball
717216-53-4,2023,2023-07-29,0.77,1.54,9.0,SL,R,B,False,,ball
717216-53-3,2023,2023-07-29,0.19,2.12,8.0,SI,R,S,False,,foul
717216-53-2,2023,2023-07-29,0.58,1.34,14.0,SL,R,S,False,,swinging_strike
717216-53-1,2023,2023-07-29,-1.25,3.02,11.0,SI,R,B,False,,ball
717216-28-4,2023,2023-07-29,-0.02,1.49,13.0,SL,R,S,False,strikeout,swinging_strike
717216-28-3,2023,2023-07-29,0.57,1.67,9.0,SL,R,S,False,,swinging_strike
717216-28-2,2023,2023-07-29,0.04,0.1,14.0,SI,R,B,False,,blocked_ball
717216-28-1,2023,2023-07-29,-0.14,1.26,13.0,SI,R,S,False,,called_strike
717216-15-2,2023,2023-07-29,-0.8,1.77,7.0,SI,R,X,True,field_out,hit_into_play
717216-15-1,2023,2023-07-29,0.4,2.94,3.0,SI,R,S,False,,called_strike
717216-68-6,2023,2023-07-29,-0.57,2.52,4.0,SI,R,X,True,single,hit_into_play
717216-68-5,2023,2023-07-29,0.99,0.44,14.0,SL,R,B,False,,ball
717216-68-4,2023,2023-07-29,-0.02,2.64,5.0,SI,R,S,False,,foul
717216-68-3,2023,2023-07-29,-1.17,3.87,11.0,SI,R,B,False,,ball
717216-68-2,2023,2023-07-29,-0.29,1.48,13.0,SI,R,S,False,,foul
717216-68-1,2023,2023-07-29,0.3,2.65,6.0,SI,R,S,False,,called_strike
717234-35-3,2023,2023-07-28,-0.31,2.72,4.0,SI,R,X,True,force_out,hit_into_play
717234-35-2,2023,2023-07-28,2.01,1.35,14.0,ST,R,B,False,,ball
717234-35-1,2023,2023-07-28,0.41,2.2,6.0,SI,R,S,False,,called_strike
717234-17-5,2023,2023-07-28,0.87,1.31,14.0,ST,R,X,True,field_out,hit_into_play
717234-17-4,2023,2023-07-28,0.51,1.82,9.0,ST,R,S,False,,swinging_strike
717234-17-3,2023,2023-07-28,0.77,1.27,14.0,SI,R,B,False,,ball
717234-17-2,2023,2023-07-28,0.51,1.07,14.0,SI,R,B,False,,ball
717234-17-1,2023,2023-07-28,0.54,2.52,6.0,SI,R,S,False,,called_strike
717234-67-1,2023,2023-07-28,-0.22,1.61,8.0,SI,R,X,True,field_error,hit_into_play
717234-50-1,2023,2023-07-28,-0.34,2.31,4.0,SI,L,X,True,grounded_into_double_play,hit_into_play
717234-2-5,2023,2023-07-28,0.18,2.08,8.0,FF,R,S,False,strikeout,swinging_strike
717234-2-4,2023,2023-07-28,1.7,1.91,14.0,ST,R,B,False,,ball
717234-2-3,2023,2023-07-28,3.33,-0.42,14.0,ST,R,B,False,,blocked_ball
717234-2-2,2023,2023-07-28,0.22,2.39,5.0,SI,R,S,False,,called_strike
717234-2-1,2023,2023-07-28,0.15,2.52,5.0,SI,R,S,False,,foul
717267-46-5,2023,2023-07-25,1.23,1.74,14.0,ST,R,S,False,strikeout,swinging_strike
717267-46-4,2023,2023-07-25,-0.02,0.73,13.0,CU,R,B,False,,ball
717267-46-3,2023,2023-07-25,1.23,2.21,14.0,FC,R,S,False,,foul
717267-46-2,2023,2023-07-25,-0.89,1.02,13.0,CH,R,B,False,,ball
717267-46-1,2023,2023-07-25,0.71,2.94,3.0,SI,R,S,False,,called_strike
717267-26-4,2023,2023-07-25,-0.16,1.23,13.0,SI,R,X,True,force_out,hit_into_play
717267-26-3,2023,2023-07-25,2.47,0.86,14.0,ST,R,B,False,,blocked_ball
717267-26-2,2023,2023-07-25,0.45,2.8,3.0,SI,R,S,False,,foul
717267-26-1,2023,2023-07-25,-0.13,1.75,8.0,ST,R,S,False,,swinging_strike
717267-6-6,2023,2023-07-25,0.8,1.58,9.0,SI,R,X,True,field_out,hit_into_play
717267-6-5,2023,2023-07-25,1.0,1.4,14.0,ST,R,B,False,,ball
717267-6-4,2023,2023-07-25,0.18,3.09,2.0,ST,R,S,False,,swinging_strike
717267-6-3,2023,2023-07-25,-0.47,2.58,4.0,SI,R,S,False,,foul
717267-6-2,2023,2023-07-25,1.11,1.82,14.0,SI,R,B,False,,ball
717267-6-1,2023,2023-07-25,1.54,2.22,14.0,FC,R,B,False,,ball
717267-68-3,2023,2023-07-25,0.29,2.82,3.0,SI,R,X,True,field_out,hit_into_play
717267-68-2,2023,2023-07-25,1.26,0.64,14.0,SL,R,B,False,,ball
717267-68-1,2023,2023-07-25,0.5,2.13,9.0,SI,R,S,False,,called_strike
717280-39-4,2023,2023-07-24,0.18,1.53,8.0,SI,R,S,False,strikeout,called_strike
717280-39-3,2023,2023-07-24,0.67,0.93,14.0,FC,R,S,False,,swinging_strike
717280-39-2,2023,2023-07-24,0.31,2.23,6.0,FC,R,S,False,,foul
717280-39-1,2023,2023-07-24,1.66,1.89,14.0,CU,R,B,False,,ball
717280-21-1,2023,2023-07-24,0.48,2.07,9.0,FC,R,X,True,field_out,hit_into_play
717280-5-4,2023,2023-07-24,1.07,1.55,14.0,FC,R,X,True,field_out,hit_into_play
717280-5-3,2023,2023-07-24,-0.54,3.28,1.0,SI,R,S,False,,foul
717280-5-2,2023,2023-07-24,-0.5,1.48,7.0,FC,R,S,False,,called_strike
717280-5-1,2023,2023-07-24,0.09,3.68,12.0,FF,R,B,False,,ball
717283-19-4,2023,2023-07-23,0.71,1.79,9.0,SL,R,S,False,strikeout,swinging_strike
717283-19-3,2023,2023-07-23,0.61,2.21,9.0,FF,R,S,False,,called_strike
717283-19-2,2023,2023-07-23,0.39,2.6,6.0,FF,R,S,False,,called_strike
717283-19-1,2023,2023-07-23,-0.69,1.28,13.0,SL,R,B,False,,ball
717283-74-4,2023,2023-07-23,1.47,3.13,12.0,SL,L,B,False,walk,ball
717283-74-3,2023,2023-07-23,0.84,1.16,14.0,CU,L,B,False,,ball
717283-37-5,2023,2023-07-23,-0.5,3.16,1.0,FF,L,X,True,double,hit_into_play
717283-74-2,2023,2023-07-23,1.34,3.25,12.0,FF,L,B,False,,ball
717283-74-1,2023,2023-07-23,1.07,1.73,14.0,CU,L,B,False,,ball
717283-37-4,2023,2023-07-23,-0.85,0.03,13.0,CU,L,B,False,,blocked_ball
717283-37-3,2023,2023-07-23,-1.3,0.11,13.0,CU,L,S,False,,swinging_strike_blocked
717283-37-2,2023,2023-07-23,0.47,3.7,12.0,FF,L,B,False,,ball
717283-37-1,2023,2023-07-23,1.84,2.58,12.0,FF,L,B,False,,ball
717283-2-5,2023,2023-07-23,0.13,1.25,14.0,FF,R,X,True,grounded_into_double_play,hit_into_play
717283-53-2,2023,2023-07-23,1.08,1.59,14.0,CH,R,X,True,single,hit_into_play
717283-2-4,2023,2023-07-23,0.69,1.9,9.0,FF,R,S,False,,called_strike
717283-2-3,2023,2023-07-23,0.82,4.0,12.0,FF,R,B,False,,ball
717283-53-1,2023,2023-07-23,-0.11,3.23,2.0,FF,R,S,False,,foul
717283-2-2,2023,2023-07-23,0.82,1.63,14.0,SL,R,B,False,,ball
717283-2-1,2023,2023-07-23,-0.74,3.05,1.0,SL,R,B,False,,ball
717302-37-4,2023,2023-07-22,1.04,0.92,14.0,SL,R,S,False,strikeout,swinging_strike
717302-37-3,2023,2023-07-22,0.26,3.38,12.0,FF,R,S,False,,foul
717302-37-2,2023,2023-07-22,0.54,1.68,9.0,SL,R,S,False,,swinging_strike
717302-37-1,2023,2023-07-22,0.55,2.5,6.0,CH,R,S,False,,called_strike
717302-19-5,2023,2023-07-22,1.19,2.01,14.0,SL,R,X,True,grounded_into_double_play,hit_into_play
717302-19-4,2023,2023-07-22,0.96,1.67,14.0,SL,R,B,False,,ball
717302-19-3,2023,2023-07-22,0.46,4.48,12.0,FF,R,B,False,,ball
717302-19-2,2023,2023-07-22,0.19,2.77,2.0,CH,R,S,False,,foul
717302-19-1,2023,2023-07-22,0.78,2.27,9.0,FF,R,S,False,,called_strike
717302-2-4,2023,2023-07-22,0.26,2.29,5.0,CU,R,X,True,single,hit_into_play
717302-59-1,2023,2023-07-22,-0.03,2.09,8.0,FC,R,X,True,field_out,hit_into_play
717302-2-3,2023,2023-07-22,0.86,2.89,12.0,FF,R,S,False,,called_strike
717302-2-2,2023,2023-07-22,0.59,2.15,9.0,FF,R,S,False,,called_strike
717302-2-1,2023,2023-07-22,-0.24,3.84,11.0,FF,R,B,False,,ball
717315-34-4,2023,2023-07-21,0.08,2.1,8.0,FF,R,X,True,field_out,hit_into_play
717315-34-3,2023,2023-07-21,2.71,-0.82,14.0,CU,R,B,False,,blocked_ball
717315-34-2,2023,2023-07-21,1.58,1.72,14.0,CU,R,B,False,,ball
717315-34-1,2023,2023-07-21,-0.41,2.18,4.0,FF,R,S,False,,foul
717315-21-2,2023,2023-07-21,0.46,2.67,6.0,SL,R,X,True,triple,hit_into_play
717315-21-1,2023,2023-07-21,0.55,2.33,6.0,SL,R,S,False,,foul
717315-74-4,2023,2023-07-21,0.58,3.43,12.0,FF,R,S,False,strikeout,swinging_strike
717315-74-3,2023,2023-07-21,0.12,2.2,5.0,SL,R,S,False,,foul
717315-74-2,2023,2023-07-21,1.01,1.26,14.0,SL,R,B,False,,ball
717315-74-1,2023,2023-07-21,-0.92,2.75,11.0,SL,R,S,False,,swinging_strike
717315-2-2,2023,2023-07-21,-0.45,2.59,4.0,FF,R,X,True,field_out,hit_into_play
717315-2-1,2023,2023-07-21,-0.64,3.8,11.0,FF,R,B,False,,ball
717315-54-5,2023,2023-07-21,1.32,2.14,14.0,SL,R,S,False,strikeout,swinging_strike
717315-54-4,2023,2023-07-21,0.35,1.41,14.0,SL,R,S,False,,foul
717315-54-3,2023,2023-07-21,-0.46,2.66,4.0,FF,R,S,False,,foul
717315-54-2,2023,2023-07-21,2.07,1.89,14.0,FF,R,B,False,,ball
717315-54-1,2023,2023-07-21,0.08,1.73,8.0,SL,R,S,False,,called_strike
717329-44-4,2023,2023-07-20,-0.08,2.14,5.0,SI,R,X,True,field_out,hit_into_play
717329-44-3,2023,2023-07-20,0.75,2.99,3.0,FC,R,S,False,,foul
717329-44-2,2023,2023-07-20,-0.47,0.96,13.0,SI,R,B,False,,ball
717329-44-1,2023,2023-07-20,0.4,-0.6,14.0,CU,R,B,False,,ball
717329-27-1,2023,2023-07-20,0.22,2.32,5.0,SI,R,X,True,grounded_into_double_play,hit_into_play
717329-5-4,2023,2023-07-20,-0.28,2.69,4.0,FC,R,X,True,field_out,hit_into_play
717329-5-3,2023,2023-07-20,0.58,1.29,14.0,FC,R,S,False,,swinging_strike
717329-65-7,2023,2023-07-20,1.71,0.78,14.0,SL,R,B,False,walk,ball
717329-65-6,2023,2023-07-20,1.34,2.48,12.0,SL,R,B,False,,ball
717329-5-2,2023,2023-07-20,0.58,1.35,14.0,FC,R,B,False,,ball
717329-65-5,2023,2023-07-20,0.24,2.54,5.0,SI,R,S,False,,foul
717329-5-1,2023,2023-07-20,0.9,1.71,14.0,FC,R,S,False,,called_strike
717329-65-4,2023,2023-07-20,1.25,0.93,14.0,FF,R,B,False,,ball
717329-65-3,2023,2023-07-20,-0.46,2.51,4.0,SI,R,S,False,,foul
717329-65-2,2023,2023-07-20,1.18,2.15,14.0,SL,R,B,False,,ball
717329-65-1,2023,2023-07-20,-0.08,3.08,2.0,SI,R,S,False,,called_strike
717347-42-1,2023,2023-07-19,-0.46,2.91,1.0,SI,R,X,True,field_out,hit_into_play
717347-25-2,2023,2023-07-19,0.65,3.03,3.0,SI,R,X,True,field_out,hit_into_play
717347-25-1,2023,2023-07-19,0.25,2.27,5.0,FC,R,S,False,,swinging_strike
717347-6-7,2023,2023-07-19,-0.97,2.23,13.0,SI,R,X,True,field_out,hit_into_play
717347-6-6,2023,2023-07-19,1.17,0.79,14.0,FC,R,B,False,,ball
717347-6-5,2023,2023-07-19,2.05,0.42,14.0,ST,R,B,False,,ball
717347-6-4,2023,2023-07-19,-0.97,2.71,11.0,FF,R,S,False,,foul
717347-6-3,2023,2023-07-19,0.85,3.18,12.0,SI,R,B,False,,ball
717347-6-2,2023,2023-07-19,1.01,0.95,14.0,ST,R,S,False,,swinging_strike
717347-6-1,2023,2023-07-19,0.59,1.93,9.0,FC,R,S,False,,called_strike
717347-64-3,2023,2023-07-19,0.48,3.08,3.0,FF,R,X,True,field_out,hit_into_play
717347-64-2,2023,2023-07-19,2.15,0.37,14.0,SL,R,B,False,,ball
717347-64-1,2023,2023-07-19,0.47,1.62,9.0,SL,R,S,False,,called_strike
717363-38-3,2023,2023-07-18,0.46,1.99,9.0,SI,R,X,True,single,hit_into_play
717363-38-2,2023,2023-07-18,-0.33,3.09,1.0,FC,R,S,False,,swinging_strike
717363-38-1,2023,2023-07-18,-1.51,1.52,13.0,SI,R,B,False,,ball
717363-20-3,2023,2023-07-18,-0.03,2.42,5.0,CU,R,X,True,triple,hit_into_play
717363-20-2,2023,2023-07-18,-0.11,2.08,8.0,FF,R,S,False,,foul
717363-20-1,2023,2023-07-18,0.95,1.79,14.0,FC,R,S,False,,swinging_strike
717363-5-5,2023,2023-07-18,-0.23,2.16,5.0,SI,R,X,True,field_out,hit_into_play
717363-5-4,2023,2023-07-18,0.02,1.67,8.0,FC,R,S,False,,swinging_strike
717363-50-4,2023,2023-07-18,1.5,0.79,14.0,SL,R,S,False,strikeout,swinging_strike
717363-5-3,2023,2023-07-18,2.11,1.81,14.0,SI,R,B,False,,ball
717363-5-2,2023,2023-07-18,-0.82,3.33,1.0,SI,R,B,False,,ball
717363-50-3,2023,2023-07-18,2.33,0.7,14.0,SL,R,B,False,,ball
717363-5-1,2023,2023-07-18,0.56,1.79,9.0,FC,R,S,False,,called_strike
717363-50-2,2023,2023-07-18,0.58,1.88,9.0,SL,R,S,False,,called_strike
717363-50-1,2023,2023-07-18,0.13,2.91,2.0,SI,R,S,False,,foul
717387-43-7,2023,2023-07-16,0.13,2.0,8.0,CU,R,X,True,single,hit_into_play
717387-43-6,2023,2023-07-16,-0.13,2.5,5.0,CU,R,S,False,,foul
717387-43-5,2023,2023-07-16,0.58,1.84,9.0,SI,R,S,False,,called_strike
717387-43-4,2023,2023-07-16,-0.43,3.7,11.0,SL,R,B,False,,ball
717387-43-3,2023,2023-07-16,-1.11,2.57,11.0,CU,R,B,False,,ball
717387-43-2,2023,2023-07-16,-0.53,1.01,13.0,SI,R,B,False,,ball
717387-43-1,2023,2023-07-16,0.74,1.81,9.0,SL,R,S,False,,called_strike
717387-26-6,2023,2023-07-16,0.82,2.08,6.0,SI,R,S,False,strikeout,called_strike
717387-26-5,2023,2023-07-16,1.65,2.55,12.0,FF,R,B,False,,ball
717387-26-4,2023,2023-07-16,0.36,0.63,14.0,CU,R,S,False,,swinging_strike
717387-26-3,2023,2023-07-16,0.83,1.59,9.0,SL,R,B,False,,ball
717387-26-2,2023,2023-07-16,0.35,0.55,14.0,SI,R,B,False,,ball
717387-26-1,2023,2023-07-16,1.31,2.1,14.0,CU,R,S,False,,swinging_strike
717387-55-2,2023,2023-07-16,-0.32,2.44,4.0,SL,L,X,True,field_out,hit_into_play
717387-55-1,2023,2023-07-16,-0.16,3.04,2.0,SL,L,S,False,,called_strike
717387-6-6,2023,2023-07-16,1.4,1.27,14.0,SL,R,S,False,strikeout,swinging_strike
717387-78-4,2023,2023-07-16,-0.85,3.06,11.0,SI,L,X,True,field_out,hit_into_play
717387-78-3,2023,2023-07-16,0.5,2.97,3.0,SL,L,S,False,,foul
717387-6-5,2023,2023-07-16,0.77,1.98,9.0,FF,R,B,False,,ball
717387-78-2,2023,2023-07-16,-0.55,2.38,4.0,SL,L,S,False,,foul
717387-6-4,2023,2023-07-16,1.93,0.35,14.0,SL,R,B,False,,ball
717387-6-3,2023,2023-07-16,0.14,1.72,8.0,FF,R,S,False,,called_strike
717387-78-1,2023,2023-07-16,-1.15,4.0,11.0,SI,L,B,False,,ball
717387-6-2,2023,2023-07-16,0.05,1.71,8.0,SL,R,S,False,,called_strike
717387-6-1,2023,2023-07-16,-0.69,4.01,11.0,SL,R,B,False,,ball
717408-41-7,2023,2023-07-15,0.44,0.65,14.0,CH,L,B,False,walk,blocked_ball
717408-41-6,2023,2023-07-15,0.29,2.01,9.0,CU,L,S,False,,foul
717408-41-5,2023,2023-07-15,-0.01,0.94,13.0,CU,L,B,False,,ball
717408-41-4,2023,2023-07-15,0.57,2.24,6.0,CU,L,S,False,,called_strike
717408-41-3,2023,2023-07-15,0.56,0.94,14.0,CH,L,B,False,,ball
717408-41-2,2023,2023-07-15,-0.76,-0.71,13.0,CU,L,B,False,,blocked_ball
717397-40-6,2023,2023-07-15,0.09,1.87,8.0,CH,L,X,True,field_out,hit_into_play
717408-41-1,2023,2023-07-15,0.66,2.23,6.0,CU,L,S,False,,called_strike
717397-40-5,2023,2023-07-15,-0.54,0.96,13.0,CH,L,S,False,,swinging_strike
717397-40-4,2023,2023-07-15,-0.06,1.58,8.0,FF,L,S,False,,called_strike
717397-40-3,2023,2023-07-15,0.2,1.14,14.0,FF,L,B,False,,ball
717397-40-2,2023,2023-07-15,1.1,1.83,14.0,CH,L,B,False,,ball
717397-40-1,2023,2023-07-15,-0.24,0.21,13.0,ST,L,B,False,,ball
717397-23-1,2023,2023-07-15,0.33,2.13,9.0,FF,L,X,True,double,hit_into_play
717408-24-5,2023,2023-07-15,0.51,2.86,3.0,CH,L,X,True,field_out,hit_into_play
717408-24-4,2023,2023-07-15,0.5,3.24,3.0,FF,L,S,False,,called_strike
717408-24-3,2023,2023-07-15,0.01,0.94,14.0,CH,L,B,False,,ball
717408-24-2,2023,2023-07-15,0.83,3.2,12.0,CU,L,B,False,,ball
717408-24-1,2023,2023-07-15,1.05,1.97,14.0,CU,L,B,False,,ball
717408-73-3,2023,2023-07-15,-0.11,1.7,8.0,SI,L,X,True,single,hit_into_play
717408-73-2,2023,2023-07-15,1.78,2.23,14.0,SI,L,B,False,,ball
717408-73-1,2023,2023-07-15,-0.17,2.9,2.0,SI,L,S,False,,called_strike
717397-8-5,2023,2023-07-15,-1.03,1.84,13.0,CH,L,B,False,walk,ball
717397-8-4,2023,2023-07-15,1.34,2.45,14.0,FF,L,B,False,,ball
717397-8-3,2023,2023-07-15,0.15,1.46,14.0,FF,L,B,False,,ball
717397-8-2,2023,2023-07-15,-0.18,2.52,5.0,CH,L,S,False,,swinging_strike
717397-8-1,2023,2023-07-15,-1.08,0.87,13.0,ST,L,B,False,,ball
717408-6-1,2023,2023-07-15,0.16,2.46,5.0,FF,L,X,True,single,hit_into_play
717397-65-1,2023,2023-07-15,-0.24,2.39,5.0,SL,R,X,True,force_out,hit_into_play
717397-52-3,2023,2023-07-15,0.6,2.08,9.0,SC,R,X,True,single,hit_into_play
717397-52-2,2023,2023-07-15,-0.17,2.39,5.0,SC,R,S,False,,foul
717408-59-2,2023,2023-07-15,0.21,1.8,8.0,CH,R,X,True,field_out,hit_into_play
717397-52-1,2023,2023-07-15,-0.74,2.97,1.0,CH,R,S,False,,called_strike
717408-59-1,2023,2023-07-15,0.48,1.08,14.0,CH,R,B,False,,ball
717418-39-2,2023,2023-07-14,-0.37,2.92,1.0,KC,R,X,True,field_out,hit_into_play
717418-39-1,2023,2023-07-14,0.83,1.19,14.0,FC,R,B,False,,ball
717418-23-1,2023,2023-07-14,0.58,2.29,6.0,SL,R,X,True,field_out,hit_into_play
717418-5-7,2023,2023-07-14,0.2,2.06,8.0,KC,R,S,False,strikeout,swinging_strike
717418-5-6,2023,2023-07-14,-0.85,2.05,13.0,KC,R,S,False,,foul
717418-5-5,2023,2023-07-14,0.27,2.32,5.0,SL,R,S,False,,foul
717418-5-4,2023,2023-07-14,0.96,2.47,12.0,SL,R,S,False,,called_strike
717418-5-3,2023,2023-07-14,0.8,1.03,14.0,SL,R,B,False,,ball
717418-5-2,2023,2023-07-14,1.15,2.55,12.0,SL,R,B,False,,ball
717418-79-5,2023,2023-07-14,1.11,0.41,14.0,CH,L,S,False,strikeout,swinging_strike_blocked
717418-79-4,2023,2023-07-14,-0.65,1.37,13.0,SL,L,S,False,,foul
717418-5-1,2023,2023-07-14,0.4,3.85,12.0,SL,R,B,False,,ball
717418-79-3,2023,2023-07-14,-0.45,3.2,1.0,SI,L,S,False,,foul
717418-64-3,2023,2023-07-14,-0.42,1.31,13.0,CU,R,S,False,strikeout,swinging_strike
717418-79-2,2023,2023-07-14,-1.79,3.72,11.0,SI,L,B,False,,ball
717418-64-2,2023,2023-07-14,0.77,1.96,9.0,CU,R,S,False,,called_strike
717418-64-1,2023,2023-07-14,0.5,2.88,3.0,FF,R,S,False,,foul
717418-79-1,2023,2023-07-14,0.85,2.61,12.0,SL,L,S,False,,called_strike
717426-43-1,2023,2023-07-09,0.77,2.8,3.0,FF,L,X,True,field_out,hit_into_play
717426-19-8,2023,2023-07-09,-0.69,3.88,11.0,FF,L,S,False,strikeout,swinging_strike
717426-19-7,2023,2023-07-09,-1.13,2.79,11.0,FF,L,S,False,,foul
717426-19-6,2023,2023-07-09,0.4,2.74,6.0,CH,L,S,False,,foul
717426-19-5,2023,2023-07-09,-1.41,-0.1,13.0,SL,L,B,False,,blocked_ball
717426-19-4,2023,2023-07-09,-0.56,0.48,13.0,SL,L,B,False,,ball
717426-19-3,2023,2023-07-09,-0.41,2.66,4.0,FF,L,S,False,,foul
717426-19-2,2023,2023-07-09,0.68,1.9,9.0,CH,L,S,False,,called_strike
717426-19-1,2023,2023-07-09,1.11,3.09,12.0,SI,L,B,False,,ball
717426-60-5,2023,2023-07-09,-0.51,3.55,11.0,FF,R,X,True,field_out,hit_into_play
717426-60-4,2023,2023-07-09,0.2,1.46,14.0,SL,R,S,False,,swinging_strike
717426-2-2,2023,2023-07-09,0.04,2.38,5.0,FF,L,X,True,field_out,hit_into_play
717426-60-3,2023,2023-07-09,-0.3,2.76,1.0,FF,R,S,False,,called_strike
717426-2-1,2023,2023-07-09,1.28,1.97,14.0,SI,L,B,False,,ball
717426-60-2,2023,2023-07-09,0.16,3.74,12.0,FF,R,B,False,,ball
717426-60-1,2023,2023-07-09,1.15,1.51,14.0,SL,R,B,False,,ball
717438-42-3,2023,2023-07-08,-0.78,2.1,7.0,SI,L,X,True,field_out,hit_into_play
717438-42-2,2023,2023-07-08,-0.21,2.2,5.0,SL,L,S,False,,foul
717438-42-1,2023,2023-07-08,0.78,1.85,9.0,SI,L,S,False,,called_strike
717438-19-6,2023,2023-07-08,0.06,4.03,12.0,FC,L,S,False,strikeout,swinging_strike
717438-19-5,2023,2023-07-08,-0.06,2.02,8.0,SI,L,S,False,,called_strike
717438-19-4,2023,2023-07-08,0.17,1.82,8.0,FC,L,S,False,,called_strike
717438-19-3,2023,2023-07-08,-0.02,3.85,11.0,FC,L,B,False,,ball
717438-19-2,2023,2023-07-08,1.88,2.21,14.0,SI,L,B,False,,ball
717438-19-1,2023,2023-07-08,-0.15,0.52,13.0,SL,L,B,False,,blocked_ball
717438-2-6,2023,2023-07-08,-0.42,1.85,7.0,SL,L,X,True,home_run,hit_into_play
717438-2-5,2023,2023-07-08,-1.62,-0.3,13.0,SL,L,B,False,,ball
717438-2-4,2023,2023-07-08,-0.69,3.16,1.0,FC,L,S,False,,foul
717438-2-3,2023,2023-07-08,-1.27,2.45,13.0,SI,L,B,False,,ball
717438-2-2,2023,2023-07-08,-0.51,1.67,7.0,FC,L,S,False,,foul
717438-2-1,2023,2023-07-08,0.66,1.92,9.0,SI,L,S,False,,foul
717438-64-4,2023,2023-07-08,-0.11,2.88,2.0,FF,L,S,False,strikeout,swinging_strike
717438-64-3,2023,2023-07-08,-1.17,2.38,13.0,FF,L,S,False,,foul
717438-64-2,2023,2023-07-08,-1.11,2.6,11.0,FF,L,S,False,,foul
717438-64-1,2023,2023-07-08,0.44,3.64,12.0,FF,L,B,False,,ball
717466-38-4,2023,2023-07-07,0.8,2.01,9.0,FF,R,X,True,field_out,hit_into_play
717466-38-3,2023,2023-07-07,-0.39,0.62,13.0,CH,R,B,False,,blocked_ball
717466-38-2,2023,2023-07-07,0.4,1.35,14.0,SL,R,S,False,,foul
717466-38-1,2023,2023-07-07,0.75,1.8,9.0,SL,R,S,False,,swinging_strike
717466-21-3,2023,2023-07-07,0.52,2.32,6.0,FF,R,X,True,field_out,hit_into_play
717466-21-2,2023,2023-07-07,0.37,2.51,6.0,FF,R,S,False,,foul
717466-21-1,2023,2023-07-07,0.02,1.69,8.0,SL,R,S,False,,swinging_strike
717466-2-8,2023,2023-07-07,0.27,1.72,8.0,CH,R,X,True,single,hit_into_play
717466-2-7,2023,2023-07-07,0.28,1.48,14.0,SI,R,S,False,,foul
717466-2-6,2023,2023-07-07,-1.57,3.61,11.0,FF,R,B,False,,ball
717466-2-5,2023,2023-07-07,1.12,2.46,12.0,SL,R,S,False,,foul
717466-58-3,2023,2023-07-07,-0.39,2.31,4.0,FF,L,X,True,field_out,hit_into_play
717466-58-2,2023,2023-07-07,0.28,2.8,3.0,SL,L,S,False,,called_strike
717466-2-4,2023,2023-07-07,-0.57,2.44,4.0,CH,R,S,False,,foul
717466-2-3,2023,2023-07-07,-0.8,2.88,1.0,FF,R,S,False,,foul
717466-58-1,2023,2023-07-07,-0.13,1.27,13.0,SL,L,S,False,,swinging_strike
717466-2-2,2023,2023-07-07,0.27,2.31,5.0,SI,R,S,False,,called_strike
717466-2-1,2023,2023-07-07,-0.13,3.27,2.0,SL,R,S,False,,called_strike
717472-17-6,2023,2023-07-06,0.08,2.22,5.0,SI,R,S,False,strikeout,foul_tip
717472-17-5,2023,2023-07-06,0.83,1.84,14.0,SL,R,S,False,,foul
717472-17-4,2023,2023-07-06,-0.28,3.71,11.0,FF,R,B,False,,ball
717472-17-3,2023,2023-07-06,-0.01,3.73,11.0,FF,R,S,False,,foul
717472-17-2,2023,2023-07-06,-0.44,2.79,1.0,SI,R,S,False,,foul
717472-17-1,2023,2023-07-06,0.72,2.45,6.0,FC,R,S,False,,foul
717472-73-2,2023,2023-07-06,-0.62,2.55,4.0,SI,R,X,True,single,hit_into_play
717472-73-1,2023,2023-07-06,-1.49,2.76,11.0,SL,R,B,False,,ball
717472-2-4,2023,2023-07-06,0.1,1.79,8.0,SL,R,X,True,single,hit_into_play
717472-2-3,2023,2023-07-06,0.58,2.47,6.0,SI,R,S,False,,called_strike
717472-2-2,2023,2023-07-06,1.38,2.74,12.0,FC,R,B,False,,ball
717472-37-1,2023,2023-07-06,0.25,3.03,2.0,ST,R,X,True,field_error,hit_into_play
717472-58-4,2023,2023-07-06,-0.04,1.86,8.0,FF,R,S,False,strikeout,swinging_strike
717472-2-1,2023,2023-07-06,0.13,3.14,2.0,FC,R,S,False,,swinging_strike
717472-58-3,2023,2023-07-06,-0.72,2.53,4.0,FF,R,S,False,,foul
717472-58-2,2023,2023-07-06,-0.02,2.11,5.0,FF,R,S,False,,foul
717472-58-1,2023,2023-07-06,-0.62,2.55,4.0,SL,R,S,False,,called_strike
717491-38-1,2023,2023-07-05,-0.42,2.09,4.0,SL,R,X,True,home_run,hit_into_play
717491-66-3,2023,2023-07-05,1.18,3.04,12.0,FF,R,S,False,strikeout,swinging_strike
717491-66-2,2023,2023-07-05,0.07,1.29,14.0,SL,R,S,False,,foul
717491-66-1,2023,2023-07-05,-0.42,2.07,7.0,FF,R,S,False,,called_strike
717491-2-6,2023,2023-07-05,0.27,1.89,8.0,FF,R,X,True,field_out,hit_into_play
717491-2-5,2023,2023-07-05,1.06,1.52,14.0,ST,R,B,False,,ball
717491-2-4,2023,2023-07-05,-0.29,2.01,7.0,SL,R,S,False,,swinging_strike
717491-2-3,2023,2023-07-05,1.02,3.65,12.0,ST,R,B,False,,ball
717491-21-6,2023,2023-07-05,0.12,2.56,5.0,SI,R,X,True,single,hit_into_play
717491-2-2,2023,2023-07-05,1.37,2.41,14.0,ST,R,B,False,,ball
717491-21-5,2023,2023-07-05,-1.04,1.21,13.0,SI,R,S,False,,swinging_strike
717491-2-1,2023,2023-07-05,0.22,2.66,5.0,FF,R,S,False,,foul
717491-21-4,2023,2023-07-05,1.05,0.81,14.0,SI,R,B,False,,ball
717491-51-4,2023,2023-07-05,0.04,1.06,14.0,FC,R,S,False,strikeout,swinging_strike
717491-51-3,2023,2023-07-05,-0.53,1.09,13.0,FC,R,S,False,,swinging_strike
717491-21-3,2023,2023-07-05,1.18,0.99,14.0,SI,R,B,False,,ball
717491-51-2,2023,2023-07-05,-0.26,1.72,8.0,FC,R,S,False,,called_strike
717491-21-2,2023,2023-07-05,1.18,0.29,14.0,FS,R,B,False,,ball
717491-51-1,2023,2023-07-05,-1.1,2.03,13.0,FC,R,B,False,,ball
717491-21-1,2023,2023-07-05,0.61,2.18,9.0,SI,R,S,False,,called_strike
717499-39-4,2023,2023-07-04,-0.38,2.59,4.0,SI,R,X,True,field_out,hit_into_play
717499-39-3,2023,2023-07-04,2.0,0.51,14.0,ST,R,B,False,,ball
717499-39-2,2023,2023-07-04,0.87,1.49,14.0,SI,R,S,False,,called_strike
717499-39-1,2023,2023-07-04,0.7,1.3,14.0,FC,R,B,False,,ball
717499-18-2,2023,2023-07-04,0.31,3.03,3.0,FC,R,X,True,field_out,hit_into_play
717499-18-1,2023,2023-07-04,0.14,0.76,14.0,SI,R,B,False,,ball
717499-2-4,2023,2023-07-04,-0.1,3.35,11.0,FF,R,S,False,strikeout,swinging_strike
717499-2-3,2023,2023-07-04,-0.58,1.76,7.0,CU,R,S,False,,foul
717499-56-6,2023,2023-07-04,-0.19,1.05,13.0,CH,L,S,False,strikeout,swinging_strike
717499-2-2,2023,2023-07-04,0.28,2.03,9.0,FF,R,S,False,,called_strike
717499-2-1,2023,2023-07-04,0.41,2.6,6.0,FC,R,S,False,,called_strike
717499-56-5,2023,2023-07-04,0.11,4.56,12.0,FF,L,B,False,,ball
717499-56-4,2023,2023-07-04,0.62,2.54,6.0,FF,L,S,False,,foul
717499-56-3,2023,2023-07-04,0.61,1.7,9.0,CH,L,S,False,,foul
717499-56-2,2023,2023-07-04,-0.89,2.37,13.0,FF,L,S,False,,foul
717499-56-1,2023,2023-07-04,-0.83,0.81,13.0,CH,L,B,False,,blocked_ball
717528-42-1,2023,2023-07-02,-0.83,2.74,11.0,SI,R,X,True,field_out,hit_into_play
717528-26-5,2023,2023-07-02,-1.46,1.8,13.0,CH,R,S,False,strikeout,swinging_strike
717528-26-4,2023,2023-07-02,0.93,2.77,12.0,FF,R,S,False,,foul
717528-26-3,2023,2023-07-02,0.59,2.07,9.0,FF,R,S,False,,foul
717528-26-2,2023,2023-07-02,-0.42,1.54,7.0,CH,R,S,False,,called_strike
717528-26-1,2023,2023-07-02,0.83,1.82,9.0,SL,R,B,False,,ball
717528-5-7,2023,2023-07-02,1.16,1.64,14.0,SL,R,X,True,field_out,hit_into_play
717528-73-8,2023,2023-07-02,0.27,1.81,8.0,FF,R,X,True,field_out,hit_into_play
717528-5-6,2023,2023-07-02,1.78,1.78,14.0,FF,R,B,False,,ball
717528-73-7,2023,2023-07-02,0.31,2.87,3.0,FF,R,S,False,,foul
717528-73-6,2023,2023-07-02,0.18,2.88,2.0,FF,R,S,False,,foul
717528-5-5,2023,2023-07-02,-1.49,1.31,13.0,SI,R,B,False,,ball
717528-5-4,2023,2023-07-02,0.77,1.56,9.0,ST,R,S,False,,foul
717528-73-5,2023,2023-07-02,-0.23,3.45,11.0,FF,R,S,False,,foul
717528-73-4,2023,2023-07-02,1.21,2.0,14.0,FF,R,B,False,,ball
717528-5-3,2023,2023-07-02,-0.58,2.25,4.0,ST,R,S,False,,foul
717528-58-4,2023,2023-07-02,-0.47,3.31,11.0,SL,R,S,False,strikeout,swinging_strike
717528-73-3,2023,2023-07-02,0.8,2.83,3.0,FF,R,B,False,,ball
717528-58-3,2023,2023-07-02,-1.83,2.95,11.0,SI,R,B,False,,ball
717528-5-2,2023,2023-07-02,0.61,2.43,6.0,FF,R,S,False,,foul
717528-5-1,2023,2023-07-02,-0.43,2.13,4.0,SL,R,S,False,,called_strike
717528-73-2,2023,2023-07-02,1.51,2.34,14.0,FF,R,B,False,,ball
717528-58-2,2023,2023-07-02,-0.26,3.09,2.0,SI,R,S,False,,called_strike
717528-58-1,2023,2023-07-02,0.25,2.85,2.0,SL,R,S,False,,called_strike
717528-73-1,2023,2023-07-02,0.16,2.72,2.0,FF,R,S,False,,foul
717543-22-5,2023,2023-07-01,-0.14,1.31,13.0,FF,L,B,False,walk,ball
717543-22-4,2023,2023-07-01,-0.18,3.25,2.0,FF,L,S,False,,called_strike
717543-22-3,2023,2023-07-01,0.91,3.11,12.0,FF,L,B,False,,ball
717543-22-2,2023,2023-07-01,1.46,3.24,12.0,FF,L,B,False,,ball
717543-22-1,2023,2023-07-01,0.61,3.59,12.0,FF,L,B,False,,ball
717543-60-7,2023,2023-07-01,0.2,2.54,5.0,ST,R,X,True,field_out,hit_into_play
717543-60-6,2023,2023-07-01,0.06,2.27,5.0,SI,R,S,False,,foul
717543-60-5,2023,2023-07-01,2.35,1.67,14.0,FC,R,B,False,,ball
717543-60-4,2023,2023-07-01,0.71,2.91,3.0,ST,R,S,False,,foul
717543-60-3,2023,2023-07-01,0.59,2.32,6.0,ST,R,S,False,,foul
717543-60-2,2023,2023-07-01,0.57,1.43,9.0,SI,R,S,False,,called_strike
717543-60-1,2023,2023-07-01,1.52,1.71,14.0,SI,R,B,False,,ball
717543-51-7,2023,2023-07-01,0.92,2.12,14.0,SI,L,X,True,single,hit_into_play
717543-51-6,2023,2023-07-01,0.68,2.45,6.0,SI,L,S,False,,foul
717543-51-5,2023,2023-07-01,-0.66,1.27,13.0,SI,L,B,False,,ball
717543-51-4,2023,2023-07-01,-1.23,2.27,13.0,SI,L,S,False,,foul
717543-51-3,2023,2023-07-01,-1.18,4.28,11.0,SL,L,B,False,,ball
717543-51-2,2023,2023-07-01,0.55,2.22,6.0,SI,L,S,False,,called_strike
717543-34-6,2023,2023-07-01,-0.37,1.44,13.0,FF,R,X,True,double,hit_into_play
717543-51-1,2023,2023-07-01,-0.91,1.79,13.0,SI,L,B,False,,ball
717543-5-3,2023,2023-07-01,0.84,2.13,14.0,FF,L,S,False,strikeout,called_strike
717543-34-5,2023,2023-07-01,0.5,1.55,9.0,SL,R,S,False,,foul
717543-34-4,2023,2023-07-01,-0.65,3.09,1.0,FF,R,S,False,,foul
717543-5-2,2023,2023-07-01,0.11,2.99,2.0,FF,L,S,False,,foul
717543-34-3,2023,2023-07-01,1.32,2.31,14.0,SL,R,B,False,,ball
717543-5-1,2023,2023-07-01,-0.72,1.73,7.0,CU,L,S,False,,called_strike
717543-34-2,2023,2023-07-01,-0.23,1.68,8.0,SL,R,S,False,,called_strike
717543-34-1,2023,2023-07-01,0.19,3.51,12.0,SL,R,B,False,,ball
717563-47-4,2023,2023-06-30,0.32,2.11,6.0,SI,R,X,True,single,hit_into_play
717563-47-3,2023,2023-06-30,-0.57,1.47,13.0,ST,R,S,False,,swinging_strike
717563-47-2,2023,2023-06-30,0.55,1.04,14.0,SI,R,B,False,,ball
717563-47-1,2023,2023-06-30,0.93,1.41,14.0,ST,R,S,False,,swinging_strike
717563-26-3,2023,2023-06-30,1.19,2.14,14.0,ST,R,X,True,field_out,hit_into_play
717563-26-2,2023,2023-06-30,0.49,2.36,6.0,ST,R,S,False,,swinging_strike
717563-26-1,2023,2023-06-30,0.12,3.32,12.0,ST,R,S,False,,called_strike
717563-62-8,2023,2023-06-30,-0.43,2.4,4.0,FF,R,X,True,field_out,hit_into_play
717563-62-7,2023,2023-06-30,1.17,2.25,14.0,FF,R,B,False,,ball
717563-62-6,2023,2023-06-30,1.05,1.0,14.0,SL,R,B,False,,ball
717563-6-4,2023,2023-06-30,1.22,2.35,14.0,ST,R,S,False,strikeout,swinging_strike
717563-6-3,2023,2023-06-30,-1.03,3.05,11.0,SI,R,S,False,,foul
717563-62-5,2023,2023-06-30,0.12,2.89,2.0,FF,R,S,False,,foul
717563-62-4,2023,2023-06-30,-0.03,2.35,5.0,FF,R,S,False,,foul
717563-6-2,2023,2023-06-30,-0.89,2.18,13.0,SI,R,S,False,,foul
717563-62-3,2023,2023-06-30,0.04,1.05,14.0,FS,R,B,False,,ball
717563-6-1,2023,2023-06-30,-1.86,1.42,13.0,SI,R,B,False,,ball
717563-62-2,2023,2023-06-30,-1.14,1.91,13.0,FS,R,S,False,,foul
717563-62-1,2023,2023-06-30,1.01,1.2,14.0,FS,R,S,False,,swinging_strike
717567-38-6,2023,2023-06-29,0.15,2.08,8.0,CH,R,X,True,field_out,hit_into_play
717567-38-5,2023,2023-06-29,-0.53,1.73,7.0,SI,R,S,False,,called_strike
717567-38-4,2023,2023-06-29,1.13,1.37,14.0,CH,R,B,False,,ball
717567-38-3,2023,2023-06-29,-1.51,2.49,11.0,SI,R,S,False,,foul
717567-38-2,2023,2023-06-29,0.22,1.09,14.0,CH,R,B,False,,ball
717567-38-1,2023,2023-06-29,-1.11,3.96,11.0,SI,R,B,False,,ball
717567-20-1,2023,2023-06-29,-0.4,1.67,7.0,SI,R,X,True,single,hit_into_play
717567-60-4,2023,2023-06-29,0.67,0.92,14.0,SL,R,S,False,strikeout,swinging_strike_blocked
717567-60-3,2023,2023-06-29,0.23,2.34,5.0,SL,R,S,False,,called_strike
717567-2-4,2023,2023-06-29,-0.33,1.19,13.0,CH,R,X,True,double,hit_into_play
717567-60-2,2023,2023-06-29,-1.11,2.81,11.0,SL,R,B,False,,ball
717567-60-1,2023,2023-06-29,-0.61,2.82,1.0,SL,R,S,False,,called_strike
717567-2-3,2023,2023-06-29,-1.0,1.77,13.0,SI,R,S,False,,foul
717567-2-2,2023,2023-06-29,0.52,1.89,9.0,SI,R,S,False,,called_strike
717567-2-1,2023,2023-06-29,0.97,1.6,14.0,SI,R,B,False,,ball
717584-32-1,2023,2023-06-28,-0.36,3.44,11.0,FC,L,X,True,field_out,hit_into_play
717584-69-4,2023,2023-06-28,-0.59,1.87,7.0,FF,R,S,False,strikeout,called_strike
717584-69-3,2023,2023-06-28,1.56,0.51,14.0,ST,R,B,False,,ball
717584-69-2,2023,2023-06-28,0.35,2.08,9.0,ST,R,S,False,,called_strike
717584-69-1,2023,2023-06-28,0.05,3.34,2.0,ST,R,S,False,,called_strike
717584-14-3,2023,2023-06-28,1.03,2.12,14.0,KC,L,X,True,single,hit_into_play
717584-14-2,2023,2023-06-28,-0.01,0.97,13.0,KC,L,S,False,,swinging_strike
717584-14-1,2023,2023-06-28,0.44,2.05,9.0,KC,L,S,False,,swinging_strike
717584-53-1,2023,2023-06-28,-1.11,2.56,11.0,SI,R,X,True,field_out,hit_into_play
717584-2-1,2023,2023-06-28,0.44,2.25,6.0,KC,L,X,True,field_out,hit_into_play
717596-33-4,2023,2023-06-27,0.57,0.76,14.0,ST,R,S,False,strikeout,swinging_strike_blocked
717596-33-3,2023,2023-06-27,-0.34,2.89,1.0,FF,R,S,False,,foul
717596-33-2,2023,2023-06-27,-0.02,1.54,8.0,FC,R,S,False,,called_strike
717596-33-1,2023,2023-06-27,-0.34,1.72,7.0,CU,R,S,False,,foul
717596-68-6,2023,2023-06-27,0.51,3.05,3.0,FC,R,S,False,strikeout,swinging_strike
717596-68-5,2023,2023-06-27,0.14,2.46,5.0,SI,R,S,False,,foul
717596-17-5,2023,2023-06-27,-0.43,0.73,13.0,ST,R,S,False,strikeout,swinging_strike
717596-68-4,2023,2023-06-27,0.87,1.32,14.0,FC,R,S,False,,swinging_strike
717596-17-4,2023,2023-06-27,1.26,0.95,14.0,CU,R,B,False,,ball
717596-68-3,2023,2023-06-27,0.41,0.77,14.0,SI,R,B,False,,ball
717596-68-2,2023,2023-06-27,0.68,1.29,14.0,FC,R,S,False,,swinging_strike
717596-17-3,2023,2023-06-27,0.03,2.63,5.0,FC,R,S,False,,foul
717596-68-1,2023,2023-06-27,1.07,1.35,14.0,FC,R,B,False,,ball
717596-17-2,2023,2023-06-27,0.05,2.63,5.0,FF,R,S,False,,foul
717596-17-1,2023,2023-06-27,1.08,2.05,14.0,FC,R,B,False,,ball
717596-49-1,2023,2023-06-27,-0.69,2.22,4.0,SI,R,X,True,field_out,hit_into_play
717596-2-7,2023,2023-06-27,-0.13,2.76,2.0,SI,R,X,True,single,hit_into_play
717596-2-6,2023,2023-06-27,-0.3,0.93,13.0,SI,R,B,False,,ball
717596-2-5,2023,2023-06-27,2.03,-1.06,14.0,ST,R,B,False,,blocked_ball
717596-2-4,2023,2023-06-27,-0.46,1.45,13.0,ST,R,S,False,,foul
717596-2-3,2023,2023-06-27,1.17,3.42,12.0,FF,R,B,False,,ball
717596-2-2,2023,2023-06-27,-0.28,3.57,11.0,FF,R,S,False,,foul
717596-2-1,2023,2023-06-27,-0.1,1.73,8.0,SI,R,S,False,,called_strike
717624-25-2,2023,2023-06-25,-0.27,1.94,8.0,SL,R,X,True,single,hit_into_play
717624-25-1,2023,2023-06-25,0.95,1.29,14.0,SL,R,S,False,,swinging_strike
717624-65-6,2023,2023-06-25,-0.2,2.33,5.0,ST,R,X,True,field_out,hit_into_play
717624-77-5,2023,2023-06-25,-2.49,3.24,11.0,ST,R,B,False,hit_by_pitch,hit_by_pitch
717624-65-5,2023,2023-06-25,-0.09,1.65,8.0,ST,R,S,False,,foul
717624-65-4,2023,2023-06-25,-2.31,1.84,13.0,CH,R,B,False,,ball
717624-77-4,2023,2023-06-25,-0.12,2.11,5.0,FC,R,S,False,,foul
717624-77-3,2023,2023-06-25,-0.36,2.63,4.0,FC,R,S,False,,foul
717624-65-3,2023,2023-06-25,-0.15,3.14,2.0,SI,R,S,False,,foul
717624-65-2,2023,2023-06-25,-0.21,2.07,8.0,ST,R,S,False,,called_strike
717624-77-2,2023,2023-06-25,-2.42,2.88,11.0,ST,R,B,False,,ball
717624-65-1,2023,2023-06-25,1.11,2.59,12.0,FC,R,S,False,,swinging_strike
717624-77-1,2023,2023-06-25,-0.86,4.47,11.0,FC,R,B,False,,ball
717624-45-5,2023,2023-06-25,1.72,1.66,14.0,FF,R,B,False,walk,ball
717624-6-1,2023,2023-06-25,-0.13,2.25,5.0,FF,R,X,True,home_run,hit_into_play
717624-45-4,2023,2023-06-25,1.27,2.26,14.0,FC,R,B,False,,ball
717624-45-3,2023,2023-06-25,1.86,1.6,14.0,FC,R,B,False,,ball
717624-45-2,2023,2023-06-25,2.65,0.78,14.0,SL,R,B,False,,ball
717624-45-1,2023,2023-06-25,0.98,0.47,14.0,SL,R,S,False,,swinging_strike
717635-38-4,2023,2023-06-24,0.06,1.46,14.0,FF,R,X,True,single,hit_into_play
717635-38-3,2023,2023-06-24,-1.0,3.67,11.0,FF,R,B,False,,ball
717635-38-2,2023,2023-06-24,1.28,0.94,14.0,SL,R,B,False,,ball
717635-38-1,2023,2023-06-24,1.27,1.41,14.0,SL,R,S,False,,swinging_strike
717635-23-3,2023,2023-06-24,-0.14,1.92,8.0,FF,R,X,True,field_out,hit_into_play
717635-23-2,2023,2023-06-24,1.02,2.93,12.0,FF,R,S,False,,foul
717635-23-1,2023,2023-06-24,1.04,2.29,14.0,SL,R,S,False,,swinging_strike
717635-6-4,2023,2023-06-24,0.69,1.31,14.0,FF,R,X,True,field_out,hit_into_play
717635-57-6,2023,2023-06-24,1.25,1.32,14.0,ST,R,S,False,strikeout,swinging_strike
717635-6-3,2023,2023-06-24,1.6,1.71,14.0,SL,R,B,False,,ball
717635-6-2,2023,2023-06-24,-1.53,1.03,13.0,FF,R,B,False,,ball
717635-57-5,2023,2023-06-24,2.87,1.27,14.0,ST,R,B,False,,ball
717635-6-1,2023,2023-06-24,-0.62,2.32,4.0,CU,R,S,False,,foul
717635-57-4,2023,2023-06-24,2.29,1.73,14.0,FC,R,B,False,,ball
717635-57-3,2023,2023-06-24,-0.05,2.36,5.0,ST,R,S,False,,foul
717635-57-2,2023,2023-06-24,0.15,2.09,8.0,SI,R,S,False,,called_strike
717635-57-1,2023,2023-06-24,1.45,2.25,14.0,FC,R,B,False,,ball
717656-39-4,2023,2023-06-23,-0.54,1.83,7.0,FO,R,X,True,field_out,hit_into_play
717656-39-3,2023,2023-06-23,-1.4,3.77,11.0,FF,R,B,False,,ball
717656-39-2,2023,2023-06-23,0.61,1.26,14.0,FO,R,S,False,,swinging_strike
717656-39-1,2023,2023-06-23,0.68,1.85,9.0,FC,R,S,False,,swinging_strike
717656-22-8,2023,2023-06-23,0.4,0.98,14.0,FO,R,S,False,strikeout,swinging_strike
717656-22-7,2023,2023-06-23,1.79,-0.04,14.0,FO,R,B,False,,ball
717656-22-6,2023,2023-06-23,0.65,0.99,14.0,FO,R,S,False,,foul
717656-22-5,2023,2023-06-23,0.0,3.6,12.0,FC,R,S,False,,foul
717656-22-4,2023,2023-06-23,1.13,2.13,14.0,FC,R,S,False,,foul
717656-22-3,2023,2023-06-23,0.5,2.86,3.0,FF,R,S,False,,foul
717656-22-2,2023,2023-06-23,-0.39,-0.62,13.0,FO,R,B,False,,ball
717656-22-1,2023,2023-06-23,0.13,3.18,2.0,FF,R,S,False,,foul
717656-5-7,2023,2023-06-23,-1.06,2.64,11.0,FF,R,B,False,walk,ball
717656-5-6,2023,2023-06-23,-0.6,1.33,13.0,FF,R,S,False,,foul
717656-5-5,2023,2023-06-23,0.43,-1.33,14.0,FO,R,B,False,,ball
717656-5-4,2023,2023-06-23,-0.39,3.02,1.0,FC,R,S,False,,foul
717656-5-3,2023,2023-06-23,-1.13,1.83,13.0,FF,R,B,False,,ball
717656-5-2,2023,2023-06-23,-0.75,1.41,13.0,FF,R,S,False,,foul
717656-5-1,2023,2023-06-23,1.62,-0.63,14.0,SL,R,B,False,,blocked_ball
717656-51-5,2023,2023-06-23,-0.15,2.8,2.0,FF,R,X,True,single,hit_into_play
717656-51-4,2023,2023-06-23,0.68,2.68,6.0,FC,R,S,False,,swinging_strike
717656-51-3,2023,2023-06-23,1.89,1.35,14.0,FC,R,B,False,,ball
717656-51-2,2023,2023-06-23,1.84,1.22,14.0,ST,R,B,False,,ball
717656-51-1,2023,2023-06-23,0.12,2.16,5.0,ST,R,S,False,,called_strike
717657-42-1,2023,2023-06-22,-0.86,2.03,13.0,SI,R,X,True,field_out,hit_into_play
717657-26-8,2023,2023-06-22,0.66,1.1,14.0,SI,R,B,False,walk,ball
717657-26-7,2023,2023-06-22,0.46,0.54,14.0,SL,R,B,False,,ball
717657-26-6,2023,2023-06-22,-0.54,1.97,7.0,SI,R,S,False,,foul
717657-26-5,2023,2023-06-22,-0.59,-0.22,13.0,CH,R,B,False,,ball
717657-26-4,2023,2023-06-22,-0.22,0.65,13.0,CH,R,B,False,,ball
717657-26-3,2023,2023-06-22,-0.7,1.67,7.0,SI,R,S,False,,foul
717657-26-2,2023,2023-06-22,-0.34,2.34,4.0,SL,R,S,False,,foul
717657-26-1,2023,2023-06-22,0.71,1.89,9.0,SL,R,S,False,,called_strike
717657-60-4,2023,2023-06-22,1.67,2.01,14.0,CH,L,S,False,strikeout,swinging_strike
717657-60-3,2023,2023-06-22,0.47,0.7,14.0,CH,L,S,False,,swinging_strike
717657-60-2,2023,2023-06-22,-1.71,0.88,13.0,CH,L,B,False,,ball
717657-60-1,2023,2023-06-22,1.05,2.76,12.0,FF,L,S,False,,foul
717657-5-3,2023,2023-06-22,-1.48,2.55,11.0,CH,R,B,False,hit_by_pitch,hit_by_pitch
717657-5-2,2023,2023-06-22,-0.59,3.15,1.0,CH,R,S,False,,swinging_strike
717657-5-1,2023,2023-06-22,-0.22,1.91,8.0,SI,R,S,False,,called_strike
717689-39-3,2023,2023-06-20,0.21,3.12,2.0,FF,R,X,True,field_out,hit_into_play
717689-39-2,2023,2023-06-20,0.89,1.17,14.0,FF,R,S,False,,swinging_strike
717689-39-1,2023,2023-06-20,0.41,0.9,14.0,FF,R,S,False,,swinging_strike
717689-23-5,2023,2023-06-20,-0.35,1.39,13.0,SL,R,X,True,field_out,hit_into_play
717689-23-4,2023,2023-06-20,-0.66,2.39,4.0,FF,R,S,False,,foul
717689-23-3,2023,2023-06-20,-0.32,3.58,11.0,FF,R,S,False,,foul_tip
717689-23-2,2023,2023-06-20,0.11,1.92,8.0,FF,R,S,False,,called_strike
717689-23-1,2023,2023-06-20,1.02,2.2,14.0,FF,R,B,False,,ball
717689-65-5,2023,2023-06-20,0.82,2.04,9.0,FF,R,X,True,field_out,hit_into_play
717689-65-4,2023,2023-06-20,0.29,-0.38,14.0,CU,R,B,False,,ball
717689-65-3,2023,2023-06-20,1.24,1.45,14.0,CU,R,B,False,,ball
717689-5-2,2023,2023-06-20,-0.05,2.66,5.0,FF,R,X,True,field_out,hit_into_play
717689-65-2,2023,2023-06-20,0.2,2.73,2.0,FF,R,S,False,,foul
717689-5-1,2023,2023-06-20,0.48,2.16,6.0,FF,R,S,False,,foul
717689-65-1,2023,2023-06-20,0.35,3.24,3.0,FF,R,S,False,,called_strike
717705-37-2,2023,2023-06-18,0.56,2.92,3.0,FF,L,X,True,field_out,hit_into_play
717705-37-1,2023,2023-06-18,0.08,2.22,5.0,CU,L,S,False,,called_strike
717705-19-4,2023,2023-06-18,0.71,1.8,9.0,FC,L,S,False,strikeout,called_strike
717705-19-3,2023,2023-06-18,0.33,1.26,14.0,CH,L,S,False,,swinging_strike
717705-19-2,2023,2023-06-18,0.52,1.29,14.0,FF,L,S,False,,foul
717705-19-1,2023,2023-06-18,1.64,2.8,12.0,CH,L,B,False,,ball
717705-58-3,2023,2023-06-18,-0.38,1.67,7.0,FF,R,X,True,single,hit_into_play
717705-58-2,2023,2023-06-18,-0.38,1.26,13.0,ST,R,B,False,,ball
717705-58-1,2023,2023-06-18,-0.17,3.32,11.0,FF,R,S,False,,swinging_strike
717705-2-4,2023,2023-06-18,0.59,2.2,6.0,FF,L,S,False,strikeout,foul_tip
717705-2-3,2023,2023-06-18,-0.07,3.47,11.0,FC,L,S,False,,foul
717705-2-2,2023,2023-06-18,1.38,1.89,14.0,CH,L,B,False,,ball
717705-2-1,2023,2023-06-18,0.04,1.62,8.0,CU,L,S,False,,called_strike
717725-38-2,2023,2023-06-17,-0.02,2.81,2.0,SL,R,X,True,single,hit_into_play
717725-38-1,2023,2023-06-17,-0.58,2.14,4.0,CU,R,S,False,,foul
717725-17-2,2023,2023-06-17,0.2,3.57,12.0,FF,R,X,True,field_out,hit_into_play
717725-17-1,2023,2023-06-17,-0.08,3.32,2.0,FF,R,S,False,,called_strike
717725-91-6,2023,2023-06-17,0.23,3.48,12.0,ST,L,B,False,walk,ball
717725-91-5,2023,2023-06-17,-0.42,2.68,4.0,FF,L,S,False,,foul
717725-91-4,2023,2023-06-17,0.8,3.5,12.0,ST,L,B,False,,ball
717725-91-3,2023,2023-06-17,1.7,3.79,12.0,CH,L,B,False,,ball
717725-91-2,2023,2023-06-17,-0.53,1.94,7.0,FF,L,S,False,,called_strike
717725-91-1,2023,2023-06-17,1.49,2.81,12.0,FF,L,B,False,,ball
717725-74-5,2023,2023-06-17,1.12,2.6,12.0,ST,R,S,False,strikeout,swinging_strike
717725-74-4,2023,2023-06-17,-1.01,2.18,13.0,CH,R,S,False,,foul
717725-74-3,2023,2023-06-17,1.31,2.31,14.0,FF,R,B,False,,ball
717725-74-2,2023,2023-06-17,-0.65,2.76,1.0,SL,R,S,False,,foul
717725-74-1,2023,2023-06-17,1.95,0.66,14.0,SL,R,B,False,,ball
717725-2-1,2023,2023-06-17,0.3,2.73,3.0,FF,R,X,True,field_out,hit_into_play
717725-56-1,2023,2023-06-17,-0.29,2.95,1.0,SL,R,X,True,field_out,hit_into_play
717735-34-2,2023,2023-06-16,0.39,3.32,12.0,SL,L,X,True,field_out,hit_into_play
717735-34-1,2023,2023-06-16,0.61,2.27,6.0,CH,L,S,False,,swinging_strike
717735-17-5,2023,2023-06-16,-0.36,2.57,4.0,FF,L,X,True,field_out,hit_into_play
717735-17-4,2023,2023-06-16,1.71,3.51,12.0,FF,L,B,False,,ball
717735-17-3,2023,2023-06-16,0.76,2.52,6.0,ST,L,S,False,,called_strike
717735-17-2,2023,2023-06-16,-0.88,3.52,11.0,FF,L,B,False,,ball
717735-17-1,2023,2023-06-16,-1.02,2.3,13.0,FF,L,S,False,,foul
717735-55-3,2023,2023-06-16,-0.37,2.99,1.0,SI,R,X,True,double_play,hit_into_play
717735-55-2,2023,2023-06-16,2.05,1.55,14.0,SL,R,B,False,,ball
717735-55-1,2023,2023-06-16,0.47,2.8,3.0,SL,R,S,False,,swinging_strike
717735-2-5,2023,2023-06-16,0.17,1.83,8.0,CH,L,X,True,field_out,hit_into_play
717735-2-4,2023,2023-06-16,-1.45,2.33,11.0,ST,L,B,False,,ball
717735-2-3,2023,2023-06-16,0.7,3.02,3.0,FF,L,S,False,,foul
717735-2-2,2023,2023-06-16,-0.37,3.17,1.0,ST,L,S,False,,foul_tip
717735-2-1,2023,2023-06-16,0.11,3.18,2.0,ST,L,S,False,,called_strike
717755-33-1,2023,2023-06-15,0.2,1.98,8.0,FC,R,X,True,single,hit_into_play
717755-14-3,2023,2023-06-15,0.54,1.72,9.0,FC,R,X,True,single,hit_into_play
717755-14-2,2023,2023-06-15,-0.43,2.6,4.0,FF,R,S,False,,foul
717755-14-1,2023,2023-06-15,-0.62,2.56,4.0,FF,R,S,False,,called_strike
717755-49-5,2023,2023-06-15,0.24,2.79,2.0,CU,R,X,True,field_out,hit_into_play
717755-49-4,2023,2023-06-15,-0.23,2.69,2.0,SL,R,S,False,,foul
717755-49-3,2023,2023-06-15,-1.53,3.59,11.0,FF,R,B,False,,ball
717755-49-2,2023,2023-06-15,0.93,1.07,14.0,SL,R,B,False,,ball
717755-49-1,2023,2023-06-15,-0.52,1.03,13.0,SI,R,S,False,,swinging_strike
717755-2-1,2023,2023-06-15,-0.45,2.76,1.0,FF,R,X,True,field_out,hit_into_play
717755-66-3,2023,2023-06-15,-0.88,2.83,11.0,SI,R,X,True,force_out,hit_into_play
717755-66-2,2023,2023-06-15,0.28,1.64,9.0,SI,R,S,False,,swinging_strike
717755-66-1,2023,2023-06-15,-1.13,1.82,13.0,SI,R,B,False,,ball
717757-36-5,2023,2023-06-14,0.7,0.73,14.0,CH,R,S,False,strikeout,swinging_strike_blocked
717757-36-4,2023,2023-06-14,0.24,0.76,14.0,CH,R,B,False,,ball
717757-36-3,2023,2023-06-14,1.24,0.94,14.0,SL,R,B,False,,ball
717757-36-2,2023,2023-06-14,-0.41,3.55,11.0,FF,R,S,False,,foul_tip
717757-36-1,2023,2023-06-14,-0.5,2.26,4.0,CH,R,S,False,,foul
717757-19-3,2023,2023-06-14,0.66,1.71,9.0,FF,R,X,True,double,hit_into_play
717757-19-2,2023,2023-06-14,-0.32,3.0,1.0,FF,R,S,False,,foul
717757-19-1,2023,2023-06-14,0.1,2.17,5.0,FF,R,S,False,,foul
717757-76-4,2023,2023-06-14,-0.57,3.55,11.0,FF,R,X,True,field_error,hit_into_play
717757-76-3,2023,2023-06-14,0.86,0.98,14.0,FS,R,S,False,,swinging_strike_blocked
717757-76-2,2023,2023-06-14,0.93,3.79,12.0,FF,R,B,False,,ball
717757-76-1,2023,2023-06-14,-0.55,1.59,7.0,FF,R,S,False,,foul
717757-2-7,2023,2023-06-14,0.48,1.04,14.0,FF,R,B,False,walk,ball
717757-2-6,2023,2023-06-14,1.27,2.28,14.0,FF,R,S,False,,foul
717757-2-5,2023,2023-06-14,0.66,2.42,6.0,FF,R,S,False,,swinging_strike
717757-2-4,2023,2023-06-14,0.25,3.03,2.0,FF,R,S,False,,called_strike
717757-2-3,2023,2023-06-14,1.12,1.46,14.0,FF,R,B,False,,ball
717757-2-2,2023,2023-06-14,-0.03,3.59,11.0,SI,R,B,False,,ball
717757-2-1,2023,2023-06-14,1.42,2.69,12.0,FF,R,B,False,,ball
717757-55-6,2023,2023-06-14,1.11,2.31,14.0,SL,R,S,False,strikeout,swinging_strike
717757-55-5,2023,2023-06-14,0.38,0.62,14.0,SL,R,B,False,,ball
717757-55-4,2023,2023-06-14,1.41,2.26,14.0,SL,R,B,False,,ball
717757-55-3,2023,2023-06-14,0.65,1.81,9.0,SL,R,S,False,,foul
717757-55-2,2023,2023-06-14,0.31,1.88,9.0,SL,R,S,False,,called_strike
717757-55-1,2023,2023-06-14,-1.68,4.21,11.0,FF,R,B,False,,ball
717775-14-5,2023,2023-06-13,1.68,1.81,14.0,SI,R,B,False,walk,ball
717775-14-4,2023,2023-06-13,1.82,1.71,14.0,FC,R,B,False,,ball
717775-14-3,2023,2023-06-13,-0.76,1.7,7.0,CU,R,S,False,,foul
717775-14-2,2023,2023-06-13,1.31,1.27,14.0,SI,R,B,False,,ball
717775-14-1,2023,2023-06-13,1.19,2.93,12.0,ST,R,B,False,,ball
717775-66-4,2023,2023-06-13,0.75,1.71,9.0,SI,L,X,True,single,hit_into_play
717775-66-3,2023,2023-06-13,0.1,0.85,14.0,CH,L,B,False,,ball
717775-66-2,2023,2023-06-13,0.41,1.8,9.0,CH,L,S,False,,foul
717775-66-1,2023,2023-06-13,1.02,2.23,14.0,SI,L,S,False,,called_strike
717775-2-4,2023,2023-06-13,1.26,1.39,14.0,SI,R,B,False,walk,ball
717775-2-3,2023,2023-06-13,1.31,1.59,14.0,SI,R,B,False,,ball
717775-2-2,2023,2023-06-13,1.45,2.26,14.0,SI,R,B,False,,ball
717775-2-1,2023,2023-06-13,0.93,3.21,12.0,FF,R,B,False,,ball
717775-31-6,2023,2023-06-13,0.71,2.57,6.0,CU,R,X,True,single,hit_into_play
717775-31-5,2023,2023-06-13,1.22,2.09,14.0,FF,R,S,False,,foul
717775-31-4,2023,2023-06-13,1.11,2.38,14.0,FF,R,S,False,,swinging_strike
717775-31-3,2023,2023-06-13,0.93,2.02,14.0,CU,R,B,False,,ball
717775-31-2,2023,2023-06-13,1.19,3.68,12.0,FF,R,B,False,,ball
717775-47-2,2023,2023-06-13,0.63,1.34,14.0,CH,L,X,True,field_out,hit_into_play
717775-47-1,2023,2023-06-13,-0.44,2.63,1.0,CU,L,S,False,,called_strike
717775-31-1,2023,2023-06-13,0.55,2.69,3.0,FF,R,S,False,,called_strike
717785-36-3,2023,2023-06-12,0.87,2.25,14.0,CU,L,X,True,field_out,hit_into_play
717785-36-2,2023,2023-06-12,-0.94,1.89,13.0,CU,L,S,False,,swinging_strike
717785-36-1,2023,2023-06-12,0.3,3.74,12.0,FF,L,B,False,,ball
717785-21-6,2023,2023-06-12,1.78,2.98,12.0,FF,L,B,False,walk,ball
717785-21-5,2023,2023-06-12,-0.72,0.89,13.0,CU,L,B,False,,ball
717785-21-4,2023,2023-06-12,0.9,3.64,12.0,FF,L,B,False,,ball
717785-21-3,2023,2023-06-12,-0.54,0.44,13.0,CU,L,S,False,,swinging_strike
717785-21-2,2023,2023-06-12,0.8,3.69,12.0,FF,L,B,False,,ball
717785-21-1,2023,2023-06-12,-0.87,1.71,13.0,CU,L,S,False,,foul
717785-62-4,2023,2023-06-12,0.23,2.22,5.0,SL,R,X,True,field_out,hit_into_play
717785-62-3,2023,2023-06-12,0.56,1.99,9.0,FF,R,S,False,,foul
717785-62-2,2023,2023-06-12,1.22,1.96,14.0,SL,R,S,False,,swinging_strike
717785-62-1,2023,2023-06-12,0.91,2.92,12.0,FF,R,S,False,,foul
717785-75-2,2023,2023-06-12,0.81,2.76,3.0,SI,L,X,True,field_out,hit_into_play
717785-75-1,2023,2023-06-12,-0.69,1.95,7.0,SL,L,S,False,,called_strike
717785-2-5,2023,2023-06-12,0.71,1.84,9.0,CH,L,S,False,strikeout,swinging_strike
717785-2-4,2023,2023-06-12,0.54,2.77,3.0,FF,L,S,False,,swinging_strike
717785-2-3,2023,2023-06-12,1.4,2.7,12.0,FF,L,B,False,,ball
717785-2-2,2023,2023-06-12,0.25,2.48,5.0,CU,L,S,False,,called_strike
717785-2-1,2023,2023-06-12,0.08,1.4,14.0,FF,L,B,False,,ball
717806-7-1,2023,2023-06-11,0.26,1.28,14.0,FF,L,X,True,single,hit_into_play
717806-71-3,2023,2023-06-11,0.37,1.25,14.0,SL,R,X,True,field_out,hit_into_play
717806-39-4,2023,2023-06-11,-0.15,1.66,8.0,ST,R,X,True,field_out,hit_into_play
717806-71-2,2023,2023-06-11,-0.01,2.32,5.0,SI,R,S,False,,foul
717806-71-1,2023,2023-06-11,-0.17,2.69,5.0,SI,R,S,False,,called_strike
717806-39-3,2023,2023-06-11,-0.55,1.94,7.0,ST,R,S,False,,swinging_strike
717806-56-3,2023,2023-06-11,-0.16,3.16,2.0,FF,R,X,True,single,hit_into_play
717806-24-2,2023,2023-06-11,0.51,2.34,6.0,SL,R,X,True,double,hit_into_play
717806-39-2,2023,2023-06-11,0.7,1.44,14.0,SI,R,B,False,,ball
717806-56-2,2023,2023-06-11,1.07,1.39,14.0,FF,R,B,False,,ball
717806-56-1,2023,2023-06-11,-0.19,4.58,11.0,FF,R,B,False,,ball
717806-24-1,2023,2023-06-11,0.82,2.88,3.0,SI,R,S,False,,called_strike
717806-39-1,2023,2023-06-11,0.21,1.7,8.0,ST,R,S,False,,called_strike
717811-46-1,2023,2023-06-10,0.02,3.02,2.0,SI,R,X,True,field_out,hit_into_play
717811-30-3,2023,2023-06-10,0.54,2.52,6.0,SL,R,S,False,strikeout,swinging_strike
717811-30-2,2023,2023-06-10,0.64,1.02,14.0,CU,R,S,False,,swinging_strike
717811-30-1,2023,2023-06-10,-0.87,3.62,11.0,SI,R,S,False,,swinging_strike
717811-68-4,2023,2023-06-10,0.84,3.14,12.0,SL,R,S,False,strikeout,swinging_strike
717811-68-3,2023,2023-06-10,2.19,-1.44,14.0,CU,R,B,False,,ball
717811-68-2,2023,2023-06-10,-0.95,3.53,11.0,FF,R,S,False,,swinging_strike
717811-68-1,2023,2023-06-10,0.16,2.97,2.0,FF,R,S,False,,called_strike
717811-10-6,2023,2023-06-10,0.32,2.52,6.0,SI,R,X,True,single,hit_into_play
717811-10-5,2023,2023-06-10,2.48,0.68,14.0,CU,R,B,False,,ball
717811-10-4,2023,2023-06-10,0.92,2.71,12.0,SI,R,S,False,,called_strike
717811-10-3,2023,2023-06-10,0.94,2.7,12.0,SI,R,B,False,,ball
717811-10-2,2023,2023-06-10,0.86,1.78,14.0,SI,R,S,False,,called_strike
717811-10-1,2023,2023-06-10,1.53,1.33,14.0,SL,R,B,False,,ball
717837-43-5,2023,2023-06-09,-0.31,2.69,4.0,FF,R,X,True,single,hit_into_play
717837-43-4,2023,2023-06-09,0.66,2.25,6.0,FF,R,S,False,,foul
717837-43-3,2023,2023-06-09,-0.28,3.31,1.0,KC,R,S,False,,foul
717837-43-2,2023,2023-06-09,1.4,-0.5,14.0,SL,R,B,False,,blocked_ball
717837-43-1,2023,2023-06-09,0.75,1.83,9.0,SL,R,S,False,,swinging_strike
717837-27-2,2023,2023-06-09,-0.18,2.74,2.0,FF,R,X,True,field_out,hit_into_play
717837-27-1,2023,2023-06-09,0.68,0.96,14.0,KC,R,B,False,,ball
717837-66-3,2023,2023-06-09,1.21,1.55,14.0,SL,R,S,False,strikeout,swinging_strike
717837-66-2,2023,2023-06-09,0.21,2.15,5.0,FF,R,S,False,,foul
717837-66-1,2023,2023-06-09,0.54,2.85,3.0,FF,R,S,False,,called_strike
717837-9-4,2023,2023-06-09,0.62,2.01,9.0,SL,R,X,True,single,hit_into_play
717837-9-3,2023,2023-06-09,1.06,-0.34,14.0,SL,R,B,False,,blocked_ball
717837-9-2,2023,2023-06-09,0.32,3.34,12.0,FF,R,S,False,,called_strike
717837-9-1,2023,2023-06-09,0.68,2.78,3.0,FF,R,S,False,,foul
717862-41-2,2023,2023-06-08,-0.32,1.86,7.0,SL,R,X,True,field_out,hit_into_play
717862-41-1,2023,2023-06-08,0.18,1.88,8.0,SL,R,S,False,,foul
717862-26-5,2023,2023-06-08,0.1,3.42,12.0,SI,R,X,True,field_out,hit_into_play
717862-26-4,2023,2023-06-08,1.36,-0.05,14.0,SL,R,B,False,,ball
717862-26-3,2023,2023-06-08,0.01,3.02,2.0,FF,R,S,False,,foul_tip
717862-26-2,2023,2023-06-08,-0.37,1.34,13.0,SI,R,S,False,,swinging_strike
717862-26-1,2023,2023-06-08,-0.6,1.06,13.0,SL,R,B,False,,ball
717862-66-6,2023,2023-06-08,0.3,0.27,14.0,CU,R,B,False,walk,blocked_ball
717862-66-5,2023,2023-06-08,-0.21,1.01,13.0,CU,R,S,False,,swinging_strike
717862-66-4,2023,2023-06-08,-1.12,1.02,13.0,SI,R,B,False,,ball
717862-66-3,2023,2023-06-08,-0.45,1.64,7.0,CU,R,S,False,,called_strike
717862-66-2,2023,2023-06-08,-1.07,1.04,13.0,SI,R,B,False,,ball
717862-11-2,2023,2023-06-08,0.22,2.17,5.0,FF,R,X,True,field_out,hit_into_play
717862-66-1,2023,2023-06-08,-0.43,1.33,13.0,SI,R,B,False,,ball
717862-11-1,2023,2023-06-08,-0.12,3.37,11.0,SI,R,B,False,,ball
717875-7-5,2023,2023-06-06,-0.04,1.77,8.0,CH,L,X,True,field_out,hit_into_play
717875-7-4,2023,2023-06-06,0.03,2.28,5.0,FC,L,S,False,,foul
717875-7-3,2023,2023-06-06,1.22,1.39,14.0,CH,L,B,False,,ball
717875-7-2,2023,2023-06-06,-0.01,3.57,11.0,FF,L,S,False,,foul
717875-7-1,2023,2023-06-06,0.12,2.11,8.0,FF,L,S,False,,called_strike
717875-26-1,2023,2023-06-06,0.0,2.25,5.0,SL,R,X,True,field_out,hit_into_play
717875-48-6,2023,2023-06-06,0.17,0.31,14.0,SL,R,S,False,strikeout,swinging_strike_blocked
717875-48-5,2023,2023-06-06,0.66,0.55,14.0,FF,R,B,False,,ball
717875-48-4,2023,2023-06-06,0.23,0.48,14.0,SL,R,S,False,,swinging_strike
717875-48-3,2023,2023-06-06,-0.06,2.27,5.0,FF,R,S,False,,foul
717875-48-2,2023,2023-06-06,-0.49,3.65,11.0,SL,R,B,False,,ball
717875-48-1,2023,2023-06-06,1.83,-0.28,14.0,SL,R,B,False,,ball
717886-39-2,2023,2023-06-05,-0.3,2.57,4.0,FF,L,X,True,home_run,hit_into_play
717886-39-1,2023,2023-06-05,0.51,3.77,12.0,FF,L,B,False,,ball
717886-23-6,2023,2023-06-05,-0.3,2.15,4.0,FC,L,X,True,home_run,hit_into_play
717886-23-5,2023,2023-06-05,0.24,2.72,5.0,FF,L,S,False,,foul
717886-23-4,2023,2023-06-05,0.39,3.59,12.0,FF,L,B,False,,ball
717886-23-3,2023,2023-06-05,-0.24,2.21,5.0,FC,L,S,False,,swinging_strike
717886-23-2,2023,2023-06-05,-0.97,2.67,11.0,CH,L,B,False,,ball
717886-23-1,2023,2023-06-05,1.08,3.69,12.0,CU,L,B,False,,ball
717886-57-3,2023,2023-06-05,0.19,2.55,5.0,SL,R,X,True,single,hit_into_play
717886-57-2,2023,2023-06-05,0.52,3.17,3.0,FF,R,S,False,,called_strike
717886-57-1,2023,2023-06-05,0.37,3.39,3.0,FF,R,B,False,,ball
717886-7-6,2023,2023-06-05,-0.26,1.86,8.0,FF,L,X,True,single,hit_into_play
717886-7-5,2023,2023-06-05,-1.04,1.2,13.0,CH,L,B,False,,ball
717886-7-4,2023,2023-06-05,-1.28,2.44,13.0,FC,L,S,False,,foul
717886-7-3,2023,2023-06-05,-1.0,2.19,13.0,FC,L,S,False,,foul
717886-71-1,2023,2023-06-05,-0.19,1.28,13.0,FS,L,X,True,field_out,hit_into_play
717886-7-2,2023,2023-06-05,-0.19,2.76,2.0,CU,L,S,False,,called_strike
717886-7-1,2023,2023-06-05,0.73,3.79,12.0,FF,L,B,False,,ball
717902-39-5,2023,2023-06-04,0.13,1.0,14.0,SL,R,X,True,fielders_choice,hit_into_play
717902-39-4,2023,2023-06-04,0.62,1.41,14.0,SI,R,B,False,,ball
717902-39-3,2023,2023-06-04,1.51,0.69,14.0,ST,R,B,False,,blocked_ball
717902-39-2,2023,2023-06-04,0.57,1.77,9.0,SI,R,S,False,,called_strike
717902-39-1,2023,2023-06-04,0.8,2.88,3.0,FF,R,S,False,,called_strike
717902-20-4,2023,2023-06-04,0.18,1.92,8.0,SL,R,X,True,field_out,hit_into_play
717902-20-3,2023,2023-06-04,1.16,1.71,14.0,FF,R,B,False,,ball
717902-20-2,2023,2023-06-04,0.66,1.26,14.0,SL,R,S,False,,swinging_strike
717902-20-1,2023,2023-06-04,1.01,0.51,14.0,SL,R,B,False,,blocked_ball
717902-68-3,2023,2023-06-04,0.1,2.45,5.0,SI,R,X,True,field_out,hit_into_play
717902-68-2,2023,2023-06-04,1.11,0.93,14.0,SL,R,S,False,,swinging_strike
717902-68-1,2023,2023-06-04,2.15,0.27,14.0,SL,R,B,False,,ball
717902-52-4,2023,2023-06-04,-1.6,2.13,13.0,SI,R,S,False,strikeout,swinging_strike
717902-4-1,2023,2023-06-04,0.56,1.97,9.0,SL,R,X,True,force_out,hit_into_play
717902-52-3,2023,2023-06-04,0.45,2.17,6.0,CH,R,S,False,,foul
717902-52-2,2023,2023-06-04,-0.45,1.56,7.0,SI,R,S,False,,called_strike
717902-52-1,2023,2023-06-04,1.25,1.49,14.0,FF,R,B,False,,ball
717914-38-4,2023,2023-06-03,0.43,1.53,14.0,CU,L,X,True,field_out,hit_into_play
717914-38-3,2023,2023-06-03,-0.02,1.95,8.0,FF,L,S,False,,foul
717914-38-2,2023,2023-06-03,0.86,1.14,14.0,FF,L,B,False,,ball
717914-38-1,2023,2023-06-03,0.12,1.97,8.0,FF,L,S,False,,foul
717914-19-4,2023,2023-06-03,-0.61,1.94,7.0,SL,L,X,True,double,hit_into_play
717914-19-3,2023,2023-06-03,1.24,3.52,12.0,CH,L,B,False,,ball
717914-19-2,2023,2023-06-03,1.17,3.23,12.0,CU,L,B,False,,ball
717914-19-1,2023,2023-06-03,0.72,2.42,6.0,FF,L,S,False,,foul
717914-59-5,2023,2023-06-03,-1.48,4.02,11.0,FC,R,B,False,walk,ball
717914-59-4,2023,2023-06-03,0.16,1.31,14.0,FC,R,B,False,,ball
717914-59-3,2023,2023-06-03,1.4,2.22,14.0,SI,R,B,False,,ball
717914-59-2,2023,2023-06-03,-1.12,2.25,13.0,SI,R,S,False,,foul
717914-59-1,2023,2023-06-03,-1.48,2.44,11.0,SI,R,B,False,,ball
717914-7-2,2023,2023-06-03,-0.6,2.17,4.0,FF,L,X,True,field_out,hit_into_play
717914-7-1,2023,2023-06-03,-1.71,3.21,11.0,CU,L,B,False,,ball
717935-48-6,2023,2023-06-02,-0.06,3.05,2.0,SL,R,X,True,double,hit_into_play
717935-48-5,2023,2023-06-02,0.75,0.72,14.0,SL,R,S,False,,foul
717935-48-4,2023,2023-06-02,0.87,0.79,14.0,SL,R,B,False,,ball
717935-48-3,2023,2023-06-02,1.07,1.13,14.0,CU,R,B,False,,ball
717935-48-2,2023,2023-06-02,1.34,1.12,14.0,SL,R,S,False,,swinging_strike
717935-48-1,2023,2023-06-02,-0.59,2.16,4.0,FF,R,S,False,,foul
717935-32-1,2023,2023-06-02,0.44,2.35,6.0,SL,R,X,True,field_out,hit_into_play
717935-80-6,2023,2023-06-02,0.05,2.6,5.0,FF,R,X,True,field_out,hit_into_play
717935-80-5,2023,2023-06-02,0.34,0.28,14.0,SL,R,B,False,,blocked_ball
717935-80-4,2023,2023-06-02,0.97,3.51,12.0,FF,R,B,False,,ball
717935-80-3,2023,2023-06-02,0.52,2.29,6.0,FF,R,S,False,,foul
717935-80-2,2023,2023-06-02,-0.54,2.19,4.0,FS,R,S,False,,foul
717935-80-1,2023,2023-06-02,-1.39,1.68,13.0,FF,R,B,False,,ball
717935-5-4,2023,2023-06-02,0.99,1.77,14.0,SL,R,S,False,strikeout,swinging_strike
717935-5-3,2023,2023-06-02,1.04,-0.01,14.0,SL,R,B,False,,blocked_ball
717935-5-2,2023,2023-06-02,-0.32,2.86,1.0,FF,R,S,False,,foul
717935-5-1,2023,2023-06-02,0.65,2.72,6.0,FF,R,S,False,,called_strike
717935-61-5,2023,2023-06-02,0.59,2.19,6.0,FF,R,S,False,strikeout,called_strike
717935-61-4,2023,2023-06-02,0.17,2.42,5.0,FF,R,S,False,,foul
717935-61-3,2023,2023-06-02,-0.21,2.06,8.0,SL,R,S,False,,foul
717935-61-2,2023,2023-06-02,2.13,3.0,12.0,FF,R,B,False,,ball
717935-61-1,2023,2023-06-02,-0.52,1.58,7.0,FS,R,S,False,,foul
717934-42-9,2023,2023-06-01,0.82,1.94,9.0,SL,R,S,False,strikeout,swinging_strike
717934-42-8,2023,2023-06-01,0.33,1.25,14.0,CH,R,B,False,,ball
717934-42-7,2023,2023-06-01,-0.12,2.43,5.0,FF,R,S,False,,foul
717934-42-6,2023,2023-06-01,0.82,1.71,9.0,FF,R,B,False,,ball
717934-42-5,2023,2023-06-01,0.4,2.61,6.0,FC,R,S,False,,foul
717934-42-4,2023,2023-06-01,0.07,1.63,8.0,CH,R,S,False,,foul
717934-42-3,2023,2023-06-01,1.63,0.42,14.0,SL,R,B,False,,ball
717934-42-2,2023,2023-06-01,-0.03,1.04,13.0,CU,R,S,False,,swinging_strike
717934-42-1,2023,2023-06-01,0.31,2.14,9.0,FF,R,S,False,,called_strike
717934-18-6,2023,2023-06-01,0.95,1.07,14.0,CU,R,S,False,strikeout,swinging_strike
717934-18-5,2023,2023-06-01,0.09,1.75,8.0,FF,R,S,False,,foul
717934-18-4,2023,2023-06-01,0.38,0.52,14.0,CH,R,B,False,,ball
717934-18-3,2023,2023-06-01,1.16,0.94,14.0,FF,R,B,False,,ball
717934-18-2,2023,2023-06-01,0.48,1.41,14.0,FF,R,B,False,,ball
717934-18-1,2023,2023-06-01,0.33,1.97,9.0,SL,R,S,False,,foul
717934-59-4,2023,2023-06-01,-1.17,2.57,11.0,ST,R,X,True,field_out,hit_into_play
717934-59-3,2023,2023-06-01,-1.4,4.91,11.0,FF,R,B,False,,ball
717934-59-2,2023,2023-06-01,-0.57,3.25,1.0,FF,R,S,False,,swinging_strike
717934-59-1,2023,2023-06-01,1.66,1.92,14.0,FC,R,B,False,,ball
717934-2-3,2023,2023-06-01,-0.08,2.0,8.0,SL,R,X,True,single,hit_into_play
717934-2-2,2023,2023-06-01,0.3,4.11,12.0,FF,R,B,False,,ball
717934-2-1,2023,2023-06-01,0.65,1.69,9.0,FF,R,S,False,,called_strike
717944-42-5,2023,2023-05-31,0.62,2.17,6.0,CU,R,X,True,field_out,hit_into_play
717944-42-4,2023,2023-05-31,0.75,2.21,6.0,FF,R,S,False,,foul
717944-42-3,2023,2023-05-31,0.62,0.4,14.0,CH,R,B,False,,ball
717944-42-2,2023,2023-05-31,0.45,1.81,9.0,FF,R,S,False,,called_strike
717944-42-1,2023,2023-05-31,-0.95,3.67,11.0,SI,R,B,False,,ball
717944-17-3,2023,2023-05-31,0.17,1.4,14.0,SI,R,X,True,field_out,hit_into_play
717944-17-2,2023,2023-05-31,-0.19,2.67,5.0,CH,R,S,False,,foul
717944-17-1,2023,2023-05-31,0.52,1.39,14.0,SI,R,B,False,,ball
717944-54-6,2023,2023-05-31,0.32,1.53,14.0,CH,L,X,True,field_out,hit_into_play
717944-54-5,2023,2023-05-31,0.91,1.44,14.0,CH,L,S,False,,swinging_strike
717944-54-4,2023,2023-05-31,-0.27,1.28,13.0,SI,L,B,False,,ball
717944-54-3,2023,2023-05-31,1.27,2.09,14.0,CH,L,B,False,,ball
717944-54-2,2023,2023-05-31,-0.02,1.5,13.0,SI,L,S,False,,swinging_strike
717944-54-1,2023,2023-05-31,1.73,2.82,12.0,CH,L,B,False,,ball
717944-2-6,2023,2023-05-31,0.68,1.34,14.0,FF,R,X,True,field_out,hit_into_play
717944-2-5,2023,2023-05-31,1.6,0.16,14.0,SL,R,B,False,,ball
717944-2-4,2023,2023-05-31,-0.56,2.9,1.0,SI,R,S,False,,foul
717944-2-3,2023,2023-05-31,0.81,2.45,6.0,FF,R,S,False,,foul
717944-2-2,2023,2023-05-31,1.68,0.26,14.0,SL,R,B,False,,ball
717944-2-1,2023,2023-05-31,-1.19,2.42,13.0,SI,R,B,False,,ball
717962-42-5,2023,2023-05-30,-0.3,3.01,1.0,FF,R,X,True,field_out,hit_into_play
717962-42-4,2023,2023-05-30,1.58,0.54,14.0,FO,R,B,False,,ball
717962-42-3,2023,2023-05-30,0.68,1.16,14.0,SL,R,S,False,,swinging_strike
717962-42-2,2023,2023-05-30,-0.08,2.88,2.0,FF,R,S,False,,foul
717962-42-1,2023,2023-05-30,-0.39,0.68,13.0,SL,R,B,False,,ball
717962-22-2,2023,2023-05-30,0.57,2.64,6.0,FF,R,X,True,field_out,hit_into_play
717962-22-1,2023,2023-05-30,-1.47,1.8,13.0,FO,R,B,False,,ball
717962-2-6,2023,2023-05-30,-0.32,1.92,7.0,FF,R,X,True,field_out,hit_into_play
717962-2-5,2023,2023-05-30,-0.32,-1.07,13.0,FO,R,B,False,,ball
717962-2-4,2023,2023-05-30,1.29,-0.74,14.0,SL,R,B,False,,ball
717962-2-3,2023,2023-05-30,-0.95,1.94,13.0,FF,R,S,False,,foul
717962-2-2,2023,2023-05-30,-1.67,2.53,13.0,FF,R,B,False,,ball
717962-2-1,2023,2023-05-30,-0.01,3.08,2.0,FF,R,S,False,,foul
717992-51-2,2023,2023-05-28,0.28,2.07,9.0,FF,R,X,True,field_out,hit_into_play
717992-51-1,2023,2023-05-28,-0.05,2.59,5.0,FF,R,S,False,,swinging_strike
717992-25-5,2023,2023-05-28,0.62,2.34,6.0,SL,R,X,True,field_out,hit_into_play
717992-25-4,2023,2023-05-28,1.77,0.15,14.0,SL,R,B,False,,blocked_ball
717992-25-3,2023,2023-05-28,0.9,2.6,12.0,FF,R,S,False,,foul
717992-25-2,2023,2023-05-28,0.24,2.62,5.0,FF,R,S,False,,foul
717992-25-1,2023,2023-05-28,0.59,3.21,3.0,FF,R,S,False,,called_strike
717992-2-5,2023,2023-05-28,0.66,2.25,6.0,SL,R,X,True,field_out,hit_into_play
717992-2-4,2023,2023-05-28,0.92,2.35,14.0,FF,R,S,False,,foul
717992-2-3,2023,2023-05-28,0.26,1.15,14.0,FF,R,B,False,,ball
717992-2-2,2023,2023-05-28,0.12,2.77,2.0,FF,R,S,False,,swinging_strike
717992-2-1,2023,2023-05-28,0.16,1.15,14.0,SL,R,B,False,,ball
717992-70-2,2023,2023-05-28,0.11,2.48,5.0,FF,R,X,True,field_out,hit_into_play
717992-70-1,2023,2023-05-28,0.49,0.23,14.0,FC,R,B,False,,ball
717997-35-3,2023,2023-05-27,1.4,2.73,12.0,FF,R,X,True,double,hit_into_play
717997-35-2,2023,2023-05-27,0.62,2.08,9.0,FF,R,S,False,,swinging_strike
717997-35-1,2023,2023-05-27,1.19,2.41,14.0,CH,R,B,False,,ball
717997-17-1,2023,2023-05-27,-0.22,2.15,5.0,CU,R,X,True,single,hit_into_play
717997-2-5,2023,2023-05-27,0.63,1.58,9.0,CU,R,X,True,field_out,hit_into_play
717997-2-4,2023,2023-05-27,0.23,0.95,14.0,CH,R,B,False,,ball
717997-2-3,2023,2023-05-27,0.92,3.69,12.0,FF,R,B,False,,ball
717997-2-2,2023,2023-05-27,0.78,2.03,9.0,FF,R,S,False,,called_strike
717997-2-1,2023,2023-05-27,0.72,2.43,6.0,FC,R,S,False,,foul
717997-67-6,2023,2023-05-27,-0.79,2.96,1.0,FF,R,S,False,strikeout,swinging_strike
717997-47-2,2023,2023-05-27,0.02,2.56,5.0,FF,L,X,True,field_out,hit_into_play
717997-67-5,2023,2023-05-27,-1.63,2.73,11.0,FF,R,B,False,,ball
717997-47-1,2023,2023-05-27,1.05,2.94,12.0,CH,L,B,False,,ball
717997-67-4,2023,2023-05-27,-0.27,2.54,5.0,FF,R,S,False,,foul
717997-67-3,2023,2023-05-27,0.66,0.54,14.0,CH,R,B,False,,ball
717997-67-2,2023,2023-05-27,1.45,2.65,12.0,FF,R,B,False,,ball
717997-67-1,2023,2023-05-27,0.69,1.85,9.0,FF,R,S,False,,called_strike
718019-36-3,2023,2023-05-26,0.73,1.77,9.0,CH,L,X,True,field_out,hit_into_play
718019-36-2,2023,2023-05-26,0.37,2.04,9.0,SL,L,S,False,,called_strike
718019-36-1,2023,2023-05-26,-0.34,1.28,13.0,SL,L,B,False,,ball
718019-19-6,2023,2023-05-26,0.05,0.44,14.0,CH,L,B,False,walk,blocked_ball
718019-19-5,2023,2023-05-26,0.07,1.64,8.0,CH,L,S,False,,swinging_strike
718019-19-4,2023,2023-05-26,0.97,2.47,14.0,CH,L,B,False,,ball
718019-19-3,2023,2023-05-26,-0.35,3.71,11.0,FF,L,B,False,,ball
718019-19-2,2023,2023-05-26,-0.65,1.63,7.0,FF,L,S,False,,called_strike
718019-19-1,2023,2023-05-26,0.05,0.63,14.0,CH,L,B,False,,blocked_ball
718019-68-6,2023,2023-05-26,0.21,2.01,8.0,ST,R,X,True,field_out,hit_into_play
718019-68-5,2023,2023-05-26,2.38,0.46,14.0,ST,R,B,False,,blocked_ball
718019-68-4,2023,2023-05-26,1.51,1.57,14.0,ST,R,B,False,,ball
718019-68-3,2023,2023-05-26,1.16,1.85,14.0,ST,R,S,False,,foul
718019-68-2,2023,2023-05-26,0.44,2.93,3.0,FC,R,S,False,,foul
718019-68-1,2023,2023-05-26,0.59,3.22,3.0,FC,R,S,False,,foul
718019-54-9,2023,2023-05-26,0.55,2.29,6.0,FC,L,X,True,double,hit_into_play
718019-54-8,2023,2023-05-26,-1.21,2.06,13.0,FC,L,S,False,,foul
718019-54-7,2023,2023-05-26,-0.56,1.59,7.0,FC,L,S,False,,foul
718019-54-6,2023,2023-05-26,-1.12,1.79,13.0,FC,L,S,False,,foul
718019-54-5,2023,2023-05-26,0.5,2.61,6.0,FC,L,S,False,,called_strike
718019-54-4,2023,2023-05-26,-0.63,2.32,4.0,FC,L,S,False,,called_strike
718019-54-3,2023,2023-05-26,-1.25,1.44,13.0,FC,L,B,False,,ball
718019-2-4,2023,2023-05-26,-0.21,3.42,11.0,FF,L,X,True,field_out,hit_into_play
718019-54-2,2023,2023-05-26,-1.54,1.67,13.0,FC,L,B,False,,ball
718019-2-3,2023,2023-05-26,-0.23,2.43,5.0,CH,L,S,False,,foul
718019-54-1,2023,2023-05-26,-1.33,2.41,13.0,FC,L,B,False,,ball
718019-2-2,2023,2023-05-26,0.16,0.3,14.0,CH,L,B,False,,ball
718019-2-1,2023,2023-05-26,0.77,3.2,3.0,FF,L,S,False,,foul
718026-39-2,2023,2023-05-25,-0.13,1.26,13.0,SL,L,X,True,field_out,hit_into_play
718026-39-1,2023,2023-05-25,-0.11,1.64,8.0,SL,L,S,False,,called_strike
718026-16-5,2023,2023-05-25,0.45,1.59,9.0,CH,L,X,True,field_out,hit_into_play
718026-16-4,2023,2023-05-25,0.99,2.07,14.0,CH,L,S,False,,foul
718026-16-3,2023,2023-05-25,-0.69,3.84,11.0,FF,L,B,False,,ball
718026-16-2,2023,2023-05-25,0.59,2.93,3.0,CH,L,S,False,,foul
718026-16-1,2023,2023-05-25,1.87,3.49,12.0,CH,L,B,False,,ball
718026-77-1,2023,2023-05-25,-0.17,1.99,8.0,FF,R,X,True,field_out,hit_into_play
718026-57-2,2023,2023-05-25,-0.03,2.07,8.0,CH,L,X,True,field_out,hit_into_play
718026-2-3,2023,2023-05-25,0.92,2.24,14.0,CH,L,X,True,field_out,hit_into_play
718026-2-2,2023,2023-05-25,0.55,2.98,3.0,CH,L,S,False,,foul
718026-57-1,2023,2023-05-25,0.93,3.52,12.0,FF,L,S,False,,swinging_strike
718026-2-1,2023,2023-05-25,0.98,2.37,14.0,FF,L,S,False,,called_strike
718043-41-4,2023,2023-05-24,0.3,3.16,3.0,FF,R,X,True,field_out,hit_into_play
718043-41-3,2023,2023-05-24,0.4,2.39,6.0,FF,R,S,False,,called_strike
718043-41-2,2023,2023-05-24,0.76,1.51,9.0,KC,R,B,False,,ball
718043-41-1,2023,2023-05-24,0.25,2.7,5.0,FF,R,S,False,,called_strike
718043-29-1,2023,2023-05-24,-0.06,2.07,8.0,FF,R,X,True,field_out,hit_into_play
718043-62-4,2023,2023-05-24,1.24,0.26,14.0,SL,R,S,False,strikeout,swinging_strike_blocked
718043-62-3,2023,2023-05-24,1.9,-0.11,14.0,SL,R,S,False,,swinging_strike
718043-62-2,2023,2023-05-24,0.08,3.52,12.0,FF,R,S,False,,foul
718043-62-1,2023,2023-05-24,0.75,1.39,14.0,FF,R,B,False,,ball
718043-77-1,2023,2023-05-24,-0.3,3.09,1.0,CU,R,X,True,home_run,hit_into_play
718043-7-6,2023,2023-05-24,0.95,2.82,12.0,FF,R,X,True,field_out,hit_into_play
718043-7-5,2023,2023-05-24,1.02,1.19,14.0,KC,R,B,False,,ball
718043-7-4,2023,2023-05-24,0.82,0.67,14.0,KC,R,B,False,,ball
718043-7-3,2023,2023-05-24,0.15,0.46,14.0,KC,R,S,False,,swinging_strike
718043-7-2,2023,2023-05-24,0.78,1.93,9.0,FF,R,S,False,,called_strike
718043-7-1,2023,2023-05-24,1.66,2.27,14.0,FF,R,B,False,,ball
718060-46-1,2023,2023-05-23,0.69,1.71,9.0,FF,R,X,True,field_out,hit_into_play
718060-24-4,2023,2023-05-23,-0.68,2.85,1.0,FF,R,S,False,strikeout,swinging_strike
718060-24-3,2023,2023-05-23,0.62,2.61,6.0,FF,R,S,False,,foul
718060-24-2,2023,2023-05-23,-0.38,2.32,4.0,FC,R,S,False,,called_strike
718060-24-1,2023,2023-05-23,1.23,2.22,14.0,SL,R,B,False,,ball
718060-5-7,2023,2023-05-23,-0.36,2.72,4.0,FC,R,X,True,field_out,hit_into_play
718060-5-6,2023,2023-05-23,-0.44,2.7,4.0,SL,R,S,False,,foul
718060-5-5,2023,2023-05-23,1.96,1.51,14.0,FF,R,B,False,,ball
718060-5-4,2023,2023-05-23,1.13,2.43,14.0,FC,R,B,False,,ball
718060-5-3,2023,2023-05-23,0.65,3.16,3.0,FF,R,S,False,,foul
718060-5-2,2023,2023-05-23,0.19,3.62,12.0,FF,R,S,False,,swinging_strike
718060-65-5,2023,2023-05-23,0.74,1.55,9.0,SI,L,X,True,field_out,hit_into_play
718060-5-1,2023,2023-05-23,0.71,2.84,3.0,FF,R,S,False,,foul
718060-65-4,2023,2023-05-23,-0.2,0.95,13.0,SL,L,S,False,,swinging_strike
718060-65-3,2023,2023-05-23,1.78,3.41,12.0,SI,L,B,False,,ball
718060-65-2,2023,2023-05-23,0.48,1.75,9.0,SI,L,S,False,,foul
718060-65-1,2023,2023-05-23,-0.2,1.12,13.0,SI,L,B,False,,ball
718073-43-5,2023,2023-05-22,0.97,1.94,14.0,CH,L,X,True,field_out,hit_into_play
718073-43-4,2023,2023-05-22,0.87,4.74,12.0,FF,L,B,False,,ball
718073-43-3,2023,2023-05-22,-0.13,0.75,13.0,CH,L,B,False,,ball
718073-43-2,2023,2023-05-22,0.19,0.53,14.0,CH,L,S,False,,swinging_strike
718073-43-1,2023,2023-05-22,-1.11,1.16,13.0,CH,L,S,False,,swinging_strike
718073-25-2,2023,2023-05-22,-1.02,2.81,11.0,CU,L,X,True,field_out,hit_into_play
718073-25-1,2023,2023-05-22,0.02,3.21,2.0,FF,L,S,False,,swinging_strike
718073-77-6,2023,2023-05-22,0.12,1.38,14.0,SL,L,B,False,walk,ball
718073-77-5,2023,2023-05-22,1.11,0.68,14.0,SI,L,B,False,,ball
718073-77-4,2023,2023-05-22,-0.79,1.19,13.0,SL,L,B,False,,ball
718073-77-3,2023,2023-05-22,1.41,4.29,12.0,SI,L,B,False,,ball
718073-77-2,2023,2023-05-22,0.75,1.96,9.0,SI,L,S,False,,foul
718073-77-1,2023,2023-05-22,0.91,2.72,12.0,SI,L,S,False,,foul
718073-58-3,2023,2023-05-22,0.83,2.78,3.0,SL,R,X,True,single,hit_into_play
718073-5-7,2023,2023-05-22,-0.06,1.22,13.0,CU,L,S,False,strikeout,swinging_strike
718073-5-6,2023,2023-05-22,1.33,3.64,12.0,FF,L,B,False,,ball
718073-58-2,2023,2023-05-22,-0.22,2.25,5.0,SL,R,S,False,,foul
718073-5-5,2023,2023-05-22,-0.24,1.32,13.0,CU,L,S,False,,foul
718073-58-1,2023,2023-05-22,-0.79,2.11,7.0,SI,R,S,False,,foul
718073-5-4,2023,2023-05-22,-0.81,1.27,13.0,CU,L,S,False,,swinging_strike
718073-5-3,2023,2023-05-22,-1.21,2.24,13.0,FF,L,S,False,,foul
718073-5-2,2023,2023-05-22,1.26,2.35,14.0,FF,L,B,False,,ball
718073-5-1,2023,2023-05-22,1.07,2.96,12.0,FF,L,B,False,,ball
718088-36-1,2023,2023-05-21,-0.64,2.83,1.0,FF,L,X,True,field_out,hit_into_play
718088-20-4,2023,2023-05-21,0.23,2.51,5.0,FF,L,S,False,strikeout,swinging_strike
718088-20-3,2023,2023-05-21,-0.27,4.18,11.0,SI,L,B,False,,ball
718088-20-2,2023,2023-05-21,-0.1,3.1,2.0,FF,L,S,False,,foul
718088-20-1,2023,2023-05-21,-0.12,2.11,8.0,FF,L,S,False,,foul
718088-54-1,2023,2023-05-21,0.22,2.71,5.0,FF,R,X,True,double,hit_into_play
718088-4-10,2023,2023-05-21,-0.93,1.4,13.0,SL,L,S,False,strikeout,swinging_strike
718088-4-9,2023,2023-05-21,-0.08,3.03,2.0,FF,L,S,False,,foul
718088-4-8,2023,2023-05-21,0.13,3.06,2.0,FF,L,S,False,,foul
718088-4-7,2023,2023-05-21,-1.5,-0.24,13.0,SL,L,B,False,,ball
718088-4-6,2023,2023-05-21,0.03,2.79,2.0,FF,L,S,False,,foul
718088-4-5,2023,2023-05-21,0.16,3.01,2.0,FF,L,S,False,,foul
718088-4-4,2023,2023-05-21,-0.56,0.56,13.0,SL,L,B,False,,ball
718088-4-3,2023,2023-05-21,-0.43,3.24,1.0,FF,L,S,False,,swinging_strike
718088-4-2,2023,2023-05-21,0.64,2.78,6.0,FF,L,S,False,,called_strike
718088-4-1,2023,2023-05-21,1.14,3.72,12.0,FF,L,B,False,,ball
718116-54-7,2023,2023-05-19,1.14,1.57,14.0,SV,R,S,False,strikeout,swinging_strike
718116-54-6,2023,2023-05-19,-0.64,1.11,13.0,SI,R,S,False,,foul
718116-54-5,2023,2023-05-19,0.23,1.86,8.0,SI,R,S,False,,foul
718116-54-4,2023,2023-05-19,1.73,1.13,14.0,SV,R,B,False,,ball
718116-54-3,2023,2023-05-19,0.06,1.7,8.0,FF,R,S,False,,called_strike
718116-54-2,2023,2023-05-19,0.75,1.56,9.0,SV,R,S,False,,swinging_strike
718116-54-1,2023,2023-05-19,-1.33,2.6,11.0,SI,R,B,False,,ball
718116-29-1,2023,2023-05-19,-0.58,2.12,7.0,SI,R,X,True,field_out,hit_into_play
718116-70-3,2023,2023-05-19,0.42,3.14,3.0,FF,R,X,True,field_out,hit_into_play
718116-70-2,2023,2023-05-19,-0.21,2.67,5.0,FF,R,S,False,,foul
718116-70-1,2023,2023-05-19,0.26,3.32,2.0,FF,R,S,False,,foul
718116-7-4,2023,2023-05-19,-0.36,1.5,13.0,SI,R,X,True,field_out,hit_into_play
718116-7-3,2023,2023-05-19,-0.42,2.96,1.0,FF,R,S,False,,swinging_strike
718116-7-2,2023,2023-05-19,-0.55,1.53,13.0,SI,R,S,False,,foul
718116-7-1,2023,2023-05-19,0.27,0.95,14.0,SI,R,B,False,,ball
718143-29-3,2023,2023-05-17,0.22,2.3,5.0,SL,R,X,True,field_out,hit_into_play
718143-29-2,2023,2023-05-17,0.19,0.43,14.0,CH,R,B,False,,ball
718143-29-1,2023,2023-05-17,1.43,1.51,14.0,SL,R,B,False,,ball
718143-79-4,2023,2023-05-17,0.67,1.72,9.0,SL,R,S,False,strikeout,swinging_strike
718143-79-3,2023,2023-05-17,1.39,1.3,14.0,SI,R,B,False,,blocked_ball
718143-43-6,2023,2023-05-17,1.08,3.17,12.0,FF,L,S,False,strikeout,swinging_strike
718143-79-2,2023,2023-05-17,-0.52,1.98,7.0,SI,R,S,False,,swinging_strike
718143-43-5,2023,2023-05-17,-0.08,2.95,2.0,FF,L,S,False,,foul
718143-79-1,2023,2023-05-17,-0.67,1.93,7.0,SI,R,S,False,,called_strike
718143-43-4,2023,2023-05-17,-0.1,1.78,8.0,FF,L,B,False,,ball
718143-43-3,2023,2023-05-17,-0.69,2.56,4.0,CH,L,S,False,,foul
718143-43-2,2023,2023-05-17,-1.71,1.04,13.0,SL,L,B,False,,ball
718143-43-1,2023,2023-05-17,1.49,3.52,12.0,CH,L,B,False,,ball
718143-2-4,2023,2023-05-17,-0.38,1.11,13.0,CH,R,X,True,single,hit_into_play
718143-2-3,2023,2023-05-17,0.66,3.59,12.0,KC,R,S,False,,foul
718143-2-2,2023,2023-05-17,-0.26,3.55,11.0,FF,R,S,False,,foul
718143-2-1,2023,2023-05-17,-0.24,2.9,2.0,SL,R,S,False,,called_strike
718143-62-5,2023,2023-05-17,0.69,2.81,3.0,FF,R,X,True,single,hit_into_play
718143-62-4,2023,2023-05-17,0.78,3.83,12.0,FF,R,S,False,,foul
718143-62-3,2023,2023-05-17,1.43,2.5,12.0,FF,R,B,False,,ball
718143-62-2,2023,2023-05-17,-0.23,3.12,2.0,FF,R,S,False,,foul
718143-62-1,2023,2023-05-17,0.11,2.56,5.0,FF,R,S,False,,called_strike
718156-34-5,2023,2023-05-16,2.02,-0.05,14.0,KC,R,S,False,strikeout,swinging_strike
718156-34-4,2023,2023-05-16,1.73,0.14,14.0,KC,R,B,False,,ball
718156-34-3,2023,2023-05-16,0.37,3.19,3.0,SI,R,S,False,,swinging_strike
718156-34-2,2023,2023-05-16,0.78,0.31,14.0,KC,R,B,False,,blocked_ball
718156-34-1,2023,2023-05-16,-0.4,2.78,4.0,SI,R,S,False,,foul
718156-18-2,2023,2023-05-16,0.38,2.34,6.0,KC,R,X,True,field_out,hit_into_play
718156-18-1,2023,2023-05-16,0.17,2.12,8.0,SI,R,S,False,,called_strike
718156-70-5,2023,2023-05-16,-0.58,2.92,1.0,SL,R,X,True,field_out,hit_into_play
718156-70-4,2023,2023-05-16,0.37,2.01,9.0,SI,R,S,False,,foul
718156-70-3,2023,2023-05-16,-0.23,2.28,5.0,SI,R,S,False,,foul
718156-70-2,2023,2023-05-16,0.18,2.99,2.0,SL,R,S,False,,swinging_strike
718156-70-1,2023,2023-05-16,0.26,3.45,12.0,SI,R,B,False,,ball
718156-53-4,2023,2023-05-16,0.65,3.2,3.0,FF,R,S,False,strikeout,called_strike
718156-53-3,2023,2023-05-16,0.76,3.7,12.0,FF,R,B,False,,ball
718156-53-2,2023,2023-05-16,1.26,3.55,12.0,FF,R,S,False,,swinging_strike
718156-53-1,2023,2023-05-16,0.53,1.92,9.0,FF,R,S,False,,called_strike
718156-2-3,2023,2023-05-16,-0.38,1.97,7.0,FS,R,X,True,single,hit_into_play
718156-2-2,2023,2023-05-16,0.75,2.62,6.0,SI,R,S,False,,called_strike
718156-2-1,2023,2023-05-16,0.46,1.9,9.0,KC,R,S,False,,called_strike
718170-27-6,2023,2023-05-15,-0.8,1.28,13.0,SL,L,S,False,strikeout,swinging_strike
718170-27-5,2023,2023-05-15,0.04,3.73,12.0,SI,L,B,False,,ball
718170-27-4,2023,2023-05-15,1.12,1.95,14.0,CH,L,S,False,,foul
718170-27-3,2023,2023-05-15,-0.45,1.66,7.0,SL,L,S,False,,swinging_strike
718170-27-2,2023,2023-05-15,-1.97,1.68,13.0,SL,L,S,False,,swinging_strike
718170-27-1,2023,2023-05-15,1.72,2.43,14.0,CH,L,B,False,,ball
718170-75-1,2023,2023-05-15,-0.46,2.48,4.0,SL,R,X,True,field_out,hit_into_play
718170-60-1,2023,2023-05-15,0.03,2.19,5.0,SI,L,X,True,field_out,hit_into_play
718170-2-3,2023,2023-05-15,-0.5,2.27,4.0,SI,L,X,True,double,hit_into_play
718170-2-2,2023,2023-05-15,0.21,2.13,8.0,SL,L,S,False,,called_strike
718170-2-1,2023,2023-05-15,-0.94,2.52,11.0,SL,L,B,False,,ball
718170-43-5,2023,2023-05-15,1.29,1.44,14.0,SL,R,S,False,strikeout,swinging_strike
718170-43-4,2023,2023-05-15,2.76,0.92,14.0,SL,R,B,False,,ball
718170-43-3,2023,2023-05-15,1.65,3.06,12.0,FF,R,B,False,,ball
718170-43-2,2023,2023-05-15,0.82,2.69,6.0,SL,R,S,False,,foul
718170-43-1,2023,2023-05-15,0.67,2.19,9.0,SL,R,S,False,,called_strike
718174-37-6,2023,2023-05-14,-0.33,3.13,1.0,SI,L,X,True,field_out,hit_into_play
718174-37-5,2023,2023-05-14,2.0,2.63,12.0,KC,L,B,False,,ball
718174-37-4,2023,2023-05-14,0.78,2.34,6.0,SI,L,S,False,,foul
718174-37-3,2023,2023-05-14,1.42,3.1,12.0,CH,L,B,False,,ball
718174-37-2,2023,2023-05-14,2.58,3.31,12.0,SL,L,B,False,,ball
718174-37-1,2023,2023-05-14,0.64,3.05,3.0,CH,L,S,False,,called_strike
718174-22-1,2023,2023-05-14,-0.81,2.98,1.0,SI,L,X,True,single,hit_into_play
718174-2-5,2023,2023-05-14,-0.74,1.02,13.0,KC,L,S,False,strikeout,swinging_strike
718174-2-4,2023,2023-05-14,-0.2,2.16,5.0,SI,L,S,False,,foul
718174-2-3,2023,2023-05-14,1.47,2.52,12.0,SI,L,B,False,,ball
718174-2-2,2023,2023-05-14,-0.14,1.15,13.0,CH,L,B,False,,ball
718174-2-1,2023,2023-05-14,-0.25,1.72,8.0,SI,L,S,False,,swinging_strike
718174-58-3,2023,2023-05-14,0.56,1.81,9.0,ST,R,X,True,single,hit_into_play
718174-58-2,2023,2023-05-14,0.46,1.58,9.0,SI,R,S,False,,foul
718174-58-1,2023,2023-05-14,0.48,1.43,14.0,SI,R,B,False,,ball
718188-15-4,2023,2023-05-13,-0.38,3.02,1.0,SL,R,X,True,field_out,hit_into_play
718188-15-3,2023,2023-05-13,-0.32,3.96,11.0,FF,R,B,False,,ball
718188-15-2,2023,2023-05-13,0.53,1.99,9.0,SI,R,S,False,,foul
718188-15-1,2023,2023-05-13,-0.05,3.45,11.0,FF,R,S,False,,swinging_strike
718188-36-4,2023,2023-05-13,0.3,2.48,6.0,FF,R,X,True,field_out,hit_into_play
718188-36-3,2023,2023-05-13,0.46,1.38,14.0,SL,R,B,False,,ball
718188-36-2,2023,2023-05-13,1.05,1.11,14.0,CH,R,B,False,,ball
718188-36-1,2023,2023-05-13,0.34,2.23,9.0,SL,R,S,False,,called_strike
718188-52-2,2023,2023-05-13,-0.73,3.18,1.0,FF,L,X,True,field_out,hit_into_play
718188-52-1,2023,2023-05-13,0.96,2.25,14.0,CH,L,S,False,,called_strike
718188-2-7,2023,2023-05-13,1.02,2.1,14.0,SL,R,B,False,walk,ball
718188-2-6,2023,2023-05-13,1.09,2.33,14.0,SI,R,B,False,,ball
718188-2-5,2023,2023-05-13,1.3,2.42,14.0,SL,R,B,False,,ball
718188-2-4,2023,2023-05-13,-0.19,4.19,11.0,FF,R,B,False,,ball
718188-73-7,2023,2023-05-13,1.34,2.3,14.0,FF,R,B,False,walk,ball
718188-73-6,2023,2023-05-13,0.96,0.81,14.0,CU,R,B,False,,ball
718188-2-3,2023,2023-05-13,-0.12,2.81,2.0,CH,R,S,False,,foul
718188-73-5,2023,2023-05-13,1.46,1.71,14.0,FF,R,B,False,,ball
718188-2-2,2023,2023-05-13,0.71,3.08,3.0,SL,R,S,False,,called_strike
718188-73-4,2023,2023-05-13,-0.64,3.22,1.0,CU,R,S,False,,foul
718188-2-1,2023,2023-05-13,-0.87,3.17,11.0,SI,R,S,False,,swinging_strike
718188-73-3,2023,2023-05-13,0.94,3.26,12.0,FF,R,B,False,,ball
718188-73-2,2023,2023-05-13,0.74,2.76,6.0,CU,R,S,False,,foul
718188-73-1,2023,2023-05-13,0.32,2.12,9.0,CU,R,S,False,,called_strike
718202-43-7,2023,2023-05-12,0.05,1.73,8.0,KC,L,S,False,strikeout,swinging_strike
718202-43-6,2023,2023-05-12,0.12,3.02,2.0,KC,L,S,False,,foul
718202-43-5,2023,2023-05-12,-0.22,1.89,8.0,CH,L,S,False,,foul
718202-43-4,2023,2023-05-12,-1.33,2.5,11.0,FF,L,B,False,,ball
718202-43-3,2023,2023-05-12,1.56,2.14,14.0,KC,L,B,False,,ball
718202-43-2,2023,2023-05-12,-0.05,2.7,5.0,CH,L,S,False,,foul
718202-43-1,2023,2023-05-12,-0.23,0.22,13.0,KC,L,B,False,,ball
718202-21-5,2023,2023-05-12,1.05,2.87,12.0,CH,L,X,True,field_out,hit_into_play
718202-21-4,2023,2023-05-12,0.04,0.6,14.0,KC,L,B,False,,ball
718202-21-3,2023,2023-05-12,1.3,1.85,14.0,CH,L,B,False,,ball
718202-21-2,2023,2023-05-12,0.48,2.83,3.0,CH,L,S,False,,swinging_strike
718202-21-1,2023,2023-05-12,0.57,1.67,9.0,CH,L,S,False,,swinging_strike
718202-57-5,2023,2023-05-12,0.03,2.27,5.0,SI,R,X,True,double,hit_into_play
718202-57-4,2023,2023-05-12,-1.46,2.34,13.0,ST,R,B,False,,ball
718202-57-3,2023,2023-05-12,0.92,1.81,14.0,ST,R,B,False,,ball
718202-57-2,2023,2023-05-12,-0.29,2.32,4.0,ST,R,S,False,,swinging_strike
718202-57-1,2023,2023-05-12,-0.25,2.41,5.0,ST,R,S,False,,called_strike
718202-1-4,2023,2023-05-12,0.49,0.62,14.0,KC,L,S,False,strikeout,swinging_strike_blocked
718202-1-3,2023,2023-05-12,0.76,0.97,14.0,KC,L,B,False,,ball
718202-1-2,2023,2023-05-12,-0.09,2.39,5.0,SL,L,S,False,,swinging_strike
718202-1-1,2023,2023-05-12,0.67,2.92,3.0,FF,L,S,False,,called_strike
718233-42-2,2023,2023-05-10,-0.51,2.99,1.0,FF,R,X,True,double,hit_into_play
718233-42-1,2023,2023-05-10,0.0,1.0,14.0,FS,R,B,False,,ball
718233-21-6,2023,2023-05-10,-0.01,2.21,5.0,FF,R,X,True,field_out,hit_into_play
718233-21-5,2023,2023-05-10,0.15,0.9,14.0,FS,R,S,False,,foul
718233-21-4,2023,2023-05-10,0.09,2.76,5.0,FF,R,S,False,,foul
718233-21-3,2023,2023-05-10,-0.37,2.1,7.0,FF,R,S,False,,foul
718233-21-2,2023,2023-05-10,-0.86,1.98,13.0,FS,R,S,False,,foul
718233-21-1,2023,2023-05-10,0.79,2.17,9.0,SL,R,S,False,,called_strike
718233-58-4,2023,2023-05-10,-0.46,3.89,11.0,FF,R,S,False,strikeout,swinging_strike
718233-58-3,2023,2023-05-10,0.93,2.0,14.0,SL,R,S,False,,swinging_strike
718233-58-2,2023,2023-05-10,0.97,1.74,14.0,SL,R,B,False,,ball
718233-58-1,2023,2023-05-10,1.11,3.07,12.0,SL,R,S,False,,called_strike
718233-74-8,2023,2023-05-10,-0.25,0.87,13.0,SI,L,B,False,walk,ball
718233-74-7,2023,2023-05-10,-0.7,1.39,13.0,SL,L,S,False,,foul
718233-74-6,2023,2023-05-10,0.08,1.45,14.0,SL,L,S,False,,foul
718233-74-5,2023,2023-05-10,0.81,1.03,14.0,SI,L,B,False,,ball
718233-5-4,2023,2023-05-10,0.03,0.71,14.0,FS,R,S,False,strikeout,swinging_strike
718233-74-4,2023,2023-05-10,1.01,1.87,14.0,SI,L,S,False,,swinging_strike
718233-5-3,2023,2023-05-10,-0.62,3.44,1.0,FF,R,S,False,,foul
718233-74-3,2023,2023-05-10,1.63,1.78,14.0,SI,L,B,False,,ball
718233-5-2,2023,2023-05-10,0.9,2.15,14.0,SL,R,S,False,,swinging_strike
718233-5-1,2023,2023-05-10,-0.53,3.8,11.0,FF,R,S,False,,swinging_strike
718233-74-2,2023,2023-05-10,-1.78,-0.24,13.0,SL,L,B,False,,blocked_ball
718233-74-1,2023,2023-05-10,0.59,0.96,14.0,SI,L,S,False,,foul
718244-38-3,2023,2023-05-09,-0.1,3.02,2.0,FF,R,X,True,single,hit_into_play
718244-38-2,2023,2023-05-09,-1.02,3.17,11.0,SI,R,S,False,,foul
718244-38-1,2023,2023-05-09,-0.94,2.55,11.0,CH,R,S,False,,foul
718244-23-7,2023,2023-05-09,-0.8,3.01,1.0,SI,R,X,True,field_out,hit_into_play
718244-23-6,2023,2023-05-09,0.46,2.67,6.0,FF,R,S,False,,foul
718244-23-5,2023,2023-05-09,0.58,3.39,12.0,SI,R,B,False,,ball
718244-23-4,2023,2023-05-09,-0.47,3.25,1.0,FF,R,S,False,,foul
718244-23-3,2023,2023-05-09,0.68,0.8,14.0,SL,R,B,False,,ball
718244-23-2,2023,2023-05-09,-1.8,1.61,13.0,CH,R,S,False,,swinging_strike
718244-23-1,2023,2023-05-09,0.82,3.04,3.0,SI,R,S,False,,called_strike
718244-73-5,2023,2023-05-09,0.14,2.55,5.0,FS,R,S,False,strikeout,swinging_strike
718244-73-4,2023,2023-05-09,0.15,1.64,8.0,SL,R,S,False,,foul
718244-73-3,2023,2023-05-09,0.73,2.87,3.0,SL,R,S,False,,swinging_strike
718244-73-2,2023,2023-05-09,-1.07,2.85,11.0,FS,R,S,False,,foul
718244-6-2,2023,2023-05-09,-0.29,2.54,4.0,SI,R,X,True,grounded_into_double_play,hit_into_play
718244-6-1,2023,2023-05-09,-0.49,4.64,11.0,FF,R,B,False,,ball
718244-61-5,2023,2023-05-09,-0.91,1.02,13.0,CH,R,S,False,strikeout,swinging_strike
718244-73-1,2023,2023-05-09,1.11,2.41,14.0,SL,R,B,False,,ball
718244-61-4,2023,2023-05-09,1.05,2.5,14.0,FF,R,S,False,,foul
718244-61-3,2023,2023-05-09,0.6,3.4,3.0,FF,R,S,False,,swinging_strike
718244-61-2,2023,2023-05-09,0.79,2.15,9.0,FF,R,S,False,,swinging_strike
718244-61-1,2023,2023-05-09,0.53,1.63,9.0,FF,R,B,False,,ball
718270-41-4,2023,2023-05-07,0.7,1.99,9.0,SL,R,S,False,strikeout,swinging_strike
718270-41-3,2023,2023-05-07,-1.22,1.77,13.0,SI,R,S,False,,foul
718270-41-2,2023,2023-05-07,0.92,1.81,14.0,SL,R,S,False,,swinging_strike
718270-41-1,2023,2023-05-07,-1.36,3.0,11.0,SL,R,B,False,,ball
718270-25-2,2023,2023-05-07,-0.02,1.96,8.0,SI,R,X,True,single,hit_into_play
718270-25-1,2023,2023-05-07,1.23,3.17,12.0,SL,R,B,False,,ball
718270-59-5,2023,2023-05-07,0.47,3.79,12.0,FF,R,B,False,walk,ball
718270-59-4,2023,2023-05-07,0.69,2.45,6.0,FF,R,S,False,,called_strike
718270-59-3,2023,2023-05-07,0.01,1.4,14.0,SL,R,B,False,,ball
718270-59-2,2023,2023-05-07,-0.3,4.3,11.0,FF,R,B,False,,ball
718270-59-1,2023,2023-05-07,0.84,4.02,12.0,FF,R,B,False,,ball
718270-5-5,2023,2023-05-07,-0.01,2.1,8.0,SI,R,X,True,field_out,hit_into_play
718270-5-4,2023,2023-05-07,-0.37,1.3,13.0,SI,R,B,False,,ball
718270-5-3,2023,2023-05-07,0.17,1.25,14.0,SL,R,B,False,,ball
718270-5-2,2023,2023-05-07,-1.15,2.13,13.0,SI,R,S,False,,foul
718270-5-1,2023,2023-05-07,0.18,2.44,5.0,SI,R,S,False,,called_strike
718284-43-5,2023,2023-05-06,-0.37,2.52,4.0,SI,R,X,True,field_out,hit_into_play
718284-43-4,2023,2023-05-06,0.94,2.4,14.0,SI,R,S,False,,called_strike
718284-43-3,2023,2023-05-06,-1.8,3.47,11.0,SI,R,B,False,,ball
718284-43-2,2023,2023-05-06,2.07,0.73,14.0,FC,R,B,False,,ball
718284-43-1,2023,2023-05-06,-1.73,2.85,11.0,CH,R,B,False,,ball
718284-20-4,2023,2023-05-06,1.49,0.94,14.0,CU,R,S,False,strikeout,swinging_strike
718284-20-3,2023,2023-05-06,-1.01,2.08,13.0,SI,R,S,False,,foul
718284-20-2,2023,2023-05-06,-0.35,2.93,1.0,FC,R,S,False,,called_strike
718284-20-1,2023,2023-05-06,-1.05,1.48,13.0,CH,R,B,False,,ball
718284-80-1,2023,2023-05-06,-0.71,2.68,4.0,FC,R,X,True,field_out,hit_into_play
718284-5-1,2023,2023-05-06,0.38,2.36,6.0,SI,R,X,True,double,hit_into_play
718284-63-4,2023,2023-05-06,-0.11,2.19,5.0,CH,L,X,True,home_run,hit_into_play
718284-63-3,2023,2023-05-06,-0.79,-0.14,13.0,CU,L,B,False,,ball
718284-63-2,2023,2023-05-06,-0.55,1.86,7.0,SI,L,S,False,,called_strike
718284-63-1,2023,2023-05-06,-0.19,2.62,5.0,CU,L,S,False,,called_strike
718301-42-2,2023,2023-05-05,1.06,2.14,14.0,CH,L,X,True,single,hit_into_play
718301-42-1,2023,2023-05-05,1.26,3.2,12.0,FF,L,B,False,,ball
718301-27-6,2023,2023-05-05,0.95,1.57,14.0,CH,L,S,False,strikeout,swinging_strike
718301-27-5,2023,2023-05-05,0.46,2.45,6.0,FF,L,S,False,,foul
718301-27-4,2023,2023-05-05,-1.24,0.96,13.0,SL,L,B,False,,blocked_ball
718301-27-3,2023,2023-05-05,0.72,4.43,12.0,FF,L,B,False,,ball
718301-27-2,2023,2023-05-05,0.03,1.2,14.0,CH,L,S,False,,swinging_strike
718301-27-1,2023,2023-05-05,0.08,2.19,5.0,CH,L,S,False,,swinging_strike
718301-77-3,2023,2023-05-05,0.87,2.88,12.0,FC,R,S,False,strikeout,swinging_strike
718301-77-2,2023,2023-05-05,0.69,2.93,3.0,FC,R,S,False,,swinging_strike
718301-77-1,2023,2023-05-05,-0.22,1.62,8.0,FC,R,S,False,,foul
718301-60-3,2023,2023-05-05,0.73,0.95,14.0,FS,L,X,True,field_error,hit_into_play
718301-60-2,2023,2023-05-05,-0.03,3.37,2.0,FF,L,S,False,,swinging_strike
718301-60-1,2023,2023-05-05,-0.3,1.63,7.0,SI,L,S,False,,called_strike
718301-7-2,2023,2023-05-05,0.26,2.84,2.0,FF,L,X,True,field_out,hit_into_play
718301-7-1,2023,2023-05-05,-0.26,2.06,8.0,FF,L,S,False,,called_strike
718327-33-5,2023,2023-05-03,-0.3,2.38,4.0,CH,R,X,True,field_out,hit_into_play
718327-33-4,2023,2023-05-03,0.12,1.8,8.0,CH,R,S,False,,foul
718327-33-3,2023,2023-05-03,-0.76,2.59,4.0,FF,R,S,False,,foul
718327-33-2,2023,2023-05-03,0.92,0.62,14.0,SL,R,B,False,,ball
718327-33-1,2023,2023-05-03,0.95,1.66,14.0,SL,R,B,False,,ball
718327-18-3,2023,2023-05-03,0.0,2.57,5.0,CH,R,X,True,field_out,hit_into_play
718327-18-2,2023,2023-05-03,0.45,2.06,9.0,CH,R,S,False,,foul
718327-18-1,2023,2023-05-03,-0.21,3.2,2.0,FF,R,S,False,,foul
718327-74-6,2023,2023-05-03,0.29,2.1,9.0,SI,R,X,True,field_out,hit_into_play
718327-74-5,2023,2023-05-03,0.8,2.9,3.0,SI,R,S,False,,called_strike
718327-51-4,2023,2023-05-03,0.1,1.87,8.0,ST,R,S,False,strikeout,called_strike
718327-74-4,2023,2023-05-03,-0.78,3.83,11.0,SI,R,B,False,,ball
718327-2-1,2023,2023-05-03,-0.44,2.05,7.0,FF,R,X,True,double,hit_into_play
718327-51-3,2023,2023-05-03,-1.19,1.5,13.0,ST,R,B,False,,ball
718327-74-3,2023,2023-05-03,2.03,-0.14,14.0,SL,R,B,False,,ball
718327-74-2,2023,2023-05-03,0.84,2.62,12.0,SI,R,S,False,,called_strike
718327-51-2,2023,2023-05-03,1.92,1.03,14.0,ST,R,S,False,,swinging_strike
718327-51-1,2023,2023-05-03,0.33,2.4,6.0,ST,R,S,False,,called_strike
718327-74-1,2023,2023-05-03,1.73,0.26,14.0,SL,R,B,False,,ball
718331-44-6,2023,2023-05-02,-1.92,0.27,13.0,SV,L,B,False,walk,blocked_ball
718331-44-5,2023,2023-05-02,0.35,-0.05,14.0,CH,L,B,False,,ball
718331-44-4,2023,2023-05-02,-1.5,1.8,13.0,FC,L,B,False,,ball
718331-44-3,2023,2023-05-02,0.49,2.7,6.0,FF,L,S,False,,foul
718331-44-2,2023,2023-05-02,0.44,1.4,14.0,CH,L,S,False,,called_strike
718331-44-1,2023,2023-05-02,-1.17,0.11,13.0,SV,L,B,False,,ball
718331-25-2,2023,2023-05-02,0.14,2.11,8.0,FF,L,X,True,home_run,hit_into_play
718331-25-1,2023,2023-05-02,0.18,1.61,8.0,SV,L,S,False,,called_strike
718331-64-6,2023,2023-05-02,0.04,2.31,5.0,FF,L,X,True,field_out,hit_into_play
718331-64-5,2023,2023-05-02,-0.53,4.56,11.0,FF,L,B,False,,ball
718331-64-4,2023,2023-05-02,-1.03,2.77,11.0,FF,L,S,False,,foul
718331-64-3,2023,2023-05-02,-0.69,2.98,1.0,FF,L,B,False,,ball
718331-64-2,2023,2023-05-02,-1.36,-0.04,13.0,SL,L,B,False,,blocked_ball
718331-64-1,2023,2023-05-02,0.83,2.94,12.0,FF,L,S,False,,foul
718331-2-5,2023,2023-05-02,0.82,2.8,6.0,FF,L,S,False,strikeout,called_strike
718331-2-4,2023,2023-05-02,-0.05,3.14,2.0,SV,L,S,False,,called_strike
718331-2-3,2023,2023-05-02,-0.23,3.84,11.0,FF,L,B,False,,ball
718331-2-2,2023,2023-05-02,0.59,2.6,6.0,CH,L,S,False,,foul
718331-2-1,2023,2023-05-02,1.43,2.69,12.0,FF,L,B,False,,ball
718343-43-3,2023,2023-05-01,0.83,1.83,14.0,SL,R,X,True,single,hit_into_play
718343-43-2,2023,2023-05-01,-0.08,0.92,13.0,FS,R,S,False,,swinging_strike
718343-43-1,2023,2023-05-01,0.84,1.76,14.0,FF,R,S,False,,foul
718343-23-5,2023,2023-05-01,-0.28,2.78,1.0,FF,R,X,True,field_out,hit_into_play
718343-23-4,2023,2023-05-01,0.52,1.32,14.0,SL,R,B,False,,ball
718343-23-3,2023,2023-05-01,0.27,2.86,2.0,FF,R,S,False,,foul
718343-23-2,2023,2023-05-01,1.16,2.2,14.0,SL,R,B,False,,ball
718343-23-1,2023,2023-05-01,1.35,0.14,14.0,SL,R,B,False,,blocked_ball
718343-62-3,2023,2023-05-01,0.64,2.74,3.0,SI,L,X,True,field_out,hit_into_play
718343-62-2,2023,2023-05-01,-0.32,3.53,11.0,SI,L,B,False,,ball
718343-62-1,2023,2023-05-01,1.2,3.32,12.0,SI,L,B,False,,ball
718343-2-6,2023,2023-05-01,-0.13,1.37,13.0,FS,R,S,False,strikeout,swinging_strike
718343-2-5,2023,2023-05-01,0.41,3.29,3.0,SL,R,S,False,,foul
718343-2-4,2023,2023-05-01,0.8,1.91,9.0,FF,R,S,False,,foul
718343-2-3,2023,2023-05-01,0.02,0.65,14.0,FS,R,S,False,,swinging_strike
718343-2-2,2023,2023-05-01,0.57,0.89,14.0,SL,R,B,False,,ball
718343-2-1,2023,2023-05-01,0.55,2.36,6.0,FF,R,S,False,,called_strike
718354-45-1,2023,2023-04-30,0.93,2.25,14.0,FF,R,X,True,field_out,hit_into_play
718354-25-4,2023,2023-04-30,0.49,1.49,14.0,CH,R,X,True,single,hit_into_play
718354-25-3,2023,2023-04-30,-0.64,3.68,11.0,FF,R,S,False,,foul
718354-25-2,2023,2023-04-30,1.56,2.08,14.0,FF,R,B,False,,ball
718354-25-1,2023,2023-04-30,0.2,3.93,12.0,FF,R,B,False,,ball
718354-57-3,2023,2023-04-30,0.49,3.71,12.0,FF,R,S,False,strikeout,foul_tip
718354-57-2,2023,2023-04-30,0.57,3.17,3.0,FF,R,S,False,,swinging_strike
718354-57-1,2023,2023-04-30,0.16,3.08,2.0,FF,R,S,False,,swinging_strike
718354-2-2,2023,2023-04-30,0.19,2.14,5.0,FF,R,X,True,field_out,hit_into_play
718354-2-1,2023,2023-04-30,0.21,2.58,5.0,FF,R,S,False,,called_strike
718372-35-3,2023,2023-04-29,0.7,3.53,12.0,FF,R,S,False,strikeout,swinging_strike
718372-35-2,2023,2023-04-29,-0.67,2.89,1.0,FF,R,S,False,,foul
718372-35-1,2023,2023-04-29,0.36,2.92,3.0,FF,R,S,False,,called_strike
718372-19-2,2023,2023-04-29,0.27,3.29,2.0,FF,R,X,True,field_out,hit_into_play
718372-19-1,2023,2023-04-29,-0.13,3.79,11.0,FF,R,S,False,,swinging_strike
718372-52-4,2023,2023-04-29,0.43,1.31,14.0,CU,R,S,False,strikeout,swinging_strike
718372-52-3,2023,2023-04-29,-0.33,2.48,4.0,FF,R,S,False,,called_strike
718372-52-2,2023,2023-04-29,0.26,3.2,2.0,FF,R,S,False,,foul
718372-52-1,2023,2023-04-29,-1.08,2.47,11.0,FF,R,B,False,,ball
718372-2-3,2023,2023-04-29,0.63,3.26,3.0,FF,R,S,False,strikeout,swinging_strike
718372-2-2,2023,2023-04-29,1.13,3.03,12.0,FF,R,S,False,,foul_tip
718372-2-1,2023,2023-04-29,-0.63,3.45,11.0,FF,R,S,False,,swinging_strike
718372-70-4,2023,2023-04-29,0.73,1.65,9.0,SL,R,X,True,single,hit_into_play
718372-70-3,2023,2023-04-29,0.8,3.26,3.0,FF,R,B,False,,ball
718372-70-2,2023,2023-04-29,1.34,2.02,14.0,FF,R,B,False,,ball
718372-70-1,2023,2023-04-29,-0.68,3.55,11.0,FF,R,S,False,,called_strike
718389-33-3,2023,2023-04-28,0.63,1.52,9.0,CU,L,X,True,field_out,hit_into_play
718389-33-2,2023,2023-04-28,-1.09,0.89,13.0,CU,L,S,False,,swinging_strike_blocked
718389-33-1,2023,2023-04-28,0.39,1.98,9.0,CU,L,S,False,,foul
718389-18-5,2023,2023-04-28,-0.69,2.65,4.0,SI,L,X,True,field_out,hit_into_play
718389-18-4,2023,2023-04-28,0.11,1.65,8.0,CU,L,S,False,,foul
718389-18-3,2023,2023-04-28,-1.14,0.87,13.0,CU,L,S,False,,swinging_strike_blocked
718389-18-2,2023,2023-04-28,0.43,3.31,12.0,CH,L,B,False,,ball
718389-18-1,2023,2023-04-28,-0.41,1.96,7.0,SI,L,S,False,,called_strike
718389-2-4,2023,2023-04-28,0.34,2.07,9.0,SI,L,X,True,field_out,hit_into_play
718389-2-3,2023,2023-04-28,-1.09,-0.23,13.0,CU,L,B,False,,ball
718389-2-2,2023,2023-04-28,-1.07,0.97,13.0,SI,L,B,False,,ball
718389-2-1,2023,2023-04-28,0.21,2.55,5.0,SI,L,S,False,,called_strike
718389-53-1,2023,2023-04-28,0.57,1.88,9.0,FF,R,X,True,field_out,hit_into_play
718404-57-1,2023,2023-04-27,0.94,1.78,14.0,CU,R,B,False,caught_stealing_2b,ball
718404-40-2,2023,2023-04-27,0.87,1.23,14.0,CU,R,X,True,force_out,hit_into_play
718404-40-1,2023,2023-04-27,-0.04,2.35,5.0,SI,R,S,False,,called_strike
718404-21-4,2023,2023-04-27,0.66,1.61,9.0,CU,R,X,True,field_out,hit_into_play
718404-21-3,2023,2023-04-27,0.9,1.87,14.0,FF,R,S,False,,called_strike
718404-21-2,2023,2023-04-27,1.55,2.03,14.0,SL,R,B,False,,ball
718404-21-1,2023,2023-04-27,1.16,2.39,14.0,FF,R,S,False,,called_strike
718404-5-3,2023,2023-04-27,-0.01,2.36,5.0,CU,R,X,True,field_out,hit_into_play
718404-5-2,2023,2023-04-27,0.62,3.01,3.0,FF,R,S,False,,swinging_strike
718404-5-1,2023,2023-04-27,-0.02,3.25,11.0,CU,R,B,False,,ball
718415-43-6,2023,2023-04-26,0.97,1.91,14.0,SL,R,X,True,field_out,hit_into_play
718415-43-5,2023,2023-04-26,-0.05,-0.04,13.0,KC,R,B,False,,ball
718415-43-4,2023,2023-04-26,0.21,1.96,8.0,FF,R,S,False,,foul
718415-43-3,2023,2023-04-26,-0.36,3.18,1.0,SL,R,S,False,,called_strike
718415-43-2,2023,2023-04-26,-1.19,3.97,11.0,SL,R,B,False,,ball
718415-43-1,2023,2023-04-26,-0.11,3.96,11.0,FF,R,B,False,,ball
718415-26-3,2023,2023-04-26,0.23,2.57,5.0,KC,R,X,True,field_out,hit_into_play
718415-26-2,2023,2023-04-26,1.03,2.3,14.0,SL,R,B,False,,ball
718415-26-1,2023,2023-04-26,-0.83,1.92,13.0,KC,R,S,False,,foul
718415-5-3,2023,2023-04-26,-0.87,2.6,11.0,FF,R,X,True,field_out,hit_into_play
718415-5-2,2023,2023-04-26,0.32,4.48,12.0,SL,R,B,False,,ball
718415-5-1,2023,2023-04-26,0.58,0.27,14.0,KC,R,B,False,,blocked_ball
718415-59-3,2023,2023-04-26,1.03,2.07,14.0,SI,L,X,True,single,hit_into_play
718415-59-2,2023,2023-04-26,1.47,2.31,14.0,SI,L,B,False,,ball
718415-59-1,2023,2023-04-26,0.63,2.09,9.0,SL,L,S,False,,called_strike
718430-21-5,2023,2023-04-25,-1.08,1.4,13.0,CH,L,S,False,strikeout,swinging_strike
718430-21-4,2023,2023-04-25,-1.25,3.07,11.0,FF,L,S,False,,foul
718430-21-3,2023,2023-04-25,0.1,2.09,8.0,CH,L,S,False,,foul
718430-21-2,2023,2023-04-25,-0.21,1.28,13.0,CH,L,B,False,,ball
718430-21-1,2023,2023-04-25,-0.7,1.13,13.0,CH,L,B,False,,ball
718430-58-6,2023,2023-04-25,1.03,3.56,12.0,FF,L,S,False,strikeout,swinging_strike
718430-58-5,2023,2023-04-25,-1.77,-0.31,13.0,SL,L,B,False,,blocked_ball
718430-58-4,2023,2023-04-25,-1.28,-0.14,13.0,SL,L,B,False,,blocked_ball
718430-58-3,2023,2023-04-25,-0.71,1.2,13.0,SL,L,S,False,,foul
718430-58-2,2023,2023-04-25,0.92,2.13,14.0,SI,L,S,False,,swinging_strike
718430-58-1,2023,2023-04-25,-0.76,1.82,7.0,SL,L,S,False,,foul
718430-5-1,2023,2023-04-25,-0.61,1.65,7.0,CU,L,X,True,field_out,hit_into_play
718430-44-5,2023,2023-04-25,0.35,1.83,9.0,FF,R,S,False,strikeout,called_strike
718430-44-4,2023,2023-04-25,1.67,1.4,14.0,SL,R,B,False,,ball
718430-44-3,2023,2023-04-25,2.08,1.56,14.0,SL,R,B,False,,ball
718430-44-2,2023,2023-04-25,0.82,2.16,6.0,SL,R,S,False,,foul
718430-44-1,2023,2023-04-25,-0.74,2.96,1.0,FF,R,S,False,,called_strike
718458-22-4,2023,2023-04-23,-0.26,2.3,5.0,SL,R,X,True,field_out,hit_into_play
718458-22-3,2023,2023-04-23,-1.27,2.07,13.0,SI,R,S,False,,foul
718458-22-2,2023,2023-04-23,-0.62,1.88,7.0,SL,R,S,False,,called_strike
718458-22-1,2023,2023-04-23,0.55,1.53,14.0,SL,R,S,False,,called_strike
718458-59-6,2023,2023-04-23,0.2,2.31,5.0,SL,R,X,True,field_out,hit_into_play
718458-59-5,2023,2023-04-23,-0.6,3.88,11.0,FF,R,B,False,,ball
718458-59-4,2023,2023-04-23,0.05,2.68,5.0,FF,R,S,False,,foul
718458-59-3,2023,2023-04-23,0.26,3.29,2.0,SL,R,S,False,,called_strike
718458-59-2,2023,2023-04-23,0.43,1.1,14.0,SL,R,B,False,,ball
718458-59-1,2023,2023-04-23,0.72,3.5,12.0,FF,R,B,False,,ball
718458-43-5,2023,2023-04-23,0.38,2.02,9.0,CH,L,S,False,strikeout,swinging_strike
718458-43-4,2023,2023-04-23,0.35,3.06,3.0,SI,L,S,False,,called_strike
718458-43-3,2023,2023-04-23,1.88,3.13,12.0,CH,L,B,False,,ball
718458-43-2,2023,2023-04-23,-0.67,1.95,7.0,FF,L,S,False,,called_strike
718458-43-1,2023,2023-04-23,1.71,3.93,12.0,CH,L,B,False,,ball
718458-6-1,2023,2023-04-23,-0.44,2.6,4.0,SI,R,X,True,home_run,hit_into_play
718475-41-2,2023,2023-04-22,-0.75,2.41,4.0,FF,L,X,True,force_out,hit_into_play
718475-41-1,2023,2023-04-22,-0.01,3.34,2.0,SL,L,S,False,,swinging_strike
718475-22-4,2023,2023-04-22,-0.33,1.53,7.0,FF,L,X,True,field_out,hit_into_play
718475-22-3,2023,2023-04-22,-1.63,2.15,13.0,SL,L,B,False,,ball
718475-22-2,2023,2023-04-22,0.94,3.07,12.0,CH,L,S,False,,called_strike
718475-22-1,2023,2023-04-22,1.24,3.95,12.0,CH,L,B,False,,ball
718475-58-6,2023,2023-04-22,0.25,3.37,2.0,SI,R,S,False,strikeout,swinging_strike
718475-58-5,2023,2023-04-22,-0.59,3.38,11.0,SL,R,S,False,,called_strike
718475-58-4,2023,2023-04-22,-0.63,4.04,11.0,SL,R,B,False,,ball
718475-58-3,2023,2023-04-22,0.92,1.46,14.0,SL,R,B,False,,ball
718475-58-2,2023,2023-04-22,1.26,3.72,12.0,SI,R,B,False,,ball
718475-58-1,2023,2023-04-22,-0.2,3.16,2.0,SL,R,S,False,,called_strike
718475-4-4,2023,2023-04-22,-1.46,1.65,13.0,SL,L,S,False,strikeout,swinging_strike
718475-4-3,2023,2023-04-22,-0.81,1.67,7.0,FF,L,S,False,,called_strike
718475-4-2,2023,2023-04-22,0.82,1.37,14.0,CH,L,B,False,,ball
718475-4-1,2023,2023-04-22,0.34,2.2,6.0,SI,L,S,False,,called_strike
718493-39-12,2023,2023-04-21,0.54,2.74,6.0,CU,R,S,False,strikeout,swinging_strike
718493-39-11,2023,2023-04-21,-0.03,2.53,5.0,SI,R,S,False,,foul
718493-39-10,2023,2023-04-21,0.36,2.8,3.0,SI,R,S,False,,foul
718493-39-9,2023,2023-04-21,0.57,3.05,3.0,SL,R,S,False,,foul
718493-39-8,2023,2023-04-21,-1.07,2.77,11.0,SI,R,S,False,,foul
718493-39-7,2023,2023-04-21,0.16,3.83,12.0,SI,R,S,False,,foul
718493-39-6,2023,2023-04-21,1.42,2.48,12.0,FC,R,S,False,,foul
718493-39-5,2023,2023-04-21,2.91,1.3,14.0,SL,R,B,False,,ball
718493-39-4,2023,2023-04-21,2.89,0.82,14.0,CH,R,B,False,,ball
718493-39-3,2023,2023-04-21,2.29,2.93,12.0,SL,R,B,False,,ball
718493-39-2,2023,2023-04-21,0.62,1.76,9.0,SL,R,S,False,,swinging_strike
718493-39-1,2023,2023-04-21,0.92,3.08,12.0,FC,R,S,False,,foul
718493-23-3,2023,2023-04-21,0.0,3.14,2.0,CU,R,X,True,single,hit_into_play
718493-23-2,2023,2023-04-21,-0.93,2.12,13.0,SI,R,S,False,,foul
718493-23-1,2023,2023-04-21,0.94,1.8,14.0,SL,R,S,False,,swinging_strike
718493-68-3,2023,2023-04-21,-0.56,2.77,1.0,SI,L,X,True,field_out,hit_into_play
718493-68-2,2023,2023-04-21,-0.88,2.08,13.0,ST,L,S,False,,foul
718493-68-1,2023,2023-04-21,-0.92,2.5,11.0,ST,L,B,False,,ball
718493-55-6,2023,2023-04-21,0.44,1.17,14.0,SL,R,S,False,strikeout,swinging_strike
718493-55-5,2023,2023-04-21,1.37,0.71,14.0,SL,R,B,False,,ball
718493-8-1,2023,2023-04-21,0.01,3.19,2.0,FC,R,X,True,field_out,hit_into_play
718493-55-4,2023,2023-04-21,1.15,1.82,14.0,FF,R,B,False,,ball
718493-55-3,2023,2023-04-21,1.15,1.82,14.0,SL,R,B,False,,ball
718493-55-2,2023,2023-04-21,0.96,1.26,14.0,SL,R,S,False,,swinging_strike
718493-55-1,2023,2023-04-21,0.12,1.67,8.0,SL,R,S,False,,called_strike
718498-47-3,2023,2023-04-20,-1.18,1.93,13.0,SI,R,S,False,strikeout,swinging_strike_blocked
718498-47-2,2023,2023-04-20,0.7,1.48,14.0,CH,R,S,False,,foul
718498-47-1,2023,2023-04-20,0.01,2.3,5.0,FF,R,S,False,,called_strike
718498-23-2,2023,2023-04-20,0.9,2.78,12.0,SL,R,X,True,field_out,hit_into_play
718498-23-1,2023,2023-04-20,0.04,2.08,5.0,SI,R,S,False,,called_strike
718498-62-5,2023,2023-04-20,-0.69,2.22,4.0,SI,R,X,True,double,hit_into_play
718498-76-5,2023,2023-04-20,0.13,1.96,8.0,CU,R,S,False,strikeout,swinging_strike
718498-62-4,2023,2023-04-20,-1.38,2.03,13.0,SI,R,B,False,,ball
718498-76-4,2023,2023-04-20,0.72,1.44,14.0,CU,R,S,False,,swinging_strike
718498-62-3,2023,2023-04-20,0.47,1.02,14.0,SI,R,B,False,,ball
718498-76-3,2023,2023-04-20,0.46,3.76,12.0,FF,R,B,False,,ball
718498-62-2,2023,2023-04-20,1.44,2.85,12.0,ST,R,B,False,,ball
718498-76-2,2023,2023-04-20,0.67,3.45,12.0,SL,R,B,False,,ball
718498-62-1,2023,2023-04-20,-0.47,1.96,7.0,SI,R,S,False,,foul
718498-76-1,2023,2023-04-20,-0.37,3.37,1.0,FF,R,S,False,,swinging_strike
718498-7-3,2023,2023-04-20,0.44,2.03,9.0,SL,R,X,True,field_out,hit_into_play
718498-7-2,2023,2023-04-20,0.03,2.62,5.0,SI,R,S,False,,foul
718498-7-1,2023,2023-04-20,-0.97,2.86,11.0,SI,R,B,False,,ball
718510-48-3,2023,2023-04-19,-0.18,2.34,5.0,FF,L,X,True,field_out,hit_into_play
718510-20-7,2023,2023-04-19,0.45,2.42,6.0,FF,R,X,True,single,hit_into_play
718510-20-6,2023,2023-04-19,0.26,2.18,5.0,FF,R,S,False,,foul
718510-48-2,2023,2023-04-19,-1.04,2.12,13.0,SL,L,B,False,,ball
718510-20-5,2023,2023-04-19,-1.54,1.89,13.0,FF,R,B,False,,ball
718510-48-1,2023,2023-04-19,1.44,2.22,14.0,FF,L,B,False,,ball
718510-20-4,2023,2023-04-19,-0.79,1.69,7.0,SI,R,S,False,,foul
718510-20-3,2023,2023-04-19,0.87,1.14,14.0,SL,R,S,False,,swinging_strike
718510-20-2,2023,2023-04-19,1.38,0.31,14.0,SL,R,B,False,,ball
718510-20-1,2023,2023-04-19,-0.74,1.65,7.0,FF,R,B,False,,ball
718510-69-5,2023,2023-04-19,1.16,2.1,14.0,SL,R,S,False,strikeout,swinging_strike
718510-69-4,2023,2023-04-19,0.52,1.55,9.0,SL,R,S,False,,swinging_strike
718510-69-3,2023,2023-04-19,0.6,1.31,14.0,SL,R,B,False,,ball
718510-69-2,2023,2023-04-19,0.32,1.7,9.0,SI,R,S,False,,called_strike
718510-69-1,2023,2023-04-19,0.9,1.28,14.0,SI,R,B,False,,ball
718510-32-2,2023,2023-04-19,-0.45,2.22,4.0,SL,L,X,True,double,hit_into_play
718510-32-1,2023,2023-04-19,1.92,2.45,14.0,FF,L,B,False,,ball
718510-2-5,2023,2023-04-19,-0.02,2.72,5.0,SL,R,X,True,home_run,hit_into_play
718510-2-4,2023,2023-04-19,1.04,3.21,12.0,FF,R,B,False,,ball
718510-2-3,2023,2023-04-19,0.75,3.81,12.0,FF,R,B,False,,ball
718510-2-2,2023,2023-04-19,-0.49,3.69,11.0,FF,R,S,False,,foul
718510-2-1,2023,2023-04-19,-0.84,1.86,13.0,FF,R,S,False,,foul
718525-53-5,2023,2023-04-18,0.26,2.97,2.0,FF,R,S,False,strikeout,swinging_strike
718525-53-4,2023,2023-04-18,0.58,2.35,6.0,SI,R,S,False,,foul
718525-53-3,2023,2023-04-18,1.34,1.57,14.0,FC,R,B,False,,ball
718525-53-2,2023,2023-04-18,1.24,1.2,14.0,CU,R,B,False,,ball
718525-53-1,2023,2023-04-18,-0.31,2.45,4.0,SI,R,S,False,,called_strike
718525-36-2,2023,2023-04-18,-1.14,2.85,11.0,CH,R,X,True,field_out,hit_into_play
718525-36-1,2023,2023-04-18,0.15,3.42,12.0,FF,R,B,False,,ball
718543-23-7,2023,2023-04-18,0.18,1.85,8.0,CH,R,X,True,field_out,hit_into_play
718543-23-6,2023,2023-04-18,-0.48,1.91,7.0,CH,R,S,False,,foul
718543-23-5,2023,2023-04-18,0.68,3.48,12.0,FF,R,S,False,,foul
718543-23-4,2023,2023-04-18,1.47,0.41,14.0,SL,R,B,False,,ball
718543-23-3,2023,2023-04-18,0.41,1.44,14.0,CH,R,S,False,,foul
718543-23-2,2023,2023-04-18,1.17,2.16,14.0,SL,R,B,False,,ball
718543-23-1,2023,2023-04-18,-0.53,1.48,13.0,CH,R,S,False,,swinging_strike
718525-15-5,2023,2023-04-18,1.52,1.72,14.0,FC,R,B,False,walk,ball
718525-15-4,2023,2023-04-18,1.95,2.61,12.0,FF,R,B,False,,ball
718525-15-3,2023,2023-04-18,-1.54,2.98,11.0,CU,R,B,False,,ball
718525-15-2,2023,2023-04-18,-1.44,2.27,13.0,SI,R,B,False,,ball
718525-15-1,2023,2023-04-18,-0.33,2.53,4.0,FF,R,S,False,,called_strike
718543-58-6,2023,2023-04-18,-0.63,3.96,11.0,FF,R,S,False,strikeout,swinging_strike
718543-58-5,2023,2023-04-18,1.85,0.04,14.0,SL,R,B,False,,ball
718543-58-4,2023,2023-04-18,-1.33,5.07,11.0,FF,R,B,False,,ball
718543-58-3,2023,2023-04-18,-0.37,3.34,1.0,FF,R,S,False,,swinging_strike
718543-58-2,2023,2023-04-18,-0.25,2.86,2.0,FF,R,S,False,,swinging_strike
718543-58-1,2023,2023-04-18,0.51,1.34,14.0,SL,R,B,False,,ball
718525-2-4,2023,2023-04-18,0.73,2.64,6.0,FC,R,X,True,field_out,hit_into_play
718525-2-3,2023,2023-04-18,0.32,3.54,12.0,FF,R,S,False,,foul
718525-2-2,2023,2023-04-18,0.47,3.02,3.0,FF,R,S,False,,swinging_strike
718525-2-1,2023,2023-04-18,1.03,3.32,12.0,FF,R,B,False,,ball
718543-2-3,2023,2023-04-18,0.68,2.8,3.0,SL,R,S,False,strikeout,foul_tip
718543-2-2,2023,2023-04-18,0.44,1.56,9.0,CH,R,S,False,,swinging_strike
718525-68-5,2023,2023-04-18,0.63,1.66,9.0,SL,R,S,False,strikeout,swinging_strike
718543-2-1,2023,2023-04-18,1.19,2.77,12.0,SL,R,S,False,,called_strike
718543-41-4,2023,2023-04-18,-0.25,2.12,8.0,SI,R,X,True,field_out,hit_into_play
718525-68-4,2023,2023-04-18,1.06,1.93,14.0,SL,R,S,False,,swinging_strike
718543-41-3,2023,2023-04-18,0.29,1.91,9.0,SI,R,S,False,,called_strike
718525-68-3,2023,2023-04-18,-0.33,2.08,7.0,SI,R,S,False,,called_strike
718525-68-2,2023,2023-04-18,0.89,2.59,12.0,SL,R,B,False,,ball
718543-41-2,2023,2023-04-18,1.17,2.14,14.0,SL,R,B,False,,ball
718543-41-1,2023,2023-04-18,-0.98,2.4,13.0,SI,R,B,False,,ball
718525-68-1,2023,2023-04-18,1.35,2.36,14.0,SL,R,B,False,,ball
718554-28-2,2023,2023-04-16,0.76,2.25,6.0,SL,R,X,True,single,hit_into_play
718554-28-1,2023,2023-04-16,0.93,3.19,12.0,SI,R,B,False,,ball
718554-11-4,2023,2023-04-16,0.11,1.56,8.0,CH,R,X,True,single,hit_into_play
718554-11-3,2023,2023-04-16,0.88,1.28,14.0,SL,R,B,False,,ball
718554-11-2,2023,2023-04-16,0.75,2.54,6.0,FF,R,S,False,,called_strike
718554-11-1,2023,2023-04-16,1.04,0.9,14.0,SL,R,B,False,,ball
718554-61-6,2023,2023-04-16,-1.7,1.7,13.0,FF,L,B,False,walk,ball
718554-61-5,2023,2023-04-16,2.22,1.66,14.0,CH,L,B,False,,ball
718554-43-5,2023,2023-04-16,1.61,1.31,14.0,FC,R,B,False,walk,ball
718554-43-4,2023,2023-04-16,-0.1,1.07,13.0,FF,R,B,False,,ball
718554-61-4,2023,2023-04-16,1.37,1.68,14.0,CH,L,S,False,,swinging_strike
718554-43-3,2023,2023-04-16,0.7,2.44,6.0,FC,R,S,False,,called_strike
718554-61-3,2023,2023-04-16,-0.18,0.91,13.0,SL,L,B,False,,ball
718554-61-2,2023,2023-04-16,-0.46,3.61,11.0,FF,L,B,False,,ball
718554-43-2,2023,2023-04-16,0.99,1.63,14.0,FC,R,B,False,,ball
718554-2-3,2023,2023-04-16,0.9,1.75,14.0,SL,R,X,True,single,hit_into_play
718554-43-1,2023,2023-04-16,1.8,-0.67,14.0,FS,R,B,False,,blocked_ball
718554-2-2,2023,2023-04-16,0.95,1.62,14.0,CH,R,B,False,,ball
718554-61-1,2023,2023-04-16,0.63,2.39,6.0,SL,L,S,False,,called_strike
718554-2-1,2023,2023-04-16,0.71,1.89,9.0,FF,R,S,False,,called_strike
718566-40-3,2023,2023-04-15,0.14,1.98,8.0,FC,R,X,True,fielders_choice,hit_into_play
718566-40-2,2023,2023-04-15,0.33,0.99,14.0,SL,R,B,False,,ball
718566-40-1,2023,2023-04-15,1.93,1.38,14.0,FC,R,B,False,,ball
718566-20-1,2023,2023-04-15,-0.9,3.01,11.0,FC,R,X,True,field_out,hit_into_play
718566-2-5,2023,2023-04-15,0.0,4.42,12.0,FC,R,B,False,walk,ball
718566-2-4,2023,2023-04-15,-0.44,2.63,1.0,FC,R,S,False,,called_strike
718566-2-3,2023,2023-04-15,-1.57,2.73,11.0,FC,R,B,False,,ball
718566-2-2,2023,2023-04-15,1.34,-0.09,14.0,SL,R,B,False,,blocked_ball
718566-2-1,2023,2023-04-15,-0.68,1.46,13.0,SI,R,B,False,,ball
718566-64-2,2023,2023-04-15,-1.14,3.02,11.0,FF,R,X,True,field_out,hit_into_play
718566-64-1,2023,2023-04-15,-0.25,3.59,11.0,FF,R,B,False,,ball
718586-19-1,2023,2023-04-14,-1.0,2.94,11.0,CH,R,X,True,field_out,hit_into_play
718586-33-2,2023,2023-04-14,-0.09,2.42,5.0,CH,R,X,True,field_out,hit_into_play
718586-33-1,2023,2023-04-14,0.14,1.75,8.0,FF,R,S,False,,called_strike
718586-71-2,2023,2023-04-14,0.41,3.36,3.0,FC,R,X,True,single,hit_into_play
718586-71-1,2023,2023-04-14,0.69,0.0,14.0,FC,R,B,False,,ball
718586-53-4,2023,2023-04-14,0.17,3.02,2.0,FF,L,X,True,field_out,hit_into_play
718586-53-3,2023,2023-04-14,-0.01,1.77,8.0,CH,L,S,False,,foul
718586-53-2,2023,2023-04-14,-0.43,1.64,7.0,CH,L,S,False,,swinging_strike
718586-53-1,2023,2023-04-14,-0.2,1.4,13.0,SL,L,B,False,,ball
718586-2-3,2023,2023-04-14,0.55,1.81,9.0,SL,R,X,True,single,hit_into_play
718586-2-2,2023,2023-04-14,0.48,1.59,9.0,FF,R,S,False,,called_strike
718586-2-1,2023,2023-04-14,1.89,2.6,12.0,FF,R,B,False,,ball
718597-36-6,2023,2023-04-13,-0.37,2.52,4.0,FF,L,X,True,field_out,hit_into_play
718597-36-5,2023,2023-04-13,-1.05,1.42,13.0,CU,L,S,False,,swinging_strike
718597-36-4,2023,2023-04-13,-1.73,1.27,13.0,CU,L,B,False,,ball
718597-36-3,2023,2023-04-13,1.09,2.34,12.0,CU,L,B,False,,ball
718597-36-2,2023,2023-04-13,-0.85,3.08,11.0,FF,L,S,False,,called_strike
718597-36-1,2023,2023-04-13,-0.25,3.54,11.0,CU,L,B,False,,ball
718597-16-6,2023,2023-04-13,-0.13,1.24,13.0,CH,L,B,False,walk,ball
718597-16-5,2023,2023-04-13,1.6,2.29,14.0,CH,L,B,False,,ball
718597-16-4,2023,2023-04-13,0.11,3.3,2.0,FF,L,S,False,,foul
718597-16-3,2023,2023-04-13,-1.82,1.72,13.0,CU,L,S,False,,swinging_strike
718597-16-2,2023,2023-04-13,-1.6,1.49,13.0,CU,L,B,False,,ball
718597-16-1,2023,2023-04-13,-0.09,4.27,11.0,FF,L,B,False,,ball
718597-61-6,2023,2023-04-13,0.26,2.21,5.0,SI,L,X,True,field_out,hit_into_play
718597-61-5,2023,2023-04-13,-0.57,1.43,13.0,CH,L,S,False,,foul
718597-61-4,2023,2023-04-13,-0.65,0.93,13.0,SI,L,B,False,,ball
718597-61-3,2023,2023-04-13,1.19,2.57,12.0,CH,L,B,False,,ball
718597-61-2,2023,2023-04-13,0.32,2.72,6.0,CH,L,S,False,,swinging_strike
718597-61-1,2023,2023-04-13,-0.25,0.79,13.0,CH,L,S,False,,swinging_strike
718597-2-1,2023,2023-04-13,0.28,1.64,8.0,SI,L,X,True,single,hit_into_play
718597-77-5,2023,2023-04-13,2.2,2.01,14.0,SL,R,S,False,strikeout,swinging_strike
718597-77-4,2023,2023-04-13,0.25,1.18,14.0,SL,R,S,False,,foul
718597-77-3,2023,2023-04-13,0.58,2.48,6.0,FF,R,S,False,,foul
718597-77-2,2023,2023-04-13,-0.2,2.24,5.0,SL,R,S,False,,foul
718597-77-1,2023,2023-04-13,-1.49,2.93,11.0,FF,R,B,False,,ball
718609-41-6,2023,2023-04-12,-0.4,1.48,13.0,CU,R,X,True,field_out,hit_into_play
718609-41-5,2023,2023-04-12,0.58,0.65,14.0,CU,R,B,False,,blocked_ball
718609-41-4,2023,2023-04-12,-0.03,1.15,13.0,CU,R,S,False,,swinging_strike
718609-41-3,2023,2023-04-12,0.12,0.89,14.0,CH,R,B,False,,ball
718609-41-2,2023,2023-04-12,-0.69,1.91,7.0,SL,R,S,False,,called_strike
718609-41-1,2023,2023-04-12,-2.12,2.17,13.0,CH,R,B,False,,ball
718609-21-3,2023,2023-04-12,-0.08,2.92,2.0,FF,R,X,True,double,hit_into_play
718609-21-2,2023,2023-04-12,0.06,1.91,8.0,CU,R,S,False,,foul
718609-21-1,2023,2023-04-12,-1.36,3.25,11.0,FF,R,B,False,,ball
718609-79-4,2023,2023-04-12,-0.24,1.19,13.0,ST,L,X,True,field_out,hit_into_play
718609-79-3,2023,2023-04-12,1.12,2.72,12.0,FF,L,S,False,,foul
718609-79-2,2023,2023-04-12,0.34,2.08,9.0,ST,L,S,False,,called_strike
718609-79-1,2023,2023-04-12,-0.97,1.77,13.0,ST,L,B,False,,ball
718609-6-5,2023,2023-04-12,0.2,1.4,14.0,FF,R,X,True,single,hit_into_play
718609-6-4,2023,2023-04-12,-0.28,1.92,8.0,FF,R,S,False,,called_strike
718609-6-3,2023,2023-04-12,1.01,0.53,14.0,CH,R,B,False,,blocked_ball
718609-6-2,2023,2023-04-12,0.17,1.43,14.0,CH,R,B,False,,ball
718609-6-1,2023,2023-04-12,0.1,3.51,12.0,FF,R,B,False,,ball
718609-63-3,2023,2023-04-12,-0.83,2.47,13.0,SI,R,X,True,field_out,hit_into_play
718609-63-2,2023,2023-04-12,1.18,1.27,14.0,SL,R,B,False,,ball
718609-63-1,2023,2023-04-12,0.66,1.91,9.0,SL,R,S,False,,called_strike
718619-38-3,2023,2023-04-11,-0.35,3.18,1.0,FF,L,X,True,field_out,hit_into_play
718619-38-2,2023,2023-04-11,-0.21,1.35,13.0,CH,L,S,False,,swinging_strike
718619-38-1,2023,2023-04-11,-0.71,0.88,13.0,CH,L,B,False,,ball
718619-23-2,2023,2023-04-11,-0.51,2.98,1.0,FF,L,X,True,field_out,hit_into_play
718619-23-1,2023,2023-04-11,0.22,2.28,5.0,FF,L,S,False,,foul
718619-80-2,2023,2023-04-11,-0.53,2.78,4.0,SI,R,X,True,field_out,hit_into_play
718619-80-1,2023,2023-04-11,-1.23,2.86,11.0,FC,R,B,False,,ball
718619-60-3,2023,2023-04-11,0.91,2.59,12.0,SL,R,X,True,field_out,hit_into_play
718619-60-2,2023,2023-04-11,-0.94,4.05,11.0,FF,R,S,False,,swinging_strike
718619-60-1,2023,2023-04-11,1.19,2.08,14.0,SL,R,B,False,,ball
718619-5-1,2023,2023-04-11,0.64,1.84,9.0,FF,L,X,True,field_out,hit_into_play
718633-40-1,2023,2023-04-10,0.13,1.58,8.0,SI,R,X,True,single,hit_into_play
718633-24-5,2023,2023-04-10,0.89,1.79,14.0,SL,R,X,True,single,hit_into_play
718633-24-4,2023,2023-04-10,1.38,1.73,14.0,SL,R,S,False,,foul
718633-24-3,2023,2023-04-10,0.25,1.96,8.0,SI,R,S,False,,foul
718633-24-2,2023,2023-04-10,0.72,2.49,6.0,FF,R,S,False,,called_strike
718633-24-1,2023,2023-04-10,-1.18,3.02,11.0,SL,R,B,False,,ball
718633-52-4,2023,2023-04-10,-0.78,2.72,4.0,FC,L,X,True,single,hit_into_play
718633-52-3,2023,2023-04-10,0.85,4.24,12.0,FF,L,B,False,,ball
718633-52-2,2023,2023-04-10,-1.24,2.55,11.0,FC,L,S,False,,foul
718633-52-1,2023,2023-04-10,0.67,2.72,6.0,CU,L,S,False,,called_strike
718633-7-2,2023,2023-04-10,0.22,2.18,5.0,CH,R,X,True,field_out,hit_into_play
718633-7-1,2023,2023-04-10,0.26,2.8,5.0,SI,R,S,False,,called_strike
718652-20-2,2023,2023-04-09,-0.18,2.63,5.0,CH,R,X,True,field_out,hit_into_play
718652-20-1,2023,2023-04-09,0.05,1.01,14.0,SL,R,S,False,,swinging_strike
718652-62-4,2023,2023-04-09,-1.0,2.03,13.0,CH,R,X,True,field_out,hit_into_play
718652-62-3,2023,2023-04-09,0.69,2.34,6.0,FF,R,S,False,,called_strike
718652-62-2,2023,2023-04-09,0.56,2.93,3.0,CH,R,S,False,,swinging_strike
718652-62-1,2023,2023-04-09,1.38,2.57,12.0,FF,R,B,False,,ball
718652-42-3,2023,2023-04-09,0.41,1.01,14.0,FS,R,S,False,strikeout,swinging_strike
718652-5-3,2023,2023-04-09,0.39,2.39,6.0,ST,R,X,True,field_out,hit_into_play
718652-5-2,2023,2023-04-09,0.55,2.5,6.0,FF,R,S,False,,swinging_strike
718652-42-2,2023,2023-04-09,0.17,1.49,14.0,FC,R,S,False,,swinging_strike
718652-42-1,2023,2023-04-09,0.78,2.58,6.0,FC,R,S,False,,called_strike
718652-5-1,2023,2023-04-09,-0.05,1.58,8.0,SI,R,S,False,,foul
718668-38-3,2023,2023-04-08,-1.28,1.76,13.0,FF,L,B,False,,ball
718668-38-2,2023,2023-04-08,2.65,3.26,12.0,CH,L,B,False,,ball
718668-38-1,2023,2023-04-08,-1.12,3.19,11.0,FF,L,B,False,,ball
718668-23-3,2023,2023-04-08,-0.63,1.61,7.0,CU,L,S,False,strikeout,swinging_strike
718668-23-2,2023,2023-04-08,-0.54,2.98,1.0,FF,L,S,False,,foul
718668-23-1,2023,2023-04-08,0.79,1.32,14.0,CH,L,S,False,,swinging_strike
718668-59-6,2023,2023-04-08,1.29,2.05,14.0,SL,R,S,False,strikeout,swinging_strike
718668-59-5,2023,2023-04-08,1.46,2.32,14.0,SL,R,B,False,,ball
718668-7-4,2023,2023-04-08,0.0,3.58,12.0,FF,L,S,False,strikeout,foul_tip
718668-59-4,2023,2023-04-08,-1.13,3.31,11.0,FF,R,S,False,,foul
718668-7-3,2023,2023-04-08,-1.88,-0.17,13.0,CU,L,B,False,,ball
718668-59-3,2023,2023-04-08,-0.11,2.81,2.0,SL,R,S,False,,foul
718668-7-2,2023,2023-04-08,-0.02,3.08,2.0,FF,L,S,False,,swinging_strike
718668-59-2,2023,2023-04-08,-0.43,2.29,4.0,FF,R,S,False,,foul
718668-7-1,2023,2023-04-08,0.2,1.4,14.0,SI,L,S,False,,called_strike
718668-59-1,2023,2023-04-08,-0.44,3.93,11.0,FF,R,B,False,,ball
718685-38-1,2023,2023-04-07,0.16,1.98,8.0,SL,R,X,True,single,hit_into_play
718685-17-3,2023,2023-04-07,-0.47,1.99,7.0,FF,R,X,True,field_out,hit_into_play
718685-17-2,2023,2023-04-07,-0.35,1.14,13.0,SL,R,B,False,,ball
718685-17-1,2023,2023-04-07,-1.04,3.69,11.0,SL,R,B,False,,ball
718685-68-5,2023,2023-04-07,0.22,1.49,8.0,CH,L,S,False,strikeout,swinging_strike
718685-68-4,2023,2023-04-07,0.67,1.85,9.0,CH,L,S,False,,swinging_strike
718685-68-3,2023,2023-04-07,-0.28,0.17,13.0,CH,L,B,False,,ball
718685-68-2,2023,2023-04-07,-0.46,0.99,13.0,SI,L,B,False,,ball
718685-68-1,2023,2023-04-07,0.5,2.5,6.0,SI,L,S,False,,called_strike
718685-56-5,2023,2023-04-07,0.1,1.89,8.0,SL,R,X,True,single,hit_into_play
718685-56-4,2023,2023-04-07,0.58,1.7,9.0,SI,R,B,False,,ball
718685-4-4,2023,2023-04-07,-1.05,4.03,11.0,FF,R,S,False,strikeout,swinging_strike
718685-4-3,2023,2023-04-07,2.01,0.8,14.0,SL,R,B,False,,ball
718685-56-3,2023,2023-04-07,1.17,2.23,14.0,FC,R,S,False,,swinging_strike
718685-56-2,2023,2023-04-07,0.8,1.18,14.0,SL,R,B,False,,ball
718685-4-2,2023,2023-04-07,0.01,2.81,2.0,SL,R,S,False,,foul
718685-56-1,2023,2023-04-07,0.7,2.64,6.0,FC,R,S,False,,called_strike
718685-4-1,2023,2023-04-07,-0.04,2.38,5.0,FF,R,S,False,,called_strike
718699-39-8,2023,2023-04-05,0.04,2.67,5.0,FF,R,S,False,strikeout,swinging_strike
718699-39-7,2023,2023-04-05,0.75,1.13,14.0,SL,R,B,False,,ball
718699-39-6,2023,2023-04-05,0.0,1.73,8.0,SL,R,S,False,,foul
718699-39-5,2023,2023-04-05,0.58,2.89,3.0,FF,R,S,False,,foul
718699-39-4,2023,2023-04-05,1.89,1.05,14.0,SL,R,B,False,,ball
718699-39-3,2023,2023-04-05,-0.12,3.38,2.0,FF,R,S,False,,swinging_strike
718699-39-2,2023,2023-04-05,0.52,2.22,6.0,FF,R,S,False,,foul
718699-39-1,2023,2023-04-05,-1.6,2.39,13.0,FF,R,B,False,,ball
718699-19-3,2023,2023-04-05,0.73,0.91,14.0,SL,R,X,True,single,hit_into_play
718699-19-2,2023,2023-04-05,0.71,2.75,6.0,FF,R,S,False,,foul
718699-19-1,2023,2023-04-05,-0.92,2.34,13.0,KC,R,S,False,,swinging_strike
718699-1-6,2023,2023-04-05,0.53,1.91,9.0,FF,R,S,False,strikeout,called_strike
718699-60-2,2023,2023-04-05,0.45,2.3,6.0,SI,R,X,True,field_out,hit_into_play
718699-60-1,2023,2023-04-05,0.43,1.56,9.0,SI,R,S,False,,called_strike
718699-1-5,2023,2023-04-05,0.47,2.36,6.0,FF,R,S,False,,foul
718699-1-4,2023,2023-04-05,-0.89,3.22,11.0,FF,R,S,False,,foul
718699-1-3,2023,2023-04-05,1.16,2.0,14.0,FF,R,B,False,,ball
718699-1-2,2023,2023-04-05,-0.04,4.02,11.0,FF,R,B,False,,ball
718699-1-1,2023,2023-04-05,-0.43,3.47,11.0,FF,R,S,False,,foul
718710-16-3,2023,2023-04-04,0.11,2.59,5.0,CU,R,X,True,field_out,hit_into_play
718710-16-2,2023,2023-04-04,-0.61,1.63,7.0,CH,R,S,False,,swinging_strike
718710-16-1,2023,2023-04-04,0.65,0.94,14.0,SI,R,B,False,,ball
718710-48-4,2023,2023-04-04,-0.67,2.21,4.0,SI,R,X,True,single,hit_into_play
718710-63-4,2023,2023-04-04,0.78,2.41,6.0,SI,R,S,False,strikeout,called_strike
718710-48-3,2023,2023-04-04,0.98,1.36,14.0,SI,R,B,False,,ball
718710-48-2,2023,2023-04-04,-0.38,1.61,7.0,SL,R,B,False,,ball
718710-63-3,2023,2023-04-04,-0.25,2.76,5.0,SI,R,S,False,,foul
718710-48-1,2023,2023-04-04,0.43,1.88,9.0,SL,R,S,False,,swinging_strike
718710-63-2,2023,2023-04-04,0.79,0.94,14.0,SL,R,S,False,,swinging_strike
718710-63-1,2023,2023-04-04,0.07,2.62,5.0,SI,R,S,False,,called_strike
718710-33-4,2023,2023-04-04,1.06,2.68,12.0,ST,R,X,True,single,hit_into_play
718710-33-3,2023,2023-04-04,-0.66,2.26,4.0,SI,R,S,False,,foul
718710-33-2,2023,2023-04-04,-0.2,2.39,5.0,SI,R,S,False,,called_strike
718710-1-1,2023,2023-04-04,0.33,2.86,3.0,FF,R,X,True,field_out,hit_into_play
718710-33-1,2023,2023-04-04,0.72,1.32,14.0,ST,R,B,False,,ball
718725-37-2,2023,2023-04-03,-0.13,2.11,8.0,FF,L,X,True,field_out,hit_into_play
718725-37-1,2023,2023-04-03,0.97,3.33,12.0,FF,L,B,False,,ball
718725-21-2,2023,2023-04-03,0.97,2.98,12.0,ST,L,X,True,single,hit_into_play
718725-21-1,2023,2023-04-03,0.26,1.73,8.0,FC,L,S,False,,called_strike
718725-59-4,2023,2023-04-03,0.63,2.17,6.0,SL,R,X,True,single,hit_into_play
718725-59-3,2023,2023-04-03,0.34,2.17,6.0,SL,R,S,False,,swinging_strike
718725-59-2,2023,2023-04-03,0.94,0.13,14.0,SL,R,B,False,,blocked_ball
718725-59-1,2023,2023-04-03,0.18,0.78,14.0,SL,R,S,False,,swinging_strike
718725-79-3,2023,2023-04-03,0.9,1.84,14.0,ST,R,S,False,strikeout,swinging_strike
718725-79-2,2023,2023-04-03,1.01,1.33,14.0,SL,R,S,False,,swinging_strike
718725-79-1,2023,2023-04-03,0.12,2.53,5.0,ST,R,S,False,,called_strike
718725-1-6,2023,2023-04-03,-0.62,3.11,1.0,FC,L,X,True,field_out,hit_into_play
718725-1-5,2023,2023-04-03,-1.08,1.02,13.0,SI,L,B,False,,ball
718725-1-4,2023,2023-04-03,0.1,3.14,2.0,FF,L,S,False,,foul
718725-1-3,2023,2023-04-03,-0.58,3.26,1.0,FC,L,S,False,,foul
718725-1-2,2023,2023-04-03,-0.27,2.87,2.0,FF,L,S,False,,swinging_strike
718725-1-1,2023,2023-04-03,0.85,2.03,14.0,FF,L,B,False,,ball
718739-34-6,2023,2023-04-02,0.82,1.82,9.0,FC,L,X,True,single,hit_into_play
718739-34-5,2023,2023-04-02,-0.91,1.93,13.0,SI,L,B,False,,ball
718739-34-4,2023,2023-04-02,0.46,2.08,9.0,FC,L,S,False,,foul
718739-34-3,2023,2023-04-02,0.75,0.49,14.0,SI,L,B,False,,ball
718739-34-2,2023,2023-04-02,0.58,2.25,6.0,FC,L,S,False,,called_strike
718739-34-1,2023,2023-04-02,1.7,1.78,14.0,SI,L,B,False,,ball
718739-18-1,2023,2023-04-02,0.37,2.15,6.0,CH,L,X,True,field_out,hit_into_play
718739-51-3,2023,2023-04-02,0.25,2.06,8.0,FF,L,X,True,field_out,hit_into_play
718739-51-2,2023,2023-04-02,1.47,2.51,12.0,FF,L,B,False,,ball
718739-1-3,2023,2023-04-02,0.36,2.0,9.0,SI,L,X,True,double,hit_into_play
718739-1-2,2023,2023-04-02,0.9,1.04,14.0,CH,L,B,False,,ball
718739-51-1,2023,2023-04-02,1.28,2.39,14.0,FF,L,B,False,,ball
718739-1-1,2023,2023-04-02,0.08,1.12,14.0,SI,L,S,False,,swinging_strike
718752-39-3,2023,2023-04-01,0.91,2.3,14.0,SL,R,X,True,triple,hit_into_play
718752-39-2,2023,2023-04-01,0.91,2.42,14.0,FC,R,S,False,,swinging_strike
718752-39-1,2023,2023-04-01,0.26,2.04,8.0,FF,R,S,False,,called_strike
718752-21-2,2023,2023-04-01,0.44,3.11,3.0,SL,R,X,True,field_out,hit_into_play
718752-21-1,2023,2023-04-01,0.4,2.65,6.0,FC,R,S,False,,swinging_strike
718752-59-1,2023,2023-04-01,0.54,2.29,6.0,SL,R,X,True,single,hit_into_play
718752-87-5,2023,2023-04-01,-0.05,3.2,2.0,FF,L,X,True,field_out,hit_into_play
718752-87-4,2023,2023-04-01,-0.93,0.87,13.0,SL,L,B,False,,ball
718752-87-3,2023,2023-04-01,-0.25,3.71,11.0,FF,L,S,False,,foul
718752-87-2,2023,2023-04-01,-0.76,0.8,13.0,SI,L,B,False,,ball
718752-87-1,2023,2023-04-01,-0.14,0.18,13.0,SI,L,B,False,,blocked_ball
718752-1-4,2023,2023-04-01,0.69,3.34,3.0,FF,R,S,False,strikeout,swinging_strike
718752-1-3,2023,2023-04-01,-0.52,0.7,13.0,FS,R,S,False,,swinging_strike
718752-1-2,2023,2023-04-01,0.86,2.03,14.0,FC,R,S,False,,foul
718752-1-1,2023,2023-04-01,1.13,2.62,12.0,FF,R,B,False,,ball
718779-17-2,2023,2023-03-30,0.73,1.84,9.0,SL,R,X,True,triple,hit_into_play
718779-55-5,2023,2023-03-30,-0.23,2.57,5.0,FF,L,X,True,field_out,hit_into_play
718779-17-1,2023,2023-03-30,0.61,1.72,9.0,SL,R,S,False,,called_strike
718779-55-4,2023,2023-03-30,0.78,3.01,3.0,FF,L,S,False,,swinging_strike
718779-55-3,2023,2023-03-30,1.15,3.63,12.0,CH,L,B,False,,ball
718779-55-2,2023,2023-03-30,0.51,4.08,12.0,CH,L,B,False,,ball
718779-55-1,2023,2023-03-30,0.37,3.28,3.0,FF,L,S,False,,foul
718779-1-3,2023,2023-03-30,1.0,0.91,14.0,SL,R,S,False,strikeout,swinging_strike
718779-1-2,2023,2023-03-30,0.62,1.75,9.0,SL,R,S,False,,swinging_strike
718779-1-1,2023,2023-03-30,-0.23,1.57,8.0,FF,R,S,False,,foul
718779-75-1,2023,2023-03-30,1.06,2.93,12.0,FF,R,X,True,field_out,hit_into_play
744798-35-2,2024,2024-09-29,0.85,2.08,14.0,CU,R,X,True,field_out,hit_into_play
744798-35-1,2024,2024-09-29,0.56,1.1,14.0,CU,R,S,False,,swinging_strike
744798-19-2,2024,2024-09-29,0.86,2.17,14.0,CU,R,X,True,field_out,hit_into_play
744798-19-1,2024,2024-09-29,0.34,1.97,9.0,SI,R,S,False,,called_strike
744798-2-1,2024,2024-09-29,-0.7,2.44,4.0,FF,R,X,True,single,hit_into_play
744798-55-2,2024,2024-09-29,0.19,2.58,5.0,FF,R,X,True,single,hit_into_play
744798-55-1,2024,2024-09-29,-0.25,2.3,5.0,SL,R,S,False,,called_strike
744799-37-7,2024,2024-09-28,0.14,2.04,8.0,CU,L,S,False,strikeout,swinging_strike
744799-37-6,2024,2024-09-28,-0.9,1.56,13.0,FF,L,B,False,,ball
744799-37-5,2024,2024-09-28,-1.02,1.71,13.0,SL,L,S,False,,foul
744799-37-4,2024,2024-09-28,-0.34,3.36,1.0,FF,L,S,False,,foul
744799-37-3,2024,2024-09-28,0.36,3.86,12.0,FF,L,S,False,,swinging_strike
744799-37-2,2024,2024-09-28,-1.67,0.76,13.0,CH,L,B,False,,ball
744799-37-1,2024,2024-09-28,0.96,4.8,12.0,CH,L,B,False,,ball
744799-19-6,2024,2024-09-28,-0.32,0.19,13.0,CU,L,S,False,strikeout,swinging_strike_blocked
744799-19-5,2024,2024-09-28,-0.57,3.48,1.0,FF,L,S,False,,foul
744799-19-4,2024,2024-09-28,0.39,2.61,6.0,FF,L,S,False,,foul
744799-19-3,2024,2024-09-28,0.94,2.15,14.0,FF,L,S,False,,called_strike
744799-19-2,2024,2024-09-28,0.91,2.42,14.0,FF,L,S,False,,called_strike
744799-19-1,2024,2024-09-28,1.19,2.87,12.0,FF,L,B,False,,ball
744799-57-3,2024,2024-09-28,-0.01,1.39,13.0,CH,L,X,True,home_run,hit_into_play
744799-57-2,2024,2024-09-28,-0.16,1.23,13.0,CH,L,S,False,,foul
744799-57-1,2024,2024-09-28,0.82,3.29,3.0,SI,L,S,False,,swinging_strike
744799-2-3,2024,2024-09-28,-0.27,2.41,5.0,FF,L,X,True,field_out,hit_into_play
744799-2-2,2024,2024-09-28,-0.74,1.72,7.0,CH,L,S,False,,foul
744799-2-1,2024,2024-09-28,0.3,2.37,6.0,FF,L,S,False,,foul_tip
744797-27-3,2024,2024-09-27,-0.76,1.52,13.0,FF,R,X,True,force_out,hit_into_play
744797-27-2,2024,2024-09-27,-0.92,1.55,13.0,SI,R,S,False,,foul
744797-27-1,2024,2024-09-27,-0.8,2.12,7.0,SI,R,S,False,,called_strike
744797-2-1,2024,2024-09-27,-0.63,2.2,7.0,SL,R,X,True,field_out,hit_into_play
744797-49-4,2024,2024-09-27,1.14,1.78,14.0,CH,L,S,False,strikeout,swinging_strike
744797-49-3,2024,2024-09-27,-0.05,2.14,8.0,CH,L,S,False,,foul
744797-49-2,2024,2024-09-27,0.17,2.12,8.0,CH,L,S,False,,swinging_strike
744797-49-1,2024,2024-09-27,0.16,2.34,5.0,FF,L,S,False,,called_strike
745521-37-4,2024,2024-09-25,-0.54,2.61,4.0,SI,R,X,True,force_out,hit_into_play
745521-37-3,2024,2024-09-25,-0.93,1.91,13.0,SI,R,S,False,,foul
745521-37-2,2024,2024-09-25,-0.6,1.32,13.0,SI,R,S,False,,swinging_strike
745521-37-1,2024,2024-09-25,-1.51,1.43,13.0,SI,R,S,False,,swinging_strike
745521-19-5,2024,2024-09-25,0.6,3.15,3.0,FF,R,X,True,field_out,hit_into_play
745521-19-4,2024,2024-09-25,0.79,2.3,6.0,SI,R,S,False,,foul
745521-19-3,2024,2024-09-25,-1.42,2.19,13.0,SI,R,S,False,,swinging_strike
745521-19-2,2024,2024-09-25,0.26,2.07,8.0,SI,R,S,False,,foul
745521-19-1,2024,2024-09-25,1.45,1.7,14.0,ST,R,B,False,,ball
745521-56-5,2024,2024-09-25,-0.23,1.93,8.0,FC,R,X,True,field_out,hit_into_play
745521-56-4,2024,2024-09-25,1.39,1.78,14.0,FC,R,B,False,,ball
745521-56-3,2024,2024-09-25,0.02,1.43,14.0,FC,R,S,False,,swinging_strike
745521-56-2,2024,2024-09-25,1.52,0.71,14.0,ST,R,B,False,,ball
745521-56-1,2024,2024-09-25,0.97,2.43,14.0,FC,R,B,False,,ball
745521-72-2,2024,2024-09-25,-0.66,2.69,4.0,SI,R,X,True,double,hit_into_play
745521-72-1,2024,2024-09-25,0.17,2.26,5.0,SL,R,S,False,,swinging_strike
745521-6-2,2024,2024-09-25,0.02,2.75,5.0,FC,R,X,True,home_run,hit_into_play
745521-6-1,2024,2024-09-25,-0.24,2.96,5.0,SI,R,S,False,,called_strike
745526-29-1,2024,2024-09-24,-0.54,2.6,4.0,FF,L,X,True,field_out,hit_into_play
745526-72-4,2024,2024-09-24,0.14,1.2,14.0,ST,R,S,False,strikeout,swinging_strike
745526-72-3,2024,2024-09-24,1.35,0.02,14.0,ST,R,B,False,,ball
745526-72-2,2024,2024-09-24,1.05,2.74,12.0,ST,R,S,False,,foul
745526-72-1,2024,2024-09-24,-0.6,3.27,1.0,ST,R,S,False,,called_strike
745526-46-1,2024,2024-09-24,0.13,2.14,8.0,SI,L,X,True,field_out,hit_into_play
745526-6-2,2024,2024-09-24,-0.31,2.44,4.0,FF,L,X,True,field_out,hit_into_play
745526-6-1,2024,2024-09-24,-1.62,2.24,13.0,FF,L,B,False,,ball
745527-52-3,2024,2024-09-23,0.69,2.08,9.0,FC,R,X,True,field_out,hit_into_play
745527-52-2,2024,2024-09-23,-0.71,2.96,1.0,FC,R,S,False,,swinging_strike
745527-52-1,2024,2024-09-23,-0.25,3.78,11.0,FC,R,S,False,,foul
745527-35-2,2024,2024-09-23,0.1,2.19,8.0,FC,R,X,True,field_out,hit_into_play
745527-35-1,2024,2024-09-23,0.93,1.82,14.0,FC,R,S,False,,called_strike
745527-72-3,2024,2024-09-23,0.61,2.85,6.0,ST,R,X,True,field_out,hit_into_play
745527-72-2,2024,2024-09-23,1.28,2.26,14.0,ST,R,S,False,,swinging_strike
745527-72-1,2024,2024-09-23,0.32,1.76,9.0,ST,R,S,False,,called_strike
745527-22-1,2024,2024-09-23,0.18,2.54,5.0,ST,R,X,True,double,hit_into_play
745527-6-5,2024,2024-09-23,1.22,2.49,14.0,FF,R,X,True,field_out,hit_into_play
745527-6-4,2024,2024-09-23,1.18,1.53,14.0,SL,R,B,False,,ball
745527-6-3,2024,2024-09-23,-0.32,2.65,4.0,SL,R,S,False,,foul
745527-6-2,2024,2024-09-23,0.1,2.54,5.0,FF,R,S,False,,foul
745527-6-1,2024,2024-09-23,-0.24,1.53,13.0,SL,R,S,False,,called_strike
745767-21-6,2024,2024-09-22,-0.87,3.17,11.0,FF,R,X,True,field_out,hit_into_play
745767-21-5,2024,2024-09-22,0.63,1.52,9.0,SL,R,B,False,,ball
745767-21-4,2024,2024-09-22,0.76,0.57,14.0,SL,R,B,False,,ball
745767-21-3,2024,2024-09-22,-0.29,3.11,1.0,FF,R,S,False,,swinging_strike
745767-21-2,2024,2024-09-22,-0.66,3.56,11.0,FF,R,S,False,,swinging_strike
745767-21-1,2024,2024-09-22,1.53,0.74,14.0,SL,R,B,False,,ball
745767-36-5,2024,2024-09-22,0.72,2.16,9.0,ST,R,X,True,field_out,hit_into_play
745767-2-4,2024,2024-09-22,0.03,2.16,8.0,SL,R,X,True,single,hit_into_play
745767-36-4,2024,2024-09-22,0.44,2.42,6.0,CU,R,S,False,,foul
745767-2-3,2024,2024-09-22,1.55,0.39,14.0,SL,R,B,False,,ball
745767-36-3,2024,2024-09-22,-0.85,2.71,11.0,SI,R,S,False,,foul
745767-2-2,2024,2024-09-22,0.66,2.75,6.0,FF,R,S,False,,foul
745767-2-1,2024,2024-09-22,1.74,1.88,14.0,SL,R,B,False,,ball
745767-56-1,2024,2024-09-22,-0.61,2.67,4.0,FF,R,X,True,single,hit_into_play
745767-36-2,2024,2024-09-22,0.02,1.57,14.0,SI,R,S,False,,called_strike
745767-36-1,2024,2024-09-22,1.57,1.82,14.0,FC,R,B,False,,ball
745768-43-6,2024,2024-09-21,1.93,3.05,12.0,CH,L,S,False,strikeout,swinging_strike
745768-43-5,2024,2024-09-21,-1.03,0.53,13.0,CH,L,B,False,,ball
745768-43-4,2024,2024-09-21,-0.28,3.14,1.0,SI,L,S,False,,foul
745768-43-3,2024,2024-09-21,1.12,1.86,14.0,CH,L,S,False,,swinging_strike
745768-43-2,2024,2024-09-21,0.32,2.26,9.0,ST,L,S,False,,called_strike
745768-43-1,2024,2024-09-21,1.27,3.22,12.0,SI,L,B,False,,ball
745768-27-4,2024,2024-09-21,0.66,1.65,9.0,CH,L,X,True,field_out,hit_into_play
745768-27-3,2024,2024-09-21,1.38,1.88,14.0,CH,L,S,False,,swinging_strike
745768-27-2,2024,2024-09-21,0.21,2.44,5.0,SI,L,S,False,,foul
745768-27-1,2024,2024-09-21,1.48,2.11,14.0,CH,L,B,False,,ball
745768-70-3,2024,2024-09-21,0.52,2.16,9.0,SL,R,X,True,field_out,hit_into_play
745768-70-2,2024,2024-09-21,0.12,3.24,2.0,FF,R,S,False,,swinging_strike
745768-70-1,2024,2024-09-21,0.24,2.23,8.0,SL,R,S,False,,called_strike
745768-2-3,2024,2024-09-21,0.98,2.82,12.0,SI,L,X,True,field_out,hit_into_play
745768-2-2,2024,2024-09-21,1.16,0.72,14.0,CH,L,B,False,,ball
745768-2-1,2024,2024-09-21,0.34,1.64,14.0,ST,L,S,False,,called_strike
745770-21-5,2024,2024-09-20,-0.43,2.79,4.0,FF,L,X,True,field_out,hit_into_play
745770-21-4,2024,2024-09-20,1.47,2.38,14.0,SI,L,S,False,,foul
745770-21-3,2024,2024-09-20,1.36,1.5,14.0,SL,L,B,False,,ball
745770-21-2,2024,2024-09-20,1.5,2.83,12.0,CU,L,B,False,,ball
745770-21-1,2024,2024-09-20,0.32,2.62,6.0,SI,L,S,False,,foul
745770-64-1,2024,2024-09-20,-0.23,2.79,5.0,SI,L,X,True,field_out,hit_into_play
745770-51-5,2024,2024-09-20,0.68,1.46,14.0,FC,R,X,True,single,hit_into_play
745770-51-4,2024,2024-09-20,0.3,1.11,14.0,FC,R,S,False,,swinging_strike
745770-51-3,2024,2024-09-20,1.2,0.67,14.0,FF,R,B,False,,blocked_ball
745770-51-2,2024,2024-09-20,-0.66,1.36,13.0,FC,R,B,False,,ball
745770-51-1,2024,2024-09-20,-0.59,2.82,4.0,FC,R,S,False,,called_strike
745770-80-2,2024,2024-09-20,-1.81,5.02,11.0,CU,R,B,False,hit_by_pitch,hit_by_pitch
745770-80-1,2024,2024-09-20,-0.3,3.87,11.0,SL,R,S,False,,foul
745770-2-3,2024,2024-09-20,0.17,3.75,12.0,FF,L,X,True,field_out,hit_into_play
745770-2-2,2024,2024-09-20,0.49,3.04,3.0,FF,L,S,False,,swinging_strike
745770-2-1,2024,2024-09-20,0.55,1.65,9.0,SI,L,S,False,,swinging_strike
745770-33-3,2024,2024-09-20,0.59,2.86,6.0,FF,R,X,True,single,hit_into_play
745770-33-2,2024,2024-09-20,-0.76,2.95,1.0,SI,R,S,False,,foul
745770-33-1,2024,2024-09-20,-0.27,3.32,2.0,ST,R,S,False,,foul
745769-44-1,2024,2024-09-19,-0.08,2.28,5.0,ST,R,X,True,field_out,hit_into_play
745769-20-2,2024,2024-09-19,-0.43,2.79,4.0,SI,R,X,True,home_run,hit_into_play
745769-20-1,2024,2024-09-19,-0.74,3.95,11.0,ST,R,B,False,,ball
745769-80-3,2024,2024-09-19,0.16,2.34,5.0,FF,R,X,True,field_out,hit_into_play
745769-80-2,2024,2024-09-19,0.54,1.98,9.0,SL,R,S,False,,swinging_strike
745769-80-1,2024,2024-09-19,-0.31,1.5,13.0,SL,R,S,False,,swinging_strike
745769-2-4,2024,2024-09-19,1.01,0.89,14.0,ST,R,S,False,strikeout,swinging_strike
745769-2-3,2024,2024-09-19,1.54,1.33,14.0,ST,R,B,False,,ball
745769-2-2,2024,2024-09-19,0.51,1.65,9.0,ST,R,S,False,,swinging_strike
745769-2-1,2024,2024-09-19,-0.36,2.14,7.0,SL,R,S,False,,called_strike
745769-62-4,2024,2024-09-19,0.44,1.77,9.0,ST,R,S,False,strikeout,swinging_strike
745769-62-3,2024,2024-09-19,0.44,0.39,14.0,ST,R,B,False,,blocked_ball
745769-62-2,2024,2024-09-19,1.41,1.34,14.0,ST,R,S,False,,swinging_strike
745769-62-1,2024,2024-09-19,0.65,2.33,6.0,FC,R,S,False,,called_strike
745933-19-2,2024,2024-09-18,-0.25,2.25,5.0,FF,R,X,True,field_out,hit_into_play
745933-19-1,2024,2024-09-18,0.47,1.26,14.0,FF,R,B,False,,ball
745933-2-8,2024,2024-09-18,0.05,1.27,14.0,CU,R,S,False,strikeout,swinging_strike
745933-2-7,2024,2024-09-18,0.53,3.89,12.0,FF,R,B,False,,ball
745933-2-6,2024,2024-09-18,0.21,3.47,2.0,FF,R,S,False,,foul
745933-2-5,2024,2024-09-18,1.37,0.25,14.0,SL,R,B,False,,ball
745933-2-4,2024,2024-09-18,0.66,2.34,6.0,FF,R,S,False,,foul
745933-2-3,2024,2024-09-18,-0.16,1.98,8.0,SL,R,S,False,,foul
745933-54-3,2024,2024-09-18,1.21,2.98,12.0,FF,R,X,True,force_out,hit_into_play
745933-54-2,2024,2024-09-18,-0.1,2.87,5.0,FF,R,S,False,,foul
745933-2-2,2024,2024-09-18,0.87,1.19,14.0,SL,R,S,False,,swinging_strike
745933-54-1,2024,2024-09-18,-0.65,3.52,1.0,FF,R,S,False,,swinging_strike
745933-2-1,2024,2024-09-18,-0.23,2.32,5.0,CU,R,S,False,,called_strike
745933-39-3,2024,2024-09-18,-0.37,2.5,4.0,SL,R,X,True,single,hit_into_play
745933-39-2,2024,2024-09-18,1.58,1.9,14.0,SI,R,B,False,,ball
745933-39-1,2024,2024-09-18,0.99,1.48,14.0,SI,R,S,False,,swinging_strike
745935-39-5,2024,2024-09-17,-0.47,2.65,4.0,FF,R,S,False,strikeout,swinging_strike
745935-39-4,2024,2024-09-17,-0.79,1.77,7.0,SI,R,S,False,,swinging_strike
745935-39-3,2024,2024-09-17,1.54,1.81,14.0,SL,R,B,False,,ball
745935-39-2,2024,2024-09-17,1.42,2.12,14.0,SI,R,B,False,,ball
745935-39-1,2024,2024-09-17,1.1,1.48,14.0,FC,R,S,False,,swinging_strike
745935-18-2,2024,2024-09-17,0.43,2.78,6.0,FF,R,X,True,single,hit_into_play
745935-18-1,2024,2024-09-17,0.85,2.79,12.0,FF,R,S,False,,swinging_strike
745935-67-1,2024,2024-09-17,0.16,1.73,8.0,SL,R,X,True,single,hit_into_play
745935-51-1,2024,2024-09-17,-0.66,2.52,4.0,CU,L,X,True,single,hit_into_play
745935-2-5,2024,2024-09-17,0.4,1.85,9.0,FC,R,X,True,field_out,hit_into_play
745935-2-4,2024,2024-09-17,1.11,2.89,12.0,SI,R,B,False,,ball
745935-2-3,2024,2024-09-17,-0.21,0.87,13.0,SL,R,B,False,,ball
745935-2-2,2024,2024-09-17,0.7,2.44,6.0,FC,R,S,False,,foul
745935-2-1,2024,2024-09-17,0.77,0.64,14.0,SL,R,B,False,,ball
745939-43-2,2024,2024-09-16,0.69,3.19,3.0,SI,R,X,True,single,hit_into_play
745939-43-1,2024,2024-09-16,-0.08,3.47,2.0,FC,R,S,False,,swinging_strike
745939-19-2,2024,2024-09-16,-0.41,2.48,4.0,SI,R,X,True,single,hit_into_play
745939-19-1,2024,2024-09-16,0.35,2.41,6.0,FC,R,S,False,,called_strike
745939-2-6,2024,2024-09-16,1.49,0.99,14.0,ST,R,S,False,strikeout,swinging_strike
745939-58-4,2024,2024-09-16,0.96,3.59,12.0,FF,R,X,True,field_out,hit_into_play
745939-2-5,2024,2024-09-16,1.4,0.18,14.0,CU,R,B,False,,ball
745939-58-3,2024,2024-09-16,-0.14,2.81,5.0,FF,R,S,False,,foul_tip
745939-58-2,2024,2024-09-16,3.37,0.33,14.0,ST,R,B,False,,blocked_ball
745939-2-4,2024,2024-09-16,0.65,1.37,14.0,FC,R,S,False,,swinging_strike
745939-58-1,2024,2024-09-16,-0.97,2.28,13.0,ST,R,S,False,,foul
745939-2-3,2024,2024-09-16,1.26,1.06,14.0,FC,R,B,False,,ball
745939-2-2,2024,2024-09-16,1.5,3.2,12.0,SI,R,B,False,,ball
745939-2-1,2024,2024-09-16,0.59,1.51,14.0,SI,R,S,False,,called_strike
745530-41-1,2024,2024-09-15,0.67,2.22,9.0,CH,L,X,True,double,hit_into_play
745530-25-3,2024,2024-09-15,-0.5,3.62,11.0,FF,L,S,False,strikeout,swinging_strike
745530-25-2,2024,2024-09-15,0.38,1.87,9.0,SI,L,S,False,,called_strike
745530-25-1,2024,2024-09-15,-0.19,1.88,8.0,CU,L,S,False,,foul
745530-6-7,2024,2024-09-15,0.11,2.09,8.0,CH,L,X,True,field_out,hit_into_play
745530-6-6,2024,2024-09-15,-0.21,2.99,2.0,FF,L,S,False,,foul
745530-6-5,2024,2024-09-15,-0.16,1.22,13.0,CH,L,S,False,,foul
745530-60-5,2024,2024-09-15,-0.19,3.69,11.0,FC,R,X,True,field_out,hit_into_play
745530-6-4,2024,2024-09-15,-0.76,1.25,13.0,CH,L,B,False,,ball
745530-6-3,2024,2024-09-15,-0.91,0.69,13.0,CU,L,B,False,,ball
745530-60-4,2024,2024-09-15,0.32,4.27,12.0,FC,R,B,False,,ball
745530-6-2,2024,2024-09-15,0.59,2.67,6.0,SI,L,S,False,,called_strike
745530-60-3,2024,2024-09-15,0.59,2.76,6.0,FC,R,S,False,,foul
745530-6-1,2024,2024-09-15,-0.75,1.97,7.0,FF,L,B,False,,ball
745530-60-2,2024,2024-09-15,1.06,3.3,12.0,ST,R,B,False,,ball
745530-60-1,2024,2024-09-15,0.48,2.69,6.0,FC,R,S,False,,swinging_strike
745528-48-6,2024,2024-09-14,-0.04,1.33,13.0,SI,R,B,False,walk,ball
745528-48-5,2024,2024-09-14,-0.92,3.5,11.0,SI,R,S,False,,swinging_strike
745528-48-4,2024,2024-09-14,0.2,1.96,8.0,SI,R,S,False,,called_strike
745528-48-3,2024,2024-09-14,-0.35,3.88,11.0,FF,R,B,False,,ball
745528-48-2,2024,2024-09-14,0.8,1.58,14.0,SL,R,B,False,,ball
745528-48-1,2024,2024-09-14,3.39,1.32,14.0,ST,R,B,False,,ball
745528-32-1,2024,2024-09-14,-0.81,2.64,4.0,SI,R,X,True,field_out,hit_into_play
745528-60-6,2024,2024-09-14,0.59,1.26,14.0,ST,R,S,False,strikeout,swinging_strike
745528-60-5,2024,2024-09-14,-1.08,3.46,11.0,ST,R,B,False,,ball
745528-60-4,2024,2024-09-14,-0.05,1.73,8.0,SI,R,S,False,,foul
745528-60-3,2024,2024-09-14,-0.31,3.07,1.0,FC,R,S,False,,swinging_strike
745528-60-2,2024,2024-09-14,0.42,1.06,14.0,SI,R,B,False,,blocked_ball
745528-60-1,2024,2024-09-14,0.69,0.8,14.0,ST,R,B,False,,ball
745528-9-3,2024,2024-09-14,1.21,1.31,14.0,ST,R,S,False,strikeout,swinging_strike
745528-9-2,2024,2024-09-14,0.49,1.03,14.0,ST,R,S,False,,swinging_strike
745528-9-1,2024,2024-09-14,0.39,1.78,9.0,ST,R,S,False,,called_strike
745529-48-2,2024,2024-09-13,1.12,2.46,14.0,SI,L,X,True,field_out,hit_into_play
745529-48-1,2024,2024-09-13,0.53,1.68,9.0,CU,L,S,False,,swinging_strike
745529-25-3,2024,2024-09-13,0.98,2.85,12.0,CH,L,X,True,field_out,hit_into_play
745529-25-2,2024,2024-09-13,0.42,1.89,9.0,SI,L,S,False,,foul
745529-25-1,2024,2024-09-13,2.03,2.03,14.0,CH,L,B,False,,ball
745529-7-1,2024,2024-09-13,0.18,2.92,2.0,CU,L,X,True,field_out,hit_into_play
745525-46-1,2024,2024-09-11,0.27,2.28,5.0,SL,R,X,True,field_out,hit_into_play
745525-25-5,2024,2024-09-11,0.12,2.17,8.0,CU,R,X,True,field_out,hit_into_play
745525-25-4,2024,2024-09-11,0.16,2.3,5.0,SL,R,S,False,,foul
745525-25-3,2024,2024-09-11,1.49,2.32,14.0,SL,R,B,False,,ball
745525-25-2,2024,2024-09-11,0.34,2.15,9.0,CU,R,S,False,,foul
745525-25-1,2024,2024-09-11,0.46,0.25,14.0,CU,R,S,False,,swinging_strike
745525-6-3,2024,2024-09-11,0.13,2.55,5.0,FF,R,X,True,single,hit_into_play
745525-6-2,2024,2024-09-11,0.2,4.93,12.0,FF,R,B,False,,ball
745525-6-1,2024,2024-09-11,1.32,2.72,12.0,SL,R,B,False,,ball
745525-61-4,2024,2024-09-11,0.96,1.5,14.0,ST,R,X,True,field_out,hit_into_play
745525-61-3,2024,2024-09-11,0.51,2.29,6.0,SI,R,S,False,,foul
745525-61-2,2024,2024-09-11,1.19,1.31,14.0,ST,R,B,False,,ball
745525-61-1,2024,2024-09-11,0.05,2.75,5.0,SI,R,S,False,,called_strike
745535-45-1,2024,2024-09-10,0.17,1.8,8.0,FC,R,X,True,field_out,hit_into_play
745535-27-6,2024,2024-09-10,-0.3,3.27,1.0,FF,R,X,True,home_run,hit_into_play
745535-27-5,2024,2024-09-10,-0.06,2.74,5.0,FC,R,S,False,,foul
745535-27-4,2024,2024-09-10,-0.01,2.84,5.0,FS,R,S,False,,foul
745535-27-3,2024,2024-09-10,-0.23,1.6,8.0,FS,R,S,False,,swinging_strike
745535-27-2,2024,2024-09-10,0.96,0.66,14.0,FC,R,B,False,,ball
745535-27-1,2024,2024-09-10,0.55,0.96,14.0,FC,R,S,False,,swinging_strike
745535-75-3,2024,2024-09-10,0.12,2.3,5.0,FC,R,X,True,home_run,hit_into_play
745535-75-2,2024,2024-09-10,0.74,1.34,14.0,CH,R,B,False,,ball
745535-75-1,2024,2024-09-10,0.11,4.41,12.0,SI,R,B,False,,ball
745535-63-1,2024,2024-09-10,-0.44,2.89,4.0,SI,R,X,True,single,hit_into_play
745535-6-5,2024,2024-09-10,-0.13,3.51,2.0,FS,R,S,False,strikeout,swinging_strike
745535-6-4,2024,2024-09-10,-0.4,3.43,1.0,FC,R,B,False,,ball
745535-6-3,2024,2024-09-10,-0.66,3.42,1.0,FF,R,S,False,,swinging_strike
745535-6-2,2024,2024-09-10,0.39,1.84,9.0,FC,R,S,False,,foul
745535-6-1,2024,2024-09-10,1.93,1.07,14.0,FC,R,B,False,,ball
745534-23-5,2024,2024-09-09,-0.76,3.14,1.0,FF,L,X,True,field_out,hit_into_play
745534-23-4,2024,2024-09-09,-1.07,2.63,11.0,FC,L,S,False,,foul
745534-23-3,2024,2024-09-09,1.12,2.14,14.0,CH,L,B,False,,ball
745534-23-2,2024,2024-09-09,-1.38,2.87,11.0,FF,L,B,False,,ball
745534-23-1,2024,2024-09-09,0.33,2.4,6.0,FC,L,S,False,,called_strike
745534-65-5,2024,2024-09-09,0.36,2.49,6.0,SI,R,X,True,field_out,hit_into_play
745534-65-4,2024,2024-09-09,1.16,1.19,14.0,SL,R,B,False,,ball
745534-65-3,2024,2024-09-09,2.45,0.52,14.0,SL,R,B,False,,ball
745534-65-2,2024,2024-09-09,2.07,1.09,14.0,SL,R,B,False,,ball
745534-65-1,2024,2024-09-09,-1.07,3.11,11.0,SI,R,S,False,,foul
745534-6-4,2024,2024-09-09,0.38,2.16,9.0,FF,R,X,True,field_out,hit_into_play
745534-6-3,2024,2024-09-09,0.21,1.26,14.0,CH,R,B,False,,ball
745534-6-2,2024,2024-09-09,0.73,3.91,12.0,FF,R,B,False,,ball
745534-6-1,2024,2024-09-09,0.53,2.87,6.0,FF,R,S,False,,foul
745534-43-5,2024,2024-09-09,0.38,2.49,6.0,SI,R,X,True,single,hit_into_play
745534-43-4,2024,2024-09-09,1.72,1.71,14.0,ST,R,B,False,,ball
745534-43-3,2024,2024-09-09,2.69,1.77,14.0,ST,R,B,False,,ball
745534-43-2,2024,2024-09-09,0.37,1.75,9.0,SI,R,S,False,,called_strike
745534-43-1,2024,2024-09-09,-0.97,2.7,11.0,SI,R,S,False,,foul
746017-32-4,2024,2024-09-08,0.45,2.5,6.0,FF,R,X,True,double_play,hit_into_play
746017-32-3,2024,2024-09-08,1.3,2.64,12.0,SL,R,B,False,,ball
746017-32-2,2024,2024-09-08,-0.41,1.06,13.0,CH,R,S,False,,swinging_strike
746017-32-1,2024,2024-09-08,-0.19,1.73,8.0,FF,R,S,False,,called_strike
746017-2-5,2024,2024-09-08,0.33,1.71,9.0,CU,R,X,True,field_out,hit_into_play
746017-2-4,2024,2024-09-08,-0.4,3.18,1.0,FF,R,S,False,,foul
746017-2-3,2024,2024-09-08,1.85,2.31,14.0,SL,R,B,False,,ball
746017-2-2,2024,2024-09-08,-0.34,3.25,1.0,FF,R,S,False,,swinging_strike
746017-2-1,2024,2024-09-08,-0.42,3.97,11.0,FF,R,S,False,,swinging_strike
746018-21-3,2024,2024-09-07,1.15,2.29,14.0,ST,R,X,True,field_out,hit_into_play
746018-21-2,2024,2024-09-07,-0.71,2.57,4.0,SI,R,S,False,,foul
746018-21-1,2024,2024-09-07,0.8,1.9,9.0,SI,R,S,False,,called_strike
746018-68-10,2024,2024-09-07,0.9,2.74,12.0,SI,R,S,False,strikeout,called_strike
746018-2-5,2024,2024-09-07,-0.75,3.42,1.0,FF,R,S,False,strikeout,swinging_strike
746018-68-9,2024,2024-09-07,0.36,2.29,6.0,ST,R,S,False,,foul
746018-68-8,2024,2024-09-07,0.52,2.35,6.0,ST,R,S,False,,foul
746018-2-4,2024,2024-09-07,0.8,2.18,9.0,ST,R,S,False,,foul
746018-2-3,2024,2024-09-07,-0.44,3.03,1.0,FF,R,S,False,,foul_tip
746018-68-7,2024,2024-09-07,-0.65,3.34,1.0,SI,R,S,False,,foul
746018-68-6,2024,2024-09-07,-0.71,1.42,13.0,ST,R,S,False,,foul
746018-2-2,2024,2024-09-07,-0.57,3.23,1.0,ST,R,S,False,,called_strike
746018-68-5,2024,2024-09-07,1.33,1.53,14.0,ST,R,B,False,,ball
746018-2-1,2024,2024-09-07,1.17,2.48,14.0,FF,R,B,False,,ball
746018-68-4,2024,2024-09-07,0.45,3.87,12.0,SI,R,B,False,,ball
746018-68-3,2024,2024-09-07,2.09,2.34,14.0,ST,R,B,False,,ball
746018-42-3,2024,2024-09-07,0.33,3.43,3.0,FF,R,X,True,field_out,hit_into_play
746018-42-2,2024,2024-09-07,2.08,1.45,14.0,SL,R,B,False,,ball
746018-68-2,2024,2024-09-07,0.62,2.6,6.0,ST,R,S,False,,foul
746018-42-1,2024,2024-09-07,1.1,1.8,14.0,SL,R,S,False,,swinging_strike
746018-68-1,2024,2024-09-07,-0.43,2.49,4.0,ST,R,S,False,,called_strike
746016-14-2,2024,2024-09-06,0.19,1.98,8.0,SI,L,X,True,home_run,hit_into_play
746016-14-1,2024,2024-09-06,-0.12,2.8,5.0,SI,L,S,False,,foul
746016-56-9,2024,2024-09-06,-1.55,3.85,11.0,FF,R,B,False,walk,ball
746016-56-8,2024,2024-09-06,0.72,1.22,14.0,SL,R,B,False,,ball
746016-44-1,2024,2024-09-06,0.28,1.84,9.0,SL,R,X,True,double,hit_into_play
746016-56-7,2024,2024-09-06,-0.49,3.5,1.0,FF,R,S,False,,foul
746016-56-6,2024,2024-09-06,-0.39,3.49,1.0,FF,R,S,False,,foul
746016-56-5,2024,2024-09-06,0.7,1.56,14.0,SL,R,S,False,,foul
746016-56-4,2024,2024-09-06,2.35,0.24,14.0,SL,R,B,False,,ball
746016-56-3,2024,2024-09-06,-0.11,4.44,11.0,FF,R,B,False,,ball
746016-26-2,2024,2024-09-06,-0.21,2.66,5.0,FF,L,X,True,field_out,hit_into_play
746016-56-2,2024,2024-09-06,0.14,2.14,8.0,FF,R,S,False,,foul
746016-26-1,2024,2024-09-06,-0.19,3.21,2.0,FF,L,S,False,,foul
746016-72-3,2024,2024-09-06,0.01,2.62,5.0,FA,R,X,True,grounded_into_double_play,hit_into_play
746016-56-1,2024,2024-09-06,0.0,1.96,8.0,FF,R,S,False,,called_strike
746016-72-2,2024,2024-09-06,-0.46,3.15,1.0,FA,R,S,False,,called_strike
746016-72-1,2024,2024-09-06,-1.41,3.01,11.0,FA,R,B,False,,ball
746016-2-2,2024,2024-09-06,0.41,1.37,14.0,CH,L,X,True,single,hit_into_play
746016-2-1,2024,2024-09-06,-0.2,2.13,8.0,SI,L,S,False,,called_strike
746021-35-1,2024,2024-09-05,0.2,1.86,8.0,CU,R,X,True,field_out,hit_into_play
746021-18-1,2024,2024-09-05,0.12,2.32,5.0,SV,R,X,True,field_out,hit_into_play
746021-48-5,2024,2024-09-05,0.17,2.78,5.0,FF,L,X,True,field_out,hit_into_play
746021-48-4,2024,2024-09-05,-0.48,0.58,13.0,FF,L,B,False,,ball
746021-48-3,2024,2024-09-05,0.85,2.12,14.0,SL,L,B,False,,ball
746021-48-2,2024,2024-09-05,-0.26,3.92,11.0,FF,L,B,False,,ball
746021-48-1,2024,2024-09-05,-0.91,2.2,13.0,SL,L,S,False,,called_strike
746021-2-6,2024,2024-09-05,0.66,1.74,9.0,FF,R,B,False,walk,ball
746021-2-5,2024,2024-09-05,-0.46,3.22,1.0,FF,R,S,False,,swinging_strike
746021-71-4,2024,2024-09-05,-0.3,3.1,1.0,SI,R,X,True,field_out,hit_into_play
746021-2-4,2024,2024-09-05,0.51,1.75,9.0,FF,R,S,False,,called_strike
746021-71-3,2024,2024-09-05,0.52,1.08,14.0,SL,R,B,False,,ball
746021-2-3,2024,2024-09-05,-2.1,3.21,11.0,FF,R,B,False,,ball
746021-71-2,2024,2024-09-05,0.75,1.92,9.0,SI,R,S,False,,foul
746021-2-2,2024,2024-09-05,0.11,1.2,14.0,FF,R,B,False,,ball
746021-2-1,2024,2024-09-05,1.46,1.59,14.0,SV,R,B,False,,ball
746021-71-1,2024,2024-09-05,-0.36,1.6,7.0,SI,R,S,False,,called_strike
744887-36-7,2024,2024-09-04,0.91,1.94,14.0,FF,R,X,True,field_out,hit_into_play
744887-36-6,2024,2024-09-04,0.6,1.53,14.0,FS,R,S,False,,foul
744887-36-5,2024,2024-09-04,0.85,2.88,12.0,FF,R,S,False,,foul
744887-36-4,2024,2024-09-04,-1.47,1.29,13.0,FS,R,B,False,,ball
744887-36-3,2024,2024-09-04,0.23,2.02,8.0,SI,R,S,False,,foul_tip
744887-36-2,2024,2024-09-04,-0.28,1.85,7.0,CU,R,S,False,,foul
744887-36-1,2024,2024-09-04,0.21,4.05,12.0,FF,R,B,False,,ball
744887-17-1,2024,2024-09-04,0.73,1.99,9.0,SL,R,X,True,grounded_into_double_play,hit_into_play
744887-56-7,2024,2024-09-04,0.2,3.86,12.0,SI,R,B,False,walk,ball
744887-2-5,2024,2024-09-04,0.23,3.45,2.0,FF,R,X,True,field_out,hit_into_play
744887-56-6,2024,2024-09-04,0.96,1.98,14.0,CU,R,S,False,,foul
744887-2-4,2024,2024-09-04,-0.95,2.89,11.0,FS,R,S,False,,foul
744887-2-3,2024,2024-09-04,0.69,1.55,14.0,SL,R,S,False,,swinging_strike
744887-56-5,2024,2024-09-04,-0.93,4.7,11.0,CU,R,B,False,,ball
744887-2-2,2024,2024-09-04,1.87,0.99,14.0,SL,R,B,False,,ball
744887-56-4,2024,2024-09-04,-0.33,3.17,1.0,SL,R,S,False,,called_strike
744887-2-1,2024,2024-09-04,0.99,3.08,12.0,FF,R,S,False,,foul
744887-56-3,2024,2024-09-04,2.33,0.94,14.0,SL,R,B,False,,ball
744887-56-2,2024,2024-09-04,0.56,3.25,3.0,SL,R,S,False,,called_strike
744887-56-1,2024,2024-09-04,0.66,3.85,12.0,SI,R,B,False,,ball
744891-40-1,2024,2024-09-03,-0.46,2.75,4.0,SI,R,X,True,single,hit_into_play
744891-27-3,2024,2024-09-03,0.98,3.33,12.0,ST,R,X,True,field_error,hit_into_play
744891-27-2,2024,2024-09-03,-0.14,3.49,2.0,SI,R,S,False,,foul
744891-27-1,2024,2024-09-03,0.58,3.13,3.0,SI,R,S,False,,called_strike
744891-87-4,2024,2024-09-03,1.99,1.56,14.0,SL,R,S,False,strikeout,swinging_strike
744891-87-3,2024,2024-09-03,1.63,1.15,14.0,SL,R,S,False,,swinging_strike
744891-87-2,2024,2024-09-03,0.97,2.71,12.0,SL,R,S,False,,called_strike
744891-87-1,2024,2024-09-03,1.24,1.95,14.0,FF,R,B,False,,ball
744891-56-4,2024,2024-09-03,0.6,2.77,6.0,FC,L,X,True,single,hit_into_play
744891-56-3,2024,2024-09-03,-1.91,-0.93,13.0,KC,L,B,False,,ball
744891-2-3,2024,2024-09-03,0.42,2.73,6.0,SL,R,X,True,double,hit_into_play
744891-56-2,2024,2024-09-03,-0.11,0.76,13.0,KC,L,S,False,,swinging_strike
744891-56-1,2024,2024-09-03,-1.39,0.74,13.0,SI,L,B,False,,ball
744891-2-2,2024,2024-09-03,1.1,2.27,14.0,SI,R,B,False,,ball
744891-70-1,2024,2024-09-03,0.24,1.85,8.0,CU,L,X,True,field_out,hit_into_play
744891-2-1,2024,2024-09-03,-0.7,2.46,4.0,SI,R,S,False,,called_strike
745536-43-3,2024,2024-09-01,0.98,2.75,12.0,FC,R,X,True,single,hit_into_play
745536-43-2,2024,2024-09-01,1.37,1.38,14.0,FF,R,B,False,,ball
745536-43-1,2024,2024-09-01,0.52,2.21,9.0,FC,R,S,False,,called_strike
745536-22-3,2024,2024-09-01,0.32,2.64,6.0,FC,R,S,False,strikeout,swinging_strike
745536-22-2,2024,2024-09-01,0.06,3.23,2.0,FC,R,S,False,,swinging_strike
745536-22-1,2024,2024-09-01,0.13,2.52,5.0,FF,R,S,False,,called_strike
745536-59-4,2024,2024-09-01,0.63,0.96,14.0,SL,R,S,False,strikeout,swinging_strike
745536-59-3,2024,2024-09-01,0.36,2.04,9.0,SL,R,S,False,,swinging_strike
745536-59-2,2024,2024-09-01,1.02,0.76,14.0,SL,R,S,False,,swinging_strike
745536-59-1,2024,2024-09-01,1.5,1.98,14.0,FF,R,B,False,,ball
745536-6-1,2024,2024-09-01,0.45,2.0,9.0,FF,R,X,True,field_out,hit_into_play
745536-80-5,2024,2024-09-01,-0.81,0.67,13.0,ST,L,B,False,walk,blocked_ball
745536-80-4,2024,2024-09-01,0.29,1.93,9.0,SI,L,S,False,,called_strike
745536-80-3,2024,2024-09-01,-0.12,1.23,13.0,ST,L,B,False,,ball
745536-80-2,2024,2024-09-01,-1.12,0.59,13.0,ST,L,B,False,,blocked_ball
745536-80-1,2024,2024-09-01,-1.66,1.4,13.0,ST,L,B,False,,ball
745532-43-9,2024,2024-08-31,-0.54,3.48,1.0,FF,L,X,True,home_run,hit_into_play
745532-43-8,2024,2024-08-31,-0.7,0.77,13.0,CH,L,B,False,,ball
745532-43-7,2024,2024-08-31,1.0,2.76,12.0,CU,L,B,False,,ball
745532-43-6,2024,2024-08-31,-0.99,3.19,11.0,FF,L,S,False,,foul
745532-43-5,2024,2024-08-31,-1.21,2.45,13.0,FF,L,S,False,,foul
745532-43-4,2024,2024-08-31,-0.21,3.68,11.0,FF,L,S,False,,foul
745532-43-3,2024,2024-08-31,1.18,0.73,14.0,CU,L,B,False,,ball
745532-43-2,2024,2024-08-31,-0.11,3.96,11.0,FF,L,S,False,,swinging_strike
745532-43-1,2024,2024-08-31,0.8,2.51,6.0,CU,L,S,False,,called_strike
745532-22-5,2024,2024-08-31,-1.18,1.77,13.0,FF,L,S,False,strikeout,swinging_strike
745532-22-4,2024,2024-08-31,-0.14,4.22,11.0,FF,L,B,False,,ball
745532-22-3,2024,2024-08-31,0.62,1.19,14.0,CH,L,S,False,,swinging_strike
745532-22-2,2024,2024-08-31,0.71,3.45,3.0,SI,L,B,False,,ball
745532-22-1,2024,2024-08-31,0.73,2.82,6.0,CH,L,S,False,,swinging_strike
745532-5-2,2024,2024-08-31,-1.02,2.31,13.0,FF,L,X,True,field_out,hit_into_play
745532-5-1,2024,2024-08-31,0.05,2.11,8.0,SI,L,S,False,,called_strike
745532-59-3,2024,2024-08-31,1.21,2.58,14.0,FC,R,S,False,strikeout,swinging_strike
745532-59-2,2024,2024-08-31,0.59,1.93,9.0,FC,R,S,False,,called_strike
745532-59-1,2024,2024-08-31,0.87,2.78,12.0,SI,R,S,False,,called_strike
745533-42-6,2024,2024-08-30,0.67,2.21,9.0,FF,R,X,True,field_out,hit_into_play
745533-42-5,2024,2024-08-30,-0.61,1.6,7.0,FF,R,B,False,,ball
745533-42-4,2024,2024-08-30,0.02,2.8,5.0,FF,R,S,False,,foul
745533-42-3,2024,2024-08-30,1.76,-0.01,14.0,SL,R,B,False,,ball
745533-42-2,2024,2024-08-30,0.97,0.39,14.0,SL,R,B,False,,ball
745533-42-1,2024,2024-08-30,0.18,2.21,8.0,FF,R,S,False,,foul
745533-22-7,2024,2024-08-30,1.73,1.5,14.0,SL,R,S,False,strikeout,swinging_strike
745533-22-6,2024,2024-08-30,-0.47,1.78,7.0,CU,R,S,False,,foul
745533-22-5,2024,2024-08-30,-0.13,1.98,8.0,FF,R,S,False,,foul
745533-22-4,2024,2024-08-30,0.5,2.87,6.0,SL,R,S,False,,foul
745533-22-3,2024,2024-08-30,-0.54,2.55,4.0,FF,R,S,False,,foul
745533-22-2,2024,2024-08-30,0.57,1.19,14.0,FF,R,B,False,,ball
745533-22-1,2024,2024-08-30,-0.05,2.86,5.0,SL,R,S,False,,called_strike
745533-65-10,2024,2024-08-30,-0.15,2.81,5.0,FF,R,X,True,field_out,hit_into_play
745533-65-9,2024,2024-08-30,-0.78,3.25,1.0,FF,R,S,False,,foul
745533-5-4,2024,2024-08-30,-0.33,2.26,7.0,FF,R,X,True,field_out,hit_into_play
745533-65-8,2024,2024-08-30,1.83,0.42,14.0,SL,R,B,False,,ball
745533-65-7,2024,2024-08-30,-0.41,2.49,4.0,SL,R,S,False,,foul
745533-5-3,2024,2024-08-30,0.78,1.86,9.0,FF,R,B,False,,ball
745533-5-2,2024,2024-08-30,-0.05,3.01,5.0,FF,R,S,False,,called_strike
745533-65-6,2024,2024-08-30,-0.53,2.73,4.0,SL,R,S,False,,foul
745533-5-1,2024,2024-08-30,0.2,3.92,12.0,FF,R,B,False,,ball
745533-65-5,2024,2024-08-30,0.56,0.99,14.0,SL,R,S,False,,foul
745533-65-4,2024,2024-08-30,1.01,2.21,14.0,SL,R,S,False,,foul
745533-65-3,2024,2024-08-30,1.38,3.4,12.0,FF,R,B,False,,ball
745533-65-2,2024,2024-08-30,1.68,1.34,14.0,FF,R,B,False,,ball
745533-65-1,2024,2024-08-30,-0.2,3.49,11.0,FF,R,S,False,,called_strike
745531-41-4,2024,2024-08-29,0.2,1.75,8.0,CU,R,X,True,force_out,hit_into_play
745531-41-3,2024,2024-08-29,1.75,1.56,14.0,CU,R,S,False,,swinging_strike
745531-41-2,2024,2024-08-29,-0.99,2.67,11.0,CU,R,B,False,,ball
745531-41-1,2024,2024-08-29,-0.57,2.19,7.0,CU,R,S,False,,foul
745531-25-5,2024,2024-08-29,-0.01,2.59,5.0,FF,R,X,True,field_out,hit_into_play
745531-25-4,2024,2024-08-29,1.62,2.09,14.0,FF,R,B,False,,ball
745531-25-3,2024,2024-08-29,-0.28,2.18,7.0,FC,R,S,False,,called_strike
745531-25-2,2024,2024-08-29,1.48,1.79,14.0,FF,R,B,False,,ball
745531-25-1,2024,2024-08-29,1.1,2.32,14.0,FF,R,B,False,,ball
745531-6-2,2024,2024-08-29,-0.45,2.27,4.0,CU,R,X,True,field_out,hit_into_play
745531-59-5,2024,2024-08-29,1.34,1.17,14.0,SI,L,B,False,walk,ball
745531-6-1,2024,2024-08-29,0.26,2.76,5.0,CU,R,S,False,,called_strike
745531-59-4,2024,2024-08-29,-0.02,0.84,13.0,ST,L,B,False,,ball
745531-59-3,2024,2024-08-29,0.28,1.6,9.0,ST,L,B,False,,ball
745531-59-2,2024,2024-08-29,-1.0,1.78,13.0,ST,L,S,False,,foul
745531-59-1,2024,2024-08-29,0.88,1.73,14.0,ST,L,B,False,,ball
745541-69-8,2024,2024-08-28,1.16,2.14,14.0,CU,R,X,True,single,hit_into_play
745541-69-7,2024,2024-08-28,0.08,1.71,8.0,CU,R,S,False,,foul
745541-69-6,2024,2024-08-28,0.64,2.63,6.0,FC,R,S,False,,foul
745541-69-5,2024,2024-08-28,1.3,0.93,14.0,ST,R,B,False,,ball
745541-69-4,2024,2024-08-28,1.52,3.47,12.0,FF,R,B,False,,ball
745541-69-3,2024,2024-08-28,0.77,2.5,6.0,FF,R,S,False,,foul
745541-69-2,2024,2024-08-28,-0.25,3.87,11.0,FC,R,S,False,,swinging_strike
745541-69-1,2024,2024-08-28,-0.31,4.28,11.0,FF,R,B,False,,ball
745541-48-4,2024,2024-08-28,0.68,2.38,6.0,ST,R,X,True,field_out,hit_into_play
745541-48-3,2024,2024-08-28,-0.6,2.72,4.0,FF,R,S,False,,foul
745541-48-2,2024,2024-08-28,1.62,1.69,14.0,ST,R,B,False,,ball
745541-48-1,2024,2024-08-28,0.79,1.81,9.0,FC,R,S,False,,called_strike
745541-24-6,2024,2024-08-28,0.59,1.5,14.0,ST,R,S,False,strikeout,swinging_strike
745541-24-5,2024,2024-08-28,-0.24,3.4,2.0,FF,R,S,False,,foul
745541-24-4,2024,2024-08-28,0.27,3.24,2.0,FF,R,S,False,,foul
745541-24-3,2024,2024-08-28,0.82,2.44,6.0,ST,R,B,False,,ball
745541-24-2,2024,2024-08-28,0.75,1.55,14.0,FF,R,B,False,,ball
745541-24-1,2024,2024-08-28,-1.16,2.92,11.0,CU,R,B,False,,ball
745541-7-2,2024,2024-08-28,-0.29,3.39,1.0,FC,R,X,True,field_out,hit_into_play
745541-7-1,2024,2024-08-28,0.64,0.74,14.0,CU,R,B,False,,ball
745540-40-2,2024,2024-08-27,0.38,3.16,3.0,FF,R,X,True,field_out,hit_into_play
745540-40-1,2024,2024-08-27,1.19,1.43,14.0,SL,R,B,False,,ball
745540-22-5,2024,2024-08-27,0.84,2.51,14.0,FF,R,X,True,single,hit_into_play
745540-22-4,2024,2024-08-27,0.62,1.71,9.0,FF,R,B,False,,ball
745540-22-3,2024,2024-08-27,0.39,4.18,12.0,FF,R,S,False,,foul
745540-22-2,2024,2024-08-27,0.32,2.65,6.0,FF,R,S,False,,foul
745540-22-1,2024,2024-08-27,0.61,1.56,14.0,CU,R,S,False,,swinging_strike
745540-6-5,2024,2024-08-27,0.74,1.03,14.0,SL,R,B,False,walk,ball
745540-55-2,2024,2024-08-27,0.04,2.52,5.0,FC,L,X,True,single,hit_into_play
745540-6-4,2024,2024-08-27,0.21,2.08,8.0,FF,R,S,False,,called_strike
745540-55-1,2024,2024-08-27,0.53,3.37,3.0,FF,L,S,False,,foul
745540-6-3,2024,2024-08-27,0.98,1.72,14.0,SL,R,B,False,,ball
745540-6-2,2024,2024-08-27,1.31,1.36,14.0,CU,R,B,False,,ball
745540-6-1,2024,2024-08-27,1.2,2.46,14.0,SL,R,B,False,,ball
745538-42-5,2024,2024-08-26,0.8,1.97,9.0,SL,R,S,False,strikeout,swinging_strike
745538-42-4,2024,2024-08-26,0.01,3.68,12.0,SL,R,S,False,,foul
745538-42-3,2024,2024-08-26,1.85,1.5,14.0,CU,R,B,False,,ball
745538-42-2,2024,2024-08-26,0.56,2.93,3.0,FF,R,S,False,,foul
745538-42-1,2024,2024-08-26,0.48,2.95,3.0,FF,R,S,False,,foul
745538-24-1,2024,2024-08-26,-0.58,2.79,4.0,SL,R,X,True,single,hit_into_play
745538-77-6,2024,2024-08-26,1.32,4.57,12.0,SI,L,B,False,walk,ball
745538-77-5,2024,2024-08-26,-0.27,3.83,11.0,SI,L,S,False,,foul
745538-77-4,2024,2024-08-26,-0.13,2.93,5.0,SI,L,S,False,,called_strike
745538-77-3,2024,2024-08-26,-0.38,1.22,13.0,SL,L,B,False,,ball
745538-58-5,2024,2024-08-26,-1.15,2.68,11.0,FF,R,X,True,double,hit_into_play
745538-58-4,2024,2024-08-26,0.81,1.24,14.0,ST,R,B,False,,ball
745538-77-2,2024,2024-08-26,-1.53,2.18,13.0,SI,L,B,False,,ball
745538-58-3,2024,2024-08-26,0.99,0.53,14.0,FF,R,B,False,,ball
745538-77-1,2024,2024-08-26,-0.79,3.71,11.0,SI,L,B,False,,ball
745538-58-2,2024,2024-08-26,0.74,1.97,9.0,FF,R,S,False,,called_strike
745538-58-1,2024,2024-08-26,1.87,0.14,14.0,ST,R,S,False,,swinging_strike
745538-6-7,2024,2024-08-26,0.18,2.92,2.0,SL,R,X,True,fielders_choice,hit_into_play
745538-6-6,2024,2024-08-26,0.75,2.0,9.0,SL,R,S,False,,foul
745538-6-5,2024,2024-08-26,0.33,4.25,12.0,FF,R,B,False,,ball
745538-6-4,2024,2024-08-26,-0.01,2.82,5.0,SL,R,S,False,,foul
745538-6-3,2024,2024-08-26,0.86,1.78,14.0,SL,R,S,False,,swinging_strike
745538-6-2,2024,2024-08-26,1.35,0.33,14.0,SL,R,B,False,,blocked_ball
745538-6-1,2024,2024-08-26,0.41,2.68,6.0,FF,R,S,False,,called_strike
746263-34-1,2024,2024-08-25,0.66,1.9,9.0,SV,R,X,True,field_out,hit_into_play
746263-20-1,2024,2024-08-25,-0.12,2.13,8.0,SI,R,X,True,field_out,hit_into_play
746263-68-3,2024,2024-08-25,0.35,2.27,6.0,CH,L,X,True,field_out,hit_into_play
746263-68-2,2024,2024-08-25,1.22,2.82,12.0,CH,L,B,False,,ball
746263-68-1,2024,2024-08-25,0.35,2.14,9.0,CU,L,S,False,,called_strike
746263-2-2,2024,2024-08-25,0.56,2.07,9.0,SI,R,X,True,single,hit_into_play
746263-2-1,2024,2024-08-25,0.61,2.18,9.0,FF,R,S,False,,called_strike
746263-52-2,2024,2024-08-25,0.29,1.11,14.0,CH,L,X,True,grounded_into_double_play,hit_into_play
746263-52-1,2024,2024-08-25,-0.48,2.31,4.0,SL,L,S,False,,foul
746271-34-4,2024,2024-08-24,1.24,1.79,14.0,SL,R,X,True,single,hit_into_play
746271-34-3,2024,2024-08-24,0.87,1.7,14.0,SI,R,S,False,,foul
746271-34-2,2024,2024-08-24,0.73,1.66,9.0,ST,R,S,False,,swinging_strike
746271-34-1,2024,2024-08-24,0.86,1.0,14.0,SL,R,B,False,,ball
746271-18-5,2024,2024-08-24,0.26,1.74,8.0,SI,R,X,True,single,hit_into_play
746271-18-4,2024,2024-08-24,1.73,0.62,14.0,SL,R,B,False,,blocked_ball
746271-18-3,2024,2024-08-24,-0.74,2.59,4.0,SL,R,S,False,,called_strike
746271-18-2,2024,2024-08-24,1.36,1.19,14.0,SL,R,B,False,,ball
746271-18-1,2024,2024-08-24,0.81,1.66,14.0,SL,R,B,False,,ball
746271-66-2,2024,2024-08-24,0.27,3.5,2.0,FF,L,X,True,single,hit_into_play
746271-2-6,2024,2024-08-24,0.12,2.77,5.0,SI,R,X,True,field_out,hit_into_play
746271-2-5,2024,2024-08-24,0.15,3.53,2.0,SL,R,B,False,,ball
746271-66-1,2024,2024-08-24,0.17,2.57,5.0,CU,L,S,False,,foul
746271-2-4,2024,2024-08-24,2.37,1.53,14.0,SL,R,B,False,,ball
746271-2-3,2024,2024-08-24,1.4,1.8,14.0,ST,R,S,False,,swinging_strike
746271-52-5,2024,2024-08-24,0.27,1.83,8.0,SL,R,X,True,field_out,hit_into_play
746271-52-4,2024,2024-08-24,0.98,1.1,14.0,FF,R,B,False,,ball
746271-2-2,2024,2024-08-24,-0.83,1.16,13.0,SI,R,B,False,,ball
746271-52-3,2024,2024-08-24,-0.09,2.93,5.0,FF,R,S,False,,foul
746271-2-1,2024,2024-08-24,0.84,2.07,14.0,SL,R,S,False,,swinging_strike
746271-52-2,2024,2024-08-24,0.99,0.52,14.0,SL,R,B,False,,ball
746271-52-1,2024,2024-08-24,1.34,1.23,14.0,SL,R,B,False,,ball
746268-47-1,2024,2024-08-23,-0.18,2.77,5.0,FC,R,X,True,field_error,hit_into_play
746268-20-4,2024,2024-08-23,-0.58,2.28,4.0,SI,R,X,True,grounded_into_double_play,hit_into_play
746268-20-3,2024,2024-08-23,-0.86,1.11,13.0,CH,R,B,False,,ball
746268-20-2,2024,2024-08-23,-0.22,1.36,13.0,CH,R,S,False,,swinging_strike
746268-20-1,2024,2024-08-23,0.49,1.57,9.0,CU,R,S,False,,called_strike
746268-77-5,2024,2024-08-23,0.1,2.35,5.0,SL,R,S,False,strikeout,called_strike
746268-77-4,2024,2024-08-23,0.98,1.36,14.0,SL,R,B,False,,ball
746268-77-3,2024,2024-08-23,0.58,1.56,14.0,SL,R,S,False,,swinging_strike
746268-77-2,2024,2024-08-23,0.31,4.42,12.0,SL,R,B,False,,ball
746268-77-1,2024,2024-08-23,0.04,2.38,5.0,FF,R,S,False,,called_strike
746268-2-6,2024,2024-08-23,0.14,0.54,14.0,CH,R,S,False,strikeout,swinging_strike
746268-2-5,2024,2024-08-23,0.5,0.7,14.0,CH,R,B,False,,ball
746268-65-6,2024,2024-08-23,0.63,2.34,6.0,FF,L,S,False,strikeout,called_strike
746268-2-4,2024,2024-08-23,1.37,3.1,12.0,SI,R,B,False,,ball
746268-65-5,2024,2024-08-23,0.45,3.85,12.0,FF,L,B,False,,ball
746268-65-4,2024,2024-08-23,0.79,4.47,12.0,FF,L,B,False,,ball
746268-2-3,2024,2024-08-23,-0.04,2.4,5.0,CU,R,S,False,,called_strike
746268-2-2,2024,2024-08-23,0.66,3.04,3.0,SL,R,S,False,,called_strike
746268-65-3,2024,2024-08-23,-0.69,0.74,13.0,SL,L,S,False,,swinging_strike
746268-65-2,2024,2024-08-23,-0.04,2.07,8.0,CH,L,S,False,,called_strike
746268-2-1,2024,2024-08-23,0.98,2.08,14.0,FF,R,B,False,,ball
746268-65-1,2024,2024-08-23,-0.13,1.35,13.0,SL,L,B,False,,ball
747082-43-1,2024,2024-08-22,0.33,1.96,9.0,SL,R,X,True,field_out,hit_into_play
747082-21-7,2024,2024-08-22,-0.75,2.91,4.0,SL,R,X,True,field_out,hit_into_play
747082-21-6,2024,2024-08-22,-0.08,1.46,13.0,FS,R,S,False,,foul
747082-21-5,2024,2024-08-22,-0.83,3.29,1.0,FF,R,S,False,,foul
747082-21-4,2024,2024-08-22,0.55,0.39,14.0,SL,R,B,False,,ball
747082-21-3,2024,2024-08-22,-1.14,0.35,13.0,CU,R,B,False,,ball
747082-21-2,2024,2024-08-22,-0.53,1.49,13.0,SL,R,S,False,,foul
747082-21-1,2024,2024-08-22,0.42,0.44,14.0,SL,R,S,False,,swinging_strike
747082-60-5,2024,2024-08-22,-0.07,1.93,8.0,CU,R,X,True,grounded_into_double_play,hit_into_play
747082-60-4,2024,2024-08-22,-1.0,3.33,11.0,CU,R,S,False,,foul
747082-60-3,2024,2024-08-22,-0.67,3.83,11.0,FF,R,B,False,,ball
747082-60-2,2024,2024-08-22,1.72,1.98,14.0,CU,R,B,False,,ball
747082-60-1,2024,2024-08-22,-0.54,3.49,1.0,CU,R,S,False,,called_strike
747082-2-3,2024,2024-08-22,0.68,2.34,6.0,SL,R,X,True,force_out,hit_into_play
747082-2-2,2024,2024-08-22,0.63,2.09,9.0,FF,R,S,False,,foul
747082-2-1,2024,2024-08-22,-0.85,2.48,13.0,FF,R,S,False,,foul
747084-43-2,2024,2024-08-21,-0.92,2.08,13.0,FF,L,X,True,sac_fly,hit_into_play
747084-43-1,2024,2024-08-21,-0.42,1.58,7.0,FF,L,S,False,,called_strike
747084-25-4,2024,2024-08-21,-0.56,2.54,4.0,SI,L,X,True,grounded_into_double_play,hit_into_play
747084-25-3,2024,2024-08-21,-0.08,0.77,13.0,CU,L,S,False,,foul
747084-25-2,2024,2024-08-21,-1.08,2.87,11.0,FF,L,S,False,,foul
747084-25-1,2024,2024-08-21,-0.81,4.29,11.0,FF,L,B,False,,ball
747084-2-3,2024,2024-08-21,-0.76,1.91,7.0,FF,L,X,True,field_out,hit_into_play
747084-2-2,2024,2024-08-21,-0.09,1.85,8.0,FF,L,S,False,,foul
747084-2-1,2024,2024-08-21,-0.96,2.3,13.0,SI,L,B,False,,ball
747084-62-5,2024,2024-08-21,0.74,-0.5,14.0,CU,R,S,False,strikeout,swinging_strike
747084-62-4,2024,2024-08-21,0.82,0.79,14.0,CU,R,B,False,,ball
747084-62-2,2024,2024-08-21,-0.12,2.18,8.0,FF,R,S,False,,foul
747084-62-1,2024,2024-08-21,0.61,2.56,6.0,FF,R,S,False,,called_strike
747083-36-3,2024,2024-08-20,-0.19,2.71,5.0,FF,R,X,True,field_out,hit_into_play
747083-36-2,2024,2024-08-20,-1.2,3.71,11.0,FF,R,B,False,,ball
747083-36-1,2024,2024-08-20,-0.1,2.58,5.0,FF,R,S,False,,foul
747083-19-2,2024,2024-08-20,0.34,2.46,6.0,FF,R,X,True,field_out,hit_into_play
747083-19-1,2024,2024-08-20,-0.5,2.17,4.0,CU,R,S,False,,called_strike
747083-2-4,2024,2024-08-20,0.42,3.32,3.0,FF,R,X,True,field_out,hit_into_play
747083-2-3,2024,2024-08-20,0.45,1.02,14.0,SL,R,S,False,,swinging_strike
747083-58-4,2024,2024-08-20,0.5,2.27,9.0,SL,R,X,True,field_out,hit_into_play
747083-58-3,2024,2024-08-20,1.18,0.86,14.0,SL,R,B,False,,ball
747083-2-2,2024,2024-08-20,1.53,1.99,14.0,SL,R,B,False,,ball
747083-58-2,2024,2024-08-20,0.93,1.51,14.0,SL,R,S,False,,swinging_strike
747083-2-1,2024,2024-08-20,0.29,3.18,3.0,FF,R,S,False,,foul
747083-58-1,2024,2024-08-20,0.17,2.38,5.0,FF,R,S,False,,foul
745539-43-7,2024,2024-08-18,-0.23,2.14,8.0,CH,R,S,False,strikeout,foul_tip
745539-43-6,2024,2024-08-18,0.49,3.47,3.0,FF,R,S,False,,foul
745539-43-5,2024,2024-08-18,-0.08,2.59,5.0,CU,R,S,False,,foul
745539-43-4,2024,2024-08-18,0.2,4.22,12.0,FF,R,B,False,,ball
745539-43-3,2024,2024-08-18,0.03,2.35,5.0,CU,R,S,False,,foul
745539-43-2,2024,2024-08-18,-1.23,2.32,13.0,CH,R,B,False,,ball
745539-43-1,2024,2024-08-18,-1.81,2.71,11.0,CH,R,B,False,,ball
745539-23-2,2024,2024-08-18,-0.04,3.07,2.0,SI,R,X,True,home_run,hit_into_play
745539-23-1,2024,2024-08-18,-0.27,3.54,11.0,SI,R,B,False,,ball
745539-61-2,2024,2024-08-18,0.53,1.98,9.0,SI,L,X,True,field_out,hit_into_play
745539-61-1,2024,2024-08-18,-0.18,2.42,5.0,FF,L,S,False,,foul
745539-6-5,2024,2024-08-18,-0.25,3.5,2.0,CU,R,X,True,single,hit_into_play
745539-6-4,2024,2024-08-18,-0.14,3.57,2.0,FF,R,S,False,,foul
745539-6-3,2024,2024-08-18,0.71,3.26,3.0,CU,R,S,False,,called_strike
745539-6-2,2024,2024-08-18,1.13,1.94,14.0,CU,R,S,False,,swinging_strike
745539-6-1,2024,2024-08-18,1.09,1.82,14.0,SI,R,B,False,,ball
745537-39-6,2024,2024-08-17,0.27,2.82,5.0,CU,L,X,True,double,hit_into_play
745537-39-5,2024,2024-08-17,-0.74,0.19,13.0,CH,L,B,False,,ball
745537-39-4,2024,2024-08-17,-0.91,4.26,11.0,FF,L,B,False,,ball
745537-39-3,2024,2024-08-17,0.53,2.17,9.0,SL,L,S,False,,foul
745537-39-2,2024,2024-08-17,0.42,2.66,6.0,FF,L,S,False,,foul
745537-39-1,2024,2024-08-17,0.5,2.76,6.0,FF,L,S,False,,foul
745537-24-6,2024,2024-08-17,-1.44,2.33,13.0,FF,L,B,False,walk,ball
745537-24-5,2024,2024-08-17,1.28,3.42,12.0,FF,L,B,False,,ball
745537-24-4,2024,2024-08-17,-0.45,1.15,13.0,CU,L,S,False,,swinging_strike
745537-24-3,2024,2024-08-17,-0.35,-2.11,13.0,CH,L,B,False,,ball
745537-24-2,2024,2024-08-17,1.06,3.5,12.0,FF,L,B,False,,ball
745537-24-1,2024,2024-08-17,-0.57,1.47,13.0,CH,L,S,False,,called_strike
745537-51-3,2024,2024-08-17,0.3,1.6,14.0,CH,L,X,True,field_out,hit_into_play
745537-51-2,2024,2024-08-17,1.11,2.64,14.0,SI,L,S,False,,called_strike
745537-51-1,2024,2024-08-17,-0.94,1.74,13.0,CH,L,B,False,,ball
745537-5-3,2024,2024-08-17,0.05,1.83,8.0,FF,L,X,True,field_out,hit_into_play
745537-5-2,2024,2024-08-17,0.01,0.54,14.0,CH,L,B,False,,blocked_ball
745537-5-1,2024,2024-08-17,1.24,2.38,14.0,FF,L,B,False,,ball
745542-41-7,2024,2024-08-16,0.07,2.06,8.0,FC,L,X,True,double,hit_into_play
745542-41-6,2024,2024-08-16,1.42,3.52,12.0,FF,L,B,False,,ball
745542-41-5,2024,2024-08-16,1.0,2.96,12.0,FC,L,S,False,,foul
745542-41-4,2024,2024-08-16,1.28,2.81,12.0,SI,L,S,False,,foul
745542-41-3,2024,2024-08-16,-0.76,0.47,13.0,SL,L,B,False,,ball
745542-41-2,2024,2024-08-16,0.21,1.41,14.0,SL,L,S,False,,swinging_strike
745542-41-1,2024,2024-08-16,1.1,2.06,14.0,SL,L,S,False,,called_strike
745542-23-7,2024,2024-08-16,-0.06,3.06,2.0,SI,L,X,True,single,hit_into_play
745542-23-6,2024,2024-08-16,-1.39,0.87,13.0,SL,L,B,False,,ball
745542-23-5,2024,2024-08-16,1.0,3.02,12.0,FC,L,S,False,,foul
745542-23-4,2024,2024-08-16,1.62,2.25,14.0,SI,L,B,False,,ball
745542-23-3,2024,2024-08-16,1.41,3.26,12.0,FF,L,B,False,,ball
745542-23-2,2024,2024-08-16,0.32,2.71,6.0,FC,L,S,False,,foul
745542-23-1,2024,2024-08-16,0.15,2.54,5.0,FC,L,S,False,,foul
745542-77-7,2024,2024-08-16,-0.62,2.92,4.0,SL,R,X,True,single,hit_into_play
745542-77-6,2024,2024-08-16,0.92,2.91,12.0,FS,R,S,False,,foul
745542-77-5,2024,2024-08-16,0.41,1.83,9.0,FS,R,S,False,,foul
745542-77-4,2024,2024-08-16,1.47,2.85,12.0,FF,R,B,False,,ball
745542-77-3,2024,2024-08-16,-0.12,2.02,8.0,FS,R,S,False,,foul
745542-77-2,2024,2024-08-16,1.04,1.64,14.0,FS,R,B,False,,ball
745542-77-1,2024,2024-08-16,-1.2,3.96,11.0,FS,R,S,False,,swinging_strike
745542-58-4,2024,2024-08-16,-0.21,2.46,5.0,FF,L,S,False,strikeout,swinging_strike
745542-58-3,2024,2024-08-16,-0.23,1.9,8.0,CH,L,S,False,,swinging_strike
745542-6-5,2024,2024-08-16,0.24,1.71,8.0,SI,L,X,True,single,hit_into_play
745542-58-2,2024,2024-08-16,-0.42,0.91,13.0,CH,L,B,False,,ball
745542-6-4,2024,2024-08-16,0.98,1.34,14.0,SI,L,B,False,,ball
745542-58-1,2024,2024-08-16,0.57,2.55,6.0,CH,L,S,False,,called_strike
745542-6-3,2024,2024-08-16,-0.34,0.57,13.0,SL,L,B,False,,ball
745542-6-2,2024,2024-08-16,0.45,1.85,9.0,CU,L,S,False,,swinging_strike
745542-6-1,2024,2024-08-16,-1.53,0.3,13.0,SI,L,B,False,,ball
745545-33-4,2024,2024-08-15,0.4,2.03,9.0,FS,L,X,True,double,hit_into_play
745545-33-3,2024,2024-08-15,-0.8,1.77,7.0,CU,L,S,False,,called_strike
745545-33-2,2024,2024-08-15,2.18,3.95,12.0,FS,L,B,False,,ball
745545-33-1,2024,2024-08-15,2.22,3.07,12.0,FS,L,B,False,,ball
745545-18-6,2024,2024-08-15,-0.33,3.65,11.0,FF,L,S,False,strikeout,swinging_strike
745545-18-5,2024,2024-08-15,1.69,3.24,12.0,FS,L,B,False,,ball
745545-18-4,2024,2024-08-15,0.57,3.97,12.0,FF,L,B,False,,ball
745545-18-3,2024,2024-08-15,-0.31,1.6,7.0,SL,L,S,False,,foul
745545-18-2,2024,2024-08-15,0.17,2.01,8.0,FF,L,S,False,,foul
745545-18-1,2024,2024-08-15,0.51,3.23,3.0,FF,L,S,False,,called_strike
745545-65-1,2024,2024-08-15,-0.05,1.98,8.0,FF,R,X,True,single,hit_into_play
745545-46-3,2024,2024-08-15,0.17,2.55,5.0,SL,R,X,True,field_out,hit_into_play
745545-46-2,2024,2024-08-15,0.71,1.71,14.0,SI,R,B,False,,ball
745545-46-1,2024,2024-08-15,1.26,0.73,14.0,SL,R,B,False,,ball
745545-5-5,2024,2024-08-15,0.18,1.84,8.0,FS,L,X,True,single,hit_into_play
745545-5-4,2024,2024-08-15,-0.01,1.64,8.0,FS,L,S,False,,swinging_strike
745545-5-3,2024,2024-08-15,0.94,3.33,12.0,FS,L,B,False,,ball
745545-5-2,2024,2024-08-15,0.2,2.54,5.0,FF,L,S,False,,foul
745545-5-1,2024,2024-08-15,0.36,3.83,12.0,FF,L,B,False,,ball
745548-47-2,2024,2024-08-13,-0.18,2.51,5.0,FC,R,X,True,field_out,hit_into_play
745548-47-1,2024,2024-08-13,1.54,1.73,14.0,FF,R,B,False,,ball
745548-26-4,2024,2024-08-13,0.99,2.2,14.0,FC,R,X,True,field_out,hit_into_play
745548-26-3,2024,2024-08-13,-0.44,3.7,11.0,FC,R,S,False,,foul
745548-26-2,2024,2024-08-13,1.27,3.19,12.0,FF,R,B,False,,ball
745548-26-1,2024,2024-08-13,0.41,0.89,14.0,CH,R,B,False,,ball
745548-9-8,2024,2024-08-13,0.12,1.75,8.0,FC,R,X,True,field_out,hit_into_play
745548-9-7,2024,2024-08-13,-0.14,2.65,5.0,FC,R,S,False,,foul
745548-65-3,2024,2024-08-13,-0.87,2.32,13.0,SI,R,S,False,strikeout,swinging_strike
745548-9-6,2024,2024-08-13,1.26,1.95,14.0,FF,R,B,False,,ball
745548-9-5,2024,2024-08-13,-0.76,3.32,1.0,FF,R,S,False,,foul
745548-65-2,2024,2024-08-13,0.37,1.65,9.0,SL,R,S,False,,swinging_strike
745548-9-4,2024,2024-08-13,0.1,3.31,2.0,FF,R,S,False,,swinging_strike
745548-65-1,2024,2024-08-13,-0.72,2.44,4.0,SL,R,S,False,,called_strike
745548-9-3,2024,2024-08-13,0.21,2.65,5.0,FC,R,S,False,,called_strike
745548-9-2,2024,2024-08-13,0.85,1.08,14.0,FF,R,B,False,,ball
745548-9-1,2024,2024-08-13,1.1,2.24,14.0,FC,R,B,False,,ball
747166-43-4,2024,2024-08-11,0.55,2.45,6.0,SL,R,X,True,force_out,hit_into_play
747166-43-3,2024,2024-08-11,-0.85,2.55,13.0,CH,R,S,False,,foul
747166-43-2,2024,2024-08-11,1.45,1.61,14.0,FC,R,B,False,,ball
747166-43-1,2024,2024-08-11,0.95,1.89,14.0,SL,R,S,False,,swinging_strike
747166-22-5,2024,2024-08-11,-0.8,2.75,4.0,SI,R,X,True,field_out,hit_into_play
747166-22-4,2024,2024-08-11,-1.03,1.5,13.0,CH,R,B,False,,ball
747166-22-3,2024,2024-08-11,0.98,2.5,14.0,SL,R,S,False,,called_strike
747166-22-2,2024,2024-08-11,-1.28,2.23,13.0,SI,R,S,False,,foul_tip
747166-22-1,2024,2024-08-11,0.81,1.34,14.0,SL,R,B,False,,ball
747166-65-2,2024,2024-08-11,-0.89,3.27,11.0,SI,R,X,True,grounded_into_double_play,hit_into_play
747166-65-1,2024,2024-08-11,-0.29,1.86,7.0,SL,R,S,False,,called_strike
747166-2-4,2024,2024-08-11,0.89,1.73,14.0,FC,R,X,True,single,hit_into_play
747166-2-3,2024,2024-08-11,1.03,1.66,14.0,SL,R,B,False,,ball
747166-2-2,2024,2024-08-11,-0.28,1.93,7.0,FF,R,B,False,,ball
747166-2-1,2024,2024-08-11,0.63,2.37,6.0,SI,R,S,False,,foul
747164-40-1,2024,2024-08-10,-0.8,2.05,7.0,KC,R,X,True,double,hit_into_play
747164-23-4,2024,2024-08-10,0.36,2.17,9.0,SL,R,X,True,field_out,hit_into_play
747164-23-3,2024,2024-08-10,0.34,1.7,9.0,FF,R,S,False,,called_strike
747164-23-2,2024,2024-08-10,0.75,1.56,14.0,KC,R,S,False,,called_strike
747164-23-1,2024,2024-08-10,1.39,2.02,14.0,FF,R,B,False,,ball
747164-2-6,2024,2024-08-10,-0.17,1.4,13.0,KC,R,S,False,strikeout,swinging_strike
747164-2-5,2024,2024-08-10,-0.15,1.65,8.0,KC,R,S,False,,foul
747164-2-4,2024,2024-08-10,-1.2,1.72,13.0,FF,R,B,False,,ball
747164-57-3,2024,2024-08-10,-0.48,2.09,7.0,SI,L,X,True,field_out,hit_into_play
747164-2-3,2024,2024-08-10,1.88,1.54,14.0,SL,R,B,False,,ball
747164-57-2,2024,2024-08-10,1.41,1.08,14.0,CH,L,B,False,,ball
747164-2-2,2024,2024-08-10,-0.14,1.21,13.0,KC,R,S,False,,swinging_strike
747164-57-1,2024,2024-08-10,-0.28,3.08,1.0,FF,L,S,False,,called_strike
747164-2-1,2024,2024-08-10,0.27,2.46,5.0,FF,R,S,False,,foul
747168-45-4,2024,2024-08-09,0.52,3.97,12.0,FF,R,S,False,strikeout,swinging_strike
747168-45-3,2024,2024-08-09,0.45,1.47,14.0,SL,R,S,False,,foul
747168-45-2,2024,2024-08-09,-1.06,4.44,11.0,FF,R,B,False,,ball
747168-45-1,2024,2024-08-09,0.34,2.38,6.0,FF,R,S,False,,foul
747168-25-1,2024,2024-08-09,-0.79,2.5,4.0,SL,R,X,True,field_out,hit_into_play
747168-2-3,2024,2024-08-09,-0.87,2.59,11.0,FF,R,X,True,field_out,hit_into_play
747168-2-2,2024,2024-08-09,0.56,1.04,14.0,SL,R,S,False,,swinging_strike
747168-2-1,2024,2024-08-09,0.62,2.42,6.0,FF,R,S,False,,called_strike
747168-60-3,2024,2024-08-09,0.51,3.88,12.0,FF,R,X,True,field_out,hit_into_play
747168-60-2,2024,2024-08-09,0.51,3.18,3.0,SL,R,S,False,,called_strike
747168-60-1,2024,2024-08-09,0.88,2.39,14.0,SL,R,S,False,,swinging_strike
747169-33-7,2024,2024-08-08,0.79,1.24,14.0,CH,L,X,True,field_out,hit_into_play
747169-33-6,2024,2024-08-08,-1.23,1.93,13.0,SI,L,B,False,,ball
747169-33-5,2024,2024-08-08,0.25,2.14,8.0,CH,L,S,False,,foul
747169-33-4,2024,2024-08-08,-0.33,0.42,13.0,CU,L,B,False,,ball
747169-33-3,2024,2024-08-08,-1.38,-0.71,13.0,CU,L,B,False,,ball
747169-33-2,2024,2024-08-08,0.87,1.45,14.0,CH,L,S,False,,foul
747169-33-1,2024,2024-08-08,0.3,0.41,14.0,CU,L,S,False,,swinging_strike
747169-18-7,2024,2024-08-08,0.32,2.81,6.0,CU,L,X,True,field_out,hit_into_play
747169-18-6,2024,2024-08-08,1.22,2.81,12.0,CH,L,S,False,,foul
747169-18-5,2024,2024-08-08,0.7,0.66,14.0,CH,L,B,False,,blocked_ball
747169-18-4,2024,2024-08-08,-0.48,1.82,7.0,CU,L,S,False,,foul
747169-18-3,2024,2024-08-08,-1.64,2.21,13.0,FF,L,B,False,,ball
747169-18-2,2024,2024-08-08,0.62,1.69,9.0,CH,L,S,False,,called_strike
747169-18-1,2024,2024-08-08,0.17,0.89,14.0,CH,L,B,False,,ball
747169-67-5,2024,2024-08-08,0.33,2.3,6.0,FF,R,X,True,field_out,hit_into_play
747169-67-4,2024,2024-08-08,0.48,3.01,3.0,FF,R,S,False,,swinging_strike
747169-67-3,2024,2024-08-08,1.49,1.5,14.0,SL,R,B,False,,ball
747169-67-2,2024,2024-08-08,1.45,3.3,12.0,FF,R,B,False,,ball
747169-67-1,2024,2024-08-08,-0.14,3.07,5.0,FF,R,S,False,,called_strike
747169-2-4,2024,2024-08-08,1.39,1.96,14.0,CU,L,X,True,field_out,hit_into_play
747169-2-3,2024,2024-08-08,0.84,1.35,14.0,CH,L,S,False,,swinging_strike
747169-2-2,2024,2024-08-08,0.52,1.05,14.0,CH,L,B,False,,ball
747169-2-1,2024,2024-08-08,0.26,2.1,8.0,SI,L,S,False,,called_strike
747169-47-3,2024,2024-08-08,0.63,1.95,9.0,SL,R,X,True,single,hit_into_play
747169-47-2,2024,2024-08-08,-0.19,3.58,2.0,SI,R,B,False,,ball
747169-47-1,2024,2024-08-08,0.88,2.86,12.0,SL,R,S,False,,called_strike
746115-40-4,2024,2024-08-07,0.86,2.98,12.0,ST,R,X,True,field_out,hit_into_play
746115-40-3,2024,2024-08-07,-0.55,2.12,7.0,SI,R,S,False,,called_strike
746115-40-2,2024,2024-08-07,0.92,1.78,14.0,SL,R,B,False,,ball
746115-40-1,2024,2024-08-07,-1.01,1.24,13.0,SI,R,B,False,,ball
746115-24-5,2024,2024-08-07,0.55,2.83,6.0,ST,R,X,True,force_out,hit_into_play
746115-24-4,2024,2024-08-07,1.1,2.18,14.0,FF,R,B,False,,ball
746115-24-3,2024,2024-08-07,1.11,3.47,12.0,ST,R,B,False,,ball
746115-24-2,2024,2024-08-07,-0.52,1.5,13.0,SI,R,S,False,,foul
746115-24-1,2024,2024-08-07,-1.21,2.71,11.0,SI,R,B,False,,ball
746115-52-2,2024,2024-08-07,-0.46,2.66,4.0,SI,R,X,True,field_out,hit_into_play
746115-52-1,2024,2024-08-07,-0.67,2.7,4.0,SL,R,S,False,,called_strike
746115-71-4,2024,2024-08-07,0.76,3.14,3.0,FC,R,X,True,single,hit_into_play
746115-71-3,2024,2024-08-07,0.62,2.63,6.0,SL,R,S,False,,foul
746115-71-2,2024,2024-08-07,-0.38,0.99,13.0,FC,R,B,False,,ball
746115-71-1,2024,2024-08-07,1.17,1.54,14.0,SL,R,B,False,,ball
746115-2-2,2024,2024-08-07,0.24,1.98,8.0,SL,R,X,True,single,hit_into_play
746115-2-1,2024,2024-08-07,1.08,0.7,14.0,SL,R,B,False,,ball
746120-71-3,2024,2024-08-06,0.01,2.7,5.0,FF,R,X,True,field_out,hit_into_play
746120-71-2,2024,2024-08-06,0.72,2.86,6.0,SL,R,S,False,,foul
746120-71-1,2024,2024-08-06,-0.78,3.42,1.0,FF,R,B,False,,ball
746120-24-3,2024,2024-08-06,0.45,2.16,9.0,SL,L,X,True,single,hit_into_play
746120-24-2,2024,2024-08-06,-0.56,0.97,13.0,SL,L,S,False,,swinging_strike
746120-24-1,2024,2024-08-06,0.5,1.15,14.0,CU,L,S,False,,swinging_strike
746120-53-3,2024,2024-08-06,0.05,1.67,8.0,SL,R,X,True,field_out,hit_into_play
746120-53-2,2024,2024-08-06,1.07,1.41,14.0,SL,R,S,False,,swinging_strike
746120-53-1,2024,2024-08-06,-0.69,2.41,4.0,FF,R,B,False,,ball
746120-2-2,2024,2024-08-06,0.23,2.34,5.0,SL,L,X,True,field_out,hit_into_play
746120-2-1,2024,2024-08-06,-0.68,1.61,7.0,SL,L,S,False,,swinging_strike
746120-36-5,2024,2024-08-06,0.65,2.78,6.0,SL,R,X,True,field_out,hit_into_play
746120-36-4,2024,2024-08-06,-0.59,4.25,11.0,FF,R,B,False,,ball
746120-36-3,2024,2024-08-06,1.51,1.3,14.0,SL,R,B,False,,ball
746120-36-2,2024,2024-08-06,0.56,2.42,6.0,SL,R,S,False,,foul
746120-36-1,2024,2024-08-06,-0.1,2.71,5.0,SL,R,S,False,,called_strike
746116-41-3,2024,2024-08-05,0.71,3.22,3.0,FF,R,X,True,field_out,hit_into_play
746116-41-2,2024,2024-08-05,0.39,1.28,14.0,SL,R,S,False,,foul
746116-41-1,2024,2024-08-05,0.94,0.79,14.0,SL,R,B,False,,blocked_ball
746116-17-4,2024,2024-08-05,-0.1,1.99,8.0,SL,R,X,True,field_out,hit_into_play
746116-17-3,2024,2024-08-05,0.25,3.13,2.0,SL,R,S,False,,foul
746116-17-2,2024,2024-08-05,0.91,3.07,12.0,FF,R,B,False,,ball
746116-17-1,2024,2024-08-05,0.89,2.64,12.0,FF,R,S,False,,called_strike
746116-2-4,2024,2024-08-05,1.21,2.72,12.0,FF,R,S,False,strikeout,foul_tip
746116-56-3,2024,2024-08-05,-0.29,2.4,4.0,SI,L,X,True,field_out,hit_into_play
746116-2-3,2024,2024-08-05,0.14,1.14,14.0,CU,R,S,False,,foul
746116-56-2,2024,2024-08-05,0.17,1.44,14.0,CH,L,S,False,,swinging_strike
746116-2-2,2024,2024-08-05,1.0,1.35,14.0,CU,R,S,False,,swinging_strike
746116-56-1,2024,2024-08-05,1.01,0.65,14.0,CH,L,B,False,,blocked_ball
746116-2-1,2024,2024-08-05,0.1,2.1,8.0,SL,R,S,False,,called_strike
745222-39-4,2024,2024-08-04,-0.13,2.29,5.0,CU,R,X,True,field_out,hit_into_play
745222-39-3,2024,2024-08-04,0.87,1.42,14.0,CU,R,S,False,,swinging_strike
745222-39-2,2024,2024-08-04,1.47,3.01,12.0,FC,R,B,False,,ball
745222-39-1,2024,2024-08-04,0.58,2.34,6.0,FF,R,S,False,,foul
745222-18-2,2024,2024-08-04,0.23,2.03,8.0,SL,R,X,True,field_out,hit_into_play
745222-18-1,2024,2024-08-04,-0.33,2.0,7.0,SL,R,S,False,,called_strike
745222-54-6,2024,2024-08-04,-2.05,5.2,11.0,SL,R,B,False,walk,ball
745222-66-7,2024,2024-08-04,0.61,2.24,6.0,SI,R,X,True,field_out,hit_into_play
745222-54-5,2024,2024-08-04,0.15,3.27,2.0,FF,R,S,False,,swinging_strike
745222-66-6,2024,2024-08-04,0.42,3.13,3.0,SL,R,S,False,,foul
745222-54-4,2024,2024-08-04,1.61,0.59,14.0,ST,R,B,False,,ball
745222-54-3,2024,2024-08-04,-0.25,2.21,8.0,SL,R,S,False,,called_strike
745222-66-5,2024,2024-08-04,0.43,2.18,9.0,SL,R,S,False,,foul
745222-66-4,2024,2024-08-04,1.28,1.33,14.0,SL,R,S,False,,swinging_strike
745222-54-2,2024,2024-08-04,1.16,2.63,14.0,SL,R,B,False,,ball
745222-66-3,2024,2024-08-04,-1.86,1.91,13.0,SI,R,B,False,,ball
745222-54-1,2024,2024-08-04,0.47,3.61,3.0,SI,R,B,False,,ball
745222-66-2,2024,2024-08-04,0.89,2.15,14.0,SL,R,S,False,,swinging_strike
745222-66-1,2024,2024-08-04,1.14,3.04,12.0,SL,R,B,False,,ball
745222-2-4,2024,2024-08-04,0.99,2.15,14.0,CU,R,S,False,strikeout,swinging_strike
745222-2-3,2024,2024-08-04,0.4,2.07,9.0,SL,R,S,False,,foul
745222-2-2,2024,2024-08-04,0.61,0.43,14.0,SL,R,B,False,,ball
745222-2-1,2024,2024-08-04,0.5,2.55,6.0,SL,R,S,False,,foul
745225-34-2,2024,2024-08-03,0.46,2.12,9.0,KC,R,X,True,single,hit_into_play
745225-34-1,2024,2024-08-03,0.88,2.04,14.0,SL,R,S,False,,called_strike
745225-19-6,2024,2024-08-03,0.49,1.55,9.0,SL,R,S,False,strikeout,called_strike
745225-19-5,2024,2024-08-03,1.16,2.75,12.0,FF,R,S,False,,foul
745225-19-4,2024,2024-08-03,1.47,-0.19,14.0,ST,R,B,False,,ball
745225-19-3,2024,2024-08-03,-0.12,1.13,13.0,KC,R,S,False,,foul
745225-19-2,2024,2024-08-03,1.17,1.77,14.0,SL,R,S,False,,foul
745225-19-1,2024,2024-08-03,0.78,1.74,9.0,SI,R,S,False,,called_strike
745225-73-4,2024,2024-08-03,0.8,0.52,14.0,SL,R,S,False,strikeout,swinging_strike
745225-73-3,2024,2024-08-03,1.47,0.87,14.0,SL,R,B,False,,ball
745225-73-2,2024,2024-08-03,1.52,1.87,14.0,SL,R,S,False,,swinging_strike
745225-56-7,2024,2024-08-03,0.82,2.81,6.0,SL,R,X,True,field_out,hit_into_play
745225-73-1,2024,2024-08-03,0.57,1.74,9.0,SI,R,S,False,,called_strike
745225-2-3,2024,2024-08-03,-0.06,1.81,8.0,ST,R,X,True,double,hit_into_play
745225-2-2,2024,2024-08-03,0.36,2.62,6.0,SL,R,S,False,,called_strike
745225-56-6,2024,2024-08-03,0.88,2.35,14.0,ST,R,S,False,,foul
745225-2-1,2024,2024-08-03,1.36,0.65,14.0,SL,R,B,False,,blocked_ball
745225-56-5,2024,2024-08-03,1.33,4.26,12.0,FF,R,B,False,,ball
745225-56-4,2024,2024-08-03,0.51,2.61,6.0,ST,R,S,False,,foul
745225-56-3,2024,2024-08-03,1.24,2.45,14.0,CU,R,S,False,,foul
745225-56-2,2024,2024-08-03,1.62,2.45,14.0,ST,R,B,False,,ball
745225-56-1,2024,2024-08-03,0.69,2.14,9.0,CU,R,S,False,,foul
745224-48-1,2024,2024-08-02,0.79,2.62,6.0,SL,R,X,True,force_out,hit_into_play
745224-26-5,2024,2024-08-02,-0.5,3.21,1.0,SI,R,X,True,field_out,hit_into_play
745224-26-4,2024,2024-08-02,2.29,0.52,14.0,ST,R,B,False,,ball
745224-26-3,2024,2024-08-02,1.57,1.57,14.0,ST,R,S,False,,swinging_strike
745224-26-2,2024,2024-08-02,0.16,1.52,14.0,SL,R,S,False,,foul
745224-26-1,2024,2024-08-02,-1.18,2.69,13.0,SI,R,B,False,,ball
745224-2-3,2024,2024-08-02,0.31,2.74,6.0,ST,R,X,True,field_out,hit_into_play
745224-2-2,2024,2024-08-02,1.0,2.42,14.0,SL,R,S,False,,foul
745224-2-1,2024,2024-08-02,0.46,2.82,6.0,FF,R,S,False,,foul
745546-42-6,2024,2024-07-30,0.08,1.86,8.0,ST,R,S,False,strikeout,called_strike
745546-42-5,2024,2024-07-30,0.41,3.57,3.0,FF,R,S,False,,foul
745546-42-4,2024,2024-07-30,-0.07,0.62,13.0,ST,R,B,False,,ball
745546-42-3,2024,2024-07-30,0.02,2.88,5.0,FF,R,S,False,,foul
745546-42-2,2024,2024-07-30,1.09,1.39,14.0,ST,R,S,False,,swinging_strike
745546-42-1,2024,2024-07-30,1.68,0.57,14.0,ST,R,B,False,,ball
745546-21-2,2024,2024-07-30,-0.14,2.25,8.0,SI,R,X,True,field_out,hit_into_play
745546-21-1,2024,2024-07-30,0.75,2.97,6.0,FF,R,S,False,,called_strike
745546-79-4,2024,2024-07-30,1.19,1.96,14.0,ST,R,X,True,single,hit_into_play
745546-79-3,2024,2024-07-30,1.53,0.64,14.0,ST,R,S,False,,swinging_strike_blocked
745546-79-2,2024,2024-07-30,1.3,1.07,14.0,SI,R,B,False,,ball
745546-79-1,2024,2024-07-30,-0.01,2.11,8.0,SL,R,S,False,,foul
745546-96-3,2024,2024-07-30,0.84,1.76,14.0,SI,R,X,True,field_out,hit_into_play
745546-96-2,2024,2024-07-30,-1.92,2.45,13.0,ST,R,B,False,,ball
745546-63-2,2024,2024-07-30,-0.19,2.95,5.0,CH,R,X,True,field_out,hit_into_play
745546-96-1,2024,2024-07-30,-0.08,2.77,5.0,SI,R,S,False,,foul
745546-63-1,2024,2024-07-30,-0.66,3.29,1.0,CH,R,S,False,,called_strike
745546-8-3,2024,2024-07-30,-0.41,2.88,4.0,SI,R,X,True,field_out,hit_into_play
745546-8-2,2024,2024-07-30,1.31,1.42,14.0,ST,R,S,False,,swinging_strike
745546-8-1,2024,2024-07-30,1.47,0.97,14.0,ST,R,B,False,,ball
745547-48-4,2024,2024-07-29,0.59,4.0,12.0,FF,R,B,False,walk,ball
745547-48-3,2024,2024-07-29,1.08,1.51,14.0,SL,R,B,False,,ball
745547-48-2,2024,2024-07-29,1.21,1.86,14.0,CH,R,B,False,,ball
745547-48-1,2024,2024-07-29,1.08,1.97,14.0,SL,R,B,False,,ball
745547-23-2,2024,2024-07-29,0.26,2.42,5.0,SL,R,X,True,force_out,hit_into_play
745547-23-1,2024,2024-07-29,0.13,1.95,8.0,SL,R,S,False,,foul
745547-83-3,2024,2024-07-29,1.91,1.71,14.0,ST,R,S,False,strikeout,swinging_strike
745547-83-2,2024,2024-07-29,0.03,3.58,2.0,FF,R,S,False,,swinging_strike
745547-83-1,2024,2024-07-29,0.49,1.97,9.0,FF,R,S,False,,foul
745547-62-4,2024,2024-07-29,0.37,1.66,9.0,SL,R,X,True,field_out,hit_into_play
745547-62-3,2024,2024-07-29,1.32,-0.63,14.0,SL,R,B,False,,ball
745547-62-2,2024,2024-07-29,-0.1,2.81,5.0,ST,R,S,False,,foul
745547-62-1,2024,2024-07-29,-0.2,2.79,5.0,SI,R,S,False,,foul
745547-6-6,2024,2024-07-29,0.0,1.49,14.0,SL,R,X,True,grounded_into_double_play,hit_into_play
745547-6-5,2024,2024-07-29,0.93,1.31,14.0,SL,R,B,False,,ball
745547-6-4,2024,2024-07-29,1.2,1.03,14.0,SL,R,B,False,,ball
745547-6-3,2024,2024-07-29,0.68,2.65,6.0,SL,R,S,False,,swinging_strike
745547-6-2,2024,2024-07-29,-0.41,2.62,4.0,SL,R,S,False,,called_strike
745547-6-1,2024,2024-07-29,1.15,2.91,12.0,SL,R,B,False,,ball
745550-22-2,2024,2024-07-28,1.01,1.88,14.0,CH,L,X,True,field_out,hit_into_play
745550-22-1,2024,2024-07-28,0.57,2.02,9.0,CH,L,S,False,,swinging_strike
745550-37-4,2024,2024-07-28,0.26,3.89,12.0,FF,R,S,False,strikeout,swinging_strike
745550-37-3,2024,2024-07-28,0.66,2.35,6.0,FS,R,S,False,,foul
745550-58-3,2024,2024-07-28,-0.23,3.42,2.0,FF,R,X,True,field_out,hit_into_play
745550-37-2,2024,2024-07-28,-0.07,1.77,8.0,FS,R,S,False,,foul
745550-58-2,2024,2024-07-28,0.33,2.62,6.0,FF,R,S,False,,foul
745550-58-1,2024,2024-07-28,1.16,1.97,14.0,SL,R,B,False,,ball
745550-74-2,2024,2024-07-28,-0.55,2.62,4.0,FC,R,X,True,field_out,hit_into_play
745550-37-1,2024,2024-07-28,-1.47,4.23,11.0,FS,R,B,False,,ball
745550-74-1,2024,2024-07-28,0.83,3.84,12.0,SL,R,B,False,,ball
745550-6-3,2024,2024-07-28,0.41,2.43,6.0,CH,L,X,True,field_error,hit_into_play
745550-6-2,2024,2024-07-28,-1.06,0.64,13.0,CH,L,B,False,,ball
745550-6-1,2024,2024-07-28,0.74,2.54,6.0,FF,L,S,False,,foul
745553-25-3,2024,2024-07-27,0.76,2.2,9.0,SL,R,X,True,single,hit_into_play
745553-25-2,2024,2024-07-27,0.99,0.8,14.0,CH,R,S,False,,swinging_strike
745553-25-1,2024,2024-07-27,0.8,2.41,6.0,SL,R,S,False,,called_strike
745553-64-6,2024,2024-07-27,-0.57,1.77,7.0,CH,R,S,False,strikeout,swinging_strike
745553-64-5,2024,2024-07-27,1.08,3.14,12.0,SL,R,S,False,,foul
745553-64-4,2024,2024-07-27,1.56,1.28,14.0,SL,R,B,False,,ball
745553-64-3,2024,2024-07-27,0.53,3.46,3.0,FF,R,S,False,,foul
745553-64-2,2024,2024-07-27,-0.67,0.51,13.0,CH,R,B,False,,blocked_ball
745553-64-1,2024,2024-07-27,-0.39,3.06,1.0,FF,R,S,False,,foul_tip
745553-49-4,2024,2024-07-27,1.52,4.83,12.0,FF,L,B,False,walk,ball
745553-5-5,2024,2024-07-27,0.76,1.92,9.0,SL,R,S,False,strikeout,foul_tip
745553-49-3,2024,2024-07-27,-0.39,0.84,13.0,CU,L,B,False,,blocked_ball
745553-5-4,2024,2024-07-27,0.56,2.06,9.0,CH,R,S,False,,swinging_strike
745553-34-3,2024,2024-07-27,1.3,2.47,14.0,SL,R,S,False,strikeout,swinging_strike
745553-49-2,2024,2024-07-27,-1.79,2.98,11.0,CU,L,B,False,,ball
745553-49-1,2024,2024-07-27,0.69,1.3,14.0,CU,L,B,False,,ball
745553-34-2,2024,2024-07-27,1.66,1.86,14.0,SL,R,S,False,,swinging_strike
745553-5-3,2024,2024-07-27,1.15,1.24,14.0,SL,R,B,False,,ball
745553-34-1,2024,2024-07-27,0.27,2.36,8.0,SL,R,S,False,,called_strike
745553-5-2,2024,2024-07-27,1.83,1.29,14.0,SL,R,B,False,,ball
745553-5-1,2024,2024-07-27,0.52,3.11,3.0,FF,R,S,False,,foul
745554-44-2,2024,2024-07-26,-0.24,2.65,5.0,FF,R,X,True,field_out,hit_into_play
745554-44-1,2024,2024-07-26,-0.74,2.16,7.0,CH,R,S,False,,swinging_strike
745554-25-5,2024,2024-07-26,0.94,1.92,14.0,SI,R,S,False,strikeout,called_strike
745554-25-4,2024,2024-07-26,0.18,1.95,8.0,CH,R,S,False,,foul
745554-25-3,2024,2024-07-26,0.4,1.28,14.0,CH,R,S,False,,swinging_strike
745554-25-2,2024,2024-07-26,-0.22,4.13,11.0,FF,R,B,False,,ball
745554-25-1,2024,2024-07-26,0.95,1.24,14.0,SI,R,B,False,,ball
745554-62-4,2024,2024-07-26,-0.27,2.02,8.0,FS,R,X,True,field_out,hit_into_play
745554-62-3,2024,2024-07-26,0.46,3.04,3.0,FF,R,S,False,,foul
745554-62-2,2024,2024-07-26,-1.67,2.66,11.0,FS,R,S,False,,swinging_strike
745554-62-1,2024,2024-07-26,0.23,3.82,12.0,FF,R,B,False,,ball
745554-7-1,2024,2024-07-26,0.27,2.57,5.0,FF,R,X,True,field_out,hit_into_play
745877-36-2,2024,2024-07-24,-0.11,3.17,2.0,FF,R,X,True,home_run,hit_into_play
745877-36-1,2024,2024-07-24,-0.07,2.11,8.0,SL,R,S,False,,foul
745877-15-4,2024,2024-07-24,1.25,3.57,12.0,FF,R,S,False,strikeout,swinging_strike
745877-15-3,2024,2024-07-24,0.46,1.84,9.0,SL,R,S,False,,foul
745877-15-2,2024,2024-07-24,1.46,3.78,12.0,FF,R,B,False,,ball
745877-15-1,2024,2024-07-24,0.8,3.09,3.0,SL,R,S,False,,called_strike
745877-49-2,2024,2024-07-24,-0.3,2.01,7.0,FF,L,X,True,force_out,hit_into_play
745877-49-1,2024,2024-07-24,-0.87,3.23,11.0,FF,L,B,False,,ball
745877-2-7,2024,2024-07-24,0.75,2.53,6.0,CH,L,X,True,single,hit_into_play
745877-2-6,2024,2024-07-24,0.61,1.62,14.0,CH,L,S,False,,foul
745877-2-5,2024,2024-07-24,-0.13,3.88,11.0,FF,L,S,False,,foul
745877-2-4,2024,2024-07-24,0.61,4.38,12.0,FF,L,B,False,,ball
745877-2-3,2024,2024-07-24,0.64,3.13,3.0,CH,L,S,False,,called_strike
745877-2-2,2024,2024-07-24,1.41,2.19,14.0,CH,L,B,False,,ball
745877-76-1,2024,2024-07-24,0.05,1.87,8.0,FS,R,X,True,field_out,hit_into_play
745877-2-1,2024,2024-07-24,0.37,2.26,9.0,CH,L,S,False,,foul
745878-38-5,2024,2024-07-23,-0.35,2.19,7.0,FF,R,X,True,single,hit_into_play
745878-38-4,2024,2024-07-23,0.99,2.55,14.0,SL,R,B,False,,ball
745878-38-3,2024,2024-07-23,0.69,1.64,9.0,FF,R,B,False,,ball
745878-38-2,2024,2024-07-23,0.74,2.26,9.0,FF,R,S,False,,called_strike
745878-38-1,2024,2024-07-23,0.68,2.23,9.0,FF,R,S,False,,called_strike
745878-18-4,2024,2024-07-23,0.91,2.05,14.0,SL,R,X,True,field_out,hit_into_play
745878-18-3,2024,2024-07-23,2.06,1.84,14.0,FF,R,B,False,,ball
745878-18-2,2024,2024-07-23,1.13,0.98,14.0,SL,R,B,False,,ball
745878-18-1,2024,2024-07-23,0.7,1.9,9.0,SL,R,S,False,,foul_tip
745878-2-4,2024,2024-07-23,0.1,3.37,2.0,FF,R,X,True,field_out,hit_into_play
745878-2-3,2024,2024-07-23,0.96,2.09,14.0,SL,R,S,False,,foul
745878-2-2,2024,2024-07-23,0.88,0.36,14.0,SL,R,B,False,,ball
745878-61-5,2024,2024-07-23,-0.17,2.87,5.0,FF,R,X,True,field_out,hit_into_play
745878-61-4,2024,2024-07-23,0.34,2.05,9.0,FS,R,S,False,,foul_tip
745878-2-1,2024,2024-07-23,0.52,2.25,9.0,SL,R,S,False,,foul
745878-61-3,2024,2024-07-23,1.07,3.08,12.0,FF,R,B,False,,ball
745878-61-2,2024,2024-07-23,-0.28,2.37,4.0,CU,R,S,False,,called_strike
745878-61-1,2024,2024-07-23,-1.48,3.3,11.0,CU,R,B,False,,ball
745881-42-5,2024,2024-07-22,0.87,1.26,14.0,FF,R,B,False,walk,ball
745881-42-4,2024,2024-07-22,0.34,2.24,9.0,FF,R,S,False,,called_strike
745881-42-3,2024,2024-07-22,1.36,2.01,14.0,FC,R,B,False,,ball
745881-42-2,2024,2024-07-22,1.44,0.75,14.0,FC,R,B,False,,ball
745881-42-1,2024,2024-07-22,0.8,0.8,14.0,CH,R,B,False,,ball
745881-18-1,2024,2024-07-22,0.41,2.5,6.0,FC,R,X,True,field_out,hit_into_play
745881-71-5,2024,2024-07-22,-0.46,2.52,4.0,FF,R,X,True,field_out,hit_into_play
745881-71-4,2024,2024-07-22,0.5,2.66,6.0,FF,R,S,False,,called_strike
745881-71-3,2024,2024-07-22,-1.14,3.39,11.0,SI,R,B,False,,ball
745881-71-2,2024,2024-07-22,1.3,2.17,14.0,FF,R,B,False,,ball
745881-71-1,2024,2024-07-22,1.76,2.23,14.0,FC,R,B,False,,ball
745881-2-2,2024,2024-07-22,0.69,2.94,6.0,FC,R,X,True,single,hit_into_play
745881-2-1,2024,2024-07-22,0.52,2.32,9.0,FF,R,S,False,,called_strike
745470-35-4,2024,2024-07-21,0.76,1.45,14.0,CH,L,X,True,field_out,hit_into_play
745470-35-3,2024,2024-07-21,0.95,1.13,14.0,CH,L,B,False,,ball
745470-35-2,2024,2024-07-21,-0.71,3.05,1.0,FF,L,S,False,,foul
745470-35-1,2024,2024-07-21,0.34,1.75,9.0,CH,L,S,False,,foul
745470-18-5,2024,2024-07-21,0.17,2.82,5.0,FF,L,X,True,field_out,hit_into_play
745470-18-4,2024,2024-07-21,-0.43,0.84,13.0,CH,L,B,False,,ball
745470-18-3,2024,2024-07-21,-0.28,2.05,7.0,FC,L,S,False,,foul
745470-18-2,2024,2024-07-21,1.45,2.9,12.0,FF,L,B,False,,ball
745470-18-1,2024,2024-07-21,-0.39,1.65,13.0,CH,L,S,False,,foul
745470-64-7,2024,2024-07-21,0.51,2.69,6.0,CH,L,X,True,field_out,hit_into_play
745470-64-6,2024,2024-07-21,-0.05,1.03,13.0,CH,L,B,False,,ball
745470-64-5,2024,2024-07-21,0.93,1.68,14.0,CH,L,S,False,,foul
745470-64-4,2024,2024-07-21,0.27,0.99,14.0,CH,L,B,False,,ball
745470-64-3,2024,2024-07-21,0.47,2.06,9.0,CH,L,S,False,,foul
745470-64-2,2024,2024-07-21,2.25,3.03,12.0,CH,L,B,False,,ball
745470-64-1,2024,2024-07-21,1.03,2.61,12.0,CH,L,S,False,,called_strike
745470-51-1,2024,2024-07-21,-0.16,1.83,8.0,SL,R,X,True,single,hit_into_play
745470-2-7,2024,2024-07-21,-0.17,1.36,13.0,CH,L,S,False,strikeout,swinging_strike
745470-2-6,2024,2024-07-21,0.46,2.58,6.0,FF,L,S,False,,foul
745470-2-5,2024,2024-07-21,1.7,3.11,12.0,FC,L,B,False,,ball
745470-2-4,2024,2024-07-21,0.59,1.88,9.0,CH,L,S,False,,foul
745470-2-3,2024,2024-07-21,0.65,3.8,12.0,FC,L,B,False,,ball
745470-2-2,2024,2024-07-21,1.61,4.02,12.0,FF,L,B,False,,ball
745470-2-1,2024,2024-07-21,0.4,2.2,9.0,CU,L,S,False,,foul
745478-39-3,2024,2024-07-20,0.7,1.83,9.0,SL,R,S,False,strikeout,called_strike
745478-39-2,2024,2024-07-20,1.0,1.49,14.0,SL,R,S,False,,swinging_strike
745478-39-1,2024,2024-07-20,0.57,1.95,9.0,SL,R,S,False,,swinging_strike
745478-19-6,2024,2024-07-20,-0.27,2.01,8.0,SI,R,X,True,field_out,hit_into_play
745478-19-5,2024,2024-07-20,-0.69,4.08,11.0,FF,R,B,False,,ball
745478-19-4,2024,2024-07-20,0.25,2.63,5.0,FF,R,S,False,,foul
745478-19-3,2024,2024-07-20,0.65,2.45,6.0,SL,R,S,False,,foul
745478-19-2,2024,2024-07-20,-0.32,2.07,7.0,SL,R,S,False,,swinging_strike
745478-19-1,2024,2024-07-20,-0.19,2.51,5.0,FF,R,S,False,,called_strike
745478-2-4,2024,2024-07-20,0.7,2.62,6.0,SL,R,X,True,field_out,hit_into_play
745478-2-3,2024,2024-07-20,0.12,2.02,8.0,FC,R,S,False,,foul
745478-2-2,2024,2024-07-20,0.47,3.11,3.0,FC,R,S,False,,foul
745478-64-6,2024,2024-07-20,-0.23,3.92,11.0,FF,R,S,False,strikeout,swinging_strike
745478-64-5,2024,2024-07-20,-1.06,3.23,11.0,FS,R,B,False,,ball
745478-2-1,2024,2024-07-20,-0.41,3.41,1.0,FF,R,B,False,,ball
745478-64-4,2024,2024-07-20,1.17,3.67,12.0,FF,R,B,False,,ball
745478-64-3,2024,2024-07-20,1.24,4.26,12.0,FF,R,B,False,,ball
745478-64-2,2024,2024-07-20,0.41,1.76,9.0,FS,R,S,False,,foul
745478-64-1,2024,2024-07-20,0.91,2.32,14.0,FF,R,S,False,,foul
745481-35-6,2024,2024-07-19,-0.51,2.61,4.0,SI,L,X,True,home_run,hit_into_play
745481-35-5,2024,2024-07-19,0.49,2.97,6.0,FC,L,S,False,,foul
745481-35-4,2024,2024-07-19,1.23,2.42,14.0,SI,L,S,False,,foul
745481-35-3,2024,2024-07-19,0.49,2.49,6.0,FC,L,S,False,,called_strike
745481-35-2,2024,2024-07-19,-0.21,3.81,11.0,SI,L,B,False,,ball
745481-35-1,2024,2024-07-19,0.02,1.24,14.0,FC,L,B,False,,ball
745481-17-7,2024,2024-07-19,-0.18,2.85,5.0,SI,L,X,True,field_out,hit_into_play
745481-47-4,2024,2024-07-19,1.5,-0.27,14.0,CU,R,S,False,strikeout,swinging_strike_blocked
745481-17-6,2024,2024-07-19,1.18,1.82,14.0,CH,L,S,False,,foul
745481-47-3,2024,2024-07-19,1.57,1.06,14.0,CU,R,B,False,,ball
745481-17-5,2024,2024-07-19,-0.12,2.05,8.0,FC,L,S,False,,foul
745481-47-2,2024,2024-07-19,-0.06,2.71,5.0,SL,R,S,False,,foul
745481-17-4,2024,2024-07-19,0.59,2.34,6.0,FC,L,S,False,,foul
745481-17-3,2024,2024-07-19,-0.31,1.33,13.0,CU,L,B,False,,ball
745481-47-1,2024,2024-07-19,0.65,3.11,3.0,SL,R,S,False,,called_strike
745481-17-2,2024,2024-07-19,0.42,1.98,9.0,SI,L,S,False,,called_strike
745481-17-1,2024,2024-07-19,1.1,2.48,14.0,SI,L,B,False,,ball
745481-2-8,2024,2024-07-19,1.26,0.87,14.0,CH,L,B,False,walk,ball
745481-2-7,2024,2024-07-19,0.37,3.06,3.0,FC,L,S,False,,foul
745481-2-6,2024,2024-07-19,0.65,3.4,3.0,SI,L,S,False,,foul
745481-2-5,2024,2024-07-19,0.86,-0.23,14.0,CH,L,B,False,,ball
745481-2-4,2024,2024-07-19,0.93,2.29,14.0,FC,L,B,False,,ball
745481-2-3,2024,2024-07-19,0.65,2.14,9.0,CU,L,S,False,,swinging_strike
745481-70-5,2024,2024-07-19,0.44,1.99,9.0,ST,R,S,False,strikeout,swinging_strike
745481-2-2,2024,2024-07-19,-0.63,0.32,13.0,CH,L,B,False,,ball
745481-70-4,2024,2024-07-19,-0.59,3.08,1.0,ST,R,B,False,,ball
745481-2-1,2024,2024-07-19,0.1,2.45,5.0,FC,L,S,False,,called_strike
745481-70-3,2024,2024-07-19,-1.73,4.19,11.0,ST,R,B,False,,ball
745481-70-2,2024,2024-07-19,1.14,2.05,14.0,ST,R,S,False,,swinging_strike
745481-70-1,2024,2024-07-19,-0.63,3.08,1.0,FC,R,S,False,,foul
745551-46-4,2024,2024-07-14,0.75,2.56,6.0,ST,R,X,True,single,hit_into_play
745551-46-3,2024,2024-07-14,0.53,3.51,3.0,ST,R,B,False,,ball
745551-46-2,2024,2024-07-14,0.25,2.16,8.0,FF,R,S,False,,foul
745551-46-1,2024,2024-07-14,0.34,2.39,9.0,FF,R,S,False,,called_strike
745551-21-1,2024,2024-07-14,-1.96,4.68,11.0,FF,R,B,False,hit_by_pitch,hit_by_pitch
745551-5-6,2024,2024-07-14,0.28,2.03,9.0,SL,R,X,True,home_run,hit_into_play
745551-5-5,2024,2024-07-14,0.47,2.66,6.0,FF,R,S,False,,foul
745551-5-4,2024,2024-07-14,1.4,1.8,14.0,SL,R,B,False,,ball
745551-5-3,2024,2024-07-14,1.33,1.2,14.0,ST,R,B,False,,ball
745551-5-2,2024,2024-07-14,-1.02,2.98,11.0,FF,R,S,False,,foul
745551-5-1,2024,2024-07-14,0.38,3.3,3.0,ST,R,S,False,,called_strike
745549-35-5,2024,2024-07-13,0.3,3.18,3.0,FC,R,X,True,home_run,hit_into_play
745549-35-4,2024,2024-07-13,1.45,1.34,14.0,SL,R,B,False,,ball
745549-35-3,2024,2024-07-13,2.12,1.42,14.0,SL,R,B,False,,ball
745549-35-2,2024,2024-07-13,-0.33,3.16,1.0,SI,R,S,False,,foul
745549-35-1,2024,2024-07-13,-0.65,3.2,1.0,SI,R,S,False,,called_strike
745549-23-5,2024,2024-07-13,1.38,1.68,14.0,SL,R,S,False,strikeout,foul_tip
745549-23-4,2024,2024-07-13,1.34,2.04,14.0,SL,R,S,False,,swinging_strike
745549-23-3,2024,2024-07-13,-0.42,2.51,4.0,SI,R,S,False,,foul
745549-23-2,2024,2024-07-13,-1.05,1.81,13.0,SI,R,B,False,,ball
745549-23-1,2024,2024-07-13,1.11,1.46,14.0,SL,R,B,False,,ball
745549-71-6,2024,2024-07-13,0.02,2.74,5.0,FF,R,X,True,single,hit_into_play
745549-71-5,2024,2024-07-13,0.64,2.48,6.0,FF,R,S,False,,foul
745549-71-4,2024,2024-07-13,0.9,3.36,12.0,FF,R,B,False,,ball
745549-71-3,2024,2024-07-13,0.54,2.39,6.0,FF,R,S,False,,called_strike
745549-5-5,2024,2024-07-13,1.2,2.87,12.0,SL,R,S,False,strikeout,swinging_strike
745549-71-2,2024,2024-07-13,1.52,1.18,14.0,SL,R,B,False,,ball
745549-71-1,2024,2024-07-13,0.59,1.47,14.0,SL,R,B,False,,ball
745549-5-4,2024,2024-07-13,1.18,1.18,14.0,SL,R,S,False,,swinging_strike
745549-50-1,2024,2024-07-13,0.58,2.75,6.0,SI,L,X,True,field_out,hit_into_play
745549-5-3,2024,2024-07-13,-1.34,2.46,13.0,SI,R,B,False,,ball
745549-5-2,2024,2024-07-13,0.17,1.07,14.0,SI,R,B,False,,ball
745549-5-1,2024,2024-07-13,0.4,2.6,6.0,FC,R,S,False,,called_strike
745552-17-3,2024,2024-07-12,-0.83,2.17,7.0,CH,L,X,True,field_out,hit_into_play
745552-17-2,2024,2024-07-12,-0.51,3.96,11.0,SL,L,B,False,,ball
745552-17-1,2024,2024-07-12,-0.16,3.63,2.0,SL,L,S,False,,called_strike
745552-45-5,2024,2024-07-12,-0.11,2.31,5.0,FC,R,X,True,force_out,hit_into_play
745552-45-4,2024,2024-07-12,0.41,2.53,6.0,FF,R,S,False,,called_strike
745552-45-3,2024,2024-07-12,1.14,2.29,14.0,FC,R,B,False,,ball
745552-45-2,2024,2024-07-12,0.93,2.18,14.0,FF,R,B,False,,ball
745552-45-1,2024,2024-07-12,0.96,1.67,14.0,SI,R,B,False,,ball
745552-5-8,2024,2024-07-12,-0.84,2.29,13.0,FF,L,X,True,field_out,hit_into_play
745552-5-7,2024,2024-07-12,0.87,3.28,12.0,CH,L,S,False,,foul
745552-5-6,2024,2024-07-12,-0.7,2.85,4.0,SL,L,S,False,,foul
745552-66-4,2024,2024-07-12,-0.52,1.59,7.0,ST,L,S,False,strikeout,called_strike
745552-5-5,2024,2024-07-12,-1.73,1.98,13.0,FF,L,B,False,,ball
745552-66-3,2024,2024-07-12,0.16,2.61,5.0,SI,L,S,False,,foul
745552-5-4,2024,2024-07-12,-0.35,3.88,11.0,SL,L,S,False,,foul
745552-66-2,2024,2024-07-12,-0.06,2.0,8.0,ST,L,S,False,,called_strike
745552-5-3,2024,2024-07-12,0.63,3.39,3.0,CH,L,S,False,,foul
745552-66-1,2024,2024-07-12,-0.29,1.4,13.0,ST,L,B,False,,ball
745552-5-2,2024,2024-07-12,-1.99,1.49,13.0,FF,L,B,False,,ball
745552-5-1,2024,2024-07-12,-0.53,1.86,7.0,CH,L,S,False,,called_strike
745558-41-1,2024,2024-07-11,0.38,2.6,6.0,SL,R,X,True,field_out,hit_into_play
745558-22-3,2024,2024-07-11,0.33,2.35,6.0,SL,R,X,True,single,hit_into_play
745558-71-7,2024,2024-07-11,1.33,3.29,12.0,CH,L,B,False,walk,ball
745558-22-2,2024,2024-07-11,0.67,1.06,14.0,SL,R,S,False,,swinging_strike
745558-71-6,2024,2024-07-11,-0.21,1.49,13.0,CH,L,S,False,,foul
745558-71-5,2024,2024-07-11,-0.81,3.46,1.0,FF,L,B,False,,ball
745558-22-1,2024,2024-07-11,-1.13,3.86,11.0,CU,R,B,False,,ball
745558-71-4,2024,2024-07-11,1.38,2.53,14.0,CH,L,B,False,,ball
745558-71-3,2024,2024-07-11,-0.36,2.7,4.0,CH,L,S,False,,foul
745558-71-2,2024,2024-07-11,0.03,1.68,8.0,CH,L,S,False,,foul
745558-71-1,2024,2024-07-11,-0.89,1.96,13.0,SI,L,B,False,,ball
745558-53-3,2024,2024-07-11,0.25,2.38,5.0,CH,L,X,True,field_out,hit_into_play
745558-53-2,2024,2024-07-11,-1.24,-0.29,13.0,CH,L,B,False,,ball
745558-53-1,2024,2024-07-11,-0.56,2.74,4.0,CH,L,S,False,,swinging_strike
745558-7-2,2024,2024-07-11,0.18,2.64,5.0,FF,L,X,True,home_run,hit_into_play
745558-7-1,2024,2024-07-11,0.37,3.89,12.0,CH,L,B,False,,ball
745556-41-5,2024,2024-07-10,0.42,1.76,9.0,SL,R,X,True,single,hit_into_play
745556-41-4,2024,2024-07-10,-1.28,3.17,11.0,SI,R,S,False,,foul
745556-41-3,2024,2024-07-10,1.55,2.84,12.0,SL,R,B,False,,ball
745556-41-2,2024,2024-07-10,-1.49,1.0,13.0,CH,R,B,False,,ball
745556-41-1,2024,2024-07-10,0.65,1.19,14.0,SL,R,B,False,,ball
745556-21-6,2024,2024-07-10,-0.71,1.98,7.0,FF,R,X,True,single,hit_into_play
745556-21-5,2024,2024-07-10,0.12,3.41,2.0,SI,R,S,False,,foul
745556-21-4,2024,2024-07-10,-1.1,1.56,13.0,CH,R,B,False,,ball
745556-21-3,2024,2024-07-10,1.02,3.73,12.0,FF,R,B,False,,ball
745556-21-2,2024,2024-07-10,-0.95,2.49,13.0,SI,R,S,False,,foul
745556-21-1,2024,2024-07-10,0.56,1.35,14.0,SL,R,S,False,,swinging_strike
745556-6-6,2024,2024-07-10,0.81,2.46,6.0,SL,R,X,True,field_out,hit_into_play
745556-6-5,2024,2024-07-10,-1.13,2.5,13.0,CH,R,S,False,,foul
745556-6-4,2024,2024-07-10,-0.14,0.46,13.0,SI,R,B,False,,ball
745556-6-3,2024,2024-07-10,1.65,1.26,14.0,SL,R,B,False,,ball
745556-6-2,2024,2024-07-10,-0.75,2.58,4.0,SI,R,S,False,,foul
745556-6-1,2024,2024-07-10,0.12,2.75,5.0,FF,R,S,False,,swinging_strike
745556-63-4,2024,2024-07-10,0.65,2.6,6.0,FF,R,X,True,field_out,hit_into_play
745556-63-3,2024,2024-07-10,-0.23,2.69,5.0,FF,R,S,False,,foul
745556-63-2,2024,2024-07-10,0.76,2.06,9.0,SL,R,S,False,,swinging_strike
745556-63-1,2024,2024-07-10,1.49,1.4,14.0,SL,R,B,False,,ball
745557-35-1,2024,2024-07-09,0.0,2.32,5.0,SL,R,X,True,home_run,hit_into_play
745557-23-1,2024,2024-07-09,-0.45,2.7,4.0,CU,R,X,True,single,hit_into_play
745557-55-5,2024,2024-07-09,-1.61,2.87,11.0,SI,R,S,False,strikeout,swinging_strike
745557-55-4,2024,2024-07-09,1.69,1.92,14.0,ST,R,B,False,,ball
745557-55-3,2024,2024-07-09,1.34,0.96,14.0,ST,R,B,False,,ball
745557-55-2,2024,2024-07-09,0.13,1.6,8.0,ST,R,S,False,,called_strike
745557-55-1,2024,2024-07-09,0.33,2.4,6.0,SI,R,S,False,,called_strike
745557-7-7,2024,2024-07-09,-0.12,2.41,5.0,FF,R,X,True,single,hit_into_play
745557-7-6,2024,2024-07-09,-0.67,2.16,7.0,SI,R,S,False,,foul
745557-7-5,2024,2024-07-09,0.24,1.85,8.0,FF,R,S,False,,foul
745557-7-4,2024,2024-07-09,0.26,3.11,2.0,FF,R,S,False,,called_strike
745557-7-3,2024,2024-07-09,1.24,1.33,14.0,FF,R,B,False,,ball
745557-7-2,2024,2024-07-09,1.08,1.52,14.0,FF,R,B,False,,ball
745557-7-1,2024,2024-07-09,1.79,0.97,14.0,FF,R,B,False,,ball
747098-44-3,2024,2024-07-07,1.52,0.77,14.0,SL,R,S,False,strikeout,swinging_strike
747098-44-2,2024,2024-07-07,-0.05,2.91,5.0,FF,R,S,False,,foul
747098-44-1,2024,2024-07-07,0.15,1.85,8.0,FF,R,S,False,,called_strike
747098-25-5,2024,2024-07-07,0.44,1.68,9.0,FF,R,S,False,strikeout,called_strike
747098-25-4,2024,2024-07-07,-0.17,2.1,8.0,FF,R,S,False,,foul
747098-25-3,2024,2024-07-07,1.58,0.89,14.0,SL,R,B,False,,ball
747098-25-2,2024,2024-07-07,1.75,0.25,14.0,SL,R,B,False,,ball
747098-25-1,2024,2024-07-07,0.04,3.05,2.0,FF,R,S,False,,foul_tip
747098-61-2,2024,2024-07-07,-1.87,4.76,11.0,CU,R,B,False,hit_by_pitch,hit_by_pitch
747098-61-1,2024,2024-07-07,1.56,-0.24,14.0,FC,R,B,False,,ball
747098-2-3,2024,2024-07-07,0.37,2.07,9.0,FF,R,X,True,field_out,hit_into_play
747098-2-2,2024,2024-07-07,-1.23,2.39,13.0,FF,R,S,False,,foul
747098-2-1,2024,2024-07-07,-0.06,2.23,8.0,FF,R,S,False,,swinging_strike
747099-38-5,2024,2024-07-06,0.6,1.43,14.0,FF,R,X,True,field_out,hit_into_play
747099-38-4,2024,2024-07-06,-0.27,2.46,5.0,FF,R,S,False,,called_strike
747099-38-3,2024,2024-07-06,-1.01,2.51,13.0,FC,R,B,False,,ball
747099-38-2,2024,2024-07-06,-1.52,2.96,11.0,SI,R,B,False,,ball
747099-38-1,2024,2024-07-06,-1.31,3.41,11.0,FF,R,B,False,,ball
747099-20-1,2024,2024-07-06,-0.04,2.21,8.0,SL,R,X,True,single,hit_into_play
747099-2-6,2024,2024-07-06,0.15,2.46,5.0,FC,R,X,True,field_out,hit_into_play
747099-2-5,2024,2024-07-06,1.05,0.78,14.0,SI,R,B,False,,ball
747099-2-4,2024,2024-07-06,1.59,1.63,14.0,CU,R,B,False,,ball
747099-2-3,2024,2024-07-06,-0.09,2.63,5.0,SL,R,S,False,,foul
747099-2-2,2024,2024-07-06,0.98,2.38,14.0,FC,R,B,False,,ball
747099-2-1,2024,2024-07-06,0.73,2.31,9.0,FF,R,S,False,,called_strike
747099-60-1,2024,2024-07-06,-0.14,3.17,2.0,FF,R,X,True,field_out,hit_into_play
747097-47-2,2024,2024-07-05,-0.28,2.43,4.0,SL,L,X,True,home_run,hit_into_play
747097-47-1,2024,2024-07-05,0.13,2.96,2.0,SI,L,S,False,,foul
747097-29-2,2024,2024-07-05,0.14,2.37,5.0,CU,L,X,True,home_run,hit_into_play
747097-29-1,2024,2024-07-05,0.93,4.09,12.0,CU,L,B,False,,ball
747097-17-2,2024,2024-07-05,-0.11,2.62,5.0,CH,L,X,True,field_out,hit_into_play
747097-17-1,2024,2024-07-05,1.17,3.28,12.0,CH,L,B,False,,ball
747097-61-2,2024,2024-07-05,0.59,2.03,9.0,FC,R,X,True,field_out,hit_into_play
747097-61-1,2024,2024-07-05,1.15,1.87,14.0,SI,R,B,False,,ball
747097-2-5,2024,2024-07-05,1.27,3.21,12.0,SI,L,S,False,strikeout,swinging_strike
747097-2-4,2024,2024-07-05,0.4,0.77,14.0,CU,L,B,False,,ball
747097-2-3,2024,2024-07-05,-0.61,1.58,7.0,SL,L,S,False,,foul
747097-2-2,2024,2024-07-05,-1.11,1.33,13.0,FC,L,B,False,,ball
747097-2-1,2024,2024-07-05,0.31,2.81,6.0,FF,L,S,False,,swinging_strike
746857-46-1,2024,2024-07-04,-0.58,2.04,7.0,FF,R,X,True,field_out,hit_into_play
746857-19-2,2024,2024-07-04,0.79,2.86,6.0,ST,R,X,True,field_out,hit_into_play
746857-19-1,2024,2024-07-04,0.08,2.76,5.0,ST,R,S,False,,called_strike
746857-63-5,2024,2024-07-04,1.01,1.58,14.0,KC,L,S,False,strikeout,swinging_strike
746857-63-4,2024,2024-07-04,0.28,0.16,14.0,KC,L,B,False,,blocked_ball
746857-63-3,2024,2024-07-04,0.44,1.99,9.0,KC,L,S,False,,foul
746857-63-2,2024,2024-07-04,-0.55,1.02,13.0,KC,L,B,False,,ball
746857-63-1,2024,2024-07-04,0.63,2.46,6.0,SI,L,S,False,,called_strike
746857-2-4,2024,2024-07-04,0.09,2.67,5.0,FC,R,X,True,single,hit_into_play
746857-2-3,2024,2024-07-04,2.38,0.42,14.0,ST,R,B,False,,ball
746857-2-2,2024,2024-07-04,0.12,3.65,12.0,ST,R,S,False,,foul
746857-2-1,2024,2024-07-04,0.3,2.59,6.0,FF,R,S,False,,foul
746858-42-6,2024,2024-07-03,0.79,2.47,6.0,FS,L,X,True,single,hit_into_play
746858-42-5,2024,2024-07-03,0.3,3.28,3.0,FF,L,S,False,,foul
746858-42-4,2024,2024-07-03,0.66,2.36,6.0,FS,L,S,False,,foul
746858-42-3,2024,2024-07-03,-0.39,-0.61,13.0,FS,L,B,False,,ball
746858-42-2,2024,2024-07-03,-0.09,1.16,13.0,FS,L,S,False,,swinging_strike
746858-42-1,2024,2024-07-03,-0.49,2.13,7.0,FF,L,S,False,,foul
746858-20-7,2024,2024-07-03,-0.75,2.35,4.0,FF,L,S,False,strikeout,swinging_strike
746858-20-6,2024,2024-07-03,1.35,2.45,14.0,FS,L,B,False,,ball
746858-20-5,2024,2024-07-03,0.19,2.76,5.0,CH,L,S,False,,foul
746858-20-4,2024,2024-07-03,0.52,2.56,6.0,FS,L,S,False,,foul
746858-20-3,2024,2024-07-03,1.09,2.15,14.0,FS,L,S,False,,swinging_strike
746858-20-2,2024,2024-07-03,-0.47,-0.01,13.0,FS,L,B,False,,ball
746858-20-1,2024,2024-07-03,-0.36,2.27,7.0,FF,L,S,False,,called_strike
746858-2-3,2024,2024-07-03,0.2,2.0,8.0,CH,L,S,False,strikeout,swinging_strike
746858-2-2,2024,2024-07-03,-0.38,1.25,13.0,FS,L,S,False,,swinging_strike
746858-2-1,2024,2024-07-03,-0.8,2.75,4.0,CU,L,S,False,,called_strike
746858-60-4,2024,2024-07-03,1.34,2.73,12.0,ST,R,X,True,single,hit_into_play
746858-60-3,2024,2024-07-03,2.1,1.71,14.0,ST,R,B,False,,ball
746858-60-2,2024,2024-07-03,0.02,2.4,5.0,ST,R,S,False,,swinging_strike
746858-60-1,2024,2024-07-03,0.85,2.4,14.0,ST,R,S,False,,foul
746860-36-3,2024,2024-07-02,-0.42,2.59,4.0,FF,R,X,True,home_run,hit_into_play
746860-36-2,2024,2024-07-02,1.55,2.03,14.0,ST,R,B,False,,ball
746860-36-1,2024,2024-07-02,0.15,1.83,8.0,ST,R,S,False,,called_strike
746860-19-1,2024,2024-07-02,-0.19,2.37,5.0,SI,R,X,True,home_run,hit_into_play
746860-51-5,2024,2024-07-02,0.75,2.11,9.0,FF,R,X,True,single,hit_into_play
746860-51-4,2024,2024-07-02,1.77,-0.53,14.0,CU,R,B,False,,blocked_ball
746860-51-3,2024,2024-07-02,-0.76,3.5,1.0,SL,R,S,False,,swinging_strike
746860-51-2,2024,2024-07-02,0.52,1.27,14.0,CU,R,S,False,,swinging_strike
746860-51-1,2024,2024-07-02,1.17,2.37,14.0,SL,R,B,False,,ball
746860-66-3,2024,2024-07-02,-0.59,2.37,4.0,KC,R,X,True,field_out,hit_into_play
746860-66-2,2024,2024-07-02,0.69,1.98,9.0,SI,R,S,False,,called_strike
746860-66-1,2024,2024-07-02,-1.07,2.94,11.0,SL,R,B,False,,ball
746860-2-2,2024,2024-07-02,-0.29,1.77,7.0,SI,R,X,True,field_out,hit_into_play
746860-2-1,2024,2024-07-02,-0.3,3.1,1.0,SI,R,S,False,,foul
745555-41-4,2024,2024-06-30,-1.11,3.21,11.0,FS,R,S,False,strikeout,swinging_strike
745555-41-3,2024,2024-06-30,0.08,-0.07,14.0,FS,R,S,False,,foul
745555-41-2,2024,2024-06-30,0.46,3.21,3.0,SL,R,S,False,,called_strike
745555-41-1,2024,2024-06-30,0.79,0.92,14.0,SI,R,B,False,,ball
745555-20-2,2024,2024-06-30,-0.51,2.36,4.0,SL,R,X,True,single,hit_into_play
745555-20-1,2024,2024-06-30,-0.53,2.32,4.0,SL,R,S,False,,called_strike
745555-60-6,2024,2024-06-30,0.25,2.05,8.0,FC,R,S,False,strikeout,swinging_strike
745555-60-5,2024,2024-06-30,-0.75,1.53,13.0,FC,R,B,False,,ball
745555-60-4,2024,2024-06-30,-0.36,1.62,7.0,CH,R,S,False,,foul
745555-60-3,2024,2024-06-30,0.24,2.4,5.0,FF,R,S,False,,foul
745555-60-2,2024,2024-06-30,0.75,1.2,14.0,FC,R,B,False,,ball
745555-60-1,2024,2024-06-30,0.46,1.79,9.0,FF,R,S,False,,called_strike
745555-7-4,2024,2024-06-30,0.0,1.91,8.0,FS,R,X,True,single,hit_into_play
745555-7-3,2024,2024-06-30,0.67,3.24,3.0,SI,R,S,False,,foul_tip
745555-7-2,2024,2024-06-30,1.09,2.2,14.0,SI,R,B,False,,ball
745555-7-1,2024,2024-06-30,-0.48,2.95,1.0,SL,R,S,False,,called_strike
745555-74-3,2024,2024-06-30,0.05,2.73,5.0,SI,R,X,True,single,hit_into_play
745555-74-2,2024,2024-06-30,2.89,1.28,14.0,ST,R,B,False,,ball
745555-74-1,2024,2024-06-30,0.09,2.64,5.0,ST,R,S,False,,called_strike
745559-40-5,2024,2024-06-29,0.95,0.63,14.0,SL,R,S,False,strikeout,swinging_strike_blocked
745559-40-4,2024,2024-06-29,1.83,0.18,14.0,SL,R,B,False,,blocked_ball
745559-40-3,2024,2024-06-29,0.89,2.53,14.0,FC,R,S,False,,foul
745559-40-2,2024,2024-06-29,-0.18,4.29,11.0,FF,R,B,False,,ball
745559-40-1,2024,2024-06-29,-0.21,2.65,5.0,FF,R,S,False,,foul
745559-24-4,2024,2024-06-29,0.28,1.44,14.0,FF,R,X,True,field_out,hit_into_play
745559-24-3,2024,2024-06-29,1.27,2.48,14.0,FF,R,B,False,,ball
745559-24-2,2024,2024-06-29,0.99,1.18,14.0,CH,R,S,False,,swinging_strike
745559-24-1,2024,2024-06-29,1.48,0.78,14.0,FC,R,B,False,,ball
745559-58-5,2024,2024-06-29,-0.18,3.02,2.0,FF,L,X,True,field_out,hit_into_play
745559-58-4,2024,2024-06-29,-0.51,2.05,7.0,FF,L,S,False,,foul
745559-58-3,2024,2024-06-29,-1.08,3.39,11.0,FF,L,B,False,,ball
745559-58-2,2024,2024-06-29,0.92,2.29,14.0,SI,L,S,False,,swinging_strike
745559-58-1,2024,2024-06-29,-0.26,2.68,5.0,SI,L,S,False,,called_strike
745559-5-1,2024,2024-06-29,0.11,2.22,8.0,FF,R,X,True,field_out,hit_into_play
745560-24-2,2024,2024-06-28,0.55,1.95,9.0,SL,R,X,True,double,hit_into_play
745560-24-1,2024,2024-06-28,0.29,1.66,9.0,FC,R,S,False,,called_strike
745560-56-1,2024,2024-06-28,0.79,3.56,3.0,SI,R,X,True,field_out,hit_into_play
745560-40-7,2024,2024-06-28,-0.64,3.76,11.0,SI,R,S,False,strikeout,swinging_strike
745560-6-4,2024,2024-06-28,-1.07,3.62,11.0,FF,R,X,True,field_out,hit_into_play
745560-6-3,2024,2024-06-28,0.49,-0.45,14.0,CU,R,B,False,,ball
745560-40-6,2024,2024-06-28,0.52,1.61,9.0,SI,R,S,False,,foul
745560-40-5,2024,2024-06-28,-0.3,4.08,11.0,SL,R,B,False,,ball
745560-6-2,2024,2024-06-28,-0.64,0.44,13.0,CU,R,S,False,,swinging_strike
745560-6-1,2024,2024-06-28,-0.29,3.1,1.0,FC,R,S,False,,called_strike
745560-40-4,2024,2024-06-28,-0.62,3.64,11.0,FF,R,B,False,,ball
745560-40-3,2024,2024-06-28,1.8,2.61,12.0,SL,R,B,False,,ball
745560-40-2,2024,2024-06-28,1.49,0.93,14.0,SL,R,S,False,,swinging_strike
745560-40-1,2024,2024-06-28,0.77,2.86,6.0,SL,R,S,False,,called_strike
745560-36-2,2024,2024-06-28,-0.46,1.95,7.0,SI,R,B,False,truncated_pa,ball
745560-36-1,2024,2024-06-28,1.6,1.76,14.0,SL,R,B,False,,ball
745565-39-2,2024,2024-06-27,0.32,2.17,9.0,SI,L,X,True,double,hit_into_play
745565-39-1,2024,2024-06-27,1.16,3.45,12.0,FF,L,B,False,,ball
745565-19-4,2024,2024-06-27,-0.06,2.58,5.0,CH,L,X,True,field_out,hit_into_play
745565-19-3,2024,2024-06-27,0.45,1.59,14.0,CH,L,S,False,,swinging_strike
745565-19-2,2024,2024-06-27,0.76,4.19,12.0,FF,L,B,False,,ball
745565-19-1,2024,2024-06-27,0.32,2.2,9.0,SL,L,S,False,,called_strike
745565-80-3,2024,2024-06-27,-0.29,2.02,7.0,SL,L,X,True,field_out,hit_into_play
745565-80-2,2024,2024-06-27,0.36,2.03,9.0,SL,L,S,False,,called_strike
745565-80-1,2024,2024-06-27,-0.61,3.56,1.0,FF,L,B,False,,ball
745565-5-4,2024,2024-06-27,1.12,4.73,12.0,FF,L,B,False,walk,ball
745565-5-3,2024,2024-06-27,-1.44,1.72,13.0,SI,L,B,False,,ball
745565-5-2,2024,2024-06-27,-0.67,1.16,13.0,SI,L,B,False,,ball
745565-5-1,2024,2024-06-27,-0.66,1.0,13.0,CH,L,B,False,,ball
745565-60-3,2024,2024-06-27,-0.5,2.39,4.0,SI,R,X,True,double,hit_into_play
745565-60-2,2024,2024-06-27,1.03,2.53,14.0,SI,R,B,False,,ball
745565-60-1,2024,2024-06-27,1.28,2.15,14.0,ST,R,B,False,,ball
746456-51-4,2024,2024-06-26,1.1,2.01,14.0,SL,R,S,False,strikeout,swinging_strike
746456-51-3,2024,2024-06-26,1.8,0.5,14.0,SL,R,B,False,,ball
746456-51-2,2024,2024-06-26,2.09,2.01,14.0,SL,R,S,False,,swinging_strike
746456-51-1,2024,2024-06-26,-0.24,1.48,13.0,SL,R,S,False,,called_strike
746456-30-4,2024,2024-06-26,1.15,1.29,14.0,SL,R,S,False,strikeout,swinging_strike
746456-30-3,2024,2024-06-26,1.12,0.87,14.0,SL,R,B,False,,ball
746456-30-2,2024,2024-06-26,0.92,1.96,14.0,FF,R,S,False,,called_strike
746456-30-1,2024,2024-06-26,0.67,3.38,3.0,FF,R,S,False,,swinging_strike
746456-66-3,2024,2024-06-26,0.03,1.94,8.0,CH,L,X,True,single,hit_into_play
746456-66-2,2024,2024-06-26,1.15,1.87,14.0,CH,L,S,False,,swinging_strike
746456-66-1,2024,2024-06-26,-1.31,0.75,13.0,CU,L,B,False,,ball
746456-15-5,2024,2024-06-26,-0.57,3.74,11.0,FF,R,S,False,strikeout,swinging_strike
746456-15-4,2024,2024-06-26,0.73,0.22,14.0,SL,R,B,False,,blocked_ball
746456-2-3,2024,2024-06-26,0.62,2.04,9.0,CH,L,X,True,single,hit_into_play
746456-2-2,2024,2024-06-26,-0.24,1.56,13.0,FF,L,B,False,,ball
746456-15-3,2024,2024-06-26,0.95,1.83,14.0,SL,R,S,False,,swinging_strike
746456-2-1,2024,2024-06-26,0.37,2.47,6.0,CH,L,S,False,,called_strike
746456-15-2,2024,2024-06-26,1.01,1.74,14.0,SL,R,S,False,,swinging_strike
746456-15-1,2024,2024-06-26,0.54,1.24,14.0,FF,R,B,False,,ball
746454-35-4,2024,2024-06-25,-0.64,2.86,4.0,FF,L,X,True,force_out,hit_into_play
746454-35-3,2024,2024-06-25,-0.99,1.44,13.0,CH,L,S,False,,swinging_strike
746454-35-2,2024,2024-06-25,-1.32,2.25,13.0,SI,L,B,False,,ball
746454-35-1,2024,2024-06-25,-0.29,3.88,11.0,FF,L,B,False,,ball
746454-19-3,2024,2024-06-25,-1.52,3.55,11.0,FF,L,B,False,hit_by_pitch,hit_by_pitch
746454-19-2,2024,2024-06-25,-0.38,-0.5,13.0,CH,L,B,False,,ball
746454-19-1,2024,2024-06-25,0.37,1.82,9.0,CH,L,S,False,,called_strike
746454-59-2,2024,2024-06-25,0.33,2.38,6.0,SL,R,X,True,field_out,hit_into_play
746454-59-1,2024,2024-06-25,-0.47,2.1,7.0,SL,R,S,False,,foul
746454-2-2,2024,2024-06-25,-0.35,2.84,4.0,FF,L,X,True,field_out,hit_into_play
746454-2-1,2024,2024-06-25,0.18,1.85,8.0,CH,L,S,False,,swinging_strike
746458-30-5,2024,2024-06-24,0.98,2.5,14.0,FF,R,X,True,field_out,hit_into_play
746458-30-4,2024,2024-06-24,0.52,0.83,14.0,SL,R,B,False,,ball
746458-30-3,2024,2024-06-24,1.16,2.33,14.0,SL,R,B,False,,ball
746458-30-2,2024,2024-06-24,-0.83,3.32,11.0,SI,R,S,False,,foul
746458-30-1,2024,2024-06-24,0.08,1.96,8.0,FF,R,S,False,,foul
746458-14-7,2024,2024-06-24,0.52,2.03,9.0,FF,R,X,True,field_out,hit_into_play
746458-14-6,2024,2024-06-24,0.12,2.55,5.0,FF,R,S,False,,foul
746458-14-5,2024,2024-06-24,0.18,3.93,12.0,SI,R,B,False,,ball
746458-14-4,2024,2024-06-24,-0.06,3.87,11.0,SI,R,B,False,,ball
746458-14-3,2024,2024-06-24,0.73,1.26,14.0,SL,R,B,False,,ball
746458-14-2,2024,2024-06-24,-0.71,3.28,1.0,SI,R,S,False,,swinging_strike
746458-14-1,2024,2024-06-24,-1.02,3.23,11.0,SI,R,S,False,,foul
746458-48-5,2024,2024-06-24,0.52,1.9,9.0,FC,L,X,True,field_out,hit_into_play
746458-48-4,2024,2024-06-24,-1.3,1.4,13.0,FC,L,B,False,,ball
746458-48-3,2024,2024-06-24,-0.15,0.67,13.0,CH,L,B,False,,ball
746458-48-2,2024,2024-06-24,-0.65,1.99,7.0,FC,L,S,False,,foul
746458-48-1,2024,2024-06-24,0.98,2.86,12.0,CH,L,S,False,,called_strike
746458-76-4,2024,2024-06-24,-0.04,3.5,2.0,FF,L,X,True,force_out,hit_into_play
746458-76-3,2024,2024-06-24,-0.29,0.83,13.0,SL,L,B,False,,ball
746458-76-2,2024,2024-06-24,0.06,1.0,14.0,SL,L,S,False,,swinging_strike_blocked
746458-76-1,2024,2024-06-24,-0.73,1.86,7.0,SL,L,S,False,,called_strike
746458-64-4,2024,2024-06-24,1.53,3.32,12.0,FF,R,B,False,walk,ball
746458-64-3,2024,2024-06-24,2.04,2.03,14.0,SL,R,B,False,,ball
746458-64-2,2024,2024-06-24,2.21,0.62,14.0,SI,R,B,False,,ball
746458-2-2,2024,2024-06-24,-0.46,2.25,7.0,SI,R,X,True,double,hit_into_play
746458-64-1,2024,2024-06-24,1.91,2.07,14.0,SL,R,B,False,,ball
746458-2-1,2024,2024-06-24,0.34,1.67,9.0,SL,R,S,False,,swinging_strike
745566-21-4,2024,2024-06-23,0.21,4.03,12.0,FF,R,X,True,single,hit_into_play
745566-21-3,2024,2024-06-23,1.35,1.34,14.0,SL,R,S,False,,foul
745566-21-2,2024,2024-06-23,0.09,1.69,8.0,SL,R,S,False,,swinging_strike
745566-21-1,2024,2024-06-23,-0.58,2.48,4.0,FF,R,S,False,,called_strike
745566-63-1,2024,2024-06-23,-0.24,3.16,2.0,SI,R,X,True,field_out,hit_into_play
745566-48-3,2024,2024-06-23,0.68,3.07,3.0,SI,L,X,True,force_out,hit_into_play
745566-48-2,2024,2024-06-23,1.44,2.95,12.0,CH,L,B,False,,ball
745566-48-1,2024,2024-06-23,1.35,2.58,14.0,CU,L,B,False,,ball
745566-6-5,2024,2024-06-23,0.34,2.08,9.0,FF,R,S,False,strikeout,called_strike
745566-6-4,2024,2024-06-23,0.5,4.38,12.0,FF,R,B,False,,ball
745566-6-3,2024,2024-06-23,0.26,3.07,2.0,SL,R,S,False,,swinging_strike
745566-6-2,2024,2024-06-23,1.03,3.37,12.0,SL,R,B,False,,ball
745566-6-1,2024,2024-06-23,0.61,3.51,3.0,FF,R,S,False,,called_strike
745566-36-4,2024,2024-06-23,0.1,2.6,5.0,FS,R,X,True,field_error,hit_into_play
745566-36-3,2024,2024-06-23,-0.56,1.21,13.0,SI,R,S,False,,swinging_strike
745566-36-2,2024,2024-06-23,0.72,0.83,14.0,SI,R,B,False,,ball
745566-36-1,2024,2024-06-23,-0.45,1.86,7.0,SL,R,S,False,,called_strike
745564-20-3,2024,2024-06-22,0.31,2.37,6.0,SI,L,X,True,field_out,hit_into_play
745564-20-2,2024,2024-06-22,-1.25,0.92,13.0,CH,L,B,False,,ball
745564-20-1,2024,2024-06-22,-0.09,3.57,2.0,CU,L,S,False,,called_strike
745564-50-6,2024,2024-06-22,1.12,1.83,14.0,FF,R,B,False,walk,ball
745564-50-5,2024,2024-06-22,1.13,2.56,14.0,FF,R,S,False,,foul
745564-50-4,2024,2024-06-22,0.74,2.67,6.0,FF,R,S,False,,called_strike
745564-50-3,2024,2024-06-22,1.22,0.71,14.0,FF,R,B,False,,ball
745564-50-2,2024,2024-06-22,1.17,2.88,12.0,FF,R,B,False,,ball
745564-50-1,2024,2024-06-22,1.8,-0.21,14.0,SL,R,B,False,,blocked_ball
745564-5-5,2024,2024-06-22,0.83,2.43,6.0,SL,L,X,True,single,hit_into_play
745564-5-4,2024,2024-06-22,-0.06,1.06,13.0,CH,L,S,False,,swinging_strike
745564-5-3,2024,2024-06-22,1.64,3.2,12.0,CH,L,B,False,,ball
745564-5-2,2024,2024-06-22,-0.59,2.64,4.0,FF,L,S,False,,foul
745564-5-1,2024,2024-06-22,-0.56,1.41,13.0,FF,L,B,False,,ball
745564-65-1,2024,2024-06-22,0.16,2.88,5.0,EP,R,X,True,field_out,hit_into_play
745564-32-1,2024,2024-06-22,0.8,2.44,6.0,FF,R,X,True,field_out,hit_into_play
745562-42-1,2024,2024-06-21,0.36,1.67,9.0,CU,L,X,True,field_out,hit_into_play
745562-26-2,2024,2024-06-21,-0.03,1.94,8.0,SI,L,X,True,home_run,hit_into_play
745562-26-1,2024,2024-06-21,-0.03,1.09,13.0,SI,L,B,False,,ball
745562-5-1,2024,2024-06-21,1.08,2.78,12.0,SI,L,X,True,field_out,hit_into_play
745562-61-3,2024,2024-06-21,0.84,1.93,14.0,CH,L,X,True,single,hit_into_play
745562-61-2,2024,2024-06-21,-1.29,1.36,13.0,CH,L,S,False,,swinging_strike
745562-61-1,2024,2024-06-21,0.21,2.21,8.0,CH,L,S,False,,swinging_strike
745563-32-6,2024,2024-06-18,0.18,2.09,8.0,SI,R,X,True,force_out,hit_into_play
745563-32-5,2024,2024-06-18,0.89,3.28,12.0,ST,R,S,False,,foul
745563-32-4,2024,2024-06-18,2.12,0.94,14.0,ST,R,B,False,,ball
745563-32-3,2024,2024-06-18,0.26,2.5,5.0,FF,R,S,False,,foul
745563-32-2,2024,2024-06-18,-0.5,2.05,7.0,SI,R,S,False,,foul
745563-32-1,2024,2024-06-18,-2.21,2.71,13.0,SI,R,B,False,,ball
745563-20-1,2024,2024-06-18,0.63,1.98,9.0,SL,R,X,True,single,hit_into_play
745563-5-4,2024,2024-06-18,0.85,2.17,14.0,SI,R,S,False,strikeout,swinging_strike
745563-5-3,2024,2024-06-18,1.16,3.54,12.0,FF,R,B,False,,ball
745563-51-3,2024,2024-06-18,0.54,1.93,9.0,SI,L,X,True,field_out,hit_into_play
745563-5-2,2024,2024-06-18,0.48,2.41,6.0,ST,R,S,False,,foul
745563-5-1,2024,2024-06-18,0.81,3.11,3.0,SI,R,S,False,,called_strike
745563-51-2,2024,2024-06-18,-0.94,1.34,13.0,FS,L,S,False,,swinging_strike
745563-51-1,2024,2024-06-18,0.6,2.36,6.0,SI,L,S,False,,foul
745563-66-2,2024,2024-06-18,0.02,1.86,8.0,FF,R,X,True,field_out,hit_into_play
745563-66-1,2024,2024-06-18,-0.61,1.69,7.0,SI,R,S,False,,foul
745567-38-5,2024,2024-06-17,0.28,2.02,9.0,SI,R,X,True,single,hit_into_play
745567-38-4,2024,2024-06-17,1.06,1.45,14.0,CU,R,S,False,,foul
745567-38-3,2024,2024-06-17,0.08,3.61,2.0,FC,R,S,False,,foul
745567-38-2,2024,2024-06-17,1.15,2.96,12.0,FC,R,B,False,,ball
745567-38-1,2024,2024-06-17,0.91,0.81,14.0,CH,R,B,False,,ball
745567-21-6,2024,2024-06-17,-0.31,3.35,1.0,SI,R,X,True,field_out,hit_into_play
745567-21-5,2024,2024-06-17,0.16,1.48,14.0,CU,R,S,False,,foul
745567-21-4,2024,2024-06-17,0.46,3.6,3.0,FF,R,S,False,,foul
745567-21-3,2024,2024-06-17,-0.05,3.06,2.0,FC,R,S,False,,foul
745567-21-2,2024,2024-06-17,1.2,2.65,14.0,FF,R,B,False,,ball
745567-21-1,2024,2024-06-17,-0.67,2.33,7.0,CU,R,S,False,,called_strike
745567-64-3,2024,2024-06-17,0.75,2.66,6.0,FF,R,X,True,field_out,hit_into_play
745567-64-2,2024,2024-06-17,-0.24,4.24,11.0,SL,R,B,False,,ball
745567-50-7,2024,2024-06-17,1.23,3.28,12.0,SI,L,X,True,single,hit_into_play
745567-64-1,2024,2024-06-17,0.3,3.06,3.0,SI,R,S,False,,called_strike
745567-50-6,2024,2024-06-17,-0.89,2.27,13.0,SL,L,S,False,,foul
745567-50-5,2024,2024-06-17,-0.24,3.48,2.0,FF,L,S,False,,foul
745567-50-4,2024,2024-06-17,1.58,2.06,14.0,FS,L,B,False,,ball
745567-50-3,2024,2024-06-17,1.53,2.99,12.0,SI,L,B,False,,ball
745567-50-2,2024,2024-06-17,-0.49,1.62,7.0,SL,L,S,False,,foul
745567-50-1,2024,2024-06-17,1.33,2.84,12.0,SI,L,B,False,,ball
745567-5-3,2024,2024-06-17,-0.24,3.09,2.0,SI,R,X,True,field_out,hit_into_play
745567-5-2,2024,2024-06-17,1.9,1.74,14.0,ST,R,S,False,,swinging_strike
745567-5-1,2024,2024-06-17,0.97,0.83,14.0,FF,R,B,False,,ball
745589-39-2,2024,2024-05-03,-0.28,2.11,7.0,SI,R,X,True,single,hit_into_play
745589-39-1,2024,2024-05-03,0.35,1.26,14.0,SI,R,B,False,,ball
745589-27-3,2024,2024-05-03,0.55,1.93,9.0,SI,R,S,False,strikeout,called_strike
745589-27-2,2024,2024-05-03,-0.78,2.34,4.0,SI,R,S,False,,foul
745589-27-1,2024,2024-05-03,0.72,2.69,6.0,SI,R,S,False,,called_strike
745589-6-4,2024,2024-05-03,0.16,1.55,14.0,SI,R,X,True,single,hit_into_play
745589-6-3,2024,2024-05-03,0.17,0.72,14.0,FS,R,B,False,,ball
745589-6-2,2024,2024-05-03,0.87,1.64,14.0,SI,R,B,False,,ball
745589-6-1,2024,2024-05-03,0.75,1.68,9.0,SI,R,S,False,,called_strike
746238-38-5,2024,2024-05-01,-0.54,3.28,1.0,SL,L,X,True,field_out,hit_into_play
746238-38-4,2024,2024-05-01,-0.62,3.28,1.0,FF,L,S,False,,foul
746238-38-3,2024,2024-05-01,1.28,1.8,14.0,CH,L,B,False,,ball
746238-38-2,2024,2024-05-01,-0.21,2.26,5.0,CU,L,S,False,,called_strike
746238-38-1,2024,2024-05-01,0.43,0.83,14.0,SL,L,B,False,,ball
746238-16-7,2024,2024-05-01,0.68,2.28,9.0,CH,L,X,True,field_out,hit_into_play
746238-16-6,2024,2024-05-01,0.12,2.33,5.0,SL,L,S,False,,foul
746238-16-5,2024,2024-05-01,0.45,1.3,14.0,CH,L,B,False,,ball
746238-16-4,2024,2024-05-01,-0.23,2.4,5.0,SL,L,S,False,,foul
746238-16-3,2024,2024-05-01,0.25,1.15,14.0,CH,L,S,False,,swinging_strike
746238-16-2,2024,2024-05-01,-0.61,0.56,13.0,CH,L,B,False,,blocked_ball
746238-16-1,2024,2024-05-01,-0.76,3.22,1.0,SL,L,S,False,,foul
746238-2-6,2024,2024-05-01,-1.13,1.2,13.0,SL,L,S,False,strikeout,swinging_strike
746238-2-5,2024,2024-05-01,-0.33,1.7,7.0,CH,L,S,False,,foul
746238-2-4,2024,2024-05-01,-0.27,1.68,8.0,SL,L,B,False,,ball
746238-2-3,2024,2024-05-01,0.21,1.28,14.0,CH,L,S,False,,swinging_strike
746238-2-2,2024,2024-05-01,-0.23,1.54,13.0,SI,L,B,False,,ball
746238-2-1,2024,2024-05-01,0.58,2.16,9.0,CU,L,S,False,,called_strike
746238-58-3,2024,2024-05-01,-0.24,2.37,5.0,SL,R,S,False,strikeout,swinging_strike
746238-58-2,2024,2024-05-01,-0.54,2.54,4.0,SI,R,S,False,,foul
746238-58-1,2024,2024-05-01,-1.16,1.87,13.0,SI,R,S,False,,swinging_strike
746239-35-5,2024,2024-04-30,0.26,1.51,14.0,CH,L,S,False,strikeout,swinging_strike
746239-35-4,2024,2024-04-30,0.19,1.88,8.0,CH,L,S,False,,swinging_strike
746239-35-3,2024,2024-04-30,0.03,1.17,14.0,CH,L,B,False,,ball
746239-35-2,2024,2024-04-30,-0.31,3.92,11.0,FF,L,B,False,,ball
746239-35-1,2024,2024-04-30,-0.17,2.86,5.0,FC,L,S,False,,foul
746239-14-2,2024,2024-04-30,0.33,2.93,6.0,FF,L,X,True,field_out,hit_into_play
746239-14-1,2024,2024-04-30,0.2,0.7,14.0,CH,L,S,False,,swinging_strike
746239-2-4,2024,2024-04-30,-0.34,1.97,7.0,CH,L,S,False,strikeout,swinging_strike
746239-2-3,2024,2024-04-30,-1.16,2.75,11.0,FC,L,B,False,,ball
746239-2-2,2024,2024-04-30,0.48,3.28,3.0,CH,L,S,False,,foul
746239-72-3,2024,2024-04-30,-0.21,1.93,8.0,FF,L,X,True,single,hit_into_play
746239-59-4,2024,2024-04-30,0.48,2.18,9.0,CH,L,X,True,single,hit_into_play
746239-2-1,2024,2024-04-30,0.79,3.5,3.0,FF,L,S,False,,called_strike
746239-72-2,2024,2024-04-30,-0.74,1.22,13.0,SL,L,B,False,,ball
746239-59-3,2024,2024-04-30,-0.69,2.62,4.0,FF,L,S,False,,foul
746239-72-1,2024,2024-04-30,-0.94,1.28,13.0,SL,L,B,False,,ball
746239-59-2,2024,2024-04-30,0.88,4.22,12.0,FF,L,B,False,,ball
746239-59-1,2024,2024-04-30,0.86,2.01,14.0,CH,L,S,False,,called_strike
746236-37-1,2024,2024-04-29,0.45,2.86,6.0,SL,R,X,True,single,hit_into_play
746236-20-3,2024,2024-04-29,0.34,1.49,14.0,SL,R,X,True,field_out,hit_into_play
746236-20-2,2024,2024-04-29,1.12,3.46,12.0,FF,R,B,False,,ball
746236-20-1,2024,2024-04-29,0.73,1.7,9.0,SL,R,S,False,,called_strike
746236-55-7,2024,2024-04-29,-0.03,1.56,13.0,SI,R,X,True,field_out,hit_into_play
746236-55-6,2024,2024-04-29,-0.49,3.06,1.0,SI,R,S,False,,foul
746236-55-5,2024,2024-04-29,-0.11,1.77,8.0,SI,R,S,False,,called_strike
746236-55-4,2024,2024-04-29,-1.78,1.17,13.0,SL,R,B,False,,ball
746236-55-3,2024,2024-04-29,-1.61,2.29,13.0,SI,R,B,False,,ball
746236-55-2,2024,2024-04-29,0.32,2.05,9.0,SI,R,S,False,,foul
746236-55-1,2024,2024-04-29,1.14,1.33,14.0,SL,R,B,False,,ball
746236-74-4,2024,2024-04-29,-0.24,2.34,5.0,FF,R,X,True,single,hit_into_play
746236-74-3,2024,2024-04-29,-0.02,2.15,8.0,FF,R,S,False,,foul_tip
746236-74-2,2024,2024-04-29,1.4,2.35,14.0,FF,R,B,False,,ball
746236-74-1,2024,2024-04-29,0.24,2.73,5.0,FF,R,S,False,,foul
746236-2-1,2024,2024-04-29,-1.97,3.96,11.0,SI,R,B,False,hit_by_pitch,hit_by_pitch
745428-36-5,2024,2024-04-28,0.96,2.04,14.0,ST,R,S,False,strikeout,swinging_strike
745428-36-4,2024,2024-04-28,1.11,3.35,12.0,FF,R,S,False,,foul
745428-36-3,2024,2024-04-28,0.93,1.91,14.0,SL,R,S,False,,called_strike
745428-36-2,2024,2024-04-28,-0.66,2.67,4.0,CH,R,S,False,,called_strike
745428-36-1,2024,2024-04-28,1.89,1.73,14.0,FF,R,B,False,,ball
745428-18-8,2024,2024-04-28,0.2,3.22,2.0,FF,R,X,True,field_out,hit_into_play
745428-18-7,2024,2024-04-28,0.46,2.22,9.0,CH,R,S,False,,foul
745428-18-6,2024,2024-04-28,1.2,2.0,14.0,FF,R,B,False,,ball
745428-18-5,2024,2024-04-28,-0.02,2.47,5.0,SI,R,S,False,,foul
745428-18-4,2024,2024-04-28,1.7,0.93,14.0,ST,R,B,False,,ball
745428-18-3,2024,2024-04-28,1.44,0.86,14.0,ST,R,B,False,,ball
745428-18-2,2024,2024-04-28,0.82,1.48,14.0,SL,R,S,False,,called_strike
745428-18-1,2024,2024-04-28,0.73,1.95,9.0,SI,R,S,False,,called_strike
745428-2-6,2024,2024-04-28,0.92,2.01,14.0,ST,R,X,True,force_out,hit_into_play
745428-52-6,2024,2024-04-28,-0.67,2.89,4.0,SL,R,X,True,field_out,hit_into_play
745428-2-5,2024,2024-04-28,-0.27,3.88,11.0,FF,R,B,False,,ball
745428-52-5,2024,2024-04-28,2.37,0.48,14.0,SL,R,B,False,,ball
745428-2-4,2024,2024-04-28,1.03,1.06,14.0,ST,R,S,False,,swinging_strike
745428-52-4,2024,2024-04-28,0.69,2.57,6.0,FF,R,S,False,,foul
745428-2-3,2024,2024-04-28,1.04,2.25,14.0,SI,R,B,False,,ball
745428-52-3,2024,2024-04-28,-0.08,1.73,8.0,SL,R,S,False,,foul
745428-2-2,2024,2024-04-28,0.62,1.49,14.0,ST,R,S,False,,swinging_strike
745428-72-2,2024,2024-04-28,1.02,3.55,12.0,FC,R,X,True,single,hit_into_play
745428-2-1,2024,2024-04-28,0.46,1.5,14.0,FF,R,B,False,,ball
745428-52-2,2024,2024-04-28,0.43,2.32,6.0,SL,R,S,False,,foul
745428-72-1,2024,2024-04-28,0.07,3.18,2.0,SI,R,S,False,,called_strike
745428-52-1,2024,2024-04-28,0.26,1.81,8.0,SL,R,S,False,,foul
745425-33-1,2024,2024-04-27,0.78,2.39,6.0,SL,R,X,True,single,hit_into_play
745425-64-3,2024,2024-04-27,0.18,2.82,5.0,SL,L,X,True,field_out,hit_into_play
745425-64-2,2024,2024-04-27,-0.06,1.9,8.0,SI,L,S,False,,foul
745425-64-1,2024,2024-04-27,-0.96,1.78,13.0,SI,L,B,False,,ball
745425-18-3,2024,2024-04-27,-0.33,1.95,7.0,FF,R,X,True,field_out,hit_into_play
745425-18-2,2024,2024-04-27,1.14,1.58,14.0,SL,R,B,False,,ball
745425-18-1,2024,2024-04-27,0.23,1.2,14.0,FF,R,S,False,,foul
745425-48-3,2024,2024-04-27,-0.41,2.6,4.0,ST,L,X,True,double,hit_into_play
745425-48-2,2024,2024-04-27,0.94,2.33,14.0,SI,L,S,False,,foul
745425-2-3,2024,2024-04-27,1.06,2.56,14.0,FF,R,X,True,single,hit_into_play
745425-2-2,2024,2024-04-27,1.3,2.08,14.0,ST,R,B,False,,ball
745425-48-1,2024,2024-04-27,1.22,2.9,12.0,SL,L,B,False,,ball
745425-2-1,2024,2024-04-27,0.46,2.55,6.0,SL,R,S,False,,called_strike
745424-33-5,2024,2024-04-26,0.24,3.57,2.0,FC,R,X,True,single,hit_into_play
745424-33-4,2024,2024-04-26,-1.19,3.44,11.0,FF,R,B,False,,ball
745424-33-3,2024,2024-04-26,0.56,2.54,6.0,ST,R,S,False,,foul
745424-33-2,2024,2024-04-26,-0.43,2.68,4.0,ST,R,S,False,,called_strike
745424-33-1,2024,2024-04-26,-0.74,2.96,4.0,CU,R,S,False,,called_strike
745424-14-6,2024,2024-04-26,0.45,1.12,14.0,ST,R,S,False,strikeout,swinging_strike
745424-14-5,2024,2024-04-26,0.72,3.53,3.0,FF,R,B,False,,ball
745424-14-4,2024,2024-04-26,1.06,1.5,14.0,ST,R,S,False,,swinging_strike
745424-14-3,2024,2024-04-26,1.06,1.03,14.0,ST,R,S,False,,swinging_strike
745424-14-2,2024,2024-04-26,-0.09,1.26,13.0,SI,R,B,False,,ball
745424-14-1,2024,2024-04-26,-0.91,2.27,13.0,SI,R,B,False,,ball
745424-48-7,2024,2024-04-26,0.35,4.59,12.0,FF,R,B,False,walk,ball
745424-48-6,2024,2024-04-26,0.16,1.83,8.0,SL,R,S,False,,foul
745424-48-5,2024,2024-04-26,0.92,3.59,12.0,FS,R,B,False,,ball
745424-48-4,2024,2024-04-26,-0.65,3.02,1.0,FF,R,S,False,,foul
745424-48-3,2024,2024-04-26,1.52,1.32,14.0,SL,R,B,False,,ball
745424-48-2,2024,2024-04-26,-0.16,1.93,8.0,FF,R,S,False,,called_strike
745424-48-1,2024,2024-04-26,2.06,2.0,14.0,SL,R,B,False,,ball
745424-2-2,2024,2024-04-26,-0.57,2.95,1.0,SI,R,X,True,field_out,hit_into_play
745424-67-5,2024,2024-04-26,0.51,2.15,9.0,SI,R,X,True,double_play,hit_into_play
745424-2-1,2024,2024-04-26,0.96,2.86,12.0,FC,R,S,False,,called_strike
745424-67-4,2024,2024-04-26,1.78,0.6,14.0,ST,R,B,False,,blocked_ball
745424-67-3,2024,2024-04-26,-0.34,3.22,1.0,SI,R,S,False,,foul
745424-67-2,2024,2024-04-26,-0.14,3.62,2.0,ST,R,B,False,,ball
745424-67-1,2024,2024-04-26,1.73,2.22,14.0,FC,R,B,False,,ball
746724-35-1,2024,2024-04-25,-0.13,2.85,5.0,CH,R,X,True,single,hit_into_play
746724-17-1,2024,2024-04-25,-0.01,2.71,5.0,FC,R,X,True,double,hit_into_play
746724-68-1,2024,2024-04-25,-0.49,2.12,7.0,SI,R,X,True,field_out,hit_into_play
746724-51-6,2024,2024-04-25,0.33,1.65,9.0,ST,L,X,True,field_out,hit_into_play
746724-2-4,2024,2024-04-25,0.77,2.0,9.0,SL,R,X,True,single,hit_into_play
746724-51-5,2024,2024-04-25,0.61,3.77,12.0,FF,L,B,False,,ball
746724-2-3,2024,2024-04-25,-0.16,0.57,13.0,CH,R,B,False,,ball
746724-51-4,2024,2024-04-25,-0.27,3.44,2.0,FF,L,S,False,,foul
746724-51-3,2024,2024-04-25,-0.01,2.23,5.0,FF,L,S,False,,called_strike
746724-2-2,2024,2024-04-25,0.4,1.92,9.0,FC,R,S,False,,swinging_strike
746724-2-1,2024,2024-04-25,-0.65,1.69,7.0,SI,R,S,False,,called_strike
746724-51-2,2024,2024-04-25,-0.5,1.46,13.0,ST,L,S,False,,swinging_strike
746724-51-1,2024,2024-04-25,1.68,1.94,14.0,SI,L,B,False,,ball
746725-38-3,2024,2024-04-24,-0.29,2.4,4.0,FF,L,X,True,force_out,hit_into_play
746725-38-2,2024,2024-04-24,-0.62,0.52,13.0,CH,L,B,False,,blocked_ball
746725-38-1,2024,2024-04-24,1.15,3.39,12.0,FF,L,B,False,,ball
746725-19-4,2024,2024-04-24,-0.16,2.02,8.0,FF,L,X,True,field_out,hit_into_play
746725-19-3,2024,2024-04-24,0.85,0.76,14.0,CH,L,B,False,,ball
746725-19-2,2024,2024-04-24,0.18,1.59,14.0,CH,L,S,False,,swinging_strike
746725-19-1,2024,2024-04-24,0.44,2.81,6.0,FF,L,S,False,,foul
746725-2-3,2024,2024-04-24,-2.19,0.84,13.0,CU,L,B,False,hit_by_pitch,hit_by_pitch
746725-2-2,2024,2024-04-24,-0.47,3.19,1.0,FF,L,S,False,,called_strike
746725-60-2,2024,2024-04-24,0.26,2.13,8.0,FF,R,X,True,single,hit_into_play
746725-80-2,2024,2024-04-24,0.21,3.19,2.0,SL,R,X,True,field_out,hit_into_play
746725-2-1,2024,2024-04-24,-0.45,2.19,7.0,FF,L,S,False,,called_strike
746725-80-1,2024,2024-04-24,1.01,2.87,12.0,FF,R,B,False,,ball
746725-60-1,2024,2024-04-24,-0.58,3.87,11.0,FF,R,S,False,,swinging_strike
746722-21-5,2024,2024-04-23,0.9,3.73,12.0,FF,L,X,True,field_out,hit_into_play
746722-21-4,2024,2024-04-23,0.68,1.6,9.0,CH,L,S,False,,swinging_strike
746722-21-3,2024,2024-04-23,0.56,1.39,14.0,FF,L,B,False,,ball
746722-21-2,2024,2024-04-23,1.84,3.42,12.0,CH,L,B,False,,ball
746722-21-1,2024,2024-04-23,-0.59,1.98,7.0,CU,L,S,False,,foul
746722-60-6,2024,2024-04-23,-0.92,1.75,13.0,CH,R,S,False,strikeout,swinging_strike
746722-60-5,2024,2024-04-23,0.82,1.94,9.0,SL,R,S,False,,foul
746722-60-4,2024,2024-04-23,0.19,4.58,12.0,SI,R,B,False,,ball
746722-60-3,2024,2024-04-23,1.39,0.52,14.0,SL,R,B,False,,blocked_ball
746722-60-2,2024,2024-04-23,0.74,1.52,9.0,SI,R,S,False,,called_strike
746722-60-1,2024,2024-04-23,0.58,2.44,6.0,SL,R,S,False,,called_strike
746722-2-4,2024,2024-04-23,-0.21,3.19,2.0,ST,L,X,True,field_out,hit_into_play
746722-2-3,2024,2024-04-23,-0.49,3.24,1.0,FF,L,S,False,,foul
746722-2-2,2024,2024-04-23,-0.33,0.23,13.0,CH,L,B,False,,ball
746722-2-1,2024,2024-04-23,0.04,3.02,2.0,FF,L,S,False,,foul
746722-42-4,2024,2024-04-23,0.11,1.3,14.0,FS,R,S,False,strikeout,swinging_strike_blocked
746722-42-3,2024,2024-04-23,0.05,2.03,8.0,FC,R,S,False,,swinging_strike
746722-42-2,2024,2024-04-23,0.41,1.4,14.0,FC,R,S,False,,swinging_strike
746722-42-1,2024,2024-04-23,1.76,1.93,14.0,FC,R,B,False,,ball
746723-49-5,2024,2024-04-22,0.41,2.79,6.0,FF,R,X,True,field_out,hit_into_play
746723-49-4,2024,2024-04-22,-0.14,2.54,5.0,FF,R,S,False,,foul
746723-49-3,2024,2024-04-22,-0.01,2.1,8.0,SL,R,S,False,,foul
746723-49-2,2024,2024-04-22,0.4,1.12,14.0,SL,R,B,False,,ball
746723-49-1,2024,2024-04-22,1.4,1.63,14.0,FF,R,B,False,,ball
746723-33-3,2024,2024-04-22,0.99,2.71,12.0,FF,R,X,True,field_out,hit_into_play
746723-33-2,2024,2024-04-22,-0.24,1.53,8.0,SL,R,S,False,,called_strike
746723-33-1,2024,2024-04-22,1.06,1.75,14.0,FF,R,B,False,,ball
746723-17-1,2024,2024-04-22,0.42,2.88,6.0,SL,R,X,True,field_out,hit_into_play
746723-64-2,2024,2024-04-22,-0.15,2.71,5.0,FF,R,X,True,single,hit_into_play
746723-64-1,2024,2024-04-22,1.21,1.56,14.0,SL,R,B,False,,ball
746723-2-4,2024,2024-04-22,-0.37,1.98,7.0,FF,R,X,True,field_out,hit_into_play
746723-2-3,2024,2024-04-22,0.73,2.99,3.0,FF,R,S,False,,foul
746723-2-2,2024,2024-04-22,0.25,2.92,5.0,FF,R,S,False,,swinging_strike
746723-2-1,2024,2024-04-22,0.01,2.64,5.0,FF,R,S,False,,foul_tip
745588-36-4,2024,2024-04-21,0.01,2.63,5.0,FF,R,X,True,single,hit_into_play
745588-36-3,2024,2024-04-21,-0.92,4.07,11.0,SL,R,B,False,,ball
745588-36-2,2024,2024-04-21,-0.5,2.31,7.0,SL,R,S,False,,called_strike
745588-36-1,2024,2024-04-21,1.61,0.42,14.0,CH,R,B,False,,blocked_ball
745588-20-1,2024,2024-04-21,-0.29,1.89,7.0,FF,R,X,True,field_out,hit_into_play
745588-64-5,2024,2024-04-21,-0.24,2.04,8.0,SL,R,X,True,field_out,hit_into_play
745588-64-4,2024,2024-04-21,0.86,3.99,12.0,FF,R,B,False,,ball
745588-64-3,2024,2024-04-21,-0.12,2.66,5.0,FF,R,S,False,,foul
745588-64-2,2024,2024-04-21,0.88,1.68,14.0,SL,R,B,False,,ball
745588-64-1,2024,2024-04-21,0.68,1.66,9.0,SL,R,S,False,,called_strike
745588-7-6,2024,2024-04-21,-0.53,1.42,13.0,FF,R,B,False,walk,ball
745588-7-5,2024,2024-04-21,-1.13,4.0,11.0,FF,R,B,False,,ball
745588-52-5,2024,2024-04-21,-0.11,1.67,8.0,FF,R,X,True,field_out,hit_into_play
745588-7-4,2024,2024-04-21,1.21,1.06,14.0,SL,R,B,False,,ball
745588-52-4,2024,2024-04-21,0.49,2.28,9.0,FF,R,S,False,,called_strike
745588-7-3,2024,2024-04-21,0.86,1.82,14.0,SL,R,B,False,,ball
745588-7-2,2024,2024-04-21,0.14,2.32,5.0,SL,R,S,False,,swinging_strike
745588-52-3,2024,2024-04-21,-0.26,1.12,13.0,FF,R,B,False,,ball
745588-52-2,2024,2024-04-21,1.16,0.77,14.0,FF,R,B,False,,ball
745588-7-1,2024,2024-04-21,-0.12,1.64,8.0,FF,R,S,False,,called_strike
745588-52-1,2024,2024-04-21,1.6,2.5,14.0,FF,R,B,False,,ball
745590-37-6,2024,2024-04-20,-0.31,3.48,1.0,SI,R,X,True,field_out,hit_into_play
745590-37-5,2024,2024-04-20,0.19,1.99,8.0,CH,R,S,False,,foul
745590-37-4,2024,2024-04-20,1.43,1.37,14.0,SL,R,B,False,,ball
745590-37-3,2024,2024-04-20,-0.31,1.39,13.0,CH,R,S,False,,swinging_strike
745590-37-2,2024,2024-04-20,-0.71,3.43,1.0,SI,R,S,False,,foul
745590-37-1,2024,2024-04-20,0.97,3.23,12.0,SL,R,B,False,,ball
745590-18-5,2024,2024-04-20,-0.28,2.52,4.0,SL,R,X,True,field_out,hit_into_play
745590-18-4,2024,2024-04-20,-1.46,3.02,11.0,SI,R,S,False,,foul
745590-18-3,2024,2024-04-20,-1.02,3.65,11.0,SL,R,B,False,,ball
745590-18-2,2024,2024-04-20,1.68,0.02,14.0,SL,R,B,False,,blocked_ball
745590-18-1,2024,2024-04-20,0.18,2.24,5.0,SL,R,S,False,,called_strike
745590-49-4,2024,2024-04-20,-0.1,2.55,5.0,FF,L,X,True,single,hit_into_play
745590-62-3,2024,2024-04-20,0.11,2.73,5.0,FF,R,X,True,double,hit_into_play
745590-49-3,2024,2024-04-20,0.06,3.21,2.0,SL,L,S,False,,swinging_strike
745590-62-2,2024,2024-04-20,-1.09,1.98,13.0,SL,R,B,False,,ball
745590-49-2,2024,2024-04-20,1.7,3.17,12.0,CH,L,B,False,,ball
745590-49-1,2024,2024-04-20,-0.16,3.46,2.0,SL,L,B,False,,ball
745590-62-1,2024,2024-04-20,0.04,2.03,8.0,CH,R,S,False,,called_strike
745590-6-4,2024,2024-04-20,-0.56,3.01,1.0,SI,R,X,True,field_out,hit_into_play
745590-6-3,2024,2024-04-20,0.81,-1.76,14.0,CH,R,B,False,,ball
745590-6-2,2024,2024-04-20,0.44,2.3,6.0,SI,R,S,False,,foul
745590-6-1,2024,2024-04-20,0.9,1.34,14.0,SI,R,B,False,,ball
745592-53-5,2024,2024-04-19,0.49,2.16,6.0,CH,R,S,False,strikeout,called_strike
745592-53-4,2024,2024-04-19,1.43,1.82,14.0,FC,R,S,False,,swinging_strike
745592-53-3,2024,2024-04-19,0.39,0.93,14.0,CH,R,B,False,,ball
745592-53-2,2024,2024-04-19,1.28,2.35,14.0,FC,R,B,False,,ball
745592-53-1,2024,2024-04-19,1.1,2.17,14.0,FF,R,S,False,,foul
745592-21-6,2024,2024-04-19,-0.52,1.71,7.0,FC,L,X,True,double,hit_into_play
745592-21-5,2024,2024-04-19,1.01,2.58,12.0,FC,L,B,False,,ball
745592-21-4,2024,2024-04-19,0.11,3.55,2.0,FC,L,S,False,,swinging_strike
745592-21-3,2024,2024-04-19,0.81,2.46,6.0,FF,L,S,False,,foul
745592-21-2,2024,2024-04-19,-0.75,1.71,7.0,FF,L,B,False,,ball
745592-21-1,2024,2024-04-19,-0.87,1.39,13.0,FC,L,B,False,,ball
745592-36-6,2024,2024-04-19,0.59,3.04,3.0,FF,R,X,True,single,hit_into_play
745592-36-5,2024,2024-04-19,-0.31,3.42,1.0,FF,R,S,False,,called_strike
745592-36-4,2024,2024-04-19,1.41,0.22,14.0,FC,R,B,False,,ball
745592-36-3,2024,2024-04-19,0.21,4.89,12.0,FF,R,B,False,,ball
745592-36-2,2024,2024-04-19,0.43,0.96,14.0,FC,R,B,False,,ball
745592-36-1,2024,2024-04-19,0.81,2.44,6.0,FC,R,S,False,,called_strike
745592-5-6,2024,2024-04-19,-0.18,2.25,8.0,FC,L,X,True,single,hit_into_play
745592-5-5,2024,2024-04-19,0.72,3.26,3.0,FF,L,S,False,,foul
745592-5-4,2024,2024-04-19,0.44,3.26,3.0,FF,L,S,False,,called_strike
745592-5-3,2024,2024-04-19,1.64,2.43,14.0,FF,L,B,False,,ball
745592-5-2,2024,2024-04-19,-0.43,1.24,13.0,FC,L,B,False,,ball
745592-5-1,2024,2024-04-19,0.97,1.69,14.0,FF,L,B,False,,ball
745591-41-1,2024,2024-04-17,0.33,2.43,6.0,ST,R,X,True,double,hit_into_play
745591-19-7,2024,2024-04-17,0.83,2.21,14.0,SL,R,X,True,single,hit_into_play
745591-19-6,2024,2024-04-17,0.0,0.5,13.0,SI,R,B,False,,blocked_ball
745591-19-5,2024,2024-04-17,1.01,1.25,14.0,FF,R,B,False,,ball
745591-19-4,2024,2024-04-17,0.04,1.38,14.0,ST,R,S,False,,foul
745591-19-3,2024,2024-04-17,0.29,2.53,6.0,FF,R,S,False,,foul
745591-19-2,2024,2024-04-17,0.7,2.49,6.0,SL,R,S,False,,foul
745591-19-1,2024,2024-04-17,-1.31,4.17,11.0,SI,R,B,False,,ball
745591-76-2,2024,2024-04-17,0.19,1.27,14.0,SI,R,X,True,field_out,hit_into_play
745591-76-1,2024,2024-04-17,2.32,2.11,14.0,ST,R,B,False,,ball
745591-7-1,2024,2024-04-17,-0.57,2.48,4.0,FF,R,X,True,home_run,hit_into_play
745591-53-3,2024,2024-04-17,-0.35,2.54,4.0,SL,R,X,True,field_out,hit_into_play
745591-53-2,2024,2024-04-17,1.13,1.43,14.0,SL,R,B,False,,ball
745591-53-1,2024,2024-04-17,0.4,2.82,6.0,SV,R,S,False,,foul
745593-41-5,2024,2024-04-16,-0.01,2.14,8.0,FF,L,X,True,double,hit_into_play
745593-41-4,2024,2024-04-16,0.06,3.02,2.0,FF,L,S,False,,called_strike
745593-41-3,2024,2024-04-16,-0.46,1.37,13.0,CH,L,B,False,,ball
745593-41-2,2024,2024-04-16,0.52,0.83,14.0,KC,L,B,False,,ball
745593-41-1,2024,2024-04-16,1.23,3.19,12.0,FF,L,B,False,,ball
745593-20-2,2024,2024-04-16,0.51,2.08,9.0,CH,L,X,True,field_out,hit_into_play
745593-20-1,2024,2024-04-16,0.75,1.87,9.0,KC,L,S,False,,called_strike
745593-56-2,2024,2024-04-16,0.11,2.64,5.0,SL,R,X,True,field_out,hit_into_play
745593-56-1,2024,2024-04-16,0.25,2.12,8.0,SL,R,S,False,,swinging_strike
745593-5-4,2024,2024-04-16,-0.47,2.18,7.0,FF,L,X,True,single,hit_into_play
745593-5-3,2024,2024-04-16,0.08,1.42,14.0,CH,L,S,False,,foul
745593-5-2,2024,2024-04-16,0.51,2.44,6.0,CH,L,S,False,,called_strike
745593-5-1,2024,2024-04-16,1.09,4.2,12.0,FF,L,B,False,,ball
745597-43-4,2024,2024-04-15,0.79,2.04,9.0,FS,R,X,True,field_out,hit_into_play
745597-43-3,2024,2024-04-15,-1.03,3.53,11.0,SI,R,S,False,,foul
745597-43-2,2024,2024-04-15,0.09,0.58,14.0,CU,R,B,False,,ball
745597-43-1,2024,2024-04-15,-0.18,1.4,13.0,CU,R,S,False,,foul
745597-21-1,2024,2024-04-15,-0.07,2.34,5.0,FC,R,X,True,double,hit_into_play
745597-58-5,2024,2024-04-15,-0.87,2.15,13.0,FF,L,S,False,strikeout,called_strike
745597-58-4,2024,2024-04-15,-0.75,0.97,13.0,CH,L,B,False,,ball
745597-5-4,2024,2024-04-15,-0.3,3.19,1.0,FC,R,X,True,field_out,hit_into_play
745597-58-3,2024,2024-04-15,-0.15,0.06,13.0,CH,L,B,False,,ball
745597-58-2,2024,2024-04-15,-0.32,1.86,7.0,CH,L,S,False,,swinging_strike
745597-5-3,2024,2024-04-15,0.95,1.29,14.0,FC,R,B,False,,ball
745597-5-2,2024,2024-04-15,1.31,2.1,14.0,SI,R,B,False,,ball
745597-58-1,2024,2024-04-15,-0.16,3.14,2.0,FF,L,S,False,,foul
745597-5-1,2024,2024-04-15,0.77,2.74,6.0,SI,R,S,False,,foul_tip
745595-40-4,2024,2024-04-14,0.57,2.24,9.0,ST,R,X,True,single,hit_into_play
745595-40-3,2024,2024-04-14,0.34,2.64,6.0,FF,R,S,False,,foul
745595-40-2,2024,2024-04-14,1.01,1.69,14.0,ST,R,S,False,,swinging_strike
745595-40-1,2024,2024-04-14,0.53,2.06,9.0,FF,R,S,False,,called_strike
745595-23-5,2024,2024-04-14,-0.55,2.86,4.0,SI,R,X,True,home_run,hit_into_play
745595-23-4,2024,2024-04-14,-1.61,2.22,13.0,SI,R,B,False,,ball
745595-23-3,2024,2024-04-14,1.04,2.19,14.0,SI,R,B,False,,ball
745595-23-2,2024,2024-04-14,-1.02,3.09,11.0,SI,R,S,False,,foul
745595-23-1,2024,2024-04-14,-0.91,2.6,13.0,FC,R,B,False,,ball
745595-7-6,2024,2024-04-14,-0.1,2.7,5.0,SI,R,X,True,single,hit_into_play
745595-7-5,2024,2024-04-14,3.01,0.77,14.0,ST,R,B,False,,ball
745595-7-4,2024,2024-04-14,0.75,1.5,14.0,SI,R,S,False,,called_strike
745595-7-3,2024,2024-04-14,1.76,0.44,14.0,FC,R,B,False,,ball
745595-7-2,2024,2024-04-14,0.03,1.16,14.0,SI,R,B,False,,ball
745595-7-1,2024,2024-04-14,0.66,2.7,6.0,FF,R,S,False,,foul
745595-67-1,2024,2024-04-14,0.36,2.24,9.0,CH,L,X,True,field_error,hit_into_play
745594-37-2,2024,2024-04-13,0.91,2.49,14.0,SI,L,X,True,field_out,hit_into_play
745594-37-1,2024,2024-04-13,-1.48,2.4,13.0,SI,L,B,False,,ball
745594-19-1,2024,2024-04-13,0.38,1.99,9.0,CU,L,X,True,field_out,hit_into_play
745594-59-6,2024,2024-04-13,0.48,2.47,6.0,FS,L,X,True,field_out,hit_into_play
745594-74-7,2024,2024-04-13,-0.13,0.69,13.0,SL,L,B,False,walk,blocked_ball
745594-59-5,2024,2024-04-13,0.2,2.83,5.0,FF,L,S,False,,foul
745594-74-6,2024,2024-04-13,-0.05,1.8,8.0,SL,L,S,False,,foul
745594-59-4,2024,2024-04-13,-0.61,2.19,7.0,FF,L,S,False,,called_strike
745594-59-3,2024,2024-04-13,-0.86,0.59,13.0,FF,L,B,False,,ball
745594-74-5,2024,2024-04-13,-0.23,2.88,2.0,SL,L,S,False,,called_strike
745594-7-5,2024,2024-04-13,-0.02,2.83,5.0,SI,L,X,True,double,hit_into_play
745594-59-2,2024,2024-04-13,0.46,3.27,3.0,FF,L,B,False,,ball
745594-74-4,2024,2024-04-13,-0.4,3.08,1.0,FF,L,S,False,,called_strike
745594-59-1,2024,2024-04-13,-0.55,1.27,13.0,FF,L,B,False,,ball
745594-74-3,2024,2024-04-13,-0.88,2.71,11.0,SL,L,B,False,,ball
745594-7-4,2024,2024-04-13,-0.53,2.93,4.0,SI,L,S,False,,foul
745594-7-3,2024,2024-04-13,0.71,1.54,14.0,CH,L,S,False,,called_strike
745594-74-2,2024,2024-04-13,-0.06,1.03,13.0,SL,L,B,False,,ball
745594-74-1,2024,2024-04-13,-0.89,1.3,13.0,SL,L,B,False,,ball
745594-7-2,2024,2024-04-13,-1.1,2.99,11.0,FC,L,S,False,,foul
745594-7-1,2024,2024-04-13,1.18,2.66,12.0,SI,L,B,False,,ball
745596-31-10,2024,2024-04-12,-0.8,1.6,13.0,CU,L,S,False,strikeout,swinging_strike
745596-31-9,2024,2024-04-12,-0.24,2.41,5.0,FF,L,S,False,,foul
745596-31-8,2024,2024-04-12,-0.51,3.48,1.0,SI,L,S,False,,foul
745596-31-7,2024,2024-04-12,-0.22,2.42,5.0,CU,L,S,False,,foul
745596-31-6,2024,2024-04-12,-1.06,2.36,13.0,FF,L,B,False,,ball
745596-31-5,2024,2024-04-12,0.51,3.54,3.0,SI,L,S,False,,foul
745596-31-4,2024,2024-04-12,0.79,4.4,12.0,SI,L,B,False,,ball
745596-31-3,2024,2024-04-12,-0.78,2.11,7.0,CU,L,S,False,,foul
745596-31-2,2024,2024-04-12,0.01,1.94,8.0,CU,L,S,False,,called_strike
745596-31-1,2024,2024-04-12,-1.2,1.71,13.0,CU,L,B,False,,ball
745596-68-5,2024,2024-04-12,1.13,2.36,14.0,SI,L,X,True,single,hit_into_play
745596-68-4,2024,2024-04-12,0.67,1.27,14.0,CH,L,B,False,,ball
745596-68-3,2024,2024-04-12,0.07,1.43,14.0,CH,L,S,False,,foul
745596-68-2,2024,2024-04-12,0.66,1.86,9.0,SI,L,S,False,,called_strike
745596-68-1,2024,2024-04-12,-0.64,0.87,13.0,SI,L,B,False,,ball
745596-46-3,2024,2024-04-12,0.64,1.91,9.0,SL,L,X,True,field_out,hit_into_play
745596-46-2,2024,2024-04-12,0.01,2.92,5.0,SL,L,S,False,,foul
745596-46-1,2024,2024-04-12,0.07,1.27,14.0,SL,L,S,False,,swinging_strike
745596-5-2,2024,2024-04-12,0.11,3.15,2.0,SI,L,X,True,grounded_into_double_play,hit_into_play
745596-5-1,2024,2024-04-12,-0.9,2.03,13.0,CU,L,B,False,,ball
745601-42-1,2024,2024-04-11,0.08,2.53,5.0,FF,R,X,True,field_out,hit_into_play
745601-22-4,2024,2024-04-11,-0.1,1.07,13.0,SL,R,S,False,strikeout,swinging_strike
745601-22-3,2024,2024-04-11,0.13,2.88,5.0,SL,R,S,False,,called_strike
745601-22-2,2024,2024-04-11,1.69,1.07,14.0,FF,R,B,False,,ball
745601-22-1,2024,2024-04-11,0.15,2.85,5.0,FF,R,S,False,,called_strike
745601-6-1,2024,2024-04-11,1.11,2.87,12.0,FF,R,X,True,single,hit_into_play
745601-59-2,2024,2024-04-11,0.76,1.97,9.0,FF,R,X,True,field_out,hit_into_play
745601-59-1,2024,2024-04-11,1.14,1.08,14.0,SL,R,S,False,,swinging_strike
745196-36-8,2024,2024-04-10,0.36,0.99,14.0,FC,R,B,False,walk,ball
745196-36-7,2024,2024-04-10,0.19,1.46,14.0,FC,R,S,False,,foul
745196-36-6,2024,2024-04-10,1.06,1.3,14.0,FF,R,B,False,,ball
745196-36-5,2024,2024-04-10,-0.2,3.12,2.0,FF,R,S,False,,foul
745196-36-4,2024,2024-04-10,0.1,2.71,5.0,SI,R,S,False,,foul
745196-36-3,2024,2024-04-10,0.03,3.64,12.0,SI,R,B,False,,ball
745196-36-2,2024,2024-04-10,1.81,1.58,14.0,FC,R,B,False,,ball
745196-36-1,2024,2024-04-10,-0.32,2.1,7.0,FC,R,S,False,,called_strike
745196-64-5,2024,2024-04-10,0.61,3.85,12.0,FF,L,S,False,strikeout,swinging_strike
745196-64-4,2024,2024-04-10,0.21,1.48,14.0,FO,L,S,False,,foul
745196-64-3,2024,2024-04-10,1.29,5.77,12.0,CU,L,B,False,,ball
745196-64-2,2024,2024-04-10,0.32,1.42,14.0,FO,L,S,False,,foul
745196-64-1,2024,2024-04-10,-0.31,3.69,1.0,CU,L,B,False,,ball
745196-19-5,2024,2024-04-10,1.7,1.43,14.0,SI,R,B,False,walk,ball
745196-19-4,2024,2024-04-10,0.95,0.64,14.0,FF,R,B,False,,ball
745196-19-3,2024,2024-04-10,1.99,1.37,14.0,FF,R,B,False,,ball
745196-19-2,2024,2024-04-10,1.34,2.0,14.0,FF,R,B,False,,ball
745196-19-1,2024,2024-04-10,0.25,2.59,5.0,FC,R,S,False,,called_strike
745196-48-3,2024,2024-04-10,-0.68,2.53,4.0,FF,L,S,False,strikeout,called_strike
745196-48-2,2024,2024-04-10,-0.33,2.03,7.0,FO,L,S,False,,called_strike
745196-48-1,2024,2024-04-10,0.41,1.62,9.0,CU,L,S,False,,foul
745196-2-4,2024,2024-04-10,0.55,2.03,9.0,FC,R,S,False,strikeout,swinging_strike
745196-2-3,2024,2024-04-10,1.37,1.64,14.0,FC,R,B,False,,ball
745196-2-2,2024,2024-04-10,0.62,1.79,9.0,FC,R,S,False,,foul
745196-2-1,2024,2024-04-10,-0.11,2.27,8.0,SI,R,S,False,,called_strike
745195-22-2,2024,2024-04-09,0.95,2.58,14.0,FC,R,X,True,single,hit_into_play
745195-22-1,2024,2024-04-09,1.59,1.83,14.0,CU,R,B,False,,ball
745195-57-6,2024,2024-04-09,-0.01,1.69,8.0,CH,L,X,True,single,hit_into_play
745195-57-5,2024,2024-04-09,-0.83,3.39,1.0,FF,L,S,False,,foul
745195-57-4,2024,2024-04-09,-0.97,4.07,11.0,FF,L,B,False,,ball
745195-57-3,2024,2024-04-09,0.76,1.06,14.0,CH,L,B,False,,ball
745195-57-2,2024,2024-04-09,-0.2,1.67,8.0,CH,L,S,False,,swinging_strike
745195-57-1,2024,2024-04-09,-0.23,2.09,8.0,CH,L,S,False,,foul
745195-40-6,2024,2024-04-09,-1.19,1.15,13.0,FC,L,B,False,walk,ball
745195-40-5,2024,2024-04-09,0.59,2.94,6.0,SI,L,S,False,,foul
745195-40-4,2024,2024-04-09,-1.42,0.8,13.0,CU,L,B,False,,blocked_ball
745195-40-3,2024,2024-04-09,-0.12,2.76,5.0,FC,L,S,False,,foul
745195-40-2,2024,2024-04-09,-1.44,-1.19,13.0,CH,L,B,False,,ball
745195-2-1,2024,2024-04-09,-0.06,3.18,2.0,FF,R,X,True,field_out,hit_into_play
745195-40-1,2024,2024-04-09,-2.6,-0.98,13.0,CU,L,B,False,,blocked_ball
745194-35-1,2024,2024-04-08,-0.39,2.39,4.0,SI,R,X,True,single,hit_into_play
745194-19-6,2024,2024-04-08,0.87,2.56,14.0,CU,R,X,True,single,hit_into_play
745194-19-5,2024,2024-04-08,-0.14,3.55,2.0,SI,R,S,False,,foul
745194-19-4,2024,2024-04-08,1.57,1.4,14.0,ST,R,B,False,,ball
745194-19-3,2024,2024-04-08,-0.73,2.46,4.0,SI,R,S,False,,foul
745194-19-2,2024,2024-04-08,0.54,3.03,3.0,SL,R,S,False,,called_strike
745194-19-1,2024,2024-04-08,1.11,1.59,14.0,CU,R,B,False,,ball
745194-55-6,2024,2024-04-08,0.21,2.52,5.0,FC,L,X,True,single,hit_into_play
745194-55-5,2024,2024-04-08,-1.05,-0.03,13.0,CU,L,B,False,,ball
745194-74-5,2024,2024-04-08,0.26,2.67,5.0,FF,R,X,True,field_out,hit_into_play
745194-55-4,2024,2024-04-08,2.3,3.49,12.0,FF,L,B,False,,ball
745194-74-4,2024,2024-04-08,1.64,0.04,14.0,SL,R,B,False,,blocked_ball
745194-2-3,2024,2024-04-08,0.65,2.47,6.0,SL,R,X,True,field_out,hit_into_play
745194-55-3,2024,2024-04-08,-0.13,2.14,8.0,FC,L,S,False,,foul
745194-2-2,2024,2024-04-08,0.06,3.52,2.0,SL,R,B,False,,ball
745194-74-3,2024,2024-04-08,1.22,0.83,14.0,SL,R,B,False,,ball
745194-55-2,2024,2024-04-08,0.58,3.23,3.0,CU,L,S,False,,called_strike
745194-2-1,2024,2024-04-08,-0.35,2.39,4.0,SI,R,S,False,,called_strike
745194-55-1,2024,2024-04-08,1.87,5.54,12.0,CU,L,B,False,,ball
745194-74-2,2024,2024-04-08,0.04,1.24,14.0,SL,R,S,False,,swinging_strike
745194-74-1,2024,2024-04-08,-0.48,3.3,1.0,SL,R,S,False,,called_strike
744871-46-5,2024,2024-04-07,0.35,3.64,12.0,FF,L,S,False,strikeout,swinging_strike
744871-46-4,2024,2024-04-07,-0.14,3.32,2.0,FF,L,S,False,,foul
744871-46-3,2024,2024-04-07,-0.82,-0.63,13.0,CU,L,B,False,,ball
744871-46-2,2024,2024-04-07,0.66,2.46,6.0,FF,L,S,False,,foul
744871-46-1,2024,2024-04-07,0.06,1.13,14.0,CH,L,S,False,,foul
744871-39-1,2024,2024-04-07,1.76,2.92,12.0,CH,L,B,False,truncated_pa,ball
744871-22-5,2024,2024-04-07,-0.78,2.78,4.0,SL,L,S,False,strikeout,swinging_strike
744871-22-4,2024,2024-04-07,0.88,2.61,12.0,CH,L,S,False,,called_strike
744871-22-3,2024,2024-04-07,0.34,3.65,3.0,CH,L,B,False,,ball
744871-22-2,2024,2024-04-07,0.83,2.54,14.0,FF,L,S,False,,foul
744871-22-1,2024,2024-04-07,0.82,1.35,14.0,CU,L,B,False,,ball
744871-2-7,2024,2024-04-07,0.57,3.73,12.0,FF,L,S,False,strikeout,swinging_strike
744871-2-6,2024,2024-04-07,1.31,2.63,12.0,FF,L,B,False,,ball
744871-2-5,2024,2024-04-07,1.6,5.27,12.0,CH,L,B,False,,ball
744871-2-4,2024,2024-04-07,0.76,2.69,6.0,CU,L,S,False,,foul
744871-2-3,2024,2024-04-07,0.9,2.94,12.0,FF,L,S,False,,called_strike
744871-2-2,2024,2024-04-07,-0.37,2.94,1.0,FF,L,S,False,,foul
744871-2-1,2024,2024-04-07,1.77,1.99,14.0,FF,L,B,False,,ball
744871-66-2,2024,2024-04-07,-0.43,2.99,1.0,FF,R,X,True,field_out,hit_into_play
744871-66-1,2024,2024-04-07,-0.15,2.77,5.0,FF,R,S,False,,foul
744873-36-5,2024,2024-04-06,0.44,3.56,3.0,FF,R,S,False,strikeout,swinging_strike
744873-36-4,2024,2024-04-06,1.18,0.85,14.0,CU,R,S,False,,swinging_strike
744873-36-3,2024,2024-04-06,0.99,1.49,14.0,CU,R,B,False,,ball
744873-36-2,2024,2024-04-06,1.0,2.47,14.0,CU,R,B,False,,ball
744873-36-1,2024,2024-04-06,0.61,3.16,3.0,FF,R,S,False,,called_strike
744873-19-2,2024,2024-04-06,-0.22,2.53,5.0,SI,R,X,True,double,hit_into_play
744873-19-1,2024,2024-04-06,1.26,2.23,14.0,FF,R,B,False,,ball
744873-55-5,2024,2024-04-06,0.69,1.47,14.0,CH,L,X,True,single,hit_into_play
744873-55-4,2024,2024-04-06,0.31,1.19,14.0,CH,L,S,False,,swinging_strike
744873-2-4,2024,2024-04-06,-0.66,2.62,4.0,SI,R,X,True,field_out,hit_into_play
744873-2-3,2024,2024-04-06,1.27,1.82,14.0,FF,R,B,False,,ball
744873-55-3,2024,2024-04-06,-1.6,1.95,13.0,FF,L,B,False,,ball
744873-55-2,2024,2024-04-06,1.42,3.0,12.0,CH,L,B,False,,ball
744873-2-2,2024,2024-04-06,-0.16,2.9,5.0,FF,R,S,False,,foul_tip
744873-2-1,2024,2024-04-06,-0.49,1.29,13.0,CU,R,B,False,,ball
744873-55-1,2024,2024-04-06,0.59,2.61,6.0,SL,L,S,False,,foul
744874-52-1,2024,2024-04-05,0.57,2.54,6.0,FF,L,X,True,double,hit_into_play
744874-36-1,2024,2024-04-05,0.88,2.14,14.0,FF,L,X,True,field_out,hit_into_play
744874-14-3,2024,2024-04-05,0.3,2.88,6.0,SI,L,X,True,field_out,hit_into_play
744874-14-2,2024,2024-04-05,0.19,3.13,2.0,FC,L,S,False,,foul
744874-14-1,2024,2024-04-05,-0.13,1.08,13.0,SL,L,S,False,,swinging_strike
744874-64-2,2024,2024-04-05,0.83,1.82,9.0,FF,R,X,True,grounded_into_double_play,hit_into_play
744874-64-1,2024,2024-04-05,0.14,1.45,14.0,FF,R,B,False,,ball
744874-2-5,2024,2024-04-05,0.7,2.05,9.0,SL,L,X,True,field_out,hit_into_play
744874-2-4,2024,2024-04-05,0.39,3.78,12.0,FC,L,B,False,,ball
744874-2-3,2024,2024-04-05,1.48,2.77,12.0,FC,L,B,False,,ball
744874-2-2,2024,2024-04-05,1.11,2.78,12.0,FC,L,S,False,,foul
744874-2-1,2024,2024-04-05,-0.82,2.95,1.0,FF,L,S,False,,foul
745603-46-3,2024,2024-04-03,0.74,3.5,3.0,FF,R,S,False,strikeout,foul_tip
745603-46-2,2024,2024-04-03,0.13,0.9,14.0,FS,R,S,False,,swinging_strike
745603-46-1,2024,2024-04-03,0.02,2.78,5.0,SL,R,S,False,,foul
745603-25-2,2024,2024-04-03,-0.46,3.13,1.0,SI,R,X,True,field_out,hit_into_play
745603-25-1,2024,2024-04-03,-0.11,2.61,5.0,FF,R,S,False,,foul
745603-58-5,2024,2024-04-03,0.44,2.7,6.0,ST,R,S,False,strikeout,called_strike
745603-58-4,2024,2024-04-03,0.75,2.26,9.0,FF,R,S,False,,foul
745603-58-3,2024,2024-04-03,0.9,1.02,14.0,ST,R,B,False,,ball
745603-58-2,2024,2024-04-03,1.53,1.21,14.0,ST,R,B,False,,ball
745603-58-1,2024,2024-04-03,0.75,2.17,9.0,ST,R,S,False,,foul
745603-6-4,2024,2024-04-03,-0.19,3.55,2.0,SI,R,X,True,field_out,hit_into_play
745603-6-3,2024,2024-04-03,1.42,0.11,14.0,SL,R,B,False,,ball
745603-6-2,2024,2024-04-03,0.64,1.37,14.0,SI,R,B,False,,ball
745603-6-1,2024,2024-04-03,0.26,3.08,2.0,FF,R,S,False,,called_strike
745598-42-2,2024,2024-04-02,-0.41,3.27,1.0,SI,R,X,True,single,hit_into_play
745598-42-1,2024,2024-04-02,0.75,2.81,6.0,SL,R,S,False,,foul
745598-23-2,2024,2024-04-02,0.48,2.03,9.0,SL,R,X,True,field_out,hit_into_play
745598-23-1,2024,2024-04-02,1.84,1.09,14.0,SI,R,B,False,,ball
745598-69-4,2024,2024-04-02,-0.1,2.26,8.0,SL,R,S,False,strikeout,called_strike
745598-69-3,2024,2024-04-02,0.69,1.66,9.0,SI,R,S,False,,foul
745598-69-2,2024,2024-04-02,1.03,1.04,14.0,SL,R,B,False,,ball
745598-69-1,2024,2024-04-02,-0.54,2.4,4.0,CH,R,S,False,,called_strike
745598-55-4,2024,2024-04-02,-1.09,2.65,11.0,SI,L,B,False,walk,ball
745598-55-3,2024,2024-04-02,0.92,3.37,12.0,SI,L,B,False,,ball
745598-55-2,2024,2024-04-02,-0.91,2.77,11.0,FF,L,B,False,,ball
745598-55-1,2024,2024-04-02,0.07,0.21,14.0,CH,L,B,False,,blocked_ball
745598-6-5,2024,2024-04-02,1.04,1.51,14.0,SL,R,S,False,strikeout,called_strike
745598-6-4,2024,2024-04-02,0.34,1.62,14.0,FC,R,B,False,,ball
745598-6-3,2024,2024-04-02,1.53,1.38,14.0,SL,R,B,False,,ball
745598-6-2,2024,2024-04-02,0.99,2.01,14.0,SL,R,S,False,,called_strike
745598-6-1,2024,2024-04-02,0.71,2.74,6.0,SI,R,S,False,,called_strike
745600-38-4,2024,2024-04-01,0.45,2.01,9.0,CU,L,X,True,field_out,hit_into_play
745600-38-3,2024,2024-04-01,1.65,1.98,14.0,CH,L,B,False,,ball
745600-38-2,2024,2024-04-01,0.28,1.81,8.0,FF,L,S,False,,foul
745600-38-1,2024,2024-04-01,0.41,1.58,14.0,FF,L,S,False,,foul
745600-23-3,2024,2024-04-01,0.7,2.0,9.0,CU,L,X,True,field_out,hit_into_play
745600-23-2,2024,2024-04-01,1.44,2.13,14.0,FF,L,B,False,,ball
745600-23-1,2024,2024-04-01,1.16,2.78,12.0,CU,L,S,False,,swinging_strike
745600-80-6,2024,2024-04-01,1.3,1.97,14.0,SL,R,X,True,single,hit_into_play
745600-80-5,2024,2024-04-01,-0.53,3.62,11.0,FF,R,B,False,,ball
745600-80-4,2024,2024-04-01,1.79,1.05,14.0,SL,R,B,False,,ball
745600-80-3,2024,2024-04-01,0.31,2.99,3.0,FF,R,S,False,,foul
745600-80-2,2024,2024-04-01,-0.17,2.91,2.0,FF,R,S,False,,foul
745600-80-1,2024,2024-04-01,0.5,1.49,14.0,SL,R,S,False,,called_strike
745600-6-8,2024,2024-04-01,-0.99,1.41,13.0,ST,L,B,False,walk,ball
745600-6-7,2024,2024-04-01,0.13,3.26,2.0,CH,L,S,False,,foul
745600-6-6,2024,2024-04-01,0.11,2.64,5.0,FF,L,S,False,,foul
745600-6-5,2024,2024-04-01,-1.46,0.61,13.0,ST,L,B,False,,blocked_ball
745600-6-4,2024,2024-04-01,0.16,1.02,14.0,FF,L,B,False,,ball
745600-6-3,2024,2024-04-01,0.77,2.48,6.0,CH,L,S,False,,foul
745600-6-2,2024,2024-04-01,-0.01,2.36,5.0,FF,L,S,False,,foul
745600-6-1,2024,2024-04-01,-0.06,1.04,13.0,CU,L,B,False,,blocked_ball
745600-60-1,2024,2024-04-01,0.04,2.66,5.0,FF,L,X,True,single,hit_into_play
745602-38-4,2024,2024-03-31,0.51,2.35,6.0,SL,L,S,False,strikeout,swinging_strike
745602-38-3,2024,2024-03-31,-0.3,4.2,11.0,FF,L,B,False,,ball
745602-38-2,2024,2024-03-31,0.06,3.62,12.0,FF,L,S,False,,swinging_strike
745602-38-1,2024,2024-03-31,0.14,2.61,5.0,FF,L,S,False,,foul
745602-22-4,2024,2024-03-31,-0.51,1.96,7.0,SL,L,X,True,field_out,hit_into_play
745602-22-3,2024,2024-03-31,-0.69,-0.1,13.0,SL,L,B,False,,ball
745602-22-2,2024,2024-03-31,-0.42,3.16,1.0,FF,L,S,False,,foul
745602-22-1,2024,2024-03-31,0.53,2.4,6.0,FF,L,S,False,,foul
745602-54-3,2024,2024-03-31,0.57,2.17,9.0,SI,L,X,True,single,hit_into_play
745602-54-2,2024,2024-03-31,0.04,1.91,8.0,SI,L,S,False,,foul
745602-54-1,2024,2024-03-31,0.56,1.84,9.0,SI,L,S,False,,swinging_strike
745602-7-5,2024,2024-03-31,0.59,2.52,6.0,FF,L,S,False,strikeout,swinging_strike
745602-7-4,2024,2024-03-31,0.49,4.13,12.0,FF,L,B,False,,ball
745602-7-3,2024,2024-03-31,-0.65,2.17,7.0,SL,L,S,False,,swinging_strike
745602-7-2,2024,2024-03-31,0.88,2.1,14.0,FF,L,S,False,,called_strike
745602-7-1,2024,2024-03-31,1.27,4.11,12.0,FF,L,B,False,,ball
745599-23-4,2024,2024-03-30,0.09,2.65,5.0,FC,R,X,True,field_out,hit_into_play
745599-23-3,2024,2024-03-30,1.3,1.36,14.0,CU,R,B,False,,ball
745599-23-2,2024,2024-03-30,1.19,1.99,14.0,FC,R,S,False,,swinging_strike
745599-23-1,2024,2024-03-30,0.95,1.37,14.0,CU,R,B,False,,ball
745599-7-7,2024,2024-03-30,-0.41,2.43,4.0,FF,L,S,False,strikeout,called_strike
745599-7-6,2024,2024-03-30,-0.38,3.1,1.0,FF,L,S,False,,foul
745599-7-5,2024,2024-03-30,-0.34,2.22,7.0,CU,L,S,False,,foul
745599-66-7,2024,2024-03-30,-1.3,0.91,13.0,SL,L,B,False,walk,ball
745599-7-4,2024,2024-03-30,-0.2,4.52,11.0,FF,L,B,False,,ball
745599-7-3,2024,2024-03-30,-0.2,3.72,11.0,FF,L,S,False,,foul
745599-66-6,2024,2024-03-30,0.41,2.95,3.0,SL,L,S,False,,foul
745599-66-5,2024,2024-03-30,-0.56,3.16,1.0,FF,L,S,False,,foul
745599-7-2,2024,2024-03-30,-0.2,1.19,13.0,CU,L,S,False,,foul_tip
745599-66-4,2024,2024-03-30,1.44,3.14,12.0,CH,L,B,False,,ball
745599-7-1,2024,2024-03-30,-0.3,1.99,7.0,CU,L,S,False,,swinging_strike
745599-66-3,2024,2024-03-30,0.02,1.36,14.0,CH,L,B,False,,ball
745599-66-2,2024,2024-03-30,0.68,2.18,9.0,CH,L,S,False,,swinging_strike
745599-66-1,2024,2024-03-30,0.52,4.13,12.0,FF,L,B,False,,ball
745599-46-2,2024,2024-03-30,-0.18,2.22,8.0,SL,L,X,True,single,hit_into_play
745599-46-1,2024,2024-03-30,-0.42,2.47,4.0,SL,L,S,False,,called_strike
745604-39-4,2024,2024-03-29,-0.1,2.41,5.0,FF,R,X,True,field_out,hit_into_play
745604-39-3,2024,2024-03-29,2.18,1.35,14.0,SL,R,B,False,,ball
745604-39-2,2024,2024-03-29,1.1,1.19,14.0,SL,R,S,False,,swinging_strike
745604-39-1,2024,2024-03-29,-0.64,2.96,1.0,SL,R,S,False,,called_strike
745604-25-2,2024,2024-03-29,-0.04,2.19,8.0,FF,R,X,True,field_out,hit_into_play
745604-25-1,2024,2024-03-29,0.52,2.81,6.0,CU,R,S,False,,called_strike
745604-6-6,2024,2024-03-29,-0.36,2.27,4.0,FF,R,X,True,field_out,hit_into_play
745604-70-4,2024,2024-03-29,-0.91,2.05,13.0,FC,L,S,False,strikeout,swinging_strike
745604-6-5,2024,2024-03-29,0.15,1.87,8.0,FF,R,B,False,,ball
745604-70-3,2024,2024-03-29,0.95,3.24,12.0,FF,L,B,False,,ball
745604-6-4,2024,2024-03-29,1.69,0.8,14.0,CU,R,B,False,,ball
745604-70-2,2024,2024-03-29,-0.19,1.85,8.0,CH,L,S,False,,called_strike
745604-6-3,2024,2024-03-29,0.72,2.63,6.0,SL,R,S,False,,foul
745604-6-2,2024,2024-03-29,0.68,2.39,6.0,FF,R,S,False,,foul
745604-70-1,2024,2024-03-29,0.3,2.97,3.0,FF,L,S,False,,called_strike
745604-6-1,2024,2024-03-29,0.84,4.35,12.0,FF,R,B,False,,ball
776141-19-4,2025,2025-09-28,-0.37,1.87,7.0,SL,R,X,True,field_out,hit_into_play
776141-19-3,2025,2025-09-28,0.45,3.01,3.0,SL,R,S,False,,foul
776141-19-2,2025,2025-09-28,0.03,1.8,8.0,SL,R,S,False,,swinging_strike
776141-19-1,2025,2025-09-28,-0.5,3.83,11.0,FF,R,S,False,,swinging_strike
776141-4-5,2025,2025-09-28,0.52,2.41,6.0,SL,R,X,True,field_out,hit_into_play
776141-4-4,2025,2025-09-28,-0.37,2.06,7.0,FS,R,S,False,,foul
776141-4-3,2025,2025-09-28,-0.79,3.18,1.0,SL,R,S,False,,foul
776141-4-2,2025,2025-09-28,1.26,0.36,14.0,SL,R,B,False,,ball
776141-4-1,2025,2025-09-28,0.27,1.86,8.0,FF,R,S,False,,called_strike
776426-24-4,2025,2025-09-07,-0.8,2.24,4.0,SI,R,X,True,field_out,hit_into_play
776426-24-3,2025,2025-09-07,0.24,1.49,14.0,SI,R,S,False,,swinging_strike
776426-24-2,2025,2025-09-07,1.76,0.58,14.0,ST,R,B,False,,ball
776426-24-1,2025,2025-09-07,1.16,0.91,14.0,ST,R,B,False,,ball
776426-43-8,2025,2025-09-07,-0.5,2.05,7.0,ST,R,X,True,home_run,hit_into_play
776426-43-7,2025,2025-09-07,2.08,0.73,14.0,ST,R,B,False,,ball
776426-43-6,2025,2025-09-07,-0.33,2.95,1.0,ST,R,S,False,,foul
776426-43-5,2025,2025-09-07,0.71,2.32,6.0,ST,R,S,False,,foul
776426-1-5,2025,2025-09-07,-0.12,1.43,13.0,SI,R,S,False,strikeout,swinging_strike
776426-56-4,2025,2025-09-07,-0.19,1.62,8.0,ST,R,X,True,field_error,hit_into_play
776426-1-4,2025,2025-09-07,0.85,-0.77,14.0,CU,R,B,False,,ball
776426-43-4,2025,2025-09-07,1.51,1.71,14.0,ST,R,B,False,,ball
776426-56-3,2025,2025-09-07,-0.07,2.37,5.0,FF,R,S,False,,foul
776426-43-3,2025,2025-09-07,1.52,1.12,14.0,ST,R,B,False,,ball
776426-1-3,2025,2025-09-07,1.15,2.24,14.0,ST,R,S,False,,swinging_strike
776426-43-2,2025,2025-09-07,0.33,2.24,9.0,FF,R,S,False,,called_strike
776426-56-2,2025,2025-09-07,-0.23,2.48,5.0,FF,R,S,False,,foul
776426-1-2,2025,2025-09-07,-0.85,2.28,13.0,ST,R,B,False,,ball
776426-43-1,2025,2025-09-07,0.55,1.76,9.0,ST,R,S,False,,called_strike
776426-56-1,2025,2025-09-07,0.51,2.69,6.0,SL,R,S,False,,swinging_strike
776426-1-1,2025,2025-09-07,0.68,1.89,9.0,SI,R,S,False,,swinging_strike
776456-17-4,2025,2025-09-05,0.7,2.26,6.0,FF,R,X,True,field_out,hit_into_play
776456-48-2,2025,2025-09-05,0.12,2.91,5.0,FF,L,X,True,single,hit_into_play
776456-17-3,2025,2025-09-05,1.05,1.62,14.0,ST,R,S,False,,foul
776456-48-1,2025,2025-09-05,-0.12,2.77,5.0,FF,L,S,False,,foul
776456-17-2,2025,2025-09-05,0.76,1.82,9.0,ST,R,S,False,,swinging_strike
776456-17-1,2025,2025-09-05,-0.22,1.51,13.0,FC,R,S,False,,foul
776456-60-5,2025,2025-09-05,-0.07,2.33,5.0,CH,R,X,True,single,hit_into_play
776456-60-4,2025,2025-09-05,0.37,2.82,6.0,FF,R,S,False,,foul
776456-60-3,2025,2025-09-05,-0.61,1.88,7.0,SL,R,S,False,,called_strike
776456-60-2,2025,2025-09-05,-1.21,2.73,11.0,SI,R,B,False,,ball
776456-60-1,2025,2025-09-05,0.77,1.5,14.0,SL,R,B,False,,ball
776456-1-6,2025,2025-09-05,-0.15,2.51,5.0,FC,R,X,True,single,hit_into_play
776456-1-5,2025,2025-09-05,2.07,1.06,14.0,ST,R,B,False,,ball
776456-36-4,2025,2025-09-05,0.07,2.34,5.0,FF,L,X,True,single,hit_into_play
776456-1-4,2025,2025-09-05,0.21,3.82,12.0,FF,R,S,False,,foul
776456-36-3,2025,2025-09-05,-0.84,2.19,13.0,ST,L,S,False,,foul
776456-1-3,2025,2025-09-05,0.45,2.18,9.0,ST,R,S,False,,foul
776456-36-2,2025,2025-09-05,0.64,4.1,12.0,CH,L,B,False,,ball
776456-1-2,2025,2025-09-05,-1.01,3.7,11.0,FF,R,B,False,,ball
776456-1-1,2025,2025-09-05,-0.37,3.94,11.0,FF,R,S,False,,swinging_strike
776456-36-1,2025,2025-09-05,0.71,2.23,9.0,FF,L,S,False,,called_strike
776459-36-1,2025,2025-09-04,0.3,2.15,9.0,CU,R,X,True,field_out,hit_into_play
776459-18-6,2025,2025-09-04,0.02,1.58,8.0,CU,R,X,True,field_out,hit_into_play
776459-18-5,2025,2025-09-04,-1.42,2.61,11.0,FF,R,S,False,,foul
776459-18-4,2025,2025-09-04,0.51,2.15,9.0,FF,R,S,False,,foul
776459-18-3,2025,2025-09-04,0.9,0.82,14.0,CU,R,B,False,,ball
776459-18-2,2025,2025-09-04,-1.66,1.16,13.0,CU,R,B,False,,ball
776459-18-1,2025,2025-09-04,-0.26,1.61,8.0,CH,R,S,False,,called_strike
776459-53-5,2025,2025-09-04,0.14,1.14,14.0,FS,R,X,True,single,hit_into_play
776459-53-4,2025,2025-09-04,-0.04,1.57,13.0,FS,R,S,False,,foul
776459-53-3,2025,2025-09-04,-0.38,3.54,1.0,FF,R,S,False,,foul
776459-69-3,2025,2025-09-04,-0.15,1.7,8.0,SL,R,X,True,field_out,hit_into_play
776459-69-2,2025,2025-09-04,-0.88,1.57,13.0,SI,R,S,False,,called_strike
776459-53-2,2025,2025-09-04,-0.55,1.38,13.0,FS,R,S,False,,foul
776459-69-1,2025,2025-09-04,-0.6,4.45,11.0,FF,R,B,False,,ball
776459-53-1,2025,2025-09-04,0.05,2.63,5.0,FF,R,S,False,,called_strike
776459-1-6,2025,2025-09-04,-0.11,2.39,5.0,FF,R,S,False,strikeout,foul_tip
776459-1-5,2025,2025-09-04,-0.57,1.73,7.0,CH,R,S,False,,foul
776459-1-4,2025,2025-09-04,1.17,0.68,14.0,CU,R,B,False,,ball
776459-1-3,2025,2025-09-04,1.01,2.03,14.0,CU,R,S,False,,swinging_strike
776459-1-2,2025,2025-09-04,-0.05,2.45,5.0,FF,R,S,False,,foul
776459-1-1,2025,2025-09-04,-0.67,4.14,11.0,FF,R,B,False,,ball
776471-39-2,2025,2025-09-03,-0.56,2.5,4.0,SI,L,X,True,single,hit_into_play
776471-39-1,2025,2025-09-03,0.48,0.95,14.0,CH,L,S,False,,foul
776471-22-6,2025,2025-09-03,0.63,0.48,14.0,SI,L,B,False,walk,blocked_ball
776471-22-5,2025,2025-09-03,-0.26,1.19,13.0,CH,L,B,False,,ball
776471-22-4,2025,2025-09-03,2.99,2.2,14.0,CH,L,B,False,,ball
776471-22-3,2025,2025-09-03,0.1,0.62,14.0,CU,L,B,False,,ball
776471-22-2,2025,2025-09-03,0.5,1.59,9.0,SI,L,S,False,,called_strike
776471-22-1,2025,2025-09-03,0.79,2.05,9.0,SI,L,S,False,,called_strike
776471-70-5,2025,2025-09-03,1.11,2.97,12.0,SI,L,S,False,strikeout,swinging_strike
776471-70-4,2025,2025-09-03,-0.03,2.51,5.0,FC,L,S,False,,foul
776471-70-3,2025,2025-09-03,-0.02,2.22,8.0,SI,L,S,False,,foul
776471-70-2,2025,2025-09-03,-0.4,3.05,1.0,SI,L,S,False,,called_strike
776471-70-1,2025,2025-09-03,0.05,1.14,14.0,SI,L,B,False,,ball
776471-1-5,2025,2025-09-03,-0.45,1.19,13.0,CU,L,X,True,field_out,hit_into_play
776471-55-4,2025,2025-09-03,-0.15,1.54,13.0,SI,L,X,True,single,hit_into_play
776471-1-4,2025,2025-09-03,0.52,2.41,6.0,FF,L,S,False,,swinging_strike
776471-1-3,2025,2025-09-03,0.28,1.8,9.0,SI,L,S,False,,foul
776471-55-3,2025,2025-09-03,-0.01,1.13,13.0,SI,L,B,False,,ball
776471-55-2,2025,2025-09-03,-0.11,1.13,13.0,SI,L,B,False,,ball
776471-1-2,2025,2025-09-03,1.44,2.49,14.0,SI,L,B,False,,ball
776471-55-1,2025,2025-09-03,-0.21,2.1,8.0,CH,L,S,False,,called_strike
776471-1-1,2025,2025-09-03,1.11,2.7,12.0,SI,L,B,False,,ball
776500-40-1,2025,2025-09-01,-0.3,2.77,4.0,SL,R,X,True,triple,hit_into_play
776500-22-1,2025,2025-09-01,-0.21,2.12,8.0,SL,R,X,True,grounded_into_double_play,hit_into_play
776500-72-5,2025,2025-09-01,-0.32,3.05,1.0,FF,L,X,True,field_out,hit_into_play
776500-72-4,2025,2025-09-01,-0.45,2.8,4.0,FF,L,S,False,,called_strike
776500-72-3,2025,2025-09-01,1.18,3.75,12.0,CH,L,B,False,,ball
776500-72-2,2025,2025-09-01,0.91,3.11,12.0,FF,L,B,False,,ball
776500-72-1,2025,2025-09-01,-0.32,1.4,13.0,FF,L,B,False,,ball
776500-1-8,2025,2025-09-01,0.17,1.51,14.0,CU,R,X,True,field_out,hit_into_play
776500-1-7,2025,2025-09-01,0.0,2.96,2.0,FF,R,S,False,,foul
776500-1-6,2025,2025-09-01,0.82,2.78,6.0,FF,R,S,False,,foul
776500-1-5,2025,2025-09-01,1.17,2.71,12.0,FF,R,B,False,,ball
776500-1-4,2025,2025-09-01,0.29,1.86,9.0,FF,R,S,False,,called_strike
776500-58-3,2025,2025-09-01,0.65,2.39,6.0,CH,L,X,True,single,hit_into_play
776500-1-3,2025,2025-09-01,1.49,3.48,12.0,FF,R,B,False,,ball
776500-1-2,2025,2025-09-01,0.4,1.91,9.0,FF,R,S,False,,called_strike
776500-58-2,2025,2025-09-01,1.9,2.3,14.0,CU,L,B,False,,ball
776500-1-1,2025,2025-09-01,1.34,2.65,12.0,FF,R,B,False,,ball
776500-58-1,2025,2025-09-01,-0.21,2.66,5.0,SI,L,S,False,,called_strike
776522-36-4,2025,2025-08-31,0.11,1.59,8.0,FS,R,X,True,force_out,hit_into_play
776522-36-3,2025,2025-08-31,-0.67,1.68,7.0,FS,R,B,False,,ball
776522-36-2,2025,2025-08-31,0.79,2.43,6.0,FC,R,S,False,,foul
776522-36-1,2025,2025-08-31,-0.01,3.06,2.0,FC,R,S,False,,foul
776522-19-7,2025,2025-08-31,-0.36,1.76,7.0,FC,R,X,True,single,hit_into_play
776522-19-6,2025,2025-08-31,-0.07,2.03,8.0,FS,R,S,False,,foul
776522-19-5,2025,2025-08-31,-1.45,3.08,11.0,SI,R,S,False,,foul
776522-19-4,2025,2025-08-31,-1.22,2.75,11.0,FC,R,B,False,,ball
776522-19-3,2025,2025-08-31,-0.5,3.23,1.0,FC,R,S,False,,foul
776522-19-2,2025,2025-08-31,-1.59,2.86,11.0,SI,R,B,False,,ball
776522-19-1,2025,2025-08-31,1.57,1.54,14.0,FS,R,B,False,,ball
776522-53-2,2025,2025-08-31,0.28,3.04,3.0,FF,R,X,True,field_out,hit_into_play
776522-53-1,2025,2025-08-31,0.07,2.63,5.0,FF,R,S,False,,foul
776522-4-4,2025,2025-08-31,0.25,1.15,14.0,FS,R,S,False,strikeout,swinging_strike
776522-4-3,2025,2025-08-31,-0.16,1.59,8.0,SL,R,S,False,,foul
776522-4-2,2025,2025-08-31,1.45,2.41,14.0,FC,R,B,False,,ball
776522-4-1,2025,2025-08-31,0.3,1.43,14.0,FC,R,S,False,,called_strike
776532-42-5,2025,2025-08-30,-0.31,2.56,4.0,SL,L,X,True,double,hit_into_play
776532-42-4,2025,2025-08-30,-0.55,2.96,1.0,FF,L,S,False,,foul
776532-42-3,2025,2025-08-30,-0.31,1.35,13.0,CH,L,B,False,,ball
776532-42-2,2025,2025-08-30,-0.94,1.61,13.0,CH,L,S,False,,called_strike
776532-42-1,2025,2025-08-30,1.05,1.86,14.0,SL,L,B,False,,ball
776532-21-1,2025,2025-08-30,-0.18,2.47,5.0,FF,L,X,True,double,hit_into_play
776532-58-5,2025,2025-08-30,-0.04,2.87,5.0,CU,R,S,False,strikeout,called_strike
776532-58-4,2025,2025-08-30,-0.04,3.63,11.0,CU,R,S,False,,foul
776532-58-3,2025,2025-08-30,0.93,1.28,14.0,CU,R,B,False,,ball
776532-58-2,2025,2025-08-30,0.4,3.06,3.0,FF,R,S,False,,foul
776532-58-1,2025,2025-08-30,0.05,1.92,8.0,CU,R,S,False,,foul
776532-74-3,2025,2025-08-30,0.26,2.43,5.0,FF,L,X,True,single,hit_into_play
776532-74-2,2025,2025-08-30,0.35,2.74,6.0,FF,L,S,False,,foul
776532-74-1,2025,2025-08-30,-0.05,2.73,5.0,FC,L,S,False,,foul
776532-4-5,2025,2025-08-30,0.58,3.58,3.0,FF,L,B,False,walk,ball
776532-4-4,2025,2025-08-30,0.95,1.87,14.0,SL,L,B,False,,ball
776532-4-3,2025,2025-08-30,1.41,2.87,12.0,SL,L,B,False,,ball
776532-4-2,2025,2025-08-30,-0.93,2.21,13.0,FF,L,S,False,,called_strike
776532-4-1,2025,2025-08-30,0.2,4.13,12.0,FF,L,B,False,,ball
776552-42-3,2025,2025-08-29,-0.05,2.19,8.0,SI,R,X,True,field_error,hit_into_play
776552-42-2,2025,2025-08-29,-0.28,-0.1,13.0,SI,R,B,False,,ball
776552-42-1,2025,2025-08-29,0.83,0.91,14.0,SL,R,B,False,,ball
776552-25-2,2025,2025-08-29,-0.03,2.77,5.0,SI,R,X,True,field_out,hit_into_play
776552-25-1,2025,2025-08-29,-0.48,2.95,1.0,SI,R,S,False,,foul
776552-63-5,2025,2025-08-29,0.27,1.45,14.0,CH,L,X,True,field_out,hit_into_play
776552-63-4,2025,2025-08-29,0.38,2.4,6.0,SL,L,S,False,,foul
776552-63-3,2025,2025-08-29,-1.01,2.16,13.0,SL,L,S,False,,foul
776552-7-3,2025,2025-08-29,0.67,2.18,9.0,SI,R,X,True,field_out,hit_into_play
776552-7-2,2025,2025-08-29,1.17,2.18,14.0,SI,R,B,False,,ball
776552-63-2,2025,2025-08-29,0.05,2.9,5.0,FF,L,S,False,,foul
776552-7-1,2025,2025-08-29,0.03,1.75,8.0,SI,R,S,False,,called_strike
776552-63-1,2025,2025-08-29,-0.11,1.49,13.0,CH,L,S,False,,called_strike
776560-36-2,2025,2025-08-28,-0.36,3.19,1.0,FS,R,X,True,double,hit_into_play
776560-36-1,2025,2025-08-28,-0.22,1.22,13.0,SI,R,B,False,,ball
776560-48-1,2025,2025-08-28,-0.49,2.01,7.0,SL,L,X,True,single,hit_into_play
776560-21-2,2025,2025-08-28,-0.96,2.65,11.0,SI,R,X,True,field_out,hit_into_play
776560-21-1,2025,2025-08-28,0.71,0.56,14.0,SL,R,B,False,,ball
776560-9-5,2025,2025-08-28,-0.27,2.09,8.0,SI,R,X,True,field_out,hit_into_play
776560-9-4,2025,2025-08-28,1.18,0.3,14.0,CU,R,B,False,,ball
776560-9-3,2025,2025-08-28,1.32,0.79,14.0,FS,R,B,False,,ball
776560-9-2,2025,2025-08-28,-0.18,1.69,8.0,SI,R,S,False,,called_strike
776560-9-1,2025,2025-08-28,-0.78,2.58,4.0,SI,R,S,False,,called_strike
776566-47-4,2025,2025-08-27,0.42,1.74,9.0,CU,R,X,True,field_out,hit_into_play
776566-47-3,2025,2025-08-27,0.52,0.77,14.0,CU,R,S,False,,swinging_strike
776566-47-2,2025,2025-08-27,1.1,2.02,14.0,CU,R,S,False,,swinging_strike
776566-47-1,2025,2025-08-27,-0.15,1.57,13.0,ST,R,B,False,,ball
776566-24-5,2025,2025-08-27,-0.24,2.02,8.0,SI,R,X,True,field_out,hit_into_play
776566-24-4,2025,2025-08-27,1.62,0.93,14.0,CU,R,B,False,,ball
776566-24-3,2025,2025-08-27,0.38,1.58,9.0,CU,R,S,False,,foul
776566-24-2,2025,2025-08-27,-1.31,2.32,13.0,SI,R,S,False,,swinging_strike
776566-24-1,2025,2025-08-27,-0.26,2.87,5.0,FF,R,S,False,,called_strike
776566-1-3,2025,2025-08-27,1.31,1.47,14.0,ST,R,S,False,strikeout,swinging_strike
776566-64-3,2025,2025-08-27,0.47,2.4,6.0,CH,L,X,True,single,hit_into_play
776566-1-2,2025,2025-08-27,0.04,1.94,8.0,ST,R,S,False,,called_strike
776566-64-2,2025,2025-08-27,0.7,2.75,6.0,CH,L,S,False,,foul
776566-64-1,2025,2025-08-27,0.6,3.35,3.0,SI,L,S,False,,foul
776566-1-1,2025,2025-08-27,-0.44,1.57,7.0,SI,R,S,False,,called_strike
776585-36-2,2025,2025-08-26,0.89,2.63,12.0,FF,L,X,True,single,hit_into_play
776585-36-1,2025,2025-08-26,-1.37,0.74,13.0,ST,L,S,False,,swinging_strike
776585-19-4,2025,2025-08-26,0.41,3.2,3.0,FF,L,S,False,strikeout,swinging_strike
776585-19-3,2025,2025-08-26,1.1,2.27,14.0,ST,L,S,False,,swinging_strike
776585-19-2,2025,2025-08-26,-0.02,1.51,13.0,ST,L,S,False,,swinging_strike
776585-19-1,2025,2025-08-26,1.36,2.69,12.0,ST,L,B,False,,ball
776585-55-1,2025,2025-08-26,0.12,1.9,8.0,CH,R,X,True,force_out,hit_into_play
776585-71-4,2025,2025-08-26,1.04,2.26,14.0,SL,R,S,False,strikeout,foul_tip
776585-71-3,2025,2025-08-26,-0.15,1.35,13.0,SL,R,B,False,,ball
776585-71-2,2025,2025-08-26,0.27,2.38,5.0,SL,R,S,False,,swinging_strike
776585-71-1,2025,2025-08-26,0.08,2.72,5.0,SL,R,S,False,,called_strike
776585-1-5,2025,2025-08-26,0.8,3.32,3.0,FF,L,S,False,strikeout,swinging_strike
776585-1-4,2025,2025-08-26,2.49,3.33,12.0,CH,L,B,False,,ball
776585-1-3,2025,2025-08-26,1.67,3.04,12.0,FF,L,B,False,,ball
776585-1-2,2025,2025-08-26,0.45,2.84,6.0,FF,L,S,False,,foul
776585-1-1,2025,2025-08-26,0.09,1.54,14.0,FF,L,S,False,,called_strike
776598-29-3,2025,2025-08-25,-0.45,2.25,7.0,FO,R,X,True,field_out,hit_into_play
776598-29-2,2025,2025-08-25,-0.77,1.94,7.0,FO,R,S,False,,swinging_strike
776598-29-1,2025,2025-08-25,0.08,2.43,5.0,FC,R,S,False,,foul
776598-17-5,2025,2025-08-25,0.33,1.15,14.0,FO,R,S,False,strikeout,swinging_strike
776598-17-4,2025,2025-08-25,0.44,0.57,14.0,FO,R,B,False,,ball
776598-17-3,2025,2025-08-25,-0.44,3.97,11.0,FF,R,S,False,,foul
776598-17-2,2025,2025-08-25,0.22,2.77,5.0,FC,R,S,False,,foul
776598-17-1,2025,2025-08-25,-0.03,2.68,5.0,ST,R,S,False,,foul
776598-83-4,2025,2025-08-25,-1.08,3.44,11.0,FF,R,X,True,field_out,hit_into_play
776598-83-3,2025,2025-08-25,-0.31,3.44,1.0,FF,R,S,False,,foul
776598-83-2,2025,2025-08-25,-1.4,1.53,13.0,ST,R,B,False,,ball
776598-83-1,2025,2025-08-25,0.65,2.0,9.0,FF,R,S,False,,called_strike
776598-1-7,2025,2025-08-25,-0.31,2.32,4.0,FF,R,X,True,triple,hit_into_play
776598-1-6,2025,2025-08-25,0.62,1.62,9.0,ST,R,B,False,,ball
776598-1-5,2025,2025-08-25,1.18,-0.58,14.0,FO,R,B,False,,ball
776598-1-4,2025,2025-08-25,0.07,3.0,2.0,FF,R,S,False,,foul
776598-59-4,2025,2025-08-25,0.06,3.26,2.0,ST,L,X,True,field_out,hit_into_play
776598-1-3,2025,2025-08-25,0.91,1.87,14.0,FC,R,S,False,,foul
776598-59-3,2025,2025-08-25,-1.43,2.02,13.0,FC,L,B,False,,ball
776598-59-2,2025,2025-08-25,-2.56,1.93,13.0,FC,L,B,False,,ball
776598-1-2,2025,2025-08-25,-0.52,2.89,1.0,FF,R,S,False,,called_strike
776598-59-1,2025,2025-08-25,0.83,2.75,12.0,ST,L,S,False,,called_strike
776598-1-1,2025,2025-08-25,0.73,3.85,12.0,FF,R,B,False,,ball
776613-16-4,2025,2025-08-24,0.3,2.48,6.0,CH,R,X,True,single,hit_into_play
776613-16-3,2025,2025-08-24,-1.02,3.61,11.0,SI,R,S,False,,foul
776613-16-2,2025,2025-08-24,1.78,1.1,14.0,CU,R,B,False,,ball
776613-16-1,2025,2025-08-24,1.24,2.67,12.0,CU,R,B,False,,ball
776613-29-1,2025,2025-08-24,-0.19,2.81,5.0,CH,L,X,True,field_out,hit_into_play
776613-66-6,2025,2025-08-24,-0.5,2.95,1.0,SL,R,S,False,strikeout,foul_tip
776613-66-5,2025,2025-08-24,0.35,1.4,14.0,FF,R,S,False,,swinging_strike
776613-66-4,2025,2025-08-24,0.87,1.78,14.0,FF,R,B,False,,ball
776613-66-3,2025,2025-08-24,0.18,2.74,5.0,SL,R,S,False,,foul
776613-66-2,2025,2025-08-24,-1.36,2.97,11.0,SL,R,B,False,,ball
776613-66-1,2025,2025-08-24,-1.37,3.12,11.0,SL,R,B,False,,ball
776613-48-4,2025,2025-08-24,-0.31,2.78,4.0,SL,R,X,True,field_out,hit_into_play
776613-48-3,2025,2025-08-24,1.73,0.49,14.0,SL,R,B,False,,ball
776613-48-2,2025,2025-08-24,-0.22,3.33,2.0,SI,R,S,False,,foul
776613-48-1,2025,2025-08-24,0.12,2.32,8.0,SL,R,S,False,,called_strike
776613-4-3,2025,2025-08-24,0.64,2.44,6.0,CU,R,X,True,field_error,hit_into_play
776613-4-2,2025,2025-08-24,-0.46,1.47,13.0,SI,R,S,False,,called_strike
776613-4-1,2025,2025-08-24,-1.16,2.86,11.0,FF,R,B,False,,ball
776628-39-6,2025,2025-08-23,0.1,2.61,5.0,SL,L,X,True,home_run,hit_into_play
776628-39-5,2025,2025-08-23,-0.46,0.78,13.0,SL,L,B,False,,ball
776628-39-4,2025,2025-08-23,0.5,3.17,3.0,SL,L,S,False,,swinging_strike
776628-39-3,2025,2025-08-23,1.11,2.43,14.0,FF,L,B,False,,ball
776628-39-2,2025,2025-08-23,-1.57,2.87,11.0,FF,L,B,False,,ball
776628-39-1,2025,2025-08-23,0.94,2.9,12.0,FF,L,S,False,,foul
776628-22-6,2025,2025-08-23,-0.14,2.11,8.0,FF,L,X,True,field_out,hit_into_play
776628-22-5,2025,2025-08-23,-0.61,2.3,4.0,SL,L,S,False,,foul
776628-22-4,2025,2025-08-23,-1.33,2.28,13.0,FF,L,B,False,,ball
776628-22-3,2025,2025-08-23,-0.18,1.37,13.0,FF,L,B,False,,ball
776628-22-2,2025,2025-08-23,-0.34,1.97,7.0,FF,L,S,False,,called_strike
776628-22-1,2025,2025-08-23,-0.97,2.21,13.0,SL,L,S,False,,swinging_strike
776628-56-5,2025,2025-08-23,-0.5,0.42,13.0,SI,R,B,False,walk,blocked_ball
776628-56-4,2025,2025-08-23,-0.74,3.79,11.0,FF,R,B,False,,ball
776628-56-3,2025,2025-08-23,0.67,3.01,3.0,FF,R,S,False,,swinging_strike
776628-56-2,2025,2025-08-23,1.07,2.92,12.0,FF,R,B,False,,ball
776628-56-1,2025,2025-08-23,1.9,0.01,14.0,SL,R,B,False,,ball
776628-4-2,2025,2025-08-23,-1.26,1.86,13.0,SL,L,X,True,field_out,hit_into_play
776628-4-1,2025,2025-08-23,-0.3,4.18,11.0,FF,L,B,False,,ball
776648-51-4,2025,2025-08-22,0.53,1.7,9.0,KC,R,S,False,strikeout,called_strike
776648-51-3,2025,2025-08-22,1.03,1.67,14.0,FF,R,S,False,,foul
776648-51-2,2025,2025-08-22,0.9,1.79,14.0,KC,R,S,False,,swinging_strike
776648-51-1,2025,2025-08-22,0.81,2.09,9.0,KC,R,B,False,,ball
776648-34-5,2025,2025-08-22,1.02,0.71,14.0,KC,R,S,False,strikeout,swinging_strike_blocked
776648-34-4,2025,2025-08-22,0.44,2.27,9.0,SI,R,S,False,,foul
776648-34-3,2025,2025-08-22,1.36,1.68,14.0,KC,R,S,False,,swinging_strike
776648-34-2,2025,2025-08-22,-0.92,4.12,11.0,CH,R,B,False,,ball
776648-34-1,2025,2025-08-22,-0.21,2.52,5.0,KC,R,S,False,,called_strike
776648-19-5,2025,2025-08-22,-1.16,2.67,11.0,SI,R,X,True,force_out,hit_into_play
776648-19-4,2025,2025-08-22,-1.37,2.42,13.0,CH,R,S,False,,swinging_strike
776648-19-3,2025,2025-08-22,0.75,1.09,14.0,KC,R,B,False,,ball
776648-19-2,2025,2025-08-22,-0.52,4.11,11.0,KC,R,B,False,,ball
776648-19-1,2025,2025-08-22,-0.92,3.17,11.0,SI,R,S,False,,called_strike
776648-73-4,2025,2025-08-22,-0.52,1.58,13.0,CH,L,S,False,strikeout,swinging_strike
776648-73-3,2025,2025-08-22,-0.7,1.43,13.0,ST,L,S,False,,foul
776648-73-2,2025,2025-08-22,-0.55,1.27,13.0,ST,L,S,False,,swinging_strike
776648-73-1,2025,2025-08-22,0.72,2.66,6.0,FF,L,S,False,,called_strike
776648-7-2,2025,2025-08-22,-1.11,2.77,11.0,SI,R,X,True,field_out,hit_into_play
776648-7-1,2025,2025-08-22,0.42,3.18,3.0,FF,R,S,False,,called_strike
776662-33-1,2025,2025-08-20,-0.43,1.72,7.0,SI,R,X,True,grounded_into_double_play,hit_into_play
776662-18-3,2025,2025-08-20,-0.85,2.86,11.0,SI,R,X,True,single,hit_into_play
776662-18-2,2025,2025-08-20,-2.27,2.23,13.0,SI,R,B,False,,ball
776662-18-1,2025,2025-08-20,-0.23,2.71,5.0,SI,R,S,False,,foul
776662-75-4,2025,2025-08-20,0.83,2.02,9.0,SL,R,X,True,single,hit_into_play
776662-75-3,2025,2025-08-20,-0.4,2.65,4.0,FF,R,S,False,,foul
776662-75-2,2025,2025-08-20,0.92,2.42,14.0,SL,R,B,False,,ball
776662-75-1,2025,2025-08-20,0.4,1.89,9.0,SL,R,S,False,,foul
776662-63-6,2025,2025-08-20,1.07,2.19,14.0,CH,L,X,True,single,hit_into_play
776662-63-5,2025,2025-08-20,-1.08,2.29,13.0,ST,L,S,False,,foul
776662-63-4,2025,2025-08-20,-0.02,1.57,13.0,CH,L,S,False,,called_strike
776662-63-3,2025,2025-08-20,-0.41,3.48,1.0,SL,L,S,False,,called_strike
776662-63-2,2025,2025-08-20,0.13,1.22,14.0,CH,L,B,False,,ball
776662-63-1,2025,2025-08-20,0.27,0.82,14.0,CH,L,B,False,,blocked_ball
776662-49-5,2025,2025-08-20,-0.49,3.39,1.0,FF,L,X,True,single,hit_into_play
776662-49-4,2025,2025-08-20,-1.78,1.62,13.0,FC,L,B,False,,ball
776662-49-3,2025,2025-08-20,-0.94,-0.18,13.0,SV,L,B,False,,ball
776662-49-2,2025,2025-08-20,0.09,1.47,14.0,SV,L,S,False,,foul
776662-49-1,2025,2025-08-20,-0.67,1.37,13.0,SV,L,S,False,,swinging_strike
776662-5-4,2025,2025-08-20,0.25,2.28,5.0,FF,R,X,True,triple,hit_into_play
776662-5-3,2025,2025-08-20,-1.72,1.89,13.0,SI,R,B,False,,ball
776662-5-2,2025,2025-08-20,-0.88,2.78,11.0,SL,R,S,False,,called_strike
776662-5-1,2025,2025-08-20,0.26,3.57,2.0,FF,R,B,False,,ball
776680-35-4,2025,2025-08-19,0.26,2.14,8.0,ST,R,X,True,field_out,hit_into_play
776680-35-3,2025,2025-08-19,-0.52,2.02,7.0,FS,R,S,False,,swinging_strike
776680-35-2,2025,2025-08-19,0.74,1.93,9.0,ST,R,S,False,,swinging_strike
776680-35-1,2025,2025-08-19,0.66,1.21,14.0,ST,R,B,False,,ball
776680-23-3,2025,2025-08-19,0.18,3.05,2.0,SL,R,X,True,single,hit_into_play
776680-23-2,2025,2025-08-19,-0.14,1.93,8.0,SI,R,S,False,,called_strike
776680-23-1,2025,2025-08-19,0.94,1.53,14.0,SL,R,S,False,,swinging_strike
776680-60-6,2025,2025-08-19,-0.97,2.7,11.0,FF,L,X,True,field_out,hit_into_play
776680-4-9,2025,2025-08-19,0.91,3.44,12.0,FF,R,S,False,strikeout,swinging_strike
776680-4-8,2025,2025-08-19,0.58,2.43,6.0,FF,R,S,False,,foul
776680-60-5,2025,2025-08-19,1.07,2.01,14.0,SI,L,S,False,,foul
776680-60-4,2025,2025-08-19,-0.23,0.65,13.0,SL,L,B,False,,ball
776680-4-7,2025,2025-08-19,-0.19,1.78,8.0,SI,R,S,False,,foul
776680-4-6,2025,2025-08-19,1.42,1.23,14.0,SL,R,B,False,,ball
776680-60-3,2025,2025-08-19,0.14,4.33,12.0,FF,L,B,False,,ball
776680-60-2,2025,2025-08-19,-1.12,2.17,13.0,FF,L,S,False,,foul
776680-4-5,2025,2025-08-19,1.12,3.54,12.0,FF,R,B,False,,ball
776680-60-1,2025,2025-08-19,0.55,1.82,9.0,SL,L,S,False,,called_strike
776680-4-4,2025,2025-08-19,0.33,2.31,6.0,SL,R,S,False,,foul
776680-4-3,2025,2025-08-19,-0.5,3.14,1.0,FF,R,S,False,,foul
776680-4-2,2025,2025-08-19,0.19,1.9,8.0,FF,R,S,False,,called_strike
776680-4-1,2025,2025-08-19,-0.1,2.24,5.0,FF,R,S,False,,foul
776689-17-7,2025,2025-08-18,-0.1,2.42,5.0,SL,R,X,True,home_run,hit_into_play
776689-17-6,2025,2025-08-18,-0.31,3.98,11.0,CU,R,S,False,,foul
776689-17-5,2025,2025-08-18,-0.35,2.34,4.0,SL,R,S,False,,foul
776689-17-4,2025,2025-08-18,0.33,2.13,9.0,FF,R,S,False,,called_strike
776689-17-3,2025,2025-08-18,-0.6,1.42,13.0,SL,R,B,False,,ball
776689-17-2,2025,2025-08-18,1.22,1.57,14.0,SL,R,B,False,,ball
776689-46-2,2025,2025-08-18,-0.98,2.66,11.0,SL,R,X,True,field_out,hit_into_play
776689-17-1,2025,2025-08-18,1.01,0.37,14.0,SL,R,B,False,,blocked_ball
776689-46-1,2025,2025-08-18,0.2,2.99,5.0,SI,R,S,False,,called_strike
776689-65-1,2025,2025-08-18,0.45,2.72,6.0,SI,R,X,True,double,hit_into_play
776689-77-4,2025,2025-08-18,0.16,2.29,5.0,SL,R,X,True,single,hit_into_play
776689-77-3,2025,2025-08-18,1.64,-0.68,14.0,SL,R,B,False,,blocked_ball
776689-77-2,2025,2025-08-18,0.22,2.35,5.0,FF,R,S,False,,foul
776689-77-1,2025,2025-08-18,0.56,1.52,14.0,SL,R,B,False,,ball
776689-29-2,2025,2025-08-18,-1.02,2.69,11.0,SI,R,X,True,single,hit_into_play
776689-29-1,2025,2025-08-18,-0.7,1.93,7.0,SI,R,S,False,,called_strike
776689-5-2,2025,2025-08-18,-0.19,3.5,2.0,FF,R,X,True,field_out,hit_into_play
776689-5-1,2025,2025-08-18,-0.41,3.56,1.0,FF,R,B,False,,ball
776708-14-1,2025,2025-08-17,-0.05,1.58,8.0,FF,L,X,True,single,hit_into_play
776708-49-2,2025,2025-08-17,0.17,2.87,5.0,CH,R,X,True,single,hit_into_play
776708-49-1,2025,2025-08-17,0.54,3.11,3.0,FF,R,S,False,,swinging_strike
776708-26-2,2025,2025-08-17,-0.39,2.42,4.0,SI,R,X,True,single,hit_into_play
776708-81-5,2025,2025-08-17,-0.86,2.3,13.0,FF,R,X,True,field_out,hit_into_play
776708-26-1,2025,2025-08-17,-0.12,3.16,2.0,SI,R,S,False,,called_strike
776708-81-4,2025,2025-08-17,-0.75,1.46,7.0,FF,R,S,False,,called_strike
776708-81-3,2025,2025-08-17,1.14,3.58,12.0,FF,R,B,False,,ball
776708-81-2,2025,2025-08-17,-0.31,4.61,11.0,SL,R,B,False,,ball
776708-81-1,2025,2025-08-17,0.65,-0.15,14.0,SL,R,B,False,,ball
776708-1-4,2025,2025-08-17,0.49,4.11,12.0,FF,L,B,False,walk,ball
776708-1-3,2025,2025-08-17,0.21,0.57,14.0,FF,L,B,False,,ball
776708-1-2,2025,2025-08-17,-0.55,4.06,11.0,FF,L,B,False,,ball
776708-1-1,2025,2025-08-17,-0.27,3.39,2.0,FF,L,B,False,,ball
776708-69-1,2025,2025-08-17,-2.83,-1.44,13.0,CH,L,B,False,hit_by_pitch,hit_by_pitch
776725-33-3,2025,2025-08-16,0.25,2.79,5.0,SI,R,X,True,single,hit_into_play
776725-33-2,2025,2025-08-16,0.98,1.89,14.0,CH,R,B,False,,ball
776725-33-1,2025,2025-08-16,1.09,1.38,14.0,KC,R,B,False,,ball
776725-16-4,2025,2025-08-16,-0.48,1.76,7.0,KC,R,X,True,single,hit_into_play
776725-16-3,2025,2025-08-16,-1.0,3.0,11.0,SI,R,S,False,,foul
776725-16-2,2025,2025-08-16,-0.01,1.03,13.0,KC,R,S,False,,swinging_strike
776725-16-1,2025,2025-08-16,-0.07,2.78,5.0,CH,R,S,False,,called_strike
776725-56-4,2025,2025-08-16,-0.35,3.31,1.0,SI,L,S,False,strikeout,swinging_strike
776725-56-3,2025,2025-08-16,0.89,0.58,14.0,CH,L,B,False,,ball
776725-1-5,2025,2025-08-16,0.59,2.22,9.0,FF,R,X,True,double,hit_into_play
776725-1-4,2025,2025-08-16,1.08,1.6,14.0,FF,R,B,False,,ball
776725-56-2,2025,2025-08-16,-0.1,2.35,5.0,SI,L,S,False,,foul
776725-56-1,2025,2025-08-16,-0.5,2.5,4.0,SI,L,S,False,,called_strike
776725-1-3,2025,2025-08-16,0.9,1.56,14.0,KC,R,B,False,,ball
776725-1-2,2025,2025-08-16,-1.9,3.98,11.0,SI,R,B,False,,ball
776725-1-1,2025,2025-08-16,0.31,3.4,3.0,FF,R,S,False,,called_strike
776739-35-4,2025,2025-08-15,0.08,3.36,2.0,CU,L,X,True,single,hit_into_play
776739-35-3,2025,2025-08-15,-0.45,3.19,1.0,FF,L,S,False,,swinging_strike
776739-35-2,2025,2025-08-15,-1.09,2.87,11.0,FF,L,B,False,,ball
776739-35-1,2025,2025-08-15,1.28,2.69,12.0,CH,L,B,False,,ball
776739-15-2,2025,2025-08-15,0.32,1.84,9.0,FF,L,X,True,field_out,hit_into_play
776739-15-1,2025,2025-08-15,-1.38,0.61,13.0,CU,L,B,False,,ball
776739-67-1,2025,2025-08-15,-0.27,2.44,5.0,FF,L,X,True,field_out,hit_into_play
776739-1-5,2025,2025-08-15,0.7,2.55,6.0,CH,L,X,True,single,hit_into_play
776739-1-4,2025,2025-08-15,0.08,2.41,5.0,CU,L,S,False,,foul
776739-1-3,2025,2025-08-15,-0.67,3.19,1.0,FF,L,S,False,,called_strike
776739-51-3,2025,2025-08-15,-0.21,2.06,8.0,FF,L,X,True,field_out,hit_into_play
776739-1-2,2025,2025-08-15,-1.4,1.73,13.0,FF,L,B,False,,ball
776739-51-2,2025,2025-08-15,-1.13,2.45,13.0,FF,L,B,False,,ball
776739-1-1,2025,2025-08-15,1.78,3.26,12.0,FF,L,B,False,,ball
776739-51-1,2025,2025-08-15,-1.22,0.9,13.0,FF,L,B,False,,ball
776743-34-5,2025,2025-08-14,-1.47,3.14,11.0,SI,R,X,True,single,hit_into_play
776743-34-4,2025,2025-08-14,-1.78,3.1,11.0,CH,R,B,False,,ball
776743-34-3,2025,2025-08-14,0.18,2.64,5.0,SL,R,S,False,,foul
776743-34-2,2025,2025-08-14,0.92,2.21,14.0,CH,R,B,False,,ball
776743-34-1,2025,2025-08-14,-0.51,1.56,7.0,CH,R,S,False,,called_strike
776743-17-1,2025,2025-08-14,-0.7,2.25,7.0,SI,R,X,True,single,hit_into_play
776743-69-8,2025,2025-08-14,-1.95,2.86,11.0,SI,R,S,False,strikeout,swinging_strike
776743-69-7,2025,2025-08-14,2.47,0.56,14.0,CU,R,B,False,,blocked_ball
776743-69-6,2025,2025-08-14,-1.63,3.31,11.0,FF,R,S,False,,foul
776743-69-5,2025,2025-08-14,0.4,1.91,9.0,CU,R,S,False,,foul
776743-69-4,2025,2025-08-14,0.44,1.84,9.0,CU,R,S,False,,foul
776743-69-3,2025,2025-08-14,-1.51,1.91,13.0,SI,R,S,False,,swinging_strike
776743-49-5,2025,2025-08-14,-0.2,2.05,8.0,FS,R,X,True,single,hit_into_play
776743-69-2,2025,2025-08-14,0.54,1.88,9.0,CU,R,S,False,,called_strike
776743-69-1,2025,2025-08-14,0.3,0.79,14.0,SI,R,B,False,,ball
776743-49-4,2025,2025-08-14,0.26,1.99,8.0,FC,R,S,False,,swinging_strike
776743-49-3,2025,2025-08-14,0.54,1.74,9.0,FC,R,S,False,,called_strike
776743-49-2,2025,2025-08-14,0.61,2.97,3.0,SI,R,B,False,,ball
776743-49-1,2025,2025-08-14,0.89,1.6,14.0,SI,R,B,False,,ball
776743-1-5,2025,2025-08-14,-1.46,2.54,13.0,CH,R,X,True,field_out,hit_into_play
776743-1-4,2025,2025-08-14,-0.33,0.72,13.0,SL,R,B,False,,ball
776743-1-3,2025,2025-08-14,-1.34,0.85,13.0,CH,R,B,False,,ball
776743-1-2,2025,2025-08-14,-1.08,2.19,13.0,SI,R,S,False,,foul
776743-1-1,2025,2025-08-14,-0.29,2.6,4.0,FF,R,S,False,,swinging_strike
776765-38-3,2025,2025-08-13,-0.1,2.02,8.0,FS,R,X,True,field_out,hit_into_play
776765-38-2,2025,2025-08-13,0.04,1.06,14.0,SL,R,S,False,,swinging_strike
776765-38-1,2025,2025-08-13,-0.89,4.23,11.0,FS,R,B,False,,ball
776765-17-3,2025,2025-08-13,0.02,2.15,8.0,SL,R,X,True,single,hit_into_play
776765-17-2,2025,2025-08-13,-0.34,2.34,4.0,FF,R,S,False,,called_strike
776765-17-1,2025,2025-08-13,1.04,1.65,14.0,SL,R,B,False,,ball
776765-60-2,2025,2025-08-13,-1.12,2.88,11.0,SI,R,X,True,force_out,hit_into_play
776765-60-1,2025,2025-08-13,0.04,2.73,2.0,SL,R,S,False,,called_strike
776765-1-6,2025,2025-08-13,0.43,1.7,9.0,FF,R,X,True,field_out,hit_into_play
776765-1-5,2025,2025-08-13,0.84,1.05,14.0,SL,R,B,False,,ball
776765-1-4,2025,2025-08-13,-0.29,2.1,7.0,FF,R,S,False,,foul
776765-1-3,2025,2025-08-13,1.61,2.05,14.0,SL,R,B,False,,ball
776765-1-2,2025,2025-08-13,0.66,0.77,14.0,SL,R,S,False,,swinging_strike
776765-1-1,2025,2025-08-13,0.03,3.99,12.0,FF,R,B,False,,ball
776777-41-2,2025,2025-08-12,0.39,2.14,9.0,SI,R,X,True,double,hit_into_play
776777-41-1,2025,2025-08-12,-0.99,2.58,13.0,SI,R,S,False,,foul
776777-22-5,2025,2025-08-12,-0.23,2.88,5.0,SL,R,X,True,field_out,hit_into_play
776777-22-4,2025,2025-08-12,0.68,2.32,6.0,FC,R,S,False,,foul
776777-22-3,2025,2025-08-12,1.16,1.69,14.0,SL,R,B,False,,ball
776777-22-2,2025,2025-08-12,0.29,3.12,3.0,FC,R,S,False,,called_strike
776777-22-1,2025,2025-08-12,0.93,0.97,14.0,ST,R,B,False,,ball
776777-1-5,2025,2025-08-12,1.07,1.75,14.0,SL,R,S,False,strikeout,swinging_strike
776777-64-5,2025,2025-08-12,-0.74,1.95,7.0,FF,L,X,True,field_out,hit_into_play
776777-64-4,2025,2025-08-12,-0.66,0.24,13.0,CH,L,B,False,,ball
776777-1-4,2025,2025-08-12,-0.13,3.19,2.0,SI,R,S,False,,foul
776777-1-3,2025,2025-08-12,-0.92,2.33,13.0,SI,R,S,False,,foul
776777-64-3,2025,2025-08-12,-0.46,2.63,4.0,FF,L,S,False,,foul
776777-1-2,2025,2025-08-12,1.84,0.46,14.0,ST,R,B,False,,ball
776777-64-2,2025,2025-08-12,3.05,1.03,14.0,CH,L,B,False,,ball
776777-64-1,2025,2025-08-12,1.02,1.86,14.0,SI,L,S,False,,swinging_strike
776777-1-1,2025,2025-08-12,-0.82,1.82,7.0,SI,R,S,False,,called_strike
776792-56-5,2025,2025-08-11,-0.39,2.94,4.0,ST,L,X,True,single,hit_into_play
776792-56-4,2025,2025-08-11,-1.51,2.88,11.0,FF,L,B,False,,ball
776792-56-3,2025,2025-08-11,0.36,2.64,6.0,FF,L,S,False,,foul
776792-56-2,2025,2025-08-11,-0.11,2.47,5.0,FF,L,S,False,,foul
776792-56-1,2025,2025-08-11,-0.66,1.3,13.0,CU,L,B,False,,ball
776792-40-1,2025,2025-08-11,0.21,1.79,8.0,CH,L,X,True,field_out,hit_into_play
776792-25-2,2025,2025-08-11,-0.16,2.99,2.0,FF,L,X,True,field_out,hit_into_play
776792-25-1,2025,2025-08-11,-0.33,1.73,7.0,CU,L,S,False,,called_strike
776792-1-2,2025,2025-08-11,-0.43,2.66,4.0,FF,L,X,True,field_out,hit_into_play
776792-1-1,2025,2025-08-11,0.55,1.91,9.0,FF,L,S,False,,called_strike
776800-37-5,2025,2025-08-10,-0.33,1.14,13.0,SL,L,B,False,walk,ball
776800-37-4,2025,2025-08-10,-1.73,1.88,13.0,FC,L,B,False,,ball
776800-37-3,2025,2025-08-10,0.01,1.55,14.0,CH,L,S,False,,swinging_strike
776800-37-2,2025,2025-08-10,-1.32,0.17,13.0,SL,L,B,False,,blocked_ball
776800-37-1,2025,2025-08-10,-2.35,1.42,13.0,FC,L,B,False,,ball
776800-24-4,2025,2025-08-10,-0.24,1.38,13.0,SI,L,B,False,walk,ball
776800-24-3,2025,2025-08-10,-1.5,1.97,13.0,FC,L,B,False,,ball
776800-24-2,2025,2025-08-10,1.44,3.23,12.0,CH,L,B,False,,ball
776800-24-1,2025,2025-08-10,-0.09,0.77,13.0,CU,L,B,False,,ball
776800-53-1,2025,2025-08-10,0.43,1.74,9.0,FC,R,X,True,field_out,hit_into_play
776800-70-1,2025,2025-08-10,-0.1,2.92,5.0,CU,R,X,True,field_out,hit_into_play
776800-1-3,2025,2025-08-10,-0.82,3.13,1.0,FC,L,X,True,field_out,hit_into_play
776800-1-2,2025,2025-08-10,-0.2,1.33,13.0,SL,L,S,False,,swinging_strike
776800-1-1,2025,2025-08-10,-0.28,3.36,1.0,FC,L,S,False,,called_strike
776810-41-4,2025,2025-08-09,0.21,1.82,8.0,CH,R,S,False,strikeout,swinging_strike
776810-41-3,2025,2025-08-09,0.18,2.93,5.0,FF,R,S,False,,foul
776810-41-2,2025,2025-08-09,0.33,3.39,3.0,FF,R,S,False,,foul
776810-41-1,2025,2025-08-09,-0.31,3.28,1.0,FF,R,S,False,,foul
776810-20-6,2025,2025-08-09,-0.25,3.19,2.0,FF,R,S,False,strikeout,swinging_strike
776810-20-5,2025,2025-08-09,0.22,1.92,8.0,SL,R,S,False,,foul
776810-20-4,2025,2025-08-09,1.29,1.74,14.0,SL,R,B,False,,ball
776810-20-3,2025,2025-08-09,1.13,2.55,14.0,FF,R,B,False,,ball
776810-20-2,2025,2025-08-09,0.58,1.26,14.0,SL,R,S,False,,foul
776810-20-1,2025,2025-08-09,1.25,0.55,14.0,SL,R,B,False,,blocked_ball
776810-53-5,2025,2025-08-09,-1.02,1.26,13.0,FC,L,S,False,strikeout,swinging_strike
776810-53-4,2025,2025-08-09,-1.02,2.65,11.0,ST,L,S,False,,foul
776810-53-3,2025,2025-08-09,0.39,3.1,3.0,SI,L,S,False,,foul
776810-53-2,2025,2025-08-09,0.19,2.44,5.0,FC,L,S,False,,called_strike
776810-53-1,2025,2025-08-09,-0.81,1.67,13.0,SI,L,B,False,,ball
776810-1-1,2025,2025-08-09,-0.94,2.87,11.0,FF,R,X,True,field_out,hit_into_play
776821-32-2,2025,2025-08-08,-0.82,2.9,4.0,SI,R,X,True,double,hit_into_play
776821-32-1,2025,2025-08-08,0.59,2.48,6.0,FC,R,S,False,,swinging_strike
776821-16-5,2025,2025-08-08,0.73,2.2,9.0,SI,R,X,True,field_out,hit_into_play
776821-16-3,2025,2025-08-08,-0.54,3.15,1.0,FF,R,S,False,,foul
776821-16-2,2025,2025-08-08,-0.41,1.19,13.0,SI,R,B,False,,ball
776821-16-1,2025,2025-08-08,0.95,0.91,14.0,CH,R,S,False,,swinging_strike
776821-80-3,2025,2025-08-08,-0.13,3.05,2.0,SL,R,X,True,home_run,hit_into_play
776821-80-2,2025,2025-08-08,-0.11,1.87,8.0,SI,R,S,False,,called_strike
776821-80-1,2025,2025-08-08,-1.3,2.55,13.0,SI,R,B,False,,ball
776821-50-5,2025,2025-08-08,1.12,2.88,12.0,SL,L,B,False,walk,ball
776821-50-4,2025,2025-08-08,1.23,3.19,12.0,CH,L,B,False,,ball
776821-50-3,2025,2025-08-08,0.38,2.45,6.0,CH,L,S,False,,swinging_strike
776821-50-2,2025,2025-08-08,1.42,3.1,12.0,SL,L,B,False,,ball
776821-50-1,2025,2025-08-08,1.71,2.81,12.0,CH,L,B,False,,ball
776821-67-5,2025,2025-08-08,0.72,1.0,14.0,SI,R,B,False,walk,ball
776821-67-4,2025,2025-08-08,-0.82,4.09,11.0,SI,R,B,False,,ball
776821-67-3,2025,2025-08-08,1.29,1.83,14.0,SI,R,B,False,,ball
776821-67-2,2025,2025-08-08,-0.24,1.71,8.0,SL,R,S,False,,called_strike
776821-67-1,2025,2025-08-08,1.15,1.2,14.0,SL,R,B,False,,ball
776821-1-2,2025,2025-08-08,0.45,2.58,6.0,CU,R,X,True,field_out,hit_into_play
776821-1-1,2025,2025-08-08,-0.35,1.91,7.0,SI,R,S,False,,called_strike
776851-41-2,2025,2025-08-06,0.66,1.74,9.0,CH,L,X,True,single,hit_into_play
776851-41-1,2025,2025-08-06,0.16,3.14,2.0,FF,L,S,False,,foul
776851-21-3,2025,2025-08-06,-0.38,2.95,1.0,FF,L,X,True,triple,hit_into_play
776851-21-2,2025,2025-08-06,0.94,1.98,14.0,CH,L,S,False,,foul_tip
776851-21-1,2025,2025-08-06,0.65,2.9,6.0,SL,L,S,False,,called_strike
776851-73-5,2025,2025-08-06,0.2,1.95,8.0,CH,L,X,True,grounded_into_double_play,hit_into_play
776851-73-4,2025,2025-08-06,-0.46,0.62,13.0,SL,L,B,False,,blocked_ball
776851-73-3,2025,2025-08-06,0.12,1.47,14.0,CH,L,S,False,,foul
776851-73-2,2025,2025-08-06,0.79,1.91,9.0,CH,L,S,False,,foul
776851-73-1,2025,2025-08-06,0.44,1.48,14.0,CH,L,S,False,,swinging_strike
776851-4-7,2025,2025-08-06,-1.35,0.83,13.0,CH,L,B,False,walk,blocked_ball
776851-4-6,2025,2025-08-06,0.96,3.02,12.0,FF,L,S,False,,foul
776851-4-5,2025,2025-08-06,0.3,2.52,6.0,FF,L,S,False,,foul
776851-4-4,2025,2025-08-06,0.98,1.94,14.0,CH,L,B,False,,ball
776851-4-3,2025,2025-08-06,0.26,1.67,8.0,CH,L,S,False,,called_strike
776851-57-3,2025,2025-08-06,-0.29,2.08,7.0,FC,L,X,True,double,hit_into_play
776851-57-2,2025,2025-08-06,1.23,2.4,14.0,CH,L,B,False,,ball
776851-4-2,2025,2025-08-06,0.3,3.42,3.0,FF,L,B,False,,ball
776851-57-1,2025,2025-08-06,1.02,1.63,14.0,CH,L,S,False,,swinging_strike
776851-4-1,2025,2025-08-06,1.33,2.48,14.0,FF,L,B,False,,ball
776868-34-4,2025,2025-08-05,0.2,2.25,8.0,FS,R,X,True,field_out,hit_into_play
776868-34-3,2025,2025-08-05,0.91,0.79,14.0,FC,R,B,False,,blocked_ball
776868-34-2,2025,2025-08-05,0.38,1.54,14.0,FS,R,S,False,,swinging_strike
776868-34-1,2025,2025-08-05,-1.09,2.3,13.0,SI,R,S,False,,foul
776868-18-4,2025,2025-08-05,-0.41,2.07,7.0,FS,R,X,True,single,hit_into_play
776868-18-3,2025,2025-08-05,0.26,3.83,12.0,FC,R,S,False,,swinging_strike
776868-18-2,2025,2025-08-05,0.58,1.08,14.0,FC,R,B,False,,ball
776868-18-1,2025,2025-08-05,-0.4,3.0,1.0,SI,R,S,False,,foul
776868-54-6,2025,2025-08-05,0.62,2.49,6.0,CU,L,S,False,strikeout,called_strike
776868-54-5,2025,2025-08-05,-0.98,1.15,13.0,SL,L,B,False,,ball
776868-54-4,2025,2025-08-05,1.51,2.99,12.0,SI,L,S,False,,foul
776868-54-3,2025,2025-08-05,-0.7,3.77,11.0,FF,L,B,False,,ball
776868-54-2,2025,2025-08-05,0.59,3.44,3.0,SI,L,S,False,,swinging_strike
776868-54-1,2025,2025-08-05,0.15,3.04,2.0,CU,L,S,False,,called_strike
776868-5-3,2025,2025-08-05,0.32,1.94,9.0,CU,R,X,True,field_out,hit_into_play
776868-5-2,2025,2025-08-05,0.46,2.15,9.0,FC,R,S,False,,foul
776868-5-1,2025,2025-08-05,0.95,2.0,14.0,FF,R,S,False,,called_strike
776877-39-1,2025,2025-08-04,0.12,1.91,8.0,FF,L,X,True,field_out,hit_into_play
776877-24-7,2025,2025-08-04,-0.13,2.49,5.0,FF,L,X,True,field_out,hit_into_play
776877-24-6,2025,2025-08-04,1.84,4.84,12.0,CH,L,B,False,,ball
776877-24-5,2025,2025-08-04,0.68,4.12,12.0,FF,L,B,False,,ball
776877-24-4,2025,2025-08-04,-0.72,1.17,13.0,CH,L,S,False,,foul
776877-24-3,2025,2025-08-04,1.81,2.41,14.0,FF,L,B,False,,ball
776877-24-2,2025,2025-08-04,0.04,1.35,14.0,CU,L,S,False,,foul_tip
776877-24-1,2025,2025-08-04,-0.53,1.11,13.0,CH,L,S,False,,swinging_strike
776877-51-6,2025,2025-08-04,-0.29,5.21,11.0,SL,R,B,False,walk,ball
776877-51-5,2025,2025-08-04,-0.41,0.52,13.0,CU,R,B,False,,blocked_ball
776877-51-4,2025,2025-08-04,0.7,3.37,3.0,FF,R,B,False,,ball
776877-51-3,2025,2025-08-04,1.12,2.45,14.0,SL,R,B,False,,ball
776877-51-2,2025,2025-08-04,-0.69,3.7,11.0,SL,R,S,False,,swinging_strike
776877-51-1,2025,2025-08-04,0.4,2.35,6.0,SL,R,S,False,,called_strike
776877-66-2,2025,2025-08-04,0.05,1.82,8.0,ST,R,X,True,field_out,hit_into_play
776877-66-1,2025,2025-08-04,0.77,2.92,3.0,FF,R,S,False,,called_strike
776877-4-2,2025,2025-08-04,-0.18,2.19,8.0,CH,L,X,True,field_out,hit_into_play
776877-4-1,2025,2025-08-04,0.94,2.41,14.0,FF,L,S,False,,called_strike
776890-39-2,2025,2025-08-03,0.38,2.32,6.0,CU,R,X,True,field_out,hit_into_play
776890-39-1,2025,2025-08-03,0.28,3.48,3.0,SI,R,B,False,,ball
776890-20-3,2025,2025-08-03,-0.2,1.77,8.0,CU,R,S,False,strikeout,called_strike
776890-20-2,2025,2025-08-03,1.66,1.77,14.0,CU,R,S,False,,swinging_strike
776890-20-1,2025,2025-08-03,-0.57,2.81,4.0,SI,R,S,False,,foul
776890-57-6,2025,2025-08-03,-1.29,2.82,11.0,FC,L,S,False,strikeout,foul_tip
776890-57-5,2025,2025-08-03,0.11,3.67,12.0,FF,L,S,False,,foul
776890-57-4,2025,2025-08-03,0.89,1.6,14.0,CH,L,S,False,,swinging_strike
776890-57-3,2025,2025-08-03,0.11,2.75,5.0,FC,L,S,False,,foul
776890-57-2,2025,2025-08-03,1.08,2.16,14.0,CH,L,B,False,,ball
776890-57-1,2025,2025-08-03,-0.09,1.41,13.0,CH,L,B,False,,ball
776890-4-2,2025,2025-08-03,-0.19,1.31,13.0,SI,R,X,True,field_out,hit_into_play
776890-4-1,2025,2025-08-03,1.09,2.3,14.0,FF,R,B,False,,ball
776912-45-1,2025,2025-08-02,-0.43,1.85,7.0,SL,L,X,True,field_out,hit_into_play
776912-23-1,2025,2025-08-02,-0.33,2.96,1.0,SI,L,X,True,field_out,hit_into_play
776912-66-5,2025,2025-08-02,-0.71,1.3,13.0,SI,R,S,False,strikeout,swinging_strike
776912-66-4,2025,2025-08-02,1.83,1.68,14.0,SL,R,B,False,,ball
776912-5-5,2025,2025-08-02,0.13,2.71,5.0,FF,L,S,False,strikeout,swinging_strike
776912-66-3,2025,2025-08-02,1.06,1.05,14.0,SL,R,B,False,,ball
776912-5-4,2025,2025-08-02,-0.68,2.67,4.0,SI,L,S,False,,foul
776912-66-2,2025,2025-08-02,-0.82,3.27,1.0,SI,R,S,False,,foul
776912-5-3,2025,2025-08-02,-0.36,4.28,11.0,FF,L,B,False,,ball
776912-66-1,2025,2025-08-02,-0.4,1.75,7.0,SI,R,S,False,,called_strike
776912-5-2,2025,2025-08-02,-0.17,1.53,13.0,CH,L,S,False,,foul
776912-5-1,2025,2025-08-02,0.43,2.59,6.0,FF,L,S,False,,called_strike
776913-38-2,2025,2025-08-01,-0.02,2.75,5.0,FF,R,X,True,field_out,hit_into_play
776913-38-1,2025,2025-08-01,1.1,1.99,14.0,FF,R,B,False,,ball
776913-22-1,2025,2025-08-01,-0.29,2.42,4.0,KC,R,X,True,force_out,hit_into_play
776913-66-4,2025,2025-08-01,-0.7,1.05,13.0,ST,L,S,False,strikeout,swinging_strike
776913-66-3,2025,2025-08-01,-0.35,1.69,7.0,SI,L,S,False,,called_strike
776913-66-2,2025,2025-08-01,1.42,2.12,14.0,SI,L,B,False,,ball
776913-66-1,2025,2025-08-01,-1.04,1.14,13.0,ST,L,S,False,,swinging_strike
776913-4-5,2025,2025-08-01,0.18,2.1,8.0,SL,R,X,True,field_out,hit_into_play
776913-4-4,2025,2025-08-01,0.75,1.87,9.0,FF,R,S,False,,foul
776913-4-3,2025,2025-08-01,0.98,1.59,14.0,KC,R,B,False,,ball
776913-4-2,2025,2025-08-01,0.76,1.7,9.0,FF,R,S,False,,swinging_strike
776913-53-2,2025,2025-08-01,0.73,2.44,6.0,FF,R,X,True,single,hit_into_play
776913-53-1,2025,2025-08-01,-0.67,1.47,13.0,SI,R,S,False,,called_strike
776913-4-1,2025,2025-08-01,1.56,0.53,14.0,FF,R,B,False,,ball
776939-64-2,2025,2025-07-30,-0.19,2.4,5.0,CU,R,X,True,field_out,hit_into_play
776939-64-1,2025,2025-07-30,0.13,3.48,2.0,SI,R,S,False,,swinging_strike
776939-19-2,2025,2025-07-30,0.41,3.42,3.0,SI,L,X,True,field_out,hit_into_play
776939-19-1,2025,2025-07-30,1.24,2.75,12.0,SI,L,B,False,,ball
776939-36-5,2025,2025-07-30,-0.23,2.91,5.0,FF,R,X,True,field_out,hit_into_play
776939-36-4,2025,2025-07-30,1.26,1.38,14.0,SI,R,B,False,,ball
776939-36-3,2025,2025-07-30,1.59,-0.03,14.0,FC,R,B,False,,ball
776939-36-2,2025,2025-07-30,0.03,2.99,2.0,ST,R,S,False,,foul
776939-36-1,2025,2025-07-30,0.09,2.47,5.0,CU,R,S,False,,called_strike
776939-1-4,2025,2025-07-30,0.27,3.02,2.0,CH,L,X,True,field_out,hit_into_play
776939-1-3,2025,2025-07-30,0.31,3.18,3.0,SI,L,S,False,,foul
776939-1-2,2025,2025-07-30,1.08,3.47,12.0,FC,L,B,False,,ball
776939-1-1,2025,2025-07-30,1.02,3.78,12.0,SI,L,B,False,,ball
776952-31-5,2025,2025-07-29,-0.09,1.54,13.0,CH,R,X,True,single,hit_into_play
776952-31-4,2025,2025-07-29,1.92,1.94,14.0,SI,R,B,False,,ball
776952-31-3,2025,2025-07-29,1.53,1.8,14.0,ST,R,B,False,,ball
776952-31-2,2025,2025-07-29,-1.05,2.79,11.0,SI,R,S,False,,foul
776952-31-1,2025,2025-07-29,-0.36,2.03,7.0,CH,R,S,False,,foul
776952-19-6,2025,2025-07-29,-0.38,2.94,1.0,ST,R,X,True,double,hit_into_play
776952-19-5,2025,2025-07-29,0.37,3.78,12.0,FF,R,S,False,,foul
776952-19-4,2025,2025-07-29,-0.43,1.79,7.0,CH,R,S,False,,foul
776952-19-3,2025,2025-07-29,2.44,1.38,14.0,ST,R,B,False,,ball
776952-19-2,2025,2025-07-29,0.89,2.01,14.0,ST,R,S,False,,swinging_strike
776952-19-1,2025,2025-07-29,0.77,1.85,9.0,FC,R,S,False,,called_strike
776952-66-4,2025,2025-07-29,0.33,2.97,3.0,SI,R,S,False,strikeout,called_strike
776952-66-3,2025,2025-07-29,0.86,1.84,14.0,SL,R,S,False,,foul
776952-66-2,2025,2025-07-29,0.18,2.1,8.0,SL,R,S,False,,called_strike
776952-66-1,2025,2025-07-29,1.08,1.94,14.0,SL,R,B,False,,ball
776952-51-1,2025,2025-07-29,0.13,1.94,8.0,SI,L,X,True,field_out,hit_into_play
776952-1-1,2025,2025-07-29,0.11,2.15,8.0,SI,R,X,True,field_out,hit_into_play
776972-36-1,2025,2025-07-28,-0.47,2.39,4.0,SI,R,X,True,grounded_into_double_play,hit_into_play
776972-16-5,2025,2025-07-28,0.68,2.05,9.0,CH,R,S,False,strikeout,swinging_strike
776972-16-4,2025,2025-07-28,0.39,2.37,6.0,FF,R,S,False,,foul
776972-16-3,2025,2025-07-28,0.5,1.1,14.0,FC,R,B,False,,ball
776972-16-2,2025,2025-07-28,0.4,1.05,14.0,CH,R,S,False,,foul
776972-16-1,2025,2025-07-28,0.18,2.31,5.0,FC,R,S,False,,swinging_strike
776972-52-2,2025,2025-07-28,0.72,2.96,3.0,FF,R,X,True,field_out,hit_into_play
776972-52-1,2025,2025-07-28,0.02,1.23,14.0,SL,R,B,False,,ball
776972-1-5,2025,2025-07-28,0.44,2.54,6.0,FF,R,S,False,strikeout,called_strike
776972-1-4,2025,2025-07-28,0.18,1.03,14.0,FC,R,B,False,,ball
776972-1-3,2025,2025-07-28,-1.44,3.58,11.0,FF,R,S,False,,swinging_strike
776972-1-2,2025,2025-07-28,-0.33,3.02,1.0,FC,R,S,False,,called_strike
776972-1-1,2025,2025-07-28,-0.91,3.49,11.0,FF,R,B,False,,ball
776988-38-3,2025,2025-07-27,0.57,1.72,9.0,CH,L,X,True,field_out,hit_into_play
776988-38-2,2025,2025-07-27,-0.02,2.64,5.0,FF,L,S,False,,foul
776988-38-1,2025,2025-07-27,-0.27,0.75,13.0,CH,L,B,False,,blocked_ball
776988-21-3,2025,2025-07-27,0.06,2.24,8.0,FF,L,X,True,field_out,hit_into_play
776988-21-2,2025,2025-07-27,0.62,1.28,14.0,CH,L,B,False,,ball
776988-21-1,2025,2025-07-27,1.22,2.49,14.0,SL,L,B,False,,ball
776988-1-3,2025,2025-07-27,-0.83,1.02,13.0,SL,L,S,False,strikeout,swinging_strike_blocked
776988-1-2,2025,2025-07-27,-0.03,3.17,2.0,FF,L,S,False,,foul_tip
776988-59-2,2025,2025-07-27,0.09,1.83,8.0,SI,L,X,True,field_out,hit_into_play
776988-59-1,2025,2025-07-27,-0.08,1.39,13.0,SI,L,S,False,,called_strike
776988-1-1,2025,2025-07-27,0.81,2.69,6.0,FF,L,S,False,,foul
777001-32-4,2025,2025-07-26,1.19,2.2,14.0,SV,R,X,True,force_out,hit_into_play
777001-32-3,2025,2025-07-26,-0.67,2.87,4.0,SI,R,S,False,,foul
777001-32-2,2025,2025-07-26,-1.02,1.4,13.0,SI,R,B,False,,ball
777001-32-1,2025,2025-07-26,-0.35,3.32,1.0,FC,R,S,False,,foul
777001-84-3,2025,2025-07-26,-1.17,2.98,11.0,SI,R,X,True,field_out,hit_into_play
777001-84-2,2025,2025-07-26,1.14,2.64,12.0,CH,R,B,False,,ball
777001-84-1,2025,2025-07-26,1.32,2.07,14.0,SL,R,S,False,,swinging_strike
777001-19-8,2025,2025-07-26,-0.95,2.45,13.0,SI,R,S,False,strikeout,swinging_strike
777001-19-7,2025,2025-07-26,0.14,1.33,14.0,SI,R,S,False,,foul
777001-19-6,2025,2025-07-26,1.09,1.39,14.0,SL,R,B,False,,ball
777001-19-5,2025,2025-07-26,1.1,2.21,14.0,FC,R,S,False,,foul
777001-19-4,2025,2025-07-26,-0.05,2.56,5.0,SI,R,S,False,,foul
777001-19-3,2025,2025-07-26,0.05,1.62,8.0,SI,R,S,False,,called_strike
777001-19-2,2025,2025-07-26,1.72,1.94,14.0,SV,R,B,False,,ball
777001-19-1,2025,2025-07-26,1.65,1.96,14.0,FC,R,B,False,,ball
777001-50-2,2025,2025-07-26,0.4,2.46,6.0,SI,R,X,True,double,hit_into_play
777001-50-1,2025,2025-07-26,1.17,3.14,12.0,SL,R,B,False,,ball
777001-64-5,2025,2025-07-26,-0.54,2.34,4.0,CH,R,X,True,fielders_choice,hit_into_play
777001-64-4,2025,2025-07-26,1.59,3.03,12.0,SI,R,B,False,,ball
777001-64-3,2025,2025-07-26,1.11,1.77,14.0,SL,R,S,False,,foul
777001-64-2,2025,2025-07-26,0.55,1.56,14.0,CH,R,S,False,,foul
777001-64-1,2025,2025-07-26,-0.21,2.51,5.0,CH,R,S,False,,swinging_strike
777001-1-7,2025,2025-07-26,0.18,1.94,8.0,SV,R,X,True,double,hit_into_play
777001-1-6,2025,2025-07-26,-0.91,1.82,13.0,SI,R,B,False,,ball
777001-1-5,2025,2025-07-26,0.49,3.16,3.0,FC,R,S,False,,foul
777001-1-4,2025,2025-07-26,2.15,2.61,12.0,SV,R,B,False,,ball
777001-1-3,2025,2025-07-26,1.91,1.93,14.0,SL,R,B,False,,ball
777001-1-2,2025,2025-07-26,0.93,3.22,12.0,FC,R,S,False,,swinging_strike
777001-1-1,2025,2025-07-26,0.6,2.08,9.0,SI,R,S,False,,swinging_strike
777015-35-3,2025,2025-07-25,0.36,2.95,3.0,FF,R,X,True,single,hit_into_play
777015-35-2,2025,2025-07-25,0.66,2.43,6.0,FF,R,S,False,,swinging_strike
777015-35-1,2025,2025-07-25,0.65,2.05,9.0,SI,R,S,False,,called_strike
777015-18-2,2025,2025-07-25,0.07,2.1,8.0,ST,R,X,True,single,hit_into_play
777015-18-1,2025,2025-07-25,-0.19,2.79,5.0,FF,R,S,False,,called_strike
777015-80-3,2025,2025-07-25,0.41,2.98,3.0,SI,R,X,True,triple,hit_into_play
777015-80-2,2025,2025-07-25,0.87,2.69,12.0,ST,R,B,False,,ball
777015-80-1,2025,2025-07-25,-1.37,2.31,13.0,ST,R,B,False,,ball
777015-67-6,2025,2025-07-25,-1.67,1.62,13.0,SI,R,B,False,walk,ball
777015-53-5,2025,2025-07-25,1.02,2.19,14.0,SI,L,X,True,single,hit_into_play
777015-67-5,2025,2025-07-25,2.54,-0.8,14.0,SL,R,B,False,,ball
777015-53-4,2025,2025-07-25,0.91,2.0,14.0,SI,L,S,False,,called_strike
777015-67-4,2025,2025-07-25,-0.51,0.99,13.0,SL,R,B,False,,ball
777015-53-3,2025,2025-07-25,1.49,3.01,12.0,SI,L,B,False,,ball
777015-67-3,2025,2025-07-25,0.81,1.23,14.0,SL,R,S,False,,swinging_strike
777015-53-2,2025,2025-07-25,1.41,1.94,14.0,SI,L,B,False,,ball
777015-67-2,2025,2025-07-25,0.53,0.9,14.0,SL,R,S,False,,swinging_strike
777015-53-1,2025,2025-07-25,0.93,1.3,14.0,SI,L,B,False,,ball
777015-67-1,2025,2025-07-25,-0.83,1.39,13.0,SL,R,B,False,,ball
777015-1-3,2025,2025-07-25,1.24,1.11,14.0,ST,R,S,False,strikeout,swinging_strike
777015-1-2,2025,2025-07-25,1.04,1.05,14.0,ST,R,S,False,,swinging_strike
777015-1-1,2025,2025-07-25,-0.48,2.14,7.0,SI,R,S,False,,called_strike
777038-32-1,2025,2025-07-23,0.51,2.3,6.0,FF,R,X,True,field_out,hit_into_play
777038-16-5,2025,2025-07-23,-0.67,3.75,11.0,SL,R,S,False,strikeout,swinging_strike
777038-16-4,2025,2025-07-23,0.8,-0.13,14.0,CU,R,B,False,,blocked_ball
777038-16-3,2025,2025-07-23,-0.04,1.81,8.0,SL,R,S,False,,foul
777038-16-2,2025,2025-07-23,0.09,1.58,8.0,CH,R,S,False,,called_strike
777038-16-1,2025,2025-07-23,0.47,0.17,14.0,SL,R,B,False,,blocked_ball
777038-58-8,2025,2025-07-23,0.63,1.84,9.0,SI,R,X,True,double,hit_into_play
777038-58-7,2025,2025-07-23,-0.89,3.44,11.0,SI,R,S,False,,foul
777038-58-6,2025,2025-07-23,0.89,2.45,14.0,SI,R,B,False,,ball
777038-58-5,2025,2025-07-23,-0.42,2.67,4.0,SI,R,S,False,,foul
777038-58-4,2025,2025-07-23,0.92,2.94,12.0,SI,R,B,False,,ball
777038-58-3,2025,2025-07-23,1.85,0.32,14.0,SL,R,B,False,,ball
777038-58-2,2025,2025-07-23,-0.28,3.07,1.0,SI,R,S,False,,foul
777038-58-1,2025,2025-07-23,0.21,2.68,5.0,SI,R,S,False,,called_strike
777038-4-1,2025,2025-07-23,-0.1,2.87,5.0,FF,R,X,True,single,hit_into_play
777038-79-1,2025,2025-07-23,0.16,2.75,5.0,FF,R,X,True,field_out,hit_into_play
777045-16-3,2025,2025-07-22,0.42,2.39,6.0,FF,R,X,True,field_out,hit_into_play
777045-16-2,2025,2025-07-22,0.5,0.97,14.0,SL,R,B,False,,ball
777045-16-1,2025,2025-07-22,-1.21,2.22,13.0,SI,R,B,False,,ball
777045-48-8,2025,2025-07-22,0.63,3.48,3.0,FF,L,S,False,strikeout,swinging_strike
777045-48-7,2025,2025-07-22,-0.49,2.07,7.0,CU,L,S,False,,foul
777045-48-6,2025,2025-07-22,-1.1,2.31,13.0,CU,L,S,False,,foul
777045-48-5,2025,2025-07-22,-1.24,1.21,13.0,CU,L,S,False,,foul
777045-48-4,2025,2025-07-22,-0.93,0.19,13.0,CU,L,B,False,,blocked_ball
777045-48-3,2025,2025-07-22,-0.61,1.69,7.0,CU,L,S,False,,swinging_strike
777045-48-2,2025,2025-07-22,1.33,3.76,12.0,FF,L,B,False,,ball
777045-48-1,2025,2025-07-22,-0.9,1.17,13.0,CU,L,S,False,,swinging_strike
777045-33-1,2025,2025-07-22,0.04,2.9,2.0,SI,L,X,True,single,hit_into_play
777045-4-3,2025,2025-07-22,-0.64,2.41,4.0,SI,R,X,True,single,hit_into_play
777045-4-2,2025,2025-07-22,1.68,0.6,14.0,SL,R,B,False,,ball
777045-4-1,2025,2025-07-22,0.02,2.61,5.0,FF,R,S,False,,called_strike
777063-38-5,2025,2025-07-21,-1.18,1.31,13.0,SI,R,B,False,walk,ball
777063-38-4,2025,2025-07-21,1.2,1.57,14.0,SL,R,B,False,,ball
777063-38-3,2025,2025-07-21,0.25,0.71,14.0,KC,R,B,False,,ball
777063-38-2,2025,2025-07-21,0.83,1.51,14.0,SL,R,S,False,,called_strike
777063-38-1,2025,2025-07-21,1.24,1.83,14.0,SI,R,B,False,,ball
777063-22-1,2025,2025-07-21,0.58,2.67,6.0,SL,R,X,True,grounded_into_double_play,hit_into_play
777063-61-9,2025,2025-07-21,-0.59,2.98,1.0,FF,L,X,True,field_out,hit_into_play
777063-61-8,2025,2025-07-21,-0.79,2.42,4.0,SL,L,S,False,,foul
777063-61-7,2025,2025-07-21,0.38,2.74,6.0,SI,L,S,False,,foul
777063-61-6,2025,2025-07-21,-0.2,1.09,13.0,SL,L,S,False,,foul
777063-61-5,2025,2025-07-21,-0.98,1.75,13.0,SI,L,B,False,,ball
777063-61-4,2025,2025-07-21,-0.5,1.82,7.0,FS,L,S,False,,foul
777063-61-3,2025,2025-07-21,-0.43,0.58,13.0,FS,L,B,False,,blocked_ball
777063-61-2,2025,2025-07-21,-0.04,3.21,2.0,SI,L,S,False,,foul
777063-61-1,2025,2025-07-21,-0.04,2.69,5.0,FF,L,S,False,,foul
777063-5-2,2025,2025-07-21,1.15,2.6,12.0,SL,R,X,True,field_out,hit_into_play
777063-5-1,2025,2025-07-21,0.79,2.11,9.0,FF,R,S,False,,called_strike
777078-69-1,2025,2025-07-20,-0.5,2.25,4.0,KC,R,X,True,grounded_into_double_play,hit_into_play
777078-47-1,2025,2025-07-20,-0.35,2.41,4.0,SI,R,X,True,single,hit_into_play
777078-24-4,2025,2025-07-20,-0.09,3.0,2.0,SI,R,X,True,field_out,hit_into_play
777078-24-3,2025,2025-07-20,2.5,-0.59,14.0,KC,R,B,False,,ball
777078-24-2,2025,2025-07-20,0.09,2.77,5.0,SL,R,S,False,,foul
777078-24-1,2025,2025-07-20,0.32,1.99,9.0,KC,R,S,False,,swinging_strike
777078-6-3,2025,2025-07-20,0.79,0.91,14.0,KC,R,S,False,strikeout,swinging_strike
777078-6-2,2025,2025-07-20,-0.25,1.75,8.0,SI,R,S,False,,foul
777078-6-1,2025,2025-07-20,-0.53,2.85,4.0,SI,R,S,False,,called_strike
777089-42-9,2025,2025-07-19,0.41,2.19,9.0,SL,L,X,True,single,hit_into_play
777089-42-8,2025,2025-07-19,-1.25,2.14,13.0,FF,L,B,False,,ball
777089-42-7,2025,2025-07-19,-0.73,-0.58,13.0,SL,L,B,False,,ball
777089-42-6,2025,2025-07-19,0.99,2.83,12.0,CH,L,S,False,,foul
777089-42-5,2025,2025-07-19,-0.55,1.63,7.0,CU,L,S,False,,foul
777089-42-4,2025,2025-07-19,-0.49,1.09,13.0,CU,L,B,False,,ball
777089-42-3,2025,2025-07-19,0.63,2.76,6.0,FF,L,S,False,,foul
777089-42-2,2025,2025-07-19,0.2,2.63,5.0,FF,L,S,False,,foul
777089-42-1,2025,2025-07-19,0.42,2.27,6.0,SL,L,S,False,,called_strike
777089-21-1,2025,2025-07-19,-0.24,1.84,8.0,SL,L,X,True,field_out,hit_into_play
777089-72-2,2025,2025-07-19,0.16,2.0,8.0,CH,R,X,True,field_out,hit_into_play
777089-55-6,2025,2025-07-19,1.07,1.33,14.0,FF,R,B,False,walk,ball
777089-55-5,2025,2025-07-19,-0.95,3.62,11.0,FF,R,S,False,,swinging_strike
777089-5-6,2025,2025-07-19,1.1,2.46,14.0,SL,L,B,False,walk,ball
777089-72-1,2025,2025-07-19,1.94,0.48,14.0,SL,R,B,False,,ball
777089-5-5,2025,2025-07-19,-0.96,0.85,13.0,SL,L,B,False,,ball
777089-55-4,2025,2025-07-19,-0.06,2.49,5.0,FF,R,S,False,,called_strike
777089-5-4,2025,2025-07-19,-0.87,2.07,13.0,FF,L,B,False,,ball
777089-55-3,2025,2025-07-19,0.87,3.34,12.0,FF,R,B,False,,ball
777089-5-3,2025,2025-07-19,-1.61,1.01,13.0,SL,L,B,False,,ball
777089-55-2,2025,2025-07-19,0.29,3.64,12.0,FF,R,B,False,,ball
777089-5-2,2025,2025-07-19,-0.89,0.93,13.0,SL,L,S,False,,swinging_strike
777089-55-1,2025,2025-07-19,0.09,0.61,14.0,SL,R,B,False,,blocked_ball
777089-5-1,2025,2025-07-19,0.0,1.75,8.0,SL,L,S,False,,foul
777106-35-3,2025,2025-07-18,1.16,2.41,14.0,CH,L,X,True,field_out,hit_into_play
777106-35-2,2025,2025-07-18,-0.04,3.52,2.0,SL,L,S,False,,foul
777106-35-1,2025,2025-07-18,-0.68,1.44,13.0,SL,L,S,False,,foul
777106-21-2,2025,2025-07-18,-0.14,2.88,5.0,SL,L,X,True,single,hit_into_play
777106-21-1,2025,2025-07-18,-0.1,3.01,2.0,SL,L,S,False,,called_strike
777106-60-4,2025,2025-07-18,-0.38,3.05,1.0,CU,L,X,True,field_out,hit_into_play
777106-60-3,2025,2025-07-18,0.3,1.96,9.0,SL,L,S,False,,called_strike
777106-60-2,2025,2025-07-18,-1.91,1.36,13.0,FF,L,B,False,,ball
777106-4-8,2025,2025-07-18,-0.55,2.06,7.0,FF,R,S,False,strikeout,called_strike
777106-4-7,2025,2025-07-18,0.93,2.38,14.0,ST,R,S,False,,foul
777106-60-1,2025,2025-07-18,-1.61,2.72,11.0,FF,L,B,False,,ball
777106-4-6,2025,2025-07-18,0.93,1.39,14.0,ST,R,B,False,,ball
777106-4-5,2025,2025-07-18,1.8,1.75,14.0,FF,R,B,False,,ball
777106-4-4,2025,2025-07-18,-0.19,2.03,8.0,ST,R,S,False,,foul
777106-4-3,2025,2025-07-18,0.73,2.71,6.0,SL,R,S,False,,called_strike
777106-4-2,2025,2025-07-18,2.81,0.65,14.0,SL,R,B,False,,ball
777106-4-1,2025,2025-07-18,0.54,1.67,9.0,FC,R,S,False,,called_strike
777117-36-7,2025,2025-07-13,0.62,0.83,14.0,CU,R,B,False,walk,blocked_ball
777117-36-6,2025,2025-07-13,-0.11,2.55,5.0,SI,R,S,False,,foul
777117-36-5,2025,2025-07-13,2.13,-0.07,14.0,ST,R,B,False,,ball
777117-36-4,2025,2025-07-13,0.78,1.96,9.0,FC,R,S,False,,called_strike
777117-36-3,2025,2025-07-13,0.33,0.67,14.0,CU,R,B,False,,ball
777117-36-2,2025,2025-07-13,0.18,2.18,8.0,SI,R,S,False,,called_strike
777117-36-1,2025,2025-07-13,1.11,2.45,14.0,CU,R,B,False,,ball
777117-20-5,2025,2025-07-13,0.91,3.13,12.0,CU,R,S,False,strikeout,called_strike
777117-20-4,2025,2025-07-13,-0.99,3.18,11.0,FF,R,S,False,,foul
777117-20-3,2025,2025-07-13,0.59,2.79,6.0,ST,R,S,False,,foul
777117-20-2,2025,2025-07-13,0.83,3.12,3.0,ST,R,S,False,,swinging_strike
777117-20-1,2025,2025-07-13,0.68,2.85,6.0,ST,R,S,False,,called_strike
777117-2-4,2025,2025-07-13,0.54,1.82,9.0,ST,R,S,False,strikeout,swinging_strike
777117-58-1,2025,2025-07-13,0.32,3.43,3.0,SI,L,X,True,field_out,hit_into_play
777117-2-3,2025,2025-07-13,0.26,2.59,5.0,FC,R,S,False,,foul
777117-2-2,2025,2025-07-13,-0.24,3.7,11.0,FF,R,S,False,,foul
777117-2-1,2025,2025-07-13,1.15,1.57,14.0,FF,R,B,False,,ball
777126-38-4,2025,2025-07-12,-0.18,2.2,8.0,SL,R,X,True,field_out,hit_into_play
777126-38-3,2025,2025-07-12,-0.39,3.58,1.0,SI,R,S,False,,swinging_strike
777126-38-2,2025,2025-07-12,-0.2,1.14,13.0,SI,R,B,False,,ball
777126-38-1,2025,2025-07-12,0.99,2.72,12.0,CU,R,B,False,,ball
777126-20-5,2025,2025-07-12,-0.37,2.89,4.0,SI,R,S,False,strikeout,swinging_strike
777126-20-4,2025,2025-07-12,2.42,1.64,14.0,SL,R,B,False,,ball
777126-20-3,2025,2025-07-12,0.34,2.51,6.0,CU,R,S,False,,called_strike
777126-20-2,2025,2025-07-12,0.52,0.35,14.0,CU,R,B,False,,ball
777126-20-1,2025,2025-07-12,0.43,1.82,9.0,SI,R,S,False,,called_strike
777126-1-6,2025,2025-07-12,-0.92,3.04,11.0,SI,R,X,True,field_out,hit_into_play
777126-71-5,2025,2025-07-12,0.23,3.3,2.0,FS,R,S,False,strikeout,swinging_strike
777126-1-5,2025,2025-07-12,0.27,2.77,5.0,SL,R,S,False,,foul
777126-71-4,2025,2025-07-12,-0.52,3.4,1.0,FF,R,S,False,,foul
777126-1-4,2025,2025-07-12,0.08,1.68,8.0,SL,R,B,False,,ball
777126-1-3,2025,2025-07-12,-0.35,2.1,7.0,CU,R,S,False,,swinging_strike
777126-54-2,2025,2025-07-12,-0.55,2.43,4.0,SI,L,X,True,double,hit_into_play
777126-71-3,2025,2025-07-12,0.23,2.27,8.0,FF,R,S,False,,called_strike
777126-54-1,2025,2025-07-12,-0.54,4.17,11.0,SI,L,B,False,,ball
777126-71-2,2025,2025-07-12,1.48,2.13,14.0,FF,R,B,False,,ball
777126-1-2,2025,2025-07-12,-0.06,2.07,8.0,SI,R,S,False,,foul
777126-1-1,2025,2025-07-12,0.26,1.7,8.0,FF,R,B,False,,ball
777126-71-1,2025,2025-07-12,1.11,1.92,14.0,FF,R,B,False,,ball
777139-37-6,2025,2025-07-11,0.87,1.68,14.0,FF,R,B,False,walk,ball
777139-37-5,2025,2025-07-11,0.58,0.48,14.0,SL,R,B,False,,blocked_ball
777139-37-4,2025,2025-07-11,1.72,1.68,14.0,SL,R,B,False,,ball
777139-37-3,2025,2025-07-11,0.9,1.94,14.0,SL,R,S,False,,swinging_strike
777139-37-2,2025,2025-07-11,1.0,1.24,14.0,SL,R,S,False,,swinging_strike
777139-37-1,2025,2025-07-11,1.18,1.31,14.0,SL,R,B,False,,ball
777139-21-3,2025,2025-07-11,-0.25,3.23,2.0,SI,R,X,True,field_out,hit_into_play
777139-21-2,2025,2025-07-11,0.32,2.69,6.0,FF,R,S,False,,called_strike
777139-21-1,2025,2025-07-11,0.54,1.37,14.0,ST,R,B,False,,ball
777139-57-7,2025,2025-07-11,0.51,1.53,14.0,CH,R,B,False,walk,ball
777139-57-6,2025,2025-07-11,0.46,1.38,14.0,SL,R,S,False,,foul
777139-57-5,2025,2025-07-11,0.86,0.82,14.0,SL,R,B,False,,ball
777139-57-4,2025,2025-07-11,0.82,3.75,12.0,FF,R,B,False,,ball
777139-57-3,2025,2025-07-11,1.15,1.55,14.0,SL,R,S,False,,swinging_strike
777139-57-2,2025,2025-07-11,0.26,2.92,2.0,SL,R,S,False,,called_strike
777139-1-2,2025,2025-07-11,0.52,1.99,9.0,SL,R,X,True,field_out,hit_into_play
777139-57-1,2025,2025-07-11,-0.64,4.11,11.0,ST,R,B,False,,ball
777139-1-1,2025,2025-07-11,0.53,2.91,6.0,FF,R,S,False,,swinging_strike
777163-34-5,2025,2025-07-09,0.29,2.71,6.0,ST,R,X,True,force_out,hit_into_play
777163-34-4,2025,2025-07-09,0.33,3.28,3.0,CU,R,S,False,,called_strike
777163-34-3,2025,2025-07-09,0.02,0.92,14.0,FF,R,B,False,,ball
777163-34-2,2025,2025-07-09,-1.97,2.96,11.0,CH,R,B,False,,ball
777163-34-1,2025,2025-07-09,0.37,3.24,3.0,FF,R,S,False,,swinging_strike
777163-18-6,2025,2025-07-09,0.98,2.85,12.0,ST,R,S,False,strikeout,swinging_strike
777163-18-5,2025,2025-07-09,1.68,0.82,14.0,ST,R,B,False,,ball
777163-18-4,2025,2025-07-09,-0.74,2.01,7.0,CU,R,S,False,,foul
777163-18-3,2025,2025-07-09,-1.1,2.68,11.0,CH,R,S,False,,foul
777163-18-2,2025,2025-07-09,0.63,2.54,6.0,CH,R,S,False,,called_strike
777163-18-1,2025,2025-07-09,0.32,1.39,14.0,CU,R,B,False,,ball
777163-49-6,2025,2025-07-09,0.55,3.75,12.0,SI,L,S,False,strikeout,swinging_strike
777163-49-5,2025,2025-07-09,1.59,3.41,12.0,CU,L,B,False,,ball
777163-49-4,2025,2025-07-09,0.18,2.78,5.0,SI,L,S,False,,foul
777163-49-3,2025,2025-07-09,0.69,3.64,12.0,CU,L,B,False,,ball
777163-49-2,2025,2025-07-09,1.02,2.86,12.0,SI,L,B,False,,ball
777163-49-1,2025,2025-07-09,-0.32,2.33,4.0,SI,L,S,False,,called_strike
777163-1-5,2025,2025-07-09,0.13,2.54,5.0,FF,R,X,True,field_out,hit_into_play
777163-1-4,2025,2025-07-09,0.78,1.34,14.0,FF,R,B,False,,ball
777163-1-3,2025,2025-07-09,0.99,-0.42,14.0,SL,R,B,False,,ball
777163-1-2,2025,2025-07-09,0.62,2.28,9.0,CU,R,S,False,,swinging_strike
777163-61-2,2025,2025-07-09,0.74,3.17,3.0,SI,L,X,True,force_out,hit_into_play
777163-61-1,2025,2025-07-09,1.1,2.2,14.0,SI,L,B,False,,ball
777163-1-1,2025,2025-07-09,0.66,2.6,6.0,FF,R,S,False,,called_strike
777186-34-3,2025,2025-07-08,0.37,3.36,3.0,FF,L,X,True,field_out,hit_into_play
777186-34-2,2025,2025-07-08,0.2,1.17,14.0,CH,L,S,False,,swinging_strike
777186-34-1,2025,2025-07-08,0.43,2.04,9.0,CH,L,S,False,,foul
777186-19-10,2025,2025-07-08,-0.49,2.14,7.0,FF,L,X,True,single,hit_into_play
777186-19-9,2025,2025-07-08,0.23,3.49,2.0,FF,L,S,False,,foul
777186-19-8,2025,2025-07-08,0.64,3.34,3.0,FF,L,S,False,,foul
777186-19-7,2025,2025-07-08,0.07,2.71,5.0,FF,L,S,False,,foul
777186-19-6,2025,2025-07-08,1.31,2.14,14.0,CH,L,B,False,,ball
777186-19-5,2025,2025-07-08,0.1,3.38,2.0,FF,L,S,False,,foul
777186-19-4,2025,2025-07-08,0.01,1.3,14.0,CH,L,S,False,,foul
777186-19-3,2025,2025-07-08,0.11,2.92,5.0,CH,L,S,False,,foul
777186-19-2,2025,2025-07-08,0.7,1.43,14.0,SL,L,B,False,,ball
777186-19-1,2025,2025-07-08,0.57,0.9,14.0,CH,L,B,False,,blocked_ball
777186-52-1,2025,2025-07-08,0.07,2.6,5.0,SI,R,X,True,field_out,hit_into_play
777186-69-1,2025,2025-07-08,0.45,2.82,6.0,SI,L,X,True,field_out,hit_into_play
777186-1-3,2025,2025-07-08,-0.11,2.32,5.0,SL,L,X,True,field_out,hit_into_play
777186-1-2,2025,2025-07-08,-0.28,3.15,1.0,FF,L,S,False,,foul
777186-1-1,2025,2025-07-08,0.66,3.96,12.0,CH,L,B,False,,ball
777199-37-5,2025,2025-07-07,-0.06,3.2,2.0,SI,R,X,True,single,hit_into_play
777199-37-4,2025,2025-07-07,0.77,-0.03,14.0,CH,R,B,False,,ball
777199-37-3,2025,2025-07-07,-0.23,0.1,13.0,CH,R,B,False,,blocked_ball
777199-37-2,2025,2025-07-07,-0.95,1.87,13.0,SI,R,S,False,,foul_tip
777199-37-1,2025,2025-07-07,-0.18,1.89,8.0,SI,R,S,False,,called_strike
777199-19-6,2025,2025-07-07,-0.64,2.04,7.0,CU,R,X,True,field_out,hit_into_play
777199-19-5,2025,2025-07-07,0.41,1.1,14.0,CH,R,B,False,,ball
777199-19-4,2025,2025-07-07,2.17,0.24,14.0,CU,R,B,False,,blocked_ball
777199-19-3,2025,2025-07-07,-0.6,3.01,1.0,SI,R,S,False,,called_strike
777199-19-2,2025,2025-07-07,0.68,2.5,6.0,CU,R,S,False,,called_strike
777199-19-1,2025,2025-07-07,-0.97,1.83,13.0,CU,R,B,False,,ball
777199-54-6,2025,2025-07-07,0.24,0.8,14.0,CU,L,S,False,strikeout,swinging_strike_blocked
777199-54-5,2025,2025-07-07,-1.42,2.49,13.0,CU,L,S,False,,foul
777199-54-4,2025,2025-07-07,0.68,5.57,12.0,FF,L,B,False,,ball
777199-54-3,2025,2025-07-07,-0.82,-3.0,13.0,FS,L,B,False,,blocked_ball
777199-54-2,2025,2025-07-07,0.24,2.54,5.0,FF,L,S,False,,called_strike
777199-54-1,2025,2025-07-07,0.61,2.88,6.0,CU,L,S,False,,called_strike
777199-1-3,2025,2025-07-07,0.83,1.64,9.0,CU,R,X,True,field_out,hit_into_play
777199-1-2,2025,2025-07-07,0.86,2.29,14.0,SI,R,S,False,,called_strike
777199-1-1,2025,2025-07-07,-0.72,3.13,1.0,SI,R,S,False,,called_strike
777217-36-5,2025,2025-07-06,0.62,1.99,9.0,SL,R,X,True,field_out,hit_into_play
777217-36-4,2025,2025-07-06,0.57,3.3,3.0,FF,R,S,False,,swinging_strike
777217-36-3,2025,2025-07-06,0.8,0.15,14.0,SL,R,S,False,,swinging_strike_blocked
777217-36-2,2025,2025-07-06,-0.29,0.88,13.0,FF,R,B,False,,ball
777217-36-1,2025,2025-07-06,0.73,0.77,14.0,SL,R,B,False,,blocked_ball
777217-16-7,2025,2025-07-06,-0.25,2.18,8.0,FF,R,X,True,field_out,hit_into_play
777217-16-6,2025,2025-07-06,0.83,2.52,6.0,SL,R,S,False,,foul
777217-16-5,2025,2025-07-06,1.03,2.31,14.0,SL,R,S,False,,foul
777217-16-4,2025,2025-07-06,-0.06,3.03,2.0,FF,R,S,False,,foul
777217-16-3,2025,2025-07-06,-0.29,3.49,1.0,FF,R,S,False,,foul_tip
777217-16-2,2025,2025-07-06,0.24,2.87,5.0,FF,R,S,False,,swinging_strike
777217-16-1,2025,2025-07-06,1.04,2.63,14.0,SL,R,B,False,,ball
777217-63-2,2025,2025-07-06,-0.63,2.51,4.0,SV,R,X,True,field_out,hit_into_play
777217-63-1,2025,2025-07-06,0.52,2.62,6.0,FF,R,S,False,,foul
777217-4-5,2025,2025-07-06,-0.42,1.78,7.0,FF,R,X,True,single,hit_into_play
777217-4-4,2025,2025-07-06,0.15,0.31,14.0,SL,R,B,False,,ball
777217-4-3,2025,2025-07-06,2.27,0.39,14.0,SL,R,B,False,,ball
777217-4-2,2025,2025-07-06,0.33,0.63,14.0,FF,R,B,False,,ball
777217-51-2,2025,2025-07-06,0.62,1.85,9.0,SL,R,X,True,field_out,hit_into_play
777217-4-1,2025,2025-07-06,-0.49,2.82,4.0,FF,R,S,False,,foul
777217-51-1,2025,2025-07-06,0.76,1.42,14.0,SL,R,S,False,,swinging_strike
777233-41-2,2025,2025-07-05,-0.59,2.4,4.0,CU,L,X,True,field_out,hit_into_play
777233-41-1,2025,2025-07-05,0.94,2.65,12.0,CU,L,B,False,,ball
777233-20-4,2025,2025-07-05,0.28,2.47,6.0,FF,L,X,True,single,hit_into_play
777233-20-3,2025,2025-07-05,-0.53,1.92,7.0,CH,L,S,False,,foul
777233-20-2,2025,2025-07-05,0.9,2.18,14.0,CH,L,B,False,,ball
777233-20-1,2025,2025-07-05,0.72,2.41,6.0,SI,L,S,False,,called_strike
777233-61-3,2025,2025-07-05,0.0,3.18,2.0,FF,L,X,True,field_error,hit_into_play
777233-5-3,2025,2025-07-05,-0.55,2.33,4.0,SI,L,X,True,double,hit_into_play
777233-5-2,2025,2025-07-05,-1.1,2.32,13.0,FF,L,B,False,,ball
777233-61-2,2025,2025-07-05,-0.27,3.82,11.0,FF,L,S,False,,swinging_strike
777233-5-1,2025,2025-07-05,0.94,2.9,12.0,SI,L,B,False,,ball
777233-61-1,2025,2025-07-05,-0.57,1.21,13.0,CH,L,B,False,,ball
777255-41-2,2025,2025-07-04,0.25,2.38,5.0,CH,L,X,True,field_out,hit_into_play
777255-41-1,2025,2025-07-04,-1.63,0.09,13.0,FC,L,B,False,,blocked_ball
777255-19-4,2025,2025-07-04,-0.68,2.61,4.0,CU,L,X,True,field_out,hit_into_play
777255-19-3,2025,2025-07-04,0.89,2.72,12.0,FF,L,S,False,,foul
777255-19-2,2025,2025-07-04,-0.61,1.77,7.0,FC,L,S,False,,foul
777255-19-1,2025,2025-07-04,0.83,3.01,3.0,FF,L,S,False,,called_strike
777255-59-2,2025,2025-07-04,-0.42,2.51,4.0,CH,R,X,True,field_out,hit_into_play
777255-59-1,2025,2025-07-04,-0.79,3.7,11.0,SI,R,B,False,,ball
777255-75-3,2025,2025-07-04,-0.62,2.81,4.0,FF,R,X,True,single,hit_into_play
777255-75-2,2025,2025-07-04,-0.25,3.36,2.0,FF,R,S,False,,foul
777255-75-1,2025,2025-07-04,-0.46,3.96,11.0,FF,R,B,False,,ball
777255-4-8,2025,2025-07-04,0.39,2.03,9.0,CH,L,X,True,single,hit_into_play
777255-4-7,2025,2025-07-04,0.15,3.39,2.0,FF,L,S,False,,foul
777255-4-6,2025,2025-07-04,0.13,3.3,2.0,CU,L,S,False,,foul
777255-4-5,2025,2025-07-04,0.73,3.06,3.0,FF,L,S,False,,foul
777255-4-4,2025,2025-07-04,1.16,2.05,14.0,CH,L,B,False,,ball
777255-4-3,2025,2025-07-04,1.01,1.88,14.0,CH,L,B,False,,ball
777255-4-2,2025,2025-07-04,-0.18,2.11,8.0,CU,L,S,False,,foul
777255-4-1,2025,2025-07-04,0.35,1.94,9.0,FF,L,S,False,,called_strike
777273-46-3,2025,2025-07-02,0.02,1.92,8.0,FC,R,X,True,grounded_into_double_play,hit_into_play
777290-37-6,2025,2025-07-02,-0.12,1.38,13.0,FF,R,X,True,single,hit_into_play
777290-37-5,2025,2025-07-02,-0.46,4.06,11.0,FF,R,S,False,,swinging_strike
777273-46-2,2025,2025-07-02,0.96,3.39,12.0,FF,R,B,False,,ball
777290-37-4,2025,2025-07-02,-1.06,4.38,11.0,FF,R,B,False,,ball
777273-46-1,2025,2025-07-02,-1.03,3.48,11.0,SI,R,B,False,,ball
777290-37-3,2025,2025-07-02,0.3,2.01,9.0,FF,R,S,False,,foul
777290-37-2,2025,2025-07-02,0.93,3.22,12.0,FF,R,B,False,,ball
777290-37-1,2025,2025-07-02,0.83,2.6,12.0,ST,R,B,False,,ball
777273-27-8,2025,2025-07-02,0.82,2.23,9.0,ST,R,S,False,strikeout,swinging_strike
777290-19-4,2025,2025-07-02,-0.12,2.3,5.0,FF,R,X,True,field_out,hit_into_play
777273-27-7,2025,2025-07-02,0.29,3.44,3.0,ST,R,S,False,,foul
777273-27-6,2025,2025-07-02,-0.18,3.72,11.0,FF,R,S,False,,foul
777290-19-3,2025,2025-07-02,0.17,2.1,8.0,SL,R,S,False,,called_strike
777290-19-2,2025,2025-07-02,0.75,1.21,14.0,SL,R,B,False,,ball
777273-27-5,2025,2025-07-02,0.31,1.08,14.0,CU,R,B,False,,ball
777290-19-1,2025,2025-07-02,0.71,0.98,14.0,KC,R,B,False,,ball
777273-27-4,2025,2025-07-02,0.78,2.81,6.0,ST,R,S,False,,foul
777273-27-3,2025,2025-07-02,-1.1,4.12,11.0,FF,R,B,False,,ball
777273-27-2,2025,2025-07-02,-0.4,4.45,11.0,FC,R,S,False,,swinging_strike
777273-27-1,2025,2025-07-02,-0.22,2.76,5.0,FF,R,S,False,,foul
777273-62-5,2025,2025-07-02,1.35,0.98,14.0,SI,R,B,False,walk,ball
777273-62-4,2025,2025-07-02,-0.34,4.09,11.0,FS,R,B,False,,ball
777273-62-3,2025,2025-07-02,-0.95,3.23,11.0,SI,R,S,False,,foul
777273-62-2,2025,2025-07-02,-1.02,2.91,11.0,FS,R,B,False,,ball
777273-62-1,2025,2025-07-02,-0.57,1.7,7.0,SI,R,B,False,,ball
777273-78-2,2025,2025-07-02,0.05,2.41,5.0,FF,R,X,True,single,hit_into_play
777273-78-1,2025,2025-07-02,0.26,1.55,14.0,FF,R,B,False,,ball
777290-53-4,2025,2025-07-02,0.28,0.44,14.0,FS,L,S,False,strikeout,swinging_strike_blocked
777290-53-3,2025,2025-07-02,-0.91,2.02,13.0,FS,L,S,False,,foul
777290-53-2,2025,2025-07-02,-0.31,1.28,13.0,FS,L,B,False,,ball
777290-4-3,2025,2025-07-02,-0.38,2.45,4.0,SL,R,X,True,field_out,hit_into_play
777290-53-1,2025,2025-07-02,-0.29,1.27,13.0,SL,L,S,False,,swinging_strike
777290-4-2,2025,2025-07-02,0.7,2.84,6.0,FF,R,S,False,,called_strike
777273-5-2,2025,2025-07-02,0.7,2.58,6.0,ST,R,X,True,single,hit_into_play
777290-4-1,2025,2025-07-02,0.83,1.41,14.0,FF,R,B,False,,ball
777273-5-1,2025,2025-07-02,-0.31,3.63,1.0,FF,R,S,False,,called_strike
777306-33-6,2025,2025-06-30,0.97,2.05,14.0,KN,R,X,True,single,hit_into_play
777306-33-5,2025,2025-06-30,-0.31,4.5,11.0,FF,R,B,False,,ball
777306-33-4,2025,2025-06-30,0.39,2.76,6.0,KN,R,S,False,,foul
777306-33-3,2025,2025-06-30,3.19,1.04,14.0,KN,R,B,False,,ball
777306-33-2,2025,2025-06-30,0.33,3.54,3.0,FF,R,S,False,,called_strike
777306-33-1,2025,2025-06-30,-0.2,2.58,5.0,KN,R,S,False,,foul
777306-18-2,2025,2025-06-30,0.77,1.98,9.0,KN,R,X,True,field_out,hit_into_play
777306-18-1,2025,2025-06-30,0.1,3.52,2.0,KN,R,S,False,,called_strike
777306-51-1,2025,2025-06-30,0.14,2.3,5.0,SI,L,X,True,field_out,hit_into_play
777306-5-6,2025,2025-06-30,0.24,2.57,5.0,FF,R,X,True,field_out,hit_into_play
777306-5-5,2025,2025-06-30,1.35,0.06,14.0,KN,R,B,False,,ball
777306-5-4,2025,2025-06-30,0.84,0.49,14.0,KN,R,B,False,,ball
777306-5-3,2025,2025-06-30,1.03,1.31,14.0,KN,R,S,False,,swinging_strike
777306-5-2,2025,2025-06-30,0.97,0.97,14.0,KN,R,B,False,,ball
777306-5-1,2025,2025-06-30,0.03,2.71,5.0,FF,R,S,False,,called_strike
777316-51-6,2025,2025-06-29,-0.19,1.53,13.0,SL,R,S,False,strikeout,swinging_strike
777316-51-5,2025,2025-06-29,1.33,0.75,14.0,SL,R,B,False,,ball
777316-51-4,2025,2025-06-29,0.57,0.5,14.0,SL,R,B,False,,ball
777316-51-3,2025,2025-06-29,-0.08,2.08,8.0,SL,R,S,False,,foul
777316-51-2,2025,2025-06-29,-0.65,1.95,7.0,FF,R,S,False,,foul
777316-51-1,2025,2025-06-29,0.26,1.09,14.0,CU,R,B,False,,ball
777316-35-1,2025,2025-06-29,-0.42,3.13,1.0,SL,R,X,True,sac_fly,hit_into_play
777316-18-3,2025,2025-06-29,0.72,2.4,6.0,FF,R,X,True,field_out,hit_into_play
777316-18-2,2025,2025-06-29,-1.51,2.41,13.0,FF,R,B,False,,ball
777316-18-1,2025,2025-06-29,-0.46,2.63,4.0,CU,R,S,False,,called_strike
777316-1-2,2025,2025-06-29,0.23,1.92,8.0,FF,R,X,True,field_out,hit_into_play
777316-1-1,2025,2025-06-29,1.11,2.8,12.0,FF,R,B,False,,ball
777333-42-5,2025,2025-06-28,-0.05,2.62,5.0,SI,R,X,True,field_out,hit_into_play
777333-42-4,2025,2025-06-28,0.22,0.98,14.0,SL,R,B,False,,ball
777333-42-3,2025,2025-06-28,-0.91,1.25,13.0,FS,R,B,False,,ball
777333-42-2,2025,2025-06-28,0.03,1.34,14.0,SI,R,B,False,,ball
777333-42-1,2025,2025-06-28,0.29,1.96,9.0,FF,R,S,False,,foul
777333-21-4,2025,2025-06-28,0.86,0.52,14.0,SL,R,S,False,strikeout,swinging_strike_blocked
777333-21-3,2025,2025-06-28,0.68,0.93,14.0,SL,R,B,False,,ball
777333-21-2,2025,2025-06-28,0.66,1.62,9.0,SL,R,S,False,,swinging_strike
777333-21-1,2025,2025-06-28,-0.58,2.63,4.0,SI,R,S,False,,foul
777333-63-3,2025,2025-06-28,1.2,1.85,14.0,SL,R,S,False,strikeout,swinging_strike
777333-63-2,2025,2025-06-28,0.76,3.2,3.0,FF,R,S,False,,swinging_strike
777333-63-1,2025,2025-06-28,0.5,1.62,14.0,SI,R,S,False,,called_strike
777333-1-4,2025,2025-06-28,-0.81,2.19,7.0,SI,R,X,True,field_out,hit_into_play
777333-1-3,2025,2025-06-28,-0.11,0.33,13.0,CU,R,B,False,,ball
777333-1-2,2025,2025-06-28,0.45,1.88,9.0,SL,R,S,False,,foul
777333-1-1,2025,2025-06-28,-0.07,2.55,5.0,FF,R,S,False,,foul
777342-27-3,2025,2025-06-27,-0.13,2.11,8.0,SL,R,X,True,field_error,hit_into_play
777342-27-2,2025,2025-06-27,0.66,0.54,14.0,SL,R,B,False,,blocked_ball
777342-27-1,2025,2025-06-27,0.85,1.74,14.0,SI,R,B,False,,ball
777342-14-2,2025,2025-06-27,-0.57,2.29,4.0,CH,R,X,True,home_run,hit_into_play
777342-14-1,2025,2025-06-27,-0.49,3.13,1.0,SI,R,S,False,,foul
777342-40-2,2025,2025-06-27,0.36,2.35,6.0,FF,R,X,True,single,hit_into_play
777342-40-1,2025,2025-06-27,-0.58,2.97,1.0,FF,R,S,False,,swinging_strike
777342-58-1,2025,2025-06-27,0.27,1.79,8.0,SL,R,X,True,field_out,hit_into_play
777342-80-3,2025,2025-06-27,-1.01,3.03,11.0,EP,R,X,True,home_run,hit_into_play
777342-80-2,2025,2025-06-27,0.45,2.91,6.0,EP,R,S,False,,foul
777342-1-2,2025,2025-06-27,-0.58,2.29,4.0,SI,R,X,True,double,hit_into_play
777342-1-1,2025,2025-06-27,0.28,2.67,6.0,SI,R,S,False,,called_strike
777342-80-1,2025,2025-06-27,0.38,1.99,9.0,EP,R,S,False,,called_strike
777350-39-6,2025,2025-06-26,-0.08,3.39,2.0,SI,R,S,False,strikeout,swinging_strike
777350-39-5,2025,2025-06-26,1.08,2.38,14.0,FF,R,B,False,,ball
777350-39-4,2025,2025-06-26,0.87,1.26,14.0,CH,R,B,False,,ball
777350-39-3,2025,2025-06-26,1.57,3.69,12.0,FC,R,B,False,,ball
777350-39-2,2025,2025-06-26,-0.1,3.58,2.0,KC,R,S,False,,foul
777350-39-1,2025,2025-06-26,0.94,0.41,14.0,KC,R,S,False,,swinging_strike_blocked
777350-19-6,2025,2025-06-26,0.29,1.98,9.0,FC,R,X,True,field_out,hit_into_play
777350-19-5,2025,2025-06-26,0.79,2.59,6.0,FC,R,S,False,,foul_tip
777350-19-4,2025,2025-06-26,-1.04,1.75,13.0,SI,R,B,False,,ball
777350-19-3,2025,2025-06-26,0.92,3.21,12.0,FF,R,B,False,,ball
777350-19-2,2025,2025-06-26,0.52,4.39,12.0,FF,R,B,False,,ball
777350-19-1,2025,2025-06-26,0.45,3.14,3.0,KC,R,S,False,,called_strike
777350-55-5,2025,2025-06-26,-0.77,3.96,11.0,FF,R,S,False,strikeout,swinging_strike
777350-55-4,2025,2025-06-26,-0.13,1.66,8.0,SL,R,S,False,,foul
777350-1-4,2025,2025-06-26,1.3,1.88,14.0,FC,R,S,False,strikeout,swinging_strike
777350-55-3,2025,2025-06-26,1.46,2.54,14.0,FF,R,B,False,,ball
777350-1-3,2025,2025-06-26,-0.09,2.11,8.0,FF,R,S,False,,called_strike
777350-1-2,2025,2025-06-26,-0.5,3.26,1.0,FF,R,S,False,,foul_tip
777350-55-2,2025,2025-06-26,0.73,2.36,6.0,FF,R,S,False,,foul
777350-1-1,2025,2025-06-26,1.14,2.95,12.0,FF,R,B,False,,ball
777350-55-1,2025,2025-06-26,2.08,1.39,14.0,SL,R,B,False,,ball
777366-35-4,2025,2025-06-25,-0.22,0.44,13.0,ST,L,S,False,strikeout,swinging_strike_blocked
777366-35-3,2025,2025-06-25,0.05,1.0,14.0,ST,L,B,False,,ball
777366-35-2,2025,2025-06-25,0.73,1.94,9.0,ST,L,S,False,,called_strike
777366-35-1,2025,2025-06-25,1.01,2.46,14.0,ST,L,S,False,,foul
777366-20-4,2025,2025-06-25,-0.41,2.26,4.0,ST,L,X,True,force_out,hit_into_play
777366-20-3,2025,2025-06-25,-0.38,2.39,4.0,FF,L,S,False,,foul
777366-20-2,2025,2025-06-25,1.29,2.83,12.0,FF,L,B,False,,ball
777366-20-1,2025,2025-06-25,0.33,3.44,3.0,ST,L,B,False,,ball
777366-56-4,2025,2025-06-25,-0.29,2.85,4.0,FF,L,X,True,single,hit_into_play
777366-56-3,2025,2025-06-25,0.0,3.02,2.0,FF,L,S,False,,foul
777366-56-2,2025,2025-06-25,0.53,1.62,9.0,FF,L,B,False,,ball
777366-56-1,2025,2025-06-25,-0.38,2.98,1.0,FF,L,S,False,,foul
777366-1-6,2025,2025-06-25,0.2,2.15,8.0,CU,L,X,True,field_out,hit_into_play
777366-1-5,2025,2025-06-25,-0.28,1.88,7.0,FF,L,S,False,,foul
777366-1-4,2025,2025-06-25,-0.98,0.6,13.0,ST,L,B,False,,ball
777366-1-3,2025,2025-06-25,-1.5,1.24,13.0,ST,L,B,False,,ball
777366-1-2,2025,2025-06-25,-0.43,0.97,13.0,CH,L,S,False,,swinging_strike
777366-1-1,2025,2025-06-25,-1.06,2.59,11.0,FF,L,S,False,,foul
777377-48-6,2025,2025-06-24,-0.11,2.85,5.0,SI,L,X,True,single,hit_into_play
777377-48-5,2025,2025-06-24,0.27,1.8,8.0,SI,L,S,False,,called_strike
777377-48-4,2025,2025-06-24,-0.31,3.25,1.0,SI,L,S,False,,called_strike
777377-48-3,2025,2025-06-24,-1.45,1.85,13.0,SI,L,B,False,,ball
777377-48-2,2025,2025-06-24,-0.79,0.36,13.0,CU,L,B,False,,ball
777377-48-1,2025,2025-06-24,0.97,3.71,12.0,SI,L,B,False,,ball
777377-31-2,2025,2025-06-24,0.52,2.26,6.0,CU,L,X,True,field_out,hit_into_play
777377-31-1,2025,2025-06-24,-1.04,-0.27,13.0,CU,L,B,False,,ball
777377-13-1,2025,2025-06-24,0.62,2.13,9.0,CH,L,X,True,field_out,hit_into_play
777377-1-2,2025,2025-06-24,0.28,1.83,9.0,SI,L,X,True,field_out,hit_into_play
777377-1-1,2025,2025-06-24,-0.32,1.36,13.0,SI,L,S,False,,called_strike
777405-34-2,2025,2025-06-22,0.37,1.97,9.0,SI,L,X,True,single,hit_into_play
777405-34-1,2025,2025-06-22,1.62,2.73,12.0,CH,L,B,False,,ball
777405-20-5,2025,2025-06-22,-1.02,1.24,13.0,SL,L,S,False,strikeout,swinging_strike
777405-20-4,2025,2025-06-22,0.61,4.7,12.0,FF,L,B,False,,ball
777405-20-3,2025,2025-06-22,-0.51,2.52,4.0,SI,L,S,False,,called_strike
777405-20-2,2025,2025-06-22,0.89,1.58,14.0,CH,L,B,False,,ball
777405-20-1,2025,2025-06-22,0.72,2.12,9.0,SI,L,S,False,,foul
777405-53-5,2025,2025-06-22,-0.03,2.25,5.0,ST,R,X,True,single,hit_into_play
777405-53-4,2025,2025-06-22,0.23,2.27,5.0,FF,R,S,False,,foul
777405-53-3,2025,2025-06-22,-0.07,2.52,5.0,FF,R,S,False,,called_strike
777405-53-2,2025,2025-06-22,1.64,1.67,14.0,FF,R,B,False,,ball
777405-5-1,2025,2025-06-22,0.43,2.2,9.0,SI,L,X,True,field_out,hit_into_play
777405-53-1,2025,2025-06-22,1.73,3.07,12.0,FF,R,B,False,,ball
777423-42-5,2025,2025-06-21,0.41,2.09,9.0,CH,R,X,True,field_error,hit_into_play
777423-42-4,2025,2025-06-21,2.69,1.2,14.0,KC,R,B,False,,ball
777423-42-3,2025,2025-06-21,1.51,1.86,14.0,KC,R,S,False,,swinging_strike
777423-42-2,2025,2025-06-21,0.13,1.9,8.0,CH,R,S,False,,swinging_strike
777423-42-1,2025,2025-06-21,1.29,1.03,14.0,CH,R,B,False,,ball
777423-19-5,2025,2025-06-21,0.82,1.57,14.0,SL,R,X,True,field_out,hit_into_play
777423-19-4,2025,2025-06-21,0.4,0.17,14.0,SL,R,B,False,,ball
777423-19-3,2025,2025-06-21,0.25,2.06,8.0,FF,R,S,False,,foul
777423-19-2,2025,2025-06-21,0.89,-0.16,14.0,CH,R,B,False,,ball
777423-19-1,2025,2025-06-21,0.12,1.62,14.0,FF,R,S,False,,called_strike
777423-57-5,2025,2025-06-21,-0.41,1.67,7.0,CH,R,X,True,field_out,hit_into_play
777423-57-4,2025,2025-06-21,0.62,2.28,9.0,SI,R,S,False,,called_strike
777423-57-3,2025,2025-06-21,1.03,0.96,14.0,SI,R,B,False,,ball
777423-57-2,2025,2025-06-21,1.2,0.77,14.0,CH,R,B,False,,blocked_ball
777423-57-1,2025,2025-06-21,-0.13,1.07,13.0,CH,R,B,False,,ball
777423-7-3,2025,2025-06-21,-0.4,1.77,7.0,CH,R,X,True,field_out,hit_into_play
777423-7-2,2025,2025-06-21,0.76,2.4,6.0,SL,R,S,False,,called_strike
777423-7-1,2025,2025-06-21,-0.82,4.34,11.0,FF,R,B,False,,ball
777437-23-1,2025,2025-06-20,-0.42,2.79,4.0,SI,R,X,True,grounded_into_double_play,hit_into_play
777437-70-2,2025,2025-06-20,0.65,2.5,6.0,FC,R,X,True,single,hit_into_play
777437-70-1,2025,2025-06-20,-0.08,3.22,2.0,FC,R,S,False,,foul
777437-58-5,2025,2025-06-20,0.76,1.9,9.0,ST,R,X,True,double,hit_into_play
777437-58-4,2025,2025-06-20,1.73,1.59,14.0,ST,R,S,False,,swinging_strike
777437-58-3,2025,2025-06-20,-0.66,4.9,11.0,FC,R,B,False,,ball
777437-58-2,2025,2025-06-20,0.35,1.96,9.0,ST,R,S,False,,swinging_strike
777437-58-1,2025,2025-06-20,1.98,1.59,14.0,ST,R,B,False,,ball
777437-6-6,2025,2025-06-20,0.5,1.73,9.0,ST,R,S,False,strikeout,swinging_strike
777437-6-5,2025,2025-06-20,2.06,0.64,14.0,ST,R,B,False,,ball
777437-6-4,2025,2025-06-20,0.16,3.81,12.0,FF,R,S,False,,foul
777437-36-1,2025,2025-06-20,0.07,2.03,8.0,SI,L,X,True,force_out,hit_into_play
777437-6-3,2025,2025-06-20,1.08,1.44,14.0,ST,R,S,False,,swinging_strike
777437-6-2,2025,2025-06-20,0.18,1.78,8.0,FF,R,S,False,,called_strike
777437-6-1,2025,2025-06-20,0.9,1.78,14.0,FF,R,B,False,,ball
777444-39-5,2025,2025-06-19,0.43,1.54,14.0,CU,R,X,True,field_out,hit_into_play
777444-39-4,2025,2025-06-19,2.39,0.29,14.0,SL,R,B,False,,ball
777444-39-3,2025,2025-06-19,0.19,4.11,12.0,FF,R,B,False,,ball
777444-39-2,2025,2025-06-19,0.19,1.01,14.0,CU,R,S,False,,swinging_strike
777444-39-1,2025,2025-06-19,0.35,2.19,9.0,CU,R,S,False,,swinging_strike
777444-17-3,2025,2025-06-19,-0.44,2.86,4.0,SI,R,X,True,field_out,hit_into_play
777444-17-2,2025,2025-06-19,-1.46,1.55,13.0,CH,R,B,False,,ball
777444-17-1,2025,2025-06-19,-1.35,2.58,13.0,SI,R,B,False,,ball
777444-54-5,2025,2025-06-19,-0.37,2.62,4.0,SI,R,X,True,field_out,hit_into_play
777444-54-4,2025,2025-06-19,-0.31,1.6,13.0,ST,R,B,False,,ball
777444-1-3,2025,2025-06-19,-0.5,1.78,7.0,CH,R,X,True,field_out,hit_into_play
777444-54-3,2025,2025-06-19,0.65,2.35,6.0,ST,R,S,False,,foul
777444-54-2,2025,2025-06-19,0.14,3.37,2.0,ST,R,S,False,,called_strike
777444-1-2,2025,2025-06-19,2.55,1.63,14.0,CU,R,B,False,,ball
777444-1-1,2025,2025-06-19,-0.87,3.06,11.0,SI,R,S,False,,called_strike
777444-54-1,2025,2025-06-19,-0.28,3.06,1.0,SI,R,S,False,,called_strike
777465-31-4,2025,2025-06-18,-0.55,1.85,7.0,SI,R,X,True,field_out,hit_into_play
777465-31-3,2025,2025-06-18,0.59,0.01,14.0,CU,R,B,False,,blocked_ball
777465-31-2,2025,2025-06-18,0.53,1.59,9.0,SL,R,S,False,,swinging_strike
777465-31-1,2025,2025-06-18,0.49,1.24,14.0,ST,R,B,False,,ball
777465-63-2,2025,2025-06-18,0.38,1.66,9.0,ST,R,X,True,field_out,hit_into_play
777465-63-1,2025,2025-06-18,-1.14,2.57,13.0,FS,R,B,False,,ball
777465-18-4,2025,2025-06-18,0.26,1.62,8.0,CU,R,X,True,field_out,hit_into_play
777465-18-3,2025,2025-06-18,0.66,3.0,3.0,SL,R,S,False,,called_strike
777465-18-2,2025,2025-06-18,1.37,0.89,14.0,SL,R,B,False,,ball
777465-18-1,2025,2025-06-18,-0.73,0.61,13.0,CU,R,B,False,,ball
777465-47-4,2025,2025-06-18,-0.04,3.43,2.0,FF,R,B,False,walk,ball
777465-1-4,2025,2025-06-18,-0.13,1.19,13.0,CU,R,X,True,field_out,hit_into_play
777465-47-3,2025,2025-06-18,1.22,0.69,14.0,SL,R,B,False,,ball
777465-1-3,2025,2025-06-18,0.26,2.61,5.0,CU,R,S,False,,foul
777465-47-2,2025,2025-06-18,1.63,2.37,14.0,FF,R,B,False,,ball
777465-1-2,2025,2025-06-18,-0.15,3.96,11.0,ST,R,B,False,,ball
777465-47-1,2025,2025-06-18,1.45,1.48,14.0,FF,R,B,False,,ball
777465-1-1,2025,2025-06-18,0.03,2.93,2.0,SI,R,S,False,,swinging_strike
777481-22-2,2025,2025-06-17,-0.45,2.25,7.0,SL,R,X,True,home_run,hit_into_play
777481-22-1,2025,2025-06-17,0.42,1.51,14.0,SI,R,S,False,,foul
777481-36-4,2025,2025-06-17,-0.11,2.78,5.0,ST,R,X,True,field_out,hit_into_play
777481-36-3,2025,2025-06-17,0.73,0.85,14.0,ST,R,B,False,,ball
777481-36-2,2025,2025-06-17,-0.51,2.22,7.0,SI,R,S,False,,called_strike
777481-1-3,2025,2025-06-17,-0.85,2.53,13.0,SI,R,X,True,field_out,hit_into_play
777481-1-2,2025,2025-06-17,1.45,-0.11,14.0,CU,R,B,False,,ball
777481-62-2,2025,2025-06-17,-0.12,2.43,5.0,SI,R,X,True,single,hit_into_play
777481-36-1,2025,2025-06-17,-0.69,3.34,1.0,FF,R,B,False,,ball
777481-1-1,2025,2025-06-17,-0.52,2.14,7.0,FF,R,S,False,,called_strike
777481-62-1,2025,2025-06-17,1.73,1.53,14.0,ST,R,B,False,,ball
777483-35-4,2025,2025-06-16,0.2,3.09,2.0,FF,R,S,False,strikeout,swinging_strike
777483-35-3,2025,2025-06-16,0.0,0.73,14.0,CH,R,S,False,,swinging_strike
777483-35-2,2025,2025-06-16,-0.01,1.85,8.0,SL,R,S,False,,called_strike
777483-35-1,2025,2025-06-16,1.06,1.13,14.0,SL,R,B,False,,ball
777483-20-8,2025,2025-06-16,-0.27,2.28,5.0,SI,R,X,True,single,hit_into_play
777483-20-7,2025,2025-06-16,-0.02,2.03,8.0,CH,R,S,False,,foul
777483-20-6,2025,2025-06-16,-1.18,3.1,11.0,SI,R,S,False,,foul
777483-20-5,2025,2025-06-16,-0.04,1.27,13.0,CU,R,B,False,,ball
777483-20-4,2025,2025-06-16,-0.71,2.98,1.0,SL,R,B,False,,ball
777483-20-3,2025,2025-06-16,-1.1,3.02,11.0,SI,R,S,False,,foul
777483-20-2,2025,2025-06-16,-0.57,2.29,4.0,CU,R,S,False,,foul
777483-20-1,2025,2025-06-16,-1.01,2.67,11.0,SI,R,S,False,,called_strike
777483-51-1,2025,2025-06-16,0.5,2.33,6.0,FC,R,X,True,single,hit_into_play
777483-69-3,2025,2025-06-16,0.65,2.24,6.0,CH,L,X,True,field_out,hit_into_play
777483-69-2,2025,2025-06-16,-0.49,2.15,7.0,CU,L,S,False,,foul
777483-69-1,2025,2025-06-16,0.05,2.1,8.0,CH,L,S,False,,called_strike
777483-1-2,2025,2025-06-16,0.07,2.06,8.0,SI,R,X,True,home_run,hit_into_play
777483-1-1,2025,2025-06-16,-0.05,2.21,8.0,FF,R,S,False,,called_strike
777499-39-2,2025,2025-06-15,-0.53,2.19,7.0,CH,R,X,True,field_out,hit_into_play
777499-39-1,2025,2025-06-15,0.85,1.98,14.0,SI,R,S,False,,called_strike
777499-32-5,2025,2025-06-15,1.06,0.96,14.0,SV,R,B,False,truncated_pa,ball
777499-32-4,2025,2025-06-15,0.97,1.83,14.0,SV,R,S,False,,swinging_strike
777499-32-3,2025,2025-06-15,-1.34,2.14,13.0,SI,R,B,False,,ball
777499-32-2,2025,2025-06-15,0.39,1.11,14.0,SV,R,B,False,,ball
777499-32-1,2025,2025-06-15,-0.2,2.58,5.0,SV,R,S,False,,foul
777499-20-5,2025,2025-06-15,-0.3,2.08,7.0,CH,R,X,True,field_out,hit_into_play
777499-20-4,2025,2025-06-15,0.94,1.19,14.0,SV,R,B,False,,ball
777499-20-3,2025,2025-06-15,-0.74,2.92,1.0,SI,R,S,False,,foul
777499-20-2,2025,2025-06-15,0.76,1.66,9.0,SV,R,S,False,,called_strike
777499-20-1,2025,2025-06-15,1.46,1.81,14.0,SV,R,S,False,,swinging_strike
777499-67-3,2025,2025-06-15,-0.29,1.3,13.0,SI,R,X,True,single,hit_into_play
777499-67-2,2025,2025-06-15,0.45,3.1,3.0,FF,R,S,False,,foul_tip
777499-67-1,2025,2025-06-15,1.24,1.39,14.0,CU,R,B,False,,ball
777499-51-5,2025,2025-06-15,0.94,2.58,12.0,SL,R,S,False,strikeout,called_strike
777499-51-4,2025,2025-06-15,0.31,3.72,12.0,FF,R,S,False,,foul
777499-51-3,2025,2025-06-15,-0.04,3.37,2.0,FF,R,S,False,,foul
777499-51-2,2025,2025-06-15,-0.72,3.16,1.0,FS,R,S,False,,foul
777499-51-1,2025,2025-06-15,-0.22,3.09,2.0,FF,R,S,False,,foul
777499-4-1,2025,2025-06-15,-0.45,2.45,4.0,SI,R,X,True,double,hit_into_play
777509-22-4,2025,2025-06-14,-0.24,1.59,8.0,FS,R,X,True,field_out,hit_into_play
777509-22-3,2025,2025-06-14,-0.64,4.08,11.0,FF,R,B,False,,ball
777509-22-2,2025,2025-06-14,-1.35,2.39,13.0,SI,R,S,False,,swinging_strike
777509-22-1,2025,2025-06-14,0.7,0.53,14.0,CU,R,S,False,,swinging_strike_blocked
777509-41-7,2025,2025-06-14,0.59,2.73,6.0,SI,L,X,True,field_out,hit_into_play
777509-41-6,2025,2025-06-14,0.41,2.86,6.0,KC,L,S,False,,foul
777509-41-5,2025,2025-06-14,-0.91,0.19,13.0,KC,L,B,False,,blocked_ball
777509-41-4,2025,2025-06-14,-0.45,0.11,13.0,KC,L,B,False,,blocked_ball
777509-41-3,2025,2025-06-14,1.34,1.83,14.0,SI,L,S,False,,foul
777509-41-2,2025,2025-06-14,1.16,2.22,14.0,KC,L,B,False,,ball
777509-41-1,2025,2025-06-14,-0.28,2.13,7.0,SI,L,S,False,,called_strike
777509-56-6,2025,2025-06-14,1.31,0.19,14.0,CU,R,B,False,walk,blocked_ball
777509-56-5,2025,2025-06-14,-0.15,2.41,5.0,SL,R,S,False,,foul
777509-56-4,2025,2025-06-14,-0.15,3.86,11.0,FC,R,B,False,,ball
777509-56-3,2025,2025-06-14,0.21,4.04,12.0,SL,R,B,False,,ball
777509-56-2,2025,2025-06-14,0.58,1.42,14.0,SL,R,S,False,,swinging_strike
777509-56-1,2025,2025-06-14,1.43,2.59,14.0,SL,R,B,False,,ball
777509-4-3,2025,2025-06-14,-0.27,2.29,5.0,SL,R,X,True,field_out,hit_into_play
777509-4-2,2025,2025-06-14,-0.58,1.48,13.0,SI,R,S,False,,foul
777509-4-1,2025,2025-06-14,-0.14,3.51,2.0,FF,R,S,False,,called_strike
777531-33-2,2025,2025-06-13,0.27,1.41,14.0,FS,R,X,True,field_out,hit_into_play
777531-33-1,2025,2025-06-13,-0.61,3.67,11.0,FF,R,B,False,,ball
777531-18-6,2025,2025-06-13,0.88,2.14,14.0,FF,R,B,False,walk,ball
777531-18-5,2025,2025-06-13,0.58,0.87,14.0,FS,R,B,False,,ball
777531-18-4,2025,2025-06-13,-1.18,2.32,13.0,FF,R,B,False,,ball
777531-18-3,2025,2025-06-13,-0.21,3.47,2.0,FF,R,S,False,,foul
777531-18-2,2025,2025-06-13,-0.46,1.19,13.0,FF,R,B,False,,ball
777531-18-1,2025,2025-06-13,-0.26,1.56,8.0,FF,R,S,False,,foul
777531-68-2,2025,2025-06-13,-0.27,2.35,5.0,FF,R,X,True,single,hit_into_play
777531-68-1,2025,2025-06-13,0.16,2.27,5.0,FF,R,S,False,,called_strike
777531-49-1,2025,2025-06-13,-0.59,2.6,4.0,FC,L,X,True,field_out,hit_into_play
777531-5-3,2025,2025-06-13,-0.71,2.16,7.0,FF,R,X,True,field_out,hit_into_play
777531-5-2,2025,2025-06-13,0.52,0.96,14.0,FS,R,B,False,,ball
777531-5-1,2025,2025-06-13,0.0,2.68,5.0,FF,R,S,False,,called_strike
777553-51-6,2025,2025-06-11,-1.06,2.16,13.0,FF,R,B,False,walk,ball
777553-51-5,2025,2025-06-11,1.97,1.26,14.0,KC,R,B,False,,ball
777553-51-4,2025,2025-06-11,-0.05,3.11,2.0,FF,R,S,False,,foul
777553-51-3,2025,2025-06-11,0.11,4.52,12.0,FF,R,B,False,,ball
777553-51-2,2025,2025-06-11,0.48,1.35,14.0,CH,R,B,False,,ball
777553-51-1,2025,2025-06-11,0.65,2.79,6.0,KC,R,S,False,,foul
777553-36-2,2025,2025-06-11,-0.1,2.13,8.0,FF,R,X,True,double,hit_into_play
777553-36-1,2025,2025-06-11,2.17,-0.77,14.0,KC,R,B,False,,blocked_ball
777553-19-5,2025,2025-06-11,-0.42,3.0,1.0,KC,R,X,True,field_out,hit_into_play
777553-19-4,2025,2025-06-11,-0.54,0.76,13.0,KC,R,B,False,,ball
777553-19-3,2025,2025-06-11,-1.09,3.92,11.0,FF,R,B,False,,ball
777553-19-2,2025,2025-06-11,-0.09,1.9,8.0,KC,R,S,False,,foul
777553-19-1,2025,2025-06-11,0.94,1.72,14.0,KC,R,S,False,,swinging_strike
777553-5-3,2025,2025-06-11,-0.24,2.91,5.0,FF,R,X,True,single,hit_into_play
777553-5-2,2025,2025-06-11,1.05,2.57,12.0,KC,R,B,False,,ball
777553-5-1,2025,2025-06-11,1.84,3.33,12.0,FF,R,B,False,,ball
777571-43-2,2025,2025-06-10,-0.13,2.77,5.0,CU,R,X,True,single,hit_into_play
777571-43-1,2025,2025-06-10,-2.13,2.5,13.0,SI,R,B,False,,ball
777571-19-2,2025,2025-06-10,-0.85,2.79,11.0,FF,R,X,True,field_out,hit_into_play
777571-19-1,2025,2025-06-10,0.23,2.23,8.0,SL,R,S,False,,foul
777571-81-6,2025,2025-06-10,1.44,1.87,14.0,FF,R,B,False,walk,ball
777571-81-5,2025,2025-06-10,-0.08,-0.08,13.0,SL,R,B,False,,ball
777571-81-4,2025,2025-06-10,0.57,1.89,9.0,FC,R,S,False,,foul
777571-61-6,2025,2025-06-10,0.25,2.5,5.0,FF,R,X,True,field_out,hit_into_play
777571-81-3,2025,2025-06-10,0.81,2.7,6.0,FF,R,S,False,,foul
777571-61-5,2025,2025-06-10,1.03,3.03,12.0,ST,R,S,False,,foul
777571-61-4,2025,2025-06-10,0.69,1.72,9.0,SL,R,S,False,,swinging_strike
777571-81-2,2025,2025-06-10,1.12,1.35,14.0,FC,R,B,False,,ball
777571-61-3,2025,2025-06-10,-0.75,0.87,13.0,SI,R,B,False,,ball
777571-81-1,2025,2025-06-10,-1.33,3.06,11.0,CU,R,B,False,,ball
777571-61-2,2025,2025-06-10,0.72,1.81,14.0,SI,R,B,False,,ball
777571-61-1,2025,2025-06-10,1.05,2.69,12.0,ST,R,S,False,,swinging_strike
777571-5-1,2025,2025-06-10,-0.29,3.19,1.0,FF,R,X,True,field_out,hit_into_play
777578-39-2,2025,2025-06-09,-0.47,2.16,7.0,FF,L,X,True,field_out,hit_into_play
777578-39-1,2025,2025-06-09,0.1,1.35,14.0,CH,L,S,False,,foul
777578-22-5,2025,2025-06-09,0.37,2.22,9.0,CU,L,X,True,single,hit_into_play
777578-22-4,2025,2025-06-09,-0.51,2.89,4.0,FF,L,S,False,,foul
777578-22-3,2025,2025-06-09,0.98,1.59,14.0,CH,L,S,False,,swinging_strike
777578-22-2,2025,2025-06-09,1.29,3.26,12.0,FF,L,B,False,,ball
777578-22-1,2025,2025-06-09,-0.1,2.32,5.0,CU,L,S,False,,called_strike
777578-73-5,2025,2025-06-09,-0.43,2.68,4.0,KC,L,X,True,force_out,hit_into_play
777578-73-4,2025,2025-06-09,0.23,3.24,2.0,FF,L,S,False,,foul
777578-73-3,2025,2025-06-09,1.5,4.04,12.0,FF,L,B,False,,ball
777578-55-1,2025,2025-06-09,-2.52,4.16,11.0,SI,R,B,False,hit_by_pitch,hit_by_pitch
777578-5-4,2025,2025-06-09,0.61,3.51,3.0,FF,L,X,True,field_out,hit_into_play
777578-73-2,2025,2025-06-09,-0.64,1.37,13.0,KC,L,S,False,,swinging_strike
777578-73-1,2025,2025-06-09,-0.54,2.3,4.0,KC,L,S,False,,foul
777578-5-3,2025,2025-06-09,-0.69,1.74,7.0,CH,L,S,False,,called_strike
777578-5-2,2025,2025-06-09,-1.15,2.76,11.0,FF,L,B,False,,ball
777578-5-1,2025,2025-06-09,1.24,2.61,12.0,FF,L,B,False,,ball
777595-41-5,2025,2025-06-08,-0.02,1.02,13.0,CH,R,S,False,strikeout,swinging_strike
777595-41-4,2025,2025-06-08,-0.73,1.15,13.0,CH,R,B,False,,ball
777595-41-3,2025,2025-06-08,-0.15,2.9,5.0,FF,R,S,False,,foul
777595-41-2,2025,2025-06-08,-1.7,2.28,13.0,SI,R,B,False,,ball
777595-41-1,2025,2025-06-08,-1.06,1.74,13.0,SI,R,S,False,,swinging_strike
777595-21-4,2025,2025-06-08,-0.46,2.17,7.0,FS,R,X,True,field_out,hit_into_play
777595-21-3,2025,2025-06-08,-0.13,2.05,8.0,FS,R,S,False,,foul
777595-21-2,2025,2025-06-08,-0.44,1.51,13.0,SI,R,B,False,,ball
777595-21-1,2025,2025-06-08,-1.37,2.95,11.0,SI,R,B,False,,ball
777595-63-1,2025,2025-06-08,0.0,2.49,5.0,SL,R,X,True,double,hit_into_play
777595-2-2,2025,2025-06-08,-0.2,1.92,8.0,ST,R,X,True,field_out,hit_into_play
777595-2-1,2025,2025-06-08,-0.79,1.71,7.0,SI,R,S,False,,foul
777607-38-8,2025,2025-06-07,0.85,2.87,12.0,SL,L,S,False,strikeout,foul_tip
777607-38-7,2025,2025-06-07,1.22,1.66,14.0,CS,L,B,False,,ball
777607-38-6,2025,2025-06-07,0.23,3.23,2.0,FF,L,S,False,,foul
777607-38-5,2025,2025-06-07,0.53,2.76,6.0,CH,L,S,False,,foul
777607-38-4,2025,2025-06-07,-1.29,1.59,13.0,SL,L,B,False,,ball
777607-38-3,2025,2025-06-07,-0.86,2.2,13.0,SL,L,S,False,,foul
777607-38-2,2025,2025-06-07,-0.6,1.48,13.0,SL,L,B,False,,ball
777607-38-1,2025,2025-06-07,0.07,2.16,8.0,SL,L,S,False,,foul
777607-19-1,2025,2025-06-07,-0.3,2.57,4.0,FF,L,X,True,double_play,hit_into_play
777607-1-2,2025,2025-06-07,-0.25,1.82,8.0,CS,L,X,True,field_out,hit_into_play
777607-1-1,2025,2025-06-07,0.9,2.47,14.0,FF,L,S,False,,called_strike
777607-59-1,2025,2025-06-07,0.46,2.58,6.0,FF,R,X,True,field_out,hit_into_play
777621-19-4,2025,2025-06-06,0.35,2.68,6.0,FF,L,X,True,double,hit_into_play
777621-19-3,2025,2025-06-06,0.73,0.96,14.0,CU,L,B,False,,ball
777621-19-2,2025,2025-06-06,-0.99,3.0,11.0,CU,L,S,False,,foul
777621-19-1,2025,2025-06-06,0.0,4.29,11.0,CU,L,B,False,,ball
777621-49-3,2025,2025-06-06,-0.33,1.83,7.0,FC,L,X,True,field_out,hit_into_play
777621-49-2,2025,2025-06-06,-0.29,1.33,13.0,FC,L,S,False,,swinging_strike
777621-49-1,2025,2025-06-06,0.16,2.54,5.0,FF,L,S,False,,foul
777621-70-3,2025,2025-06-06,1.02,0.42,14.0,CU,R,S,False,strikeout,swinging_strike_blocked
777621-70-2,2025,2025-06-06,0.51,1.9,9.0,CU,R,S,False,,foul
777621-70-1,2025,2025-06-06,-0.62,1.74,7.0,CU,R,S,False,,swinging_strike
777621-32-5,2025,2025-06-06,0.22,2.19,8.0,FC,R,X,True,single,hit_into_play
777621-32-4,2025,2025-06-06,-1.71,2.95,11.0,ST,R,B,False,,ball
777621-32-3,2025,2025-06-06,1.57,2.24,14.0,ST,R,B,False,,ball
777621-1-2,2025,2025-06-06,-0.48,2.37,4.0,FF,L,X,True,single,hit_into_play
777621-32-2,2025,2025-06-06,0.91,2.52,14.0,FC,R,S,False,,foul
777621-1-1,2025,2025-06-06,-0.33,1.27,13.0,FF,L,B,False,,ball
777621-32-1,2025,2025-06-06,0.12,3.41,2.0,FC,R,S,False,,swinging_strike
777637-47-3,2025,2025-06-05,0.03,2.71,5.0,SI,R,X,True,double,hit_into_play
777637-47-2,2025,2025-06-05,0.36,0.96,14.0,SI,R,B,False,,ball
777637-47-1,2025,2025-06-05,-0.92,2.16,13.0,SI,R,S,False,,swinging_strike
777637-22-2,2025,2025-06-05,0.14,3.33,2.0,FC,R,X,True,field_out,hit_into_play
777637-22-1,2025,2025-06-05,0.3,1.39,14.0,ST,R,S,False,,swinging_strike
777637-2-4,2025,2025-06-05,-0.81,2.71,4.0,SI,R,X,True,field_out,hit_into_play
777637-2-3,2025,2025-06-05,0.11,1.36,14.0,SI,R,B,False,,ball
777637-2-2,2025,2025-06-05,0.25,2.92,5.0,SI,R,S,False,,foul
777637-64-4,2025,2025-06-05,0.09,3.35,2.0,FC,L,X,True,field_out,hit_into_play
777637-2-1,2025,2025-06-05,-0.27,3.49,2.0,SI,R,B,False,,ball
777637-64-3,2025,2025-06-05,0.58,3.52,3.0,FC,L,S,False,,called_strike
777637-64-2,2025,2025-06-05,0.81,3.57,12.0,FC,L,B,False,,ball
777637-64-1,2025,2025-06-05,1.23,2.52,14.0,ST,L,B,False,,ball
777651-33-3,2025,2025-06-04,-0.51,2.64,4.0,SI,R,X,True,field_out,hit_into_play
777651-33-2,2025,2025-06-04,0.02,1.27,14.0,SV,R,S,False,,swinging_strike
777651-33-1,2025,2025-06-04,-1.12,2.91,11.0,SV,R,B,False,,ball
777651-17-5,2025,2025-06-04,0.68,1.92,9.0,SV,R,X,True,field_out,hit_into_play
777651-17-4,2025,2025-06-04,-0.31,1.15,13.0,CH,R,B,False,,ball
777651-17-3,2025,2025-06-04,-1.01,2.02,13.0,SI,R,S,False,,foul
777651-17-2,2025,2025-06-04,1.69,0.34,14.0,SV,R,B,False,,blocked_ball
777651-17-1,2025,2025-06-04,0.83,2.75,6.0,FC,R,S,False,,foul
777651-53-5,2025,2025-06-04,0.26,1.02,14.0,KC,L,S,False,strikeout,swinging_strike
777651-53-4,2025,2025-06-04,-0.57,0.37,13.0,KC,L,S,False,,swinging_strike
777651-53-3,2025,2025-06-04,0.87,2.47,14.0,KC,L,S,False,,called_strike
777651-53-2,2025,2025-06-04,0.72,3.19,3.0,SI,L,B,False,,ball
777651-53-1,2025,2025-06-04,0.27,1.43,14.0,SI,L,B,False,,ball
777651-2-3,2025,2025-06-04,-0.48,1.71,7.0,CH,R,S,False,strikeout,called_strike
777651-2-2,2025,2025-06-04,-1.48,2.83,11.0,SI,R,S,False,,foul
777651-2-1,2025,2025-06-04,0.13,2.72,5.0,SI,R,S,False,,foul
777665-11-4,2025,2025-06-03,0.17,2.23,8.0,FS,R,X,True,field_out,hit_into_play
777665-11-3,2025,2025-06-03,0.15,2.92,5.0,SI,R,S,False,,foul
777665-11-2,2025,2025-06-03,-0.62,2.85,4.0,FS,R,S,False,,called_strike
777665-11-1,2025,2025-06-03,0.81,0.77,14.0,FS,R,B,False,,ball
777665-28-4,2025,2025-06-03,0.88,2.26,14.0,CH,L,X,True,field_out,hit_into_play
777665-28-3,2025,2025-06-03,0.12,4.09,12.0,FC,L,S,False,,swinging_strike
777665-28-2,2025,2025-06-03,0.62,3.46,3.0,FF,L,S,False,,foul
777665-28-1,2025,2025-06-03,1.82,2.88,12.0,CH,L,B,False,,ball
777665-67-6,2025,2025-06-03,-0.64,2.81,4.0,FS,R,X,True,home_run,hit_into_play
777665-67-5,2025,2025-06-03,0.72,3.91,12.0,FF,R,B,False,,ball
777665-67-4,2025,2025-06-03,-0.16,0.56,13.0,FS,R,B,False,,ball
777665-67-3,2025,2025-06-03,2.72,0.15,14.0,SL,R,B,False,,ball
777665-67-2,2025,2025-06-03,1.04,0.73,14.0,FS,R,S,False,,swinging_strike
777665-67-1,2025,2025-06-03,-0.05,1.3,13.0,FS,R,S,False,,swinging_strike
777665-2-4,2025,2025-06-03,0.43,3.28,3.0,FF,R,X,True,home_run,hit_into_play
777665-2-3,2025,2025-06-03,0.05,0.9,14.0,FS,R,B,False,,ball
777665-2-2,2025,2025-06-03,-0.26,1.47,13.0,FS,R,S,False,,swinging_strike
777665-2-1,2025,2025-06-03,-0.62,1.83,7.0,FF,R,S,False,,called_strike
777665-51-2,2025,2025-06-03,0.45,2.57,6.0,SL,R,X,True,single,hit_into_play
777665-51-1,2025,2025-06-03,-0.12,2.55,5.0,FC,R,S,False,,called_strike
777688-34-1,2025,2025-06-01,-0.57,2.55,4.0,SI,L,X,True,field_out,hit_into_play
777688-19-3,2025,2025-06-01,0.67,2.39,6.0,CU,L,X,True,field_out,hit_into_play
777688-19-2,2025,2025-06-01,1.25,1.92,14.0,CU,L,B,False,,ball
777688-19-1,2025,2025-06-01,-0.02,2.8,5.0,SI,L,S,False,,foul
777688-75-5,2025,2025-06-01,-0.38,3.75,11.0,FF,R,X,True,field_out,hit_into_play
777688-75-4,2025,2025-06-01,0.94,1.39,14.0,KC,R,S,False,,foul
777688-75-3,2025,2025-06-01,-0.35,3.27,1.0,KC,R,S,False,,swinging_strike
777688-75-2,2025,2025-06-01,0.97,3.82,12.0,FF,R,B,False,,ball
777688-75-1,2025,2025-06-01,0.17,3.34,2.0,KC,R,S,False,,called_strike
777688-6-4,2025,2025-06-01,1.0,2.01,14.0,SI,L,B,False,walk,ball
777688-59-1,2025,2025-06-01,0.46,2.9,6.0,FC,L,X,True,double,hit_into_play
777688-6-3,2025,2025-06-01,0.8,1.33,14.0,SI,L,B,False,,ball
777688-6-2,2025,2025-06-01,0.96,2.55,14.0,CU,L,B,False,,ball
777688-6-1,2025,2025-06-01,0.86,1.16,14.0,CU,L,B,False,,ball
777702-58-2,2025,2025-05-31,0.15,3.62,12.0,SL,R,X,True,field_out,hit_into_play
777702-58-1,2025,2025-05-31,0.6,1.57,14.0,SL,R,B,False,,ball
777702-25-4,2025,2025-05-31,1.07,1.53,14.0,FC,R,S,False,strikeout,swinging_strike
777702-25-3,2025,2025-05-31,1.78,0.93,14.0,FC,R,B,False,,ball
777702-25-2,2025,2025-05-31,1.39,1.78,14.0,FC,R,S,False,,swinging_strike
777702-25-1,2025,2025-05-31,1.32,2.54,14.0,FC,R,S,False,,swinging_strike
777702-9-5,2025,2025-05-31,0.42,2.78,6.0,SI,R,X,True,single,hit_into_play
777702-76-3,2025,2025-05-31,-0.2,2.19,8.0,ST,R,X,True,field_out,hit_into_play
777702-9-4,2025,2025-05-31,-0.24,3.69,11.0,SI,R,S,False,,foul
777702-76-2,2025,2025-05-31,-1.59,4.12,11.0,FF,R,B,False,,ball
777702-76-1,2025,2025-05-31,0.4,2.59,6.0,SI,R,S,False,,foul
777702-9-3,2025,2025-05-31,1.27,2.77,12.0,FC,R,B,False,,ball
777702-9-2,2025,2025-05-31,0.18,1.91,8.0,SI,R,S,False,,foul
777702-9-1,2025,2025-05-31,0.89,2.79,12.0,FC,R,S,False,,called_strike
777715-67-4,2025,2025-05-30,-0.24,2.43,5.0,SI,R,X,True,field_out,hit_into_play
777715-67-3,2025,2025-05-30,1.1,1.51,14.0,SI,R,B,False,,ball
777715-67-2,2025,2025-05-30,0.86,1.49,14.0,SI,R,B,False,,ball
777715-67-1,2025,2025-05-30,0.75,1.16,14.0,CU,R,S,False,,swinging_strike
777715-48-3,2025,2025-05-30,0.83,1.86,14.0,SL,R,X,True,field_out,hit_into_play
777715-48-2,2025,2025-05-30,1.17,1.82,14.0,SI,R,B,False,,ball
777715-48-1,2025,2025-05-30,0.44,1.81,9.0,SI,R,S,False,,foul
777715-8-7,2025,2025-05-30,0.8,2.34,6.0,CH,L,X,True,field_out,hit_into_play
777715-8-6,2025,2025-05-30,0.22,3.38,2.0,FC,L,S,False,,foul
777715-8-5,2025,2025-05-30,0.05,2.47,5.0,FC,L,S,False,,foul
777715-8-4,2025,2025-05-30,-0.99,-0.2,13.0,FF,L,B,False,,ball
777715-8-3,2025,2025-05-30,-0.65,1.2,13.0,FF,L,B,False,,ball
777715-8-2,2025,2025-05-30,-0.63,2.36,4.0,CH,L,S,False,,called_strike
777715-29-7,2025,2025-05-30,0.26,2.46,5.0,SL,R,X,True,single,hit_into_play
777715-8-1,2025,2025-05-30,1.42,4.88,12.0,CH,L,B,False,,ball
777715-29-6,2025,2025-05-30,-0.62,3.34,1.0,SI,R,S,False,,foul
777715-29-5,2025,2025-05-30,0.94,3.3,12.0,SI,R,B,False,,ball
777715-29-4,2025,2025-05-30,1.21,2.0,14.0,SI,R,B,False,,ball
777715-29-3,2025,2025-05-30,0.71,-0.07,14.0,SL,R,B,False,,ball
777715-29-2,2025,2025-05-30,0.81,1.48,14.0,SL,R,S,False,,swinging_strike
777715-29-1,2025,2025-05-30,0.27,3.29,2.0,SL,R,S,False,,called_strike
777723-40-3,2025,2025-05-29,-2.01,0.82,13.0,SL,L,B,False,hit_by_pitch,hit_by_pitch
777723-40-2,2025,2025-05-29,-0.4,0.2,13.0,SL,L,B,False,,blocked_ball
777723-40-1,2025,2025-05-29,-0.63,2.48,4.0,SL,L,S,False,,foul
777735-41-4,2025,2025-05-29,0.1,2.52,5.0,SL,R,X,True,single,hit_into_play
777735-24-4,2025,2025-05-29,-0.16,3.3,2.0,FF,R,X,True,field_out,hit_into_play
777735-41-3,2025,2025-05-29,0.52,1.36,14.0,SL,R,B,False,,ball
777735-41-2,2025,2025-05-29,0.55,2.55,6.0,SL,R,S,False,,swinging_strike
777735-24-3,2025,2025-05-29,-1.7,3.57,11.0,FS,R,B,False,,ball
777735-24-2,2025,2025-05-29,-0.51,1.9,7.0,FF,R,S,False,,foul
777723-20-5,2025,2025-05-29,0.91,2.05,14.0,SL,L,S,False,strikeout,swinging_strike
777735-41-1,2025,2025-05-29,1.32,3.16,12.0,FF,R,B,False,,ball
777735-24-1,2025,2025-05-29,-1.4,0.92,13.0,FF,R,B,False,,ball
777723-20-4,2025,2025-05-29,-0.55,0.67,13.0,SL,L,B,False,,ball
777723-20-3,2025,2025-05-29,0.22,2.59,5.0,SL,L,S,False,,called_strike
777723-20-2,2025,2025-05-29,-0.5,2.48,4.0,FF,L,S,False,,foul
777723-20-1,2025,2025-05-29,0.71,3.46,3.0,FF,L,B,False,,ball
777723-61-8,2025,2025-05-29,-0.69,0.65,13.0,FS,R,S,False,strikeout,swinging_strike_blocked
777723-61-7,2025,2025-05-29,-0.1,0.98,13.0,FS,R,S,False,,foul
777723-61-6,2025,2025-05-29,-1.32,1.61,13.0,FS,R,B,False,,ball
777723-61-5,2025,2025-05-29,-1.55,1.75,13.0,FS,R,B,False,,ball
777723-61-4,2025,2025-05-29,-0.44,4.02,11.0,FF,R,S,False,,foul
777723-61-3,2025,2025-05-29,-0.38,2.53,4.0,SL,R,S,False,,swinging_strike
777723-61-2,2025,2025-05-29,-0.25,2.75,5.0,FF,R,S,False,,foul
777723-61-1,2025,2025-05-29,-0.44,4.73,11.0,FF,R,B,False,,ball
777723-80-3,2025,2025-05-29,-0.42,2.36,4.0,SI,R,X,True,single,hit_into_play
777723-80-2,2025,2025-05-29,1.04,2.5,14.0,FF,R,B,False,,ball
777723-80-1,2025,2025-05-29,-0.15,2.54,5.0,SI,R,S,False,,foul
777735-61-9,2025,2025-05-29,-0.19,3.37,2.0,FF,R,X,True,field_out,hit_into_play
777735-61-8,2025,2025-05-29,-0.39,1.28,13.0,CU,R,S,False,,foul
777735-61-7,2025,2025-05-29,0.34,1.17,14.0,CU,R,B,False,,ball
777735-76-2,2025,2025-05-29,0.29,1.92,9.0,FC,L,X,True,field_out,hit_into_play
777735-6-3,2025,2025-05-29,-0.63,2.07,7.0,FF,R,X,True,field_out,hit_into_play
777735-6-2,2025,2025-05-29,-0.33,3.48,1.0,FF,R,S,False,,swinging_strike
777735-61-6,2025,2025-05-29,-0.67,3.23,1.0,FC,R,S,False,,foul
777735-76-1,2025,2025-05-29,-1.61,1.68,13.0,FC,L,S,False,,swinging_strike
777735-6-1,2025,2025-05-29,0.32,2.49,6.0,FF,R,S,False,,called_strike
777735-61-5,2025,2025-05-29,0.3,2.47,6.0,FF,R,S,False,,foul
777735-61-4,2025,2025-05-29,1.27,1.85,14.0,CU,R,B,False,,ball
777735-61-3,2025,2025-05-29,1.56,1.81,14.0,CU,R,B,False,,ball
777735-61-2,2025,2025-05-29,0.68,2.79,6.0,FF,R,S,False,,foul
777723-5-1,2025,2025-05-29,-0.16,3.11,2.0,FF,L,X,True,field_out,hit_into_play
777735-61-1,2025,2025-05-29,0.09,2.09,8.0,FF,R,S,False,,called_strike
777748-42-6,2025,2025-05-27,1.35,3.2,12.0,FF,R,B,False,walk,ball
777748-42-5,2025,2025-05-27,0.63,2.55,6.0,FF,R,S,False,,called_strike
777748-42-4,2025,2025-05-27,-0.18,3.81,11.0,FF,R,B,False,,ball
777748-42-3,2025,2025-05-27,0.67,1.82,9.0,SL,R,S,False,,swinging_strike
777748-42-2,2025,2025-05-27,0.61,0.23,14.0,SL,R,B,False,,blocked_ball
777748-42-1,2025,2025-05-27,1.53,0.09,14.0,SL,R,B,False,,blocked_ball
777748-23-1,2025,2025-05-27,-0.31,3.04,1.0,FF,R,X,True,field_out,hit_into_play
777748-6-3,2025,2025-05-27,0.0,3.26,2.0,FF,R,X,True,field_out,hit_into_play
777748-6-2,2025,2025-05-27,0.33,3.42,3.0,FF,R,S,False,,foul
777748-6-1,2025,2025-05-27,-0.03,3.02,2.0,FF,R,S,False,,swinging_strike
777748-59-1,2025,2025-05-27,0.59,2.74,6.0,FF,R,X,True,field_out,hit_into_play
777765-40-3,2025,2025-05-25,-0.65,3.31,1.0,FF,R,X,True,sac_fly,hit_into_play
777765-40-2,2025,2025-05-25,-1.03,1.32,13.0,SI,R,B,False,,ball
777765-40-1,2025,2025-05-25,-0.83,2.91,4.0,SI,R,S,False,,called_strike
777765-23-4,2025,2025-05-25,-0.18,1.94,8.0,SI,R,X,True,single,hit_into_play
777765-23-3,2025,2025-05-25,-0.72,1.57,13.0,SI,R,B,False,,ball
777765-23-2,2025,2025-05-25,0.7,1.3,14.0,ST,R,S,False,,swinging_strike
777765-23-1,2025,2025-05-25,1.68,2.97,12.0,ST,R,B,False,,ball
777765-60-1,2025,2025-05-25,0.21,3.04,2.0,CU,L,X,True,home_run,hit_into_play
777765-2-1,2025,2025-05-25,0.06,2.84,5.0,FF,R,X,True,field_out,hit_into_play
777784-38-4,2025,2025-05-24,0.61,1.46,14.0,CH,L,X,True,field_out,hit_into_play
777784-38-3,2025,2025-05-24,-0.52,1.92,7.0,FF,L,S,False,,called_strike
777784-38-2,2025,2025-05-24,-1.07,2.8,11.0,FF,L,B,False,,ball
777784-38-1,2025,2025-05-24,0.49,3.46,3.0,SL,L,S,False,,called_strike
777784-14-8,2025,2025-05-24,0.17,1.87,8.0,SL,L,X,True,field_out,hit_into_play
777784-14-7,2025,2025-05-24,0.42,2.29,6.0,CH,L,S,False,,foul
777784-14-6,2025,2025-05-24,-0.13,3.07,2.0,FF,L,S,False,,foul
777784-14-5,2025,2025-05-24,0.7,1.2,14.0,CH,L,B,False,,ball
777784-14-4,2025,2025-05-24,0.48,0.91,14.0,CH,L,B,False,,ball
777784-14-3,2025,2025-05-24,-0.1,3.58,11.0,FF,L,S,False,,swinging_strike
777784-14-2,2025,2025-05-24,-0.78,1.58,13.0,FF,L,B,False,,ball
777784-14-1,2025,2025-05-24,0.48,2.04,9.0,CH,L,S,False,,swinging_strike
777784-78-5,2025,2025-05-24,0.75,2.3,6.0,FF,R,S,False,strikeout,swinging_strike
777784-59-2,2025,2025-05-24,0.04,2.79,5.0,SI,R,X,True,grounded_into_double_play,hit_into_play
777784-78-4,2025,2025-05-24,0.95,1.26,14.0,CH,R,B,False,,ball
777784-59-1,2025,2025-05-24,0.89,1.33,14.0,SI,R,B,False,,ball
777784-78-3,2025,2025-05-24,0.37,2.96,3.0,FF,R,S,False,,foul
777784-78-2,2025,2025-05-24,-0.29,4.34,11.0,FF,R,B,False,,ball
777784-78-1,2025,2025-05-24,0.37,3.59,12.0,FF,R,S,False,,swinging_strike
777784-95-6,2025,2025-05-24,1.82,1.24,14.0,SL,R,B,False,walk,ball
777784-1-6,2025,2025-05-24,0.92,2.32,14.0,SL,L,B,False,walk,ball
777784-95-5,2025,2025-05-24,1.73,0.97,14.0,CU,R,B,False,,blocked_ball
777784-1-5,2025,2025-05-24,-0.55,2.02,7.0,FF,L,S,False,,foul
777784-95-4,2025,2025-05-24,0.53,3.94,12.0,FC,R,B,False,,ball
777784-1-4,2025,2025-05-24,1.26,3.75,12.0,FF,L,B,False,,ball
777784-1-3,2025,2025-05-24,-0.21,1.01,13.0,SL,L,B,False,,ball
777784-95-3,2025,2025-05-24,0.96,1.99,14.0,SL,R,S,False,,foul
777784-95-2,2025,2025-05-24,1.27,1.7,14.0,SL,R,B,False,,ball
777784-1-2,2025,2025-05-24,-0.21,2.08,8.0,FF,L,S,False,,called_strike
777784-95-1,2025,2025-05-24,0.34,2.65,6.0,FC,R,S,False,,foul
777784-1-1,2025,2025-05-24,0.54,1.25,14.0,FF,L,B,False,,ball
777804-33-3,2025,2025-05-23,-0.58,1.95,7.0,SL,L,X,True,field_out,hit_into_play
777804-33-2,2025,2025-05-23,0.77,4.2,12.0,FC,L,B,False,,ball
777804-33-1,2025,2025-05-23,0.46,2.46,6.0,CH,L,S,False,,called_strike
777804-13-3,2025,2025-05-23,0.08,1.63,8.0,SL,L,X,True,field_out,hit_into_play
777804-13-2,2025,2025-05-23,-0.38,1.98,7.0,SL,L,S,False,,called_strike
777804-13-1,2025,2025-05-23,1.61,2.72,12.0,FC,L,B,False,,ball
777804-67-7,2025,2025-05-23,0.54,2.39,6.0,SL,R,X,True,single,hit_into_play
777804-67-6,2025,2025-05-23,1.56,0.5,14.0,SL,R,B,False,,blocked_ball
777804-67-5,2025,2025-05-23,0.56,3.82,12.0,FF,R,S,False,,foul
777804-67-4,2025,2025-05-23,0.35,2.32,6.0,SL,R,S,False,,foul
777804-67-3,2025,2025-05-23,1.71,1.38,14.0,SL,R,B,False,,blocked_ball
777804-67-2,2025,2025-05-23,0.4,2.83,6.0,FF,R,S,False,,foul
777804-67-1,2025,2025-05-23,-0.19,2.62,5.0,SL,R,S,False,,foul
777804-54-3,2025,2025-05-23,0.22,2.38,5.0,FC,R,X,True,single,hit_into_play
777804-54-2,2025,2025-05-23,1.08,1.3,14.0,FC,R,B,False,,ball
777804-54-1,2025,2025-05-23,1.14,3.35,12.0,FF,R,B,False,,ball
777804-1-4,2025,2025-05-23,-0.06,2.76,5.0,FF,L,X,True,home_run,hit_into_play
777804-1-3,2025,2025-05-23,0.02,3.94,12.0,FC,L,B,False,,ball
777804-1-2,2025,2025-05-23,0.45,2.99,6.0,FF,L,S,False,,called_strike
777804-1-1,2025,2025-05-23,1.07,3.53,12.0,FF,L,B,False,,ball
777817-41-6,2025,2025-05-22,-0.85,3.89,11.0,KC,R,B,False,walk,ball
777817-41-5,2025,2025-05-22,1.17,1.49,14.0,FF,R,B,False,,ball
777817-41-4,2025,2025-05-22,1.21,0.0,14.0,KC,R,B,False,,ball
777817-41-3,2025,2025-05-22,0.7,1.04,14.0,KC,R,S,False,,swinging_strike
777817-41-2,2025,2025-05-22,-0.61,1.53,7.0,KC,R,S,False,,called_strike
777817-41-1,2025,2025-05-22,0.55,1.2,14.0,SI,R,B,False,,ball
777817-23-4,2025,2025-05-22,0.27,0.38,14.0,KC,R,S,False,strikeout,swinging_strike_blocked
777817-23-3,2025,2025-05-22,0.11,1.8,8.0,KC,R,S,False,,swinging_strike
777817-23-2,2025,2025-05-22,-0.19,-0.28,13.0,KC,R,B,False,,blocked_ball
777817-23-1,2025,2025-05-22,0.03,1.13,14.0,KC,R,S,False,,swinging_strike
777817-59-4,2025,2025-05-22,0.75,2.05,9.0,ST,R,S,False,strikeout,swinging_strike
777817-59-3,2025,2025-05-22,-0.5,0.41,13.0,CU,R,B,False,,ball
777817-59-2,2025,2025-05-22,0.79,2.4,6.0,ST,R,S,False,,swinging_strike
777817-59-1,2025,2025-05-22,-0.18,2.25,5.0,CU,R,S,False,,called_strike
777817-2-3,2025,2025-05-22,0.15,2.04,8.0,KC,R,X,True,field_out,hit_into_play
777817-2-2,2025,2025-05-22,-0.74,1.86,7.0,KC,R,S,False,,swinging_strike
777817-2-1,2025,2025-05-22,-0.84,1.96,13.0,SI,R,S,False,,called_strike
777823-33-4,2025,2025-05-21,1.19,2.01,14.0,CH,L,X,True,force_out,hit_into_play
777823-33-3,2025,2025-05-21,0.3,1.5,14.0,FF,L,B,False,,ball
777823-33-2,2025,2025-05-21,0.13,2.93,2.0,FF,L,S,False,,foul
777823-33-1,2025,2025-05-21,0.02,0.43,14.0,CH,L,B,False,,blocked_ball
777823-63-5,2025,2025-05-21,0.05,1.95,8.0,SL,R,X,True,fielders_choice_out,hit_into_play
777823-63-4,2025,2025-05-21,-0.56,3.55,1.0,FF,R,S,False,,foul
777823-63-3,2025,2025-05-21,-1.16,2.38,13.0,CH,R,B,False,,ball
777823-63-2,2025,2025-05-21,-0.2,2.4,5.0,FF,R,S,False,,foul
777823-63-1,2025,2025-05-21,0.29,1.58,9.0,FF,R,S,False,,called_strike
777823-21-5,2025,2025-05-21,-0.11,2.77,5.0,FF,L,X,True,home_run,hit_into_play
777823-21-4,2025,2025-05-21,1.54,2.99,12.0,FF,L,B,False,,ball
777823-21-3,2025,2025-05-21,1.21,1.64,14.0,CH,L,B,False,,ball
777823-21-2,2025,2025-05-21,0.67,2.44,6.0,FF,L,S,False,,called_strike
777823-21-1,2025,2025-05-21,1.43,1.66,14.0,ST,L,B,False,,ball
777823-46-8,2025,2025-05-21,0.08,1.06,14.0,CH,R,S,False,strikeout,swinging_strike
777823-46-7,2025,2025-05-21,-0.13,2.21,8.0,FF,R,S,False,,foul
777823-46-6,2025,2025-05-21,0.98,1.96,14.0,SL,R,B,False,,ball
777823-46-5,2025,2025-05-21,-0.61,1.39,13.0,FF,R,S,False,,foul
777823-46-4,2025,2025-05-21,-0.84,1.24,13.0,CH,R,B,False,,ball
777823-46-3,2025,2025-05-21,-0.37,1.19,13.0,CH,R,S,False,,swinging_strike
777823-46-2,2025,2025-05-21,-0.74,2.74,4.0,CH,R,S,False,,swinging_strike
777823-46-1,2025,2025-05-21,-0.31,1.17,13.0,FF,R,B,False,,ball
777823-1-3,2025,2025-05-21,0.79,2.99,3.0,FF,L,X,True,single,hit_into_play
777823-1-2,2025,2025-05-21,0.77,1.92,9.0,FF,L,S,False,,called_strike
777823-1-1,2025,2025-05-21,1.13,1.04,14.0,FF,L,B,False,,ball
777842-49-3,2025,2025-05-20,0.94,2.16,14.0,CU,R,S,False,strikeout,called_strike
777842-49-2,2025,2025-05-20,0.57,1.59,14.0,SL,R,S,False,,swinging_strike
777842-49-1,2025,2025-05-20,-0.54,2.4,4.0,FF,R,S,False,,foul
777842-32-5,2025,2025-05-20,0.55,3.24,3.0,CU,R,S,False,strikeout,called_strike
777842-32-4,2025,2025-05-20,-1.24,3.27,11.0,FF,R,S,False,,foul
777842-32-3,2025,2025-05-20,1.95,1.6,14.0,SL,R,B,False,,ball
777842-32-2,2025,2025-05-20,0.87,1.68,14.0,SL,R,S,False,,foul
777842-32-1,2025,2025-05-20,0.5,2.8,6.0,CU,R,S,False,,called_strike
777842-19-3,2025,2025-05-20,-0.02,3.13,2.0,FF,R,X,True,single,hit_into_play
777842-19-2,2025,2025-05-20,-0.51,3.86,11.0,FF,R,B,False,,ball
777842-19-1,2025,2025-05-20,-0.98,2.78,11.0,CU,R,B,False,,ball
777842-66-1,2025,2025-05-20,-0.25,2.22,8.0,SI,R,X,True,field_out,hit_into_play
777842-2-1,2025,2025-05-20,-0.09,2.51,5.0,FF,R,X,True,double,hit_into_play
777852-35-8,2025,2025-05-19,0.69,2.93,6.0,FF,L,X,True,triple,hit_into_play
777852-35-7,2025,2025-05-19,-0.23,1.09,13.0,KC,L,S,False,,foul
777852-35-6,2025,2025-05-19,-0.19,2.32,5.0,FF,L,S,False,,foul
777852-35-5,2025,2025-05-19,-1.5,0.0,13.0,KC,L,B,False,,ball
777852-35-4,2025,2025-05-19,-1.35,2.43,13.0,FF,L,B,False,,ball
777852-35-3,2025,2025-05-19,-0.39,3.08,1.0,FC,L,S,False,,foul
777852-35-2,2025,2025-05-19,1.18,2.11,14.0,FF,L,B,False,,ball
777852-35-1,2025,2025-05-19,0.5,2.47,6.0,CH,L,S,False,,foul
777852-17-4,2025,2025-05-19,0.04,1.36,14.0,KC,L,X,True,single,hit_into_play
777852-17-3,2025,2025-05-19,-0.07,0.48,13.0,KC,L,B,False,,ball
777852-17-2,2025,2025-05-19,-0.39,2.46,4.0,FF,L,S,False,,foul
777852-17-1,2025,2025-05-19,0.78,2.18,9.0,KC,L,S,False,,called_strike
777852-52-3,2025,2025-05-19,0.94,1.67,14.0,ST,R,X,True,fielders_choice,hit_into_play
777852-65-2,2025,2025-05-19,0.26,3.52,2.0,SL,R,X,True,double,hit_into_play
777852-65-1,2025,2025-05-19,-0.38,3.5,1.0,FF,R,S,False,,swinging_strike
777852-52-2,2025,2025-05-19,0.75,2.84,6.0,CU,R,S,False,,called_strike
777852-52-1,2025,2025-05-19,-0.78,2.98,1.0,SI,R,S,False,,called_strike
777852-1-2,2025,2025-05-19,-0.49,1.96,7.0,FC,L,X,True,field_out,hit_into_play
777852-1-1,2025,2025-05-19,0.66,2.95,3.0,FF,L,S,False,,called_strike
777880-42-2,2025,2025-05-18,-0.9,2.79,11.0,ST,R,X,True,field_out,hit_into_play
777880-42-1,2025,2025-05-18,0.39,3.2,3.0,ST,R,S,False,,swinging_strike
777880-27-4,2025,2025-05-18,-0.33,2.13,7.0,ST,R,S,False,strikeout,called_strike
777880-27-3,2025,2025-05-18,0.83,0.76,14.0,CH,R,B,False,,ball
777880-27-2,2025,2025-05-18,0.56,3.17,3.0,ST,R,S,False,,swinging_strike
777880-27-1,2025,2025-05-18,0.11,2.55,5.0,FF,R,S,False,,called_strike
777880-7-2,2025,2025-05-18,-0.88,2.64,11.0,SI,R,X,True,field_out,hit_into_play
777880-7-1,2025,2025-05-18,0.13,2.92,5.0,SL,R,S,False,,foul
777894-22-4,2025,2025-05-17,-0.44,2.4,4.0,ST,R,X,True,field_out,hit_into_play
777894-22-3,2025,2025-05-17,-0.01,3.23,2.0,FF,R,S,False,,swinging_strike
777894-22-2,2025,2025-05-17,0.98,2.44,14.0,SI,R,B,False,,ball
777894-22-1,2025,2025-05-17,-0.68,2.29,4.0,SI,R,S,False,,foul
777894-65-7,2025,2025-05-17,-0.16,2.1,8.0,FF,R,S,False,strikeout,called_strike
777894-65-6,2025,2025-05-17,0.05,3.74,12.0,FF,R,S,False,,foul
777894-65-5,2025,2025-05-17,0.43,2.72,6.0,FF,R,S,False,,foul
777894-65-4,2025,2025-05-17,0.33,2.54,6.0,SI,R,S,False,,called_strike
777894-65-3,2025,2025-05-17,-1.29,3.54,11.0,FC,R,B,False,,ball
777894-65-2,2025,2025-05-17,1.21,1.49,14.0,ST,R,B,False,,ball
777894-65-1,2025,2025-05-17,-0.12,3.09,2.0,SI,R,S,False,,called_strike
777894-6-8,2025,2025-05-17,0.83,1.98,9.0,SL,R,X,True,single,hit_into_play
777894-50-8,2025,2025-05-17,0.09,1.42,14.0,FF,L,X,True,field_out,hit_into_play
777894-6-7,2025,2025-05-17,-1.19,2.42,13.0,SI,R,S,False,,foul
777894-6-6,2025,2025-05-17,-0.97,2.92,11.0,SL,R,S,False,,foul
777894-50-7,2025,2025-05-17,-1.98,1.36,13.0,FF,L,B,False,,ball
777894-50-6,2025,2025-05-17,0.16,1.3,14.0,SV,L,S,False,,foul
777894-6-5,2025,2025-05-17,0.74,3.57,3.0,FF,R,B,False,,ball
777894-6-4,2025,2025-05-17,-0.7,2.41,4.0,SL,R,S,False,,foul
777894-50-5,2025,2025-05-17,0.77,3.33,3.0,FC,L,S,False,,foul
777894-50-4,2025,2025-05-17,-0.17,2.05,8.0,FF,L,S,False,,foul
777894-6-3,2025,2025-05-17,-0.68,3.11,1.0,SL,R,S,False,,called_strike
777894-6-2,2025,2025-05-17,-1.5,2.0,13.0,SI,R,B,False,,ball
777894-50-3,2025,2025-05-17,0.46,3.36,3.0,SV,L,B,False,,ball
777894-6-1,2025,2025-05-17,1.52,1.4,14.0,SL,R,B,False,,ball
777894-50-2,2025,2025-05-17,-0.2,3.5,11.0,SV,L,B,False,,ball
777894-50-1,2025,2025-05-17,-0.18,2.24,8.0,FF,L,S,False,,foul
777894-34-3,2025,2025-05-17,0.13,1.92,8.0,CU,L,X,True,field_out,hit_into_play
777894-34-2,2025,2025-05-17,0.6,3.3,3.0,FF,L,B,False,,ball
777894-34-1,2025,2025-05-17,-0.05,2.48,5.0,FF,L,S,False,,foul
777905-37-4,2025,2025-05-16,-0.36,1.76,7.0,SI,L,X,True,fielders_choice_out,hit_into_play
777905-37-3,2025,2025-05-16,-0.67,1.72,7.0,CU,L,S,False,,foul
777905-37-2,2025,2025-05-16,-0.71,2.36,4.0,CU,L,S,False,,swinging_strike
777905-37-1,2025,2025-05-16,1.16,2.03,14.0,CH,L,B,False,,ball
777905-22-3,2025,2025-05-16,-0.5,1.79,7.0,CU,L,X,True,field_out,hit_into_play
777905-22-2,2025,2025-05-16,-0.04,2.38,5.0,FF,L,S,False,,foul_tip
777905-22-1,2025,2025-05-16,-0.11,1.45,13.0,FF,L,B,False,,ball
777905-56-4,2025,2025-05-16,0.69,2.25,9.0,ST,R,X,True,single,hit_into_play
777905-56-3,2025,2025-05-16,-0.05,1.88,8.0,SI,R,S,False,,called_strike
777905-56-2,2025,2025-05-16,-0.53,2.45,4.0,SI,R,S,False,,foul
777905-56-1,2025,2025-05-16,-1.25,1.62,13.0,ST,R,B,False,,ball
777905-68-1,2025,2025-05-16,0.76,2.41,6.0,FF,L,X,True,triple,hit_into_play
777905-4-2,2025,2025-05-16,-0.39,1.17,13.0,CH,L,X,True,field_out,hit_into_play
777905-4-1,2025,2025-05-16,-0.87,2.11,13.0,FF,L,S,False,,foul
777922-42-6,2025,2025-05-14,1.24,1.52,14.0,ST,R,B,False,walk,ball
777933-45-4,2025,2025-05-14,-0.17,2.02,8.0,SI,R,X,True,field_out,hit_into_play
777922-42-5,2025,2025-05-14,1.37,1.14,14.0,ST,R,B,False,,ball
777933-45-3,2025,2025-05-14,1.4,0.8,14.0,FC,R,B,False,,blocked_ball
777922-42-4,2025,2025-05-14,1.5,2.49,14.0,SI,R,B,False,,ball
777922-42-3,2025,2025-05-14,1.11,4.03,12.0,ST,R,B,False,,ball
777933-45-2,2025,2025-05-14,-0.69,1.54,13.0,SI,R,B,False,,ball
777933-45-1,2025,2025-05-14,1.53,1.25,14.0,FC,R,S,False,,swinging_strike
777922-42-2,2025,2025-05-14,1.06,2.2,14.0,ST,R,S,False,,foul_tip
777922-42-1,2025,2025-05-14,0.75,3.36,3.0,ST,R,S,False,,swinging_strike
777933-20-7,2025,2025-05-14,0.26,2.66,5.0,SI,R,X,True,field_out,hit_into_play
777933-20-6,2025,2025-05-14,-0.63,2.08,7.0,SI,R,S,False,,foul
777933-20-5,2025,2025-05-14,-0.52,3.89,11.0,SI,R,B,False,,ball
777933-20-4,2025,2025-05-14,-1.02,2.39,13.0,SI,R,S,False,,foul
777933-20-3,2025,2025-05-14,1.18,1.04,14.0,FC,R,B,False,,ball
777933-20-2,2025,2025-05-14,-1.44,2.42,13.0,SI,R,B,False,,ball
777933-20-1,2025,2025-05-14,0.1,2.88,5.0,SI,R,S,False,,called_strike
777922-22-4,2025,2025-05-14,0.12,2.59,5.0,SI,R,X,True,field_out,hit_into_play
777922-22-3,2025,2025-05-14,-0.19,3.05,2.0,SI,R,S,False,,foul_tip
777922-22-2,2025,2025-05-14,-0.54,2.88,4.0,FC,R,S,False,,foul
777922-22-1,2025,2025-05-14,0.59,1.05,14.0,ST,R,B,False,,ball
777922-56-3,2025,2025-05-14,-0.35,2.38,4.0,CH,L,X,True,field_out,hit_into_play
777922-56-2,2025,2025-05-14,0.84,1.63,14.0,CH,L,B,False,,ball
777922-56-1,2025,2025-05-14,-0.45,3.55,1.0,SI,L,S,False,,foul
777933-61-5,2025,2025-05-14,0.17,2.68,5.0,SI,R,S,False,strikeout,foul_tip
777933-61-4,2025,2025-05-14,-0.55,1.48,13.0,SI,R,S,False,,called_strike
777933-61-3,2025,2025-05-14,0.91,2.31,14.0,SI,R,S,False,,swinging_strike
777933-61-2,2025,2025-05-14,1.17,2.56,14.0,SI,R,B,False,,ball
777933-61-1,2025,2025-05-14,1.32,1.52,14.0,FF,R,B,False,,ball
777933-7-1,2025,2025-05-14,0.54,1.93,9.0,FC,R,X,True,single,hit_into_play
777922-5-1,2025,2025-05-14,-0.11,2.52,5.0,SI,R,X,True,field_out,hit_into_play
777953-41-4,2025,2025-05-12,-0.31,0.87,13.0,CU,L,S,False,strikeout,swinging_strike_blocked
777953-41-3,2025,2025-05-12,0.81,2.93,6.0,SL,L,S,False,,foul
777953-41-2,2025,2025-05-12,-0.21,2.9,5.0,FF,L,S,False,,foul
777953-41-1,2025,2025-05-12,-1.27,0.12,13.0,CU,L,S,False,,swinging_strike
777953-22-2,2025,2025-05-12,-0.35,1.96,7.0,FF,L,X,True,single,hit_into_play
777953-22-1,2025,2025-05-12,-1.64,2.88,11.0,FC,L,B,False,,ball
777953-58-2,2025,2025-05-12,-0.09,2.35,5.0,CU,R,X,True,field_out,hit_into_play
777953-58-1,2025,2025-05-12,-0.02,1.92,8.0,FF,R,S,False,,called_strike
777953-73-6,2025,2025-05-12,0.45,1.54,14.0,FF,R,X,True,field_out,hit_into_play
777953-73-5,2025,2025-05-12,-0.1,0.61,13.0,SL,R,B,False,,ball
777953-73-4,2025,2025-05-12,0.79,1.69,9.0,SL,R,S,False,,swinging_strike
777953-73-3,2025,2025-05-12,0.76,-1.0,14.0,SL,R,B,False,,ball
777953-73-2,2025,2025-05-12,0.97,2.32,14.0,FF,R,S,False,,foul
777953-73-1,2025,2025-05-12,0.58,0.65,14.0,FF,R,B,False,,ball
777953-5-5,2025,2025-05-12,0.16,0.76,14.0,SL,L,S,False,strikeout,swinging_strike
777953-5-4,2025,2025-05-12,-2.05,-1.67,13.0,CU,L,B,False,,ball
777953-5-3,2025,2025-05-12,1.38,3.83,12.0,FF,L,B,False,,ball
777953-5-2,2025,2025-05-12,-1.34,2.39,13.0,FC,L,S,False,,swinging_strike
777953-5-1,2025,2025-05-12,0.99,3.09,12.0,FF,L,S,False,,called_strike
777971-37-5,2025,2025-05-11,-1.76,2.34,13.0,SI,R,S,False,strikeout,swinging_strike
777971-37-4,2025,2025-05-11,1.7,1.44,14.0,SL,R,B,False,,ball
777971-37-3,2025,2025-05-11,-0.05,2.25,8.0,SI,R,S,False,,foul
777971-37-2,2025,2025-05-11,1.62,0.51,14.0,CH,R,B,False,,ball
777971-37-1,2025,2025-05-11,0.27,2.25,8.0,SL,R,S,False,,swinging_strike
777971-18-4,2025,2025-05-11,0.89,2.51,14.0,FF,R,S,False,strikeout,called_strike
777971-18-3,2025,2025-05-11,0.78,2.1,9.0,FF,R,S,False,,called_strike
777971-18-2,2025,2025-05-11,-0.75,4.28,11.0,FF,R,B,False,,ball
777971-18-1,2025,2025-05-11,0.85,2.35,14.0,FF,R,S,False,,called_strike
777971-54-4,2025,2025-05-11,0.85,2.19,14.0,SL,L,S,False,strikeout,called_strike
777971-54-3,2025,2025-05-11,0.18,3.53,2.0,FF,L,S,False,,foul
777971-54-2,2025,2025-05-11,1.44,2.25,14.0,SI,L,B,False,,ball
777971-54-1,2025,2025-05-11,0.91,2.77,12.0,SI,L,S,False,,foul
777971-2-2,2025,2025-05-11,-0.55,2.33,4.0,CH,R,X,True,grounded_into_double_play,hit_into_play
777971-2-1,2025,2025-05-11,-0.2,2.22,8.0,SI,R,S,False,,foul
777983-37-3,2025,2025-05-10,0.17,2.35,5.0,ST,R,X,True,field_out,hit_into_play
777983-37-2,2025,2025-05-10,0.68,2.01,9.0,CH,R,S,False,,swinging_strike
777983-37-1,2025,2025-05-10,0.3,2.42,6.0,SI,R,S,False,,called_strike
777983-22-2,2025,2025-05-10,0.12,2.68,5.0,SI,R,X,True,single,hit_into_play
777983-22-1,2025,2025-05-10,1.65,2.08,14.0,FC,R,B,False,,ball
777983-66-3,2025,2025-05-10,-0.71,1.91,7.0,FF,L,S,False,strikeout,called_strike
777983-66-2,2025,2025-05-10,-0.29,2.22,7.0,FF,L,S,False,,foul
777983-66-1,2025,2025-05-10,0.43,2.71,6.0,CU,L,S,False,,foul
777983-53-2,2025,2025-05-10,-0.32,2.79,4.0,SI,R,X,True,single,hit_into_play
777983-53-1,2025,2025-05-10,0.62,2.35,6.0,SL,R,S,False,,called_strike
777983-2-1,2025,2025-05-10,-0.34,3.17,1.0,FF,R,X,True,field_out,hit_into_play
777997-35-1,2025,2025-05-09,-0.2,2.27,8.0,FF,R,X,True,single,hit_into_play
777997-18-5,2025,2025-05-09,0.15,2.24,8.0,CU,R,X,True,field_out,hit_into_play
777997-18-4,2025,2025-05-09,0.88,3.04,12.0,FF,R,S,False,,foul
777997-18-3,2025,2025-05-09,-0.62,0.68,13.0,CU,R,B,False,,ball
777997-18-2,2025,2025-05-09,0.73,1.89,9.0,ST,R,S,False,,called_strike
777997-18-1,2025,2025-05-09,0.35,2.76,6.0,FC,R,S,False,,called_strike
777997-55-6,2025,2025-05-09,-0.1,2.0,8.0,SL,R,X,True,field_out,hit_into_play
777997-55-5,2025,2025-05-09,1.42,1.07,14.0,SL,R,B,False,,ball
777997-55-4,2025,2025-05-09,-1.0,1.81,13.0,CH,R,S,False,,foul
777997-55-3,2025,2025-05-09,1.98,1.63,14.0,SL,R,B,False,,ball
777997-55-2,2025,2025-05-09,0.53,2.78,6.0,FF,R,S,False,,foul
777997-55-1,2025,2025-05-09,-0.05,2.14,8.0,FF,R,S,False,,called_strike
777997-2-5,2025,2025-05-09,0.36,2.06,9.0,FF,R,X,True,single,hit_into_play
777997-2-4,2025,2025-05-09,1.19,2.09,14.0,FF,R,B,False,,ball
777997-2-3,2025,2025-05-09,0.75,2.73,6.0,FF,R,B,False,,ball
777997-2-2,2025,2025-05-09,-0.21,3.22,2.0,FF,R,S,False,,foul
777997-2-1,2025,2025-05-09,-1.25,1.89,13.0,CU,R,B,False,,ball
778005-41-5,2025,2025-05-08,0.89,2.4,14.0,FF,R,X,True,field_out,hit_into_play
778005-41-4,2025,2025-05-08,0.58,2.1,9.0,FF,R,S,False,,called_strike
778005-41-3,2025,2025-05-08,0.69,1.49,14.0,FF,R,B,False,,ball
778005-41-2,2025,2025-05-08,0.1,3.95,12.0,SL,R,B,False,,ball
778005-41-1,2025,2025-05-08,0.98,1.47,14.0,FF,R,B,False,,ball
778005-25-3,2025,2025-05-08,-0.57,2.95,1.0,FF,R,X,True,field_out,hit_into_play
778005-25-2,2025,2025-05-08,0.75,1.73,9.0,CH,R,B,False,,ball
778005-25-1,2025,2025-05-08,0.18,3.78,12.0,FF,R,B,False,,ball
778005-61-3,2025,2025-05-08,-0.46,2.53,4.0,FC,R,X,True,double,hit_into_play
778005-61-2,2025,2025-05-08,0.0,2.32,8.0,FF,R,S,False,,called_strike
778005-61-1,2025,2025-05-08,1.07,0.84,14.0,CH,R,B,False,,ball
778005-2-1,2025,2025-05-08,-0.2,3.15,2.0,SL,R,X,True,field_out,hit_into_play
778005-78-2,2025,2025-05-08,-0.09,2.27,8.0,SI,R,X,True,single,hit_into_play
778005-78-1,2025,2025-05-08,0.17,3.13,2.0,SL,R,S,False,,called_strike
778021-32-1,2025,2025-05-07,0.0,3.46,2.0,FF,R,X,True,single,hit_into_play
778021-19-4,2025,2025-05-07,-0.54,2.57,4.0,SL,R,X,True,home_run,hit_into_play
778021-19-3,2025,2025-05-07,0.88,0.98,14.0,FF,R,B,False,,ball
778021-19-2,2025,2025-05-07,-0.6,3.26,1.0,KC,R,S,False,,foul
778021-19-1,2025,2025-05-07,-0.68,3.44,1.0,KC,R,B,False,,ball
778021-2-10,2025,2025-05-07,-0.16,1.91,8.0,FF,R,X,True,field_out,hit_into_play
778021-2-9,2025,2025-05-07,-0.18,2.53,5.0,FF,R,S,False,,foul
778021-2-8,2025,2025-05-07,-0.25,0.67,13.0,KC,R,B,False,,ball
778021-48-3,2025,2025-05-07,0.53,2.11,9.0,SL,R,X,True,force_out,hit_into_play
778021-48-2,2025,2025-05-07,-0.03,2.98,5.0,SI,R,S,False,,called_strike
778021-2-7,2025,2025-05-07,0.27,2.71,5.0,SL,R,S,False,,foul
778021-48-1,2025,2025-05-07,-2.37,3.12,11.0,SI,R,B,False,,ball
778021-2-6,2025,2025-05-07,-0.58,3.06,1.0,KC,R,S,False,,foul
778021-2-5,2025,2025-05-07,0.13,2.25,8.0,KC,R,S,False,,foul
778021-2-4,2025,2025-05-07,1.13,3.05,12.0,FF,R,B,False,,ball
778021-2-3,2025,2025-05-07,0.43,3.27,3.0,KC,R,S,False,,called_strike
778021-2-2,2025,2025-05-07,0.61,4.54,12.0,SL,R,B,False,,ball
778021-2-1,2025,2025-05-07,0.57,2.61,6.0,FF,R,S,False,,foul
778040-35-2,2025,2025-05-06,-0.46,1.76,7.0,SI,R,X,True,fielders_choice,hit_into_play
778040-35-1,2025,2025-05-06,0.75,1.51,14.0,FC,R,B,False,,ball
778040-18-4,2025,2025-05-06,0.47,2.24,9.0,ST,R,X,True,single,hit_into_play
778040-18-3,2025,2025-05-06,1.11,1.57,14.0,ST,R,S,False,,swinging_strike
778040-18-2,2025,2025-05-06,0.71,1.9,9.0,SI,R,B,False,,ball
778040-18-1,2025,2025-05-06,-0.02,1.71,8.0,SI,R,S,False,,called_strike
778040-2-2,2025,2025-05-06,0.6,2.02,9.0,FC,R,X,True,field_out,hit_into_play
778040-2-1,2025,2025-05-06,0.86,1.99,14.0,SI,R,B,False,,ball
778040-67-1,2025,2025-05-06,-0.5,2.96,1.0,CH,R,X,True,field_out,hit_into_play
778040-53-2,2025,2025-05-06,0.75,2.63,6.0,FC,R,X,True,single,hit_into_play
778040-53-1,2025,2025-05-06,0.36,3.78,12.0,SI,R,B,False,,ball
778059-40-3,2025,2025-05-04,-0.52,2.34,4.0,FF,L,X,True,field_out,hit_into_play
778059-40-2,2025,2025-05-04,-0.24,1.03,13.0,CH,L,B,False,,ball
778059-40-1,2025,2025-05-04,-1.3,0.28,13.0,CH,L,B,False,,blocked_ball
778059-23-1,2025,2025-05-04,-0.03,3.04,2.0,FF,L,X,True,field_out,hit_into_play
778059-94-7,2025,2025-05-04,0.37,3.27,3.0,CH,L,X,True,single,hit_into_play
778059-57-1,2025,2025-05-04,-0.22,2.52,5.0,SI,R,X,True,field_out,hit_into_play
778059-94-6,2025,2025-05-04,-0.14,1.69,8.0,CH,L,S,False,,foul
778059-94-5,2025,2025-05-04,0.7,2.94,3.0,CH,L,S,False,,foul
778059-94-4,2025,2025-05-04,-0.67,1.59,13.0,FF,L,S,False,,foul
778059-77-8,2025,2025-05-04,-0.92,4.27,11.0,FF,R,S,False,strikeout,swinging_strike
778059-77-7,2025,2025-05-04,-0.56,3.57,1.0,FF,R,S,False,,foul
778059-94-3,2025,2025-05-04,-0.14,0.48,13.0,CH,L,B,False,,blocked_ball
778059-94-2,2025,2025-05-04,-0.58,0.54,13.0,CH,L,B,False,,blocked_ball
778059-77-6,2025,2025-05-04,2.3,1.77,14.0,ST,R,B,False,,ball
778059-94-1,2025,2025-05-04,-0.44,1.64,7.0,CH,L,S,False,,called_strike
778059-4-5,2025,2025-05-04,0.11,1.8,8.0,FF,L,S,False,strikeout,called_strike
778059-77-5,2025,2025-05-04,-0.01,1.23,13.0,FS,R,S,False,,foul
778059-77-4,2025,2025-05-04,0.33,3.33,3.0,FF,R,S,False,,foul
778059-4-4,2025,2025-05-04,0.94,2.51,14.0,CH,L,S,False,,foul
778059-77-3,2025,2025-05-04,0.24,3.11,2.0,FS,R,S,False,,foul
778059-4-3,2025,2025-05-04,-1.04,1.63,13.0,FF,L,B,False,,ball
778059-77-2,2025,2025-05-04,0.34,1.79,9.0,FF,R,S,False,,called_strike
778059-4-2,2025,2025-05-04,-0.04,2.55,5.0,FF,L,S,False,,foul
778059-77-1,2025,2025-05-04,1.04,2.87,12.0,FF,R,B,False,,ball
778059-4-1,2025,2025-05-04,-1.63,3.99,11.0,FC,L,B,False,,ball
778078-35-5,2025,2025-05-03,-0.01,3.0,2.0,FF,R,X,True,double,hit_into_play
778078-35-4,2025,2025-05-03,1.26,1.95,14.0,SI,R,B,False,,ball
778078-35-3,2025,2025-05-03,0.91,1.78,14.0,FF,R,S,False,,called_strike
778078-35-2,2025,2025-05-03,2.52,1.15,14.0,ST,R,B,False,,ball
778078-35-1,2025,2025-05-03,-1.91,1.87,13.0,SI,R,B,False,,ball
778078-19-5,2025,2025-05-03,0.88,2.63,12.0,ST,R,S,False,strikeout,swinging_strike
778078-19-4,2025,2025-05-03,-0.38,0.63,13.0,CH,R,B,False,,blocked_ball
778078-19-3,2025,2025-05-03,1.59,1.04,14.0,ST,R,B,False,,ball
778078-19-2,2025,2025-05-03,0.66,1.7,9.0,ST,R,S,False,,swinging_strike
778078-19-1,2025,2025-05-03,0.84,2.67,12.0,ST,R,S,False,,foul
778078-69-8,2025,2025-05-03,0.22,2.18,8.0,SL,R,X,True,field_out,hit_into_play
778078-69-7,2025,2025-05-03,1.21,1.74,14.0,SL,R,B,False,,ball
778078-69-6,2025,2025-05-03,-1.06,2.64,11.0,FS,R,S,False,,foul
778078-69-5,2025,2025-05-03,-1.51,5.09,11.0,FS,R,B,False,,ball
778078-69-4,2025,2025-05-03,0.4,1.67,9.0,SL,R,B,False,,ball
778078-69-3,2025,2025-05-03,-0.16,3.89,11.0,FF,R,S,False,,foul
778078-69-2,2025,2025-05-03,-0.65,3.08,1.0,FS,R,S,False,,called_strike
778078-69-1,2025,2025-05-03,0.83,2.77,12.0,SL,R,S,False,,foul
778078-49-1,2025,2025-05-03,0.23,1.94,8.0,SL,L,X,True,field_out,hit_into_play
778078-6-1,2025,2025-05-03,-0.11,2.71,5.0,SI,R,X,True,single,hit_into_play
778086-26-1,2025,2025-05-02,0.39,1.91,9.0,FC,R,X,True,field_out,hit_into_play
778086-63-4,2025,2025-05-02,-0.95,1.48,13.0,FF,L,B,False,walk,ball
778086-48-4,2025,2025-05-02,-0.23,1.92,8.0,SI,R,X,True,field_out,hit_into_play
778086-63-3,2025,2025-05-02,-1.9,1.82,13.0,FF,L,B,False,,ball
778086-48-3,2025,2025-05-02,0.49,0.38,14.0,SL,R,B,False,,ball
778086-63-2,2025,2025-05-02,1.19,3.95,12.0,CH,L,B,False,,ball
778086-7-2,2025,2025-05-02,1.01,2.3,14.0,FC,R,X,True,single,hit_into_play
778086-48-2,2025,2025-05-02,0.79,1.27,14.0,SL,R,B,False,,ball
778086-63-1,2025,2025-05-02,1.64,1.71,14.0,CH,L,B,False,,ball
778086-7-1,2025,2025-05-02,0.8,3.7,3.0,FF,R,B,False,,ball
778086-48-1,2025,2025-05-02,-0.32,1.68,7.0,SI,R,S,False,,swinging_strike
778099-46-2,2025,2025-05-01,-0.81,3.0,1.0,FF,R,X,True,single,hit_into_play
778099-46-1,2025,2025-05-01,-0.97,3.83,11.0,FF,R,B,False,,ball
778099-26-5,2025,2025-05-01,-0.28,2.31,4.0,CH,R,X,True,field_out,hit_into_play
778099-26-4,2025,2025-05-01,1.41,0.24,14.0,SL,R,B,False,,ball
778099-26-3,2025,2025-05-01,0.76,2.34,6.0,SL,R,S,False,,foul_tip
778099-26-2,2025,2025-05-01,-0.47,2.67,4.0,SL,R,S,False,,called_strike
778099-26-1,2025,2025-05-01,-1.33,2.32,13.0,SI,R,B,False,,ball
778099-7-2,2025,2025-05-01,0.22,3.62,12.0,FF,R,X,True,single,hit_into_play
778099-7-1,2025,2025-05-01,0.53,2.35,6.0,SL,R,S,False,,called_strike
778099-64-2,2025,2025-05-01,0.55,2.1,9.0,KC,R,X,True,single,hit_into_play
778099-64-1,2025,2025-05-01,-0.18,1.89,8.0,SI,R,S,False,,called_strike
778118-55-1,2025,2025-04-30,0.89,2.33,14.0,CU,R,X,True,field_out,hit_into_play
778118-37-4,2025,2025-04-30,0.42,2.96,3.0,CU,R,X,True,field_out,hit_into_play
778118-37-3,2025,2025-04-30,1.27,2.33,14.0,CU,R,B,False,,ball
778118-37-2,2025,2025-04-30,-0.28,1.91,7.0,SI,R,S,False,,foul
778118-37-1,2025,2025-04-30,0.34,1.7,9.0,SI,R,S,False,,called_strike
778118-25-4,2025,2025-04-30,0.25,2.77,5.0,FF,R,S,False,strikeout,called_strike
778118-25-3,2025,2025-04-30,1.53,1.07,14.0,CU,R,B,False,,ball
778118-25-2,2025,2025-04-30,-0.68,3.14,1.0,SI,R,S,False,,foul
778118-25-1,2025,2025-04-30,-0.55,2.14,4.0,CU,R,S,False,,called_strike
778118-6-4,2025,2025-04-30,-0.79,3.27,1.0,FF,R,B,False,walk,ball
778118-6-3,2025,2025-04-30,1.64,1.76,14.0,FF,R,B,False,,ball
778118-6-2,2025,2025-04-30,0.69,1.29,14.0,SI,R,B,False,,ball
778118-6-1,2025,2025-04-30,0.88,1.61,14.0,SI,R,B,False,,ball
778131-39-7,2025,2025-04-29,-0.15,3.01,2.0,FF,L,X,True,single,hit_into_play
778131-39-6,2025,2025-04-29,0.11,0.06,14.0,CU,L,B,False,,ball
778131-39-5,2025,2025-04-29,0.27,0.6,14.0,CU,L,B,False,,ball
778131-39-4,2025,2025-04-29,0.01,1.36,14.0,CU,L,S,False,,foul
778131-39-3,2025,2025-04-29,0.21,3.53,2.0,FF,L,S,False,,foul
778131-39-2,2025,2025-04-29,-0.49,-0.3,13.0,CU,L,S,False,,swinging_strike
778131-39-1,2025,2025-04-29,0.93,2.33,14.0,CH,L,S,False,,swinging_strike
778131-23-4,2025,2025-04-29,0.3,2.87,6.0,FC,L,X,True,single,hit_into_play
778131-23-3,2025,2025-04-29,-0.87,-0.33,13.0,CU,L,S,False,,swinging_strike
778131-23-2,2025,2025-04-29,-0.23,1.45,13.0,FC,L,S,False,,called_strike
778131-23-1,2025,2025-04-29,0.25,1.15,14.0,FF,L,B,False,,ball
778131-79-3,2025,2025-04-29,1.67,-0.46,14.0,FS,R,B,False,truncated_pa,ball
778131-79-2,2025,2025-04-29,1.05,1.96,14.0,FF,R,B,False,,ball
778131-79-1,2025,2025-04-29,-0.97,2.1,13.0,FF,R,B,False,,ball
778131-4-6,2025,2025-04-29,-0.1,2.54,5.0,FF,L,X,True,single,hit_into_play
778131-4-5,2025,2025-04-29,0.04,3.13,2.0,FF,L,S,False,,foul
778131-4-4,2025,2025-04-29,-1.41,2.08,13.0,FC,L,B,False,,ball
778131-63-2,2025,2025-04-29,0.61,3.31,3.0,SI,L,X,True,double,hit_into_play
778131-4-3,2025,2025-04-29,-0.8,2.6,4.0,FF,L,S,False,,foul
778131-4-2,2025,2025-04-29,0.11,1.63,14.0,CU,L,B,False,,ball
778131-63-1,2025,2025-04-29,1.14,3.23,12.0,SI,L,B,False,,ball
778131-4-1,2025,2025-04-29,0.63,3.26,3.0,FF,L,S,False,,called_strike
778158-38-5,2025,2025-04-27,0.41,2.11,9.0,SI,R,X,True,field_out,hit_into_play
778158-38-4,2025,2025-04-27,0.42,1.04,14.0,ST,R,B,False,,ball
778158-38-3,2025,2025-04-27,1.0,0.57,14.0,ST,R,B,False,,ball
778158-38-2,2025,2025-04-27,0.53,1.02,14.0,ST,R,S,False,,swinging_strike
778158-38-1,2025,2025-04-27,0.57,2.1,9.0,FC,R,S,False,,foul
778158-19-3,2025,2025-04-27,-0.25,1.89,8.0,FF,R,X,True,single,hit_into_play
778158-19-2,2025,2025-04-27,0.06,1.17,14.0,ST,R,B,False,,ball
778158-19-1,2025,2025-04-27,0.65,2.15,9.0,ST,R,S,False,,called_strike
778158-68-4,2025,2025-04-27,-0.34,2.19,7.0,SL,R,X,True,single,hit_into_play
778158-68-3,2025,2025-04-27,-0.49,1.91,7.0,FF,R,S,False,,foul
778158-68-2,2025,2025-04-27,0.73,0.96,14.0,SL,R,B,False,,ball
778158-68-1,2025,2025-04-27,0.49,2.75,6.0,SL,R,S,False,,called_strike
778158-2-2,2025,2025-04-27,0.1,2.28,5.0,ST,R,X,True,single,hit_into_play
778158-2-1,2025,2025-04-27,-0.8,2.63,4.0,FC,R,S,False,,called_strike
778158-56-4,2025,2025-04-27,0.04,1.46,14.0,CU,R,X,True,field_out,hit_into_play
778158-56-3,2025,2025-04-27,-1.0,1.9,13.0,SI,R,S,False,,swinging_strike
778158-56-2,2025,2025-04-27,1.25,0.76,14.0,SL,R,B,False,,ball
778158-56-1,2025,2025-04-27,-0.47,3.04,1.0,SL,R,S,False,,called_strike
778174-31-3,2025,2025-04-26,0.17,2.93,2.0,FF,R,X,True,field_out,hit_into_play
778174-31-2,2025,2025-04-26,0.78,3.46,3.0,FF,R,B,False,,ball
778174-31-1,2025,2025-04-26,0.2,0.92,14.0,KC,R,B,False,,ball
778174-18-1,2025,2025-04-26,0.86,1.62,14.0,KC,R,X,True,field_out,hit_into_play
778174-50-2,2025,2025-04-26,0.5,1.55,14.0,ST,R,X,True,single,hit_into_play
778174-50-1,2025,2025-04-26,0.11,2.49,5.0,SI,R,S,False,,called_strike
778174-70-5,2025,2025-04-26,-0.39,2.88,4.0,FF,R,X,True,field_out,hit_into_play
778174-2-3,2025,2025-04-26,0.84,1.97,14.0,KC,R,S,False,strikeout,called_strike
778174-2-2,2025,2025-04-26,1.28,1.4,14.0,KC,R,S,False,,swinging_strike
778174-70-4,2025,2025-04-26,0.03,1.85,8.0,FF,R,S,False,,called_strike
778174-2-1,2025,2025-04-26,0.13,2.49,5.0,FF,R,S,False,,foul
778174-70-3,2025,2025-04-26,0.44,3.42,3.0,FF,R,B,False,,ball
778174-70-2,2025,2025-04-26,0.96,2.32,14.0,FF,R,B,False,,ball
778174-70-1,2025,2025-04-26,0.36,1.42,14.0,CU,R,B,False,,ball
778182-42-5,2025,2025-04-25,0.53,2.26,6.0,FF,R,S,False,strikeout,called_strike
778182-42-4,2025,2025-04-25,2.67,0.68,14.0,SL,R,B,False,,ball
778182-42-3,2025,2025-04-25,0.94,2.61,12.0,ST,R,S,False,,foul
778182-42-2,2025,2025-04-25,0.38,2.7,6.0,ST,R,S,False,,foul
778182-42-1,2025,2025-04-25,0.64,3.22,3.0,FF,R,S,False,,swinging_strike
778182-22-2,2025,2025-04-25,0.76,3.0,3.0,FF,R,X,True,single,hit_into_play
778182-22-1,2025,2025-04-25,1.01,1.74,14.0,SL,R,B,False,,ball
778182-60-4,2025,2025-04-25,0.1,2.51,5.0,FF,R,X,True,force_out,hit_into_play
778182-60-3,2025,2025-04-25,0.6,2.65,6.0,FF,R,S,False,,called_strike
778182-60-2,2025,2025-04-25,-2.01,2.89,11.0,SI,R,B,False,,ball
778182-60-1,2025,2025-04-25,-0.17,1.18,13.0,SL,R,B,False,,ball
778182-2-5,2025,2025-04-25,0.41,2.33,6.0,FF,R,S,False,strikeout,called_strike
778182-2-4,2025,2025-04-25,0.77,2.2,9.0,ST,R,S,False,,foul
778182-2-3,2025,2025-04-25,-0.08,2.02,8.0,CU,R,S,False,,called_strike
778182-2-2,2025,2025-04-25,1.51,0.35,14.0,FC,R,B,False,,ball
778182-2-1,2025,2025-04-25,-0.77,2.18,7.0,FF,R,S,False,,called_strike
778203-32-2,2025,2025-04-23,-0.05,2.71,5.0,FF,L,X,True,single,hit_into_play
778203-32-1,2025,2025-04-23,-0.33,1.53,13.0,CU,L,S,False,,foul
778203-14-2,2025,2025-04-23,0.36,1.72,9.0,CH,L,X,True,force_out,hit_into_play
778203-14-1,2025,2025-04-23,-0.17,0.9,13.0,CH,L,B,False,,ball
778203-53-2,2025,2025-04-23,-0.62,2.4,4.0,SI,R,X,True,field_out,hit_into_play
778203-53-1,2025,2025-04-23,0.06,2.71,5.0,SI,R,S,False,,called_strike
778203-1-7,2025,2025-04-23,-0.03,2.17,8.0,SL,L,X,True,field_out,hit_into_play
778203-1-6,2025,2025-04-23,0.65,3.48,3.0,SI,L,S,False,,foul
778203-69-5,2025,2025-04-23,-0.22,1.72,8.0,SL,R,S,False,strikeout,called_strike
778203-69-4,2025,2025-04-23,0.45,0.7,14.0,SL,R,B,False,,ball
778203-1-5,2025,2025-04-23,1.8,3.08,12.0,FF,L,B,False,,ball
778203-1-4,2025,2025-04-23,1.54,1.83,14.0,CH,L,B,False,,ball
778203-69-3,2025,2025-04-23,2.37,0.62,14.0,SL,R,B,False,,ball
778203-1-3,2025,2025-04-23,-0.31,1.79,7.0,CH,L,S,False,,foul
778203-69-2,2025,2025-04-23,0.79,2.11,9.0,SL,R,S,False,,swinging_strike
778203-1-2,2025,2025-04-23,0.13,3.37,2.0,FF,L,S,False,,called_strike
778203-69-1,2025,2025-04-23,0.14,2.77,5.0,SL,R,S,False,,foul
778203-1-1,2025,2025-04-23,0.92,3.93,12.0,SI,L,B,False,,ball
778223-38-3,2025,2025-04-22,1.05,1.35,14.0,SL,R,S,False,strikeout,swinging_strike
778223-38-2,2025,2025-04-22,0.17,2.27,5.0,CH,R,S,False,,foul
778223-38-1,2025,2025-04-22,0.39,2.23,9.0,FF,R,S,False,,foul
778223-17-3,2025,2025-04-22,0.78,1.58,14.0,SL,R,X,True,field_out,hit_into_play
778223-17-2,2025,2025-04-22,0.91,0.5,14.0,SL,R,S,False,,swinging_strike
778223-17-1,2025,2025-04-22,2.06,1.56,14.0,FF,R,B,False,,ball
778223-2-5,2025,2025-04-22,0.72,2.41,6.0,FF,R,X,True,field_out,hit_into_play
778223-55-4,2025,2025-04-22,0.54,2.16,9.0,FF,L,X,True,field_out,hit_into_play
778223-55-3,2025,2025-04-22,-0.04,1.2,13.0,FC,L,B,False,,ball
778223-2-4,2025,2025-04-22,0.64,2.45,6.0,FF,R,S,False,,called_strike
778223-2-3,2025,2025-04-22,-0.25,3.51,11.0,SL,R,B,False,,ball
778223-55-2,2025,2025-04-22,-0.73,3.11,1.0,FF,L,S,False,,foul_tip
778223-2-2,2025,2025-04-22,0.38,3.42,3.0,SL,R,B,False,,ball
778223-55-1,2025,2025-04-22,0.18,1.28,14.0,FF,L,B,False,,ball
778223-2-1,2025,2025-04-22,-0.28,2.81,4.0,SL,R,S,False,,foul
778225-36-5,2025,2025-04-21,0.69,3.18,3.0,FF,R,S,False,strikeout,called_strike
778225-36-4,2025,2025-04-21,0.97,2.27,14.0,FF,R,B,False,,ball
778225-36-3,2025,2025-04-21,0.75,1.8,9.0,FF,R,S,False,,called_strike
778225-36-2,2025,2025-04-21,1.0,1.97,14.0,FF,R,B,False,,ball
778225-36-1,2025,2025-04-21,-0.51,2.95,1.0,FF,R,S,False,,called_strike
778225-19-5,2025,2025-04-21,0.32,0.98,14.0,SL,R,B,False,walk,ball
778225-19-4,2025,2025-04-21,0.92,2.73,12.0,FF,R,B,False,,ball
778225-19-3,2025,2025-04-21,-1.34,2.38,13.0,SI,R,B,False,,ball
778225-19-2,2025,2025-04-21,-0.12,3.31,2.0,FF,R,S,False,,foul
778225-19-1,2025,2025-04-21,1.04,2.13,14.0,FF,R,B,False,,ball
778225-58-5,2025,2025-04-21,0.34,2.79,6.0,FF,R,X,True,field_out,hit_into_play
778225-58-4,2025,2025-04-21,-2.08,3.64,11.0,FF,R,B,False,,ball
778225-58-3,2025,2025-04-21,-0.89,2.52,13.0,SL,R,B,False,,ball
778225-58-2,2025,2025-04-21,0.64,1.36,14.0,SL,R,B,False,,ball
778225-58-1,2025,2025-04-21,0.68,2.68,6.0,FF,R,S,False,,swinging_strike
778225-2-6,2025,2025-04-21,0.75,1.31,14.0,SI,R,B,False,walk,ball
778225-2-5,2025,2025-04-21,0.69,0.11,14.0,SL,R,B,False,,ball
778225-70-4,2025,2025-04-21,0.03,2.66,5.0,FF,R,S,False,strikeout,swinging_strike
778225-2-4,2025,2025-04-21,-0.03,2.02,8.0,SI,R,S,False,,called_strike
778225-70-3,2025,2025-04-21,0.57,1.11,14.0,SL,R,S,False,,swinging_strike
778225-2-3,2025,2025-04-21,-1.41,2.27,13.0,FF,R,B,False,,ball
778225-70-2,2025,2025-04-21,0.02,2.9,5.0,SL,R,S,False,,called_strike
778225-2-2,2025,2025-04-21,0.13,1.84,8.0,SL,R,S,False,,called_strike
778225-70-1,2025,2025-04-21,-0.19,3.51,11.0,FF,R,B,False,,ball
778225-2-1,2025,2025-04-21,-0.98,3.12,11.0,FF,R,B,False,,ball
778248-40-6,2025,2025-04-20,-1.68,3.64,11.0,FC,R,B,False,hit_by_pitch,hit_by_pitch
778248-40-5,2025,2025-04-20,-1.3,4.23,11.0,FF,R,B,False,,ball
778248-40-4,2025,2025-04-20,2.0,2.35,14.0,ST,R,B,False,,ball
778248-40-3,2025,2025-04-20,0.29,1.87,9.0,CH,R,S,False,,foul
778248-40-2,2025,2025-04-20,0.92,2.0,14.0,FC,R,S,False,,swinging_strike
778248-40-1,2025,2025-04-20,-0.27,3.52,2.0,FF,R,B,False,,ball
778248-36-2,2025,2025-04-20,-0.1,1.59,13.0,FC,R,B,False,truncated_pa,ball
778248-36-1,2025,2025-04-20,0.12,2.18,8.0,ST,R,S,False,,called_strike
778248-24-4,2025,2025-04-20,0.34,2.74,6.0,FC,R,X,True,field_out,hit_into_play
778248-24-3,2025,2025-04-20,1.53,1.39,14.0,ST,R,B,False,,ball
778248-24-2,2025,2025-04-20,0.58,3.37,3.0,FF,R,S,False,,foul
778248-24-1,2025,2025-04-20,0.15,3.27,2.0,ST,R,S,False,,called_strike
778248-59-8,2025,2025-04-20,0.08,1.91,8.0,CH,L,X,True,single,hit_into_play
778248-59-7,2025,2025-04-20,-1.24,1.99,13.0,SL,L,B,False,,ball
778248-59-6,2025,2025-04-20,0.69,2.44,6.0,CH,L,S,False,,foul
778248-59-5,2025,2025-04-20,-1.47,0.88,13.0,CU,L,B,False,,ball
778248-59-4,2025,2025-04-20,-0.98,2.49,13.0,SL,L,S,False,,foul
778248-59-3,2025,2025-04-20,0.66,3.26,3.0,CH,L,S,False,,called_strike
778248-59-2,2025,2025-04-20,-0.16,1.63,8.0,CH,L,S,False,,foul
778248-59-1,2025,2025-04-20,-0.21,3.47,2.0,CU,L,B,False,,ball
778248-78-5,2025,2025-04-20,1.17,1.81,14.0,FC,R,B,False,walk,ball
778248-78-4,2025,2025-04-20,0.36,1.29,14.0,FC,R,B,False,,ball
778248-6-4,2025,2025-04-20,0.4,2.13,9.0,ST,R,X,True,single,hit_into_play
778248-78-3,2025,2025-04-20,-1.41,3.49,11.0,SI,R,B,False,,ball
778248-78-2,2025,2025-04-20,0.79,0.76,14.0,ST,R,B,False,,ball
778248-6-3,2025,2025-04-20,-0.3,3.83,11.0,FF,R,B,False,,ball
778248-78-1,2025,2025-04-20,0.69,2.23,9.0,FC,R,S,False,,foul
778248-6-2,2025,2025-04-20,0.7,1.78,9.0,ST,R,S,False,,called_strike
778248-6-1,2025,2025-04-20,-0.73,3.61,11.0,FF,R,S,False,,foul
778252-37-5,2025,2025-04-19,-0.14,2.36,5.0,SL,R,X,True,double,hit_into_play
778252-37-4,2025,2025-04-19,0.55,1.09,14.0,CU,R,S,False,,swinging_strike
778252-37-3,2025,2025-04-19,-1.98,2.7,11.0,FS,R,B,False,,ball
778252-37-2,2025,2025-04-19,-1.75,3.61,11.0,FS,R,B,False,,ball
778252-37-1,2025,2025-04-19,-1.01,2.41,13.0,FF,R,S,False,,foul
778252-70-3,2025,2025-04-19,-0.56,2.85,4.0,CU,L,X,True,single,hit_into_play
778252-70-2,2025,2025-04-19,-0.96,-0.22,13.0,CH,L,B,False,,blocked_ball
778252-70-1,2025,2025-04-19,-0.77,2.34,4.0,FC,L,S,False,,foul
778252-50-6,2025,2025-04-19,0.28,2.84,6.0,CU,L,X,True,single,hit_into_play
778252-50-5,2025,2025-04-19,2.35,3.44,12.0,CH,L,B,False,,ball
778252-50-4,2025,2025-04-19,-0.67,2.12,7.0,FC,L,S,False,,foul
778252-23-3,2025,2025-04-19,0.41,2.28,6.0,CU,R,X,True,single,hit_into_play
778252-50-3,2025,2025-04-19,-1.18,0.71,13.0,CH,L,B,False,,ball
778252-50-2,2025,2025-04-19,0.6,2.42,6.0,FC,L,S,False,,called_strike
778252-23-2,2025,2025-04-19,-0.8,1.21,13.0,CU,R,S,False,,swinging_strike
778252-50-1,2025,2025-04-19,-0.6,1.54,13.0,SI,L,S,False,,called_strike
778252-23-1,2025,2025-04-19,-0.28,2.89,4.0,CU,R,S,False,,foul
778252-6-1,2025,2025-04-19,-0.16,2.94,5.0,FC,R,X,True,field_out,hit_into_play
778274-17-4,2025,2025-04-18,-0.03,1.98,8.0,CH,R,X,True,field_out,hit_into_play
778274-17-3,2025,2025-04-18,-0.56,2.0,7.0,CH,R,S,False,,swinging_strike
778274-17-2,2025,2025-04-18,0.42,2.07,9.0,FF,R,S,False,,called_strike
778274-17-1,2025,2025-04-18,1.08,1.24,14.0,FF,R,B,False,,ball
778274-34-7,2025,2025-04-18,-0.49,3.15,1.0,FF,L,X,True,field_out,hit_into_play
778274-34-6,2025,2025-04-18,0.98,1.57,14.0,SL,L,B,False,,ball
778274-34-5,2025,2025-04-18,-1.06,1.33,13.0,SL,L,B,False,,ball
778274-34-4,2025,2025-04-18,0.33,3.63,12.0,FF,L,S,False,,foul
778274-34-3,2025,2025-04-18,-0.47,2.06,7.0,ST,L,S,False,,foul
778274-34-2,2025,2025-04-18,-0.75,1.02,13.0,CH,L,B,False,,ball
778274-34-1,2025,2025-04-18,0.11,2.65,5.0,FF,L,S,False,,called_strike
778274-5-4,2025,2025-04-18,-1.32,3.21,11.0,FF,R,B,False,walk,ball
778274-5-3,2025,2025-04-18,-1.55,2.95,11.0,SI,R,B,False,,ball
778274-5-2,2025,2025-04-18,0.42,1.32,14.0,SL,R,B,False,,ball
778274-5-1,2025,2025-04-18,0.54,0.56,14.0,SL,R,B,False,,ball
778274-55-2,2025,2025-04-18,-0.16,2.92,5.0,SI,R,X,True,field_out,hit_into_play
778274-55-1,2025,2025-04-18,-2.04,3.21,11.0,SI,R,B,False,,ball
778279-57-4,2025,2025-04-17,-0.63,2.31,4.0,SI,R,X,True,grounded_into_double_play,hit_into_play
778279-57-3,2025,2025-04-17,-1.35,2.34,13.0,SI,R,S,False,,swinging_strike
778279-57-2,2025,2025-04-17,0.1,1.41,14.0,SI,R,B,False,,ball
778279-57-1,2025,2025-04-17,-0.84,2.41,13.0,SI,R,B,False,,ball
778279-39-2,2025,2025-04-17,-0.74,2.49,4.0,SI,R,X,True,field_error,hit_into_play
778279-39-1,2025,2025-04-17,1.11,3.04,12.0,ST,R,B,False,,ball
778279-20-1,2025,2025-04-17,-2.05,4.03,11.0,SI,R,B,False,hit_by_pitch,hit_by_pitch
778279-7-2,2025,2025-04-17,0.15,2.68,5.0,SI,R,X,True,single,hit_into_play
778279-7-1,2025,2025-04-17,0.62,3.13,3.0,SI,R,B,False,,ball
778296-38-7,2025,2025-04-16,-0.04,2.75,5.0,CH,L,X,True,field_out,hit_into_play
778296-38-6,2025,2025-04-16,0.25,3.43,2.0,FF,L,S,False,,foul
778296-38-5,2025,2025-04-16,0.82,3.46,3.0,FF,L,B,False,,ball
778296-38-4,2025,2025-04-16,-0.9,3.29,11.0,FF,L,S,False,,foul
778296-38-3,2025,2025-04-16,0.31,4.38,12.0,FF,L,B,False,,ball
778296-38-2,2025,2025-04-16,-0.05,1.02,13.0,CH,L,S,False,,swinging_strike
778296-38-1,2025,2025-04-16,-0.5,3.71,11.0,FF,L,S,False,,foul
778296-22-3,2025,2025-04-16,-0.81,3.61,11.0,FF,L,S,False,strikeout,swinging_strike
778296-22-2,2025,2025-04-16,0.09,2.94,2.0,FF,L,S,False,,called_strike
778296-22-1,2025,2025-04-16,-0.98,2.47,13.0,FF,L,S,False,,foul
778296-59-5,2025,2025-04-16,-0.76,2.37,4.0,SI,R,S,False,strikeout,called_strike
778296-59-4,2025,2025-04-16,0.3,1.07,14.0,CH,R,B,False,,ball
778296-59-3,2025,2025-04-16,-0.34,3.29,1.0,CH,R,S,False,,called_strike
778296-59-2,2025,2025-04-16,0.2,1.89,8.0,ST,R,S,False,,called_strike
778296-59-1,2025,2025-04-16,0.91,3.11,12.0,FF,R,B,False,,ball
778296-81-4,2025,2025-04-16,0.06,2.5,5.0,SI,R,X,True,field_out,hit_into_play
778296-81-3,2025,2025-04-16,-0.75,1.06,13.0,CH,R,B,False,,ball
778296-81-2,2025,2025-04-16,0.18,1.73,8.0,SI,R,S,False,,called_strike
778296-81-1,2025,2025-04-16,0.15,0.85,14.0,SI,R,B,False,,ball
778296-10-4,2025,2025-04-16,-0.43,1.87,7.0,CH,L,X,True,single,hit_into_play
778296-10-3,2025,2025-04-16,0.2,2.52,5.0,CH,L,S,False,,swinging_strike
778296-10-2,2025,2025-04-16,-1.38,3.27,11.0,FF,L,B,False,,ball
778296-10-1,2025,2025-04-16,0.03,3.05,2.0,FF,L,S,False,,called_strike
778313-39-3,2025,2025-04-15,0.48,2.7,6.0,ST,R,X,True,field_out,hit_into_play
778313-39-2,2025,2025-04-15,0.51,2.65,6.0,FF,R,S,False,,foul
778313-39-1,2025,2025-04-15,0.41,3.02,3.0,FF,R,S,False,,called_strike
778313-22-6,2025,2025-04-15,0.95,2.1,14.0,FF,R,B,False,walk,ball
778313-22-5,2025,2025-04-15,-1.86,3.26,11.0,FF,R,B,False,,ball
778313-22-4,2025,2025-04-15,-1.44,3.03,11.0,FF,R,B,False,,ball
778313-22-3,2025,2025-04-15,0.3,1.2,14.0,SL,R,B,False,,ball
778313-22-2,2025,2025-04-15,0.61,2.02,9.0,SL,R,S,False,,foul
778313-22-1,2025,2025-04-15,0.21,2.48,5.0,ST,R,S,False,,foul
778313-5-6,2025,2025-04-15,0.18,2.91,2.0,SL,R,X,True,field_out,hit_into_play
778313-5-5,2025,2025-04-15,0.42,3.58,3.0,SL,R,B,False,,ball
778313-56-5,2025,2025-04-15,0.1,1.42,14.0,CH,R,X,True,field_out,hit_into_play
778313-5-4,2025,2025-04-15,-1.57,3.11,11.0,SL,R,B,False,,ball
778313-56-4,2025,2025-04-15,0.43,0.09,14.0,CH,R,B,False,,blocked_ball
778313-5-3,2025,2025-04-15,-0.37,3.62,11.0,SL,R,S,False,,swinging_strike
778313-56-3,2025,2025-04-15,-0.36,1.46,13.0,CH,R,S,False,,swinging_strike
778313-56-2,2025,2025-04-15,0.52,0.51,14.0,SL,R,B,False,,blocked_ball
778313-5-2,2025,2025-04-15,0.58,1.06,14.0,SL,R,B,False,,ball
778313-5-1,2025,2025-04-15,0.7,3.29,3.0,FF,R,S,False,,called_strike
778313-56-1,2025,2025-04-15,0.31,2.45,6.0,SL,R,S,False,,called_strike
778320-39-1,2025,2025-04-14,0.73,2.82,6.0,CU,R,X,True,field_out,hit_into_play
778320-23-4,2025,2025-04-14,1.06,1.39,14.0,CU,R,S,False,strikeout,swinging_strike
778320-23-3,2025,2025-04-14,1.74,0.99,14.0,CU,R,B,False,,ball
778320-23-2,2025,2025-04-14,0.41,1.95,9.0,CU,R,S,False,,swinging_strike
778320-23-1,2025,2025-04-14,0.36,2.09,9.0,CU,R,S,False,,foul
778320-79-7,2025,2025-04-14,0.43,0.95,14.0,SL,R,S,False,strikeout,swinging_strike
778320-79-6,2025,2025-04-14,0.59,1.22,14.0,SL,R,S,False,,foul
778320-79-5,2025,2025-04-14,1.8,1.01,14.0,SL,R,B,False,,ball
778320-79-4,2025,2025-04-14,1.65,2.03,14.0,FC,R,B,False,,ball
778320-79-3,2025,2025-04-14,0.52,2.33,6.0,SL,R,S,False,,foul
778320-79-2,2025,2025-04-14,0.36,2.81,6.0,FC,R,S,False,,swinging_strike
778320-79-1,2025,2025-04-14,0.55,1.05,14.0,SL,R,B,False,,ball
778320-60-5,2025,2025-04-14,-0.56,3.73,11.0,FF,L,X,True,field_out,hit_into_play
778320-5-1,2025,2025-04-14,0.03,2.98,2.0,SI,R,X,True,double,hit_into_play
778320-60-4,2025,2025-04-14,-0.07,3.03,2.0,FF,L,S,False,,foul_tip
778320-60-3,2025,2025-04-14,-0.19,4.5,11.0,FF,L,B,False,,ball
778320-60-2,2025,2025-04-14,-1.2,3.88,11.0,FF,L,B,False,,ball
778320-60-1,2025,2025-04-14,-0.72,3.03,1.0,FF,L,S,False,,called_strike
778336-36-1,2025,2025-04-13,0.27,1.61,8.0,FF,L,X,True,field_out,hit_into_play
778336-16-2,2025,2025-04-13,-0.06,2.55,5.0,FF,L,X,True,field_out,hit_into_play
778336-16-1,2025,2025-04-13,1.17,2.54,12.0,CH,L,B,False,,ball
778336-59-3,2025,2025-04-13,1.0,2.4,14.0,CH,L,X,True,field_out,hit_into_play
778336-59-2,2025,2025-04-13,0.67,1.62,14.0,CH,L,B,False,,ball
778336-59-1,2025,2025-04-13,0.49,3.37,3.0,CH,L,S,False,,called_strike
778336-1-3,2025,2025-04-13,-0.06,2.44,5.0,CH,L,X,True,field_out,hit_into_play
778336-1-2,2025,2025-04-13,-0.93,0.06,13.0,SL,L,B,False,,ball
778336-1-1,2025,2025-04-13,-0.1,2.35,5.0,FF,L,S,False,,called_strike
778347-34-4,2025,2025-04-12,0.44,1.76,9.0,CU,R,S,False,strikeout,swinging_strike
778347-34-3,2025,2025-04-12,0.07,2.58,5.0,SI,R,S,False,,foul
778347-34-2,2025,2025-04-12,1.26,1.73,14.0,SL,R,B,False,,ball
778347-34-1,2025,2025-04-12,0.02,2.95,2.0,SL,R,S,False,,swinging_strike
778347-17-3,2025,2025-04-12,-0.19,1.86,8.0,CH,R,X,True,field_out,hit_into_play
778347-17-2,2025,2025-04-12,0.39,3.32,3.0,SI,R,S,False,,called_strike
778347-17-1,2025,2025-04-12,0.9,2.73,12.0,SL,R,S,False,,swinging_strike
778347-52-3,2025,2025-04-12,0.09,2.28,5.0,CH,L,X,True,single,hit_into_play
778347-52-2,2025,2025-04-12,1.04,3.88,12.0,SI,L,B,False,,ball
778347-52-1,2025,2025-04-12,0.3,1.63,9.0,CH,L,B,False,,ball
778347-69-7,2025,2025-04-12,0.18,2.46,5.0,SL,L,X,True,field_out,hit_into_play
778347-69-6,2025,2025-04-12,-0.19,1.36,13.0,CH,L,B,False,,ball
778347-69-5,2025,2025-04-12,0.36,2.82,6.0,SI,L,S,False,,foul
778347-69-4,2025,2025-04-12,-1.07,2.28,13.0,SI,L,B,False,,ball
778347-69-3,2025,2025-04-12,0.11,2.8,5.0,CH,L,S,False,,foul
778347-69-2,2025,2025-04-12,1.78,2.57,14.0,CH,L,B,False,,ball
778347-69-1,2025,2025-04-12,0.85,2.05,14.0,SI,L,S,False,,called_strike
778347-2-2,2025,2025-04-12,-0.26,2.39,5.0,SL,R,X,True,field_out,hit_into_play
778347-2-1,2025,2025-04-12,-0.12,2.79,5.0,SI,R,S,False,,foul
778365-44-3,2025,2025-04-11,-0.47,2.59,4.0,SI,R,X,True,field_out,hit_into_play
778365-44-2,2025,2025-04-11,0.27,0.41,14.0,SL,R,B,False,,ball
778365-44-1,2025,2025-04-11,-0.93,2.13,13.0,SI,R,S,False,,called_strike
778365-20-6,2025,2025-04-11,0.15,1.87,8.0,SL,R,X,True,field_out,hit_into_play
778365-20-5,2025,2025-04-11,-0.96,3.84,11.0,FF,R,B,False,,ball
778365-20-4,2025,2025-04-11,-0.31,2.75,4.0,FF,R,S,False,,foul_tip
778365-20-3,2025,2025-04-11,-0.09,1.59,13.0,SI,R,B,False,,ball
778365-20-2,2025,2025-04-11,-0.84,2.59,11.0,SL,R,S,False,,swinging_strike
778365-20-1,2025,2025-04-11,-0.22,3.86,11.0,FF,R,B,False,,ball
778365-2-4,2025,2025-04-11,0.64,1.55,14.0,SL,R,X,True,field_out,hit_into_play
778365-2-3,2025,2025-04-11,0.33,-0.15,14.0,KC,R,B,False,,ball
778365-2-2,2025,2025-04-11,0.44,2.02,9.0,SL,R,S,False,,called_strike
778365-2-1,2025,2025-04-11,0.51,2.55,6.0,FF,R,S,False,,called_strike
778365-66-1,2025,2025-04-11,0.04,1.68,8.0,FF,R,X,True,single,hit_into_play
778384-37-1,2025,2025-04-10,-0.89,2.65,11.0,SL,R,X,True,double,hit_into_play
778384-20-6,2025,2025-04-10,-1.06,3.03,11.0,SL,R,X,True,field_out,hit_into_play
778384-20-5,2025,2025-04-10,-0.5,1.42,13.0,SI,R,B,False,,ball
778384-20-4,2025,2025-04-10,1.48,-0.14,14.0,SL,R,B,False,,ball
778384-20-3,2025,2025-04-10,0.44,2.3,6.0,FF,R,S,False,,foul
778384-20-2,2025,2025-04-10,0.2,2.23,8.0,FF,R,S,False,,foul
778384-20-1,2025,2025-04-10,0.06,1.72,8.0,FF,R,S,False,,called_strike
778384-52-2,2025,2025-04-10,-0.1,2.27,5.0,SI,L,X,True,force_out,hit_into_play
778384-52-1,2025,2025-04-10,-1.08,1.69,13.0,CU,L,S,False,,swinging_strike
778384-72-6,2025,2025-04-10,1.32,1.86,14.0,SL,R,S,False,strikeout,swinging_strike
778384-72-5,2025,2025-04-10,-0.69,1.2,13.0,FS,R,B,False,,ball
778384-72-4,2025,2025-04-10,1.36,4.44,12.0,FF,R,B,False,,ball
778384-72-3,2025,2025-04-10,1.32,4.06,12.0,FF,R,B,False,,ball
778384-2-4,2025,2025-04-10,0.03,1.69,8.0,SL,R,S,False,strikeout,called_strike
778384-72-2,2025,2025-04-10,0.77,2.89,3.0,FF,R,S,False,,called_strike
778384-72-1,2025,2025-04-10,1.26,3.14,12.0,FF,R,S,False,,swinging_strike
778384-2-3,2025,2025-04-10,0.72,0.39,14.0,FS,R,S,False,,swinging_strike
778384-2-2,2025,2025-04-10,-0.64,1.16,13.0,SI,R,B,False,,ball
778384-2-1,2025,2025-04-10,-0.75,2.0,7.0,SI,R,S,False,,called_strike
778393-19-5,2025,2025-04-09,0.01,3.54,2.0,FF,R,B,False,walk,ball
778393-19-4,2025,2025-04-09,0.86,1.88,14.0,SL,R,B,False,,ball
778393-19-3,2025,2025-04-09,0.49,1.57,14.0,SL,R,S,False,,foul
778393-19-2,2025,2025-04-09,1.21,0.75,14.0,SL,R,B,False,,ball
778393-19-1,2025,2025-04-09,0.52,4.97,12.0,FF,R,B,False,,ball
778393-2-5,2025,2025-04-09,1.07,-0.02,14.0,SL,R,S,False,strikeout,swinging_strike_blocked
778393-2-4,2025,2025-04-09,1.62,0.78,14.0,SL,R,S,False,,swinging_strike
778393-58-4,2025,2025-04-09,0.82,1.61,9.0,CH,L,X,True,single,hit_into_play
778393-58-3,2025,2025-04-09,-0.51,0.83,13.0,SL,L,B,False,,ball
778393-2-3,2025,2025-04-09,1.29,1.48,14.0,SL,R,S,False,,swinging_strike
778393-58-2,2025,2025-04-09,-0.91,1.32,13.0,SL,L,S,False,,swinging_strike
778393-2-2,2025,2025-04-09,1.91,0.88,14.0,FC,R,B,False,,ball
778393-58-1,2025,2025-04-09,0.26,2.73,5.0,SL,L,S,False,,foul
778393-2-1,2025,2025-04-09,1.06,3.47,12.0,FF,R,B,False,,ball
778393-75-1,2025,2025-04-09,0.16,2.49,5.0,SL,R,X,True,home_run,hit_into_play
778393-37-4,2025,2025-04-09,0.33,3.24,3.0,FF,L,S,False,strikeout,swinging_strike
778393-37-3,2025,2025-04-09,0.34,2.76,6.0,SI,L,S,False,,swinging_strike
778393-37-2,2025,2025-04-09,1.17,3.9,12.0,FF,L,B,False,,ball
778393-37-1,2025,2025-04-09,-0.55,2.58,4.0,FF,L,S,False,,called_strike
778406-32-3,2025,2025-04-08,0.42,1.92,9.0,SL,L,X,True,field_out,hit_into_play
778406-32-2,2025,2025-04-08,-0.88,1.0,13.0,SL,L,S,False,,swinging_strike
778406-32-1,2025,2025-04-08,0.08,2.64,5.0,FF,L,S,False,,foul
778406-19-4,2025,2025-04-08,0.58,3.63,12.0,FF,L,X,True,single,hit_into_play
778406-19-3,2025,2025-04-08,0.35,3.62,12.0,FF,L,S,False,,foul_tip
778406-19-2,2025,2025-04-08,-0.43,0.59,13.0,CH,L,B,False,,ball
778406-19-1,2025,2025-04-08,0.76,1.85,9.0,SL,L,S,False,,called_strike
778406-50-6,2025,2025-04-08,-0.28,2.51,4.0,FF,R,X,True,field_out,hit_into_play
778406-50-5,2025,2025-04-08,-1.38,3.31,11.0,SL,R,B,False,,ball
778406-50-4,2025,2025-04-08,1.39,0.73,14.0,SL,R,B,False,,ball
778406-50-3,2025,2025-04-08,0.73,0.17,14.0,SL,R,B,False,,ball
778406-50-2,2025,2025-04-08,-0.12,2.85,5.0,FF,R,S,False,,swinging_strike
778406-50-1,2025,2025-04-08,0.57,3.11,3.0,FF,R,S,False,,swinging_strike
778406-78-5,2025,2025-04-08,0.26,2.6,5.0,FF,R,X,True,field_out,hit_into_play
778406-78-4,2025,2025-04-08,2.86,0.95,14.0,SL,R,B,False,,ball
778406-78-3,2025,2025-04-08,0.38,2.04,9.0,SL,R,S,False,,foul
778406-1-6,2025,2025-04-08,1.07,3.22,12.0,FF,L,S,False,strikeout,swinging_strike
778406-78-2,2025,2025-04-08,0.15,3.58,12.0,FF,R,S,False,,swinging_strike
778406-1-5,2025,2025-04-08,-0.24,1.91,8.0,FF,L,S,False,,called_strike
778406-78-1,2025,2025-04-08,0.51,1.93,9.0,SI,R,S,False,,called_strike
778406-1-4,2025,2025-04-08,1.07,3.54,12.0,FF,L,B,False,,ball
778406-1-3,2025,2025-04-08,0.43,2.22,6.0,CH,L,S,False,,foul
778406-1-2,2025,2025-04-08,-0.79,1.48,13.0,CH,L,B,False,,ball
778406-1-1,2025,2025-04-08,0.01,3.83,12.0,FF,L,B,False,,ball
778434-23-6,2025,2025-04-06,0.79,1.64,9.0,FF,R,B,False,walk,ball
778434-23-5,2025,2025-04-06,0.92,-0.3,14.0,CU,R,B,False,,blocked_ball
778434-23-4,2025,2025-04-06,0.0,1.74,8.0,CU,R,S,False,,foul
778434-23-3,2025,2025-04-06,0.35,2.87,6.0,FF,R,S,False,,called_strike
778434-23-2,2025,2025-04-06,-1.16,2.52,13.0,FF,R,B,False,,ball
778434-23-1,2025,2025-04-06,1.37,3.18,12.0,SL,R,B,False,,ball
778434-74-3,2025,2025-04-06,-0.04,2.37,5.0,ST,R,X,True,field_out,hit_into_play
778434-74-2,2025,2025-04-06,0.52,2.06,9.0,SI,R,S,False,,called_strike
778434-74-1,2025,2025-04-06,-0.81,3.45,1.0,SI,R,B,False,,ball
778434-8-4,2025,2025-04-06,-0.73,3.73,11.0,FF,R,B,False,walk,ball
778434-8-3,2025,2025-04-06,-0.45,3.4,1.0,SI,R,B,False,,ball
778434-55-1,2025,2025-04-06,0.33,1.47,14.0,FS,R,X,True,field_out,hit_into_play
778434-8-2,2025,2025-04-06,1.45,1.56,14.0,FF,R,B,False,,ball
778434-38-3,2025,2025-04-06,1.14,3.18,12.0,FF,L,S,False,strikeout,swinging_strike
778434-8-1,2025,2025-04-06,0.11,3.95,12.0,FF,R,B,False,,ball
778434-38-2,2025,2025-04-06,0.28,3.41,3.0,FF,L,S,False,,swinging_strike
778434-38-1,2025,2025-04-06,0.13,3.04,2.0,CU,L,S,False,,called_strike
778448-24-3,2025,2025-04-05,-0.22,2.06,8.0,FS,R,X,True,field_out,hit_into_play
778448-24-2,2025,2025-04-05,-1.76,1.17,13.0,FS,R,B,False,,ball
778448-24-1,2025,2025-04-05,0.55,1.96,9.0,SL,R,S,False,,called_strike
778448-60-6,2025,2025-04-05,-0.58,0.79,13.0,SL,L,S,False,strikeout,swinging_strike_blocked
778448-60-5,2025,2025-04-05,1.53,3.09,12.0,FF,L,B,False,,ball
778448-60-4,2025,2025-04-05,0.86,2.25,14.0,FF,L,B,False,,ball
778448-60-3,2025,2025-04-05,-0.56,2.6,4.0,SL,L,S,False,,foul
778448-60-2,2025,2025-04-05,-0.9,1.78,13.0,SL,L,S,False,,swinging_strike
778448-60-1,2025,2025-04-05,0.48,2.15,9.0,FF,L,S,False,,foul
778448-6-1,2025,2025-04-05,0.07,2.12,8.0,FF,R,X,True,single,hit_into_play
778448-45-3,2025,2025-04-05,0.32,1.64,9.0,ST,R,X,True,field_out,hit_into_play
778448-45-2,2025,2025-04-05,0.61,3.36,3.0,FF,R,B,False,,ball
778448-45-1,2025,2025-04-05,0.82,2.16,9.0,ST,R,S,False,,called_strike
778459-40-7,2025,2025-04-04,-1.35,2.65,11.0,CU,R,B,False,walk,ball
778459-40-6,2025,2025-04-04,-1.13,3.24,11.0,FF,R,S,False,,foul
778459-40-5,2025,2025-04-04,0.42,0.59,14.0,FS,R,B,False,,ball
778459-40-4,2025,2025-04-04,-0.6,2.97,1.0,FF,R,S,False,,foul
778459-40-3,2025,2025-04-04,0.71,2.72,6.0,FF,R,S,False,,foul
778459-40-2,2025,2025-04-04,2.22,1.14,14.0,FC,R,B,False,,ball
778459-40-1,2025,2025-04-04,1.05,1.7,14.0,FF,R,B,False,,ball
778459-21-3,2025,2025-04-04,0.21,2.25,5.0,FF,R,X,True,field_out,hit_into_play
778459-21-2,2025,2025-04-04,-0.96,2.35,13.0,CU,R,B,False,,ball
778459-21-1,2025,2025-04-04,1.34,0.65,14.0,FC,R,B,False,,ball
778459-5-3,2025,2025-04-04,-0.14,1.37,13.0,ST,R,X,True,double,hit_into_play
778459-54-6,2025,2025-04-04,0.3,1.69,9.0,ST,R,S,False,strikeout,called_strike
778459-5-2,2025,2025-04-04,0.68,3.13,3.0,FF,R,S,False,,swinging_strike
778459-5-1,2025,2025-04-04,-0.3,3.05,1.0,FF,R,S,False,,called_strike
778459-54-5,2025,2025-04-04,1.38,0.57,14.0,ST,R,B,False,,blocked_ball
778459-54-4,2025,2025-04-04,0.75,0.54,14.0,ST,R,B,False,,ball
778459-54-3,2025,2025-04-04,0.76,3.02,3.0,ST,R,S,False,,called_strike
778459-54-2,2025,2025-04-04,0.6,1.93,9.0,ST,R,S,False,,called_strike
778459-54-1,2025,2025-04-04,0.3,3.67,12.0,ST,R,B,False,,ball
778467-40-3,2025,2025-04-03,-0.8,2.69,4.0,SI,R,X,True,field_out,hit_into_play
778467-40-2,2025,2025-04-03,0.72,3.84,12.0,SI,R,B,False,,ball
778467-40-1,2025,2025-04-03,0.26,3.06,2.0,SL,R,S,False,,called_strike
778467-21-2,2025,2025-04-03,0.58,2.48,6.0,SL,R,X,True,field_out,hit_into_play
778467-21-1,2025,2025-04-03,0.13,1.37,14.0,CU,R,S,False,,swinging_strike
778467-57-6,2025,2025-04-03,0.5,3.91,12.0,FF,L,S,False,strikeout,swinging_strike
778467-57-5,2025,2025-04-03,-0.04,3.2,2.0,FF,L,S,False,,foul
778467-57-4,2025,2025-04-03,1.66,2.52,14.0,FF,L,B,False,,ball
778467-57-3,2025,2025-04-03,1.28,3.4,12.0,FF,L,B,False,,ball
778467-57-2,2025,2025-04-03,1.19,2.69,12.0,CU,L,B,False,,ball
778467-57-1,2025,2025-04-03,0.84,2.02,14.0,CH,L,S,False,,called_strike
778467-5-5,2025,2025-04-03,0.82,2.15,9.0,FF,R,X,True,single,hit_into_play
778467-5-4,2025,2025-04-03,-0.26,4.13,11.0,FF,R,B,False,,ball
778467-5-3,2025,2025-04-03,0.32,2.65,6.0,FF,R,S,False,,foul
778467-5-2,2025,2025-04-03,0.43,1.49,14.0,SL,R,S,False,,called_strike
778467-5-1,2025,2025-04-03,0.8,1.84,9.0,SL,R,S,False,,swinging_strike
778482-52-1,2025,2025-04-02,0.6,2.65,6.0,SI,L,X,True,single,hit_into_play
778482-36-6,2025,2025-04-02,0.22,1.32,14.0,KC,L,X,True,single,hit_into_play
778482-36-5,2025,2025-04-02,0.15,3.37,2.0,SI,L,S,False,,foul
778482-36-4,2025,2025-04-02,-1.02,2.46,13.0,FF,L,B,False,,ball
778482-36-3,2025,2025-04-02,-0.09,2.26,5.0,KC,L,S,False,,foul
778482-36-2,2025,2025-04-02,0.59,3.16,3.0,FC,L,S,False,,called_strike
778482-36-1,2025,2025-04-02,1.04,4.34,12.0,SI,L,B,False,,ball
778482-20-2,2025,2025-04-02,-0.33,2.71,4.0,ST,L,X,True,single,hit_into_play
778482-20-1,2025,2025-04-02,0.12,3.3,2.0,FF,L,S,False,,foul
778482-66-4,2025,2025-04-02,-0.32,1.59,7.0,FS,R,S,False,strikeout,swinging_strike
778482-66-3,2025,2025-04-02,-0.75,0.73,13.0,FS,R,B,False,,blocked_ball
778482-66-2,2025,2025-04-02,-0.6,1.39,13.0,FS,R,S,False,,swinging_strike
778482-66-1,2025,2025-04-02,-0.07,2.02,8.0,SL,R,S,False,,foul
778482-4-3,2025,2025-04-02,0.36,2.36,6.0,SI,L,X,True,field_out,hit_into_play
778482-4-2,2025,2025-04-02,0.13,0.88,14.0,SI,L,B,False,,ball
778482-4-1,2025,2025-04-02,0.42,1.04,14.0,SI,L,B,False,,ball
778502-55-6,2025,2025-03-31,-0.55,0.96,13.0,SI,L,B,False,walk,ball
778502-55-5,2025,2025-03-31,1.49,1.56,14.0,SI,L,B,False,,ball
778502-55-4,2025,2025-03-31,-0.99,0.38,13.0,CH,L,B,False,,blocked_ball
778502-55-3,2025,2025-03-31,-1.3,-1.01,13.0,CH,L,B,False,,blocked_ball
778502-55-2,2025,2025-03-31,0.15,1.17,14.0,SI,L,S,False,,foul
778502-55-1,2025,2025-03-31,0.41,1.63,9.0,SI,L,S,False,,swinging_strike
778555-19-8,2025,2025-03-27,-0.32,2.43,4.0,FF,L,X,True,field_out,hit_into_play
778555-19-7,2025,2025-03-27,-0.03,2.49,5.0,FF,L,S,False,,foul
778555-19-6,2025,2025-03-27,-0.11,3.0,2.0,FF,L,S,False,,foul
778555-19-5,2025,2025-03-27,-0.36,1.53,13.0,CU,L,S,False,,foul
778555-19-4,2025,2025-03-27,-1.01,-0.48,13.0,CU,L,B,False,,ball
778555-19-3,2025,2025-03-27,0.25,4.01,12.0,FF,L,B,False,,ball
778555-19-2,2025,2025-03-27,-0.37,2.73,4.0,FF,L,S,False,,swinging_strike
778555-19-1,2025,2025-03-27,-0.57,3.19,1.0,CH,L,S,False,,called_strike
778555-53-5,2025,2025-03-27,-1.93,1.1,13.0,CH,L,B,False,walk,ball
778555-53-4,2025,2025-03-27,0.04,2.73,5.0,CH,L,S,False,,called_strike
778555-53-3,2025,2025-03-27,-1.8,2.11,13.0,SI,L,B,False,,ball
778555-53-2,2025,2025-03-27,-1.62,-0.75,13.0,CH,L,B,False,,ball
778555-53-1,2025,2025-03-27,-0.64,1.2,13.0,SI,L,B,False,,ball
778555-71-3,2025,2025-03-27,-1.27,2.79,11.0,SL,L,X,True,field_out,hit_into_play
778555-71-2,2025,2025-03-27,-1.19,2.55,13.0,FF,L,S,False,,foul
778555-1-6,2025,2025-03-27,-0.82,1.66,7.0,FF,L,S,False,strikeout,swinging_strike
778555-39-6,2025,2025-03-27,0.59,2.1,9.0,ST,R,X,True,field_out,hit_into_play
778555-71-1,2025,2025-03-27,-0.3,4.47,11.0,SL,L,B,False,,ball
778555-39-5,2025,2025-03-27,0.75,3.42,3.0,FF,R,S,False,,foul
778555-1-5,2025,2025-03-27,-0.05,1.14,13.0,CU,L,S,False,,foul
778555-39-4,2025,2025-03-27,1.35,1.68,14.0,ST,R,B,False,,ball
778555-1-4,2025,2025-03-27,0.85,4.96,12.0,CU,L,B,False,,ball
778555-39-3,2025,2025-03-27,0.86,1.76,14.0,ST,R,S,False,,foul
778555-1-3,2025,2025-03-27,-0.19,2.28,5.0,FF,L,S,False,,foul
778555-39-2,2025,2025-03-27,-0.5,2.39,4.0,FF,R,S,False,,called_strike
778555-1-2,2025,2025-03-27,-0.25,2.14,8.0,FF,L,S,False,,foul
778555-39-1,2025,2025-03-27,1.11,2.4,14.0,SL,R,B,False,,ball
778555-1-1,2025,2025-03-27,0.52,3.64,12.0,FF,L,B,False,,ball
822717-40-1,2026,2026-06-25,0.6217477900093654,2.164853730695703,6.0,KC,R,X,True,field_out,hit_into_play
822717-21-2,2026,2026-06-25,0.4983277736901381,2.0061828886651187,9.0,ST,R,X,True,single,hit_into_play
822717-21-1,2026,2026-06-25,-0.4235631255737154,3.0286941611040445,1.0,FF,R,S,False,,called_strike
822717-68-4,2026,2026-06-25,0.3303517893868994,1.790496229445696,9.0,SL,R,S,False,strikeout_double_play,called_strike
822717-68-3,2026,2026-06-25,0.0098542585542969,2.060340986967262,8.0,SL,R,S,False,,foul
822717-68-2,2026,2026-06-25,0.1430717211699078,3.968815605144518,12.0,FF,R,B,False,,ball
822717-56-1,2026,2026-06-25,0.1758042414329357,2.1904799937303703,5.0,FF,L,X,True,single,hit_into_play
822717-68-1,2026,2026-06-25,0.3386979848653764,1.5828697721374727,9.0,SL,R,S,False,,foul
822717-1-5,2026,2026-06-25,0.7419872578081355,1.6582598528826993,9.0,KC,R,S,False,strikeout,swinging_strike
822717-1-4,2026,2026-06-25,0.3138686367708247,2.033593152106683,9.0,KC,R,S,False,,foul
822717-1-3,2026,2026-06-25,0.1603582883593522,1.7924292158318278,8.0,KC,R,S,False,,foul
822717-1-2,2026,2026-06-25,-0.5055988318729469,3.675406464738386,11.0,FF,R,B,False,,ball
822717-1-1,2026,2026-06-25,0.8858709029236844,2.226013435241189,14.0,FF,R,S,False,,swinging_strike
822719-56-5,2026,2026-06-24,0.5623814914849818,2.1055815979944024,9.0,SL,R,X,True,double,hit_into_play
822719-56-4,2026,2026-06-24,1.0581131469724834,0.2141767082680461,14.0,CU,R,B,False,,ball
822719-56-3,2026,2026-06-24,0.3631393270067107,2.518918856127723,6.0,FF,R,S,False,,foul
822719-56-2,2026,2026-06-24,0.300380594459341,0.8443527657516547,14.0,CU,R,B,False,,ball
822719-56-1,2026,2026-06-24,-1.1300588779169642,2.347405150583033,13.0,SI,R,S,False,,foul
822719-20-4,2026,2026-06-24,1.2296177408692608,1.962615772027152,14.0,ST,L,S,False,strikeout,swinging_strike
822719-20-3,2026,2026-06-24,0.3073100976232368,2.784470895472711,3.0,SI,L,S,False,,foul
822719-20-2,2026,2026-06-24,0.4172574117532437,2.265041857379458,6.0,SI,L,S,False,,foul
822719-20-1,2026,2026-06-24,1.1603758139402245,3.652326965411318,12.0,FC,L,B,False,,ball
822719-37-6,2026,2026-06-24,0.0162518150375166,3.0835404285034347,2.0,SI,R,X,True,single,hit_into_play
822719-37-5,2026,2026-06-24,0.6714605701054721,1.598292495911109,9.0,SL,R,S,False,,called_strike
822719-37-4,2026,2026-06-24,-0.2568463864324777,3.5246104612586477,11.0,SI,R,B,False,,ball
822719-37-3,2026,2026-06-24,0.8463015512444511,0.625414168336214,14.0,ST,R,B,False,,ball
822719-37-2,2026,2026-06-24,-0.1648665173604693,1.678810658610981,8.0,FF,R,S,False,,foul
822719-37-1,2026,2026-06-24,0.2597786238680077,0.3628352609900416,14.0,CU,R,B,False,,ball
822719-1-7,2026,2026-06-24,-0.3105696571555938,1.742341717199508,7.0,SI,L,X,True,field_out,hit_into_play
822719-73-1,2026,2026-06-24,0.8490010800341821,2.3852094430942787,14.0,SI,L,X,True,field_out,hit_into_play
822719-1-6,2026,2026-06-24,0.1594424552023034,1.2936060658189024,14.0,FC,L,S,False,,foul
822719-1-5,2026,2026-06-24,1.0471945460317165,2.51351068515018,12.0,SI,L,S,False,,swinging_strike
822719-1-4,2026,2026-06-24,1.8438562889113088,3.0009626999541217,12.0,SI,L,B,False,,ball
822719-1-3,2026,2026-06-24,1.4247192680123115,3.1608161443208864,12.0,FF,L,B,False,,ball
822719-1-2,2026,2026-06-24,-1.0470506606394616,2.133143642464586,13.0,SI,L,B,False,,ball
822719-1-1,2026,2026-06-24,0.9369274935771896,1.695811217258623,14.0,SI,L,S,False,,foul
822718-37-4,2026,2026-06-23,0.0782253119310174,1.4286015744874967,14.0,ST,R,X,True,field_out,hit_into_play
822718-37-3,2026,2026-06-23,-0.2297017335811647,3.1622716813045866,2.0,SL,R,S,False,,foul
822718-37-2,2026,2026-06-23,0.6197285282171168,0.7162217315835266,14.0,FS,R,B,False,,ball
822718-37-1,2026,2026-06-23,0.8422443293437365,1.7959349869656114,14.0,ST,R,S,False,,swinging_strike
822718-20-2,2026,2026-06-23,-0.3702023034161179,1.8089331816214989,7.0,SI,R,X,True,field_out,hit_into_play
822718-20-1,2026,2026-06-23,0.8801622242814018,2.143342558090671,14.0,SL,R,S,False,,called_strike
822718-57-5,2026,2026-06-23,0.2070862758455214,2.584335230633619,5.0,FF,R,S,False,strikeout,swinging_strike
822718-57-4,2026,2026-06-23,-0.6268966482025172,4.960297647811357,11.0,SL,R,B,False,,ball
822718-82-3,2026,2026-06-23,1.035487205759688,2.0010657588109373,14.0,FF,R,X,True,single,hit_into_play
822718-73-5,2026,2026-06-23,0.0694605476338472,2.8549759443572675,2.0,FF,R,X,True,single,hit_into_play
822718-57-3,2026,2026-06-23,-0.6540345455120324,2.079179742734029,7.0,SI,R,S,False,,foul
822718-82-2,2026,2026-06-23,0.0449235352182385,1.80725607338106,8.0,FC,R,S,False,,swinging_strike
822718-57-2,2026,2026-06-23,1.116306244351911,0.9798010606636124,14.0,SL,R,B,False,,ball
822718-82-1,2026,2026-06-23,0.7916627331346141,2.4173354047424755,6.0,FC,R,S,False,,called_strike
822718-73-4,2026,2026-06-23,1.739032408689024,0.7034390543793578,14.0,ST,R,B,False,,ball
822718-73-3,2026,2026-06-23,0.0402468664567765,2.656252571583412,5.0,FF,R,S,False,,foul
822718-57-1,2026,2026-06-23,0.1246442628539746,2.240855320195368,5.0,SL,R,S,False,,called_strike
822718-73-2,2026,2026-06-23,2.3113413069808133,1.6888671886509925,14.0,ST,R,B,False,,ball
822718-73-1,2026,2026-06-23,0.5029911988801159,1.6082401556623256,9.0,SI,R,S,False,,called_strike
822718-1-5,2026,2026-06-23,-0.8297551153727771,1.9500979609586748,13.0,FF,L,S,False,strikeout,called_strike
822718-1-4,2026,2026-06-23,0.0886500074372744,2.096342852178925,8.0,SI,L,S,False,,swinging_strike
822718-1-3,2026,2026-06-23,-0.4954200169296106,3.200714443004295,1.0,ST,L,B,False,,ball
822718-1-2,2026,2026-06-23,0.2037548354926243,1.7841636480034664,8.0,ST,L,S,False,,foul
822718-1-1,2026,2026-06-23,2.5028879076750137,3.6722975613353945,12.0,FF,L,B,False,,ball
822720-38-1,2026,2026-06-22,-0.1257104531120574,1.00526543525178,13.0,CU,L,X,True,field_out,hit_into_play
822720-21-3,2026,2026-06-22,0.3083157149812846,1.254403835408116,14.0,CU,L,X,True,force_out,hit_into_play
822720-21-2,2026,2026-06-22,1.3728014226450893,3.66695916960202,12.0,FS,L,B,False,,ball
822720-21-1,2026,2026-06-22,0.5254087562984555,3.052531746036908,3.0,FF,L,S,False,,foul
822720-1-6,2026,2026-06-22,-0.6459664680349514,3.434087057115756,11.0,FC,L,S,False,strikeout,swinging_strike
822720-1-5,2026,2026-06-22,0.5522521703788416,2.293513169565833,6.0,FF,L,S,False,,foul
822720-61-4,2026,2026-06-22,0.4228225961984108,1.6399462103061542,9.0,FF,L,S,False,strikeout,swinging_strike
822720-1-4,2026,2026-06-22,-0.1351470941744692,-0.0945033257715106,13.0,FS,L,B,False,,ball
822720-1-3,2026,2026-06-22,-0.0013788489719927,1.806034102638173,8.0,CU,L,S,False,,swinging_strike
822720-61-3,2026,2026-06-22,0.3486161177144015,3.3893652400844894,12.0,FF,L,S,False,,foul
822720-1-2,2026,2026-06-22,0.7793814396268506,0.8749538217172554,14.0,FC,L,B,False,,ball
822720-61-2,2026,2026-06-22,0.7248368168679714,1.7643233695908307,9.0,FF,L,S,False,,called_strike
822720-1-1,2026,2026-06-22,0.7846018171977214,1.9608029065929071,9.0,FF,L,S,False,,called_strike
822720-61-1,2026,2026-06-22,0.92913983017971,2.2444688817619327,14.0,ST,L,B,False,,ball
823449-34-5,2026,2026-06-21,0.6146077717913128,2.965144792753695,3.0,SI,L,X,True,field_out,hit_into_play
823449-34-4,2026,2026-06-21,-0.2145282591200477,0.8103839545729166,13.0,SL,L,B,False,,ball
823449-34-3,2026,2026-06-21,-1.5365600811978213,0.5299550455451723,13.0,SL,L,B,False,,ball
823449-34-2,2026,2026-06-21,0.8681522919181326,2.9039128042346807,12.0,FF,L,B,False,,ball
823449-34-1,2026,2026-06-21,-0.6439170017785338,2.852496229174577,1.0,FF,L,S,False,,foul
823449-18-6,2026,2026-06-21,0.4835129725793842,1.391754539012608,14.0,CH,L,X,True,single,hit_into_play
823449-18-5,2026,2026-06-21,-0.3308051633242946,2.45368370792293,4.0,SL,L,S,False,,foul
823449-18-4,2026,2026-06-21,0.3786324589964868,2.304767861465459,6.0,SI,L,S,False,,called_strike
823449-18-3,2026,2026-06-21,-0.5779530554721755,1.5248990315845694,7.0,SI,L,B,False,,ball
823449-18-2,2026,2026-06-21,0.1696364461130931,3.658862055020194,12.0,FF,L,B,False,,ball
823449-18-1,2026,2026-06-21,1.558428169034154,3.3317012674703297,12.0,CH,L,B,False,,ball
823449-52-6,2026,2026-06-21,-0.194526261604093,2.348711831970941,5.0,SI,R,X,True,field_out,hit_into_play
823449-52-5,2026,2026-06-21,1.623630132579648,1.687635008810024,14.0,ST,R,B,False,,ball
823449-52-4,2026,2026-06-21,0.4014368101384189,2.43157775462751,6.0,ST,R,S,False,,called_strike
823449-52-3,2026,2026-06-21,0.5867846450717173,1.9248850786032892,9.0,ST,R,S,False,,called_strike
823449-52-2,2026,2026-06-21,1.027494892465421,2.4113721600840594,14.0,ST,R,B,False,,ball
823449-52-1,2026,2026-06-21,1.0071397597205645,2.120667106906404,14.0,ST,R,B,False,,ball
823449-4-6,2026,2026-06-21,-1.127019410590543,2.0501573265506114,13.0,FF,L,B,False,walk,ball
823449-4-5,2026,2026-06-21,-0.7312066025784131,0.6962259809602891,13.0,CU,L,B,False,,ball
823449-4-4,2026,2026-06-21,-0.4725005424511403,1.5785837792479098,7.0,SL,L,S,False,,foul
823449-4-3,2026,2026-06-21,-0.6676249989921887,1.694688536339604,7.0,SI,L,S,False,,called_strike
823449-4-2,2026,2026-06-21,0.1702278710398732,3.4015602591556204,12.0,FF,L,B,False,,ball
823449-4-1,2026,2026-06-21,0.8296594187719,3.745936292062323,12.0,FF,L,B,False,,ball
823447-32-2,2026,2026-06-20,0.1317212047694684,1.442049605246742,14.0,CH,R,X,True,single,hit_into_play
823447-32-1,2026,2026-06-20,0.601108282752316,1.2083023145247722,14.0,FF,R,B,False,,ball
823447-18-5,2026,2026-06-20,-0.6047038160652173,3.046894534725616,1.0,FF,R,X,True,field_out,hit_into_play
823447-18-4,2026,2026-06-20,0.2808801596224839,0.966212110890126,14.0,ST,R,B,False,,ball
823447-18-3,2026,2026-06-20,1.029301327972434,1.0974386423421634,14.0,SL,R,B,False,,ball
823447-18-2,2026,2026-06-20,1.050813826982235,2.4107556392870477,14.0,FF,R,B,False,,ball
823447-18-1,2026,2026-06-20,-0.0205108486238003,2.260011887951172,5.0,ST,R,S,False,,foul
823447-66-6,2026,2026-06-20,0.7751935703556141,1.9703959442315095,9.0,FF,R,X,True,force_out,hit_into_play
823447-66-5,2026,2026-06-20,0.8607934215362123,2.0920573381428484,14.0,FC,R,S,False,,foul
823447-66-4,2026,2026-06-20,-1.7870602250434175,1.481883755766599,13.0,FS,R,B,False,,ball
823447-66-3,2026,2026-06-20,-0.8386697650032722,3.337743059493458,11.0,FF,R,S,False,,foul
823447-66-2,2026,2026-06-20,1.1769970238604348,1.0672625040301598,14.0,FF,R,B,False,,ball
823447-66-1,2026,2026-06-20,-0.8814877066532596,2.666205801296407,11.0,FC,R,B,False,,ball
823447-49-1,2026,2026-06-20,-0.2860213302854191,1.8455770088075187,7.0,SI,L,X,True,single,hit_into_play
823447-4-4,2026,2026-06-20,0.3787496081918594,2.2146915965082434,6.0,FF,R,X,True,field_out,hit_into_play
823447-4-3,2026,2026-06-20,-0.4355575108646901,2.492914023097492,4.0,FF,R,S,False,,called_strike
823447-4-2,2026,2026-06-20,0.2641210574021788,0.8044696823239362,14.0,FF,R,B,False,,ball
823447-4-1,2026,2026-06-20,0.9035535549829198,2.502499424848548,12.0,FF,R,B,False,,ball
823448-7-3,2026,2026-06-18,-2.8233867891455207,1.1547498210291949,13.0,ST,L,B,False,hit_by_pitch,hit_by_pitch
823448-7-2,2026,2026-06-18,-0.6148559895117791,2.1345154969565345,4.0,ST,L,S,False,,swinging_strike
823448-7-1,2026,2026-06-18,0.3035834599710987,2.233315101930506,6.0,FF,L,S,False,,called_strike
823450-60-7,2026,2026-06-17,1.3933702579896774,2.203786669984562,14.0,ST,R,S,False,strikeout,swinging_strike
823450-60-6,2026,2026-06-17,-0.0421614744444486,1.409344763681304,13.0,FC,R,B,False,,ball
823450-60-5,2026,2026-06-17,-0.8495056909535073,1.4860016968004983,13.0,CH,R,S,False,,foul
823450-60-4,2026,2026-06-17,0.0227970581936245,1.5068912985428162,14.0,CH,R,S,False,,swinging_strike
823450-60-3,2026,2026-06-17,-0.2840236259737203,2.500997102529652,4.0,FC,R,S,False,,foul
823450-60-2,2026,2026-06-17,-1.5633776217569342,1.6998934893360849,13.0,CH,R,B,False,,ball
823450-60-1,2026,2026-06-17,-1.297404977245785,3.465453771675376,11.0,SI,R,B,False,,ball
823450-40-4,2026,2026-06-17,0.82170023739276,2.200222507095598,6.0,ST,R,X,True,field_out,hit_into_play
823450-40-3,2026,2026-06-17,-0.3307498873314772,1.8265211433903132,7.0,FC,R,S,False,,swinging_strike
823450-40-2,2026,2026-06-17,1.1863827947340466,1.2624442558200069,14.0,FC,R,B,False,,ball
823450-40-1,2026,2026-06-17,0.7564930585805154,2.525910428129972,6.0,SI,R,S,False,,called_strike
823450-24-7,2026,2026-06-17,-0.7999233170892766,2.9268682621502498,1.0,SI,R,X,True,single,hit_into_play
823450-24-6,2026,2026-06-17,-1.3372311088447375,3.263691825807653,11.0,SI,R,S,False,,foul
823450-24-5,2026,2026-06-17,-0.8543048719673632,1.6526471165875485,13.0,CH,R,S,False,,foul
823450-24-4,2026,2026-06-17,1.1077657934908571,0.7911051535918419,14.0,ST,R,B,False,,ball
823450-24-3,2026,2026-06-17,0.1507681355374596,1.7680847350432645,8.0,FC,R,S,False,,swinging_strike
823450-24-2,2026,2026-06-17,-0.1227546726969954,2.2253058000913426,5.0,FF,R,S,False,,foul
823450-24-1,2026,2026-06-17,0.539139085187107,1.012911579417315,14.0,ST,R,B,False,,ball
823450-84-1,2026,2026-06-17,-0.3082144142481677,2.199031645434271,4.0,SI,L,X,True,double,hit_into_play
823450-6-3,2026,2026-06-17,0.3900665027200962,1.3143539239388964,14.0,FC,R,X,True,single,hit_into_play
823450-6-2,2026,2026-06-17,0.5929480885137801,2.168802388233382,6.0,SI,R,S,False,,called_strike
823450-6-1,2026,2026-06-17,-1.3045461847349646,2.928523326296052,11.0,FF,R,B,False,,ball
823452-36-4,2026,2026-06-15,-0.9337213949649976,2.497905822472391,11.0,SI,R,X,True,field_out,hit_into_play
823452-36-3,2026,2026-06-15,1.52609291005355,1.7582428183093364,14.0,ST,R,B,False,,ball
823452-36-2,2026,2026-06-15,1.5495770335174206,1.008433328853009,14.0,ST,R,S,False,,swinging_strike
823452-36-1,2026,2026-06-15,0.1938692056837678,1.2021503205117336,14.0,ST,R,B,False,,ball
823452-20-1,2026,2026-06-15,-0.3556850661663377,2.049279573319472,7.0,SI,R,X,True,force_out,hit_into_play
823452-52-3,2026,2026-06-15,-1.62260065447096,3.343669007522716,11.0,FF,R,B,False,hit_by_pitch,hit_by_pitch
823452-52-2,2026,2026-06-15,-0.7544701773818896,2.450526747413996,4.0,SI,R,S,False,,called_strike
823452-52-1,2026,2026-06-15,-1.2323871356926306,2.603451049750719,11.0,FF,R,B,False,,ball
823452-7-3,2026,2026-06-15,0.4139026663121929,2.074612008930776,9.0,ST,R,X,True,field_out,hit_into_play
823452-7-2,2026,2026-06-15,0.5173238082029636,3.6239652195997625,12.0,FF,R,S,False,,swinging_strike
823452-7-1,2026,2026-06-15,-0.247964009812665,2.6483667393779005,5.0,FF,R,S,False,,called_strike
823777-42-8,2026,2026-06-14,-1.1940835479865368,1.6179044742254982,13.0,SV,L,S,False,strikeout,swinging_strike
823777-42-7,2026,2026-06-14,-0.6383258392765307,3.4845777178847035,11.0,FF,L,S,False,,foul
823777-42-6,2026,2026-06-14,1.166264734267905,2.746816167150143,12.0,FF,L,S,False,,foul
823777-42-5,2026,2026-06-14,-0.1090819165276897,-0.2181020423035007,13.0,CH,L,B,False,,blocked_ball
823777-42-4,2026,2026-06-14,-0.8797738532490447,3.3192642224029365,11.0,FF,L,S,False,,foul
823777-42-3,2026,2026-06-14,0.2276013637176866,-0.8629828185743218,14.0,SV,L,B,False,,blocked_ball
823777-42-2,2026,2026-06-14,-0.1579069027026973,2.329115519394476,5.0,FF,L,S,False,,foul
823777-42-1,2026,2026-06-14,0.2828872141635625,1.7914436148809236,9.0,SV,L,S,False,,foul
823777-22-5,2026,2026-06-14,0.1622396955157337,1.7852251335958154,8.0,FF,L,X,True,field_out,hit_into_play
823777-22-4,2026,2026-06-14,-0.1873359884673517,2.740596738386228,5.0,FF,L,S,False,,foul
823777-22-3,2026,2026-06-14,1.330102090538821,2.161082187663324,14.0,CH,L,B,False,,ball
823777-22-2,2026,2026-06-14,0.3264452021766149,3.0129448008385697,3.0,FF,L,S,False,,swinging_strike
823777-22-1,2026,2026-06-14,1.2870754908839044,2.949581455858435,12.0,SV,L,B,False,,ball
823777-59-4,2026,2026-06-14,-0.3573135360874309,1.6012702304139348,7.0,SI,L,S,False,strikeout,called_strike
823777-59-3,2026,2026-06-14,0.1839807172394995,2.092055200143858,8.0,CU,L,S,False,,foul
823777-59-2,2026,2026-06-14,-0.0884179592815848,0.948564063104974,13.0,SI,L,S,False,,swinging_strike
823777-59-1,2026,2026-06-14,0.1666205220164331,1.4709156328562454,14.0,CU,L,S,False,,called_strike
823777-2-3,2026,2026-06-14,0.6708711968233974,2.7199517898152403,6.0,FF,L,X,True,field_out,hit_into_play
823777-2-2,2026,2026-06-14,-0.928181106541009,1.0185974823304988,13.0,SV,L,B,False,,ball
823777-2-1,2026,2026-06-14,0.561132465625257,3.0846793810558317,3.0,SV,L,S,False,,called_strike
823776-38-3,2026,2026-06-13,-0.4732976354684903,2.2912871524857064,4.0,SI,L,X,True,field_out,hit_into_play
823776-38-2,2026,2026-06-13,0.9290339445083948,1.693930521518176,14.0,CH,L,B,False,,ball
823776-38-1,2026,2026-06-13,0.534922179234232,2.1411973659279733,6.0,SI,L,S,False,,called_strike
823776-19-2,2026,2026-06-13,0.4957192000945201,2.2944758674084857,6.0,SI,L,X,True,single,hit_into_play
823776-19-1,2026,2026-06-13,-0.0853970742529133,1.461210048179666,13.0,SI,L,B,False,,ball
823776-53-6,2026,2026-06-13,-0.5362798472680059,2.843089576965545,1.0,FC,R,S,False,strikeout,swinging_strike
823776-70-1,2026,2026-06-13,-0.2044642868843127,2.288800695464372,5.0,FF,L,X,True,field_out,hit_into_play
823776-53-5,2026,2026-06-13,1.915649090430482,0.3525180570262396,14.0,FF,R,B,False,,blocked_ball
823776-53-4,2026,2026-06-13,1.1815391929972323,1.3832776987965232,14.0,SI,R,B,False,,ball
823776-53-3,2026,2026-06-13,0.1771037088247719,1.0277987913970856,14.0,FC,R,S,False,,swinging_strike
823776-53-2,2026,2026-06-13,-0.6527050064458029,2.4624089596498147,4.0,FC,R,S,False,,called_strike
823776-53-1,2026,2026-06-13,-1.217382287604002,4.390062484363856,11.0,FC,R,B,False,,ball
823776-87-7,2026,2026-06-13,0.0061780500227177,1.8681933199921668,8.0,FF,R,S,False,strikeout,called_strike
823776-87-6,2026,2026-06-13,0.2849874432617627,4.14866779569473,12.0,FF,R,B,False,,ball
823776-87-5,2026,2026-06-13,0.4277046418456467,2.1576245099706317,6.0,KC,R,S,False,,foul
823776-87-4,2026,2026-06-13,1.0961780073192062,-0.783179262893773,14.0,KC,R,B,False,,blocked_ball
823776-87-3,2026,2026-06-13,0.1184844652695251,2.3761816823274606,5.0,FF,R,S,False,,foul
823776-87-2,2026,2026-06-13,-0.3357160402186219,4.2400366089320505,11.0,FF,R,S,False,,swinging_strike
823776-87-1,2026,2026-06-13,-0.0105063696018501,3.6285612455184872,11.0,FF,R,S,False,,swinging_strike
823776-2-3,2026,2026-06-13,0.8484865057396551,1.7045070187171931,14.0,SI,L,X,True,field_out,hit_into_play
823776-2-2,2026,2026-06-13,-0.4778042833344769,0.7021265464115136,13.0,SI,L,B,False,,ball
823776-2-1,2026,2026-06-13,-1.6644963073290182,1.0735726334483826,13.0,SL,L,B,False,,ball
823778-50-2,2026,2026-06-12,0.0607382832739927,2.7432223581303994,5.0,FF,R,X,True,field_out,hit_into_play
823778-50-1,2026,2026-06-12,-0.5333987369617154,3.966911180022238,11.0,FF,R,S,False,,swinging_strike
823778-24-3,2026,2026-06-12,-0.9050114588430298,3.286394682338212,11.0,FF,R,S,False,strikeout,swinging_strike
823778-24-2,2026,2026-06-12,-0.1259874650272407,2.9246020040040053,2.0,FF,R,S,False,,swinging_strike
823778-24-1,2026,2026-06-12,-0.9914238106635808,2.7620142090888526,11.0,FC,R,S,False,,foul
823778-2-4,2026,2026-06-12,-0.845221074269737,3.616305568448706,11.0,FF,R,S,False,strikeout,swinging_strike
823778-2-3,2026,2026-06-12,0.6001439537643914,2.8052846258759025,3.0,FC,R,S,False,,foul
823778-2-2,2026,2026-06-12,-0.1349143560530428,2.4379231811110302,5.0,FF,R,S,False,,called_strike
823778-2-1,2026,2026-06-12,-0.9348440482038872,1.915239796560936,13.0,FF,R,B,False,,ball
822804-18-5,2026,2026-06-10,0.4703834669746418,1.791586267958814,9.0,SL,R,X,True,single,hit_into_play
822804-18-4,2026,2026-06-10,-0.4620980686876071,1.9194113119492844,7.0,CU,R,S,False,,foul
822804-18-3,2026,2026-06-10,0.3163654939093481,1.223378308555672,14.0,SL,R,B,False,,ball
822804-18-2,2026,2026-06-10,0.9341088064896534,2.3904220188446086,14.0,CU,R,S,False,,swinging_strike
822804-18-1,2026,2026-06-10,0.6785615804388327,2.559471847474922,6.0,FF,R,S,False,,called_strike
822804-49-4,2026,2026-06-10,-0.3000515524322182,1.8132656485247285,7.0,SL,R,S,False,strikeout,called_strike
822804-49-3,2026,2026-06-10,-0.2676740465032367,3.9695083969201246,11.0,FF,R,S,False,,swinging_strike
822804-49-2,2026,2026-06-10,-0.8640358870861127,2.47117957212901,11.0,SI,R,S,False,,foul
822804-49-1,2026,2026-06-10,0.3107954497090708,1.2379774709140017,14.0,SL,R,B,False,,ball
822804-71-4,2026,2026-06-10,0.4737953436881946,1.8974824224750175,9.0,SL,R,X,True,field_out,hit_into_play
822804-71-3,2026,2026-06-10,0.9864160979812056,2.6407387938843754,12.0,SL,R,S,False,,swinging_strike
822804-71-2,2026,2026-06-10,-0.4888198114022071,3.1991584940353164,1.0,SI,R,S,False,,foul
822804-71-1,2026,2026-06-10,-1.228078363815699,3.5372266935905063,11.0,SI,R,B,False,,ball
822804-32-4,2026,2026-06-10,-0.786797370340186,1.913296398349856,7.0,FC,L,S,False,strikeout,foul_tip
822804-32-3,2026,2026-06-10,0.2698251654267662,0.3011410401948735,14.0,CH,L,B,False,,ball
822804-2-4,2026,2026-06-10,0.9774204305836112,3.09461816773935,12.0,FF,R,S,False,strikeout,swinging_strike
822804-32-2,2026,2026-06-10,-1.39271296718043,2.6030498373298903,11.0,FC,L,S,False,,foul_tip
822804-2-3,2026,2026-06-10,0.1661863228096505,0.65236502202661,14.0,CU,R,B,False,,ball
822804-32-1,2026,2026-06-10,0.0805661099103587,1.8408585575663992,8.0,ST,L,S,False,,called_strike
822804-2-2,2026,2026-06-10,0.7356399036835805,1.704736474912651,9.0,SL,R,S,False,,called_strike
822804-2-1,2026,2026-06-10,0.7126955748442374,1.2622538872614646,14.0,SL,R,S,False,,swinging_strike
822805-40-3,2026,2026-06-09,0.3113581278369946,1.895690663508821,9.0,SL,R,X,True,field_out,hit_into_play
822805-40-2,2026,2026-06-09,1.2057287217867394,1.551358907541787,14.0,ST,R,B,False,,ball
822805-40-1,2026,2026-06-09,0.7507816226557544,1.6120174089001265,9.0,SL,R,S,False,,called_strike
822805-20-1,2026,2026-06-09,-0.2678641939103399,2.320869605713773,5.0,SI,R,X,True,field_out,hit_into_play
822805-56-4,2026,2026-06-09,-0.5395097331269778,1.6206827784650302,7.0,CH,L,S,False,strikeout,called_strike
822805-2-1,2026,2026-06-09,0.6500101936698095,1.908471066821713,9.0,SL,R,X,True,double,hit_into_play
822805-56-3,2026,2026-06-09,0.4339903764881052,1.5944198476199976,9.0,CH,L,S,False,,swinging_strike
822805-56-2,2026,2026-06-09,0.0738755908036283,1.472538560217322,14.0,ST,L,S,False,,foul
822805-56-1,2026,2026-06-09,-0.4513665899121918,3.35966693478889,1.0,FC,L,B,False,,ball
822806-17-6,2026,2026-06-08,0.3704122136982341,0.9655529978422264,14.0,SL,L,B,False,walk,ball
822806-17-5,2026,2026-06-08,0.7549170586321283,0.8291111097545576,14.0,CH,L,B,False,,ball
822806-17-4,2026,2026-06-08,0.1062077944958647,0.874081900446642,14.0,SL,L,S,False,,swinging_strike
822806-17-3,2026,2026-06-08,-1.7341052707737212,2.4948397868263017,11.0,FF,L,B,False,,ball
822806-17-2,2026,2026-06-08,0.3870409226278122,1.761163286000111,9.0,CH,L,S,False,,called_strike
822806-17-1,2026,2026-06-08,-1.5519299454429527,2.314401553231896,13.0,FF,L,B,False,,ball
822806-50-2,2026,2026-06-08,0.152177082543597,1.9892303436621628,8.0,SL,R,X,True,field_out,hit_into_play
822806-50-1,2026,2026-06-08,0.278795466752611,1.717850271375974,9.0,FF,R,S,False,,called_strike
822806-30-6,2026,2026-06-08,-0.1521581005110747,1.6326769922491469,8.0,SL,L,X,True,force_out,hit_into_play
822806-69-3,2026,2026-06-08,-0.289276436428444,2.2431170166005545,4.0,CU,R,X,True,grounded_into_double_play,hit_into_play
822806-30-5,2026,2026-06-08,-0.8116983709029613,1.679761676536471,7.0,SL,L,S,False,,foul_tip
822806-2-4,2026,2026-06-08,0.6229089486565117,2.1632912834071543,6.0,SL,L,X,True,field_out,hit_into_play
822806-69-2,2026,2026-06-08,0.8994775054003831,2.650350739506933,12.0,SL,R,S,False,,foul
822806-30-4,2026,2026-06-08,-1.0369081152320845,1.4045457501072094,13.0,SL,L,B,False,,ball
822806-30-3,2026,2026-06-08,1.6870246448615092,4.215359459742695,12.0,CH,L,B,False,,ball
822806-69-1,2026,2026-06-08,-0.2955592239110773,3.050480778254892,1.0,SL,R,S,False,,called_strike
822806-2-3,2026,2026-06-08,-1.2846893508702308,2.54127644740142,11.0,FF,L,B,False,,ball
822806-30-2,2026,2026-06-08,-0.6693868893401885,2.3225929260185,4.0,SL,L,S,False,,foul
822806-2-2,2026,2026-06-08,0.7355659296386194,2.012426180296317,9.0,SL,L,S,False,,foul_tip
822806-30-1,2026,2026-06-08,-1.7992804164621063,2.2982649417327603,13.0,FF,L,B,False,,ball
822806-2-1,2026,2026-06-08,-0.2582328598557357,0.7162821750564188,13.0,CS,L,B,False,,ball
823453-40-4,2026,2026-06-07,1.210769291179736,2.8594920158322763,12.0,FF,R,X,True,field_out,hit_into_play
823453-40-3,2026,2026-06-07,-1.5155107963772003,1.8270722325548112,13.0,CU,R,B,False,,ball
823453-40-2,2026,2026-06-07,0.3988546385662794,1.7957430478619425,9.0,ST,R,S,False,,foul
823453-40-1,2026,2026-06-07,-0.0246429590420551,0.9686907489799172,13.0,CU,R,S,False,,swinging_strike
823453-23-4,2026,2026-06-07,0.9168944822322892,1.0450919281672917,14.0,ST,R,S,False,strikeout,swinging_strike
823453-23-3,2026,2026-06-07,0.6881822037082908,3.705286870130057,12.0,FF,R,B,False,,ball
823453-23-2,2026,2026-06-07,-0.0161072860381848,0.8585466983725958,13.0,CU,R,S,False,,swinging_strike_blocked
823453-23-1,2026,2026-06-07,-0.0402125472416086,1.5165392999056442,13.0,CU,R,S,False,,called_strike
823453-77-3,2026,2026-06-07,0.6723933409104416,1.7619869806600907,9.0,FF,R,X,True,single,hit_into_play
823453-77-2,2026,2026-06-07,0.4189920866051528,1.192591275283141,14.0,FF,R,B,False,,ball
823453-77-1,2026,2026-06-07,0.6675299936094831,3.5380239115014995,12.0,SL,R,B,False,,ball
823453-60-4,2026,2026-06-07,-0.1607177231472649,2.7532598609122143,2.0,FF,L,X,True,field_out,hit_into_play
823453-60-3,2026,2026-06-07,-0.1407928106613173,2.9348010214368303,2.0,FF,L,S,False,,foul
823453-60-2,2026,2026-06-07,-1.581624937476457,2.4574717330854687,11.0,FF,L,B,False,,ball
823453-60-1,2026,2026-06-07,-0.4164160733885009,2.307846486606377,4.0,FF,L,S,False,,called_strike
823453-7-6,2026,2026-06-07,-0.4839370629663731,2.857233635660068,1.0,FC,L,X,True,double,hit_into_play
823453-7-5,2026,2026-06-07,1.16516342681253,3.524754175736598,12.0,FC,L,B,False,,ball
823453-7-4,2026,2026-06-07,-0.7910579582672942,3.866026041720463,11.0,FF,L,B,False,,ball
823453-7-3,2026,2026-06-07,-0.7298623884274948,1.2502282296285328,13.0,FC,L,S,False,,foul
823453-7-2,2026,2026-06-07,-0.6830087149847386,2.771584302228682,1.0,FC,L,S,False,,called_strike
823453-7-1,2026,2026-06-07,1.00283484378404,2.338278837673962,14.0,FC,L,B,False,,ball
823454-46-6,2026,2026-06-06,0.3069347761469958,3.3615527986180624,3.0,FF,R,S,False,strikeout,swinging_strike
823454-46-5,2026,2026-06-06,0.958441304666354,1.5924334020968254,14.0,SL,R,B,False,,ball
823454-46-4,2026,2026-06-06,-0.1112973122381588,2.89385570923588,2.0,FF,R,S,False,,foul
823454-46-3,2026,2026-06-06,-0.0231620513907476,1.8364158713770524,8.0,FF,R,S,False,,called_strike
823454-46-2,2026,2026-06-06,-0.4260509724320488,2.161158067704383,4.0,FF,R,S,False,,foul
823454-46-1,2026,2026-06-06,1.0379245683969758,1.6026379387387513,14.0,SL,R,B,False,,ball
823454-28-4,2026,2026-06-06,0.2961359907420876,3.906992541468144,12.0,FF,R,B,False,walk,ball
823454-28-3,2026,2026-06-06,1.3960147580207334,0.3782002372107849,14.0,KC,R,B,False,,ball
823454-28-2,2026,2026-06-06,-0.77359037364111,4.227932929041039,11.0,FF,R,B,False,,ball
823454-28-1,2026,2026-06-06,1.4818470261466272,1.5603758775748051,14.0,SL,R,B,False,,ball
823454-10-6,2026,2026-06-06,0.1545072685990209,1.980505596576962,8.0,SL,L,X,True,single,hit_into_play
823454-62-4,2026,2026-06-06,0.4661078384011147,2.522020551459943,6.0,CU,L,X,True,field_out,hit_into_play
823454-10-5,2026,2026-06-06,0.0587505780369012,1.2224462733712262,14.0,SL,L,S,False,,swinging_strike
823454-62-3,2026,2026-06-06,0.8293549474827376,3.0279576216711845,12.0,FF,L,S,False,,foul
823454-10-4,2026,2026-06-06,1.3767438254661275,2.591449469425552,12.0,CH,L,B,False,,ball
823454-62-2,2026,2026-06-06,0.1419215499404063,0.9810386291118208,14.0,FF,L,B,False,,ball
823454-10-3,2026,2026-06-06,1.7414019970568058,2.546640172906309,12.0,CH,L,B,False,,ball
823454-62-1,2026,2026-06-06,-0.4510312039132825,3.424360218714931,11.0,FF,L,S,False,,swinging_strike
823454-10-2,2026,2026-06-06,0.4346901453742023,4.865579709890533,12.0,FF,L,B,False,,ball
823454-10-1,2026,2026-06-06,0.7534705226002116,2.3895947620479854,6.0,SL,L,S,False,,called_strike
823455-38-2,2026,2026-06-05,0.6857014799653274,2.491295621169421,6.0,SI,L,X,True,field_out,hit_into_play
823455-38-1,2026,2026-06-05,-0.5228703917531201,0.1252173401013303,13.0,CH,L,B,False,,ball
823455-21-5,2026,2026-06-05,1.2239789896250366,2.427498146910698,14.0,CH,L,X,True,fielders_choice,hit_into_play
823455-21-4,2026,2026-06-05,-1.2807820293350716,4.231764502516008,11.0,FF,L,B,False,,ball
823455-21-3,2026,2026-06-05,-0.6904786371753944,3.006470293935319,1.0,FF,L,S,False,,foul
823455-21-2,2026,2026-06-05,0.1597222993330011,2.7429485139606187,5.0,FC,L,S,False,,foul_tip
823455-21-1,2026,2026-06-05,-0.1206960075509129,3.7442353818618623,11.0,FC,L,B,False,,ball
823455-74-1,2026,2026-06-05,0.0441748062919526,2.644082428260883,5.0,FF,R,X,True,field_out,hit_into_play
823455-61-7,2026,2026-06-05,-0.981437363136683,1.9566427805254016,13.0,FF,L,B,False,walk,ball
823455-61-6,2026,2026-06-05,-0.4642032332347183,3.1584385811791367,1.0,FF,L,S,False,,foul
823455-61-5,2026,2026-06-05,-0.9254504118099368,1.857682688061048,13.0,FF,L,S,False,,foul
823455-61-4,2026,2026-06-05,-0.4417033786025485,1.4543680752001755,13.0,FF,L,S,False,,called_strike
823455-6-2,2026,2026-06-05,0.480653294151333,2.098878847613307,9.0,ST,L,X,True,force_out,hit_into_play
823455-61-3,2026,2026-06-05,-0.8662509492366566,2.386616326903762,13.0,FF,L,B,False,,ball
823455-6-1,2026,2026-06-05,0.9613396769283892,2.213006604352555,14.0,SI,L,S,False,,foul
823455-61-2,2026,2026-06-05,-1.378847055853706,2.0264687903295195,13.0,FF,L,B,False,,ball
823455-61-1,2026,2026-06-05,0.999428628223444,3.073083532809214,12.0,FF,L,B,False,,ball
823457-24-5,2026,2026-06-04,0.609671618423898,3.272560474923956,3.0,SL,R,S,False,strikeout,foul_tip
823457-24-4,2026,2026-06-04,-0.620340970816766,4.538395490984611,11.0,FF,R,B,False,,ball
823457-24-3,2026,2026-06-04,0.7079602638143956,2.841407839347668,3.0,CH,R,S,False,,called_strike
823457-24-2,2026,2026-06-04,0.6802253482185155,0.4594668317140362,14.0,CU,R,B,False,,ball
823457-24-1,2026,2026-06-04,-0.7564395652881754,2.406864751888822,4.0,FF,R,S,False,,called_strike
823457-54-5,2026,2026-06-04,-0.0055091475258551,2.520411066894244,5.0,FF,L,X,True,single,hit_into_play
823457-54-4,2026,2026-06-04,0.5979010096105171,3.0893163897068856,3.0,CH,L,S,False,,called_strike
823457-54-3,2026,2026-06-04,0.7472394533772704,2.811772057569216,3.0,CH,L,S,False,,called_strike
823457-54-2,2026,2026-06-04,0.4154583004230334,4.364989230368486,12.0,CH,L,B,False,,ball
823457-54-1,2026,2026-06-04,-0.3327123817241517,4.829284542091944,11.0,SI,L,B,False,,ball
823457-36-6,2026,2026-06-04,-0.6167259527572194,1.5722853496806035,7.0,SL,L,X,True,force_out,hit_into_play
823457-36-5,2026,2026-06-04,0.3373225281153684,2.0914724440783803,9.0,FS,L,S,False,,foul
823457-36-4,2026,2026-06-04,-0.4961749013320112,2.4020009986959927,4.0,FF,L,S,False,,foul
823457-36-3,2026,2026-06-04,0.3729812365352407,0.9535489255447244,14.0,FS,L,B,False,,ball
823457-5-3,2026,2026-06-04,0.6336665928667589,2.0487192778713776,9.0,CU,R,X,True,force_out,hit_into_play
823457-36-2,2026,2026-06-04,-0.2256402624205209,0.4655367779531674,13.0,FS,L,S,False,,swinging_strike_blocked
823457-5-2,2026,2026-06-04,-0.0171562885170038,2.2332760552627464,5.0,CU,R,S,False,,swinging_strike
823457-5-1,2026,2026-06-04,0.1193590705352199,3.628309610063851,12.0,SL,R,S,False,,foul
823457-36-1,2026,2026-06-04,0.5527354103833264,2.1304019999904176,9.0,FS,L,S,False,,called_strike
823456-38-8,2026,2026-06-03,1.21322893937217,2.289878843113345,14.0,FC,R,S,False,strikeout,swinging_strike
823456-38-7,2026,2026-06-03,-0.6084393038812079,4.469425471192522,11.0,FF,R,B,False,,ball
823456-38-6,2026,2026-06-03,0.4524267067272576,2.7947568448341937,3.0,FC,R,S,False,,foul
823456-38-5,2026,2026-06-03,1.6780465470433106,1.751150922037844,14.0,SI,R,B,False,,ball
823456-38-4,2026,2026-06-03,0.8142079908421351,2.016606850070559,9.0,ST,R,S,False,,foul
823456-38-3,2026,2026-06-03,0.2463151957341708,4.331725267325073,12.0,FF,R,B,False,,ball
823456-38-2,2026,2026-06-03,0.4595725281006568,1.4283130715529753,14.0,ST,R,S,False,,foul
823456-38-1,2026,2026-06-03,0.8423773436991052,1.8704261032891605,14.0,ST,R,S,False,,swinging_strike
823456-21-3,2026,2026-06-03,0.915494225556806,2.8805369970718715,12.0,ST,R,X,True,field_out,hit_into_play
823456-21-2,2026,2026-06-03,0.4958534477411547,1.6283805776942426,9.0,FC,R,S,False,,called_strike
823456-21-1,2026,2026-06-03,0.8460437823912549,2.2558783313809974,14.0,FF,R,S,False,,foul
823456-55-4,2026,2026-06-03,1.1259733925287918,3.317482889429888,12.0,ST,R,X,True,single,hit_into_play
823456-55-3,2026,2026-06-03,0.4714148738115816,2.7543720823831768,3.0,FF,R,S,False,,foul
823456-55-2,2026,2026-06-03,0.5139893718484032,1.3996092181227189,14.0,SL,R,S,False,,swinging_strike
823456-55-1,2026,2026-06-03,-0.8402446040292636,3.5458247416927047,11.0,SL,R,B,False,,ball
823456-5-2,2026,2026-06-03,0.3374048036423243,2.359685263462842,6.0,FC,R,X,True,field_out,hit_into_play
823456-5-1,2026,2026-06-03,0.2382943532917836,2.916544576406933,2.0,FF,R,S,False,,called_strike
823460-39-2,2026,2026-06-02,0.5205874831066658,2.463098240044853,6.0,SL,R,X,True,field_out,hit_into_play
823460-39-1,2026,2026-06-02,1.1251795010458694,2.5259010453492143,12.0,ST,R,B,False,,ball
823460-27-3,2026,2026-06-02,-0.0351880019332357,2.2614018924135184,5.0,FF,R,X,True,single,hit_into_play
823460-27-2,2026,2026-06-02,0.7043805900295409,3.223951964983752,3.0,ST,R,B,False,,ball
823460-27-1,2026,2026-06-02,0.9493958063398372,1.6800140956611371,14.0,ST,R,S,False,,swinging_strike
823460-6-4,2026,2026-06-02,0.621615819273551,1.4851350120598314,14.0,CU,R,S,False,strikeout,called_strike
823460-6-3,2026,2026-06-02,-0.1895576524301407,2.014486005970598,8.0,ST,R,S,False,,foul
823460-6-2,2026,2026-06-02,0.6834831459236914,2.1589821463134022,6.0,FC,R,S,False,,swinging_strike
823460-6-1,2026,2026-06-02,-0.3798828369302893,4.573939732675688,11.0,FF,R,B,False,,ball
823460-56-1,2026,2026-06-02,0.1569909575482763,2.614092821422181,5.0,ST,R,X,True,single,hit_into_play
823944-40-3,2026,2026-05-31,0.7279043153673261,1.6860371729477392,9.0,SI,R,S,False,strikeout,called_strike
823944-40-2,2026,2026-05-31,0.7908068817461148,2.5388975965946963,6.0,SL,R,S,False,,foul
823944-40-1,2026,2026-05-31,-0.6720115370602094,2.014713713170255,7.0,FS,R,S,False,,called_strike
823944-26-4,2026,2026-05-31,-0.4170064096557525,1.529276620852463,7.0,CU,R,X,True,single,hit_into_play
823944-26-3,2026,2026-05-31,-1.1088713553334644,2.023474170856585,13.0,SI,R,S,False,,foul
823944-26-2,2026,2026-05-31,-0.6619608179672074,1.2865268017153726,13.0,SI,R,B,False,,ball
823944-26-1,2026,2026-05-31,0.1894225915791068,0.7166955677348703,14.0,CU,R,B,False,,ball
823944-60-3,2026,2026-05-31,-0.0929476271016565,3.258945847260658,2.0,FF,R,X,True,field_out,hit_into_play
823944-60-2,2026,2026-05-31,-0.3990372818921657,2.470482118118346,4.0,SL,R,S,False,,foul
823944-60-1,2026,2026-05-31,0.058361537067598,1.9095541661268112,8.0,SI,R,S,False,,foul
823944-2-1,2026,2026-05-31,-0.9814381123360147,2.516912341463839,11.0,SI,R,X,True,field_out,hit_into_play
823945-43-5,2026,2026-05-30,-0.3776176116466537,2.283164808249309,4.0,FS,R,X,True,single,hit_into_play
823945-43-4,2026,2026-05-30,-1.3727491119037951,2.4698930698656567,11.0,FS,R,B,False,,ball
823945-43-3,2026,2026-05-30,0.5771572035745105,1.962560063150871,9.0,SL,R,S,False,,swinging_strike
823945-43-2,2026,2026-05-30,0.8365293628794495,0.5263410913051461,14.0,SL,R,B,False,,blocked_ball
823945-43-1,2026,2026-05-30,0.8659567843755309,2.411705058670262,14.0,FF,R,B,False,,ball
823945-22-4,2026,2026-05-30,0.0560411706132187,0.475888692313775,14.0,FS,R,S,False,strikeout,swinging_strike_blocked
823945-22-3,2026,2026-05-30,-1.062282026448758,3.7873800286172994,11.0,FF,R,S,False,,swinging_strike
823945-22-2,2026,2026-05-30,0.9782938102070932,0.6318736490652146,14.0,FS,R,B,False,,ball
823945-22-1,2026,2026-05-30,0.6814943811717735,0.847712377574517,14.0,SL,R,S,False,,swinging_strike
823945-2-3,2026,2026-05-30,0.333147415233428,2.7863037203199124,3.0,FF,R,X,True,field_out,hit_into_play
823945-2-2,2026,2026-05-30,1.1221525060652555,0.3643936984603275,14.0,SL,R,S,False,,swinging_strike
823945-2-1,2026,2026-05-30,0.5206495669157996,1.3771897789290617,14.0,SL,R,B,False,,ball
823945-61-1,2026,2026-05-30,0.683333532694179,2.8388741070748496,3.0,FF,L,X,True,field_out,hit_into_play
823946-40-1,2026,2026-05-29,0.1040029168350236,2.183456876139267,5.0,SL,L,X,True,field_out,hit_into_play
823946-23-2,2026,2026-05-29,0.3865254326538452,2.239598077571498,6.0,SL,L,X,True,field_error,hit_into_play
823946-23-1,2026,2026-05-29,-0.4774821432272038,1.9219404368043125,7.0,FF,L,S,False,,called_strike
823946-2-5,2026,2026-05-29,-0.1888268636864161,1.697219670607807,8.0,FF,L,S,False,strikeout,called_strike
823946-2-4,2026,2026-05-29,2.11742211487864,3.075076095067944,12.0,FF,L,B,False,,ball
823946-2-3,2026,2026-05-29,-0.1627257244523237,1.2895535474175857,13.0,SL,L,B,False,,ball
823946-2-2,2026,2026-05-29,-0.8201495704841,1.6696087500246253,7.0,SL,L,S,False,,foul_tip
823946-2-1,2026,2026-05-29,0.1542676548766823,2.1841721713097164,5.0,FF,L,S,False,,called_strike
823946-59-3,2026,2026-05-29,0.2463990046801569,3.14195613299123,2.0,SL,L,X,True,field_out,hit_into_play
823946-59-2,2026,2026-05-29,0.3754059261110813,2.8609359746246863,3.0,SL,L,S,False,,swinging_strike
823946-59-1,2026,2026-05-29,0.3235987059809245,1.914775374345525,9.0,SL,L,S,False,,foul
823295-23-2,2026,2026-05-27,0.1497309336824643,3.2104187253037,2.0,FF,R,X,True,field_out,hit_into_play
823295-23-1,2026,2026-05-27,0.6129535478925205,2.1189801653016898,9.0,SI,R,S,False,,called_strike
823295-2-6,2026,2026-05-27,0.6224492154380936,2.145542765698372,6.0,SI,R,X,True,field_out,hit_into_play
823295-40-1,2026,2026-05-27,0.8133963312513053,2.1045076364980906,9.0,CH,L,X,True,force_out,hit_into_play
823295-2-5,2026,2026-05-27,0.4312511989520697,2.803648429885108,3.0,SI,R,S,False,,called_strike
823295-2-4,2026,2026-05-27,1.4124558720897933,1.2714465844872458,14.0,ST,R,B,False,,ball
823295-2-3,2026,2026-05-27,-0.5438203915982852,4.244414536503062,11.0,FF,R,B,False,,ball
823295-2-2,2026,2026-05-27,0.8049840835769608,2.114855028576529,9.0,SI,R,S,False,,called_strike
823295-2-1,2026,2026-05-27,1.0402792804031984,0.6441529423457476,14.0,FF,R,B,False,,ball
823295-59-1,2026,2026-05-27,-0.8707890197617283,2.117498121169244,13.0,FF,R,X,True,home_run,hit_into_play
823294-35-6,2026,2026-05-26,0.3915365176276716,1.1934831915503077,14.0,FC,R,X,True,single,hit_into_play
823294-35-5,2026,2026-05-26,0.8006465104828668,0.2790285652997157,14.0,ST,R,B,False,,ball
823294-35-4,2026,2026-05-26,1.6077661779595418,0.8715010455631798,14.0,ST,R,B,False,,ball
823294-35-3,2026,2026-05-26,1.571380354113228,0.5697412866204346,14.0,SL,R,B,False,,ball
823294-35-2,2026,2026-05-26,-1.0072588650809902,2.3861168165194107,13.0,SI,R,S,False,,foul
823294-35-1,2026,2026-05-26,0.3218788748478575,1.5985082882587138,9.0,FC,R,S,False,,called_strike
823294-18-3,2026,2026-05-26,-0.6920837470716812,3.602232078358857,11.0,SI,R,X,True,home_run,hit_into_play
823294-18-2,2026,2026-05-26,-1.1561721912133769,1.8871084018973243,13.0,ST,R,B,False,,ball
823294-18-1,2026,2026-05-26,-0.3121954131185126,2.1213262181335923,7.0,ST,R,S,False,,called_strike
823294-51-8,2026,2026-05-26,-0.6917146807147625,3.524168244170353,11.0,FF,R,S,False,strikeout,swinging_strike
823294-51-7,2026,2026-05-26,0.6411266596447401,2.7123331007474336,6.0,FF,R,S,False,,foul
823294-51-6,2026,2026-05-26,-1.4853204741468486,2.167359868115073,13.0,CH,R,S,False,,foul
823294-51-5,2026,2026-05-26,0.1071433843795381,1.1354258240319997,14.0,CH,R,B,False,,ball
823294-51-4,2026,2026-05-26,-0.5589277173125005,1.3306002118903346,13.0,CH,R,S,False,,swinging_strike
823294-51-3,2026,2026-05-26,2.848301026186971,2.6805569566365985,12.0,FF,R,B,False,,ball
823294-51-2,2026,2026-05-26,-0.191333911343621,2.236656008729614,5.0,CH,R,S,False,,foul
823294-51-1,2026,2026-05-26,-0.5513456028376025,3.3507925342835847,1.0,CH,R,B,False,,ball
823294-70-3,2026,2026-05-26,-0.8612118346443198,2.626807757914348,11.0,FF,L,X,True,double_play,hit_into_play
823294-70-2,2026,2026-05-26,0.6120080459281427,2.949059829366193,3.0,SI,L,S,False,,foul
823294-70-1,2026,2026-05-26,2.002132528103397,3.146194095681306,12.0,CH,L,B,False,,ball
823294-2-2,2026,2026-05-26,-0.0841437872259938,1.7727517675726758,8.0,SI,R,X,True,field_out,hit_into_play
823294-2-1,2026,2026-05-26,0.715157725315523,1.9365796806293207,9.0,FC,R,S,False,,called_strike
823296-40-1,2026,2026-05-25,-0.5449127248568134,2.548532786534142,4.0,SL,R,X,True,field_out,hit_into_play
823296-19-3,2026,2026-05-25,-0.1127118170345333,2.0595035237410384,8.0,SI,R,X,True,field_out,hit_into_play
823296-19-2,2026,2026-05-25,0.8997403297417406,0.2543959161736215,14.0,SL,R,B,False,,ball
823296-19-1,2026,2026-05-25,0.1127566455151186,1.2490369176655594,14.0,SL,R,S,False,,swinging_strike
823296-55-3,2026,2026-05-25,0.6968724710984653,3.5380474956251007,12.0,FF,L,X,True,field_out,hit_into_play
823296-55-2,2026,2026-05-25,-0.2960345432259502,1.3906277395636546,13.0,FS,L,S,False,,swinging_strike
823296-55-1,2026,2026-05-25,0.3174760428036045,3.2752800069232624,3.0,SL,L,B,False,,ball
823296-1-5,2026,2026-05-25,1.1063492958820556,1.2357199299819288,14.0,SL,R,S,False,strikeout,swinging_strike
823296-1-4,2026,2026-05-25,0.0909593432738916,1.5867369299159175,8.0,SL,R,S,False,,foul
823296-1-3,2026,2026-05-25,0.7949922695178965,1.9663543676834907,9.0,SL,R,S,False,,foul
823296-1-2,2026,2026-05-25,-1.228400820434601,3.138030335435037,11.0,SI,R,B,False,,ball
823296-1-1,2026,2026-05-25,0.1993599735732611,2.9960723470149477,2.0,FF,R,S,False,,foul
823459-37-6,2026,2026-05-24,0.5377867389271969,1.2540824589862227,14.0,CH,L,S,False,strikeout,swinging_strike
823459-37-5,2026,2026-05-24,1.3702730539697954,0.8169763536886481,14.0,CH,L,B,False,,ball
823459-37-4,2026,2026-05-24,0.612690343577335,3.268418857238478,3.0,FF,L,S,False,,foul
823459-37-3,2026,2026-05-24,0.6471248569716566,3.060999888666762,3.0,FF,L,S,False,,foul
823459-37-2,2026,2026-05-24,-0.6641720766129108,2.2295700484231484,4.0,CU,L,S,False,,foul
823459-37-1,2026,2026-05-24,1.0836021860089513,3.327615972785385,12.0,CU,L,B,False,,ball
823459-19-4,2026,2026-05-24,0.3713415689114172,2.106974114827828,9.0,CH,L,X,True,field_out,hit_into_play
823459-19-3,2026,2026-05-24,1.4595280603079508,1.7299514139330388,14.0,CH,L,B,False,,ball
823459-19-2,2026,2026-05-24,0.5944340728969879,2.190381261740156,6.0,CH,L,S,False,,swinging_strike
823459-19-1,2026,2026-05-24,0.3096562487779979,2.076140300820597,9.0,CU,L,S,False,,called_strike
823459-71-6,2026,2026-05-24,-0.8743985000922072,1.747455936702249,13.0,FS,R,S,False,strikeout,swinging_strike
823459-71-5,2026,2026-05-24,-0.4903321242957349,3.3316128565525998,1.0,FF,R,S,False,,foul
823459-71-4,2026,2026-05-24,1.125239847740374,0.4740668303625379,14.0,ST,R,B,False,,ball
823459-71-3,2026,2026-05-24,1.3063783474455437,0.6332580310620219,14.0,ST,R,B,False,,ball
823459-54-6,2026,2026-05-24,-1.507392941089871,2.075485243204577,13.0,FF,L,B,False,walk,ball
823459-71-2,2026,2026-05-24,0.2626776577662001,2.5071851950079016,5.0,FF,R,S,False,,foul
823459-71-1,2026,2026-05-24,0.4759293994292269,1.5937366320947175,9.0,FF,R,S,False,,called_strike
823459-4-7,2026,2026-05-24,-0.3611620830234379,2.3888070201097853,4.0,FF,L,S,False,strikeout,swinging_strike
823459-54-5,2026,2026-05-24,-1.2779381960777974,1.038492300556292,13.0,SL,L,S,False,,swinging_strike
823459-54-4,2026,2026-05-24,-0.0070599895795022,1.452314077113944,13.0,SL,L,B,False,,ball
823459-4-6,2026,2026-05-24,-0.8567367655808763,1.9297603217964736,13.0,FF,L,S,False,,foul
823459-54-3,2026,2026-05-24,-1.2666297569228933,1.974555818729926,13.0,FF,L,S,False,,swinging_strike
823459-4-5,2026,2026-05-24,-0.6041728449121418,2.93062449915597,1.0,FF,L,S,False,,foul
823459-4-4,2026,2026-05-24,-0.9869359248672028,1.940699033480896,13.0,FF,L,B,False,,ball
823459-54-2,2026,2026-05-24,-2.081204929413272,0.3380842786108795,13.0,CU,L,B,False,,ball
823459-54-1,2026,2026-05-24,-1.4163933725509263,0.2738199408877397,13.0,CU,L,B,False,,blocked_ball
823459-4-3,2026,2026-05-24,-1.1162379304674988,0.0450609303622648,13.0,CH,L,B,False,,ball
823459-4-2,2026,2026-05-24,-0.2340274528337926,3.412652447833461,11.0,FF,L,S,False,,foul
823459-4-1,2026,2026-05-24,-1.213967111031897,2.0176720266868013,13.0,FF,L,B,False,,ball
823458-37-4,2026,2026-05-23,-0.4674850029743643,2.1103946384000825,7.0,CH,R,X,True,field_out,hit_into_play
823458-37-3,2026,2026-05-23,2.073749783372371,-1.085676455534731,14.0,CU,R,B,False,,ball
823458-37-2,2026,2026-05-23,-0.3636261511385571,2.2007746454894965,4.0,CH,R,S,False,,foul
823458-37-1,2026,2026-05-23,0.0801408349585436,1.9061347544239853,8.0,CU,R,S,False,,swinging_strike
823458-21-5,2026,2026-05-23,-0.6763906047032628,3.184566719165713,1.0,SI,R,S,False,strikeout,foul_tip
823458-21-4,2026,2026-05-23,1.646133821739381,1.8493361643756236,14.0,FC,R,B,False,,ball
823458-21-3,2026,2026-05-23,0.6361164126006571,1.8642325378510607,9.0,SI,R,S,False,,foul
823458-21-2,2026,2026-05-23,-0.9312601152111656,2.531930664478018,11.0,FC,R,S,False,,foul
823458-21-1,2026,2026-05-23,1.105629025925272,1.2633395390857,14.0,FC,R,B,False,,ball
823458-52-6,2026,2026-05-23,-0.0881520211482957,2.2035701531675222,5.0,FF,R,X,True,field_out,hit_into_play
823458-4-5,2026,2026-05-23,-0.6571443512915853,3.0100637381999507,1.0,SI,R,X,True,field_out,hit_into_play
823458-52-5,2026,2026-05-23,-0.0851263382123996,2.62672825954174,5.0,ST,R,S,False,,foul
823458-4-4,2026,2026-05-23,-0.9102148809918608,3.9854435157369386,11.0,CU,R,B,False,,ball
823458-52-4,2026,2026-05-23,-0.3175411011624637,3.2983470528868937,1.0,FF,R,S,False,,swinging_strike
823458-4-3,2026,2026-05-23,2.420638746403834,1.7063871802255717,14.0,FC,R,B,False,,ball
823458-52-3,2026,2026-05-23,1.524326091948336,0.958144157750156,14.0,ST,R,B,False,,ball
823458-4-2,2026,2026-05-23,-0.5493845605466845,2.997528762865284,1.0,SI,R,S,False,,foul
823458-52-2,2026,2026-05-23,-1.004411828028251,2.596305954954281,11.0,SI,R,S,False,,foul
823458-4-1,2026,2026-05-23,0.3988920026663239,2.606287992115796,6.0,FC,R,S,False,,called_strike
823458-52-1,2026,2026-05-23,2.2719904250903964,1.0345460823793549,14.0,FC,R,B,False,,ball
823461-39-6,2026,2026-05-22,1.7749067021511324,1.3991848675708969,14.0,ST,R,S,False,strikeout,swinging_strike
823461-39-5,2026,2026-05-22,-0.2229137400988973,3.187630633774684,2.0,CU,R,S,False,,foul
823461-39-4,2026,2026-05-22,1.30685177303029,0.7883514011944714,14.0,ST,R,B,False,,ball
823461-39-3,2026,2026-05-22,1.6773980133064197,0.8962117295528667,14.0,ST,R,B,False,,ball
823461-39-2,2026,2026-05-22,0.4762384844554258,2.3150578511701947,6.0,ST,R,S,False,,swinging_strike
823461-39-1,2026,2026-05-22,-0.4048276722084766,1.5651431396669824,7.0,ST,R,S,False,,swinging_strike
823461-20-3,2026,2026-05-22,0.2318530895640296,2.0741001441902696,8.0,ST,R,X,True,field_out,hit_into_play
823461-20-2,2026,2026-05-22,0.3997703298464022,0.7707603524352709,14.0,ST,R,S,False,,swinging_strike
823461-20-1,2026,2026-05-22,-0.8167241897971307,3.421895378791601,11.0,SI,R,B,False,,ball
823461-60-1,2026,2026-05-22,-0.5995800254492025,2.856609127784971,1.0,ST,R,X,True,field_out,hit_into_play
823461-4-1,2026,2026-05-22,0.1806226648505162,3.0523297832473126,2.0,SI,R,X,True,field_out,hit_into_play
823462-42-5,2026,2026-05-20,0.6496050838091421,2.1309020210936818,9.0,CH,L,X,True,single,hit_into_play
823462-42-4,2026,2026-05-20,-0.3450497753430432,1.5032181680248882,13.0,CH,L,S,False,,swinging_strike
823462-42-3,2026,2026-05-20,0.8301899202981687,4.137758637932487,12.0,FF,L,B,False,,ball
823462-42-2,2026,2026-05-20,0.7036027652417882,1.7683510003212577,9.0,FF,L,S,False,,called_strike
823462-42-1,2026,2026-05-20,0.830129406895845,1.4709285135885866,14.0,ST,L,B,False,,ball
823462-25-9,2026,2026-05-20,0.934406272394754,3.584121146437701,12.0,FF,L,B,False,walk,ball
823462-25-8,2026,2026-05-20,0.5326407076168375,2.9984642309471647,3.0,ST,L,S,False,,foul
823462-25-7,2026,2026-05-20,0.7001975392992961,2.30505662565398,6.0,FF,L,S,False,,foul
823462-25-6,2026,2026-05-20,0.6115222214961317,1.951779052590497,9.0,FF,L,S,False,,foul
823462-25-5,2026,2026-05-20,0.7063912135068973,1.9965430442918877,9.0,FF,L,S,False,,called_strike
823462-25-4,2026,2026-05-20,-0.0291340157415859,1.9576002878611791,8.0,FF,L,S,False,,called_strike
823462-25-3,2026,2026-05-20,0.4139330758175363,3.691836450034594,12.0,FF,L,B,False,,ball
823462-25-2,2026,2026-05-20,0.6778269195491173,1.0296229266138317,14.0,CH,L,B,False,,ball
823462-25-1,2026,2026-05-20,0.6625085323516274,0.2400572761842445,14.0,CU,L,B,False,,ball
823462-63-5,2026,2026-05-20,-0.5533154241004313,2.916386463766721,1.0,FF,R,X,True,field_out,hit_into_play
823462-63-4,2026,2026-05-20,0.0921148654677423,3.695453322712941,12.0,FF,R,B,False,,ball
823462-63-3,2026,2026-05-20,-0.4187749343824518,2.5765036143913145,4.0,FF,R,S,False,,foul
823462-63-2,2026,2026-05-20,-0.2154196417647383,3.689747507861941,11.0,FF,R,B,False,,ball
823462-63-1,2026,2026-05-20,-1.530929086051099,3.90974141350496,11.0,ST,R,B,False,,ball
823462-4-5,2026,2026-05-20,0.6639470683394159,0.8226828397027816,14.0,FF,L,B,False,walk,ball
823462-4-4,2026,2026-05-20,-0.2727005707674192,0.3426288859115112,13.0,CH,L,B,False,,ball
823462-4-3,2026,2026-05-20,-1.1532576775757,2.116766196408596,13.0,FF,L,B,False,,ball
823462-4-2,2026,2026-05-20,0.4618172005297671,2.476751663820539,6.0,FF,L,S,False,,called_strike
823462-4-1,2026,2026-05-20,0.7664664697206326,0.8468687389932035,14.0,FF,L,B,False,,ball
823464-42-5,2026,2026-05-19,-0.6581654527740307,3.213615962428457,1.0,SL,R,X,True,field_out,hit_into_play
823464-42-4,2026,2026-05-19,1.079115754853489,3.389499710643162,12.0,FF,R,B,False,,ball
823464-42-3,2026,2026-05-19,0.469460147816684,1.5103578371926258,14.0,SL,R,B,False,,ball
823464-42-2,2026,2026-05-19,-0.6831479736251543,3.5292132619269467,11.0,FF,R,S,False,,foul
823464-42-1,2026,2026-05-19,-0.0633148499175242,2.91970012110406,2.0,FF,R,S,False,,foul
823464-20-2,2026,2026-05-19,-0.3391729262394871,2.386841620000449,4.0,SL,R,X,True,home_run,hit_into_play
823464-20-1,2026,2026-05-19,1.227634784224214,2.576501582120507,12.0,SL,R,B,False,,ball
823464-4-6,2026,2026-05-19,1.020996026637647,0.971030495420374,14.0,SL,R,S,False,strikeout,swinging_strike
823464-4-5,2026,2026-05-19,-0.5795313297439412,2.7429921537533017,4.0,FF,R,S,False,,foul
823464-4-4,2026,2026-05-19,0.2746041753377802,3.015805000345688,2.0,FF,R,S,False,,called_strike
823464-4-3,2026,2026-05-19,0.9571036248791052,3.419147143378752,12.0,FF,R,B,False,,ball
823464-4-2,2026,2026-05-19,-0.4198831679965619,3.858126281840314,11.0,FF,R,B,False,,ball
823464-65-1,2026,2026-05-19,0.2227688573146218,2.4154041969322866,5.0,FF,R,X,True,field_out,hit_into_play
823464-4-1,2026,2026-05-19,0.9332632271093676,3.7729247616176873,12.0,FF,R,B,False,,ball
823465-38-4,2026,2026-05-18,-1.5722996361886352,1.5798569613636744,13.0,CU,L,S,False,strikeout,swinging_strike
823465-38-3,2026,2026-05-18,0.0143864665745936,-0.0511121849752909,14.0,CH,L,B,False,,blocked_ball
823465-38-2,2026,2026-05-18,0.0092447118438816,3.31938864853109,2.0,FF,L,S,False,,foul
823465-38-1,2026,2026-05-18,-0.0254134349970702,3.2296876158126637,2.0,FF,L,S,False,,swinging_strike
823465-23-2,2026,2026-05-18,0.419377820284561,2.087189108719961,9.0,CH,L,X,True,field_out,hit_into_play
823465-23-1,2026,2026-05-18,1.9401507025880116,2.0242159805399167,14.0,CU,L,B,False,,ball
823465-54-2,2026,2026-05-18,0.6809121990157763,2.6390765278472816,6.0,SL,R,X,True,field_out,hit_into_play
823465-54-1,2026,2026-05-18,0.2360286356345916,2.84988596089033,2.0,SL,R,S,False,,called_strike
823465-5-1,2026,2026-05-18,-0.18355826521038,2.0166326905976995,8.0,SI,L,X,True,double,hit_into_play
823381-32-4,2026,2026-05-17,-0.2223223892737446,2.502791998084395,5.0,FF,R,X,True,single,hit_into_play
823381-32-3,2026,2026-05-17,-0.4789991019498475,2.723396220651694,4.0,ST,R,S,False,,called_strike
823381-32-2,2026,2026-05-17,0.0358027971280843,0.6439776871017799,14.0,CH,R,B,False,,ball
823381-32-1,2026,2026-05-17,0.39950519253458,1.2561467150502934,14.0,FS,R,B,False,,ball
823381-17-7,2026,2026-05-17,-0.1361945607619166,2.3213580096552704,5.0,CH,R,X,True,field_out,hit_into_play
823381-17-6,2026,2026-05-17,0.4706645575124728,1.2272677906677467,14.0,CH,R,S,False,,foul
823381-17-5,2026,2026-05-17,2.3906484020573697,0.8902421946070005,14.0,SL,R,B,False,,ball
823381-17-4,2026,2026-05-17,-0.8681793445837871,3.539580914046538,11.0,FF,R,B,False,,ball
823381-17-3,2026,2026-05-17,-0.4697159172228976,3.397168795784315,11.0,FF,R,S,False,,foul
823381-17-2,2026,2026-05-17,-0.3571283570613648,3.773357030576959,11.0,FF,R,S,False,,swinging_strike
823381-17-1,2026,2026-05-17,-0.2543950487142463,3.001831090273172,2.0,FF,R,S,False,,foul
823381-45-4,2026,2026-05-17,0.4110445470935691,1.877592880767448,9.0,SL,R,X,True,field_out,hit_into_play
823381-45-3,2026,2026-05-17,0.0889874190877948,1.489697935945349,14.0,FF,R,S,False,,foul
823381-45-2,2026,2026-05-17,-0.1243928521971028,0.3147221149776662,13.0,FF,R,B,False,,blocked_ball
823381-45-1,2026,2026-05-17,0.5203885963735896,1.845682327921664,9.0,FF,R,S,False,,called_strike
823381-1-8,2026,2026-05-17,-0.8816059856762727,3.9219300234601246,11.0,FF,R,S,False,strikeout,swinging_strike
823381-1-7,2026,2026-05-17,-0.5545046798815724,2.810258937588087,1.0,FF,R,S,False,,foul
823381-66-1,2026,2026-05-17,-0.7027284393043087,2.257481086775522,4.0,SI,R,X,True,field_out,hit_into_play
823381-1-6,2026,2026-05-17,-0.3931912347030509,2.366278078275398,4.0,FS,R,S,False,,foul
823381-1-5,2026,2026-05-17,-1.6750335400314793,2.300627299114924,13.0,CH,R,B,False,,ball
823381-1-4,2026,2026-05-17,-0.1040162786694396,2.0310963175524623,8.0,SI,R,S,False,,foul
823381-1-3,2026,2026-05-17,1.697852529498608,1.2242734483012168,14.0,ST,R,B,False,,ball
823381-1-2,2026,2026-05-17,0.2252145138673547,1.097637439378432,14.0,SI,R,B,False,,ball
823381-1-1,2026,2026-05-17,0.1963862696972478,1.931514930328126,8.0,FS,R,S,False,,called_strike
823382-13-7,2026,2026-05-16,-0.4076838164925531,3.853044086534057,11.0,SI,R,B,False,walk,ball
823382-13-6,2026,2026-05-16,-0.1907084952404334,1.6468939954095216,8.0,CH,R,S,False,,foul
823382-13-5,2026,2026-05-16,0.8125031020874907,1.7535992376743592,9.0,FF,R,S,False,,called_strike
823382-13-4,2026,2026-05-16,0.2834377120866046,0.9223764694117113,14.0,SL,R,B,False,,ball
823382-13-3,2026,2026-05-16,0.4602964636624104,1.3216324714714711,14.0,FF,R,B,False,,ball
823382-13-2,2026,2026-05-16,-0.6389768264086884,1.2002337934986165,13.0,SI,R,B,False,,ball
823382-13-1,2026,2026-05-16,-0.4403435200103006,2.5929313949148427,4.0,FF,R,S,False,,called_strike
823382-44-6,2026,2026-05-16,0.0250156957570686,1.0935300139737243,14.0,SL,R,S,False,strikeout,swinging_strike
823382-44-5,2026,2026-05-16,-1.4103499379720694,1.1783998052350886,13.0,SL,R,B,False,,ball
823382-44-4,2026,2026-05-16,-0.6608415149708462,2.363991464005022,4.0,FF,R,S,False,,foul
823382-44-3,2026,2026-05-16,-0.0524762045918213,1.074604071786267,13.0,SL,R,S,False,,foul
823382-44-2,2026,2026-05-16,0.3755286066326969,2.337939967878741,6.0,FF,R,S,False,,foul
823382-44-1,2026,2026-05-16,-1.084916074904172,2.2804346453386075,13.0,SL,R,S,False,,foul
823382-28-9,2026,2026-05-16,-0.2086324317370891,2.6476794468301232,5.0,SI,L,X,True,field_out,hit_into_play
823382-28-8,2026,2026-05-16,-0.6561412070290218,2.8640374317561643,1.0,SI,L,S,False,,foul
823382-28-7,2026,2026-05-16,1.0643414224484724,2.689453398802411,12.0,SI,L,S,False,,foul
823382-28-6,2026,2026-05-16,-0.7507623140242896,1.0851842580069806,13.0,CH,L,B,False,,ball
823382-60-1,2026,2026-05-16,0.1726589975919277,2.3024257290023806,5.0,FF,R,X,True,double,hit_into_play
823382-28-5,2026,2026-05-16,-0.648302426831348,2.12385580050348,7.0,CU,L,S,False,,foul
823382-28-4,2026,2026-05-16,0.4422317987178923,4.3150841148125325,12.0,FF,L,B,False,,ball
823382-28-3,2026,2026-05-16,-0.0383671834571353,2.729619946035354,5.0,SI,L,S,False,,foul
823382-28-2,2026,2026-05-16,-0.2413783292835871,2.380037254094082,5.0,SI,L,S,False,,foul
823382-28-1,2026,2026-05-16,-0.9924519863893956,1.1616355158725362,13.0,CH,L,B,False,,ball
823382-1-1,2026,2026-05-16,0.5879324402614912,2.57631106589844,6.0,FF,R,X,True,single,hit_into_play
823384-57-2,2026,2026-05-15,0.2387287955599725,2.34965456827665,5.0,SL,R,X,True,force_out,hit_into_play
823384-57-1,2026,2026-05-15,-0.176547703928487,2.213657952029205,5.0,SI,R,S,False,,foul
823384-38-4,2026,2026-05-15,0.8590383786864413,2.054493005634737,14.0,SL,R,S,False,strikeout,swinging_strike
823384-38-3,2026,2026-05-15,0.3257727046885725,1.9408949714941168,9.0,SL,R,S,False,,foul
823384-38-2,2026,2026-05-15,0.2433533632928507,1.5375660247907548,8.0,FF,R,S,False,,foul
823384-38-1,2026,2026-05-15,-0.9723150696873905,3.321242284347756,11.0,CU,R,B,False,,ball
823384-16-2,2026,2026-05-15,0.0497523946888562,1.7349810617496564,8.0,SL,R,X,True,force_out,hit_into_play
823384-16-1,2026,2026-05-15,-0.9124512928362878,1.7109060312009396,13.0,SI,R,S,False,,foul_tip
823384-73-2,2026,2026-05-15,0.6160053821234146,2.3799008278772686,6.0,SI,L,X,True,single,hit_into_play
823384-73-1,2026,2026-05-15,0.0468935469850764,3.102929759274059,2.0,SL,L,S,False,,foul
823384-86-8,2026,2026-05-15,0.7158958775949976,2.724227374801376,6.0,SL,R,S,False,strikeout,called_strike
823384-86-7,2026,2026-05-15,-1.013059178216504,2.370090466361241,13.0,SL,R,S,False,,foul
823384-86-6,2026,2026-05-15,-0.2809646586831896,2.8490995244726784,1.0,FF,R,S,False,,foul
823384-86-5,2026,2026-05-15,0.7792841661226613,1.512705011982682,14.0,SL,R,B,False,,ball
823384-86-4,2026,2026-05-15,-0.2673970841919353,3.9606571663713854,11.0,FF,R,S,False,,foul
823384-86-3,2026,2026-05-15,0.16584587560885,2.517165231769116,5.0,FF,R,S,False,,foul
823384-86-2,2026,2026-05-15,-0.1316016156522386,2.6266070102218118,5.0,FF,R,S,False,,swinging_strike
823384-86-1,2026,2026-05-15,0.6145137514486951,1.4239633924989832,14.0,SL,R,B,False,,ball
823384-1-2,2026,2026-05-15,-0.6748264531655661,1.9542676677555333,7.0,SI,R,X,True,field_out,hit_into_play
823384-1-1,2026,2026-05-15,-0.0120774852758546,2.130465808903592,8.0,FF,R,S,False,,called_strike
824762-33-5,2026,2026-05-14,0.1889362479921784,1.6842451636884963,8.0,FC,L,S,False,strikeout,called_strike
824762-33-4,2026,2026-05-14,-0.7350466884360768,0.7845039729916934,13.0,CU,L,B,False,,ball
824762-33-3,2026,2026-05-14,0.5379721794082278,2.767986350417994,3.0,FF,L,S,False,,foul
824762-33-2,2026,2026-05-14,-0.0428978563380923,2.564167022280328,5.0,FC,L,S,False,,foul
824762-33-1,2026,2026-05-14,0.2305314136029814,0.9716606571067684,14.0,SI,L,S,False,,swinging_strike
824762-20-2,2026,2026-05-14,-0.6600445895342226,2.3897320194283647,4.0,FC,L,X,True,field_out,hit_into_play
824762-20-1,2026,2026-05-14,1.06482463358524,2.2410690716328547,14.0,SI,L,B,False,,ball
824762-1-5,2026,2026-05-14,0.5991252875728572,2.2103483934223687,6.0,CH,L,X,True,field_out,hit_into_play
824762-1-4,2026,2026-05-14,1.217374059527279,2.724139870799572,12.0,SI,L,S,False,,swinging_strike
824762-1-3,2026,2026-05-14,0.4646107317169083,1.1767046502484673,14.0,SI,L,B,False,,ball
824762-70-3,2026,2026-05-14,-0.1912446253863936,1.3414779506876051,13.0,ST,R,S,False,strikeout,swinging_strike
824762-70-2,2026,2026-05-14,0.4736525941214488,2.028291174669841,9.0,ST,R,S,False,,swinging_strike
824762-1-2,2026,2026-05-14,-1.3046862335928304,2.969484498592527,11.0,FC,L,B,False,,ball
824762-70-1,2026,2026-05-14,0.2995536950482825,1.6561109848601467,9.0,FC,R,S,False,,called_strike
824762-55-1,2026,2026-05-14,0.4429084958126328,1.8325783081232048,9.0,SI,L,X,True,single,hit_into_play
824762-1-1,2026,2026-05-14,0.0332765072621563,1.8107961440594769,8.0,FF,L,S,False,,called_strike
824763-62-4,2026,2026-05-13,-0.5780161139141174,4.245576069026886,11.0,FF,L,B,False,walk,ball
824763-62-3,2026,2026-05-13,-0.1216467002985096,0.9763345074127284,13.0,SL,L,B,False,,ball
824763-62-2,2026,2026-05-13,-0.5795172812416816,0.9661609877566388,13.0,SI,L,B,False,,ball
824763-62-1,2026,2026-05-13,-1.0683131359022404,3.067681751282108,11.0,FF,L,B,False,,ball
824764-53-3,2026,2026-05-12,0.2070372367030437,1.6477106336290746,8.0,ST,R,X,True,field_out,hit_into_play
824764-53-2,2026,2026-05-12,-1.1747883269410222,1.52997976107026,13.0,SI,R,S,False,,swinging_strike
824764-53-1,2026,2026-05-12,-0.5729239963396802,3.0380952635298213,1.0,SI,R,S,False,,foul
824764-32-1,2026,2026-05-12,-0.1289304234968627,2.2868668831562124,5.0,FC,R,X,True,field_out,hit_into_play
824764-13-5,2026,2026-05-12,0.4473738829415506,1.238291459323444,14.0,FC,R,S,False,strikeout,swinging_strike
824764-13-4,2026,2026-05-12,0.552334326869065,1.1218987322260507,14.0,ST,R,S,False,,foul
824764-13-3,2026,2026-05-12,-0.3043095518558055,3.3955138190094325,11.0,FC,R,S,False,,swinging_strike
824764-13-2,2026,2026-05-12,-0.2916985186064906,2.277812070915236,4.0,SI,R,S,False,,foul
824764-13-1,2026,2026-05-12,0.5803431131801138,1.0929481772602017,14.0,SI,R,B,False,,ball
824764-1-6,2026,2026-05-12,0.2295465416771198,1.8723718762215111,8.0,CH,L,X,True,field_out,hit_into_play
824764-1-5,2026,2026-05-12,0.2415627853503819,4.482172191878197,12.0,FF,L,B,False,,ball
824764-1-4,2026,2026-05-12,0.8094281448583245,2.650116862632838,6.0,FF,L,S,False,,foul
824764-1-3,2026,2026-05-12,-0.5516835594974949,0.6234381169437544,13.0,CH,L,B,False,,ball
824764-1-2,2026,2026-05-12,-0.0760104499731599,3.176960888350605,2.0,CH,L,S,False,,called_strike
824764-1-1,2026,2026-05-12,-0.0505672373330746,1.7734869233559054,8.0,FF,L,S,False,,called_strike
823463-34-1,2026,2026-05-10,-0.2612610211669693,2.7730813153931706,2.0,CU,R,X,True,field_out,hit_into_play
823463-17-7,2026,2026-05-10,-0.3742904736561647,1.5923100698734254,7.0,SI,R,X,True,sac_fly,hit_into_play
823463-17-6,2026,2026-05-10,0.8856028879460904,0.6798865781215642,14.0,ST,R,B,False,,ball
823463-17-5,2026,2026-05-10,2.1667235509138294,2.0393229119790592,14.0,ST,R,B,False,,ball
823463-17-4,2026,2026-05-10,-1.0080017101582317,1.9264471068280928,13.0,SI,R,S,False,,foul
823463-17-3,2026,2026-05-10,-0.5727173128348224,4.545535752518328,11.0,FF,R,B,False,,ball
823463-17-2,2026,2026-05-10,-1.1215932532873727,2.007141821201372,13.0,SI,R,S,False,,foul
823463-17-1,2026,2026-05-10,-0.3936082142903432,1.704279779615659,7.0,SI,R,S,False,,called_strike
823463-50-3,2026,2026-05-10,-0.3340275662234475,2.004534009591264,7.0,FF,R,X,True,field_out,hit_into_play
823463-50-2,2026,2026-05-10,1.0653693841607792,1.3582196599906786,14.0,SL,R,B,False,,ball
823463-50-1,2026,2026-05-10,2.284249480376303,0.2719080006103809,14.0,SL,R,B,False,,ball
823463-5-5,2026,2026-05-10,0.878351841409719,1.5084847385814113,14.0,FS,R,S,False,strikeout,swinging_strike
823463-5-4,2026,2026-05-10,1.751934606473858,1.7659448082259823,14.0,ST,R,B,False,,ball
823463-5-3,2026,2026-05-10,-1.2253736084118358,2.328128486443272,13.0,SI,R,S,False,,foul
823463-5-2,2026,2026-05-10,0.7071675439480147,1.9897340974739444,9.0,ST,R,S,False,,swinging_strike
823463-5-1,2026,2026-05-10,1.7462920369619692,2.527718251057871,12.0,ST,R,B,False,,ball
823468-37-2,2026,2026-05-09,0.3609841867822826,1.7274211020757595,9.0,KC,L,X,True,single,hit_into_play
823468-37-1,2026,2026-05-09,1.7582220208547756,3.4378828088849462,12.0,CH,L,B,False,,ball
823468-71-1,2026,2026-05-09,-0.0018087370030359,3.3229876078460725,2.0,CU,R,X,True,field_out,hit_into_play
823468-22-1,2026,2026-05-09,0.3710447999634509,1.646312045326343,9.0,KC,L,X,True,single,hit_into_play
823468-55-6,2026,2026-05-09,-0.5014206097436702,1.2187309405399325,13.0,FF,R,X,True,single,hit_into_play
823468-55-5,2026,2026-05-09,-0.1981169292205553,0.1836412812320893,13.0,CH,R,B,False,,ball
823468-55-4,2026,2026-05-09,-0.158317259247794,1.6594619849401957,8.0,SL,R,S,False,,swinging_strike
823468-55-3,2026,2026-05-09,-1.5554111637316614,3.086942358870539,11.0,SL,R,B,False,,ball
823468-55-2,2026,2026-05-09,0.5025012408329474,2.989314178687867,3.0,FF,R,S,False,,swinging_strike
823468-55-1,2026,2026-05-09,1.1233655308475654,2.8027534958410865,12.0,FF,R,B,False,,ball
823468-5-2,2026,2026-05-09,0.2111772617760954,2.5974575811580003,5.0,FF,L,X,True,single,hit_into_play
823468-5-1,2026,2026-05-09,0.6722474524983528,3.525789604313858,12.0,FF,L,B,False,,ball
823466-43-5,2026,2026-05-08,0.7800393228385997,2.7689450558317543,3.0,FF,R,S,False,strikeout,swinging_strike
823466-43-4,2026,2026-05-08,-1.0081868498977191,2.69143110590443,11.0,SI,R,S,False,,foul
823466-43-3,2026,2026-05-08,-1.747220351713584,3.0708899690532694,11.0,SI,R,B,False,,ball
823466-43-2,2026,2026-05-08,-0.302310546651851,3.180135176802191,1.0,FF,R,S,False,,swinging_strike
823466-43-1,2026,2026-05-08,1.4922562815821556,1.5938638201633069,14.0,CU,R,B,False,,ball
823466-21-3,2026,2026-05-08,0.1179809352129694,2.8439341714190656,2.0,SI,R,X,True,field_out,hit_into_play
823466-21-2,2026,2026-05-08,2.567181604343486,0.9094684733897472,14.0,SL,R,B,False,,ball
823466-21-1,2026,2026-05-08,0.3458590255989609,2.661998895881512,6.0,SL,R,S,False,,called_strike
823466-72-3,2026,2026-05-08,0.96992279554856,1.2264838271416325,14.0,ST,R,S,False,strikeout,swinging_strike
823466-72-2,2026,2026-05-08,0.4264467684006632,1.4738617623844936,14.0,SL,R,S,False,,swinging_strike
823466-72-1,2026,2026-05-08,0.4969121546331795,1.8253064638143983,9.0,SL,R,S,False,,called_strike
823466-59-2,2026,2026-05-08,-0.0762584537726838,2.7166869802618745,5.0,SI,R,X,True,field_out,hit_into_play
823466-59-1,2026,2026-05-08,-0.1343536970993746,3.090497706616465,2.0,SI,R,S,False,,foul
823466-95-4,2026,2026-05-08,0.6486940727856696,2.779559429135261,3.0,SI,R,X,True,field_out,hit_into_play
823466-95-3,2026,2026-05-08,1.352337949706272,2.193081753381528,14.0,SI,R,B,False,,ball
823466-95-2,2026,2026-05-08,1.205564808740995,1.7748173109446106,14.0,ST,R,S,False,,swinging_strike
823466-95-1,2026,2026-05-08,-0.8822243755514165,3.7694872984020735,11.0,ST,R,B,False,,ball
823466-5-2,2026,2026-05-08,-0.0347262176809128,2.995653342382308,2.0,SI,R,X,True,field_out,hit_into_play
823466-5-1,2026,2026-05-08,0.3225784157595842,3.315822687332746,3.0,FF,R,S,False,,swinging_strike
823467-52-3,2026,2026-05-07,-0.6792355276426671,2.276865563989096,4.0,SI,R,X,True,field_out,hit_into_play
823467-52-2,2026,2026-05-07,1.443306549065587,1.343041094871091,14.0,SL,R,B,False,,ball
823467-52-1,2026,2026-05-07,0.4121238270812732,1.7687187886139744,9.0,SL,R,S,False,,called_strike
823467-33-1,2026,2026-05-07,0.6001486746890186,2.588298924389775,6.0,FC,R,X,True,field_out,hit_into_play
823467-8-4,2026,2026-05-07,0.8730807020802851,1.611666900382339,14.0,SL,R,S,False,strikeout,called_strike
823467-8-3,2026,2026-05-07,3.2161345398450165,0.868779412842652,14.0,SL,R,B,False,,ball
823467-8-2,2026,2026-05-07,-0.2085113109637206,0.9741283188895178,13.0,SI,R,S,False,,foul
823467-8-1,2026,2026-05-07,-0.0571636055093316,1.5070212812234502,13.0,SI,R,S,False,,called_strike
823470-40-2,2026,2026-05-06,0.7311635034018322,2.7873203127426547,3.0,CH,L,X,True,single,hit_into_play
823470-40-1,2026,2026-05-06,-1.4947084774631865,3.313289020402552,11.0,FF,L,B,False,,ball
823470-22-6,2026,2026-05-06,-0.3481462254004933,1.8455109404175687,7.0,SL,L,X,True,field_out,hit_into_play
823470-22-5,2026,2026-05-06,-0.4710998988659503,3.463099495566864,11.0,FF,L,S,False,,foul
823470-22-4,2026,2026-05-06,-0.4360900229353445,3.308412889081328,1.0,FF,L,S,False,,foul
823470-22-3,2026,2026-05-06,0.2954237426477193,2.906951231723646,3.0,CH,L,S,False,,called_strike
823470-22-2,2026,2026-05-06,0.2408143872571309,1.349374383610931,14.0,CH,L,B,False,,ball
823470-22-1,2026,2026-05-06,1.0675896399050904,3.2259100419029028,12.0,SL,L,B,False,,ball
823470-56-4,2026,2026-05-06,-0.3483960928288701,1.3950314340383412,13.0,CH,R,X,True,field_out,hit_into_play
823470-56-3,2026,2026-05-06,0.2833295663546892,3.147519867649971,3.0,FF,R,S,False,,foul
823470-56-2,2026,2026-05-06,-0.2450978815452014,3.374441777699369,11.0,ST,R,B,False,,ball
823470-56-1,2026,2026-05-06,0.9205844330882478,2.7975746457512582,12.0,ST,R,S,False,,swinging_strike
823470-70-2,2026,2026-05-06,-0.0135890831191547,1.6112431293318812,8.0,CU,L,X,True,field_out,hit_into_play
823470-70-1,2026,2026-05-06,-1.3357975802465298,2.0189876079707334,13.0,FC,L,B,False,,ball
823470-4-5,2026,2026-05-06,-0.4283907098759814,0.7358899315499161,13.0,CH,L,S,False,strikeout,swinging_strike
823470-4-4,2026,2026-05-06,-0.4142343100576735,1.382155967283067,13.0,CH,L,S,False,,foul
823470-4-3,2026,2026-05-06,-0.9913765942220014,2.997735298618323,11.0,FF,L,S,False,,foul
823470-4-2,2026,2026-05-06,-0.2473032841290832,0.5331219146598816,13.0,CH,L,B,False,,ball
823470-4-1,2026,2026-05-06,-0.1727612216718843,3.6402517997782207,11.0,FF,L,B,False,,ball
823469-33-6,2026,2026-05-05,-0.3473815857524047,2.648939915846265,4.0,SI,R,X,True,field_out,hit_into_play
823469-33-5,2026,2026-05-05,1.1677867093304166,0.9691260715854656,14.0,FF,R,B,False,,ball
823469-33-4,2026,2026-05-05,1.0762824259248258,2.196318716633396,14.0,FF,R,B,False,,ball
823469-33-3,2026,2026-05-05,0.1260308546015077,2.3126152691309563,5.0,SL,R,S,False,,foul
823469-33-2,2026,2026-05-05,-0.9690562225215004,1.6689142654401148,13.0,SI,R,S,False,,foul
823469-33-1,2026,2026-05-05,1.6223190068231,0.8556757901062528,14.0,ST,R,B,False,,ball
823469-16-5,2026,2026-05-05,1.2461389570704156,2.100896054130712,14.0,ST,R,S,False,strikeout,swinging_strike
823469-16-4,2026,2026-05-05,1.876757652759491,1.4021424407720282,14.0,ST,R,B,False,,ball
823469-16-3,2026,2026-05-05,2.060355604493447,1.3841692966369337,14.0,ST,R,B,False,,ball
823469-16-2,2026,2026-05-05,-0.2614056486814786,1.6469794553416992,8.0,SI,R,S,False,,called_strike
823469-16-1,2026,2026-05-05,1.064606125013598,2.385474321483043,14.0,ST,R,S,False,,swinging_strike
823469-66-4,2026,2026-05-05,0.6607221392598865,1.3880063792233155,14.0,ST,R,X,True,single,hit_into_play
823469-66-3,2026,2026-05-05,2.093564980112013,1.4287493424725857,14.0,ST,R,B,False,,ball
823469-66-2,2026,2026-05-05,-2.1800560211345266,2.499937169705824,11.0,SI,R,S,False,,swinging_strike
823469-66-1,2026,2026-05-05,-0.0790558598694717,1.9492711913702785,8.0,SI,R,S,False,,called_strike
823469-4-2,2026,2026-05-05,0.4330309768240035,2.952651229300985,3.0,ST,R,X,True,field_out,hit_into_play
823469-4-1,2026,2026-05-05,0.4826615930461078,2.8776708824528563,3.0,FF,R,S,False,,called_strike
823469-54-1,2026,2026-05-05,-0.5368383990532447,3.0505896637036978,1.0,FF,R,X,True,double,hit_into_play
823874-34-7,2026,2026-05-04,0.811170357783347,1.4367000019660807,14.0,ST,R,S,False,strikeout,swinging_strike
823874-34-6,2026,2026-05-04,0.2717249324945808,2.477055083506715,5.0,ST,R,S,False,,foul
823874-34-5,2026,2026-05-04,-0.5611188155527864,1.8385652642057555,7.0,SL,R,S,False,,foul
823874-34-4,2026,2026-05-04,-1.1066069250826605,2.941703007386508,11.0,FF,R,S,False,,foul
823874-34-3,2026,2026-05-04,-0.3145894731946703,0.1579380987143315,13.0,CH,R,B,False,,ball
823874-34-2,2026,2026-05-04,-0.2461952916389667,1.4062700384271558,13.0,CH,R,S,False,,foul
823874-34-1,2026,2026-05-04,-0.5449319249307151,2.7118396374771496,4.0,ST,R,S,False,,foul
823874-18-3,2026,2026-05-04,-0.608896675896644,1.9695299086246476,7.0,SI,R,X,True,field_out,hit_into_play
823874-18-2,2026,2026-05-04,-0.3556888757596946,1.9819110868420824,7.0,FF,R,S,False,,called_strike
823874-18-1,2026,2026-05-04,0.1184582858644307,0.7187440333905357,14.0,CH,R,B,False,,ball
823874-50-3,2026,2026-05-04,0.0661979871712621,2.4102352037035137,5.0,CU,R,X,True,field_out,hit_into_play
823874-50-2,2026,2026-05-04,0.9294580762627032,1.636091410441724,14.0,ST,R,S,False,,foul
823874-50-1,2026,2026-05-04,0.1585666553836882,2.368685896830708,5.0,ST,R,S,False,,foul
823874-1-4,2026,2026-05-04,0.5156801935130795,1.7707610031420806,9.0,ST,R,S,False,strikeout,called_strike
823874-1-3,2026,2026-05-04,0.6656569270689254,1.2276838017453438,14.0,SL,R,S,False,,foul
823874-1-2,2026,2026-05-04,0.702039014734419,-0.4247274389215905,14.0,SL,R,B,False,,ball
823874-1-1,2026,2026-05-04,-0.66080037919635,3.4030181698696333,11.0,FF,R,S,False,,foul
823875-14-1,2026,2026-05-03,0.1790211233723166,1.898397028218349,8.0,CH,R,X,True,field_out,hit_into_play
823875-48-3,2026,2026-05-03,1.6168947006465395,1.7216169698325614,14.0,ST,R,S,False,strikeout,swinging_strike
823875-48-2,2026,2026-05-03,-0.918161717355686,3.101523440559994,11.0,SI,R,S,False,,foul
823875-48-1,2026,2026-05-03,0.1982026530508381,2.871532676966204,2.0,CU,R,S,False,,foul
823875-28-6,2026,2026-05-03,-0.3040511516322852,2.0858814389813705,7.0,SL,L,X,True,field_out,hit_into_play
823875-28-5,2026,2026-05-03,0.4584876629721415,1.0459575581339178,14.0,CH,L,B,False,,ball
823875-66-2,2026,2026-05-03,0.5147577124441153,2.0021766070068274,9.0,FF,R,X,True,field_out,hit_into_play
823875-66-1,2026,2026-05-03,0.9413811050050866,2.3114962290568157,14.0,FF,R,B,False,,ball
823875-28-4,2026,2026-05-03,0.447115832747617,2.559893486345176,6.0,SI,L,S,False,,foul
823875-28-3,2026,2026-05-03,-0.6776676194293894,1.3499614704634428,13.0,ST,L,S,False,,foul
823875-28-2,2026,2026-05-03,-0.0224851691363345,3.03351551514145,2.0,CU,L,S,False,,called_strike
823875-1-2,2026,2026-05-03,-0.2989852162535928,3.0821519652734928,1.0,SI,R,X,True,double,hit_into_play
823875-1-1,2026,2026-05-03,1.374403646225846,1.0371233462968803,14.0,ST,R,B,False,,ball
823875-28-1,2026,2026-05-03,1.977453674526959,2.155493415694375,14.0,CH,L,B,False,,ball
823876-44-2,2026,2026-05-02,0.3153331209986357,2.7453356086606324,6.0,FF,R,X,True,field_out,hit_into_play
823876-44-1,2026,2026-05-02,0.0180999191129331,2.0925733067600123,8.0,FF,R,S,False,,swinging_strike
823876-27-6,2026,2026-05-02,0.4951872186105415,1.7292264233624426,9.0,ST,R,X,True,field_out,hit_into_play
823876-27-5,2026,2026-05-02,-0.0642261845689469,2.245209627980279,5.0,SL,R,S,False,,foul
823876-27-4,2026,2026-05-02,-0.8097951370228877,3.315997360040767,11.0,SI,R,S,False,,foul
823876-27-3,2026,2026-05-02,-0.3492933924490766,2.353658757727932,4.0,SI,R,S,False,,called_strike
823876-27-2,2026,2026-05-02,-1.1456824628680615,3.3146253013817804,11.0,SI,R,B,False,,ball
823876-27-1,2026,2026-05-02,-1.4516670922955717,2.6964605246319846,11.0,ST,R,B,False,,ball
823876-67-2,2026,2026-05-02,-0.3653377411455808,2.9197576939781134,1.0,FF,L,X,True,field_out,hit_into_play
823876-67-1,2026,2026-05-02,-0.7453253188846173,3.527134679105603,11.0,FF,L,S,False,,foul
823876-1-2,2026,2026-05-02,-0.4143445416074433,2.231279844152523,4.0,SI,R,X,True,field_out,hit_into_play
823876-1-1,2026,2026-05-02,-0.1907197531983659,1.7677686928290377,8.0,SI,R,S,False,,called_strike
823471-43-2,2026,2026-04-30,-0.0039011774395205,2.3463237161266,5.0,SI,R,X,True,single,hit_into_play
823471-43-1,2026,2026-04-30,-1.86442880209182,2.0265504250695576,13.0,SI,R,B,False,,ball
823472-41-4,2026,2026-04-30,-0.0169292419788211,1.882782156087068,8.0,CH,R,S,False,strikeout,swinging_strike
823472-41-3,2026,2026-04-30,-1.6274389497712167,3.00078767626149,11.0,SI,R,S,False,,foul
823472-41-2,2026,2026-04-30,-1.2570674834103617,1.2547998522197503,13.0,SI,R,B,False,,ball
823472-41-1,2026,2026-04-30,-0.0266902868115186,2.216431974886573,5.0,ST,R,S,False,,called_strike
823471-25-6,2026,2026-04-30,0.3441463243711304,2.2366065157898407,6.0,SI,R,X,True,field_out,hit_into_play
823471-25-5,2026,2026-04-30,0.4003099496574275,1.0136073663088283,14.0,SL,R,B,False,,ball
823471-25-4,2026,2026-04-30,-0.8586951087442931,2.2037773400723597,13.0,CH,R,S,False,,foul
823471-25-3,2026,2026-04-30,1.1734731329123875,0.7720239812081013,14.0,SL,R,B,False,,ball
823471-25-2,2026,2026-04-30,-0.1731588739338672,2.539424117280148,5.0,SI,R,S,False,,foul
823471-25-1,2026,2026-04-30,-0.1718083481766127,2.036750475022332,8.0,SL,R,S,False,,foul
823472-24-3,2026,2026-04-30,-0.2725377940786213,1.464050435008713,13.0,SI,R,X,True,field_out,hit_into_play
823472-24-2,2026,2026-04-30,0.3509830034144372,1.8020288369536317,9.0,SI,R,S,False,,called_strike
823472-24-1,2026,2026-04-30,0.0841306116920672,1.909595738400088,8.0,SI,R,S,False,,swinging_strike
823471-82-5,2026,2026-04-30,0.0690177687707827,2.3884025806215634,5.0,FS,R,X,True,grounded_into_double_play,hit_into_play
823471-82-4,2026,2026-04-30,-1.3772304894010616,2.6986062401289224,11.0,FS,R,B,False,,ball
823471-82-3,2026,2026-04-30,-0.3518286754805049,1.5152954668675171,13.0,FS,R,S,False,,swinging_strike
823471-82-2,2026,2026-04-30,0.597863953349115,1.9782481009791064,9.0,SI,R,B,False,,ball
823471-82-1,2026,2026-04-30,-0.6269464757188739,2.9855191893453394,1.0,SI,R,S,False,,called_strike
823471-62-4,2026,2026-04-30,-0.1371172416524301,3.251673313721055,2.0,FF,R,S,False,strikeout,foul_tip
823471-62-3,2026,2026-04-30,0.3796664931093262,1.7278246237632569,9.0,FF,R,S,False,,called_strike
823471-62-2,2026,2026-04-30,-0.2437357014311788,2.584099816988316,5.0,SL,R,S,False,,called_strike
823471-62-1,2026,2026-04-30,-1.366765883734375,3.790432676592628,11.0,FF,R,B,False,,ball
823472-61-7,2026,2026-04-30,-0.9136625102273525,2.013416311838508,13.0,SI,L,S,False,strikeout,called_strike
823472-61-6,2026,2026-04-30,-0.2889025320256158,2.850901925524488,1.0,SI,L,S,False,,foul
823472-8-5,2026,2026-04-30,-1.1088811920972894,2.5984122052422203,11.0,SI,R,S,False,strikeout,swinging_strike
823472-61-5,2026,2026-04-30,-0.5626130683011036,-0.9261145214329763,13.0,SL,L,B,False,,ball
823472-8-4,2026,2026-04-30,-0.905820627961256,2.174446776057599,13.0,SI,R,S,False,,swinging_strike
823472-61-4,2026,2026-04-30,0.0019027682412311,2.612455118809088,5.0,SI,L,S,False,,foul
823472-61-3,2026,2026-04-30,-0.9221353875360612,2.1091858702970785,13.0,SL,L,S,False,,foul
823472-8-3,2026,2026-04-30,0.9267130982766824,2.2585903010699324,14.0,FC,R,B,False,,ball
823472-61-2,2026,2026-04-30,-0.6107515627945361,1.2819590041236704,13.0,SL,L,B,False,,ball
823472-8-2,2026,2026-04-30,-1.488690520871483,2.8323418450676923,11.0,SI,R,S,False,,foul
823472-8-1,2026,2026-04-30,1.2567233276080618,1.647479827518675,14.0,SI,R,B,False,,ball
823472-61-1,2026,2026-04-30,-0.8215707301551214,2.506873765869692,4.0,SI,L,S,False,,called_strike
823471-5-1,2026,2026-04-30,0.259136079819142,2.5902407078678085,5.0,SI,R,X,True,home_run,hit_into_play
823473-39-3,2026,2026-04-28,0.5207213655221772,2.3834124864643744,6.0,FF,R,X,True,single,hit_into_play
823473-39-2,2026,2026-04-28,1.8051502965238504,1.954565613018442,14.0,FF,R,B,False,,ball
823473-39-1,2026,2026-04-28,1.2712505208323388,1.0143508466359368,14.0,SL,R,B,False,,ball
823473-63-3,2026,2026-04-28,0.6645797042859966,2.2187346399368986,6.0,ST,R,X,True,single,hit_into_play
823473-63-2,2026,2026-04-28,0.7973005350492832,2.438068758960878,6.0,SI,R,B,False,,ball
823473-63-1,2026,2026-04-28,-0.1032551020550178,2.8261133540809205,2.0,ST,R,S,False,,called_strike
823473-24-4,2026,2026-04-28,0.0472573300850615,2.593065035446097,5.0,FC,R,X,True,single,hit_into_play
823473-24-3,2026,2026-04-28,-0.4447098347345759,3.709854706548336,11.0,FF,R,S,False,,foul
823473-24-2,2026,2026-04-28,1.0290142397091442,3.479350114384373,12.0,FF,R,B,False,,ball
823473-24-1,2026,2026-04-28,0.8780782780783305,1.1090425836633924,14.0,FC,R,B,False,,ball
823473-4-5,2026,2026-04-28,0.6202982269740651,2.902755159086269,3.0,FF,R,X,True,single,hit_into_play
823473-51-5,2026,2026-04-28,0.928741765030834,2.837847997646326,12.0,ST,R,S,False,strikeout,foul_tip
823473-4-4,2026,2026-04-28,0.621220633587338,1.025411853920998,14.0,FS,R,B,False,,ball
823473-51-4,2026,2026-04-28,0.0537200000043409,2.220119094309557,5.0,ST,R,S,False,,foul
823473-51-3,2026,2026-04-28,1.6144298824301409,1.3971738636778643,14.0,ST,R,S,False,,swinging_strike
823473-4-3,2026,2026-04-28,1.082139790964906,2.8630077885260268,12.0,FC,R,S,False,,foul
823473-51-2,2026,2026-04-28,0.1531383832452457,3.138157691542767,2.0,SI,R,S,False,,swinging_strike
823473-4-2,2026,2026-04-28,0.4350465000653574,2.202566134754057,6.0,FF,R,S,False,,called_strike
823473-4-1,2026,2026-04-28,0.7406117774674359,1.6507650803365728,9.0,FF,R,B,False,,ball
823473-51-1,2026,2026-04-28,-0.6268981032315484,3.971676627368416,11.0,FF,R,B,False,,ball
824934-41-5,2026,2026-04-26,-0.0596246623039534,2.7195190965872813,5.0,SL,L,X,True,field_out,hit_into_play
824934-41-4,2026,2026-04-26,-1.7497811833649168,1.3840417016400282,13.0,SL,L,B,False,,ball
824934-41-3,2026,2026-04-26,0.0253891781710131,1.4388667868323035,14.0,CH,L,S,False,,foul
824934-41-2,2026,2026-04-26,0.1159689157082419,1.6022665573836123,8.0,CH,L,S,False,,swinging_strike
824934-41-1,2026,2026-04-26,-1.0831447453212797,1.104949343603423,13.0,SL,L,B,False,,ball
824934-23-5,2026,2026-04-26,0.3568171314407384,2.412329445242784,6.0,FF,L,X,True,single,hit_into_play
824934-23-4,2026,2026-04-26,0.1182884033417099,1.7360074763629554,8.0,FF,L,S,False,,called_strike
824934-23-3,2026,2026-04-26,-1.2630864121418148,2.4425859926428064,11.0,FF,L,B,False,,ball
824934-23-2,2026,2026-04-26,-0.9298877163313712,0.9174680166755188,13.0,CH,L,B,False,,ball
824934-23-1,2026,2026-04-26,-1.3666901517580734,0.956215905171364,13.0,FF,L,B,False,,ball
824934-61-3,2026,2026-04-26,0.0236333223936607,2.4077720472615725,5.0,FC,L,X,True,field_out,hit_into_play
824934-61-2,2026,2026-04-26,-0.7619644491667543,1.579472948113653,7.0,SI,L,S,False,,called_strike
824934-61-1,2026,2026-04-26,1.4827087227368525,2.6487615253173806,12.0,CU,L,B,False,,ball
824934-1-3,2026,2026-04-26,-0.913908442473348,1.4422416364667483,13.0,SL,L,S,False,strikeout,swinging_strike
824934-1-2,2026,2026-04-26,0.3292841922259125,1.782906801402356,9.0,SL,L,S,False,,called_strike
824934-1-1,2026,2026-04-26,-0.0761815187846275,2.944165872289531,2.0,FF,L,S,False,,called_strike
824933-54-4,2026,2026-04-25,0.7323590061744361,2.104283009618481,9.0,SI,R,X,True,field_out,hit_into_play
824933-54-3,2026,2026-04-25,-1.1274965916344115,1.2814216348755183,13.0,SI,R,S,False,,foul
824933-54-2,2026,2026-04-25,-0.1805750572458044,0.4798776671354634,13.0,CH,R,B,False,,ball
824933-54-1,2026,2026-04-25,0.3188451167637005,1.76439850096171,9.0,SI,R,S,False,,called_strike
824933-36-1,2026,2026-04-25,0.0316557411572827,2.012403399829929,8.0,SL,R,X,True,single,hit_into_play
824933-17-3,2026,2026-04-25,-0.5049789811093668,2.332500004086931,4.0,SI,R,X,True,field_out,hit_into_play
824933-17-2,2026,2026-04-25,0.1829411444743562,1.2602453067380508,14.0,SI,R,B,False,,ball
824933-17-1,2026,2026-04-25,0.8241368545639307,1.8847651303938864,9.0,SI,R,B,False,,ball
824933-73-5,2026,2026-04-25,-0.4591911783378508,1.4124581552992406,13.0,SL,R,B,False,walk,ball
824933-73-4,2026,2026-04-25,0.2633038769296319,1.2850149304328031,14.0,SL,R,B,False,,ball
824933-73-3,2026,2026-04-25,0.6906268380693193,3.039767223688814,3.0,SL,R,S,False,,called_strike
824933-73-2,2026,2026-04-25,1.1089556762127275,2.090175668320108,14.0,SL,R,B,False,,ball
824933-73-1,2026,2026-04-25,1.4038559258872862,0.3639220442757271,14.0,SL,R,B,False,,blocked_ball
824933-1-4,2026,2026-04-25,-0.0947348152310828,1.8801502407920028,8.0,SL,R,X,True,field_out,hit_into_play
824933-1-3,2026,2026-04-25,1.1391576700202903,1.9550332044371344,14.0,SL,R,B,False,,ball
824933-1-2,2026,2026-04-25,0.3537906357516343,2.515700293765048,6.0,SI,R,S,False,,foul
824933-1-1,2026,2026-04-25,0.4222492940400726,2.021734871690481,9.0,SI,R,S,False,,called_strike
824932-50-4,2026,2026-04-24,0.576582250047391,0.968246334758113,14.0,SL,R,S,False,strikeout,swinging_strike
824932-50-3,2026,2026-04-24,0.4552890926288538,0.7080017529113074,14.0,SL,R,B,False,,ball
824932-50-2,2026,2026-04-24,0.6371132566335287,0.8991576781044488,14.0,SL,R,S,False,,swinging_strike
824932-50-1,2026,2026-04-24,0.3245494616762898,1.3380115429831556,14.0,SL,R,S,False,,swinging_strike
824932-33-6,2026,2026-04-24,0.2698520333369221,1.354214329515865,14.0,SL,R,B,False,walk,ball
824932-33-5,2026,2026-04-24,0.9546282619240688,-0.3384577160350184,14.0,SL,R,B,False,,ball
824932-33-4,2026,2026-04-24,1.0203236469528258,0.8630429089306308,14.0,SL,R,S,False,,swinging_strike
824932-33-3,2026,2026-04-24,0.992992185954124,1.4045139837515883,14.0,SL,R,B,False,,ball
824932-33-2,2026,2026-04-24,-0.5049591653459009,2.458308245625238,4.0,SI,R,S,False,,called_strike
824932-33-1,2026,2026-04-24,0.4639060602764417,1.1614210842031154,14.0,SL,R,B,False,,ball
824932-18-1,2026,2026-04-24,0.269085856034978,2.709313964496764,5.0,FF,R,X,True,home_run,hit_into_play
824932-76-4,2026,2026-04-24,-0.7168569484798414,3.769172462756368,11.0,FF,R,B,False,walk,ball
824932-1-3,2026,2026-04-24,-0.933325725990048,3.240084353877776,11.0,SL,R,X,True,field_out,hit_into_play
824932-76-3,2026,2026-04-24,0.2230822464703183,1.4437942381879527,14.0,SI,R,B,False,,ball
824932-76-2,2026,2026-04-24,1.361867180810168,2.182913433654704,14.0,FF,R,B,False,,ball
824932-1-2,2026,2026-04-24,-0.1959734482960348,3.463298505808874,11.0,FF,R,S,False,,foul
824932-1-1,2026,2026-04-24,0.7482147218018155,0.936412695238538,14.0,FF,R,B,False,,ball
824932-76-1,2026,2026-04-24,1.1612740287420935,3.140168055673952,12.0,FC,R,B,False,,ball
824689-62-1,2026,2026-04-23,0.3367039781128954,2.651587399095616,6.0,CU,R,X,True,field_out,hit_into_play
824689-47-4,2026,2026-04-23,0.346032469210638,1.5748990171930086,9.0,CU,R,S,False,strikeout,swinging_strike
824689-47-3,2026,2026-04-23,1.6518094201061777,0.2882820510489661,14.0,SL,R,B,False,,ball
824689-47-2,2026,2026-04-23,-0.4273466915048884,3.0419341450608623,1.0,SI,R,S,False,,foul
824689-47-1,2026,2026-04-23,0.0389208174094418,2.548923853618125,5.0,CU,R,S,False,,called_strike
824689-21-2,2026,2026-04-23,-0.3868244259976534,3.4774785995774358,11.0,SI,R,X,True,field_out,hit_into_play
824689-21-1,2026,2026-04-23,1.356957813045157,2.941988167896382,12.0,CU,R,B,False,,ball
824689-80-3,2026,2026-04-23,0.6748740990375204,2.656171848549821,6.0,FF,L,S,False,,called_strike
824689-80-2,2026,2026-04-23,-0.6125253565682924,1.091001012957718,13.0,CU,L,B,False,,ball
824689-80-1,2026,2026-04-23,0.0873906344993351,0.4290460587115259,14.0,CU,L,B,False,,ball
824689-1-6,2026,2026-04-23,-0.1519647430402537,1.491709896553307,13.0,SI,R,X,True,field_out,hit_into_play
824689-1-5,2026,2026-04-23,0.5864136423136259,0.7245439525065196,14.0,CU,R,B,False,,ball
824689-1-4,2026,2026-04-23,-0.6302385431585346,3.04881644238272,1.0,CU,R,B,False,,ball
824689-1-3,2026,2026-04-23,1.0864635292724187,1.6428772069695663,14.0,SL,R,B,False,,ball
824689-80-6,2026,2026-04-23,-0.39915583347673,1.473781753298158,13.0,FF,L,B,False,walk,ball
824689-80-5,2026,2026-04-23,-0.1623177801138778,1.0645756823575303,13.0,CU,L,B,False,,ball
824689-1-2,2026,2026-04-23,1.2860140809145637,1.8314623026974064,14.0,SL,R,S,False,,swinging_strike
824689-1-1,2026,2026-04-23,-0.0969389425933386,2.6929305709668823,5.0,SI,R,S,False,,called_strike
824689-80-4,2026,2026-04-23,-0.5224371806936727,2.080990971412457,7.0,CU,L,S,False,,foul
824688-21-4,2026,2026-04-22,-0.4524389589668831,1.6466232826417049,7.0,FF,L,X,True,field_error,hit_into_play
824688-21-3,2026,2026-04-22,0.9508627247299342,3.966628289509278,12.0,FF,L,B,False,,ball
824688-21-2,2026,2026-04-22,-0.2708814337453558,1.8134568605945551,8.0,CH,L,S,False,,foul
824688-21-1,2026,2026-04-22,-0.3319259214951853,1.2541134319193814,13.0,CH,L,S,False,,swinging_strike
824688-58-5,2026,2026-04-22,0.2875358586719846,0.3107551794557568,14.0,KC,R,S,False,strikeout,swinging_strike_blocked
824688-58-4,2026,2026-04-22,-1.008969913423979,4.721506912490909,11.0,KC,R,B,False,,ball
824688-58-3,2026,2026-04-22,-1.938924227511716,5.081091122337521,11.0,FF,R,B,False,,ball
824688-58-2,2026,2026-04-22,-0.5872487518722547,1.9158659076800892,7.0,SI,R,S,False,,foul
824688-58-1,2026,2026-04-22,0.0036551445004826,3.0596123900300167,2.0,FF,R,S,False,,foul
824688-2-4,2026,2026-04-22,-0.2743265691719623,3.527115363304476,11.0,FF,L,X,True,field_out,hit_into_play
824688-2-3,2026,2026-04-22,0.3737532607424341,1.0023440974661884,14.0,CH,L,B,False,,ball
824688-39-5,2026,2026-04-22,-0.5659991328963973,2.884198870468368,1.0,KC,R,X,True,double,hit_into_play
824688-2-2,2026,2026-04-22,0.029755635295557,1.4196909866311045,14.0,CH,L,S,False,,swinging_strike
824688-39-4,2026,2026-04-22,-0.0651765520778948,1.6963439376137188,8.0,SI,R,S,False,,called_strike
824688-2-1,2026,2026-04-22,0.2609367842717678,2.5222302971603296,5.0,FF,L,S,False,,called_strike
824688-39-3,2026,2026-04-22,0.7048150054254589,2.8524870803924336,3.0,FF,R,S,False,,called_strike
824688-39-2,2026,2026-04-22,-1.5087313942400875,2.557561896727301,11.0,SI,R,B,False,,ball
824688-39-1,2026,2026-04-22,-0.8094747461866751,3.6181185376516938,11.0,KC,R,B,False,,ball
824690-46-5,2026,2026-04-21,0.4707832499239981,2.724964558611595,6.0,FF,L,X,True,field_out,hit_into_play
824690-46-4,2026,2026-04-21,0.4024544370259091,0.9427034332410544,14.0,SI,L,B,False,,ball
824690-46-3,2026,2026-04-21,0.8168480808340219,3.946636102559918,12.0,FF,L,B,False,,ball
824690-46-2,2026,2026-04-21,0.2197775182805379,2.024016369037779,8.0,FS,L,S,False,,foul
824690-46-1,2026,2026-04-21,1.6763975549359136,2.70577963159019,12.0,FS,L,B,False,,ball
824690-19-5,2026,2026-04-21,0.5041495865559156,2.728774356620655,6.0,SI,L,X,True,field_out,hit_into_play
824690-19-4,2026,2026-04-21,0.6791011658407662,2.3930348832979687,6.0,FF,L,S,False,,called_strike
824690-19-3,2026,2026-04-21,-1.0950476877024615,1.787294024684812,13.0,FF,L,B,False,,ball
824690-19-2,2026,2026-04-21,2.2041687310533726,3.639811777283224,12.0,FS,L,B,False,,ball
824690-19-1,2026,2026-04-21,1.0812943522066596,2.6551341146268426,12.0,CU,L,B,False,,ball
824690-69-4,2026,2026-04-21,0.7428568052124841,1.669166594688606,9.0,SL,L,S,False,strikeout,called_strike
824690-69-3,2026,2026-04-21,0.4338283976488517,4.210787111250921,12.0,FF,L,B,False,,ball
824690-1-7,2026,2026-04-21,0.0882846511873113,3.856056878308192,12.0,FF,L,B,False,walk,ball
824690-1-6,2026,2026-04-21,0.4794118090259607,3.5640478814646253,12.0,FS,L,B,False,,ball
824690-85-2,2026,2026-04-21,-0.112128968017765,3.8282582437321326,11.0,FF,L,X,True,field_out,hit_into_play
824690-69-2,2026,2026-04-21,-0.5927996991208848,1.899906688910057,7.0,SL,L,S,False,,swinging_strike
824690-85-1,2026,2026-04-21,-0.9273525164133988,2.1604743303043046,13.0,CU,L,B,False,,ball
824690-1-5,2026,2026-04-21,0.0055925597770525,4.401672968692182,12.0,FF,L,B,False,,ball
824690-69-1,2026,2026-04-21,-0.0126300117704503,2.059855404863796,8.0,FF,L,S,False,,called_strike
824690-1-4,2026,2026-04-21,0.3355766814332671,1.046188865697843,14.0,FS,L,S,False,,foul
824690-1-3,2026,2026-04-21,0.2398533301628782,1.580148978171207,8.0,FS,L,S,False,,swinging_strike
824690-1-2,2026,2026-04-21,-0.051641245257967,0.5742886783817909,13.0,FS,L,S,False,,swinging_strike
824690-1-1,2026,2026-04-21,-1.2075527830399553,2.7330314491303285,11.0,FF,L,B,False,,ball
824692-55-4,2026,2026-04-20,0.5308038327530956,2.581332101933125,6.0,ST,R,X,True,field_out,hit_into_play
824692-55-3,2026,2026-04-20,0.8202178318710702,1.4211327605355542,14.0,ST,R,B,False,,ball
824692-55-2,2026,2026-04-20,-0.8062000324833769,2.755789892244851,1.0,SI,R,S,False,,foul_tip
824692-55-1,2026,2026-04-20,0.8498088649027161,2.5008604884122065,12.0,SL,R,S,False,,called_strike
824692-38-1,2026,2026-04-20,-0.1952397011713025,2.3239959697489825,5.0,SI,R,X,True,field_out,hit_into_play
824692-20-5,2026,2026-04-20,1.6613801433579842,2.1637256254548083,14.0,FF,R,B,False,walk,ball
824692-20-4,2026,2026-04-20,0.3315612116287025,0.9369096580261208,14.0,SL,R,B,False,,ball
824692-20-3,2026,2026-04-20,-0.5420750835327646,1.58420288259893,7.0,SI,R,B,False,,ball
824692-20-2,2026,2026-04-20,2.021875063910925,0.8358933656379475,14.0,ST,R,B,False,,ball
824692-20-1,2026,2026-04-20,0.5019312576668531,2.384236198691537,6.0,SL,R,S,False,,called_strike
824692-73-2,2026,2026-04-20,0.0441930206951326,2.6820162439417627,5.0,SI,R,X,True,field_out,hit_into_play
824692-73-1,2026,2026-04-20,0.317361690666247,1.9055280417548783,9.0,ST,R,S,False,,called_strike
824692-1-3,2026,2026-04-20,-0.7856670215691173,2.521902700214532,4.0,SI,R,X,True,field_out,hit_into_play
824692-1-2,2026,2026-04-20,-0.0416305943336791,3.4206646984089053,11.0,FF,R,S,False,,foul
824692-1-1,2026,2026-04-20,0.7976556072239103,1.2899665456936118,14.0,SI,R,B,False,,ball
823475-44-7,2026,2026-04-19,-0.2871828935969398,2.1901271963003124,4.0,FF,R,X,True,force_out,hit_into_play
823475-44-6,2026,2026-04-19,-1.617015726739918,3.124222438210733,11.0,CU,R,B,False,,ball
823475-44-5,2026,2026-04-19,0.1226524898881296,2.4070798584554534,5.0,SL,R,S,False,,foul
823475-44-4,2026,2026-04-19,-0.700903285681622,2.883532633442186,1.0,FF,R,S,False,,foul
823475-44-3,2026,2026-04-19,0.3829668149393422,3.1044021958017494,3.0,FF,R,S,False,,called_strike
823475-44-2,2026,2026-04-19,0.572593734117388,1.1164133816986337,14.0,SL,R,B,False,,ball
823475-44-1,2026,2026-04-19,0.6691949492172528,1.2233439475483152,14.0,SL,R,B,False,,ball
823475-22-4,2026,2026-04-19,-0.6654766925220299,1.992800747501744,7.0,SI,R,X,True,field_out,hit_into_play
823475-22-3,2026,2026-04-19,-0.1863425364577778,1.0598080787147035,13.0,SL,R,B,False,,ball
823475-22-2,2026,2026-04-19,-1.6041087908883411,2.8672468417412587,11.0,SI,R,B,False,,ball
823475-22-1,2026,2026-04-19,-0.2028968241681632,2.8442773959619565,2.0,FF,R,S,False,,called_strike
823475-77-4,2026,2026-04-19,0.6071814532318186,2.786202516847584,3.0,FF,R,S,False,strikeout,swinging_strike
823475-77-3,2026,2026-04-19,-0.2767701348592821,-0.5534044883381966,13.0,CH,R,B,False,,blocked_ball
823475-77-2,2026,2026-04-19,-0.5611123525524955,1.2626493343864071,13.0,CH,R,S,False,,swinging_strike
823475-77-1,2026,2026-04-19,-1.057996210912966,1.5769375782361497,13.0,SI,R,S,False,,swinging_strike
823475-61-1,2026,2026-04-19,0.3387050961213997,2.0311569329690915,9.0,SL,L,X,True,field_out,hit_into_play
823475-4-4,2026,2026-04-19,0.4579000564262143,1.877995203732861,9.0,FF,R,X,True,single,hit_into_play
823475-4-3,2026,2026-04-19,0.458566695046803,2.4323198823743857,6.0,FF,R,S,False,,called_strike
823475-4-2,2026,2026-04-19,-2.16659062787558,3.924726330175229,11.0,SL,R,B,False,,ball
823475-4-1,2026,2026-04-19,-1.1799638201143092,3.550482918532725,11.0,SI,R,B,False,,ball
823474-43-6,2026,2026-04-18,0.519439690782642,2.381662239290649,6.0,SL,L,X,True,field_out,hit_into_play
823474-43-5,2026,2026-04-18,0.4643907574844923,2.933048009041533,3.0,FF,L,S,False,,foul
823474-43-4,2026,2026-04-18,-1.8736820785413404,2.5652521955203693,11.0,SL,L,B,False,,ball
823474-43-3,2026,2026-04-18,0.3535330937002643,3.025577531480504,3.0,FF,L,S,False,,foul
823474-43-2,2026,2026-04-18,1.2187148213944456,2.228003167892527,14.0,CH,L,B,False,,ball
823474-43-1,2026,2026-04-18,-0.3715075807248453,3.475774219278937,11.0,SL,L,B,False,,ball
823474-26-3,2026,2026-04-18,-0.0094879648755386,1.5746363608874692,8.0,SL,L,X,True,field_out,hit_into_play
823474-26-2,2026,2026-04-18,0.2610920648426849,1.9251650880833464,8.0,SL,L,S,False,,called_strike
823474-26-1,2026,2026-04-18,-0.609575639989921,2.124109554061388,7.0,FF,L,S,False,,called_strike
823474-66-6,2026,2026-04-18,-0.0969661122189951,1.6832386369052132,8.0,SL,L,X,True,field_out,hit_into_play
823474-66-5,2026,2026-04-18,0.1887190234473268,1.338681326140463,14.0,SL,L,B,False,,ball
823474-66-4,2026,2026-04-18,0.6339350905879739,2.6965143743311515,6.0,FF,L,S,False,,foul
823474-66-3,2026,2026-04-18,-0.5443836227714145,0.9069588170627554,13.0,CH,L,B,False,,ball
823474-66-2,2026,2026-04-18,0.5413225287692869,1.6037919822127311,9.0,CH,L,S,False,,swinging_strike
823474-66-1,2026,2026-04-18,-0.4695352188768616,1.0810065624583545,13.0,SL,L,S,False,,swinging_strike
823474-5-3,2026,2026-04-18,0.5362338935403461,1.773392439985272,9.0,FF,L,X,True,single,hit_into_play
823474-5-2,2026,2026-04-18,0.5179255607811448,0.9474526626744306,14.0,SL,L,B,False,,ball
823474-5-1,2026,2026-04-18,0.419900483229124,2.7888093488479333,3.0,FF,L,S,False,,called_strike
823476-45-2,2026,2026-04-17,-0.1718157006802998,1.9074384817797256,8.0,CH,L,X,True,field_out,hit_into_play
823476-45-1,2026,2026-04-17,0.6429066543046864,2.4160672679453152,6.0,CU,L,S,False,,called_strike
823476-80-9,2026,2026-04-17,-0.1935570052086647,1.7811345580011184,8.0,FF,L,X,True,single,hit_into_play
823476-80-8,2026,2026-04-17,-0.4074040509478926,1.6681666364206589,7.0,CH,L,S,False,,foul
823476-80-7,2026,2026-04-17,-0.6818262520970795,1.3382249208358408,13.0,SL,L,S,False,,foul
823476-80-6,2026,2026-04-17,-0.6391341972993245,0.5106409224610919,13.0,CH,L,B,False,,ball
823476-80-5,2026,2026-04-17,-0.986561428807578,1.5813354012352383,13.0,FF,L,B,False,,ball
823476-80-4,2026,2026-04-17,-0.0327012153103905,1.209009029755967,13.0,CH,L,S,False,,foul
823476-24-3,2026,2026-04-17,0.0875138397644281,1.953990577406376,8.0,SI,L,X,True,field_out,hit_into_play
823476-24-2,2026,2026-04-17,1.319239832886803,3.624308588567669,12.0,SI,L,B,False,,ball
823476-80-3,2026,2026-04-17,-0.0850821063075824,0.9835640139458572,13.0,CH,L,S,False,,foul
823476-24-1,2026,2026-04-17,-0.7797222156868977,1.471508141631904,13.0,CU,L,S,False,,swinging_strike
823476-80-2,2026,2026-04-17,0.458772003724569,1.5630606729640988,9.0,FF,L,S,False,,called_strike
823476-80-1,2026,2026-04-17,0.9351609434292184,2.1113202373525315,14.0,SL,L,B,False,,ball
823476-62-4,2026,2026-04-17,0.0872327372722482,4.346881305495961,12.0,FF,L,B,False,walk,ball
823476-62-3,2026,2026-04-17,0.7241348701776401,4.172025243246777,12.0,FF,L,B,False,,ball
823476-62-2,2026,2026-04-17,0.9740625325246416,2.6454184738423763,12.0,FF,L,B,False,,ball
823476-62-1,2026,2026-04-17,-0.6486170863168245,0.4424004985758505,13.0,SL,L,B,False,,ball
823476-8-6,2026,2026-04-17,-0.698506528027034,2.5899560008164824,4.0,SI,L,X,True,field_out,hit_into_play
823476-8-5,2026,2026-04-17,0.8410039628286674,1.2153764232206408,14.0,CH,L,B,False,,ball
823476-8-4,2026,2026-04-17,-0.6627338246597314,1.1911776386282766,13.0,CH,L,B,False,,ball
823476-8-3,2026,2026-04-17,1.0739052030949376,3.185330410464866,12.0,CH,L,S,False,,foul
823476-8-2,2026,2026-04-17,0.5445701288029452,2.562033409610567,6.0,CU,L,S,False,,foul
823476-8-1,2026,2026-04-17,0.386775880851278,2.128835552167007,9.0,SI,L,S,False,,called_strike
823477-50-5,2026,2026-04-15,-1.1720531560801848,1.6935481486972528,13.0,SI,L,B,False,walk,ball
823477-50-4,2026,2026-04-15,-1.0908633480558505,1.744402518592678,13.0,FF,L,B,False,,ball
823477-50-3,2026,2026-04-15,1.0211574766250904,3.283787019760382,12.0,FS,L,B,False,,ball
823477-50-2,2026,2026-04-15,0.407718901647272,0.6905234044580297,14.0,SI,L,B,False,,ball
823477-50-1,2026,2026-04-15,0.7023225485932064,2.4774705818493845,6.0,FF,L,S,False,,called_strike
823477-23-4,2026,2026-04-15,-0.7576966354343841,3.096925922351506,1.0,FF,L,S,False,strikeout,swinging_strike
823477-23-3,2026,2026-04-15,0.5228646820986527,1.059589374476229,14.0,FS,L,B,False,,ball
823477-23-2,2026,2026-04-15,0.0157569492331637,1.7949345842553268,8.0,FS,L,S,False,,swinging_strike
823477-23-1,2026,2026-04-15,0.1000638796418796,0.7561502426745257,14.0,FS,L,S,False,,swinging_strike
823477-4-2,2026,2026-04-15,-0.2903209057906195,2.3587692784446834,4.0,FF,L,X,True,home_run,hit_into_play
823477-4-1,2026,2026-04-15,-1.0276630761726302,2.4948707009873057,11.0,FF,L,S,False,,foul
823478-42-6,2026,2026-04-14,-0.0514892766333656,2.815728996545639,2.0,FF,R,X,True,field_out,hit_into_play
823478-42-5,2026,2026-04-14,0.7893442164386594,2.533048485775197,6.0,ST,R,S,False,,foul
823478-42-4,2026,2026-04-14,-0.977824539429636,2.585075174849752,11.0,ST,R,B,False,,ball
823478-42-3,2026,2026-04-14,-0.0424612856741432,2.834232221221001,2.0,FF,R,S,False,,foul
823478-42-2,2026,2026-04-14,0.4483232617743967,1.9644770818081516,9.0,FF,R,S,False,,called_strike
823478-42-1,2026,2026-04-14,0.9502464845754504,3.8176960470170456,12.0,FF,R,B,False,,ball
823478-24-8,2026,2026-04-14,-0.7121180285485766,1.5697268324322344,7.0,CH,R,S,False,strikeout,called_strike
823478-24-7,2026,2026-04-14,-0.5968694603938907,3.0487551371293518,1.0,FF,R,S,False,,foul
823478-24-6,2026,2026-04-14,0.3766196108374018,2.1852029032646314,6.0,FF,R,S,False,,foul
823478-24-5,2026,2026-04-14,0.1873367445419032,2.787034275062225,2.0,ST,R,S,False,,foul
823478-24-4,2026,2026-04-14,0.8060415402867922,2.511707727492592,6.0,FC,R,S,False,,foul
823478-24-3,2026,2026-04-14,1.317820376349056,2.4379116019852445,14.0,ST,R,B,False,,ball
823478-24-2,2026,2026-04-14,0.625815261078631,1.09074140108714,14.0,SI,R,B,False,,ball
823478-24-1,2026,2026-04-14,0.5184083148450382,2.8183654013537573,3.0,FF,R,S,False,,called_strike
823478-68-6,2026,2026-04-14,-0.4968161201615384,1.649388680541382,7.0,CH,R,X,True,single,hit_into_play
823478-68-5,2026,2026-04-14,-0.2510722002232789,4.399606671922856,11.0,FF,R,B,False,,ball
823478-68-4,2026,2026-04-14,0.2242456582928995,0.7552425445792275,14.0,CH,R,B,False,,ball
823478-68-3,2026,2026-04-14,-1.0233684793753994,2.900989571871117,11.0,CH,R,S,False,,foul
823478-68-2,2026,2026-04-14,-0.5894283252729882,3.890374631937748,11.0,FF,R,S,False,,foul
823478-68-1,2026,2026-04-14,0.6065311475897281,3.418832050958352,12.0,ST,R,B,False,,ball
823478-4-2,2026,2026-04-14,0.1911112894584135,3.084501952090873,2.0,FF,L,X,True,field_out,hit_into_play
823478-4-1,2026,2026-04-14,-0.5939513965550397,1.4184063617731208,13.0,CU,L,S,False,,called_strike
823481-37-2,2026,2026-04-13,-0.1254832609602323,3.258702782972114,2.0,SL,R,X,True,field_out,hit_into_play
823481-37-1,2026,2026-04-13,1.962961574131095,1.613702339519653,14.0,SI,R,B,False,,ball
823481-23-3,2026,2026-04-13,-0.6272460917001577,2.255873209896702,4.0,SI,R,X,True,single,hit_into_play
823481-23-2,2026,2026-04-13,-1.0288830299280416,0.5727445681899106,13.0,SI,R,B,False,,ball
823481-23-1,2026,2026-04-13,-0.1773853034551119,3.069743067085584,2.0,ST,R,S,False,,foul
823481-50-3,2026,2026-04-13,0.2391227712147499,3.097122496006027,2.0,FF,R,X,True,field_out,hit_into_play
823481-50-2,2026,2026-04-13,1.5732708211960094,1.5654549950364096,14.0,ST,R,B,False,,ball
823481-50-1,2026,2026-04-13,0.1793302927716878,1.9264412952321672,8.0,ST,R,S,False,,called_strike
823481-4-2,2026,2026-04-13,0.5412377798507196,1.919877640172228,9.0,SL,R,X,True,field_out,hit_into_play
823481-4-1,2026,2026-04-13,0.1830721479890238,1.6220475526313831,8.0,SI,R,S,False,,called_strike
823479-43-2,2026,2026-04-12,-0.3284394741896126,2.97241190925035,1.0,SI,R,X,True,home_run,hit_into_play
823479-43-1,2026,2026-04-12,0.4746832113179084,3.261152223457267,3.0,SL,R,B,False,,ball
823479-22-3,2026,2026-04-12,-0.2961099491917407,1.757163422527232,7.0,SL,R,X,True,field_out,hit_into_play
823479-22-2,2026,2026-04-12,0.2336319763733166,0.1101684069035955,14.0,KC,R,B,False,,ball
823479-22-1,2026,2026-04-12,0.039895073851047,2.0534513899230094,8.0,KC,R,S,False,,called_strike
823479-56-5,2026,2026-04-12,0.724820136156715,3.593139879407899,12.0,FF,R,X,True,single,hit_into_play
823479-56-4,2026,2026-04-12,0.3349949329692272,2.0501781026998644,9.0,SL,R,S,False,,foul
823479-56-3,2026,2026-04-12,1.5483274078200715,1.6704553763665229,14.0,SL,R,B,False,,ball
823479-56-2,2026,2026-04-12,0.2865881994459671,2.2463807252284167,6.0,SL,R,S,False,,swinging_strike
823479-56-1,2026,2026-04-12,0.5005873702220425,2.435181856828075,6.0,SL,R,S,False,,swinging_strike
823479-5-2,2026,2026-04-12,0.5342286651048154,2.856287906575073,3.0,FF,R,X,True,field_out,hit_into_play
823479-5-1,2026,2026-04-12,0.3476715738647651,1.8835845615047704,9.0,FF,R,S,False,,called_strike
823480-52-8,2026,2026-04-11,0.4535630710237879,2.211781436968164,6.0,FC,R,X,True,field_out,hit_into_play
823480-52-7,2026,2026-04-11,-0.9954494628135556,1.5646782246308717,13.0,CU,R,S,False,,foul
823480-52-6,2026,2026-04-11,1.1209323402369546,1.6172599836486756,14.0,ST,R,S,False,,foul
823480-52-5,2026,2026-04-11,-0.9831596891210151,0.6308997955262563,13.0,SI,R,B,False,,ball
823480-52-4,2026,2026-04-11,0.3838730147907169,4.579541730392966,12.0,FF,R,B,False,,ball
823480-52-3,2026,2026-04-11,1.029325128259057,1.996530465245978,14.0,ST,R,S,False,,foul
823480-52-2,2026,2026-04-11,0.3442735698691195,0.7306455853655458,14.0,CU,R,S,False,,swinging_strike
823480-52-1,2026,2026-04-11,-1.142230061104928,2.2837720295331163,13.0,SI,R,S,False,,foul
823480-36-2,2026,2026-04-11,-0.489275618910965,2.299914074614567,4.0,SI,R,X,True,force_out,hit_into_play
823480-36-1,2026,2026-04-11,0.7162204390853402,2.046338020183528,9.0,CU,R,S,False,,called_strike
823480-23-4,2026,2026-04-11,1.2833492043102166,2.380552019943687,14.0,FC,R,S,False,strikeout,swinging_strike
823480-23-3,2026,2026-04-11,0.1139197108124689,1.0190161155874873,14.0,ST,R,S,False,,swinging_strike
823480-23-2,2026,2026-04-11,0.2502000109499811,1.3463616646232004,14.0,SI,R,B,False,,ball
823480-23-1,2026,2026-04-11,0.4630718302453847,2.0036108866277167,9.0,SI,R,S,False,,foul
823480-7-5,2026,2026-04-11,1.8317320273371815,1.520325299218459,14.0,ST,R,S,False,strikeout,swinging_strike
823480-7-4,2026,2026-04-11,0.5496627586167278,3.0393687340219118,3.0,ST,R,S,False,,foul
823480-7-3,2026,2026-04-11,0.2731344914354114,2.1266669434907444,8.0,FF,R,S,False,,called_strike
823480-7-2,2026,2026-04-11,0.5753868908194926,0.5476608542824568,14.0,SI,R,B,False,,ball
823480-7-1,2026,2026-04-11,-0.9523093720116952,2.9214166648191213,11.0,SI,R,B,False,,ball
823482-34-2,2026,2026-04-10,-0.194254833785759,2.1713520244289475,5.0,FF,R,X,True,field_out,hit_into_play
823482-34-1,2026,2026-04-10,0.5377926184228516,1.9394842914785813,9.0,FF,R,S,False,,called_strike
823482-17-3,2026,2026-04-10,-0.2302046131073238,1.4398691332225253,13.0,SV,R,S,False,strikeout,called_strike
823482-17-2,2026,2026-04-10,-0.0749282812298455,2.47522446216405,5.0,FF,R,S,False,,foul
823482-17-1,2026,2026-04-10,-0.2144378400212662,2.739455474395344,5.0,FF,R,S,False,,foul_tip
823482-58-5,2026,2026-04-10,-0.8993419604378334,2.394036919314175,13.0,CH,R,S,False,strikeout,swinging_strike
823482-58-4,2026,2026-04-10,1.0377474892138188,1.598766886969667,14.0,CU,R,B,False,,ball
823482-58-3,2026,2026-04-10,1.16289514000381,1.2695965357584544,14.0,CU,R,B,False,,ball
823482-58-2,2026,2026-04-10,0.5965390368093166,2.231618695166362,6.0,CU,R,S,False,,called_strike
823482-58-1,2026,2026-04-10,-0.7329203395337236,2.288507011670255,4.0,SI,R,S,False,,called_strike
823482-75-4,2026,2026-04-10,-0.9294155245177448,3.30805079734422,11.0,FF,R,X,True,field_out,hit_into_play
823482-75-3,2026,2026-04-10,0.1561123697568163,2.452232092083158,5.0,FF,R,S,False,,foul
823482-75-2,2026,2026-04-10,0.4834392749201848,2.555760805438535,6.0,FF,R,S,False,,called_strike
823482-75-1,2026,2026-04-10,-0.7326330564827206,2.355306552396314,4.0,FF,R,S,False,,called_strike
823482-5-3,2026,2026-04-10,-0.3052337690776644,2.733205332162667,4.0,SV,R,X,True,single,hit_into_play
823482-5-2,2026,2026-04-10,-0.6388744982040684,2.691158777170072,4.0,SI,R,S,False,,foul
823482-5-1,2026,2026-04-10,-0.2986936092821962,2.6791635957077284,4.0,FF,R,S,False,,called_strike
823234-33-2,2026,2026-04-08,1.1134764452306796,2.078823961655207,14.0,FC,R,X,True,field_out,hit_into_play
823234-33-1,2026,2026-04-08,0.7161971209290583,1.9790425193686825,9.0,FF,R,S,False,,called_strike
823234-17-2,2026,2026-04-08,0.4680477000886985,3.384926413166592,12.0,SL,R,X,True,field_out,hit_into_play
823234-17-1,2026,2026-04-08,0.6941072893211307,1.483333222147066,14.0,FC,R,S,False,,called_strike
823234-1-4,2026,2026-04-08,0.0182508353983121,1.2097601243634086,14.0,FS,R,S,False,strikeout,swinging_strike
823234-51-4,2026,2026-04-08,0.92919123725387,1.729930304330293,14.0,FF,R,B,False,walk,ball
823234-1-3,2026,2026-04-08,-0.0229387586510549,2.605050856357193,5.0,SI,R,S,False,,foul
823234-51-3,2026,2026-04-08,1.2192974442607571,2.1423367189560443,14.0,FF,R,B,False,,ball
823234-1-2,2026,2026-04-08,1.4441279072775437,1.836659550802496,14.0,SL,R,B,False,,ball
823234-51-2,2026,2026-04-08,1.7494231620393124,0.8420511658905999,14.0,FF,R,B,False,,ball
823234-51-1,2026,2026-04-08,2.224525693055033,1.7523153919641956,14.0,FF,R,B,False,,ball
823234-1-1,2026,2026-04-08,0.1772030701677913,1.9156068172586629,8.0,FF,R,S,False,,called_strike
823235-41-5,2026,2026-04-07,-0.2320713008877787,2.654508635846988,5.0,FF,L,X,True,field_out,hit_into_play
823235-41-4,2026,2026-04-07,-0.3529333128687132,1.1109297998267929,13.0,SL,L,S,False,,foul
823235-41-3,2026,2026-04-07,-1.6875175506539055,1.1926004546912723,13.0,SL,L,S,False,,swinging_strike
823235-41-2,2026,2026-04-07,-0.5881938617920512,1.0150072791522993,13.0,KC,L,S,False,,swinging_strike
823235-41-1,2026,2026-04-07,0.5099189784099631,3.847998397295383,12.0,CH,L,B,False,,ball
823235-19-5,2026,2026-04-07,-0.5110955710082752,2.979371183290564,1.0,FF,L,X,True,field_out,hit_into_play
823235-19-4,2026,2026-04-07,-0.5458333618035152,2.1710794969236766,4.0,KC,L,S,False,,foul
823235-19-3,2026,2026-04-07,0.1768513034234299,4.651063496500422,12.0,FF,L,B,False,,ball
823235-19-2,2026,2026-04-07,-0.9275134147077734,2.670740693217592,11.0,FF,L,B,False,,ball
823235-19-1,2026,2026-04-07,-0.4856853984147795,2.149806924098785,4.0,CH,L,S,False,,called_strike
823235-58-3,2026,2026-04-07,0.2182502935232757,2.550045882817649,5.0,SI,R,X,True,single,hit_into_play
823235-58-2,2026,2026-04-07,0.3645591871866944,2.5538933034717424,6.0,SI,R,S,False,,foul
823235-58-1,2026,2026-04-07,-0.6728206760016368,2.44997728278433,4.0,SL,R,S,False,,called_strike
823235-1-2,2026,2026-04-07,0.838189959609323,2.870282531741635,12.0,FF,L,X,True,field_out,hit_into_play
823235-1-1,2026,2026-04-07,-0.4429177438256438,3.729291940553696,11.0,SL,L,B,False,,ball
823237-55-1,2026,2026-04-06,-0.7341196579332734,2.6396977953223217,4.0,SI,R,X,True,single,hit_into_play
823237-40-1,2026,2026-04-06,-0.1521813446579956,1.7970293150458023,8.0,SI,R,X,True,field_out,hit_into_play
823237-19-8,2026,2026-04-06,-0.5094773001386077,0.982026101144874,13.0,CH,R,S,False,strikeout,swinging_strike
823237-19-7,2026,2026-04-06,-0.4146423174589473,1.8467090006073543,7.0,SI,R,S,False,,foul
823237-19-6,2026,2026-04-06,-0.8358494295263939,1.5269136822093317,13.0,CH,R,B,False,,ball
823237-19-5,2026,2026-04-06,-0.8041318205219825,2.704400352402388,4.0,SI,R,S,False,,foul
823237-19-4,2026,2026-04-06,0.9125476785364404,1.3284409816494085,14.0,SL,R,B,False,,ball
823237-19-3,2026,2026-04-06,-0.3703469024997792,1.5155651101663368,13.0,SI,R,S,False,,foul
823237-19-2,2026,2026-04-06,-1.2990765761617555,2.779964062540193,11.0,SI,R,S,False,,foul
823237-19-1,2026,2026-04-06,-0.4975341199709532,1.4018703207706826,13.0,CU,R,S,False,,foul
823237-1-7,2026,2026-04-06,-0.5618089914130473,3.189313789530663,1.0,SI,R,X,True,field_out,hit_into_play
823237-1-6,2026,2026-04-06,-1.385625216198601,2.309344959568913,13.0,SI,R,S,False,,foul
823237-1-5,2026,2026-04-06,0.9734044589508808,2.5633514919791685,12.0,SI,R,B,False,,ball
823237-1-4,2026,2026-04-06,0.9901753139313954,2.067243051089891,14.0,SL,R,B,False,,ball
823237-1-3,2026,2026-04-06,-1.970556494687252,3.280915700187476,11.0,SI,R,B,False,,ball
823237-67-3,2026,2026-04-06,-0.2063134690421263,2.298313295598808,5.0,SL,L,X,True,field_out,hit_into_play
823237-1-2,2026,2026-04-06,-0.8081273023562927,2.035245940875189,7.0,SI,R,S,False,,foul
823237-67-2,2026,2026-04-06,-0.0810121412385795,0.7392267124641401,13.0,SL,L,B,False,,ball
823237-1-1,2026,2026-04-06,-0.0132606986315593,3.331811120722266,2.0,SI,R,S,False,,called_strike
823237-67-1,2026,2026-04-06,0.7332069790434004,2.73776110030799,6.0,FF,L,S,False,,called_strike
824379-37-1,2026,2026-04-05,0.1511364651555541,2.2904017536533177,5.0,SL,R,X,True,double,hit_into_play
824379-20-1,2026,2026-04-05,-0.3923419953015905,1.866726931436032,7.0,FS,R,X,True,field_out,hit_into_play
824379-57-4,2026,2026-04-05,1.378087936182015,1.6022751697972892,14.0,CH,L,S,False,strikeout,foul_tip
824379-1-4,2026,2026-04-05,-0.2832969508175299,1.0945785623325472,13.0,FS,R,X,True,field_out,hit_into_play
824379-57-3,2026,2026-04-05,2.612007703111983,3.537243263549705,12.0,SI,L,B,False,,ball
824379-1-3,2026,2026-04-05,0.1077040091903854,0.1773968920224444,14.0,FS,R,B,False,,ball
824379-1-2,2026,2026-04-05,0.8293573812801982,1.832043954248208,14.0,SL,R,S,False,,swinging_strike
824379-57-2,2026,2026-04-05,0.838234707913553,1.6055236742231598,14.0,CH,L,S,False,,called_strike
824379-1-1,2026,2026-04-05,-0.1498859964623426,2.0691741138423705,8.0,CU,R,S,False,,swinging_strike
824379-57-1,2026,2026-04-05,0.1928579367083769,1.7785180718371931,8.0,SI,L,S,False,,called_strike
824378-34-2,2026,2026-04-04,0.3243927543180106,2.658731801796871,6.0,SL,R,X,True,double,hit_into_play
824378-34-1,2026,2026-04-04,-0.005567649930125,1.7067909867992603,8.0,CU,R,S,False,,swinging_strike
824378-68-5,2026,2026-04-04,-0.0422166234052572,3.567885869632746,11.0,FF,R,X,True,single,hit_into_play
824378-68-4,2026,2026-04-04,-1.2581078554358691,3.114439052022483,11.0,FF,R,B,False,,ball
824378-68-3,2026,2026-04-04,0.2003529222889643,2.326931629367087,5.0,FF,R,S,False,,foul
824378-68-2,2026,2026-04-04,1.3898272132213385,3.298213033456149,12.0,FF,R,B,False,,ball
824378-68-1,2026,2026-04-04,1.2142429349351456,2.0102364007762348,14.0,FC,R,B,False,,ball
824378-1-5,2026,2026-04-04,-0.0338611609335992,0.8776267593745524,13.0,SI,L,B,False,walk,ball
824378-50-5,2026,2026-04-04,0.4761658229408511,0.738007875888159,14.0,SL,R,S,False,strikeout,swinging_strike
824378-1-4,2026,2026-04-04,0.8626405221290456,1.8729887946130837,14.0,SI,L,B,False,,ball
824378-50-4,2026,2026-04-04,0.8225620782627077,0.9796731605420632,14.0,SL,R,B,False,,ball
824378-17-3,2026,2026-04-04,0.4488988203865895,2.7044046900880048,6.0,FF,R,S,False,strikeout,called_strike
824378-1-3,2026,2026-04-04,2.2372602723429167,2.1219789790756813,14.0,CH,L,B,False,,ball
824378-50-3,2026,2026-04-04,-0.2180129972382249,2.6916490027209026,5.0,SI,R,S,False,,foul
824378-17-2,2026,2026-04-04,0.1620290941138973,1.978528129954087,8.0,SI,R,S,False,,foul
824378-1-2,2026,2026-04-04,-0.3064496546077457,1.178086417902558,13.0,CH,L,B,False,,ball
824378-50-2,2026,2026-04-04,-1.0268394056375836,3.5038420213317534,11.0,SI,R,S,False,,swinging_strike
824378-50-1,2026,2026-04-04,-0.4026485153512492,3.336821254311832,1.0,SI,R,B,False,,ball
824378-1-1,2026,2026-04-04,-0.0832568439320633,2.1954548362514696,5.0,SI,L,S,False,,called_strike
824378-17-1,2026,2026-04-04,-0.2419172017044674,2.176922433835216,5.0,FF,R,S,False,,foul
824377-27-4,2026,2026-04-03,-0.3201766997823293,1.6286098268874445,7.0,CU,R,X,True,single,hit_into_play
824377-27-3,2026,2026-04-03,0.3660055233424447,4.458545636152294,12.0,FF,R,B,False,,ball
824377-27-2,2026,2026-04-03,0.2797681519530876,1.3961928064772735,14.0,CU,R,S,False,,swinging_strike
824377-27-1,2026,2026-04-03,-0.1870127456296743,2.804515212938419,2.0,CU,R,S,False,,called_strike
824377-10-7,2026,2026-04-03,0.5375075078507948,1.687134728348565,9.0,CH,R,X,True,single,hit_into_play
824377-10-6,2026,2026-04-03,-0.0592403324475397,2.548820987168684,5.0,SL,R,S,False,,foul
824377-10-5,2026,2026-04-03,-0.0698950563997339,3.539142711723178,11.0,FF,R,S,False,,foul
824377-10-4,2026,2026-04-03,0.178778829332061,3.4240669281126035,12.0,ST,R,S,False,,swinging_strike
824377-10-3,2026,2026-04-03,0.0463176200240605,2.71452070686958,5.0,FF,R,S,False,,foul
824377-10-2,2026,2026-04-03,-0.0677536686807329,3.7071897660739768,11.0,SI,R,B,False,,ball
824377-10-1,2026,2026-04-03,-1.6496169298406145,3.6569221065449775,11.0,ST,R,B,False,,ball
824377-44-4,2026,2026-04-03,-0.7962299041609823,3.57986402863983,11.0,FF,R,S,False,strikeout,swinging_strike
824377-44-3,2026,2026-04-03,0.1612897542502482,0.7924497260438397,14.0,CU,R,B,False,,ball
824377-44-2,2026,2026-04-03,-0.2074804520018323,2.466602582940221,5.0,CH,R,S,False,,swinging_strike
824377-44-1,2026,2026-04-03,0.3806640666364247,2.032720615244828,9.0,ST,R,S,False,,called_strike
824377-1-4,2026,2026-04-03,-0.9114467162168164,3.394631682641907,11.0,CU,R,X,True,double,hit_into_play
824377-1-3,2026,2026-04-03,-0.4912820019880316,3.029182535112517,1.0,ST,R,S,False,,called_strike
824377-1-2,2026,2026-04-03,1.5314881778947416,2.482240636949021,12.0,FF,R,B,False,,ball
824377-1-1,2026,2026-04-03,2.102851842830288,0.8751924074855946,14.0,FF,R,B,False,,ball
823483-37-1,2026,2026-04-01,-1.2097130276941184,3.3876313587848457,11.0,SI,R,X,True,field_out,hit_into_play
823483-20-1,2026,2026-04-01,0.2966626668293476,2.6389079583987183,6.0,ST,R,X,True,field_out,hit_into_play
823483-78-3,2026,2026-04-01,-0.7383448834552826,2.5213997823046506,4.0,FF,R,X,True,single,hit_into_play
823483-78-2,2026,2026-04-01,0.4781385634437666,2.544466211431946,6.0,SL,R,S,False,,called_strike
823483-78-1,2026,2026-04-01,-0.5176457653852947,1.7892667955048065,7.0,SL,R,S,False,,called_strike
823483-62-4,2026,2026-04-01,0.2210477794056896,3.0300199278193443,2.0,SL,R,X,True,field_out,hit_into_play
823483-62-3,2026,2026-04-01,-1.8749306309330636,4.30009650942314,11.0,SI,R,B,False,,ball
823483-62-2,2026,2026-04-01,-1.4228649182068864,3.580433095022114,11.0,SL,R,B,False,,ball
823483-62-1,2026,2026-04-01,0.3375260563586052,1.6340473842887857,9.0,SL,R,S,False,,called_strike
823483-5-5,2026,2026-04-01,-0.8329489665538176,3.5840676433143788,11.0,FF,R,B,False,walk,ball
823483-5-4,2026,2026-04-01,-2.084929800149257,3.2039595500962497,11.0,SI,R,B,False,,ball
823483-5-3,2026,2026-04-01,1.6053504919902457,2.009394653075156,14.0,ST,R,B,False,,ball
823483-5-2,2026,2026-04-01,2.1361362800677908,0.6592160262420181,14.0,ST,R,B,False,,ball
823483-5-1,2026,2026-04-01,-0.7811083015556787,2.9526487112918742,1.0,FF,R,S,False,,called_strike
823485-38-4,2026,2026-03-31,0.2099591642560468,3.1743115088566656,2.0,FF,R,X,True,single,hit_into_play
823485-38-3,2026,2026-03-31,1.740571263459027,1.518345370562463,14.0,ST,R,B,False,,ball
823485-38-2,2026,2026-03-31,0.7115846913281418,1.893245859755441,9.0,SL,R,S,False,,called_strike
823485-38-1,2026,2026-03-31,0.6917791147757666,1.9074911213607664,9.0,SL,R,S,False,,swinging_strike
823485-21-2,2026,2026-03-31,-0.6075779936236233,3.0515045355852184,1.0,SI,R,X,True,field_out,hit_into_play
823485-21-1,2026,2026-03-31,0.5875672875137812,3.287458095634993,3.0,FF,R,S,False,,called_strike
823485-57-7,2026,2026-03-31,0.5373862700069347,2.199952710847408,6.0,CU,L,X,True,field_out,hit_into_play
823485-57-6,2026,2026-03-31,1.0124290695911446,2.7676876234385044,12.0,CU,L,B,False,,ball
823485-57-5,2026,2026-03-31,-0.9719642934945032,2.679970693734924,11.0,FC,L,S,False,,foul
823485-57-4,2026,2026-03-31,0.6112834589367261,2.9509986592786905,3.0,FF,L,S,False,,foul
823485-57-3,2026,2026-03-31,0.5208016533245382,4.397015763538535,12.0,ST,L,B,False,,ball
823485-57-2,2026,2026-03-31,0.167945314615055,2.820020830929904,2.0,FC,L,S,False,,called_strike
823485-57-1,2026,2026-03-31,0.6177863885669064,0.9277283270516192,14.0,CU,L,B,False,,ball
823485-4-1,2026,2026-03-31,-0.5694086274048886,1.961287299246346,7.0,FF,L,X,True,field_out,hit_into_play
823484-49-4,2026,2026-03-30,-0.5469082476317731,2.624108628428716,4.0,FC,L,X,True,double,hit_into_play
823484-49-3,2026,2026-03-30,-0.3750626644569759,0.4990966168306019,13.0,CH,L,B,False,,ball
823484-49-2,2026,2026-03-30,0.0529503040049864,2.351781241088671,5.0,FC,L,S,False,,called_strike
823484-49-1,2026,2026-03-30,1.260707400887134,3.9340088356060137,12.0,CH,L,B,False,,ball
823484-32-4,2026,2026-03-30,0.2181726786408452,1.106461493487343,14.0,FS,L,S,False,strikeout,swinging_strike
823484-32-3,2026,2026-03-30,0.1787797755470922,3.176638121936099,2.0,FC,L,S,False,,foul
823484-32-2,2026,2026-03-30,1.3602502083852024,2.2859002324129283,14.0,ST,L,B,False,,ball
823484-32-1,2026,2026-03-30,-0.7102203896376973,2.849508244995572,1.0,ST,L,S,False,,called_strike
823484-67-4,2026,2026-03-30,-0.378168362714211,2.195176713272653,4.0,ST,R,X,True,field_out,hit_into_play
823484-67-3,2026,2026-03-30,-0.8620654039524973,3.3639953304338484,11.0,FF,R,S,False,,swinging_strike
823484-67-2,2026,2026-03-30,2.224446199952989,0.5087189400374785,14.0,ST,R,B,False,,blocked_ball
823484-67-1,2026,2026-03-30,0.6567967850454497,1.0017882259955773,14.0,SL,R,S,False,,swinging_strike
823484-88-7,2026,2026-03-30,0.9870435397204886,2.1432122295977205,14.0,ST,R,S,False,strikeout,swinging_strike
823484-88-6,2026,2026-03-30,0.0383747960520566,2.9754342790645443,2.0,ST,R,S,False,,foul
823484-88-5,2026,2026-03-30,0.3071096608114578,2.4125024713653955,6.0,ST,R,S,False,,called_strike
823484-88-4,2026,2026-03-30,0.5817656357679568,2.209960713326353,6.0,FF,R,S,False,,called_strike
823484-11-8,2026,2026-03-30,-0.3599893773140663,2.9167045663484914,1.0,FC,L,X,True,field_out,hit_into_play
823484-11-7,2026,2026-03-30,-0.0030271121402292,2.8628928374211373,2.0,FC,L,S,False,,foul
823484-88-3,2026,2026-03-30,-1.9938394696188435,3.024497592146706,11.0,FF,R,B,False,,ball
823484-11-6,2026,2026-03-30,0.5593921785474263,4.150800894957225,12.0,FC,L,B,False,,ball
823484-88-2,2026,2026-03-30,-0.9346801925770886,4.021554971568467,11.0,FC,R,B,False,,ball
823484-11-5,2026,2026-03-30,2.8584957325343305,3.823512080845316,12.0,ST,L,B,False,,ball
823484-88-1,2026,2026-03-30,-1.3535038755349529,3.3143070997502,11.0,FF,R,B,False,,ball
823484-11-4,2026,2026-03-30,1.262999391268016,2.171831734754253,14.0,CH,L,B,False,,ball
823484-11-3,2026,2026-03-30,1.0965967629550468,2.6543542992130544,12.0,FS,L,S,False,,foul
823484-11-2,2026,2026-03-30,0.5762999191358558,2.889850396409581,3.0,FC,L,S,False,,called_strike
823484-11-1,2026,2026-03-30,-0.1134880169516068,2.1745816918310203,5.0,FF,L,S,False,,called_strike
823487-44-5,2026,2026-03-29,-0.0778498910025977,4.307718451643526,11.0,FF,L,B,False,walk,ball
823487-44-4,2026,2026-03-29,-0.556217349622309,2.6127947628097044,4.0,FF,L,S,False,,called_strike
823487-44-3,2026,2026-03-29,0.7641537190555415,4.00995838086338,12.0,FF,L,B,False,,ball
823487-44-2,2026,2026-03-29,-0.1196946897926543,0.6851744529503543,13.0,CH,L,B,False,,ball
823487-44-1,2026,2026-03-29,-0.3473551539048801,3.919795955041842,11.0,FF,L,B,False,,ball
823487-21-4,2026,2026-03-29,-0.1778669488764571,2.473625470642672,5.0,FC,L,X,True,field_out,hit_into_play
823487-21-3,2026,2026-03-29,1.2182966746312447,3.656437918250645,12.0,FF,L,B,False,,ball
823487-21-2,2026,2026-03-29,-0.7104543489780024,3.234710467721827,1.0,FF,L,S,False,,foul_tip
823487-21-1,2026,2026-03-29,-1.1463939315959844,3.18219459870352,11.0,FC,L,B,False,,ball
823487-59-4,2026,2026-03-29,-0.0893475704719786,2.8262784759997626,2.0,CU,R,X,True,grounded_into_double_play,hit_into_play
823487-59-3,2026,2026-03-29,-0.6770612101860145,2.141118054703288,4.0,SI,R,S,False,,foul
823487-59-2,2026,2026-03-29,-0.1274760358464078,2.5978143144249968,5.0,SL,R,S,False,,swinging_strike
823487-59-1,2026,2026-03-29,1.2182593177642007,1.6598530249126522,14.0,FF,R,B,False,,ball
823487-76-3,2026,2026-03-29,0.1412544505086639,2.71237433347176,5.0,FF,L,X,True,grounded_into_double_play,hit_into_play
823487-76-2,2026,2026-03-29,0.1532754160196741,1.3558577386222683,14.0,CH,L,S,False,,swinging_strike
823487-76-1,2026,2026-03-29,0.1464778380028825,1.1309242168055658,14.0,SL,L,S,False,,swinging_strike
823487-4-6,2026,2026-03-29,0.3803854754673555,2.424183054487749,6.0,FF,L,S,False,strikeout,swinging_strike
823487-4-5,2026,2026-03-29,-1.2557641376517688,3.1110444938239805,11.0,FC,L,B,False,,ball
823487-4-4,2026,2026-03-29,0.6355466573566646,2.8503545304076656,3.0,CU,L,S,False,,foul
823487-4-3,2026,2026-03-29,0.8273183527758637,3.795520164032832,12.0,FF,L,B,False,,ball
823487-4-2,2026,2026-03-29,-0.6839896313467211,2.203192857049953,4.0,FC,L,S,False,,foul
823487-4-1,2026,2026-03-29,0.724168857189242,2.91666215797172,3.0,FF,L,S,False,,called_strike
823488-24-4,2026,2026-03-28,-0.3474978216586406,2.0007395652542703,7.0,CU,L,X,True,field_out,hit_into_play
823488-24-3,2026,2026-03-28,0.4813589377873928,1.0841953162836735,14.0,CH,L,S,False,,swinging_strike
823488-24-2,2026,2026-03-28,0.0995846063294348,2.770163347155355,2.0,SL,L,S,False,,foul
823488-24-1,2026,2026-03-28,-0.2278631195954856,0.7630392465708589,13.0,CH,L,B,False,,ball
823488-62-4,2026,2026-03-28,0.0916456472425553,1.916478193983022,8.0,SI,R,X,True,field_out,hit_into_play
823488-62-3,2026,2026-03-28,1.4803614169846309,1.839752600776238,14.0,ST,R,S,False,,swinging_strike
823488-62-2,2026,2026-03-28,-0.3231600412863031,3.3002708315597067,1.0,SI,R,S,False,,called_strike
823488-62-1,2026,2026-03-28,0.0054663480027878,1.5585684309179664,8.0,CH,R,B,False,,ball
823488-41-3,2026,2026-03-28,0.2408723592974791,1.3434716883014342,14.0,SL,R,S,False,strikeout,swinging_strike
823488-41-2,2026,2026-03-28,0.136750307347078,2.3138766604219536,5.0,FC,R,S,False,,swinging_strike
823488-41-1,2026,2026-03-28,0.788826922844858,2.539855165214765,6.0,FC,R,S,False,,swinging_strike
823488-79-5,2026,2026-03-28,0.9497609940459388,3.426210627094829,12.0,CH,L,X,True,field_out,hit_into_play
823488-5-7,2026,2026-03-28,0.5889021203888635,2.213670696225165,6.0,FF,L,S,False,strikeout,swinging_strike
823488-79-4,2026,2026-03-28,0.3471641598466491,3.160433723738263,3.0,FC,L,S,False,,foul
823488-79-3,2026,2026-03-28,-0.6715840449346413,0.3181347436172508,13.0,SI,L,B,False,,blocked_ball
823488-5-6,2026,2026-03-28,0.517571060352589,2.109417182671473,9.0,FF,L,S,False,,foul
823488-79-2,2026,2026-03-28,-1.029512986729895,0.3351436327285508,13.0,FC,L,B,False,,blocked_ball
823488-5-5,2026,2026-03-28,0.2121693275368996,1.0360923373560138,14.0,CH,L,B,False,,ball
823488-5-4,2026,2026-03-28,0.1212876677816964,1.7732096827605632,8.0,FF,L,S,False,,called_strike
823488-79-1,2026,2026-03-28,-0.4031579095129634,1.679795631291752,7.0,CH,L,S,False,,foul
823488-5-3,2026,2026-03-28,0.1953578154929223,1.9524472512717117,8.0,FF,L,S,False,,called_strike
823488-5-2,2026,2026-03-28,0.8795600541058399,3.497341576552772,12.0,FF,L,B,False,,ball
823488-5-1,2026,2026-03-28,0.0214522972085707,3.6627277381320047,12.0,FF,L,B,False,,ball
823486-37-4,2026,2026-03-26,0.3744093999022566,3.83028264365226,12.0,FC,R,X,True,single,hit_into_play
823486-37-3,2026,2026-03-26,-1.19112387961851,2.658478736399627,11.0,FS,R,S,False,,foul
823486-37-2,2026,2026-03-26,-0.8324620644140317,2.5439614184923105,11.0,FS,R,S,False,,foul
823486-37-1,2026,2026-03-26,-0.3646412784703262,2.642682315123251,4.0,FC,R,S,False,,called_strike
823486-18-1,2026,2026-03-26,-1.0779825384952333,2.7653612175192563,11.0,SI,R,X,True,field_out,hit_into_play
823486-53-3,2026,2026-03-26,0.2963861593735919,2.6535172934578544,6.0,SI,L,X,True,field_out,hit_into_play
823486-53-2,2026,2026-03-26,-1.0581712369668037,1.1746103673113155,13.0,CH,L,B,False,,ball
823486-53-1,2026,2026-03-26,0.048118924849664,1.3242848491688592,14.0,FC,L,B,False,,ball
823486-6-1,2026,2026-03-26,-0.4764987855165771,3.1510851011429173,1.0,FF,R,X,True,single,hit_into_play
823610-35-1,2026,2026-06-26,0.1295426541836055,2.6222506818531466,5.0,SI,L,X,True,field_out,hit_into_play
823610-18-2,2026,2026-06-26,-0.7473241106417863,2.506157022234782,4.0,FC,L,X,True,field_error,hit_into_play
823610-18-1,2026,2026-06-26,-0.7296792056288914,0.413286725232985,13.0,FC,L,B,False,,ball
823610-50-4,2026,2026-06-26,0.0192646786355905,2.476962817809108,5.0,SI,R,X,True,single,hit_into_play
823610-50-3,2026,2026-06-26,0.5328684249525675,2.667759822656035,6.0,SI,R,S,False,,swinging_strike
823610-50-2,2026,2026-06-26,-1.3132148041904044,2.388171268402948,13.0,CH,R,S,False,,swinging_strike
823610-50-1,2026,2026-06-26,-0.1770651257296946,0.9733662940334352,13.0,CH,R,B,False,,ball
823610-1-1,2026,2026-06-26,-0.8821688081178827,2.827450505649173,11.0,FF,L,X,True,double,hit_into_play
823608-78-5,2026,2026-06-28,-0.911799092992528,2.7501396361134858,11.0,SL,R,X,True,field_out,hit_into_play
823608-78-4,2026,2026-06-28,-0.5519813871234365,1.7004964615386833,7.0,FC,R,S,False,,foul
823608-78-3,2026,2026-06-28,0.7174214260669693,2.2726149448577733,6.0,FC,R,S,False,,called_strike
823608-78-2,2026,2026-06-28,-0.8391760556577865,4.564320856108093,11.0,FF,R,B,False,,ball
823608-78-1,2026,2026-06-28,-1.016983498301733,1.8659193548079112,13.0,FF,R,B,False,,ball
823608-58-8,2026,2026-06-28,-0.2483883047782875,3.0168761623313616,2.0,FC,R,X,True,field_out,hit_into_play
823608-58-7,2026,2026-06-28,0.1885972761868263,2.0262700986105187,8.0,FC,R,S,False,,foul
823608-58-6,2026,2026-06-28,0.0684945039079888,2.338724090058296,5.0,SL,R,S,False,,foul
823608-58-5,2026,2026-06-28,0.1561995294162499,0.4352543794020365,14.0,FO,R,B,False,,blocked_ball
823608-58-4,2026,2026-06-28,0.9580338070846516,0.6119709113859271,14.0,SL,R,B,False,,blocked_ball
823608-58-3,2026,2026-06-28,-0.8888016999315382,2.932273874744999,11.0,FF,R,S,False,,foul
823608-58-2,2026,2026-06-28,0.1457264359294827,-0.5336730007119033,14.0,FO,R,B,False,,blocked_ball
823608-58-1,2026,2026-06-28,0.5514215962409804,1.3500097964045743,14.0,SL,R,S,False,,swinging_strike
823608-16-2,2026,2026-06-28,0.7603017568553675,2.1562314559446545,6.0,FC,R,X,True,single,hit_into_play
823608-16-1,2026,2026-06-28,-0.3738059912920496,3.155198929565422,1.0,FC,R,S,False,,called_strike
823608-34-3,2026,2026-06-28,-0.1337261484834332,1.7048932737042215,8.0,FO,R,X,True,field_out,hit_into_play
823608-1-2,2026,2026-06-28,-0.4664305825292322,2.531071569199071,4.0,SV,L,X,True,field_out,hit_into_play
823608-34-2,2026,2026-06-28,0.9629258012890576,1.5972947610814965,14.0,SL,R,S,False,,swinging_strike
823608-34-1,2026,2026-06-28,0.0804491189735881,3.4154992043958536,12.0,FF,R,S,False,,called_strike
823608-1-1,2026,2026-06-28,0.7210457792906466,2.8486650147615817,3.0,SI,L,S,False,,called_strike
823609-18-6,2026,2026-06-27,1.305006086745403,1.0657435947604754,14.0,ST,R,B,False,walk,ball
823609-18-5,2026,2026-06-27,-0.538674360491936,2.2083344014140067,4.0,FF,R,S,False,,foul
823609-18-4,2026,2026-06-27,1.770581606294157,2.7869203300954,12.0,FC,R,B,False,,ball
823609-18-3,2026,2026-06-27,0.5675687603705254,3.2183766988650566,3.0,FC,R,S,False,,called_strike
823609-18-2,2026,2026-06-27,-1.491497475664541,3.322763042815322,11.0,FF,R,B,False,,ball
823609-18-1,2026,2026-06-27,-1.3542686926251508,3.772414697698421,11.0,ST,R,B,False,,ball
823609-34-7,2026,2026-06-27,0.014359666462439,2.2218812840655886,5.0,FC,L,X,True,field_out,hit_into_play
823609-61-6,2026,2026-06-27,1.420330445338764,2.065563775568248,14.0,FC,R,S,False,strikeout,swinging_strike
823609-34-6,2026,2026-06-27,-0.6978011909663089,0.708098078679483,13.0,CH,L,B,False,,ball
823609-34-5,2026,2026-06-27,0.3372964138456988,2.4249195566915267,6.0,FF,L,S,False,,foul
823609-61-5,2026,2026-06-27,0.3500770870194479,2.151477142122762,6.0,CH,R,S,False,,foul
823609-34-4,2026,2026-06-27,1.7760196197822578,2.5942528703779657,12.0,CH,L,B,False,,ball
823609-61-4,2026,2026-06-27,-0.0275108694884561,2.7380038353253613,5.0,FF,R,S,False,,foul
823609-34-3,2026,2026-06-27,-0.5138929673447785,2.4663604566739634,4.0,FC,L,S,False,,foul
823609-1-3,2026,2026-06-27,1.2078002494564073,1.572261848446761,14.0,ST,R,S,False,strikeout,swinging_strike
823609-61-3,2026,2026-06-27,0.0687402983428535,0.830664627196761,14.0,CH,R,S,False,,foul
823609-34-2,2026,2026-06-27,-0.4278800855333247,1.34050777808572,13.0,CH,L,B,False,,ball
823609-61-2,2026,2026-06-27,0.0929017717035598,1.6632369131449187,8.0,FF,R,S,False,,called_strike
823609-1-2,2026,2026-06-27,1.662820934965051,1.9179486367751872,14.0,ST,R,S,False,,swinging_strike
823609-34-1,2026,2026-06-27,-0.6316760040690707,1.699773814507195,7.0,FC,L,S,False,,foul
823609-61-1,2026,2026-06-27,1.051371921460352,2.2172177050695168,14.0,FC,R,S,False,,swinging_strike
823609-1-1,2026,2026-06-27,0.4209279777094565,2.604539770961193,6.0,ST,R,S,False,,called_strike
823444-45-2,2026,2026-06-29,0.1345131990938854,1.6197531834981045,8.0,SI,R,X,True,field_out,hit_into_play
823444-45-1,2026,2026-06-29,0.1737738796449932,1.765776177002362,8.0,SI,R,S,False,,called_strike
823444-21-3,2026,2026-06-29,-0.2738003153713427,2.209730030246745,5.0,CU,R,X,True,single,hit_into_play
823444-21-2,2026,2026-06-29,-1.3247356737446327,3.055341906989911,11.0,SI,R,S,False,,foul
823444-21-1,2026,2026-06-29,-0.3257138874231099,2.6804632122637804,4.0,SL,R,S,False,,called_strike
823444-62-4,2026,2026-06-29,0.8971977252029238,1.4394501665161492,14.0,CU,L,S,False,strikeout,swinging_strike
823444-62-3,2026,2026-06-29,1.5021266737097374,1.7311323761364337,14.0,ST,L,B,False,,ball
823444-62-2,2026,2026-06-29,-0.0681454477706993,1.790534781457378,8.0,ST,L,S,False,,called_strike
823444-62-1,2026,2026-06-29,-1.003835073060635,3.389955849953614,11.0,ST,L,S,False,,swinging_strike
823444-80-6,2026,2026-06-29,0.5648639425789604,2.5616170707649206,6.0,FF,L,S,False,strikeout,swinging_strike
823444-80-5,2026,2026-06-29,-0.911830324279026,3.529744555877916,11.0,FF,L,S,False,,swinging_strike
823444-4-4,2026,2026-06-29,-0.7116960253478032,2.9226577977107304,1.0,CU,R,X,True,home_run,hit_into_play
823444-80-4,2026,2026-06-29,-1.3958052243604395,0.6281946850149978,13.0,SL,L,B,False,,ball
823444-80-3,2026,2026-06-29,-1.202849687229982,0.4018973108125547,13.0,SL,L,B,False,,ball
823444-4-3,2026,2026-06-29,0.5949614856359116,1.825998591153693,9.0,CU,R,S,False,,foul
823444-80-2,2026,2026-06-29,0.0065109785805905,2.715750849482172,5.0,FF,L,S,False,,called_strike
823444-4-2,2026,2026-06-29,0.7698565825129867,2.0414110364448224,9.0,FF,R,S,False,,foul
823444-4-1,2026,2026-06-29,0.5934931808485896,0.7250957486544992,14.0,FF,R,B,False,,ball
823444-80-1,2026,2026-06-29,0.2238606819726254,3.345312293486679,2.0,FF,L,B,False,,ball
823446-38-3,2026,2026-07-01,-0.587426108903488,1.8978252995424445,7.0,SI,R,X,True,single,hit_into_play
823446-38-2,2026,2026-07-01,-1.3094992067359943,1.667768022939502,13.0,FS,R,B,False,,ball
823446-38-1,2026,2026-07-01,0.0603510174570073,3.557104305915205,12.0,FF,R,B,False,,ball
823446-18-2,2026,2026-07-01,-0.6077598383235803,2.401457782977826,4.0,ST,R,X,True,home_run,hit_into_play
823446-18-1,2026,2026-07-01,-0.860303610085145,2.4982868215981773,11.0,ST,R,S,False,,called_strike
823446-74-4,2026,2026-07-01,-0.6379804683435348,1.9706185253420665,7.0,ST,R,S,False,strikeout,called_strike
823446-74-3,2026,2026-07-01,-0.6219693249637293,1.4760418159008264,13.0,ST,R,B,False,,ball
823446-74-2,2026,2026-07-01,-0.0086421961765983,3.1721513525676905,2.0,ST,R,S,False,,swinging_strike
823446-74-1,2026,2026-07-01,-0.4629541741849439,3.129199100069344,1.0,ST,R,S,False,,called_strike
823446-59-6,2026,2026-07-01,-1.378079398568881,2.6721235544118964,11.0,CH,R,X,True,field_out,hit_into_play
823446-59-5,2026,2026-07-01,-0.0050431495978283,1.3472333242922758,13.0,SL,R,S,False,,foul
823446-59-4,2026,2026-07-01,-0.0114938273154587,3.419514189887989,11.0,FF,R,S,False,,swinging_strike
823446-59-3,2026,2026-07-01,-2.60633927731654,3.400521527116215,11.0,SI,R,B,False,,ball
823446-59-2,2026,2026-07-01,1.2876522207076757,0.3829237159914247,14.0,SL,R,B,False,,ball
823446-59-1,2026,2026-07-01,-0.5044564194635459,3.3059733835502305,1.0,SL,R,S,False,,called_strike
823446-5-3,2026,2026-07-01,0.3173225027884803,2.5438709767977543,6.0,ST,R,X,True,field_out,hit_into_play
823446-5-2,2026,2026-07-01,0.3499762567746893,3.169262927193252,3.0,ST,R,B,False,,ball
823446-5-1,2026,2026-07-01,-0.8226166136121504,2.6211055866914403,4.0,FF,R,S,False,,called_strike
823445-54-4,2026,2026-06-30,-0.5277157725378278,2.483285203012781,4.0,FF,R,X,True,double,hit_into_play
823445-54-3,2026,2026-06-30,-0.7967403297359512,2.375833145632076,4.0,SL,R,S,False,,called_strike
823445-54-2,2026,2026-06-30,-0.8681646036101067,2.077568611856817,13.0,SI,R,S,False,,foul
823445-54-1,2026,2026-06-30,-0.9345883439979696,3.300190868137208,11.0,FF,R,B,False,,ball
823445-38-4,2026,2026-06-30,0.4577222365687023,1.5431344738153607,9.0,CH,R,S,False,strikeout,called_strike
823445-38-3,2026,2026-06-30,1.5400542627829243,0.6874006753999291,14.0,SL,R,B,False,,blocked_ball
823445-38-2,2026,2026-06-30,-0.3770850296368732,2.0842870863055007,7.0,FF,R,S,False,,foul
823445-38-1,2026,2026-06-30,-0.3957443520568922,2.8232789945991894,1.0,FF,R,S,False,,foul
823445-16-1,2026,2026-06-30,-0.9062667927412634,3.0069910625091048,11.0,FF,R,X,True,field_out,hit_into_play
823445-68-1,2026,2026-06-30,0.0851385049279004,2.261258381672746,5.0,FF,R,X,True,home_run,hit_into_play
823445-4-5,2026,2026-06-30,0.1482667044967351,2.22731367381846,5.0,SL,R,X,True,field_out,hit_into_play
823445-4-4,2026,2026-06-30,-0.7741422160203534,2.368438983218021,4.0,FF,R,S,False,,foul
823445-4-3,2026,2026-06-30,-0.900394529689942,3.8950167050035462,11.0,FF,R,B,False,,ball
823445-4-2,2026,2026-06-30,1.54169044651755,1.8598095854709895,14.0,SL,R,B,False,,ball
823445-4-1,2026,2026-06-30,0.2631188925695721,2.44164843766381,5.0,FF,R,S,False,,called_strike
824092-29-5,2026,2026-07-04,0.3938752698957404,2.481426526826766,6.0,FC,R,X,True,double_play,hit_into_play
824092-29-4,2026,2026-07-04,-1.4623960991931344,2.595340363890964,11.0,CH,R,B,False,,ball
824092-29-3,2026,2026-07-04,0.2203873798635637,3.886147453714052,12.0,SL,R,B,False,,ball
824092-29-2,2026,2026-07-04,0.4493117646762071,1.5619740864185332,9.0,FC,R,S,False,,called_strike
824092-29-1,2026,2026-07-04,1.3205545123806517,2.2823875234918947,14.0,SL,R,B,False,,ball
824092-16-1,2026,2026-07-04,0.4716865299074658,1.657820056382029,9.0,FC,R,X,True,field_out,hit_into_play
824092-51-3,2026,2026-07-04,0.1021382223355162,2.8362094357178247,2.0,SI,R,X,True,single,hit_into_play
824092-51-2,2026,2026-07-04,0.9117489586931836,1.1642420978470684,14.0,SI,R,B,False,,ball
824092-51-1,2026,2026-07-04,0.6937170053281267,3.224874985887741,3.0,FF,R,B,False,,ball
824092-67-3,2026,2026-07-04,0.2011252209615648,1.667575288786216,8.0,SI,R,X,True,field_out,hit_into_play
824092-1-3,2026,2026-07-04,1.2009993363001876,1.0753386883033147,14.0,SL,R,S,False,strikeout,swinging_strike
824092-67-2,2026,2026-07-04,0.7434639915448651,1.6896130421350752,9.0,FC,R,S,False,,swinging_strike
824092-1-2,2026,2026-07-04,0.7646039972390659,2.083584022857704,9.0,FC,R,S,False,,called_strike
824092-1-1,2026,2026-07-04,0.6469196130126249,2.749595173370227,3.0,FF,R,S,False,,called_strike
824092-67-1,2026,2026-07-04,1.2625093303050796,2.0905790557842114,14.0,FC,R,B,False,,ball
823442-23-4,2026,2026-07-02,-0.3058406160599287,1.119688108799731,13.0,CH,R,S,False,strikeout,swinging_strike
823442-23-3,2026,2026-07-02,0.5047925184324786,1.782812613079428,9.0,SL,R,S,False,,swinging_strike
823442-23-2,2026,2026-07-02,0.3953080012509337,1.4696863998374996,14.0,SL,R,S,False,,swinging_strike
823442-23-1,2026,2026-07-02,-0.1907833632827131,1.356985752360266,13.0,SL,R,B,False,,ball
823442-42-3,2026,2026-07-02,-0.3620760889549026,1.8530726223428269,7.0,SI,R,X,True,single,hit_into_play
823442-42-2,2026,2026-07-02,0.8309677100480892,3.052221540041936,12.0,SI,R,B,False,,ball
823442-42-1,2026,2026-07-02,0.7815785436292353,3.094202433064462,3.0,ST,R,S,False,,called_strike
823442-4-6,2026,2026-07-02,0.0537565756559709,3.541529548625806,12.0,SL,R,S,False,strikeout,swinging_strike
823442-4-5,2026,2026-07-02,1.582547794314693,0.8627676485566513,14.0,SL,R,S,False,,swinging_strike
823442-4-4,2026,2026-07-02,0.3495560347283184,1.6211404517785275,9.0,FF,R,S,False,,called_strike
823442-4-3,2026,2026-07-02,1.9130298660023115,1.5079205028331448,14.0,SL,R,B,False,,ball
823442-69-3,2026,2026-07-02,-0.1290770148838231,1.5156874628781711,13.0,SL,L,X,True,field_out,hit_into_play
823442-69-2,2026,2026-07-02,-0.8471210677766681,1.2055743127988343,13.0,SL,L,S,False,,swinging_strike
823442-4-2,2026,2026-07-02,1.261139114009426,2.1964731859163558,14.0,FF,R,B,False,,ball
823442-4-1,2026,2026-07-02,1.0801716397928174,1.5045390721766996,14.0,FF,R,B,False,,ball
823442-69-1,2026,2026-07-02,-0.931346441418285,2.090959014196897,13.0,FF,L,S,False,,called_strike
824091-21-3,2026,2026-07-05,0.7577570333609869,2.075925175110951,9.0,SL,R,X,True,field_out,hit_into_play
824091-21-2,2026,2026-07-05,-0.5910594016697016,1.7188359334521182,7.0,SI,R,S,False,,foul
824091-21-1,2026,2026-07-05,-0.1241808913201448,0.7851526803075841,13.0,CU,R,S,False,,swinging_strike
824091-53-5,2026,2026-07-05,-0.3237320707893673,2.4517415279991828,4.0,FF,R,S,False,strikeout,swinging_strike
824091-53-4,2026,2026-07-05,0.0225002864797798,2.76249853161425,2.0,SI,R,S,False,,foul
824091-53-3,2026,2026-07-05,0.4566379219280858,1.1492511479415706,14.0,SI,R,B,False,,ball
824091-53-2,2026,2026-07-05,1.4563476565237283,3.0666475674465468,12.0,ST,R,B,False,,ball
824091-53-1,2026,2026-07-05,-0.7501107733864728,1.7535929344299732,7.0,ST,R,S,False,,called_strike
824091-1-6,2026,2026-07-05,-0.8069943322545248,2.791905850897341,1.0,SI,R,X,True,field_out,hit_into_play
824091-1-5,2026,2026-07-05,0.1868983134358839,2.5794729007664507,5.0,FF,R,S,False,,called_strike
824091-1-4,2026,2026-07-05,0.1508128235765584,0.8542931829431022,14.0,SL,R,B,False,,ball
824091-41-3,2026,2026-07-05,-0.1203086103550197,2.4291754911823493,5.0,CH,L,X,True,field_out,hit_into_play
824091-1-3,2026,2026-07-05,0.1186867654545824,5.13057061257275,12.0,FF,R,B,False,,ball
824091-41-2,2026,2026-07-05,0.8511637197401338,2.6131767952472025,12.0,FF,L,S,False,,foul
824091-1-2,2026,2026-07-05,-1.4360290755659475,4.606165403395584,11.0,FF,R,B,False,,ball
824091-41-1,2026,2026-07-05,0.3320572074494836,2.8545668023381903,3.0,SL,L,S,False,,called_strike
824091-1-1,2026,2026-07-05,0.2898191690570815,2.9908139528354494,3.0,FF,R,S,False,,called_strike
824495-32-1,2026,2026-07-07,-0.2321779732610637,2.10789721059825,8.0,FF,L,X,True,field_out,hit_into_play
824495-17-5,2026,2026-07-07,0.156273518561367,2.3964116671339752,5.0,CH,L,X,True,field_out,hit_into_play
824495-17-4,2026,2026-07-07,-0.885162750471675,1.4319209939302002,13.0,ST,L,S,False,,foul
824495-17-3,2026,2026-07-07,0.1072842423966646,3.801670691476246,12.0,FF,L,S,False,,foul
824495-17-2,2026,2026-07-07,0.3876752792061091,2.003787336404583,9.0,FF,L,S,False,,foul
824495-17-1,2026,2026-07-07,-0.8577245425660989,1.7157046596845955,13.0,CH,L,S,False,,swinging_strike
824495-68-2,2026,2026-07-07,0.2933233052004478,2.444485665240403,6.0,SI,L,X,True,field_out,hit_into_play
824495-68-1,2026,2026-07-07,0.1127478527071677,0.7823617525378497,14.0,ST,L,B,False,,ball
824495-1-6,2026,2026-07-07,-0.0320214556613334,2.536637919040733,5.0,FF,L,S,False,strikeout,foul_tip
824495-1-5,2026,2026-07-07,1.8230007767941712,2.7776399549147013,12.0,FF,L,B,False,,ball
824495-1-4,2026,2026-07-07,0.4492804998506067,1.7138729641553223,9.0,FF,L,S,False,,foul
824495-1-3,2026,2026-07-07,0.6435790975057963,2.159970468863152,6.0,FF,L,S,False,,swinging_strike
824495-1-2,2026,2026-07-07,0.7098113017666824,-0.1001348825921688,14.0,CU,L,B,False,,ball
824495-53-2,2026,2026-07-07,-0.7546021017396389,1.6641719000906807,7.0,SV,L,X,True,single,hit_into_play
824495-1-1,2026,2026-07-07,1.847631153285112,2.5070032083828666,12.0,FF,L,B,False,,ball
824495-53-1,2026,2026-07-07,0.6889975311436655,2.0504811731740142,9.0,SV,L,S,False,,called_strike
824089-36-3,2026,2026-07-06,0.474772526786216,1.79144445745001,9.0,SL,L,X,True,field_out,hit_into_play
824089-36-2,2026,2026-07-06,0.8759464810541062,2.353279073038029,14.0,FC,L,B,False,,ball
824089-36-1,2026,2026-07-06,-0.2513866827570998,1.5260925701472412,8.0,FF,L,S,False,,called_strike
824089-19-2,2026,2026-07-06,-0.4861005968398976,2.840251328904814,1.0,FC,L,X,True,single,hit_into_play
824089-19-1,2026,2026-07-06,-0.4805950257437035,2.3530346891177376,4.0,CH,L,S,False,,called_strike
824089-56-2,2026,2026-07-06,-0.2333671843463396,1.7112016104993113,8.0,FF,R,X,True,single,hit_into_play
824089-56-1,2026,2026-07-06,-0.2924964757612274,3.2631883835879907,1.0,FF,R,S,False,,foul
824089-1-2,2026,2026-07-06,0.5420535862456928,2.5485057627315504,6.0,CU,L,X,True,double,hit_into_play
824089-1-1,2026,2026-07-06,0.661150838091313,2.3219025884301185,6.0,FF,L,S,False,,foul
824249-30-6,2026,2026-07-11,-0.0826928221301032,2.7999635723430387,2.0,SL,R,X,True,field_out,hit_into_play
824249-30-5,2026,2026-07-11,-0.8019751503499193,2.110566918928436,7.0,FS,R,S,False,,foul
824249-30-4,2026,2026-07-11,0.8062693650494213,1.2651888864202947,14.0,SL,R,S,False,,swinging_strike
824249-30-3,2026,2026-07-11,0.0673487318465738,3.5105657162005923,12.0,SL,R,B,False,,ball
824249-30-2,2026,2026-07-11,-1.0253476329187343,3.3935956416602275,11.0,FF,R,S,False,,swinging_strike
824249-30-1,2026,2026-07-11,0.1974667126009938,0.9597895860325762,14.0,SI,R,B,False,,ball
824249-16-6,2026,2026-07-11,0.1523371994796449,1.812030035424128,8.0,SI,R,X,True,sac_fly,hit_into_play
824249-16-5,2026,2026-07-11,1.255057407825783,1.0105221780663114,14.0,SV,R,B,False,,ball
824249-16-4,2026,2026-07-11,0.6514280116642298,2.399769896377613,6.0,SL,R,S,False,,swinging_strike
824249-16-3,2026,2026-07-11,0.0513367159379984,2.818875374267737,2.0,SI,R,S,False,,foul
824249-16-2,2026,2026-07-11,0.95063180594715,1.6585951367039748,14.0,SL,R,B,False,,ball
824249-16-1,2026,2026-07-11,0.8012718532894921,3.7789182053699033,12.0,FF,R,B,False,,ball
824249-51-4,2026,2026-07-11,-0.2349673970954373,3.017373665545044,2.0,FF,R,S,False,strikeout,swinging_strike
824249-51-3,2026,2026-07-11,0.2434746229030799,0.911724351315526,14.0,CH,R,B,False,,ball
824249-51-2,2026,2026-07-11,-0.3438878168382207,0.545659033796424,13.0,CH,R,S,False,,swinging_strike
824249-51-1,2026,2026-07-11,0.1052372733001545,2.185275329173717,5.0,CH,R,S,False,,called_strike
824249-1-6,2026,2026-07-11,-0.8207430563750477,4.277074983310221,11.0,FF,R,B,False,walk,ball
824249-1-5,2026,2026-07-11,1.867575234387162,-0.9489250305170148,14.0,SV,R,B,False,,ball
824249-1-4,2026,2026-07-11,-0.3419390594455103,2.3613362719223896,4.0,SL,R,S,False,,swinging_strike
824249-1-3,2026,2026-07-11,-0.3207226676114988,3.942505589453536,11.0,SI,R,B,False,,ball
824249-1-2,2026,2026-07-11,0.3224541540662551,1.7466982663153816,9.0,FF,R,S,False,,called_strike
824249-1-1,2026,2026-07-11,0.4708434405721572,3.4890190959435388,12.0,FF,R,B,False,,ball
824252-35-2,2026,2026-07-10,-0.2942473868830936,3.0448742033394005,1.0,SL,R,X,True,field_out,hit_into_play
824252-35-1,2026,2026-07-10,-0.4480098466028153,2.001542777756356,7.0,KC,R,S,False,,foul
824252-17-1,2026,2026-07-10,0.224987740320316,2.2663652881442307,5.0,SI,R,X,True,field_out,hit_into_play
824252-56-3,2026,2026-07-10,-1.029701993324228,2.6210325719848755,11.0,CH,R,X,True,field_error,hit_into_play
824252-56-2,2026,2026-07-10,0.8726834838137909,0.8139770646170925,14.0,FC,R,B,False,,ball
824252-56-1,2026,2026-07-10,0.4307842507983198,1.5859083924120356,9.0,CH,R,S,False,,called_strike
824252-1-2,2026,2026-07-10,0.729178164129319,1.3895095216397355,14.0,FF,R,X,True,field_out,hit_into_play
824252-1-1,2026,2026-07-10,-0.6090034928128285,3.453194952919459,11.0,FF,R,S,False,,swinging_strike
824494-54-5,2026,2026-07-09,1.1421729399280751,2.196687575642332,14.0,SI,R,B,False,walk,ball
824494-54-4,2026,2026-07-09,0.6011713604764966,1.311186339056422,14.0,SI,R,B,False,,ball
824494-54-3,2026,2026-07-09,0.7104463669024055,2.125802145717844,9.0,FC,R,S,False,,called_strike
824494-54-2,2026,2026-07-09,1.3368547428514217,0.9564082318178015,14.0,ST,R,B,False,,ball
824494-54-1,2026,2026-07-09,-0.060616409991923,1.3047185863840811,13.0,SI,R,B,False,,ball
824494-38-2,2026,2026-07-09,0.1055299468503101,2.165072795389496,5.0,SI,R,X,True,field_out,hit_into_play
824494-38-1,2026,2026-07-09,-0.7215378613173569,1.4096850966842296,13.0,SI,R,B,False,,ball
824494-17-1,2026,2026-07-09,0.5031791489690309,2.344370526408613,6.0,FC,R,X,True,field_out,hit_into_play
824494-1-4,2026,2026-07-09,0.1915576790356739,1.7656072354382937,8.0,SI,R,X,True,field_out,hit_into_play
824494-1-3,2026,2026-07-09,1.3507484575704098,-0.2445375351795085,14.0,ST,R,B,False,,ball
824494-1-2,2026,2026-07-09,0.8582731978359355,1.5424057886271134,14.0,SI,R,S,False,,called_strike
824494-1-1,2026,2026-07-09,0.7032638322367846,0.8693218245303025,14.0,SI,R,B,False,,ball
824250-32-5,2026,2026-07-12,-0.6936059415240481,0.8135059407811296,13.0,CH,L,S,False,strikeout,swinging_strike
824250-32-4,2026,2026-07-12,-0.25247659116451,2.5497896853652766,5.0,FF,L,S,False,,foul
824250-32-3,2026,2026-07-12,-0.2157664372624104,0.8585164690786329,13.0,CH,L,S,False,,swinging_strike
824250-32-2,2026,2026-07-12,1.6924149532345427,1.6539485582241855,14.0,CH,L,B,False,,ball
824250-32-1,2026,2026-07-12,-0.9712483922438626,1.624385799985731,13.0,FF,L,S,False,,swinging_strike
824250-16-2,2026,2026-07-12,0.4847572103816961,2.247895875154968,6.0,SI,L,X,True,field_out,hit_into_play
824250-16-1,2026,2026-07-12,0.2605798767679086,1.9034925179848556,8.0,SL,L,S,False,,foul
824250-45-4,2026,2026-07-12,0.7475224350753502,2.2726188120533743,6.0,SL,R,X,True,single,hit_into_play
824250-45-3,2026,2026-07-12,0.0651846539121923,3.1250560806977234,2.0,SL,R,S,False,,called_strike
824250-45-2,2026,2026-07-12,0.6503169339640742,2.625921258630433,6.0,SI,R,S,False,,called_strike
824250-45-1,2026,2026-07-12,1.6037947687036216,2.2251879852144327,14.0,FF,R,B,False,,ball
824250-65-6,2026,2026-07-12,1.4500986864705605,2.892576225442172,12.0,SL,L,B,False,walk,ball
824250-65-5,2026,2026-07-12,0.8981909320995728,2.2383595374558776,14.0,SL,L,B,False,,ball
824250-65-4,2026,2026-07-12,0.524271954831659,3.007240097686192,3.0,FF,L,S,False,,foul
824250-65-3,2026,2026-07-12,0.6047078213755583,2.069110116637907,9.0,SI,L,S,False,,foul
824250-65-2,2026,2026-07-12,1.5699663453926571,2.022292358875243,14.0,SI,L,B,False,,ball
824250-65-1,2026,2026-07-12,0.4573869270874775,3.961396070312139,12.0,FF,L,B,False,,ball
824250-1-4,2026,2026-07-12,-0.4859488828705888,2.6132712029499734,4.0,FF,L,X,True,field_out,hit_into_play
824250-1-3,2026,2026-07-12,0.6542658289336801,2.063196835849361,9.0,SL,L,S,False,,called_strike
824250-1-2,2026,2026-07-12,0.1146961782317322,3.427766743206448,12.0,SL,L,B,False,,ball
824250-1-1,2026,2026-07-12,-1.0514529540252793,2.7654666677608444,11.0,FF,L,B,False,,ball
823440-44-5,2026,2026-07-16,0.5066035358192014,2.425362172165981,6.0,FC,R,X,True,field_out,hit_into_play
823440-44-4,2026,2026-07-16,0.7974313502583458,1.4702981291817516,14.0,FF,R,B,False,,ball
823440-44-3,2026,2026-07-16,-1.133838549721697,3.7023211082119714,11.0,FF,R,S,False,,swinging_strike
823440-44-2,2026,2026-07-16,1.7695259555512148,1.090203452205985,14.0,ST,R,B,False,,ball
823440-44-1,2026,2026-07-16,0.918634144990127,1.5979663053801896,14.0,FF,R,B,False,,ball
823440-22-4,2026,2026-07-16,1.5785468851505555,1.8184896259922143,14.0,ST,R,S,False,strikeout,swinging_strike
823440-22-3,2026,2026-07-16,0.073201914705549,1.91007423300182,8.0,FF,R,S,False,,called_strike
823440-22-2,2026,2026-07-16,0.708141126505982,3.1703050115043285,3.0,FC,R,S,False,,foul
823440-22-1,2026,2026-07-16,1.6619174409373887,2.7631056260167317,12.0,ST,R,B,False,,ball
823440-61-2,2026,2026-07-16,-0.7529307194891364,2.6326818941391714,4.0,FF,R,X,True,home_run,hit_into_play
823440-61-1,2026,2026-07-16,0.4329260675803454,1.5301520242323396,9.0,FC,R,S,False,,called_strike
823440-4-2,2026,2026-07-16,0.3493882824208303,2.54567352809973,6.0,ST,R,X,True,field_out,hit_into_play
823440-4-1,2026,2026-07-16,-0.3959778032267873,3.008670709885831,1.0,ST,R,S,False,,called_strike
823441-39-4,2026,2026-07-18,0.2361635828255226,2.138678609180591,5.0,SI,L,X,True,home_run,hit_into_play
823441-39-3,2026,2026-07-18,0.4344193403067129,2.798939374372857,3.0,SI,L,S,False,,called_strike
823441-39-2,2026,2026-07-18,1.3704943434153685,2.4358223078444565,14.0,SI,L,B,False,,ball
823441-39-1,2026,2026-07-18,-1.2995774400542706,0.8147273277278657,13.0,ST,L,B,False,,ball
823441-20-2,2026,2026-07-18,0.3483526955042408,2.3367335445970783,6.0,SI,L,X,True,field_out,hit_into_play
823441-20-1,2026,2026-07-18,1.6458659092168162,3.136297003354757,12.0,SI,L,B,False,,ball
823441-51-5,2026,2026-07-18,0.0010357737638999,3.3529740569239213,2.0,FC,R,B,False,walk,ball
823441-51-4,2026,2026-07-18,1.2653116283798165,1.006404332576479,14.0,SL,R,B,False,,ball
823441-51-3,2026,2026-07-18,0.3177734498171261,1.2875579202560412,14.0,SL,R,B,False,,ball
823441-51-2,2026,2026-07-18,0.156352561335718,0.6908685842784394,14.0,FO,R,B,False,,blocked_ball
823441-51-1,2026,2026-07-18,0.8097482653883279,1.785597385586826,9.0,FO,R,S,False,,swinging_strike
823441-64-2,2026,2026-07-18,1.0362020899187694,1.9259243661380576,14.0,SL,R,X,True,single,hit_into_play
823441-64-1,2026,2026-07-18,0.4129413639664817,1.8562327195356023,9.0,FF,R,S,False,,called_strike
823441-6-3,2026,2026-07-18,-0.4082839124442385,1.824347833873449,7.0,SI,L,X,True,single,hit_into_play
823441-6-2,2026,2026-07-18,-2.053950210879846,3.428267250293748,11.0,ST,L,B,False,,ball
823441-6-1,2026,2026-07-18,1.377964776790875,2.1520000438776288,14.0,SI,L,B,False,,ball
823439-52-1,2026,2026-07-19,-0.8229688151859287,2.8732071033500706,1.0,CU,R,X,True,double,hit_into_play
823439-28-5,2026,2026-07-19,-1.081750051932211,2.974953843544476,11.0,FF,R,S,False,strikeout,swinging_strike
823439-28-4,2026,2026-07-19,0.9761104561247193,2.71872090355204,12.0,SI,R,B,False,,ball
823439-28-3,2026,2026-07-19,-0.69796727311945,3.175325922031603,1.0,FF,R,S,False,,swinging_strike
823439-28-2,2026,2026-07-19,1.096107701865941,1.9401831400764964,14.0,ST,R,S,False,,swinging_strike
823439-28-1,2026,2026-07-19,0.6998903898852755,1.2464229026226232,14.0,ST,R,B,False,,ball
823439-72-11,2026,2026-07-19,2.0098139088815943,1.0103861531428382,14.0,SI,R,B,False,walk,ball
823439-72-10,2026,2026-07-19,-1.2561917639232103,2.6118621768424006,11.0,FC,R,S,False,,foul
823439-72-9,2026,2026-07-19,0.6275230073260276,1.4483056569255213,14.0,CH,R,S,False,,foul
823439-72-8,2026,2026-07-19,0.6081244328481403,2.086379325577905,9.0,SI,R,S,False,,foul
823439-72-7,2026,2026-07-19,-0.1641391472644311,1.0092504197224927,13.0,CH,R,B,False,,ball
823439-72-6,2026,2026-07-19,1.0616841645559896,1.973918444605618,14.0,SI,R,B,False,,ball
823439-72-5,2026,2026-07-19,-0.654088832501083,2.823987279225741,1.0,CH,R,S,False,,foul
823439-72-4,2026,2026-07-19,0.554193927890421,1.3609354575039585,14.0,FC,R,B,False,,ball
823439-72-3,2026,2026-07-19,0.2706414842185205,3.31456753505073,2.0,FC,R,S,False,,foul
823439-8-4,2026,2026-07-19,1.5111694877666395,2.5133649933256708,12.0,SL,R,S,False,strikeout,swinging_strike
823439-8-3,2026,2026-07-19,0.0770700994103721,1.5962594773563796,8.0,SL,R,S,False,,called_strike
823439-72-2,2026,2026-07-19,0.2912703622063689,3.2193858275463625,3.0,FC,R,S,False,,swinging_strike
823439-72-1,2026,2026-07-19,0.535717022614716,2.005653807852082,9.0,FC,R,S,False,,called_strike
823439-8-2,2026,2026-07-19,0.7909112761097734,1.0558218863630962,14.0,SI,R,B,False,,ball
823439-8-1,2026,2026-07-19,0.4820693695699336,2.824878711157554,3.0,SI,R,S,False,,called_strike
823436-41-6,2026,2026-07-20,0.5457218073212797,2.725141233466018,6.0,SL,R,S,False,strikeout,swinging_strike
823436-41-5,2026,2026-07-20,1.038358158152643,0.526664885530491,14.0,SL,R,B,False,,blocked_ball
823436-41-4,2026,2026-07-20,-1.0080211886534176,4.506580663802359,11.0,FF,R,B,False,,ball
823436-41-3,2026,2026-07-20,0.7669814896373454,1.8918505835741648,9.0,SL,R,S,False,,swinging_strike
823436-41-2,2026,2026-07-20,0.6632213635007705,1.9884342097104195,9.0,SL,R,S,False,,swinging_strike
823436-41-1,2026,2026-07-20,-0.3703017833151052,4.478293814790224,11.0,FF,R,B,False,,ball
823436-19-2,2026,2026-07-20,0.0444909425448826,2.3737919783205483,5.0,SL,R,X,True,home_run,hit_into_play
823436-19-1,2026,2026-07-20,1.4245187915517916,0.471828494839243,14.0,SL,R,B,False,,blocked_ball
823436-74-7,2026,2026-07-20,0.1316022896202874,3.756575216421147,12.0,CH,R,S,False,strikeout,swinging_strike
823436-74-6,2026,2026-07-20,-1.3686417476296402,3.645482060837229,11.0,FF,R,B,False,,ball
823436-74-5,2026,2026-07-20,-0.2511492124851864,2.808675010818427,2.0,KC,R,S,False,,foul
823436-74-4,2026,2026-07-20,-1.0818069238439074,4.113316103071641,11.0,CH,R,S,False,,swinging_strike
823436-74-3,2026,2026-07-20,1.4395869693120993,2.0592968190942487,14.0,SL,R,B,False,,ball
823436-74-2,2026,2026-07-20,0.4739218144725958,3.353506845059661,3.0,SL,R,B,False,,ball
823436-74-1,2026,2026-07-20,0.3774809548752935,2.4279977304764344,6.0,KC,R,S,False,,called_strike
823436-58-1,2026,2026-07-20,-0.0797737552403187,2.2104382262947224,5.0,CH,L,X,True,home_run,hit_into_play
823436-7-1,2026,2026-07-20,-0.1847093742410119,2.703440654794389,5.0,FF,R,X,True,double,hit_into_play
823438-39-13,2026,2026-07-22,0.1819390216605303,2.272977720108427,5.0,CU,L,X,True,fielders_choice_out,hit_into_play
823438-39-12,2026,2026-07-22,-1.2603806635440913,2.2604520949908617,13.0,SL,L,S,False,,foul
823438-39-11,2026,2026-07-22,1.2422393168405104,2.7536583050650387,12.0,FF,L,S,False,,foul
823438-39-10,2026,2026-07-22,0.2074433943554427,1.9739880366429168,8.0,FC,L,S,False,,foul
823438-39-9,2026,2026-07-22,1.607134436222701,3.9944282209960056,12.0,FF,L,B,False,,ball
823438-39-8,2026,2026-07-22,-0.9447309579687906,2.935677514266163,11.0,SL,L,S,False,,foul
823438-39-7,2026,2026-07-22,-0.995168417293704,0.2820805135666999,13.0,CU,L,B,False,,blocked_ball
823438-39-6,2026,2026-07-22,0.6285052142857266,3.855085706269796,12.0,FF,L,S,False,,foul
823438-39-5,2026,2026-07-22,0.7726266523976864,1.27526537991012,14.0,CH,L,S,False,,foul
823438-39-4,2026,2026-07-22,-0.6426626970950775,2.540836466112429,4.0,FF,L,S,False,,foul
823438-39-3,2026,2026-07-22,-0.4450917531046787,0.944935977580438,13.0,CU,L,B,False,,ball
823438-39-2,2026,2026-07-22,0.7710906422148988,3.1514400627032453,3.0,FF,L,S,False,,foul
823438-39-1,2026,2026-07-22,0.2856731143086827,1.719991787146414,9.0,CU,L,S,False,,called_strike
823438-20-8,2026,2026-07-22,0.3479012315448824,2.9391406959393933,3.0,FF,L,X,True,field_out,hit_into_play
823438-20-7,2026,2026-07-22,-0.3034799234480043,2.1818870401418486,4.0,FC,L,S,False,,foul
823438-20-6,2026,2026-07-22,1.320781661992942,2.361023386640744,14.0,CU,L,B,False,,ball
823438-20-5,2026,2026-07-22,-0.6182209266427898,2.1189700537827725,7.0,SL,L,S,False,,foul
823438-20-4,2026,2026-07-22,0.5897937434407541,4.769356546587069,12.0,FF,L,B,False,,ball
823438-20-3,2026,2026-07-22,2.417303767728366,2.471178433654405,12.0,CH,L,B,False,,ball
823438-20-2,2026,2026-07-22,-0.9861648842451244,2.4837397662590206,11.0,FC,L,S,False,,foul
823438-20-1,2026,2026-07-22,0.4063824907073092,2.754708820787182,3.0,FF,L,S,False,,foul
823438-77-3,2026,2026-07-22,0.1046271155318759,2.3021731737103126,5.0,SL,R,S,False,strikeout,swinging_strike
823438-77-2,2026,2026-07-22,0.6202754109521857,1.5286368013437186,9.0,SL,R,S,False,,swinging_strike
823438-77-1,2026,2026-07-22,0.2105511689927222,1.9131128932112424,8.0,SL,R,S,False,,called_strike
823438-64-6,2026,2026-07-22,-0.8166548840185911,3.918602766567192,11.0,ST,R,B,False,walk,ball
823438-64-5,2026,2026-07-22,-0.9629137203488636,3.153206018167154,11.0,FF,R,S,False,,foul
823438-64-4,2026,2026-07-22,-1.5632793224687742,2.7745087599819342,11.0,FF,R,B,False,,ball
823438-64-3,2026,2026-07-22,2.547796806014978,-0.838452512007966,14.0,ST,R,B,False,,ball
823438-64-2,2026,2026-07-22,0.9408222512567808,1.497608773266116,14.0,ST,R,B,False,,ball
823438-64-1,2026,2026-07-22,0.7724507531229503,1.8721119904351815,9.0,ST,R,S,False,,called_strike
823438-4-5,2026,2026-07-22,0.7447625392042726,1.7856616855684193,9.0,CH,L,X,True,field_out,hit_into_play
823438-4-4,2026,2026-07-22,-0.2394232399475936,4.128657416078163,11.0,FF,L,B,False,,ball
823438-4-3,2026,2026-07-22,0.6320927935105436,1.6569907586147443,9.0,CU,L,S,False,,called_strike
823438-4-2,2026,2026-07-22,0.8771639139752121,2.106170066100119,14.0,CH,L,S,False,,called_strike
823438-4-1,2026,2026-07-22,1.1847446745649757,3.0685149075462856,12.0,FF,L,B,False,,ball
823437-37-6,2026,2026-07-21,-0.0380568083802735,2.4781558820588927,5.0,FF,L,X,True,grounded_into_double_play,hit_into_play
823437-37-5,2026,2026-07-21,-0.7543936818414543,2.191609225445724,4.0,SI,L,S,False,,foul
823437-37-4,2026,2026-07-21,1.129572920602958,4.479117514520491,12.0,FF,L,B,False,,ball
823437-37-3,2026,2026-07-21,-1.4476375657328489,0.6718823994391867,13.0,SL,L,B,False,,ball
823437-37-2,2026,2026-07-21,0.3955115084006868,2.070119266133907,9.0,FF,L,S,False,,foul
823437-37-1,2026,2026-07-21,1.4328958011669903,4.984269243767036,12.0,FF,L,B,False,,ball
823437-20-1,2026,2026-07-21,0.2493594707021784,1.8334834677046583,8.0,CH,L,X,True,single,hit_into_play
823437-56-2,2026,2026-07-21,0.1420259853041178,2.2595178162475835,5.0,ST,R,X,True,field_out,hit_into_play
823437-56-1,2026,2026-07-21,1.550605016622138,2.1916434624090995,14.0,ST,R,B,False,,ball
823437-4-6,2026,2026-07-21,0.6860843784279468,3.20937759436056,3.0,FF,L,S,False,strikeout,swinging_strike
823437-4-5,2026,2026-07-21,0.3203477963096872,2.0729292203999274,9.0,ST,L,S,False,,foul
823437-4-4,2026,2026-07-21,-0.5554804723989847,3.1186473085502997,1.0,FF,L,S,False,,foul
823437-4-3,2026,2026-07-21,0.1747265510259569,2.27015290809478,5.0,SL,L,S,False,,foul
823437-4-2,2026,2026-07-21,0.2274617551952406,1.4079506580124477,14.0,SL,L,B,False,,ball
823437-4-1,2026,2026-07-21,0.1604151897188486,2.9564987295052294,2.0,SI,L,S,False,,called_strike
823837-34-1,2026,2026-07-29,-0.6093595834242724,2.352678702672812,4.0,CH,R,X,True,home_run,hit_into_play
823837-17-3,2026,2026-07-29,-1.187511736095689,2.6989428619879865,11.0,CH,R,X,True,field_out,hit_into_play
823837-17-2,2026,2026-07-29,-0.1436723733709273,2.8949991133107407,2.0,FC,R,S,False,,foul
823837-17-1,2026,2026-07-29,0.4654155811396374,2.761782788571323,3.0,ST,R,S,False,,foul
823837-52-2,2026,2026-07-29,-0.2347973853415997,2.4963029684852334,5.0,FF,L,X,True,field_out,hit_into_play
823837-52-1,2026,2026-07-29,-0.1235730739423943,0.9747267232241196,13.0,ST,L,B,False,,ball
823837-74-4,2026,2026-07-29,0.4633826166468738,2.38918722287193,6.0,SL,R,X,True,field_out,hit_into_play
823837-74-3,2026,2026-07-29,1.4106948229104803,1.6644107105043409,14.0,SL,R,B,False,,ball
823837-74-2,2026,2026-07-29,0.3860366790570277,3.158205440378721,3.0,FC,R,S,False,,called_strike
823837-74-1,2026,2026-07-29,0.0985956114711469,2.7277167518178427,5.0,SL,R,S,False,,called_strike
823837-1-5,2026,2026-07-29,0.2180122564891466,2.801217526151078,2.0,ST,R,X,True,single,hit_into_play
823837-1-4,2026,2026-07-29,-0.6985902939087736,3.625879393554024,11.0,FF,R,S,False,,foul
823837-1-3,2026,2026-07-29,-0.6340312032236671,3.639160230079394,11.0,CU,R,B,False,,ball
823837-1-2,2026,2026-07-29,0.0348839344406537,2.2573231085103527,5.0,CH,R,S,False,,called_strike
823837-1-1,2026,2026-07-29,-1.0431749794120382,2.559350919042933,11.0,SI,R,B,False,,ball
823838-38-2,2026,2026-07-28,0.3112084631747449,1.9364059603279975,9.0,CH,R,X,True,field_out,hit_into_play
823838-38-1,2026,2026-07-28,1.4715019151741726,2.5736920914501047,12.0,FF,R,B,False,,ball
823838-18-6,2026,2026-07-28,0.0566474370384348,2.3164888499150504,5.0,FC,R,X,True,field_out,hit_into_play
823838-18-5,2026,2026-07-28,-1.3302885031929756,3.603163200428673,11.0,SI,R,B,False,,ball
823838-18-4,2026,2026-07-28,1.001382460538946,0.4930984142382337,14.0,ST,R,B,False,,ball
823838-18-3,2026,2026-07-28,-0.3701915846188306,1.1532910127074447,13.0,CH,R,S,False,,foul
823838-18-2,2026,2026-07-28,0.1023506075858373,2.571515476456337,5.0,SL,R,S,False,,called_strike
823838-18-1,2026,2026-07-28,1.0448538001719734,1.4767645871180912,14.0,ST,R,B,False,,ball
823838-1-6,2026,2026-07-28,0.3318014804850833,2.881092508530376,3.0,SI,R,S,False,strikeout,swinging_strike
823838-1-5,2026,2026-07-28,-0.1111221214514934,4.429173472799533,11.0,SI,R,B,False,,ball
823838-1-4,2026,2026-07-28,0.5198045611685695,4.206108826805979,12.0,ST,R,B,False,,ball
823838-1-3,2026,2026-07-28,-0.491486949808686,3.126341905582728,1.0,FF,R,S,False,,foul
823838-56-2,2026,2026-07-28,-0.5979471918223074,2.481399790602885,4.0,SI,R,X,True,field_out,hit_into_play
823838-1-2,2026,2026-07-28,-0.6041760608989319,3.102117912785028,1.0,CH,R,S,False,,called_strike
823838-56-1,2026,2026-07-28,-0.633754207329913,1.887710491460675,7.0,FC,R,S,False,,called_strike
823838-1-1,2026,2026-07-28,-0.5806323063651431,3.26301693973464,1.0,SI,R,S,False,,swinging_strike
823839-40-3,2026,2026-07-27,-0.0447103140480688,0.5311092893237781,13.0,FS,R,S,False,strikeout,swinging_strike_blocked
823839-40-2,2026,2026-07-27,1.6824618257954311,0.0121792811926821,14.0,CU,R,S,False,,swinging_strike
823839-40-1,2026,2026-07-27,-0.2498335507275978,2.5187412248176457,5.0,FF,R,S,False,,swinging_strike
823839-22-3,2026,2026-07-27,0.6196071279969046,1.7212367337479808,9.0,CU,R,X,True,single,hit_into_play
823839-22-2,2026,2026-07-27,0.2596082643938042,3.1755198824497874,2.0,SI,R,S,False,,called_strike
823839-22-1,2026,2026-07-27,0.7850638670104559,0.8584582068543005,14.0,FS,R,B,False,,ball
823839-53-1,2026,2026-07-27,-0.8545898446400622,2.843637532468001,11.0,ST,R,X,True,field_out,hit_into_play
823839-1-5,2026,2026-07-27,0.6937574147000569,2.34035657554193,6.0,ST,R,S,False,strikeout,called_strike
823839-72-5,2026,2026-07-27,0.2864804165047054,2.8936197902094087,3.0,ST,R,X,True,field_out,hit_into_play
823839-1-4,2026,2026-07-27,0.0545268833642364,2.543218416700363,5.0,CU,R,S,False,,foul
823839-72-4,2026,2026-07-27,0.9341414798160934,0.591144502030827,14.0,ST,R,B,False,,ball
823839-1-3,2026,2026-07-27,-1.6030634626399771,2.179300753487333,13.0,SI,R,B,False,,ball
823839-72-3,2026,2026-07-27,3.110382566894696,1.2178601054895406,14.0,ST,R,B,False,,ball
823839-72-2,2026,2026-07-27,0.8197121144082377,1.6587464018477247,9.0,CU,R,S,False,,foul
823839-1-2,2026,2026-07-27,-0.5105620884752786,2.049981253927144,7.0,SI,R,S,False,,foul
823839-1-1,2026,2026-07-27,0.646725250603954,2.590974394060263,6.0,FF,R,S,False,,called_strike
823839-72-1,2026,2026-07-27,-0.2153203358554762,3.125299659681726,2.0,FF,R,S,False,,swinging_strike
823433-21-5,2026,2026-07-26,1.6566968123696224,0.8910751475085621,14.0,ST,R,S,False,strikeout,swinging_strike
823433-21-4,2026,2026-07-26,1.0974884064307355,2.7923516022079027,12.0,FF,R,S,False,,foul
823433-21-3,2026,2026-07-26,-0.5310141377598667,2.010419073069237,7.0,SI,R,S,False,,foul
823433-21-2,2026,2026-07-26,0.0874329403188891,1.9250613141591224,8.0,ST,R,S,False,,called_strike
823433-69-1,2026,2026-07-26,0.4993620033818657,1.976930696996407,9.0,CH,L,X,True,grounded_into_double_play,hit_into_play
823433-21-1,2026,2026-07-26,0.8774840335748246,3.673760066763041,12.0,ST,R,B,False,,ball
823433-56-2,2026,2026-07-26,0.3904170937044371,1.8056015849221527,9.0,CH,L,X,True,single,hit_into_play
823433-36-3,2026,2026-07-26,0.429866146832693,2.695879698757784,6.0,SI,L,X,True,grounded_into_double_play,hit_into_play
823433-36-2,2026,2026-07-26,1.5236982480439998,2.785569488654959,12.0,SI,L,B,False,,ball
823433-56-1,2026,2026-07-26,1.9277166802325951,2.4992843444938475,12.0,CH,L,B,False,,ball
823433-36-1,2026,2026-07-26,-0.2399621453349578,3.127866933404501,2.0,SL,L,S,False,,called_strike
823433-5-2,2026,2026-07-26,0.3964000195239934,1.9186178935062812,9.0,SI,R,X,True,triple,hit_into_play
823433-5-1,2026,2026-07-26,0.8908300892658658,2.9251089309693974,12.0,SI,R,B,False,,ball
823435-36-11,2026,2026-07-25,-1.8722602781056976,1.4408337056830942,13.0,ST,L,S,False,strikeout,swinging_strike
823435-36-10,2026,2026-07-25,0.1608226425724601,1.9622878356471445,8.0,SL,L,S,False,,foul
823435-36-9,2026,2026-07-25,-0.4934016271207581,3.630755009582344,11.0,FF,L,S,False,,foul
823435-36-8,2026,2026-07-25,-1.2066063246098206,1.794553563965016,13.0,ST,L,S,False,,foul
823435-36-7,2026,2026-07-25,-0.0847709310500248,2.9677668780767426,2.0,FF,L,S,False,,foul
823435-36-6,2026,2026-07-25,-1.282205599259902,2.8734713894935653,11.0,SI,L,B,False,,ball
823435-36-5,2026,2026-07-25,0.219541627115632,2.664729035610158,5.0,ST,L,S,False,,foul
823435-36-4,2026,2026-07-25,-0.1492428927112611,0.4813369934085627,13.0,CH,L,B,False,,ball
823435-36-3,2026,2026-07-25,-0.5229935426635466,3.2975597594819384,1.0,FF,L,S,False,,foul
823435-36-2,2026,2026-07-25,1.1765719088068003,2.716096731717256,12.0,ST,L,B,False,,ball
823435-36-1,2026,2026-07-25,-0.5472340287699106,2.6942667499195045,4.0,SL,L,S,False,,foul
823435-20-2,2026,2026-07-25,0.4145885854189775,2.466577309583096,6.0,SI,L,X,True,single,hit_into_play
823435-20-1,2026,2026-07-25,-0.0650821435691364,2.4494600622903437,5.0,CH,L,S,False,,called_strike
823435-56-5,2026,2026-07-25,-0.2337608755283962,1.8042885354837688,8.0,SI,R,X,True,field_out,hit_into_play
823435-56-4,2026,2026-07-25,0.1972221759868861,2.7061842336169857,5.0,SI,R,S,False,,called_strike
823435-56-3,2026,2026-07-25,1.0953109094170974,2.146452848989412,14.0,FC,R,B,False,,ball
823435-56-2,2026,2026-07-25,1.1067497271910698,0.0197710733398288,14.0,CU,R,B,False,,ball
823435-4-5,2026,2026-07-25,-1.442599237525823,3.257051652142189,11.0,FF,L,B,False,hit_by_pitch,hit_by_pitch
823435-56-1,2026,2026-07-25,1.3644809242189493,-0.664511692568607,14.0,CU,R,B,False,,ball
823435-4-4,2026,2026-07-25,-0.2971080932248107,-0.2710597540892379,13.0,CH,L,B,False,,ball
823435-4-3,2026,2026-07-25,0.3235069171206119,1.4845993907579809,14.0,CH,L,S,False,,swinging_strike
823435-4-2,2026,2026-07-25,0.1657650391901005,1.7025011627113251,8.0,ST,L,S,False,,called_strike
823435-4-1,2026,2026-07-25,-0.3011485748117841,1.1096774126521338,13.0,ST,L,B,False,,ball
823434-43-4,2026,2026-07-24,-0.4170153820951025,3.669582861029104,11.0,FC,R,S,False,strikeout,swinging_strike
823434-43-3,2026,2026-07-24,-0.4154781384630992,3.744788973199662,11.0,SI,R,S,False,,foul
823434-43-2,2026,2026-07-24,2.490127010132898,-0.7166062312342225,14.0,CU,R,B,False,,ball
823434-43-1,2026,2026-07-24,-0.8095241653861227,2.4202818231925454,4.0,SI,R,S,False,,called_strike
823434-24-5,2026,2026-07-24,-0.9516299780774056,2.6851400967988406,11.0,CU,R,X,True,field_out,hit_into_play
823434-24-4,2026,2026-07-24,-1.303781409610041,3.3878021845622253,11.0,FF,R,S,False,,foul
823434-24-3,2026,2026-07-24,-0.3856061911078806,3.253433927963123,1.0,FC,R,S,False,,swinging_strike
823434-24-2,2026,2026-07-24,0.762878194563133,3.623194900783272,12.0,FC,R,B,False,,ball
823434-24-1,2026,2026-07-24,-0.0299059491191019,1.7888922230866884,8.0,CU,R,S,False,,foul
823434-58-9,2026,2026-07-24,0.3326524083896336,1.5352862705647432,9.0,FS,L,X,True,field_out,hit_into_play
823434-58-8,2026,2026-07-24,-0.4356813140916936,1.9687258065408295,7.0,FF,L,S,False,,foul
823434-58-7,2026,2026-07-24,-0.2435425895128163,1.9660266346955373,8.0,SL,L,S,False,,foul
823434-58-6,2026,2026-07-24,0.7197387481008748,2.642110160041259,6.0,FF,L,S,False,,foul
823434-58-5,2026,2026-07-24,0.3956541757707096,3.1739798910322925,3.0,FF,L,S,False,,foul
823434-58-4,2026,2026-07-24,-0.4311005544643644,-0.7436895144196511,13.0,SL,L,B,False,,blocked_ball
823434-58-3,2026,2026-07-24,0.0166076196670639,0.5881876922981926,14.0,SL,L,B,False,,blocked_ball
823434-58-2,2026,2026-07-24,-0.5515708321090875,1.217489057895775,13.0,SL,L,S,False,,foul
823434-58-1,2026,2026-07-24,-0.6048231098035535,2.183005940317598,4.0,SL,L,S,False,,foul
823434-4-6,2026,2026-07-24,-0.0827837875218118,3.0146028303534096,2.0,FF,R,S,False,strikeout,swinging_strike
823434-4-5,2026,2026-07-24,-0.1333428180121607,2.751794553055398,2.0,FF,R,S,False,,foul
823434-4-4,2026,2026-07-24,-0.7205213797610952,2.608170868382929,4.0,FF,R,S,False,,called_strike
823434-4-3,2026,2026-07-24,-0.2683357244832856,1.5325358201507386,8.0,SI,R,B,False,,ball
823434-4-2,2026,2026-07-24,0.323878811871954,0.9258290623580318,14.0,FC,R,B,False,,ball
823434-4-1,2026,2026-07-24,-0.3028046839268856,3.5500661653352426,11.0,SI,R,B,False,,ball
824807-17-6,2026,2026-08-02,-1.0544055477756622,3.301938237590933,11.0,SL,R,B,False,walk,ball
824807-17-5,2026,2026-08-02,-0.4519703820969831,2.1410427257468085,4.0,SL,R,S,False,,called_strike
824807-17-4,2026,2026-08-02,1.2954639407240274,2.0070792814622087,14.0,SI,R,B,False,,ball
824807-17-3,2026,2026-08-02,0.1089813299080587,1.4049949789672402,14.0,SI,R,S,False,,called_strike
824807-17-2,2026,2026-08-02,1.2506152529442225,-0.2514770476577683,14.0,CU,R,B,False,,ball
824807-17-1,2026,2026-08-02,0.8511315987464028,-0.0062253862913581,14.0,SI,R,B,False,,ball
824807-31-1,2026,2026-08-02,-0.4632161613804472,2.7964804435242128,1.0,ST,R,X,True,field_out,hit_into_play
824807-47-3,2026,2026-08-02,0.1479644157295622,2.486777815569244,5.0,FF,R,X,True,single,hit_into_play
824807-47-2,2026,2026-08-02,-0.700950901052277,4.278338116414154,11.0,FF,R,B,False,,ball
824807-47-1,2026,2026-08-02,-0.2301652413313516,2.5233500073961896,5.0,FC,R,S,False,,foul
824807-1-1,2026,2026-08-02,-1.404312905488406,2.925573871925641,11.0,SI,R,X,True,field_out,hit_into_play
824808-35-3,2026,2026-08-01,-0.3128876295384776,2.291272251485492,4.0,KC,R,X,True,single,hit_into_play
824808-35-2,2026,2026-08-01,1.2729456414106337,1.945201338592129,14.0,KC,R,S,False,,swinging_strike
824808-35-1,2026,2026-08-01,0.3684488608810581,2.004309298198593,9.0,SI,R,S,False,,called_strike
824808-17-6,2026,2026-08-01,-0.355382344731172,2.148739347353815,4.0,SI,R,X,True,field_out,hit_into_play
824808-17-5,2026,2026-08-01,1.1995998682856102,-0.1598352405215344,14.0,KC,R,B,False,,ball
824808-17-4,2026,2026-08-01,0.5172042860630992,2.16869855772044,6.0,SI,R,S,False,,called_strike
824808-17-3,2026,2026-08-01,0.0025238232794085,1.1828856185990522,14.0,KC,R,S,False,,swinging_strike
824808-17-2,2026,2026-08-01,0.6478035932095254,1.4216859680827358,14.0,FC,R,B,False,,ball
824808-17-1,2026,2026-08-01,0.1696318512016783,1.3869587360160358,14.0,SI,R,B,False,,ball
824808-70-3,2026,2026-08-01,-0.3517478703428863,2.284904200418531,4.0,FS,R,X,True,double,hit_into_play
824808-70-2,2026,2026-08-01,1.1812031473172622,2.4837943721551428,12.0,FF,R,S,False,,foul
824808-70-1,2026,2026-08-01,0.3346479018530259,1.459862593867339,14.0,SL,R,S,False,,swinging_strike
824808-1-6,2026,2026-08-01,-0.6051009304288404,3.1100613472127985,1.0,SI,R,X,True,field_out,hit_into_play
824808-1-5,2026,2026-08-01,-0.1175353967488516,1.8988190505456712,8.0,KC,R,S,False,,foul
824808-58-4,2026,2026-08-01,-0.4665690714766348,1.559465265783207,7.0,CU,L,X,True,field_out,hit_into_play
824808-1-4,2026,2026-08-01,1.296828478702731,1.8570853503997848,14.0,FC,R,B,False,,ball
824808-58-3,2026,2026-08-01,-1.0502224424054731,-0.8717929098439186,13.0,CU,L,B,False,,ball
824808-1-3,2026,2026-08-01,1.1057067090634822,0.7216250995091751,14.0,KC,R,B,False,,ball
824808-58-2,2026,2026-08-01,0.2352604926282888,3.6057249787599934,12.0,FF,L,S,False,,swinging_strike
824808-1-2,2026,2026-08-01,0.2727637911463618,1.7996701539257631,8.0,SI,R,S,False,,called_strike
824808-1-1,2026,2026-08-01,0.5247652726441305,2.2788430348249107,6.0,SI,R,S,False,,called_strike
824808-58-1,2026,2026-08-01,0.3214815641177451,1.8001663709822768,9.0,FF,L,S,False,,called_strike
824809-36-4,2026,2026-07-31,-0.8516814177148717,2.945410800343484,11.0,FS,R,X,True,single,hit_into_play
824809-36-3,2026,2026-07-31,0.0407085009573826,0.4592675502949404,14.0,SL,R,S,False,,swinging_strike
824809-36-2,2026,2026-07-31,0.5633587498592213,0.0022675909832958,14.0,CU,R,B,False,,ball
824809-36-1,2026,2026-07-31,-0.2290185444578503,3.198685491298465,2.0,SL,R,S,False,,called_strike
824809-19-4,2026,2026-07-31,-0.7997243114961564,2.619788105378489,4.0,SI,R,X,True,home_run,hit_into_play
824809-19-3,2026,2026-07-31,1.273675226627066,0.1694534394458133,14.0,SL,R,B,False,,ball
824809-19-2,2026,2026-07-31,-0.5818168554587075,1.874820355456913,7.0,SL,R,S,False,,foul
824809-19-1,2026,2026-07-31,-0.6678225554202586,1.295380253850129,13.0,SI,R,B,False,,ball
824809-51-4,2026,2026-07-31,0.3766487111700426,1.9262659034965888,9.0,FC,R,X,True,field_out,hit_into_play
824809-51-3,2026,2026-07-31,-0.8670466221858117,1.428190335641017,13.0,ST,R,B,False,,ball
824809-1-2,2026,2026-07-31,-0.9273080277254132,2.281850039301249,13.0,SI,R,X,True,single,hit_into_play
824809-51-2,2026,2026-07-31,1.5095818118844997,1.4077970996527975,14.0,ST,R,B,False,,ball
824809-1-1,2026,2026-07-31,-0.3499526785081219,2.674413222210564,4.0,SI,R,S,False,,called_strike
824809-51-1,2026,2026-07-31,0.2616579951931832,2.0354214017172114,8.0,ST,R,S,False,,called_strike
823432-54-4,2026,2026-08-04,0.9485852074235188,2.8038873920306884,12.0,SL,R,X,True,single,hit_into_play
823432-54-3,2026,2026-08-04,-0.0868097190402725,4.259465198012264,11.0,FF,R,B,False,,ball
823432-54-2,2026,2026-08-04,-0.4560620664730638,2.190924904568305,4.0,FS,R,S,False,,foul
823432-54-1,2026,2026-08-04,0.5384814882757305,2.5045729011718665,6.0,SI,R,S,False,,foul
823432-35-1,2026,2026-08-04,0.1085252683152364,1.92273931693554,8.0,SI,R,X,True,field_out,hit_into_play
823432-21-2,2026,2026-08-04,-0.1592966571348756,2.4005811480220887,5.0,FS,R,X,True,single,hit_into_play
823432-21-1,2026,2026-08-04,0.4132111803853042,1.4763206659150594,14.0,SL,R,B,False,,ball
823432-5-5,2026,2026-08-04,0.3399791563281539,1.4454994215071273,14.0,ST,L,X,True,single,hit_into_play
823432-5-4,2026,2026-08-04,-0.5339274664279601,2.9665663189426112,1.0,FF,L,S,False,,foul
823432-5-3,2026,2026-08-04,-1.4953546003794358,1.1168470966394808,13.0,ST,L,B,False,,ball
823432-5-2,2026,2026-08-04,0.9074189588109232,3.754055824257807,12.0,FF,L,B,False,,ball
823432-5-1,2026,2026-08-04,0.6311880407783523,1.7662042672798508,9.0,FC,L,S,False,,called_strike
823431-44-1,2026,2026-08-03,0.0154992307697927,2.309146633476823,5.0,FF,L,X,True,field_out,hit_into_play
823431-24-2,2026,2026-08-03,0.3974617238416572,1.636452068513936,9.0,CU,L,X,True,field_out,hit_into_play
823431-24-1,2026,2026-08-03,-0.1494622177362529,2.230536517376157,5.0,CU,L,S,False,,called_strike
823431-58-3,2026,2026-08-03,1.1100451597678185,3.597894799237518,12.0,FF,L,S,False,strikeout,swinging_strike
823431-58-2,2026,2026-08-03,-0.4645238432616645,2.843199013769523,1.0,FF,L,S,False,,foul
823431-58-1,2026,2026-08-03,-0.1801853288656283,2.35235300615754,5.0,FF,L,S,False,,called_strike
823431-5-3,2026,2026-08-03,-0.2407567844152971,2.3606290307829694,5.0,SI,L,X,True,field_out,hit_into_play
823431-5-2,2026,2026-08-03,-1.4413137261635405,0.3125635385267697,13.0,CU,L,B,False,,ball
823431-5-1,2026,2026-08-03,1.1533343042294075,2.056469141614216,14.0,FF,L,B,False,,ball
823430-37-3,2026,2026-08-06,0.1459329990384397,2.5497711056069545,5.0,SL,R,X,True,grounded_into_double_play,hit_into_play
823430-37-2,2026,2026-08-06,0.0988695307091898,1.3917372380678432,14.0,FF,R,B,False,,ball
823430-37-1,2026,2026-08-06,0.7504467910774768,0.8232259751732549,14.0,SL,R,B,False,,ball
823430-19-4,2026,2026-08-06,-0.3716263531383361,2.5839364761169143,4.0,CU,R,X,True,double,hit_into_play
823430-19-3,2026,2026-08-06,0.0566017427250005,2.9477715862463967,2.0,FF,R,S,False,,foul
823430-19-2,2026,2026-08-06,1.0215403836570809,1.3984385963584174,14.0,SL,R,S,False,,swinging_strike
823430-19-1,2026,2026-08-06,1.1436445074411468,2.143268635543772,14.0,SL,R,S,False,,swinging_strike
823430-58-4,2026,2026-08-06,0.1526751384842659,2.286782481852062,5.0,SL,R,X,True,field_out,hit_into_play
823430-73-4,2026,2026-08-06,0.3608583143474049,1.8023201407958915,9.0,ST,R,X,True,field_out,hit_into_play
823430-58-3,2026,2026-08-06,1.7510624103517876,1.2981112250731035,14.0,FF,R,B,False,,ball
823430-73-3,2026,2026-08-06,0.5561803592582139,2.4949727249185845,6.0,ST,R,S,False,,swinging_strike
823430-58-2,2026,2026-08-06,0.4622657028787098,2.8903977765272693,3.0,SL,R,S,False,,foul
823430-73-2,2026,2026-08-06,-0.1772984194903909,1.79387879859649,8.0,FF,R,S,False,,called_strike
823430-58-1,2026,2026-08-06,-0.1966045884261107,3.7639432072881753,11.0,SL,R,B,False,,ball
823430-73-1,2026,2026-08-06,1.607123046149164,0.971298083570078,14.0,SL,R,B,False,,ball
823430-5-2,2026,2026-08-06,0.2668839397012137,2.084696169173056,8.0,SL,R,X,True,single,hit_into_play
823430-5-1,2026,2026-08-06,0.5470313741409223,2.0142444359166585,9.0,FF,R,S,False,,called_strike
823429-43-4,2026,2026-08-05,1.021979876410048,3.0523964689730487,12.0,FC,R,X,True,field_out,hit_into_play
823429-43-3,2026,2026-08-05,2.1270570106402538,1.8207612781861884,14.0,ST,R,B,False,,ball
823429-43-2,2026,2026-08-05,0.7102797377858253,3.390001361359621,12.0,FC,R,S,False,,foul
823429-43-1,2026,2026-08-05,-0.6004304904846618,3.175874450340415,1.0,FF,R,S,False,,foul
823429-25-3,2026,2026-08-05,-0.2482429010428769,1.9362727731948917,8.0,CU,R,X,True,field_out,hit_into_play
823429-25-2,2026,2026-08-05,1.352081394881285,1.7945717997918866,14.0,FC,R,B,False,,ball
823429-25-1,2026,2026-08-05,0.4483928970428708,2.596785649134695,6.0,SI,R,S,False,,swinging_strike
823429-82-2,2026,2026-08-05,0.3605952333959443,1.7943426210949724,9.0,FF,R,X,True,sac_fly,hit_into_play
823429-8-4,2026,2026-08-05,0.8056278532586241,2.5569088738817616,6.0,FF,R,S,False,strikeout,called_strike
823429-82-1,2026,2026-08-05,-0.5709942693527599,3.9757083892606886,11.0,SL,R,B,False,,ball
823429-8-3,2026,2026-08-05,0.1529388082075431,1.8626987257385963,8.0,FC,R,S,False,,foul
823429-58-6,2026,2026-08-05,0.6964799439428978,2.265014482184543,6.0,FF,L,X,True,field_out,hit_into_play
823429-8-2,2026,2026-08-05,-0.4006345257372026,1.8578199910998536,7.0,ST,R,S,False,,swinging_strike
823429-58-5,2026,2026-08-05,0.922038714185792,2.4404912978545683,14.0,ST,L,S,False,,foul
823429-8-1,2026,2026-08-05,1.295125687672315,2.8051317384303758,12.0,ST,R,B,False,,ball
823429-58-4,2026,2026-08-05,0.1689575633189999,2.3325153485239225,5.0,FF,L,S,False,,foul
823429-58-3,2026,2026-08-05,2.047398170458669,2.986958247140074,12.0,SI,L,B,False,,ball
823429-58-2,2026,2026-08-05,-0.3346158298384076,2.736556083882687,4.0,ST,L,S,False,,foul
823429-58-1,2026,2026-08-05,1.0635818811854527,2.627436132992854,12.0,ST,L,B,False,,ball
823428-44-6,2026,2026-08-07,0.626006795063231,0.8231578887878404,14.0,KC,R,S,False,strikeout,swinging_strike
823428-44-5,2026,2026-08-07,0.2725613633026025,0.8254561461272898,14.0,KC,R,B,False,,ball
823428-44-4,2026,2026-08-07,0.3785364403497453,0.9793125544565862,14.0,KC,R,S,False,,swinging_strike
823428-44-3,2026,2026-08-07,0.0833105729852273,4.873302617453653,12.0,FF,R,B,False,,ball
823428-44-2,2026,2026-08-07,0.8522220238763111,1.4644420957537725,14.0,KC,R,S,False,,swinging_strike
823428-44-1,2026,2026-08-07,0.3825931622122442,1.3378184515474558,14.0,KC,R,B,False,,ball
823428-25-2,2026,2026-08-07,-0.1997210862456637,1.766916432326092,8.0,KC,R,X,True,field_out,hit_into_play
823428-25-1,2026,2026-08-07,0.5782102620143634,1.376665736687127,14.0,KC,R,S,False,,swinging_strike
823428-79-2,2026,2026-08-07,0.4504689549548588,1.8481282814075568,9.0,SI,R,X,True,force_out,hit_into_play
823428-79-1,2026,2026-08-07,1.3020413474862724,3.693058468511036,12.0,SL,R,B,False,,ball
823428-62-6,2026,2026-08-07,-0.5783352143398544,0.1614638857586849,13.0,KC,L,B,False,walk,blocked_ball
823428-62-5,2026,2026-08-07,-0.899925849649783,-0.4578992543776015,13.0,KC,L,B,False,,blocked_ball
823428-62-4,2026,2026-08-07,0.0046662518029646,0.0176910507103569,14.0,KC,L,B,False,,blocked_ball
823428-62-3,2026,2026-08-07,-0.1344185059963933,1.9561295523593087,8.0,KC,L,S,False,,foul
823428-62-2,2026,2026-08-07,0.6339473450687731,0.3784304998601318,14.0,KC,L,B,False,,blocked_ball
823428-62-1,2026,2026-08-07,-0.0058851484089305,1.990963092474011,8.0,KC,L,S,False,,called_strike
823428-6-3,2026,2026-08-07,0.2857460159787607,2.187972096809127,6.0,SL,R,X,True,field_out,hit_into_play
823428-6-2,2026,2026-08-07,1.330408532603248,0.662620229763399,14.0,KC,R,S,False,,swinging_strike
823428-6-1,2026,2026-08-07,-0.9052142268730934,1.883366410028955,13.0,SI,R,S,False,,swinging_strike
823425-40-3,2026,2026-08-09,-0.1133068043100601,1.4623612679653473,13.0,CH,R,X,True,field_out,hit_into_play
823425-40-2,2026,2026-08-09,-1.711539930697837,3.366751090763576,11.0,SI,R,B,False,,ball
823425-40-1,2026,2026-08-09,0.182346027366137,1.6111639355718734,8.0,SI,R,S,False,,called_strike
823425-20-4,2026,2026-08-09,-1.3740624623730548,2.3599497752448237,13.0,SI,R,S,False,strikeout,foul_tip
823425-20-3,2026,2026-08-09,1.448161350615632,1.4870470200076715,14.0,SL,R,B,False,,ball
823425-20-2,2026,2026-08-09,-0.0261748292538833,2.457508377263941,5.0,FC,R,S,False,,called_strike
823425-20-1,2026,2026-08-09,1.3229169726685748,1.3239010956605144,14.0,FC,R,S,False,,swinging_strike
823425-72-2,2026,2026-08-09,0.1093743763355737,2.4518799667941584,5.0,SL,R,X,True,field_out,hit_into_play
823425-56-5,2026,2026-08-09,-0.7381128370755584,1.9742049474775003,7.0,SL,L,S,False,strikeout,foul_tip
823425-72-1,2026,2026-08-09,-0.3981858755578377,2.971823111276189,1.0,SI,R,S,False,,swinging_strike
823425-56-4,2026,2026-08-09,0.2064989486492586,0.9229840721971416,14.0,KC,L,B,False,,ball
823425-56-3,2026,2026-08-09,0.1889650222198723,1.0786215916268698,14.0,KC,L,B,False,,ball
823425-56-2,2026,2026-08-09,0.4372692606360068,4.18749699895635,12.0,FF,L,S,False,,swinging_strike
823425-92-2,2026,2026-08-09,-0.5383645767279298,3.045496036812624,1.0,SL,R,X,True,force_out,hit_into_play
823425-56-1,2026,2026-08-09,-0.7044817851848034,2.605548452081652,4.0,FF,L,S,False,,called_strike
823425-92-1,2026,2026-08-09,-0.7937724737135531,4.1631395960667525,11.0,SL,R,B,False,,ball
823425-5-4,2026,2026-08-09,0.8158987413806689,2.675594103875211,6.0,FF,R,S,False,strikeout,called_strike
823425-5-3,2026,2026-08-09,0.5543665332091539,3.2789916688759844,3.0,FF,R,S,False,,called_strike
823425-5-2,2026,2026-08-09,-1.3366250387141714,3.09495412906473,11.0,SI,R,B,False,,ball
823425-5-1,2026,2026-08-09,0.5869826596246013,2.6610147056632334,6.0,FF,R,S,False,,called_strike
823426-44-6,2026,2026-08-08,0.1580777150225368,2.0530548485244293,8.0,SL,R,X,True,home_run,hit_into_play
823426-44-5,2026,2026-08-08,1.4135277033177132,1.953963245563222,14.0,FF,R,B,False,,ball
823426-44-4,2026,2026-08-08,-0.5623325288575526,1.9048682593647663,7.0,CU,R,S,False,,foul
823426-44-3,2026,2026-08-08,-0.5875788709221648,3.573075931759036,11.0,SL,R,S,False,,swinging_strike
823426-44-2,2026,2026-08-08,-0.445461767405821,2.97622573134196,1.0,CH,R,S,False,,foul
823426-44-1,2026,2026-08-08,0.9186665581022162,2.225237123599195,14.0,FF,R,B,False,,ball
823426-25-1,2026,2026-08-08,-0.0232189969015605,1.7437743831370818,8.0,SL,R,X,True,field_out,hit_into_play
823426-57-6,2026,2026-08-08,0.1642189711224113,3.159885118327756,2.0,ST,R,X,True,field_out,hit_into_play
823426-57-5,2026,2026-08-08,0.0233299207071988,3.1787857351470024,2.0,FF,R,S,False,,foul
823426-57-4,2026,2026-08-08,0.1357719517118891,2.319535205072957,5.0,ST,R,S,False,,foul
823426-57-3,2026,2026-08-08,-0.2758422584537484,1.7598531855962447,8.0,KN,R,S,False,,foul
823426-57-2,2026,2026-08-08,-1.641287032944252,2.312251906462278,13.0,SI,R,B,False,,ball
823426-76-1,2026,2026-08-08,-0.0857335371742759,2.595549663551878,5.0,SL,R,X,True,field_out,hit_into_play
823426-57-1,2026,2026-08-08,0.329554932790388,2.6550749717003885,6.0,FC,R,S,False,,called_strike
823426-6-4,2026,2026-08-08,0.7036624984425688,1.8806939777267897,9.0,SL,R,X,True,single,hit_into_play
823426-6-3,2026,2026-08-08,0.3767145194440737,3.098702419867171,3.0,SL,R,S,False,,called_strike
823426-6-2,2026,2026-08-08,0.937441528756214,1.7442917441942305,14.0,FF,R,B,False,,ball
823426-6-1,2026,2026-08-08,0.8677853599856887,3.049238482488283,12.0,FF,R,B,False,,ball
823669-33-1,2026,2026-08-13,0.3248672405128702,2.0185066275088355,9.0,FF,R,X,True,double,hit_into_play
823669-16-5,2026,2026-08-13,0.3821261965877535,3.69128774960071,12.0,FC,R,B,False,walk,ball
823669-16-4,2026,2026-08-13,0.1983797295716047,4.00942804623356,12.0,FC,R,B,False,,ball
823669-16-3,2026,2026-08-13,-1.166139797387423,3.199083995278296,11.0,CU,R,B,False,,ball
823669-16-2,2026,2026-08-13,1.2413964988590314,1.803196782632276,14.0,FC,R,B,False,,ball
823669-16-1,2026,2026-08-13,0.0290381074022011,3.126384368345672,2.0,FF,R,S,False,,foul
823669-52-3,2026,2026-08-13,-0.5091213043125231,3.0426352004533648,1.0,SL,R,X,True,field_out,hit_into_play
823669-52-2,2026,2026-08-13,0.881226116806263,2.042588851025969,14.0,SL,R,S,False,,called_strike
823669-52-1,2026,2026-08-13,-0.917054687912654,2.7709239146294093,11.0,SI,R,B,False,,ball
823669-2-5,2026,2026-08-13,-0.5981954985218506,2.7594713838407525,1.0,FF,R,X,True,field_out,hit_into_play
823669-69-1,2026,2026-08-13,-0.1359069970530784,2.218905867297768,5.0,ST,L,X,True,field_out,hit_into_play
823669-2-4,2026,2026-08-13,0.4062163535932148,3.968055603858773,12.0,FC,R,B,False,,ball
823669-2-3,2026,2026-08-13,-0.1971275377029074,1.85242141628951,8.0,FC,R,S,False,,called_strike
823669-2-2,2026,2026-08-13,-0.6557229620611866,4.157109452907332,11.0,FF,R,B,False,,ball
823669-2-1,2026,2026-08-13,0.7532536949681827,0.8542855486175833,14.0,FC,R,B,False,,ball
823017-35-2,2026,2026-08-12,0.4421845776734892,2.9344952433853355,3.0,ST,R,X,True,field_out,hit_into_play
823017-35-1,2026,2026-08-12,0.3755179065353107,2.631038905948267,6.0,ST,R,S,False,,called_strike
823017-19-2,2026,2026-08-12,0.7522004633673469,2.2552026212003145,6.0,SL,R,X,True,field_out,hit_into_play
823017-19-1,2026,2026-08-12,-0.6252240552534907,2.9698434368966256,1.0,FF,R,S,False,,foul
823017-62-3,2026,2026-08-12,-0.1248076994222472,2.0861781215778343,8.0,FF,R,X,True,field_out,hit_into_play
823017-62-2,2026,2026-08-12,0.5386980849475338,0.1101787007405237,14.0,SL,R,S,False,,foul
823017-62-1,2026,2026-08-12,1.3607041100170725,0.2972090282821926,14.0,SL,R,B,False,,ball
823017-2-6,2026,2026-08-12,0.191378341496817,1.999622505720648,8.0,SL,R,X,True,field_out,hit_into_play
823017-2-5,2026,2026-08-12,-0.9615221186822084,3.190096616060862,11.0,SI,R,S,False,,swinging_strike
823017-2-4,2026,2026-08-12,-1.5752673706423974,3.8571435908593146,11.0,ST,R,B,False,,ball
823017-2-3,2026,2026-08-12,0.4480836931058779,2.4259905502705896,6.0,SL,R,S,False,,swinging_strike
823017-2-2,2026,2026-08-12,-0.0616947595046994,1.4600423866993335,13.0,FF,R,B,False,,ball
823017-2-1,2026,2026-08-12,-0.0028515493469539,3.5504973611644823,11.0,FF,R,B,False,,ball
823019-37-5,2026,2026-08-11,0.0820801730189418,2.3803855824376794,5.0,SL,R,X,True,single,hit_into_play
823019-37-4,2026,2026-08-11,0.6913781111783595,0.554642677543062,14.0,KC,R,B,False,,ball
823019-37-3,2026,2026-08-11,-0.3530090987305391,3.1782246495671127,1.0,SI,R,S,False,,foul
823019-37-2,2026,2026-08-11,0.0823423028805772,2.598089435670963,5.0,SL,R,S,False,,called_strike
823019-37-1,2026,2026-08-11,1.1533046559241198,0.6145236039253605,14.0,KC,R,B,False,,ball
823019-18-7,2026,2026-08-11,-0.0812261049104363,4.270090271688541,11.0,SI,R,B,False,walk,ball
823019-18-6,2026,2026-08-11,-0.6604217642873284,3.7597269619523943,11.0,SI,R,S,False,,foul
823019-18-5,2026,2026-08-11,0.5646325996587207,1.5024131062259023,14.0,KC,R,B,False,,ball
823019-18-4,2026,2026-08-11,-0.6382904457042247,3.7452147317181175,11.0,SI,R,S,False,,foul
823019-18-3,2026,2026-08-11,0.9557100824624686,1.397298833541825,14.0,KC,R,B,False,,ball
823019-18-2,2026,2026-08-11,0.4359250681703786,1.5773860793815513,9.0,SL,R,S,False,,called_strike
823019-18-1,2026,2026-08-11,-0.6221773332068689,3.6016970199061245,11.0,SI,R,B,False,,ball
823019-54-5,2026,2026-08-11,-0.2101527693046741,0.857078202019796,13.0,FC,L,B,False,walk,ball
823019-54-4,2026,2026-08-11,0.358891991840131,2.714940139281561,6.0,FF,L,S,False,,called_strike
823019-54-3,2026,2026-08-11,0.1646380752956325,3.79547617870916,12.0,FF,L,B,False,,ball
823019-54-2,2026,2026-08-11,0.9437525633985272,2.7870466818351183,12.0,FF,L,B,False,,ball
823019-2-6,2026,2026-08-11,0.6638833416568967,1.607950584066158,9.0,SL,R,S,False,strikeout,swinging_strike
823019-54-1,2026,2026-08-11,-0.6864974055476524,1.0288578853859258,13.0,FC,L,B,False,,ball
823019-2-5,2026,2026-08-11,-0.6985237432194247,3.2480144834963607,1.0,FF,R,S,False,,foul
823019-2-4,2026,2026-08-11,-0.1132471595107835,4.761524968305542,11.0,SI,R,B,False,,ball
823019-2-3,2026,2026-08-11,-1.0653161587656808,4.403840571047768,11.0,SI,R,B,False,,ball
823019-2-2,2026,2026-08-11,0.0412874167476023,3.325803167359456,2.0,SL,R,S,False,,called_strike
823019-2-1,2026,2026-08-11,-1.4226693458109598,4.586423040773235,11.0,SL,R,B,False,,ball
823427-37-2,2026,2026-08-17,-0.1013740980031808,2.4400778957284874,5.0,CU,R,X,True,grounded_into_double_play,hit_into_play
823427-37-1,2026,2026-08-17,-0.8998036081587233,4.1729827044980645,11.0,ST,R,B,False,,ball
823427-23-5,2026,2026-08-17,-0.7774204719980007,2.3858650572057725,4.0,CH,R,X,True,single,hit_into_play
823427-23-4,2026,2026-08-17,0.558670004128345,0.9329687967294388,14.0,CH,R,B,False,,ball
823427-23-3,2026,2026-08-17,0.7160596502028989,2.2871620291503034,6.0,FF,R,S,False,,called_strike
823427-23-2,2026,2026-08-17,1.0462599045348293,2.936131765050716,12.0,ST,R,S,False,,foul
823427-23-1,2026,2026-08-17,-0.8858546462983654,1.8892338069523729,13.0,CH,R,B,False,,ball
823427-5-1,2026,2026-08-17,0.4970309741166621,2.856882217630964,3.0,ST,R,X,True,field_out,hit_into_play
823427-76-5,2026,2026-08-17,0.4059984042743862,2.706685381295421,6.0,CU,L,X,True,field_out,hit_into_play
823427-76-4,2026,2026-08-17,-0.8405374163798972,2.2986494789609915,13.0,ST,L,S,False,,foul
823427-76-3,2026,2026-08-17,-1.1292565390379583,2.332402607127245,13.0,ST,L,S,False,,foul
823427-76-2,2026,2026-08-17,0.2897145350669812,3.530560839532158,12.0,SI,L,B,False,,ball
823427-76-1,2026,2026-08-17,0.8422820672173414,4.242692245564421,12.0,CH,L,B,False,,ball
823427-56-3,2026,2026-08-17,,,,,L,B,False,,automatic_ball
823427-56-2,2026,2026-08-17,,,,,L,B,False,,automatic_ball
823427-56-4,2026,2026-08-17,,,,,L,B,False,intent_walk,automatic_ball
823427-56-1,2026,2026-08-17,,,,,L,B,False,,automatic_ball
823671-36-5,2026,2026-08-15,0.2630029929015387,0.9448596803213438,14.0,SL,L,B,False,walk,ball
823671-36-4,2026,2026-08-15,-0.6988446176149642,2.4445707745789766,4.0,FF,L,S,False,,called_strike
823671-36-3,2026,2026-08-15,-1.0246834817277288,2.607246701980543,11.0,SL,L,B,False,,ball
823671-36-2,2026,2026-08-15,0.8572741751722301,1.9224466582695183,14.0,SL,L,B,False,,ball
823671-36-1,2026,2026-08-15,-1.9471805248028995,2.8127940215304084,11.0,FF,L,B,False,,ball
823671-19-3,2026,2026-08-15,-1.492044770025008,0.6207589098306983,13.0,CU,L,S,False,strikeout,swinging_strike_blocked
823671-19-2,2026,2026-08-15,-0.7568059439129824,2.7113870234365587,4.0,FF,L,S,False,,called_strike
823671-19-1,2026,2026-08-15,-1.1580207797764883,1.8745229686560412,13.0,SL,L,S,False,,swinging_strike
823671-49-2,2026,2026-08-15,-0.592508889153045,2.25484806108798,4.0,ST,L,X,True,single,hit_into_play
823671-49-1,2026,2026-08-15,-1.0014282791237552,2.014943404105672,13.0,FC,L,B,False,,ball
823671-67-1,2026,2026-08-15,-1.245761374242259,2.265534875477243,13.0,FC,L,S,False,,foul
823671-2-3,2026,2026-08-15,0.1991587259793548,1.688709455686999,8.0,SL,L,S,False,strikeout,called_strike
823671-2-2,2026,2026-08-15,0.4509824972862407,3.2529505412841155,3.0,FF,L,S,False,,foul
823671-2-1,2026,2026-08-15,-0.0765861828751784,2.38976365598884,5.0,FF,L,S,False,,called_strike
823423-57-4,2026,2026-08-18,-1.9607227575653443,4.347400503807597,11.0,SI,R,S,False,strikeout,swinging_strike
823423-57-3,2026,2026-08-18,-1.299567818921019,3.4263663061755603,11.0,SI,R,S,False,,foul
823423-57-2,2026,2026-08-18,1.1646727621268789,0.3048054333961336,14.0,CU,R,B,False,,ball
823423-23-4,2026,2026-08-18,-0.3004361304445813,3.0507649640567145,1.0,SI,R,X,True,field_out,hit_into_play
823423-57-1,2026,2026-08-18,-0.3441530522018747,2.778782940475986,1.0,ST,R,S,False,,called_strike
823423-23-3,2026,2026-08-18,-0.1193751329124606,0.8596818242076121,13.0,SL,R,B,False,,ball
823423-23-2,2026,2026-08-18,1.4296586631881731,-0.1608649638787995,14.0,CU,R,B,False,,ball
823423-23-1,2026,2026-08-18,0.3944868390511089,2.236696114393673,6.0,SI,R,S,False,,called_strike
823423-71-5,2026,2026-08-18,-0.4951570156511146,2.00007105224974,7.0,FF,R,S,False,strikeout,called_strike
823423-71-4,2026,2026-08-18,2.8340316474726577,0.8127036231961045,14.0,ST,R,B,False,,ball
823423-71-3,2026,2026-08-18,-1.101781743911874,2.5237726030534104,11.0,SI,R,S,False,,foul
823423-71-2,2026,2026-08-18,1.17461376615995,1.1444563748924832,14.0,ST,R,B,False,,ball
823423-45-3,2026,2026-08-18,-2.2081184741427826,2.6769294198049245,11.0,CH,R,B,False,hit_by_pitch,hit_by_pitch
823423-71-1,2026,2026-08-18,0.3546267683362383,1.7372663614268031,9.0,ST,R,S,False,,called_strike
823423-45-2,2026,2026-08-18,0.9569134048070876,0.192587809952224,14.0,SL,R,B,False,,ball
823423-45-1,2026,2026-08-18,0.3124376512686811,1.60269007565714,9.0,FF,R,S,False,,called_strike
823423-5-1,2026,2026-08-18,0.2085431321175614,2.171837777903776,5.0,SI,L,X,True,field_out,hit_into_play
823424-37-4,2026,2026-08-19,0.4019002391431878,1.8266548057274816,9.0,FF,R,S,False,strikeout,called_strike
823424-37-3,2026,2026-08-19,-0.1049582628602534,2.493524822983665,5.0,SI,R,S,False,,called_strike
823424-37-2,2026,2026-08-19,-1.7383994370263844,2.6115828230628253,11.0,SI,R,B,False,,ball
823424-37-1,2026,2026-08-19,0.4221869893568638,2.6939847483302337,6.0,FF,R,S,False,,called_strike
823424-21-3,2026,2026-08-19,-0.7224191184931692,2.9785882027273813,1.0,CU,R,X,True,field_out,hit_into_play
823424-21-2,2026,2026-08-19,-0.6785961066601925,3.190399157312949,1.0,FF,R,S,False,,called_strike
823424-21-1,2026,2026-08-19,1.0149295971491663,1.8145863097664543,14.0,FF,R,B,False,,ball
823424-55-2,2026,2026-08-19,0.112401885900482,2.270729800489624,5.0,SI,L,X,True,double,hit_into_play
823424-55-1,2026,2026-08-19,0.8770500635502718,2.7954928195574222,12.0,ST,L,B,False,,ball
823424-5-4,2026,2026-08-19,-0.4620091515621183,2.236494086411166,4.0,SI,R,X,True,single,hit_into_play
823424-5-3,2026,2026-08-19,0.5176394955294024,0.7941873979842908,14.0,ST,R,B,False,,ball
823424-5-2,2026,2026-08-19,0.32461301925149,1.309604180950377,14.0,FC,R,S,False,,swinging_strike
823424-5-1,2026,2026-08-19,-1.0364135402038928,2.8843853052672,11.0,SI,R,B,False,,ball
823422-34-5,2026,2026-08-22,0.0512675053622247,1.3779462768482564,14.0,SL,L,X,True,field_out,hit_into_play
823422-34-4,2026,2026-08-22,-1.0771149115047465,2.0579213013103845,13.0,FF,L,B,False,,ball
823422-34-3,2026,2026-08-22,-0.2662293504761454,2.075780608500415,8.0,CH,L,S,False,,foul
823422-34-2,2026,2026-08-22,0.3577966265350421,1.7002669133829291,9.0,CH,L,S,False,,foul
823422-34-1,2026,2026-08-22,0.2363886167247587,1.3253204183002314,14.0,CU,L,S,False,,swinging_strike
823422-17-4,2026,2026-08-22,-0.5320866065249159,2.27135372169273,4.0,FF,L,X,True,grounded_into_double_play,hit_into_play
823422-17-3,2026,2026-08-22,-0.3414554821772667,3.4577346385371914,11.0,SI,L,S,False,,foul
823422-17-2,2026,2026-08-22,-1.563682580755671,0.1976115297236282,13.0,CH,L,B,False,,blocked_ball
823422-17-1,2026,2026-08-22,-0.162734770958248,3.418181513371636,11.0,FF,L,S,False,,foul_tip
823422-51-3,2026,2026-08-22,-0.1990367374972639,3.042217884874,2.0,FF,R,X,True,single,hit_into_play
823422-51-2,2026,2026-08-22,0.577729482707098,3.8206432982273006,12.0,FF,R,B,False,,ball
823422-51-1,2026,2026-08-22,0.5948148661458568,0.8450118475893844,14.0,SL,R,S,False,,swinging_strike
823422-5-5,2026,2026-08-22,-0.0148617933309268,2.0464169655008275,8.0,CU,L,X,True,single,hit_into_play
823422-5-4,2026,2026-08-22,-1.016426419596426,2.233518492567508,13.0,CH,L,S,False,,foul
823422-5-3,2026,2026-08-22,-0.3268678683474736,2.6053525648373728,4.0,SL,L,S,False,,foul
823422-5-2,2026,2026-08-22,-0.5532925613344029,0.3174139315193451,13.0,FF,L,B,False,,blocked_ball
823422-5-1,2026,2026-08-22,2.3370140654475824,3.143433441617507,12.0,SL,L,B,False,,ball
823422-69-5,2026,2026-08-22,-0.9176818839517176,2.709983415360962,11.0,SL,R,X,True,field_out,hit_into_play
823422-69-4,2026,2026-08-22,1.009332201612402,3.065448229709977,12.0,SL,R,S,False,,foul
823422-69-3,2026,2026-08-22,-0.6620436529145253,4.105341471743039,11.0,SL,R,S,False,,foul
823422-69-2,2026,2026-08-22,2.0691877338043403,2.6041940462067963,12.0,SL,R,B,False,,ball
823422-69-1,2026,2026-08-22,-0.8700692147364301,2.8516567969793893,11.0,SL,R,S,False,,foul
823420-39-1,2026,2026-08-21,-0.2854669862048358,3.5548149964009523,11.0,FF,R,B,False,,ball
823420-21-2,2026,2026-08-21,-0.1285704136510921,3.21734193977874,2.0,FF,R,X,True,field_out,hit_into_play
823420-21-1,2026,2026-08-21,1.1445380048276743,1.9235513357453315,14.0,ST,R,S,False,,swinging_strike
823420-7-6,2026,2026-08-21,1.0262086101881638,1.9294531207480763,14.0,ST,R,S,False,strikeout,swinging_strike
823420-78-4,2026,2026-08-21,0.1362416774629733,0.7937795808010764,14.0,CH,R,S,False,strikeout,swinging_strike
823420-7-5,2026,2026-08-21,2.794795614902906,0.2849312359476923,14.0,ST,R,B,False,,ball
823420-78-3,2026,2026-08-21,0.3470927235386823,0.9201725556580872,14.0,ST,R,B,False,,ball
823420-78-2,2026,2026-08-21,0.7204826814494236,1.6363838502533803,9.0,ST,R,S,False,,swinging_strike
823420-7-4,2026,2026-08-21,0.987567026075939,0.7430425808410286,14.0,CU,R,B,False,,ball
823420-55-2,2026,2026-08-21,-0.4816666095380571,2.3665371798991464,4.0,SL,R,X,True,field_out,hit_into_play
823420-7-3,2026,2026-08-21,0.6127917547509178,1.836803585702793,9.0,SI,R,S,False,,called_strike
823420-78-1,2026,2026-08-21,0.7559802968235285,1.1571461440717026,14.0,ST,R,S,False,,swinging_strike
823420-55-1,2026,2026-08-21,-0.5949400730306474,4.241536434071779,11.0,FF,R,B,False,,ball
823420-7-2,2026,2026-08-21,0.6945711081016877,1.3578908898511846,14.0,SL,R,B,False,,ball
823420-39-6,2026,2026-08-21,1.1371595929624887,3.545389232861788,12.0,FC,L,B,False,walk,ball
823420-7-1,2026,2026-08-21,0.4609544170667173,3.1774379740289085,3.0,FF,R,S,False,,called_strike
823420-39-5,2026,2026-08-21,0.3972799305018913,3.914982523642336,12.0,FF,L,B,False,,ball
823420-39-4,2026,2026-08-21,-0.1374845294872745,2.3912226167731374,5.0,FC,L,S,False,,foul
823420-39-3,2026,2026-08-21,-0.1712597545531979,2.381455484997587,5.0,FF,L,S,False,,called_strike
823420-39-2,2026,2026-08-21,-0.4601673864095505,0.8902438917320223,13.0,SI,L,B,False,,ball
823097-43-4,2026,2026-08-24,0.1061409836810331,1.783024079852459,8.0,FS,R,S,False,strikeout,swinging_strike
823097-43-3,2026,2026-08-24,1.2675621513389048,1.0292374200823469,14.0,ST,R,B,False,,ball
823097-43-2,2026,2026-08-24,-0.3325889016177715,1.8483451349281008,7.0,FS,R,S,False,,swinging_strike
823097-43-1,2026,2026-08-24,-0.699899816870822,2.6805712488591364,4.0,FF,R,S,False,,called_strike
823097-22-5,2026,2026-08-24,0.2873377150965068,2.500915597165784,6.0,SL,R,X,True,field_out,hit_into_play
823097-22-4,2026,2026-08-24,-0.5106343088153773,1.886800206937892,7.0,SL,R,S,False,,foul
823097-22-3,2026,2026-08-24,-0.6821223376383694,2.5309188553714157,4.0,FF,R,S,False,,called_strike
823097-22-2,2026,2026-08-24,-0.9355670713720714,2.905057098059794,11.0,SL,R,B,False,,ball
823097-22-1,2026,2026-08-24,1.290226058183497,1.327773785784005,14.0,SL,R,B,False,,ball
823097-2-6,2026,2026-08-24,-0.6019637284429966,2.9201090567459427,1.0,FF,R,S,False,strikeout,foul_tip
823097-2-5,2026,2026-08-24,-0.040700461614809,2.9665139080997327,2.0,FF,R,S,False,,foul
823097-2-4,2026,2026-08-24,0.714131800055646,1.3657034167380555,14.0,FS,R,B,False,,ball
823097-2-3,2026,2026-08-24,-0.1582405571619934,2.654663437925551,5.0,FF,R,S,False,,foul
823097-2-2,2026,2026-08-24,0.6790780242674819,0.6981627062555753,14.0,SL,R,B,False,,ball
823097-2-1,2026,2026-08-24,0.0012425496210847,2.854711260619155,2.0,FF,R,S,False,,called_strike
823097-64-5,2026,2026-08-24,0.4124836560711437,2.716631541168002,6.0,FF,L,X,True,field_out,hit_into_play
823097-64-4,2026,2026-08-24,-0.9698370839451044,1.48063566034419,13.0,SI,L,B,False,,ball
823097-64-3,2026,2026-08-24,-1.107494589326887,2.180799483018014,13.0,FF,L,S,False,,foul
823097-64-2,2026,2026-08-24,-0.972026559378058,1.445641204180218,13.0,SI,L,B,False,,ball
823097-64-1,2026,2026-08-24,-0.8053515618362037,0.917893576462672,13.0,SI,L,B,False,,ball
823421-22-6,2026,2026-08-23,-0.2177663586975757,2.68475287378065,5.0,SI,R,S,False,strikeout,called_strike
823421-22-5,2026,2026-08-23,2.642557890724861,2.1350840586824598,14.0,ST,R,B,False,,ball
823421-22-4,2026,2026-08-23,0.1945046578927751,1.1359443175960906,14.0,CH,R,B,False,,ball
823421-22-3,2026,2026-08-23,0.5752667328620533,2.7567529743066848,3.0,SL,R,S,False,,called_strike
823421-22-2,2026,2026-08-23,0.395899585345228,4.075438746748989,12.0,FF,R,B,False,,ball
823421-22-1,2026,2026-08-23,0.6153239926355742,2.616181404212557,6.0,CU,R,S,False,,called_strike
823421-63-3,2026,2026-08-23,0.1848814421836069,1.444557876941702,14.0,CH,R,X,True,field_out,hit_into_play
823421-63-2,2026,2026-08-23,-1.5138051721480776,2.5845998193716886,11.0,CH,R,B,False,,ball
823421-63-1,2026,2026-08-23,-0.0165656991005452,3.1293884159353413,2.0,SL,R,S,False,,called_strike
823421-7-5,2026,2026-08-23,-0.198675991913256,1.7841567647241083,8.0,CU,R,X,True,field_out,hit_into_play
823421-7-4,2026,2026-08-23,1.3442170895900916,1.32535676689002,14.0,ST,R,B,False,,ball
823421-43-4,2026,2026-08-23,1.168475067281399,2.904197146167094,12.0,SI,L,X,True,field_out,hit_into_play
823421-7-3,2026,2026-08-23,-1.0353855702036403,2.808224439064807,11.0,SI,R,S,False,,foul
823421-7-2,2026,2026-08-23,0.6338936939541656,2.257443562313878,6.0,SL,R,S,False,,called_strike
823421-43-3,2026,2026-08-23,-0.1244667787210531,2.6101708911416703,5.0,ST,L,S,False,,called_strike
823421-7-1,2026,2026-08-23,1.984254586812061,1.8083627303945615,14.0,FF,R,B,False,,ball
823421-43-2,2026,2026-08-23,2.1185422428643195,3.3494568068468893,12.0,SI,L,B,False,,ball
823421-43-1,2026,2026-08-23,1.5252626561224247,2.847456600046629,12.0,ST,L,B,False,,ball
823096-14-6,2026,2026-08-26,0.5696557884831032,1.2420615644077904,14.0,ST,R,S,False,strikeout,swinging_strike
823096-14-5,2026,2026-08-26,-0.0134224133223426,2.615893822030294,5.0,FF,R,S,False,,foul
823096-14-4,2026,2026-08-26,1.4833174791073616,0.707788783852827,14.0,ST,R,B,False,,ball
823096-14-3,2026,2026-08-26,0.2712420633014112,1.319836061763728,14.0,ST,R,S,False,,swinging_strike
823096-14-2,2026,2026-08-26,0.0952856443420597,3.123705332587124,2.0,FF,R,S,False,,foul
823096-14-1,2026,2026-08-26,-2.00659449301434,3.41723079729032,11.0,SI,R,B,False,,ball
823096-66-4,2026,2026-08-26,0.0711287269206737,2.85911693874848,2.0,SI,R,X,True,field_out,hit_into_play
823096-66-3,2026,2026-08-26,-0.9805084478639629,1.9724226399459768,13.0,FC,R,S,False,,foul
823096-66-2,2026,2026-08-26,0.417554482485645,0.8775016751502525,14.0,SI,R,B,False,,ball
823096-66-1,2026,2026-08-26,0.0562471642269655,2.6153459055629678,5.0,SI,R,S,False,,foul
823096-34-6,2026,2026-08-26,-0.1687947593673993,2.105421637198745,8.0,SI,L,X,True,field_out,hit_into_play
823096-2-3,2026,2026-08-26,0.3613628160383375,4.160591630087247,12.0,FF,R,S,False,strikeout,swinging_strike
823096-34-5,2026,2026-08-26,-1.087298564803364,1.8566861516983493,13.0,SI,L,B,False,,ball
823096-34-4,2026,2026-08-26,-0.4636526067780815,0.8904177598002878,13.0,CH,L,B,False,,ball
823096-2-2,2026,2026-08-26,-0.114291846765792,3.543164161321664,11.0,FF,R,S,False,,foul
823096-34-3,2026,2026-08-26,-0.6767772351215942,1.624817374202454,7.0,CH,L,S,False,,called_strike
823096-2-1,2026,2026-08-26,-0.2169653773203109,2.992359222267223,2.0,FF,R,S,False,,swinging_strike
823096-34-2,2026,2026-08-26,-0.1911632429113301,1.640453030974948,8.0,SI,L,S,False,,called_strike
823096-50-1,2026,2026-08-26,0.7034946378335061,1.988119571081899,9.0,SI,L,X,True,field_out,hit_into_play
823096-34-1,2026,2026-08-26,-2.0816784904589727,1.3804096238457584,13.0,SL,L,B,False,,ball
823098-59-2,2026,2026-08-25,0.6452349387027754,2.527144026015738,6.0,SI,R,X,True,field_out,hit_into_play
823098-59-1,2026,2026-08-25,1.088893144123443,2.5473371568987857,12.0,ST,R,B,False,,ball
823098-35-1,2026,2026-08-25,0.5231843042994474,2.0239354019795863,9.0,FF,R,X,True,field_out,hit_into_play
823098-19-1,2026,2026-08-25,0.5189998314829979,2.7209735174406124,6.0,ST,R,X,True,field_out,hit_into_play
823098-2-4,2026,2026-08-25,1.1015699555609135,1.576611980550107,14.0,ST,R,S,False,strikeout,swinging_strike
823098-2-3,2026,2026-08-25,0.4968554719938161,2.986701648268011,3.0,FF,R,S,False,,foul
823098-2-2,2026,2026-08-25,-0.3387643160783091,2.9084630609894457,1.0,FF,R,S,False,,swinging_strike
823098-2-1,2026,2026-08-25,-0.1347324467386536,3.787447835497131,11.0,FF,R,S,False,,swinging_strike
823987-40-6,2026,2026-08-30,-0.2827910912001596,2.4105292527622137,4.0,CU,L,X,True,field_out,hit_into_play
823987-40-5,2026,2026-08-30,-0.1520851365039432,2.116873087540682,8.0,FF,L,S,False,,foul
823987-40-4,2026,2026-08-30,-0.1611611674976027,1.8557498486055717,8.0,SL,L,S,False,,foul
823987-40-3,2026,2026-08-30,0.5252731288057916,2.620885233913257,6.0,FF,L,S,False,,foul
823987-40-2,2026,2026-08-30,-0.9376725476643084,1.8856777553403368,13.0,FF,L,B,False,,ball
823987-40-1,2026,2026-08-30,0.0043439942330658,0.8509026900457486,14.0,CU,L,B,False,,ball
823987-20-2,2026,2026-08-30,0.1834456488935973,2.62671203399543,5.0,CU,L,X,True,field_out,hit_into_play
823987-20-1,2026,2026-08-30,-0.448778932752723,3.65885797267276,11.0,FF,L,S,False,,swinging_strike
823987-72-3,2026,2026-08-30,-0.8086697658670623,2.4897575605747786,4.0,FF,L,X,True,field_out,hit_into_play
823987-72-2,2026,2026-08-30,-0.9879568630878208,1.5411577559315948,13.0,SL,L,B,False,,ball
823987-58-5,2026,2026-08-30,1.122040420801997,2.836442087429229,12.0,CH,L,X,True,single,hit_into_play
823987-58-4,2026,2026-08-30,-0.1771678793075064,3.450157317945144,11.0,FF,L,S,False,,foul_tip
823987-72-1,2026,2026-08-30,-1.0388255026638848,0.656386082062224,13.0,SL,L,S,False,,swinging_strike
823987-58-3,2026,2026-08-30,-1.7799301389700763,1.327536959152547,13.0,SI,L,B,False,,ball
823987-58-2,2026,2026-08-30,-1.0439170506682929,0.5210474832894745,13.0,CH,L,B,False,,blocked_ball
823987-58-1,2026,2026-08-30,-0.1779000947492465,1.778300609352082,8.0,SL,L,S,False,,called_strike
823987-2-4,2026,2026-08-30,-1.0124665663565404,3.235359505566397,11.0,SL,L,B,False,walk,ball
823987-2-3,2026,2026-08-30,-0.829852358579263,1.0967116072067595,13.0,FF,L,B,False,,ball
823987-2-2,2026,2026-08-30,-0.0458688690208426,1.2395128900153731,13.0,FF,L,B,False,,ball
823987-2-1,2026,2026-08-30,1.0127938812750448,1.7777865904773165,14.0,FF,L,B,False,,ball
823986-35-3,2026,2026-08-29,0.5079109885187005,2.4056642287776318,6.0,ST,R,X,True,field_out,hit_into_play
823986-35-2,2026,2026-08-29,0.5713079487551946,2.241458735905682,6.0,FC,R,S,False,,foul
823986-35-1,2026,2026-08-29,-0.8376889007035709,3.265597167534155,11.0,FC,R,B,False,,ball
823986-14-6,2026,2026-08-29,-0.1423652535148934,2.5452659279951586,5.0,FC,R,X,True,field_out,hit_into_play
823986-14-5,2026,2026-08-29,2.051201124812831,1.628928847994742,14.0,FC,R,B,False,,ball
823986-14-4,2026,2026-08-29,-0.2893296986807346,1.8230067338176512,7.0,FC,R,S,False,,called_strike
823986-14-3,2026,2026-08-29,0.7604818024842377,2.635643547217392,6.0,FC,R,S,False,,called_strike
823986-14-2,2026,2026-08-29,0.4952894484778026,1.515216406970893,14.0,FC,R,B,False,,ball
823986-14-1,2026,2026-08-29,1.585918519714118,0.9737530995225674,14.0,ST,R,B,False,,ball
823986-73-3,2026,2026-08-29,0.0075419298922314,2.4825709716040265,5.0,CU,R,X,True,single,hit_into_play
823986-73-2,2026,2026-08-29,0.4218695444530494,3.246674689140378,3.0,FF,R,S,False,,foul
823986-73-1,2026,2026-08-29,0.4628308628295003,1.4559500053677024,14.0,CU,R,S,False,,swinging_strike
823986-2-5,2026,2026-08-29,-1.1036632047948458,2.291342255212136,13.0,FC,R,B,False,walk,ball
823986-2-4,2026,2026-08-29,1.2567762476608093,1.7169828887812968,14.0,ST,R,B,False,,ball
823986-2-3,2026,2026-08-29,-0.4956223874018028,2.0375955509069605,7.0,FC,R,S,False,,called_strike
823986-2-2,2026,2026-08-29,1.3891774043889205,2.4545148269294343,12.0,FC,R,B,False,,ball
823986-2-1,2026,2026-08-29,1.275387309090471,1.821852295441872,14.0,FC,R,B,False,,ball
823986-54-3,2026,2026-08-29,0.4368167833254623,1.859005261146578,9.0,FF,R,X,True,single,hit_into_play
823986-54-2,2026,2026-08-29,-0.3127397321988991,1.6935953515911073,7.0,FF,R,S,False,,called_strike
823986-54-1,2026,2026-08-29,-0.6647957909049405,3.134200725435241,1.0,FF,R,S,False,,swinging_strike
823985-39-1,2026,2026-08-28,0.5893970095110196,2.4099119227140973,6.0,FF,L,X,True,field_out,hit_into_play
823985-24-3,2026,2026-08-28,-0.1769895004084195,2.3010865973839625,5.0,FF,L,X,True,single,hit_into_play
823985-24-2,2026,2026-08-28,-0.1763536561379771,3.99265096812536,11.0,FF,L,B,False,,ball
823985-24-1,2026,2026-08-28,0.7834195206307738,1.887208906786856,9.0,CH,L,S,False,,swinging_strike
823985-55-4,2026,2026-08-28,0.2934145856433412,1.160607631323472,14.0,CU,R,S,False,strikeout,foul_tip
823985-55-3,2026,2026-08-28,1.6458330376052244,1.5447379475919971,14.0,ST,R,B,False,,ball
823985-55-2,2026,2026-08-28,0.5461980414872181,1.5384882160558797,9.0,ST,R,S,False,,swinging_strike
823985-55-1,2026,2026-08-28,-0.7146974804383295,2.5125791499916064,4.0,ST,R,S,False,,called_strike
823985-2-8,2026,2026-08-28,-0.7106947026788875,2.3946705631194494,4.0,FF,L,X,True,field_out,hit_into_play
823985-68-2,2026,2026-08-28,-0.3522520727342686,2.5512686606099826,4.0,SI,L,X,True,single,hit_into_play
823985-68-1,2026,2026-08-28,0.0959863890343643,2.630769429901343,5.0,ST,L,S,False,,called_strike
823985-2-7,2026,2026-08-28,1.598861066548806,3.5573453704684663,12.0,FF,L,S,False,,foul
823985-2-6,2026,2026-08-28,-0.7384946745142628,1.0075547804332694,13.0,SL,L,B,False,,ball
823985-2-5,2026,2026-08-28,-0.4381103667526319,1.4548913741182132,13.0,SL,L,S,False,,foul
823985-2-4,2026,2026-08-28,0.9218155081151423,3.3997723046819446,12.0,FF,L,S,False,,foul
823985-2-3,2026,2026-08-28,-0.3547207135062402,2.0898873411129357,7.0,CU,L,S,False,,swinging_strike
823985-2-2,2026,2026-08-28,1.3808328041227955,3.2679093475528296,12.0,FF,L,B,False,,ball
823985-2-1,2026,2026-08-28,0.5761112598318461,3.0523831582364074,3.0,FF,L,S,False,,called_strike
825038-34-3,2026,2026-09-01,-0.4091099518042326,2.68582649865329,4.0,FC,L,X,True,field_out,hit_into_play
825038-34-2,2026,2026-09-01,0.2675887917130153,1.1816100781524677,14.0,CH,L,B,False,,ball
825038-34-1,2026,2026-09-01,1.103959786115449,3.5713767009857333,12.0,CU,L,B,False,,ball
825038-17-5,2026,2026-09-01,-0.2558262590230537,2.0789399449868498,8.0,FC,L,X,True,field_out,hit_into_play
825038-17-4,2026,2026-09-01,1.2870946884508867,2.107860246314209,14.0,CH,L,B,False,,ball
825038-17-3,2026,2026-09-01,0.0173137672945664,3.747388958654725,12.0,FF,L,S,False,,swinging_strike
825038-17-2,2026,2026-09-01,1.0964508276321374,2.176004377348794,14.0,CH,L,B,False,,ball
825038-17-1,2026,2026-09-01,0.1101636454167316,2.138185318357613,5.0,CH,L,S,False,,called_strike
825038-2-5,2026,2026-09-01,-0.0067677283804349,3.2747835414275475,2.0,FF,L,X,True,double,hit_into_play
825038-2-4,2026,2026-09-01,-1.2796612156252496,2.580645302535153,11.0,FF,L,S,False,,foul
825038-2-3,2026,2026-09-01,1.4115574297848097,3.002243481251505,12.0,CH,L,B,False,,ball
825038-2-2,2026,2026-09-01,-0.5786652673788412,3.1874302595090804,1.0,FF,L,S,False,,foul
825038-2-1,2026,2026-09-01,-1.1137468282668537,2.642996432201598,11.0,FF,L,B,False,,ball
825038-66-6,2026,2026-09-01,-0.3805446213112866,3.5704627232190598,11.0,FF,R,X,True,field_out,hit_into_play
825038-66-5,2026,2026-09-01,-0.0894804867960594,3.2149768028420604,2.0,FC,R,S,False,,called_strike
825038-66-4,2026,2026-09-01,1.872312398064855,0.9096386905999868,14.0,SL,R,B,False,,ball
825038-66-3,2026,2026-09-01,1.090211097116082,1.1697464961417856,14.0,FC,R,B,False,,ball
825038-66-2,2026,2026-09-01,-0.7838991578188756,4.731966078677567,11.0,FF,R,B,False,,ball
825038-52-3,2026,2026-09-01,0.3249228769734729,2.5363238852782914,6.0,SI,R,X,True,field_out,hit_into_play
825038-66-1,2026,2026-09-01,0.3231328198870533,1.7944573438420943,9.0,FC,R,S,False,,called_strike
825038-52-2,2026,2026-09-01,0.3449714160802912,2.6652516810150018,6.0,SI,R,S,False,,called_strike
825038-52-1,2026,2026-09-01,-0.8122854316896786,0.5514513162821715,13.0,SI,R,B,False,,ball
825040-36-2,2026,2026-08-31,1.1130391360903429,2.4320887509408657,14.0,ST,R,X,True,field_out,hit_into_play
825040-36-1,2026,2026-08-31,-0.3860260451907025,1.6504097938123437,7.0,FC,R,B,False,,ball
825040-19-4,2026,2026-08-31,0.621016891062315,3.111457079208286,3.0,FF,R,X,True,field_out,hit_into_play
825040-19-3,2026,2026-08-31,-0.4682880885360895,4.80000492149404,11.0,FF,R,B,False,,ball
825040-19-2,2026,2026-08-31,0.7243061189540723,1.658663094724436,9.0,FC,R,S,False,,called_strike
825040-19-1,2026,2026-08-31,1.0237385427305563,2.331491131399601,14.0,FC,R,S,False,,called_strike
825040-58-4,2026,2026-08-31,-1.2318561566367203,2.5241628086144394,11.0,SI,R,B,False,walk,ball
825040-58-3,2026,2026-08-31,-0.5852711448090321,3.516184325189136,11.0,FF,R,B,False,,ball
825040-2-4,2026,2026-08-31,0.8806223657693549,1.7781698286751513,14.0,ST,R,S,False,strikeout,swinging_strike
825040-58-2,2026,2026-08-31,1.0518162803737936,1.1117155859052636,14.0,SL,R,B,False,,ball
825040-2-3,2026,2026-08-31,1.070263501355733,1.2690435457730842,14.0,FC,R,S,False,,swinging_strike
825040-58-1,2026,2026-08-31,-0.9058940860419832,2.400038632471807,13.0,SI,R,B,False,,ball
825040-2-2,2026,2026-08-31,1.1513618640568009,1.8567848390276336,14.0,FC,R,B,False,,ball
825040-2-1,2026,2026-08-31,0.7194250248161633,1.7702228305916947,9.0,FF,R,S,False,,called_strike
825037-37-5,2026,2026-09-02,-0.2434639366821041,2.981165107234492,2.0,SI,R,X,True,grounded_into_double_play,hit_into_play
825037-37-4,2026,2026-09-02,0.712875799629223,1.913765306800724,9.0,FC,R,S,False,,called_strike
825037-37-3,2026,2026-09-02,0.9588980294429664,3.233490212938772,12.0,FC,R,B,False,,ball
825037-37-2,2026,2026-09-02,-1.3605109354641838,3.637946342855229,11.0,SI,R,B,False,,ball
825037-37-1,2026,2026-09-02,0.1096991254219328,0.0865207461233077,14.0,SI,R,B,False,,blocked_ball
825037-18-4,2026,2026-09-02,1.2520607834080737,2.3439439329409,14.0,FC,R,S,False,strikeout,foul_tip
825037-18-3,2026,2026-09-02,0.6920051868853635,2.3758281356020268,6.0,SL,R,S,False,,called_strike
825037-18-2,2026,2026-09-02,-0.068339666906042,1.686190079895156,8.0,SL,R,S,False,,swinging_strike
825037-18-1,2026,2026-09-02,1.417479541780517,1.8584893898038213,14.0,FC,R,B,False,,ball
825037-57-4,2026,2026-09-02,-0.6085655044099061,1.373584639861156,13.0,CH,R,S,False,strikeout,swinging_strike
825037-57-3,2026,2026-09-02,-1.0033636347783066,1.594799903121332,13.0,SL,R,S,False,,foul
825037-57-2,2026,2026-09-02,-0.4630632519989612,3.365784872557112,11.0,FF,R,S,False,,foul
825037-2-3,2026,2026-09-02,1.652626540483062,1.2440400481788574,14.0,SL,R,S,False,strikeout,swinging_strike
825037-57-1,2026,2026-09-02,-0.6589572857835609,2.021975546216967,7.0,SI,R,S,False,,foul
825037-2-2,2026,2026-09-02,0.1205684364718165,3.3589090761652134,2.0,SL,R,S,False,,foul
825037-2-1,2026,2026-09-02,0.142763334759024,3.3821284613579303,12.0,FC,R,S,False,,called_strike
823415-40-2,2026,2026-09-07,-0.482997187633059,3.1518976808605643,1.0,FF,R,X,True,double,hit_into_play
823415-40-1,2026,2026-09-07,-0.7842301905324082,2.81025952410444,1.0,FF,R,S,False,,called_strike
823415-21-4,2026,2026-09-07,1.0199889104772122,1.4705812703195091,14.0,SL,R,S,False,strikeout,swinging_strike
823415-21-3,2026,2026-09-07,-0.4265690745211669,2.136560651065779,4.0,CU,R,S,False,,foul
823415-21-2,2026,2026-09-07,0.2590787117862049,1.3596720048461668,14.0,SL,R,B,False,,ball
823415-21-1,2026,2026-09-07,-0.2539021764323088,1.391848067727352,13.0,SI,R,S,False,,foul
823415-55-4,2026,2026-09-07,-0.4112456387789007,2.4100299599259603,4.0,SL,R,X,True,field_out,hit_into_play
823415-55-3,2026,2026-09-07,0.3176720741773368,2.262721772231962,6.0,FF,R,S,False,,foul
823415-55-2,2026,2026-09-07,-0.4230071891231753,2.467478631648129,4.0,SL,R,S,False,,called_strike
823415-55-1,2026,2026-09-07,0.8482880411642577,3.137115408326276,12.0,FF,R,B,False,,ball
823415-5-2,2026,2026-09-07,0.3258416772881837,2.924733318270797,3.0,FF,R,X,True,field_out,hit_into_play
823415-5-1,2026,2026-09-07,0.3675127159906252,2.2510129732425868,6.0,FF,R,S,False,,swinging_strike
823417-36-4,2026,2026-09-06,-0.1695534714953723,1.962448829607763,8.0,FS,R,X,True,field_out,hit_into_play
823417-36-3,2026,2026-09-06,-0.6268126643620202,1.6653404847354607,7.0,FS,R,S,False,,foul
823417-36-2,2026,2026-09-06,0.563112806211553,3.3279133971856867,3.0,FC,R,S,False,,foul
823417-36-1,2026,2026-09-06,-1.286564394481544,3.992484331682791,11.0,FF,R,S,False,,swinging_strike
823417-20-4,2026,2026-09-06,-0.0397002900160714,2.4285770992966724,5.0,FS,R,X,True,double,hit_into_play
823417-20-3,2026,2026-09-06,0.1287348438603197,2.1725270710782603,5.0,FS,R,S,False,,called_strike
823417-20-2,2026,2026-09-06,0.8828786860221052,0.982051149779922,14.0,FS,R,B,False,,ball
823417-20-1,2026,2026-09-06,0.1680577880655179,3.7970443530687934,12.0,FF,R,B,False,,ball
823417-54-6,2026,2026-09-06,-0.3590211225231449,2.486374651000197,4.0,FC,L,X,True,field_out,hit_into_play
823417-54-5,2026,2026-09-06,-0.2931617833057548,1.3774317420147215,13.0,FC,L,S,False,,foul
823417-54-4,2026,2026-09-06,0.1246382051170638,0.474206671720764,14.0,SL,L,B,False,,ball
823417-54-3,2026,2026-09-06,-0.0231353011056798,3.7449493001415193,11.0,SI,L,S,False,,foul
823417-54-2,2026,2026-09-06,0.2823428338569849,3.480170437268177,12.0,SI,L,S,False,,swinging_strike
823417-54-1,2026,2026-09-06,-1.547824883846306,1.2523722156196948,13.0,FC,L,B,False,,ball
823417-5-2,2026,2026-09-06,0.2684600156362864,1.9067438377845964,8.0,FS,R,X,True,fielders_choice,hit_into_play
823417-5-1,2026,2026-09-06,0.29140051088856,1.1432153157718692,14.0,FS,R,S,False,,swinging_strike
823419-37-6,2026,2026-09-05,-0.076929279735104,3.0522669739403767,2.0,FC,L,X,True,field_out,hit_into_play
823419-37-5,2026,2026-09-05,0.2747749867967952,0.6335816008121498,14.0,CH,L,B,False,,ball
823419-37-4,2026,2026-09-05,0.8787929055093973,4.006220908057891,12.0,FC,L,B,False,,ball
823419-37-3,2026,2026-09-05,0.1818301529445901,0.6576251196875504,14.0,CH,L,B,False,,ball
823419-37-2,2026,2026-09-05,-0.4893088074544034,3.0424623922084613,1.0,FC,L,S,False,,foul
823419-37-1,2026,2026-09-05,0.3988089162255792,2.8498114717942906,3.0,FC,L,S,False,,called_strike
823419-20-2,2026,2026-09-05,0.4721693863798613,2.1587595110765285,6.0,CH,L,X,True,single,hit_into_play
823419-20-1,2026,2026-09-05,0.6142920642112885,2.594089809243347,6.0,FC,L,S,False,,called_strike
823419-68-3,2026,2026-09-05,0.9001148948963249,1.6633551616544753,14.0,CH,L,X,True,field_out,hit_into_play
823419-68-2,2026,2026-09-05,0.263699670769371,3.938946458310149,12.0,FF,L,S,False,,swinging_strike
823419-68-1,2026,2026-09-05,-0.3958423411226615,2.9599967723508955,1.0,SI,L,S,False,,called_strike
823419-52-1,2026,2026-09-05,0.0106494433628818,3.460311452776975,12.0,FF,L,X,True,field_out,hit_into_play
823419-8-5,2026,2026-09-05,-1.2664766987351974,1.9675003503066653,13.0,FF,L,B,False,walk,ball
823419-8-4,2026,2026-09-05,1.5639228454914098,2.464118426949887,12.0,FC,L,B,False,,ball
823419-8-3,2026,2026-09-05,0.5032616070898748,0.750912441911455,14.0,CH,L,B,False,,ball
823419-8-2,2026,2026-09-05,-0.7265933607092753,2.8637322559286007,1.0,FC,L,S,False,,called_strike
823419-8-1,2026,2026-09-05,1.1461782812058003,3.166307173639733,12.0,FC,L,B,False,,ball
823418-42-2,2026,2026-09-04,-0.0713376832182115,3.462131582082252,11.0,FF,L,X,True,double,hit_into_play
823418-42-1,2026,2026-09-04,-0.1405676950264587,1.7008393433225528,8.0,FF,L,S,False,,called_strike
823418-25-2,2026,2026-09-04,0.1807382445300496,2.2497342938336966,5.0,CH,L,X,True,field_out,hit_into_play
823418-25-1,2026,2026-09-04,1.3545430360945463,2.9577143371003505,12.0,SL,L,B,False,,ball
823418-64-2,2026,2026-09-04,-0.9238485707566578,3.3952497013899228,11.0,FF,R,X,True,field_out,hit_into_play
823418-6-3,2026,2026-09-04,-0.2372378898807812,2.974130911869767,2.0,FF,L,X,True,field_out,hit_into_play
823418-6-2,2026,2026-09-04,-1.2316569134972633,1.331612990499088,13.0,SL,L,B,False,,ball
823418-64-1,2026,2026-09-04,-0.4574691322064645,1.146774702067038,13.0,CU,R,B,False,,ball
823418-6-1,2026,2026-09-04,0.734136195691079,2.110274012423204,9.0,SL,L,S,False,,called_strike
823414-50-2,2026,2026-09-08,-0.2765090618062876,2.942180409177854,1.0,FC,R,X,True,home_run,hit_into_play
823414-50-1,2026,2026-09-08,-0.7087400857087447,3.5209910487021228,11.0,ST,R,B,False,,ball
823414-33-2,2026,2026-09-08,0.8118603452647469,2.1171572547635416,9.0,FC,R,X,True,field_out,hit_into_play
823414-33-1,2026,2026-09-08,0.4695339889615439,2.981895725988836,3.0,SI,R,S,False,,called_strike
823414-6-5,2026,2026-09-08,1.1427654467067017,1.611254014109956,14.0,ST,R,S,False,strikeout,swinging_strike
823414-6-4,2026,2026-09-08,2.5831242366687137,0.0767384363522656,14.0,ST,R,B,False,,ball
823414-6-3,2026,2026-09-08,-0.4031804884001586,3.0236088158572985,1.0,ST,R,S,False,,called_strike
823414-6-2,2026,2026-09-08,0.5173186542851473,2.066267659773604,9.0,FC,R,S,False,,swinging_strike
823414-67-5,2026,2026-09-08,0.1385833488997879,2.591693722794685,5.0,FF,R,X,True,double,hit_into_play
823414-6-1,2026,2026-09-08,0.1998570112797675,1.1395004866753218,14.0,FF,R,B,False,,ball
823414-67-4,2026,2026-09-08,-0.0084028147487791,2.715010208180927,5.0,FC,R,S,False,,called_strike
823414-67-3,2026,2026-09-08,-0.8371932675104516,4.124201464413798,11.0,SL,R,B,False,,ball
823414-67-2,2026,2026-09-08,0.2507282900669816,-0.3853223413286115,14.0,SL,R,B,False,,ball
823414-67-1,2026,2026-09-08,1.0367863932226722,2.4596474946618168,12.0,FF,R,B,False,,ball
823416-43-1,2026,2026-09-09,-0.1375112200287665,2.871402065545939,2.0,SL,R,X,True,home_run,hit_into_play
823416-26-4,2026,2026-09-09,1.148895073791451,2.519976421532471,12.0,KC,R,X,True,single,hit_into_play
823416-26-3,2026,2026-09-09,0.9512411464155216,1.6015026260289589,14.0,CH,R,S,False,,swinging_strike
823416-26-2,2026,2026-09-09,0.5260896276437252,4.058500632449672,12.0,FF,R,B,False,,ball
823416-26-1,2026,2026-09-09,-0.914922337761106,2.2468556371588804,13.0,SI,R,S,False,,foul_tip
823416-73-4,2026,2026-09-09,0.4944994601324962,0.2746380351729671,14.0,CH,R,S,False,strikeout,swinging_strike_blocked
823416-73-3,2026,2026-09-09,0.4930237551957428,1.4297948941522236,14.0,SL,R,S,False,,swinging_strike
823416-73-2,2026,2026-09-09,0.0930616504253212,2.455959427529761,5.0,FF,R,S,False,,swinging_strike
823416-73-1,2026,2026-09-09,1.6929171032792918,1.7136166217997824,14.0,FF,R,B,False,,ball
823416-5-5,2026,2026-09-09,-0.3873740781683525,2.58108144113939,4.0,SI,R,X,True,field_out,hit_into_play
823416-5-4,2026,2026-09-09,1.0253312417053355,1.9585817352797608,14.0,SL,R,S,False,,foul
823416-5-3,2026,2026-09-09,0.4746399494717788,3.2659584132481685,3.0,KC,R,B,False,,ball
823416-5-2,2026,2026-09-09,1.5297629712855598,1.819828138617881,14.0,SL,R,B,False,,ball
823416-5-1,2026,2026-09-09,0.2762998705765566,2.31441142231044,5.0,FF,R,S,False,,called_strike
823416-55-2,2026,2026-09-09,0.435118624200111,2.1393879149746406,6.0,FF,R,X,True,field_out,hit_into_play
823416-55-1,2026,2026-09-09,0.9315979701423236,3.092390374677432,12.0,FF,R,B,False,,ball
