game_year,game_date,game_pk,at_bat_number,pitch_number,p_throws,stand,pitch_type,zone,hc_x,hc_y,loc_x,loc_y,type,events,bb_type,hit_direction,ooz,sort_rank
2023,2023-09-30,716393,38,1,L,R,CU,14.0,131.7,181.04,15.67281387999997,43.00041133000005,X,field_out,ground_ball,Oppo,True,2
2023,2023-09-30,716393,2,6,L,R,CH,14.0,99.49,154.46,-64.71274903000003,109.33534651000001,X,single,ground_ball,Pull,True,0
2023,2023-09-28,716409,43,1,R,R,SI,6.0,182.13,111.49,141.52950241,216.57432938000005,X,single,line_drive,Oppo,False,2
2023,2023-09-28,716409,24,8,R,R,SL,6.0,99.44,164.61,-64.83753258000002,84.00428586,X,field_out,ground_ball,Pull,False,0
2023,2023-09-28,716409,5,5,R,R,FF,5.0,81.14,48.9,-110.50831188000001,372.77837727,X,double,fly_ball,Pull,False,0
2023,2023-09-28,716409,65,3,R,R,FC,2.0,41.42,120.48,-209.63636400000001,194.13824709000002,X,double,line_drive,Pull,False,0
2023,2023-09-26,716432,39,1,R,R,FC,5.0,167.0,87.33,103.77000018000001,276.86974074000005,X,single,line_drive,Oppo,False,2
2023,2023-09-26,716432,24,2,R,R,SI,4.0,146.94,173.94,53.70683991999999,60.71967543000004,X,field_out,popup,Oppo,False,2
2023,2023-09-26,716432,5,6,R,R,SI,4.0,107.99,135.87,-43.49954553000002,155.72987040000004,X,field_out,ground_ball,Pull,False,0
2023,2023-09-26,716432,57,4,L,R,CH,6.0,116.28,148.57,-22.810432940000002,124.03484870000005,X,field_out,ground_ball,Straightaway,False,1
2023,2023-09-24,716454,20,6,R,R,CH,9.0,108.8,40.49,-41.478052020000014,393.76697038000003,X,field_out,fly_ball,Straightaway,False,1
2023,2023-09-24,716454,53,4,L,R,CH,8.0,100.12,164.93,-63.140476299999996,83.20567114000002,X,grounded_into_double_play,ground_ball,Pull,False,0
2023,2023-09-24,716454,5,7,R,R,SL,4.0,140.56,84.92,37.78445894000001,282.88430785,X,field_out,fly_ball,Straightaway,False,1
2023,2023-09-24,716454,36,7,R,R,SI,4.0,39.27,118.17,-215.00205665000004,199.90324710000004,X,double,line_drive,Pull,False,0
2023,2023-09-23,716466,40,1,L,R,CH,14.0,129.06,221.05,9.084242440000002,-56.85138538000001,X,fielders_choice,ground_ball,Pull,True,0
2023,2023-09-23,716466,6,1,L,R,SI,5.0,105.77,74.09,-49.03993515000002,309.91242478000004,X,field_out,fly_ball,Straightaway,False,1
2023,2023-09-23,716466,59,5,R,R,SL,14.0,147.43,143.05,54.92971871000002,137.81095262,X,field_out,line_drive,Oppo,True,2
2023,2023-09-22,716481,43,6,R,R,CH,9.0,144.28,146.33,47.06835506,129.62515174,X,field_out,ground_ball,Oppo,False,2
2023,2023-09-22,716481,23,4,R,R,CH,5.0,163.87,74.27,95.95854995000002,309.4632040000001,X,field_out,fly_ball,Oppo,False,2
2023,2023-09-22,716481,55,4,R,R,SL,14.0,112.28,169.24,-32.793116940000004,72.44932913000001,X,force_out,ground_ball,Pull,True,0
2023,2023-09-22,716481,73,2,L,R,CH,9.0,110.25,161.6,-37.85932907000001,91.51625557000004,X,field_out,ground_ball,Pull,False,0
2023,2023-09-21,716490,25,5,L,R,SI,7.0,99.61,164.86,-64.41326851000001,83.38036810999999,X,field_out,ground_ball,Pull,False,0
2023,2023-09-21,716490,55,5,R,R,SI,11.0,143.66,168.29,45.52103903999999,74.82021658000005,X,field_out,ground_ball,Oppo,True,2
2023,2023-09-20,716509,17,3,R,R,CH,4.0,92.76,162.42,-81.50861486,89.46980535000006,X,field_out,ground_ball,Pull,False,0
2023,2023-09-20,716509,53,4,L,R,SI,9.0,101.9,166.94,-58.698181919999996,78.18937243000003,X,field_out,ground_ball,Pull,False,0
2023,2023-09-20,716509,74,1,L,R,CH,14.0,108.16,172.87,-43.075281460000014,63.39004340000002,X,grounded_into_double_play,ground_ball,Pull,True,0
2023,2023-09-20,716509,35,2,R,R,FC,6.0,158.62,140.7,82.85627720000001,143.67577947000007,X,field_out,popup,Oppo,False,2
2023,2023-09-19,716521,47,4,R,R,SL,6.0,105.82,166.22,-48.91515160000002,79.98625555000004,X,force_out,ground_ball,Pull,False,0
2023,2023-09-19,716521,24,3,R,R,SL,5.0,109.45,148.04,-39.85586587,125.35755433000006,X,field_out,ground_ball,Pull,False,0
2023,2023-09-18,716532,34,2,R,R,SI,9.0,117.51,195.54,-19.740757609999992,6.813181830000046,X,single,ground_ball,Pull,False,0
2023,2023-09-18,716532,18,7,R,R,KC,8.0,123.07,197.62,-5.864826850000021,1.6221861500000143,X,field_out,ground_ball,Pull,False,0
2023,2023-09-18,716532,46,2,R,R,SL,4.0,124.9,182.12,-1.29774891999999,40.305086650000014,X,field_out,popup,Straightaway,False,1
2023,2023-09-18,716532,2,1,R,R,SI,4.0,107.33,99.1,-45.146688390000016,247.49569307000007,X,single,ground_ball,Straightaway,False,1
2023,2023-09-17,716541,38,3,R,R,SL,4.0,149.77,78.14,60.76958885000003,299.80495723000007,X,field_out,line_drive,Straightaway,False,1
2023,2023-09-17,716541,68,4,L,R,CH,8.0,111.67,168.7,-34.31547625,73.79699147000007,X,field_out,ground_ball,Pull,False,0
2023,2023-09-17,716541,2,2,R,R,CU,14.0,124.86,191.69,-1.3975757600000058,16.421515180000032,X,single,ground_ball,Straightaway,True,1
2023,2023-09-17,716541,56,1,R,R,FF,9.0,117.81,192.87,-18.99205631,13.476623400000015,X,single,ground_ball,Pull,False,0
2023,2023-09-16,716557,39,3,R,R,FF,11.0,168.05,133.38,106.39045473000003,161.94409119000005,X,field_out,popup,Oppo,True,2
2023,2023-09-16,716557,19,3,R,R,SL,5.0,94.94,82.0,-76.06805208000002,290.17166717000003,X,field_out,fly_ball,Pull,False,0
2023,2023-09-16,716557,2,5,R,R,CU,5.0,45.68,119.36,-199.00480554000004,196.93339861000004,X,double,ground_ball,Pull,False,0
2023,2023-09-16,716557,55,1,R,R,FF,9.0,142.13,147.85,41.70266240999999,125.83173182000004,X,field_out,ground_ball,Oppo,False,2
2023,2023-09-15,716572,40,4,L,R,CU,2.0,107.27,163.11,-45.29642865000002,87.74779236,X,grounded_into_double_play,ground_ball,Pull,False,0
2023,2023-09-15,716572,20,6,L,R,FF,1.0,87.96,101.17,-93.48783566000003,242.32965410000003,X,field_out,fly_ball,Pull,False,0
2023,2023-09-15,716572,2,6,L,R,FF,11.0,109.65,64.32,-39.356731669999995,334.29513045000004,X,single,line_drive,Straightaway,True,1
2023,2023-09-13,716603,45,2,R,R,FF,5.0,186.07,85.38,151.36244614999998,281.73629919000007,X,field_out,fly_ball,Oppo,False,2
2023,2023-09-13,716603,24,2,R,R,SL,9.0,80.12,72.39,-113.0538963,314.1550654800001,X,field_out,line_drive,Pull,False,0
2023,2023-09-13,716603,7,7,R,R,FF,8.0,185.69,90.7,150.41409117,268.45932947000006,X,field_out,line_drive,Oppo,False,2
2023,2023-09-12,716618,28,3,L,R,CH,9.0,93.44,100.59,-79.81155858000001,243.77714328000005,X,single,line_drive,Pull,False,0
2023,2023-09-12,716618,62,1,R,R,SI,6.0,128.82,85.84,8.485281399999979,280.58829053000005,X,single,ground_ball,Straightaway,False,1
2023,2023-09-12,716618,79,8,R,R,FF,5.0,60.0,49.11,-163.26679682000002,372.2542863600001,X,home_run,fly_ball,Pull,False,0
2023,2023-09-12,716618,6,3,L,R,SI,14.0,140.88,153.73,38.58307365999999,111.15718634000007,X,field_out,ground_ball,Oppo,True,2
2023,2023-09-11,716590,55,3,R,R,CU,14.0,149.36,159.39,59.746363740000035,97.03168848000007,X,field_out,ground_ball,Oppo,True,2
2023,2023-09-11,716590,19,3,R,R,KC,7.0,105.67,155.49,-49.289502250000005,106.76480538000001,X,force_out,ground_ball,Pull,False,0
2023,2023-09-11,717664,23,1,R,R,FF,9.0,193.61,78.06,170.17980549000004,300.00461091000005,X,field_out,fly_ball,Oppo,False,2
2023,2023-09-11,717664,79,3,R,R,SI,4.0,154.61,149.15,72.84863649000003,122.58735952000002,X,field_error,ground_ball,Oppo,False,2
2023,2023-09-11,716590,7,5,R,R,SI,8.0,110.75,89.84,-36.61149357000001,270.60560653000005,X,single,ground_ball,Straightaway,False,1
2023,2023-09-11,717664,63,1,L,R,FF,2.0,60.63,40.4,-161.69452409,393.99158077000004,X,home_run,fly_ball,Pull,False,0
2023,2023-09-11,716590,37,3,R,R,FC,9.0,85.8,80.92,-98.87848502000001,292.86699185000003,X,double,line_drive,Pull,False,0
2023,2023-09-10,716643,21,5,R,R,FF,1.0,155.29,87.83,74.54569276999999,275.62190524000005,X,field_out,fly_ball,Oppo,False,2
2023,2023-09-10,716643,57,5,R,R,FC,12.0,158.38,141.52,82.25731615999999,141.62932925,X,single,ground_ball,Oppo,True,2
2023,2023-09-10,716643,37,1,L,R,ST,5.0,160.34,179.48,87.14883132000001,46.89365809000005,X,field_out,popup,Oppo,False,2
2023,2023-09-10,716643,6,1,L,R,FF,5.0,156.92,31.07,78.61363649999997,417.2761912000001,X,home_run,fly_ball,Straightaway,False,1
2023,2023-09-09,716653,55,2,L,R,SI,8.0,143.87,85.41,46.04512995000001,281.66142906000005,X,field_out,line_drive,Straightaway,False,1
2023,2023-09-09,716653,6,3,R,R,SI,11.0,113.29,160.07,-30.27248922999999,95.33463220000004,X,grounded_into_double_play,ground_ball,Pull,True,0
2023,2023-09-08,716679,40,1,R,R,SL,2.0,67.96,101.08,-143.40125566000003,242.55426449000004,X,single,line_drive,Pull,False,0
2023,2023-09-08,716679,7,3,R,R,SL,5.0,29.51,86.3,-239.35980561000002,279.44028187000004,X,home_run,fly_ball,Pull,False,0
2023,2023-09-04,716720,49,4,R,R,SL,3.0,120.89,45.92,-11.305389630000004,380.2154768500001,X,field_out,fly_ball,Straightaway,False,1
2023,2023-09-04,716720,16,3,L,R,FF,5.0,3.47,89.0,-304.34707845,272.70197017000004,X,home_run,fly_ball,Pull,False,0
2023,2023-09-04,716720,2,6,L,R,SL,2.0,66.08,114.5,-148.09311714000003,209.06235967000003,X,single,line_drive,Pull,False,0
2023,2023-09-04,716720,88,6,L,R,SI,9.0,165.7,82.13,100.52562787999997,289.84722994000003,X,field_out,fly_ball,Oppo,False,2
2023,2023-09-04,716720,68,2,L,R,SI,3.0,185.19,76.36,149.16625567,304.24725161000003,X,field_out,fly_ball,Oppo,False,2
2023,2023-09-03,716736,42,3,L,R,CH,8.0,97.96,162.6,-68.53112566000003,89.02058457000005,X,single,ground_ball,Pull,False,0
2023,2023-09-03,716736,55,4,R,R,SI,9.0,107.91,109.03,-43.69919921000002,222.71368004000004,X,single,ground_ball,Straightaway,False,1
2023,2023-09-03,716736,73,1,R,R,CU,9.0,72.76,125.17,-131.42203486,182.43355010000005,X,field_out,fly_ball,Pull,False,0
2023,2023-09-03,716736,2,4,L,R,FF,4.0,122.84,70.78,-6.438831179999997,318.17309579000005,X,field_out,fly_ball,Straightaway,False,1
2023,2023-09-02,716745,63,5,L,R,CH,9.0,119.82,190.31,-13.975757600000023,19.86554116000002,X,force_out,ground_ball,Pull,False,0
2023,2023-09-02,716745,2,1,R,R,SI,9.0,126.8,75.86,3.444025979999989,305.49508711000004,X,single,line_drive,Straightaway,False,1
2023,2023-09-02,716745,47,1,R,R,FF,4.0,216.85,79.18,228.17919953,297.20945939,X,home_run,fly_ball,Oppo,False,2
2023,2023-09-01,716765,2,3,R,R,FF,4.0,112.92,69.49,-31.1958875,321.3925113800001,X,field_out,fly_ball,Straightaway,False,1
2023,2023-09-01,716765,55,3,R,R,CH,4.0,19.62,97.17,-264.0419918,252.31233810000003,X,home_run,fly_ball,Pull,False,0
2023,2023-08-30,716787,20,2,L,R,FF,3.0,144.91,63.37,48.64062778999999,336.66601790000004,X,field_out,fly_ball,Straightaway,False,1
2023,2023-08-30,716787,42,2,R,R,FF,5.0,178.05,62.37,131.34716473000003,339.16168890000006,X,double,line_drive,Oppo,False,2
2023,2023-08-30,716787,54,2,R,R,FF,1.0,70.02,40.03,-138.2601734,394.91497904000005,X,home_run,fly_ball,Pull,False,0
2023,2023-08-29,716806,24,2,L,R,CH,9.0,122.4,72.82,-7.536926419999991,313.0819269500001,X,field_out,fly_ball,Straightaway,False,1
2023,2023-08-29,716806,72,3,R,R,SL,5.0,91.63,39.62,-84.32872309000003,395.93820415000005,X,home_run,fly_ball,Pull,False,0
2023,2023-08-29,716806,56,7,R,R,SI,4.0,34.56,106.4,-226.75666706,229.27729477000003,X,triple,ground_ball,Pull,False,0
2023,2023-08-29,716806,6,5,L,R,FF,4.0,99.94,94.24,-63.589697080000015,259.62465413000007,X,field_out,fly_ball,Pull,False,0
2023,2023-08-28,716817,46,3,R,R,SL,8.0,51.98,55.49,-183.28207824,356.33190538,X,home_run,fly_ball,Pull,False,0
2023,2023-08-28,716817,9,3,R,R,CH,7.0,50.82,67.67,-186.17705660000001,325.9346326000001,X,home_run,fly_ball,Pull,False,0
2023,2023-08-28,716817,64,6,R,R,FF,12.0,214.73,117.51,222.88837701,201.55038996000002,X,field_out,fly_ball,Oppo,True,2
2023,2023-08-27,716835,37,6,L,R,ST,7.0,81.53,84.6,-109.53500019,283.6829225700001,X,sac_fly,fly_ball,Pull,False,0
2023,2023-08-27,716835,18,1,L,R,FS,8.0,128.32,179.06,7.23744589999998,47.94183991000002,X,field_out,ground_ball,Straightaway,False,1
2023,2023-08-27,716835,52,4,L,R,SI,14.0,130.57,147.62,12.85270564999998,126.40573615000002,X,force_out,ground_ball,Straightaway,True,1
2023,2023-08-27,716835,6,5,L,R,FF,8.0,163.91,71.72,96.05837679,315.8271650500001,X,single,line_drive,Oppo,False,2
2023,2023-08-26,716847,37,3,R,R,CH,8.0,38.62,114.27,-216.62424280000005,209.63636400000004,X,double,ground_ball,Pull,False,0
2023,2023-08-26,716847,22,3,R,R,FF,14.0,109.23,149.39,-40.40491349,121.98839848000007,X,grounded_into_double_play,ground_ball,Pull,True,0
2023,2023-08-26,716847,52,4,R,R,SL,4.0,107.08,102.17,-45.77060614000001,239.83398310000004,X,single,line_drive,Straightaway,False,1
2023,2023-08-26,716847,5,6,R,R,FF,5.0,193.14,143.53,169.00684011999996,136.61303054000004,X,field_out,fly_ball,Oppo,False,2
2023,2023-08-25,716861,40,2,R,R,SI,7.0,111.3,172.56,-35.23887452000002,64.16370141000003,X,field_error,ground_ball,Pull,False,0
2023,2023-08-25,716861,8,7,R,R,FF,6.0,190.09,79.72,161.39504357,295.86179705000006,X,double,line_drive,Oppo,False,2
2023,2023-08-25,716861,55,1,L,R,FF,2.0,163.67,68.59,95.45941574999998,323.63861528000007,X,field_out,fly_ball,Oppo,False,2
2023,2023-08-23,716879,48,1,R,R,KC,8.0,59.17,43.56,-165.33820375000002,386.10526041,X,home_run,fly_ball,Pull,False,0
2023,2023-08-23,716879,30,3,R,R,FS,1.0,89.06,160.47,-90.74259756000001,94.33636380000003,X,field_out,ground_ball,Pull,False,0
2023,2023-08-23,716879,94,5,R,R,SL,8.0,69.88,119.94,-138.60956734,195.48590943000005,X,field_out,fly_ball,Pull,False,0
2023,2023-08-23,716879,62,1,R,R,SI,9.0,130.03,75.8,11.50504331,305.64482737000003,X,field_out,fly_ball,Straightaway,False,1
2023,2023-08-22,716899,21,5,L,R,FF,3.0,114.78,80.56,-26.553939440000004,293.76543341000007,X,field_out,line_drive,Straightaway,False,1
2023,2023-08-22,716899,44,6,R,R,SL,9.0,158.1,107.14,81.55852827999999,227.43049823000004,X,field_out,fly_ball,Oppo,False,2
2023,2023-08-22,716899,78,6,R,R,SI,5.0,147.98,102.56,56.30233775999997,238.86067141000004,X,single,line_drive,Oppo,False,2
2023,2023-08-21,716911,20,7,L,R,FF,2.0,104.41,162.89,-52.434047710000016,88.29683998000007,X,grounded_into_double_play,ground_ball,Pull,False,0
2023,2023-08-21,716911,51,1,R,R,KC,9.0,105.6,158.62,-49.46419922000002,98.95335515000002,X,single,ground_ball,Pull,False,0
2023,2023-08-21,716911,39,5,R,R,SI,6.0,161.81,103.85,90.81746769000002,235.64125582000005,X,single,ground_ball,Oppo,False,2
2023,2023-08-21,716911,8,2,L,R,SI,6.0,98.63,79.81,-66.85902609000001,295.63718666000005,X,single,line_drive,Pull,False,0
2023,2023-08-20,716929,42,4,R,R,FF,5.0,143.9,65.9,46.12000008000001,330.35197027000004,X,field_out,fly_ball,Straightaway,False,1
2023,2023-08-20,716929,22,3,R,R,SI,4.0,94.73,93.79,-76.59214299,260.74770608000006,X,single,line_drive,Pull,False,0
2023,2023-08-20,716929,57,1,R,R,SL,8.0,110.45,159.18,-37.36019487,97.55577939000001,X,force_out,ground_ball,Pull,False,0
2023,2023-08-19,716941,71,3,R,R,KC,13.0,28.46,74.45,-241.98026016000003,309.01398322000006,X,home_run,fly_ball,Pull,True,0
2023,2023-08-19,716941,10,4,R,R,CU,12.0,103.68,155.35,-54.25588753999999,107.11419932000005,X,field_out,ground_ball,Pull,True,0
2023,2023-08-19,716941,62,3,R,R,FF,4.0,22.89,76.19,-255.88114763000002,304.67151568,X,home_run,fly_ball,Pull,False,0
2023,2023-08-18,716960,10,4,R,R,FF,11.0,136.46,39.52,27.55220784000002,396.18777125,X,field_out,fly_ball,Straightaway,True,1
2023,2023-08-16,716967,43,2,R,R,FF,4.0,84.18,56.93,-102.92147204,352.73813914000004,X,field_out,fly_ball,Pull,False,0
2023,2023-08-16,716967,30,2,R,R,SL,5.0,72.39,114.95,-132.34543313,207.93930772000004,X,single,ground_ball,Pull,False,0
2023,2023-08-16,716967,59,7,R,R,FF,6.0,130.24,146.02,12.029134220000019,130.39880975,X,field_out,ground_ball,Straightaway,False,1
2023,2023-08-16,716967,74,5,R,R,CU,4.0,109.03,156.92,-40.904047690000006,103.19599585000006,X,field_out,ground_ball,Pull,False,0
2023,2023-08-15,716990,30,2,L,R,CH,8.0,104.27,171.16,-52.78344165000002,67.65764081000005,X,force_out,ground_ball,Pull,False,0
2023,2023-08-15,716990,9,4,L,R,CU,6.0,182.85,86.04,143.32638552999998,280.08915633000004,X,field_out,fly_ball,Oppo,False,2
2023,2023-08-15,716990,47,1,R,R,FF,2.0,211.58,105.87,215.02701336000004,230.60000040000003,X,field_out,fly_ball,Oppo,False,2
2023,2023-08-13,717009,31,5,R,R,FF,6.0,148.07,165.34,56.52694814999998,82.18244603000002,X,field_out,ground_ball,Oppo,False,2
2023,2023-08-13,717009,73,3,R,R,FS,8.0,108.72,91.87,-41.67770570000001,265.53939440000005,X,single,ground_ball,Straightaway,False,1
2023,2023-08-13,717009,54,2,R,R,SI,8.0,105.67,158.55,-49.289502250000005,99.12805212,X,field_out,ground_ball,Pull,False,0
2023,2023-08-12,717028,39,2,R,R,SI,4.0,78.75,113.25,-116.47296557000001,212.18194842000005,X,single,ground_ball,Pull,False,0
2023,2023-08-12,717028,78,4,R,R,SL,5.0,175.77,115.79,125.65703485000003,205.84294408000002,X,single,line_drive,Oppo,False,2
2023,2023-08-12,717028,60,2,R,R,ST,4.0,98.05,169.24,-68.30651527000002,72.44932913000001,X,single,ground_ball,Pull,False,0
2023,2023-08-11,717044,67,3,L,R,SL,6.0,89.75,62.88,-89.02058457000001,337.8888966900001,X,double,line_drive,Pull,False,0
2023,2023-08-11,717044,22,6,L,R,CH,8.0,47.99,94.95,-193.23980553000004,257.85272772,X,single,line_drive,Pull,False,0
2023,2023-08-11,717044,39,3,R,R,CH,8.0,42.56,100.29,-206.79129906000003,244.52584458000004,X,double,line_drive,Pull,False,0
2023,2023-08-11,717044,7,4,L,R,CH,14.0,108.09,152.21,-43.24997843,114.95060626000001,X,field_out,ground_ball,Pull,True,0
2023,2023-08-10,717049,32,4,L,R,FF,2.0,153.58,153.97,70.27809536000004,110.55822530000003,X,field_out,ground_ball,Oppo,False,2
2023,2023-08-10,717049,14,2,L,R,SI,9.0,108.36,145.31,-42.576147260000006,132.17073616000002,X,field_out,line_drive,Pull,False,0
2023,2023-08-10,717049,62,1,L,R,SI,8.0,161.87,107.06,90.96720795000002,227.63015191000002,X,field_out,fly_ball,Oppo,False,2
2023,2023-08-10,717049,50,2,R,R,FF,1.0,65.36,46.88,-149.89000026000002,377.81963269000005,X,home_run,fly_ball,Pull,False,0
2023,2023-08-09,717066,38,1,L,R,CU,14.0,138.89,91.65,33.61668836999996,266.08844202000006,X,single,fly_ball,Straightaway,True,1
2023,2023-08-09,717066,18,3,L,R,FF,8.0,117.29,41.04,-20.289805229999992,392.39435133000006,X,field_out,fly_ball,Straightaway,False,1
2023,2023-08-09,717066,54,4,R,R,FF,3.0,111.14,152.21,-35.638181880000005,114.95060626000001,X,force_out,ground_ball,Pull,False,0
2023,2023-08-09,717066,5,3,L,R,CU,7.0,107.17,80.39,-45.54599575,294.18969748000006,X,single,line_drive,Straightaway,False,1
2023,2023-08-08,717096,42,5,R,R,ST,14.0,110.76,147.62,-36.586536859999995,126.40573615000002,X,single,ground_ball,Pull,True,0
2023,2023-08-08,717082,35,5,R,R,SL,7.0,41.16,120.8,-210.28523846000002,193.33963237000006,X,double,line_drive,Pull,False,0
2023,2023-08-08,717082,69,4,L,R,SI,8.0,178.63,72.02,132.79465391,315.0784637500001,X,field_out,fly_ball,Oppo,False,2
2023,2023-08-08,717096,64,6,R,R,SL,2.0,120.79,60.0,-11.55495672999999,345.07642917000004,X,field_out,line_drive,Straightaway,False,1
2023,2023-08-08,717096,7,1,R,R,FF,5.0,103.54,30.91,-54.605281479999995,417.67549856000005,X,double,line_drive,Straightaway,False,1
2023,2023-08-06,717113,14,6,R,R,SL,3.0,37.72,113.54,-218.87034670000003,211.45820383000003,X,double,line_drive,Pull,False,0
2023,2023-08-06,717113,52,5,R,R,CU,9.0,180.83,109.7,138.28513011000004,221.04158047000004,X,field_out,line_drive,Oppo,False,2
2023,2023-08-05,717123,32,3,R,R,SL,9.0,98.56,165.16,-67.03372306,82.63166681000004,X,field_out,ground_ball,Pull,False,0
2023,2023-08-05,717123,68,6,L,R,CH,8.0,100.71,49.12,-61.66803041000002,372.22932965000007,X,double,fly_ball,Straightaway,False,1
2023,2023-08-05,717123,16,3,R,R,SL,9.0,135.6,155.05,25.405930779999984,107.86290062,X,field_out,ground_ball,Oppo,False,2
2023,2023-08-05,717123,51,1,L,R,SI,4.0,25.43,80.35,-249.54214329000004,294.28952432000006,X,home_run,fly_ball,Pull,False,0
2023,2023-08-04,717140,55,5,R,R,FF,2.0,170.94,90.39,113.60294392,269.23298748,X,single,line_drive,Oppo,False,2
2023,2023-08-04,717140,34,6,R,R,ST,8.0,116.36,116.64,-22.610779260000008,203.72162373000003,X,field_out,fly_ball,Straightaway,False,1
2023,2023-08-04,717140,16,3,R,R,ST,9.0,154.75,158.74,73.19803043,98.65387463,X,field_out,line_drive,Oppo,False,2
2023,2023-08-04,717140,73,2,R,R,SL,8.0,139.03,148.12,33.966082310000004,125.15790065000003,X,force_out,ground_ball,Oppo,False,2
2023,2023-08-03,717147,32,5,R,R,SL,9.0,156.71,61.23,78.08954559000003,342.0067538400001,X,field_out,line_drive,Oppo,False,2
2023,2023-08-03,717147,11,8,R,R,SL,11.0,152.87,140.61,68.50616895000002,143.90038986,X,field_out,line_drive,Oppo,True,2
2023,2023-08-03,717147,47,2,L,R,FF,4.0,167.72,116.44,105.5668833,204.22075793000005,X,field_out,fly_ball,Oppo,False,2
2023,2023-08-02,717159,26,1,L,R,SI,3.0,157.23,60.37,79.38729450999998,344.15303090000003,X,field_out,fly_ball,Oppo,False,2
2023,2023-08-02,717159,10,1,L,R,SI,5.0,102.02,168.7,-58.39870140000002,73.79699147000007,X,field_out,ground_ball,Pull,False,0
2023,2023-08-02,717159,96,2,R,R,SI,4.0,100.5,163.11,-62.19212132000001,87.74779236,X,field_out,ground_ball,Pull,False,0
2023,2023-08-02,717159,58,4,R,R,SI,5.0,112.68,148.86,-31.79484853999999,123.31110411,X,grounded_into_double_play,ground_ball,Pull,False,0
2023,2023-08-01,717182,50,2,R,R,SI,5.0,138.41,57.74,32.418766289999986,350.71664563,X,field_out,line_drive,Straightaway,False,1
2023,2023-08-01,717182,69,3,R,R,FC,1.0,150.6,77.27,62.840995779999986,301.9761910000001,X,field_out,fly_ball,Straightaway,False,1
2023,2023-07-31,717189,28,4,R,R,FF,4.0,82.21,122.96,-107.83794391000002,187.94898301000006,X,single,ground_ball,Pull,False,0
2023,2023-07-31,717189,40,2,L,R,FF,5.0,109.64,158.02,-39.38168838000001,100.45075775000001,X,force_out,ground_ball,Pull,False,0
2023,2023-07-31,717189,57,1,L,R,SL,8.0,125.27,201.1,-0.3743506500000142,-7.062748929999961,X,field_out,ground_ball,Pull,False,0
2023,2023-07-30,717208,25,4,L,R,FF,4.0,72.41,148.55,-132.29551971000004,124.08476212000001,X,double,ground_ball,Pull,False,0
2023,2023-07-30,717208,82,4,L,R,FF,2.0,195.61,119.28,175.17114749000004,197.13305229000005,X,double_play,fly_ball,Oppo,False,2
2023,2023-07-30,717208,41,2,R,R,FF,4.0,144.15,67.78,46.743917830000015,325.66010879000004,X,field_out,fly_ball,Straightaway,False,1
2023,2023-07-29,717216,15,2,R,R,SI,7.0,122.75,137.75,-6.663441570000005,151.03800892000004,X,field_out,line_drive,Straightaway,False,1
2023,2023-07-29,717216,68,6,R,R,SI,4.0,72.46,119.75,-132.17073616000002,195.96008692000004,X,single,line_drive,Pull,False,0
2023,2023-07-28,717234,35,3,R,R,SI,4.0,107.29,151.07,-45.24651522999999,117.79567120000006,X,force_out,ground_ball,Pull,False,0
2023,2023-07-28,717234,17,5,R,R,ST,14.0,108.88,169.32,-41.27839834000002,72.24967545000005,X,field_out,ground_ball,Pull,True,0
2023,2023-07-28,717234,67,1,R,R,SI,8.0,112.67,160.56,-31.81980525,94.11175341000003,X,field_error,ground_ball,Pull,False,0
2023,2023-07-28,717234,50,1,L,R,SI,4.0,108.35,147.52,-42.60110397000002,126.65530325,X,grounded_into_double_play,ground_ball,Pull,False,0
2023,2023-07-25,717267,26,4,R,R,SI,13.0,109.23,159.06,-40.40491349,97.85525991000003,X,force_out,ground_ball,Pull,True,0
2023,2023-07-25,717267,6,6,R,R,SI,9.0,116.34,158.55,-22.660692679999997,99.12805212,X,field_out,ground_ball,Pull,False,0
2023,2023-07-25,717267,68,3,R,R,SI,3.0,105.62,138.32,-49.414285799999995,149.61547645000005,X,field_out,ground_ball,Pull,False,0
2023,2023-07-24,717280,21,1,R,R,FC,9.0,200.66,124.72,187.77428604,183.55660205000004,X,field_out,fly_ball,Oppo,False,2
2023,2023-07-24,717280,5,4,R,R,FC,14.0,148.09,153.73,56.576861570000005,111.15718634000007,X,field_out,ground_ball,Oppo,True,2
2023,2023-07-23,717283,37,5,L,R,FF,1.0,63.52,72.55,-154.4820349,313.75575812000005,X,double,line_drive,Pull,False,0
2023,2023-07-23,717283,2,5,R,R,FF,14.0,114.15,154.7,-28.12621216999999,108.73638547000006,X,grounded_into_double_play,ground_ball,Pull,True,0
2023,2023-07-23,717283,53,2,R,R,CH,14.0,136.05,98.91,26.528982730000028,247.96987056000006,X,single,line_drive,Straightaway,True,1
2023,2023-07-22,717302,19,5,R,R,SL,14.0,115.68,153.18,-24.30783553999999,112.52980539000002,X,grounded_into_double_play,ground_ball,Pull,True,0
2023,2023-07-22,717302,2,4,R,R,CU,5.0,117.63,84.12,-19.441277090000018,284.88084465000003,X,single,line_drive,Straightaway,False,1
2023,2023-07-22,717302,59,1,R,R,FC,8.0,110.09,157.75,-38.258636429999996,101.12458892000004,X,field_out,ground_ball,Pull,False,0
2023,2023-07-21,717315,34,4,R,R,FF,8.0,129.27,67.94,9.608333350000022,325.2608014300001,X,field_out,line_drive,Straightaway,False,1
2023,2023-07-21,717315,21,2,R,R,SL,6.0,106.21,75.58,-47.94183991000002,306.19387499000004,X,triple,line_drive,Straightaway,False,1
2023,2023-07-21,717315,2,2,R,R,FF,4.0,190.14,100.23,161.51982711999997,244.67558484000003,X,field_out,fly_ball,Oppo,False,2
2023,2023-07-20,717329,44,4,R,R,SI,5.0,107.2,152.44,-45.47112562,114.37660193000004,X,field_out,ground_ball,Pull,False,0
2023,2023-07-20,717329,27,1,R,R,SI,5.0,133.61,149.9,20.439545490000032,120.71560627000002,X,grounded_into_double_play,ground_ball,Straightaway,False,1
2023,2023-07-20,717329,5,4,R,R,FC,4.0,123.8,129.7,-4.0429870200000115,171.12816047000007,X,field_out,popup,Straightaway,False,1
2023,2023-07-19,717347,42,1,R,R,SI,1.0,64.18,73.23,-152.83489204,312.05870184,X,field_out,fly_ball,Pull,False,0
2023,2023-07-19,717347,25,2,R,R,SI,3.0,167.65,86.55,105.39218633000002,278.81636412000006,X,field_out,fly_ball,Oppo,False,2
2023,2023-07-19,717347,6,7,R,R,SI,13.0,99.32,160.93,-65.13701310000003,93.18835514000001,X,field_out,ground_ball,Pull,True,0
2023,2023-07-19,717347,64,3,R,R,FF,3.0,211.01,105.51,213.60448089,231.49844196000004,X,field_out,fly_ball,Oppo,False,2
2023,2023-07-18,717363,38,3,R,R,SI,9.0,136.22,162.11,26.953246799999995,90.24346335999999,X,single,line_drive,Oppo,False,2
2023,2023-07-18,717363,20,3,R,R,CU,5.0,104.0,57.4,-53.45727282000001,351.56517377000006,X,triple,line_drive,Straightaway,False,1
2023,2023-07-18,717363,5,5,R,R,SI,5.0,208.85,107.37,208.21383153,226.85649390000003,X,field_out,line_drive,Oppo,False,2
2023,2023-07-16,717387,43,7,R,R,CU,8.0,90.94,163.13,-86.05073608000002,87.69787894000004,X,single,ground_ball,Pull,False,0
2023,2023-07-16,717387,55,2,L,R,SL,4.0,97.82,55.21,-68.88051960000003,357.03069326,X,field_out,fly_ball,Straightaway,False,1
2023,2023-07-16,717387,78,4,L,R,SI,11.0,150.82,167.3,63.39004339999998,77.29093087,X,field_out,ground_ball,Oppo,True,2
2023,2023-07-15,717397,40,6,L,R,CH,8.0,113.42,155.26,-29.948052000000004,107.33880971000006,X,field_out,ground_ball,Pull,False,0
2023,2023-07-15,717397,23,1,L,R,FF,9.0,183.45,60.33,144.82378812999997,344.25285774,X,double,fly_ball,Oppo,False,2
2023,2023-07-15,717408,24,5,L,R,CH,3.0,110.82,191.03,-36.43679660000002,18.068658040000024,X,field_out,popup,Pull,False,0
2023,2023-07-15,717408,73,3,L,R,SI,8.0,75.16,110.61,-125.43242446000002,218.77051986000004,X,single,line_drive,Pull,False,0
2023,2023-07-15,717408,6,1,L,R,FF,5.0,123.76,187.46,-4.1428138599999915,26.978203510000007,X,single,ground_ball,Straightaway,False,1
2023,2023-07-15,717397,65,1,R,R,SL,5.0,110.38,148.13,-37.53489184000002,125.13294394000005,X,force_out,ground_ball,Pull,False,0
2023,2023-07-15,717397,52,3,R,R,SC,9.0,179.22,100.04,134.2670998,245.14976233000002,X,single,line_drive,Oppo,False,2
2023,2023-07-15,717408,59,2,R,R,CH,8.0,113.93,162.89,-28.675259789999988,88.29683998000007,X,field_out,ground_ball,Pull,False,0
2023,2023-07-14,717418,39,2,R,R,KC,1.0,99.12,162.89,-65.6361473,88.29683998000007,X,field_out,ground_ball,Pull,False,0
2023,2023-07-14,717418,23,1,R,R,SL,6.0,160.6,48.75,87.79770577999999,373.1527279200001,X,field_out,fly_ball,Oppo,False,2
2023,2023-07-09,717426,43,1,L,R,FF,3.0,153.09,58.39,69.05521657000001,349.09445948,X,field_out,fly_ball,Straightaway,False,1
2023,2023-07-09,717426,60,5,R,R,FF,11.0,182.6,69.19,142.70246778,322.1412126800001,X,field_out,fly_ball,Oppo,True,2
2023,2023-07-09,717426,2,2,L,R,FF,5.0,84.4,155.05,-102.37242442,107.86290062,X,field_out,ground_ball,Pull,False,0
2023,2023-07-08,717438,42,3,L,R,SI,7.0,109.64,157.0,-39.38168838000001,102.99634217000003,X,field_out,ground_ball,Pull,False,0
2023,2023-07-08,717438,2,6,L,R,SL,7.0,32.22,82.85,-232.59653720000003,288.0503468200001,X,home_run,fly_ball,Pull,False,0
2023,2023-07-07,717466,38,4,R,R,FF,9.0,151.26,159.04,64.48813863999997,97.90517333000005,X,field_out,ground_ball,Oppo,False,2
2023,2023-07-07,717466,21,3,R,R,FF,6.0,142.63,154.97,42.95049790999999,108.06255430000003,X,field_out,ground_ball,Oppo,False,2
2023,2023-07-07,717466,2,8,R,R,CH,8.0,126.9,86.81,3.69359308000001,278.16748966000006,X,single,ground_ball,Straightaway,False,1
2023,2023-07-07,717466,58,3,L,R,FF,4.0,133.08,85.81,19.116839860000027,280.66316066,X,field_out,line_drive,Straightaway,False,1
2023,2023-07-06,717472,73,2,R,R,SI,4.0,169.14,85.7,109.11073611999997,280.93768447,X,single,line_drive,Oppo,False,2
2023,2023-07-06,717472,2,4,R,R,SL,8.0,105.28,159.51,-50.26281394000001,96.73220796000005,X,single,ground_ball,Pull,False,0
2023,2023-07-06,717472,37,1,R,R,ST,2.0,138.12,177.4,31.69502170000001,52.08465377000002,X,field_error,ground_ball,Oppo,False,2
2023,2023-07-05,717491,38,1,R,R,SL,4.0,63.03,131.46,-155.70491369,166.73577951000001,X,home_run,fly_ball,Pull,False,0
2023,2023-07-05,717491,2,6,R,R,FF,8.0,126.71,139.19,3.2194155899999806,147.44424268000003,X,field_out,ground_ball,Straightaway,False,1
2023,2023-07-05,717491,21,6,R,R,SI,5.0,180.6,94.04,137.71112578,260.12378833,X,single,line_drive,Oppo,False,2
2023,2023-07-04,717499,39,4,R,R,SI,4.0,108.11,167.71,-43.20006501000001,76.26770576000001,X,field_out,ground_ball,Pull,False,0
2023,2023-07-04,717499,18,2,R,R,FC,3.0,124.33,118.22,-2.7202813900000087,199.77846355000005,X,field_out,popup,Straightaway,False,1
2023,2023-07-02,717528,42,1,R,R,SI,11.0,148.55,185.82,57.72487023000003,31.071103950000044,X,field_out,popup,Oppo,True,2
2023,2023-07-02,717528,5,7,R,R,SL,14.0,151.65,162.89,65.46145033000002,88.29683998000007,X,field_out,ground_ball,Oppo,True,2
2023,2023-07-02,717528,73,8,R,R,FF,8.0,110.5,153.73,-37.235411320000004,111.15718634000007,X,field_out,ground_ball,Pull,False,0
2023,2023-07-01,717543,60,7,R,R,ST,5.0,187.0,82.88,153.68342018,287.97547669000005,X,field_out,fly_ball,Oppo,False,2
2023,2023-07-01,717543,51,7,L,R,SI,14.0,190.67,116.2,162.84253274999998,204.81971897000003,X,single,line_drive,Oppo,True,2
2023,2023-07-01,717543,34,6,R,R,FF,13.0,176.2,60.57,126.73017337999998,343.6538967000001,X,double,line_drive,Oppo,True,2
2023,2023-06-30,717563,47,4,R,R,SI,6.0,135.9,114.03,26.154632080000013,210.23532504000005,X,single,ground_ball,Straightaway,False,1
2023,2023-06-30,717563,26,3,R,R,ST,14.0,126.46,192.53,2.59549783999998,14.325151540000023,X,field_out,line_drive,Straightaway,True,1
2023,2023-06-30,717563,62,8,R,R,FF,4.0,127.17,71.13,4.36742425,317.29961094000004,X,field_out,line_drive,Straightaway,False,1
2023,2023-06-29,717567,38,6,R,R,CH,8.0,122.34,170.72,-7.6866666799999965,68.75573605000004,X,field_out,popup,Straightaway,False,1
2023,2023-06-29,717567,20,1,R,R,SI,7.0,173.14,111.66,119.09342011999998,216.15006531000006,X,single,line_drive,Oppo,False,2
2023,2023-06-29,717567,2,4,R,R,CH,13.0,43.76,101.82,-203.79649386,240.70746795000005,X,double,line_drive,Pull,True,0
2023,2023-06-28,717584,32,1,L,R,FC,11.0,104.84,159.69,-51.36090918,96.28298718000003,X,field_out,ground_ball,Pull,True,0
2023,2023-06-28,717584,14,3,L,R,KC,14.0,155.79,98.02,75.79352826999998,250.19101775000004,X,single,line_drive,Oppo,True,2
2023,2023-06-28,717584,53,1,R,R,SI,11.0,85.93,142.2,-98.55404779,139.93227297000007,X,field_out,popup,Pull,True,0
2023,2023-06-28,717584,2,1,L,R,KC,6.0,202.15,96.25,191.49283583000002,254.60835542000004,X,field_out,fly_ball,Oppo,False,2
2023,2023-06-27,717596,49,1,R,R,SI,4.0,127.32,144.79,4.741774899999979,133.46848508000005,X,field_out,ground_ball,Straightaway,False,1
2023,2023-06-27,717596,2,7,R,R,SI,2.0,203.69,116.69,195.33616917,203.59684018000004,X,single,line_drive,Oppo,False,2
2023,2023-06-25,717624,25,2,R,R,SL,8.0,87.39,111.21,-94.91036813000001,217.27311726000005,X,single,ground_ball,Pull,False,0
2023,2023-06-25,717624,65,6,R,R,ST,5.0,76.18,77.4,-122.88684004,301.65175377,X,field_out,fly_ball,Pull,False,0
2023,2023-06-25,717624,6,1,R,R,FF,5.0,131.58,29.27,15.373333360000029,421.76839900000004,X,home_run,fly_ball,Straightaway,False,1
2023,2023-06-24,717635,38,4,R,R,FF,14.0,88.43,82.6,-92.31487028999999,288.67426457000005,X,single,line_drive,Pull,True,0
2023,2023-06-24,717635,23,3,R,R,FF,8.0,185.27,96.76,149.36590935000004,253.33556321000003,X,field_out,fly_ball,Oppo,False,2
2023,2023-06-24,717635,6,4,R,R,FF,14.0,170.29,97.94,111.98075776999998,250.39067143000005,X,field_out,fly_ball,Oppo,True,2
2023,2023-06-23,717656,39,4,R,R,FO,7.0,88.58,74.9,-91.94051964000002,307.89093127,X,field_out,fly_ball,Pull,False,0
2023,2023-06-23,717656,51,5,R,R,FF,2.0,79.19,108.16,-115.37487033000002,224.88491381000006,X,single,ground_ball,Pull,False,0
2023,2023-06-22,717657,42,1,R,R,SI,13.0,109.74,179.69,-39.13212128000002,46.36956718000003,X,field_out,ground_ball,Pull,True,0
2023,2023-06-20,717689,39,3,R,R,FF,2.0,161.39,50.2,89.76928586999996,369.53400497,X,field_out,fly_ball,Oppo,False,2
2023,2023-06-20,717689,23,5,R,R,SL,13.0,126.27,186.96,2.121320349999986,28.226039010000008,X,field_out,ground_ball,Straightaway,True,1
2023,2023-06-20,717689,65,5,R,R,FF,9.0,152.17,52.66,66.75919924999997,363.3946543100001,X,field_out,line_drive,Straightaway,False,1
2023,2023-06-20,717689,5,2,R,R,FF,5.0,186.32,77.5,151.9863639,301.40218667000005,X,field_out,fly_ball,Oppo,False,2
2023,2023-06-18,717705,37,2,L,R,FF,3.0,127.55,188.94,5.315779229999989,23.284610430000033,X,field_out,popup,Oppo,False,2
2023,2023-06-18,717705,58,3,R,R,FF,7.0,87.03,96.05,-95.80880969,255.10748962000005,X,single,ground_ball,Pull,False,0
2023,2023-06-17,717725,38,2,R,R,SL,2.0,95.42,166.67,-74.87013,78.86320360000006,X,single,ground_ball,Pull,False,0
2023,2023-06-17,717725,17,2,R,R,FF,12.0,181.28,66.57,139.40818206,328.6798707000001,X,field_out,fly_ball,Oppo,True,2
2023,2023-06-17,717725,2,1,R,R,FF,3.0,138.53,99.53,32.718246810000004,246.42255454000005,X,field_out,fly_ball,Straightaway,False,1
2023,2023-06-17,717725,56,1,R,R,SL,1.0,32.46,97.9,-231.99757616000005,250.49049827000002,X,field_out,fly_ball,Pull,False,0
2023,2023-06-16,717735,34,2,L,R,SL,12.0,169.52,148.08,110.05909110000003,125.25772749000001,X,field_out,popup,Oppo,True,2
2023,2023-06-16,717735,17,5,L,R,FF,4.0,190.59,123.89,162.64287907000002,185.62800898000003,X,field_out,fly_ball,Oppo,False,2
2023,2023-06-16,717735,55,3,R,R,SI,1.0,100.54,160.56,-62.09229447999999,94.11175341000003,X,double_play,line_drive,Pull,False,0
2023,2023-06-16,717735,2,5,L,R,CH,8.0,123.31,44.97,-5.265865809999999,382.58636430000007,X,field_out,fly_ball,Straightaway,False,1
2023,2023-06-15,717755,33,1,R,R,FC,8.0,157.77,88.05,80.73495685000003,275.07285762000004,X,single,line_drive,Oppo,False,2
2023,2023-06-15,717755,14,3,R,R,FC,9.0,153.65,164.25,70.45279233000002,84.90272742000003,X,single,ground_ball,Oppo,False,2
2023,2023-06-15,717755,49,5,R,R,CU,2.0,66.0,110.04,-148.29277082000002,220.19305233000003,X,field_out,line_drive,Pull,False,0
2023,2023-06-15,717755,2,1,R,R,FF,1.0,42.04,111.7,-208.08904798,216.05023847000004,X,field_out,fly_ball,Pull,False,0
2023,2023-06-15,717755,66,3,R,R,SI,11.0,138.83,150.16,33.46694811000003,120.06673181000005,X,force_out,ground_ball,Oppo,True,2
2023,2023-06-14,717757,19,3,R,R,FF,9.0,196.32,129.26,176.9430739,172.22625571000006,X,double,line_drive,Oppo,False,2
2023,2023-06-14,717757,76,4,R,R,FF,11.0,171.39,138.93,114.72599586999998,148.09311714000003,X,field_error,fly_ball,Oppo,True,2
2023,2023-06-13,717775,66,4,L,R,SI,9.0,115.17,185.11,-25.58062775,32.84303035999999,X,single,ground_ball,Pull,False,0
2023,2023-06-13,717775,31,6,R,R,CU,6.0,147.96,86.39,56.25242434000002,279.21567148,X,single,line_drive,Straightaway,False,1
2023,2023-06-13,717775,47,2,L,R,CH,14.0,99.45,166.35,-64.81257587,79.66181832000005,X,field_out,ground_ball,Pull,True,0
2023,2023-06-12,717785,36,3,L,R,CU,14.0,143.47,152.54,45.046861549999996,114.12703483000006,X,field_out,ground_ball,Oppo,True,2
2023,2023-06-12,717785,62,4,R,R,SL,5.0,133.09,65.6,19.141796570000007,331.1006715700001,X,field_out,fly_ball,Straightaway,False,1
2023,2023-06-12,717785,75,2,L,R,SI,3.0,138.38,180.02,32.343896159999986,45.54599575,X,field_out,ground_ball,Oppo,False,2
2023,2023-06-11,717806,7,1,L,R,FF,14.0,115.85,120.76,-23.88357147000002,193.43945921000002,X,single,line_drive,Straightaway,True,1
2023,2023-06-11,717806,71,3,R,R,SL,14.0,152.79,165.95,68.30651526999998,80.66008672000007,X,field_out,ground_ball,Oppo,True,2
2023,2023-06-11,717806,39,4,R,R,ST,8.0,104.03,158.31,-53.382402690000006,99.72701316000003,X,field_out,ground_ball,Pull,False,0
2023,2023-06-11,717806,56,3,R,R,FF,2.0,68.93,83.73,-140.98045479,285.85415634000003,X,single,line_drive,Pull,False,0
2023,2023-06-11,717806,24,2,R,R,SL,6.0,101.6,44.28,-59.446883220000025,384.30837729000007,X,double,fly_ball,Straightaway,False,1
2023,2023-06-10,717811,46,1,R,R,SI,2.0,206.73,87.85,202.92300901,275.57199182000005,X,field_out,fly_ball,Oppo,False,2
2023,2023-06-10,717811,10,6,R,R,SI,6.0,158.28,84.7,82.00774906000001,283.43335547000004,X,single,line_drive,Oppo,False,2
2023,2023-06-09,717837,43,5,R,R,FF,4.0,96.14,74.17,-73.07324688000001,309.71277110000005,X,single,line_drive,Pull,False,0
2023,2023-06-09,717837,27,2,R,R,FF,2.0,151.34,73.95,64.68779232000001,310.26181872000006,X,field_out,line_drive,Straightaway,False,1
2023,2023-06-09,717837,9,4,R,R,SL,9.0,136.15,100.52,26.778549830000014,243.95184025000006,X,single,line_drive,Straightaway,False,1
2023,2023-06-08,717862,41,2,R,R,SL,7.0,115.49,59.22,-24.78201303000002,347.02305255000005,X,field_out,fly_ball,Straightaway,False,1
2023,2023-06-08,717862,26,5,R,R,SI,12.0,109.61,155.77,-39.45655851000001,106.06601750000002,X,field_out,ground_ball,Pull,True,0
2023,2023-06-08,717862,11,2,R,R,FF,5.0,193.77,151.28,170.57911285000003,117.27158029000003,X,field_out,fly_ball,Oppo,False,2
2023,2023-06-06,717875,7,5,L,R,CH,8.0,111.01,149.9,-35.96261910999999,120.71560627000002,X,field_out,ground_ball,Pull,False,0
2023,2023-06-06,717875,26,1,R,R,SL,5.0,88.9,52.63,-91.14190492,363.46952444000004,X,field_out,fly_ball,Pull,False,0
2023,2023-06-05,717886,39,2,L,R,FF,4.0,30.25,55.38,-237.51300907,356.6064291900001,X,home_run,fly_ball,Pull,False,0
2023,2023-06-05,717886,23,6,L,R,FC,4.0,50.8,45.94,-186.22697002000004,380.1655634300001,X,home_run,fly_ball,Pull,False,0
2023,2023-06-05,717886,57,3,R,R,SL,5.0,90.93,58.21,-86.07569278999999,349.54368026000003,X,single,line_drive,Pull,False,0
2023,2023-06-05,717886,7,6,L,R,FF,8.0,85.36,126.76,-99.97658026000002,178.46543321000001,X,single,ground_ball,Pull,False,0
2023,2023-06-05,717886,71,1,L,R,FS,13.0,100.09,169.51,-63.215346430000004,71.77549796000005,X,field_out,line_drive,Pull,True,0
2023,2023-06-04,717902,39,5,R,R,SL,14.0,98.51,142.06,-67.15850661,140.28166691000004,X,fielders_choice,ground_ball,Pull,True,0
2023,2023-06-04,717902,20,4,R,R,SL,8.0,111.5,72.71,-34.73974032000001,313.3564507600001,X,field_out,line_drive,Straightaway,False,1
2023,2023-06-04,717902,68,3,R,R,SI,5.0,201.97,98.81,191.04361505,248.21943766000004,X,field_out,line_drive,Oppo,False,2
2023,2023-06-04,717902,4,1,R,R,SL,9.0,94.83,166.33,-76.34257589000002,79.71173174,X,force_out,ground_ball,Pull,False,0
2023,2023-06-03,717914,38,4,L,R,CU,14.0,183.66,95.77,145.34787904,255.80627750000005,X,field_out,fly_ball,Oppo,True,2
2023,2023-06-03,717914,19,4,L,R,SL,7.0,26.95,105.4,-245.74872337000002,231.77296577000004,X,double,fly_ball,Pull,False,0
2023,2023-06-03,717914,7,2,L,R,FF,4.0,48.3,101.07,-192.46614752000002,242.57922120000006,X,field_out,line_drive,Pull,False,0
2023,2023-06-02,717935,48,6,R,R,SL,2.0,41.23,123.43,-210.11054149,186.77601764000002,X,double,line_drive,Pull,False,0
2023,2023-06-02,717935,32,1,R,R,SL,6.0,100.5,172.26,-62.19212132000001,64.91240271000005,X,field_out,ground_ball,Pull,False,0
2023,2023-06-02,717935,80,6,R,R,FF,5.0,178.29,87.61,131.94612576999998,276.17095286000006,X,field_out,fly_ball,Oppo,False,2
2023,2023-06-01,717934,59,4,R,R,ST,11.0,77.49,167.77,-119.61751103000003,76.11796550000001,X,field_out,popup,Pull,True,0
2023,2023-06-01,717934,2,3,R,R,SL,8.0,86.61,159.35,-96.85699151000001,97.13151532000005,X,single,ground_ball,Pull,False,0
2023,2023-05-31,717944,42,5,R,R,CU,6.0,75.0,96.42,-125.83173182000002,254.18409135000005,X,field_out,fly_ball,Pull,False,0
2023,2023-05-31,717944,17,3,R,R,SI,14.0,102.02,150.39,-58.39870140000002,119.49272748000007,X,field_out,ground_ball,Pull,True,0
2023,2023-05-31,717944,54,6,L,R,CH,14.0,94.41,167.17,-77.39075771000002,77.61536810000007,X,field_out,ground_ball,Pull,True,0
2023,2023-05-31,717944,2,6,R,R,FF,14.0,113.75,145.38,-29.124480570000006,131.99603919000003,X,field_out,ground_ball,Pull,True,0
2023,2023-05-30,717962,42,5,R,R,FF,1.0,160.96,50.33,88.69614734000002,369.20956774,X,field_out,fly_ball,Oppo,False,2
2023,2023-05-30,717962,22,2,R,R,FF,6.0,146.6,48.63,52.85831177999999,373.45220844000005,X,field_out,fly_ball,Straightaway,False,1
2023,2023-05-30,717962,2,6,R,R,FF,7.0,153.63,81.58,70.40287890999998,291.21984899000006,X,field_out,fly_ball,Oppo,False,2
2023,2023-05-28,717992,51,2,R,R,FF,9.0,204.03,124.05,196.18469731000002,185.22870162000004,X,field_out,fly_ball,Oppo,False,2
2023,2023-05-28,717992,25,5,R,R,SL,6.0,68.52,95.15,-142.00367990000004,257.35359352,X,field_out,fly_ball,Pull,False,0
2023,2023-05-28,717992,2,5,R,R,SL,6.0,104.51,80.59,-52.184480609999994,293.69056328000005,X,field_out,fly_ball,Straightaway,False,1
2023,2023-05-28,717992,70,2,R,R,FF,5.0,68.36,80.12,-142.40298726,294.86352865000003,X,field_out,line_drive,Pull,False,0
2023,2023-05-27,717997,35,3,R,R,FF,12.0,182.33,140.31,142.02863661000004,144.64909116000004,X,double,line_drive,Oppo,True,2
2023,2023-05-27,717997,17,1,R,R,CU,5.0,74.44,89.45,-127.22930758000003,271.57891822000005,X,single,line_drive,Pull,False,0
2023,2023-05-27,717997,2,5,R,R,CU,9.0,112.67,152.08,-31.81980525,115.27504349,X,field_out,ground_ball,Pull,False,0
2023,2023-05-27,717997,47,2,L,R,FF,5.0,90.85,167.83,-86.27534647000003,75.96822524,X,field_out,ground_ball,Pull,False,0
2023,2023-05-26,718019,36,3,L,R,CH,9.0,113.69,151.67,-29.27422083000001,116.29826860000007,X,field_out,ground_ball,Pull,False,0
2023,2023-05-26,718019,68,6,R,R,ST,8.0,110.06,170.46,-38.333506560000004,69.40461051000001,X,field_out,ground_ball,Pull,False,0
2023,2023-05-26,718019,54,9,L,R,FC,6.0,160.01,64.54,86.32525988999998,333.7460828300001,X,double,line_drive,Oppo,False,2
2023,2023-05-26,718019,2,4,L,R,FF,11.0,184.04,127.56,146.29623401999999,176.46889641000004,X,field_out,fly_ball,Oppo,True,2
2023,2023-05-25,718026,39,2,L,R,SL,13.0,144.0,60.82,46.36956718,343.02997895000004,X,field_out,fly_ball,Straightaway,True,1
2023,2023-05-25,718026,16,5,L,R,CH,9.0,102.97,150.86,-56.02781395000001,118.31976211,X,field_out,ground_ball,Pull,False,0
2023,2023-05-25,718026,77,1,R,R,FF,8.0,136.3,143.59,27.152900480000028,136.46329028000002,X,field_out,popup,Straightaway,False,1
2023,2023-05-25,718026,57,2,L,R,CH,8.0,193.8,79.54,170.65398298000002,296.31101783,X,field_out,fly_ball,Oppo,False,2
2023,2023-05-25,718026,2,3,L,R,CH,14.0,115.24,158.46,-25.40593078000002,99.35266251000002,X,field_out,ground_ball,Pull,True,0
2023,2023-05-24,718043,41,4,R,R,FF,3.0,142.12,166.46,41.67770570000001,79.38729451000002,X,field_out,ground_ball,Oppo,False,2
2023,2023-05-24,718043,29,1,R,R,FF,8.0,158.74,58.06,83.15575772000003,349.91803091,X,field_out,fly_ball,Oppo,False,2
2023,2023-05-24,718043,77,1,R,R,CU,1.0,63.41,47.58,-154.75655871000004,376.07266299,X,home_run,fly_ball,Pull,False,0
2023,2023-05-24,718043,7,6,R,R,FF,12.0,198.44,106.28,182.23389642,229.57677529000003,X,field_out,line_drive,Oppo,True,2
2023,2023-05-23,718060,46,1,R,R,FF,9.0,127.54,142.26,5.290822520000011,139.78253271000005,X,field_out,ground_ball,Straightaway,False,1
2023,2023-05-23,718060,5,7,R,R,FC,4.0,99.0,162.43,-65.93562782000001,89.44484864000002,X,field_out,ground_ball,Pull,False,0
2023,2023-05-23,718060,65,5,L,R,SI,9.0,146.75,150.91,53.23266243,118.19497856000004,X,field_out,ground_ball,Oppo,False,2
2023,2023-05-22,718073,43,5,L,R,CH,14.0,110.25,153.97,-37.85932907000001,110.55822530000003,X,field_out,ground_ball,Pull,True,0
2023,2023-05-22,718073,25,2,L,R,CU,11.0,79.68,110.78,-114.15199154,218.34625579000004,X,field_out,fly_ball,Pull,True,0
2023,2023-05-22,718073,58,3,R,R,SL,3.0,186.06,107.37,151.33748944,226.85649390000003,X,single,line_drive,Oppo,False,2
2023,2023-05-21,718088,36,1,L,R,FF,1.0,96.89,159.9,-71.20149363,95.75889627000002,X,field_out,ground_ball,Pull,False,0
2023,2023-05-21,718088,54,1,R,R,FF,5.0,170.21,64.92,111.78110409000003,332.79772785000006,X,double,line_drive,Oppo,False,2
2023,2023-05-19,718116,29,1,R,R,SI,7.0,104.66,163.13,-51.81012996000002,87.69787894000004,X,field_out,ground_ball,Pull,False,0
2023,2023-05-19,718116,70,3,R,R,FF,3.0,143.65,133.35,45.496082330000014,162.01896132000005,X,field_out,ground_ball,Oppo,False,2
2023,2023-05-19,718116,7,4,R,R,SI,13.0,151.8,103.31,65.83580098000003,236.98891816000003,X,field_out,fly_ball,Oppo,True,2
2023,2023-05-17,718143,29,3,R,R,SL,5.0,146.96,165.44,53.75675334000002,81.93287893000004,X,field_out,ground_ball,Oppo,False,2
2023,2023-05-17,718143,2,4,R,R,CH,13.0,104.71,170.75,-51.68534641000002,68.68086592000003,X,single,ground_ball,Pull,True,0
2023,2023-05-17,718143,62,5,R,R,FF,3.0,174.61,126.48,122.76205649000003,179.16422109000004,X,single,ground_ball,Oppo,False,2
2023,2023-05-16,718156,18,2,R,R,KC,6.0,160.13,64.18,86.62474040999999,334.64452439,X,field_out,fly_ball,Oppo,False,2
2023,2023-05-16,718156,70,5,R,R,SL,1.0,76.7,84.31,-121.58909112,284.40666716000004,X,field_out,line_drive,Pull,False,0
2023,2023-05-16,718156,2,3,R,R,FS,7.0,120.17,89.12,-13.102272750000001,272.40248965000006,X,single,ground_ball,Straightaway,False,1
2023,2023-05-15,718170,75,1,R,R,SL,4.0,161.75,184.8,90.66772743,33.61668837,X,field_out,popup,Oppo,False,2
2023,2023-05-15,718170,60,1,L,R,SI,5.0,165.92,49.33,101.07467549999997,371.70523874,X,field_out,fly_ball,Oppo,False,2
2023,2023-05-15,718170,2,3,L,R,SI,4.0,79.7,62.86,-114.10207812,337.9388101100001,X,double,line_drive,Pull,False,0
2023,2023-05-14,718174,37,6,L,R,SI,1.0,49.11,72.88,-190.44465401000002,312.93218669000004,X,field_out,fly_ball,Pull,False,0
2023,2023-05-14,718174,22,1,L,R,SI,1.0,72.67,119.35,-131.64664525,196.95835532000007,X,single,ground_ball,Pull,False,0
2023,2023-05-14,718174,58,3,R,R,ST,9.0,96.5,85.04,-72.17480532,282.58482733000005,X,single,line_drive,Pull,False,0
2023,2023-05-13,718188,15,4,R,R,SL,1.0,66.68,58.95,-146.59571454,347.69688372,X,field_out,fly_ball,Pull,False,0
2023,2023-05-13,718188,36,4,R,R,FF,6.0,115.16,147.23,-25.605584460000014,127.37904784000006,X,field_out,ground_ball,Straightaway,False,1
2023,2023-05-13,718188,52,2,L,R,FF,1.0,142.69,129.76,43.10023816999999,170.97842021000005,X,field_out,ground_ball,Oppo,False,2
2023,2023-05-12,718202,21,5,L,R,CH,12.0,187.81,138.74,155.70491369,148.56729463000002,X,field_out,fly_ball,Oppo,True,2
2023,2023-05-12,718202,57,5,R,R,SI,5.0,226.3,94.06,251.76329048000005,260.07387491000003,X,double,line_drive,Oppo,False,2
2023,2023-05-10,718233,42,2,R,R,FF,1.0,36.56,69.64,-221.76532506,321.01816073000003,X,double,line_drive,Pull,False,0
2023,2023-05-10,718233,21,6,R,R,FF,5.0,134.47,142.43,22.585822549999996,139.35826864,X,field_out,ground_ball,Straightaway,False,1
2023,2023-05-09,718244,38,3,R,R,FF,2.0,153.14,90.34,69.18000011999997,269.35777103000004,X,single,ground_ball,Oppo,False,2
2023,2023-05-09,718244,23,7,R,R,SI,1.0,110.73,170.76,-36.661406989999996,68.65590921000005,X,field_out,popup,Pull,False,0
2023,2023-05-09,718244,6,2,R,R,SI,4.0,104.5,165.31,-52.209437320000006,82.25731616000003,X,grounded_into_double_play,ground_ball,Pull,False,0
2023,2023-05-07,718270,25,2,R,R,SI,8.0,92.85,120.14,-81.28400447000003,194.98677523000003,X,single,ground_ball,Pull,False,0
2023,2023-05-07,718270,5,5,R,R,SI,8.0,116.69,136.21,-21.78720783000001,154.88134226000003,X,field_out,ground_ball,Straightaway,False,1
2023,2023-05-06,718284,43,5,R,R,SI,4.0,98.56,160.07,-67.03372306,95.33463220000004,X,field_out,ground_ball,Pull,False,0
2023,2023-05-06,718284,80,1,R,R,FC,4.0,39.68,112.95,-213.97883154000004,212.93064972000005,X,field_out,fly_ball,Pull,False,0
2023,2023-05-06,718284,5,1,R,R,SI,6.0,80.68,69.51,-111.65632054,321.34259796,X,double,line_drive,Pull,False,0
2023,2023-05-06,718284,63,4,L,R,CH,5.0,26.03,71.13,-248.04474069000003,317.29961094000004,X,home_run,fly_ball,Pull,False,0
2023,2023-05-05,718301,42,2,L,R,CH,14.0,115.25,86.83,-25.380974070000008,278.11757624000006,X,single,line_drive,Straightaway,True,1
2023,2023-05-05,718301,60,3,L,R,FS,14.0,105.74,170.34,-49.11480528000002,69.70409103000003,X,field_error,ground_ball,Pull,True,0
2023,2023-05-05,718301,7,2,L,R,FF,2.0,167.52,149.66,105.06774910000003,121.31456731000004,X,field_out,popup,Oppo,False,2
2023,2023-05-03,718327,33,5,R,R,CH,4.0,75.23,118.31,-125.25772749000001,199.55385316000005,X,field_out,fly_ball,Pull,False,0
2023,2023-05-03,718327,18,3,R,R,CH,5.0,107.86,146.88,-43.82398276000001,128.25253269000004,X,field_out,ground_ball,Pull,False,0
2023,2023-05-03,718327,74,6,R,R,SI,9.0,127.24,163.24,4.542121219999983,87.42335513,X,field_out,ground_ball,Straightaway,False,1
2023,2023-05-03,718327,2,1,R,R,FF,7.0,171.46,136.59,114.90069284000002,153.93298728000002,X,double,fly_ball,Oppo,False,2
2023,2023-05-02,718331,25,2,L,R,FF,8.0,123.21,29.22,-5.51543291000002,421.89318255000006,X,home_run,fly_ball,Straightaway,False,1
2023,2023-05-02,718331,64,6,L,R,FF,5.0,106.05,156.57,-48.341147270000015,104.06948070000006,X,field_out,ground_ball,Pull,False,0
2023,2023-05-01,718343,43,3,R,R,SL,14.0,185.45,117.99,149.81513012999997,200.35246788000006,X,single,ground_ball,Oppo,True,2
2023,2023-05-01,718343,23,5,R,R,FF,1.0,149.69,122.24,60.569935169999994,189.74586613000005,X,field_out,popup,Oppo,False,2
2023,2023-05-01,718343,62,3,L,R,SI,3.0,118.52,63.78,-17.220129900000014,335.64279279000004,X,field_out,fly_ball,Straightaway,False,1
2023,2023-04-30,718354,45,1,R,R,FF,14.0,193.91,137.53,170.92850679,151.58705654000005,X,field_out,fly_ball,Oppo,True,2
2023,2023-04-30,718354,25,4,R,R,CH,14.0,90.23,104.73,-87.82266249,233.44506534000004,X,single,fly_ball,Pull,True,0
2023,2023-04-30,718354,2,2,R,R,FF,5.0,160.93,73.33,88.62127721000002,311.80913474000005,X,field_out,fly_ball,Oppo,False,2
2023,2023-04-29,718372,19,2,R,R,FF,2.0,217.28,117.6,229.25233806000003,201.32577957000007,X,field_out,fly_ball,Oppo,False,2
2023,2023-04-29,718372,70,4,R,R,SL,9.0,173.67,131.27,120.41612574999998,167.209957,X,single,fly_ball,Oppo,False,2
2023,2023-04-28,718389,33,3,L,R,CU,9.0,118.04,187.31,-18.41805197999999,27.35255416000002,X,field_out,ground_ball,Pull,False,0
2023,2023-04-28,718389,18,5,L,R,SI,4.0,109.08,162.84,-40.77926414000001,88.42162353000002,X,field_out,ground_ball,Pull,False,0
2023,2023-04-28,718389,2,4,L,R,SI,9.0,100.33,137.8,-62.61638539000001,150.91322537000002,X,field_out,ground_ball,Pull,False,0
2023,2023-04-28,718389,53,1,R,R,FF,9.0,166.4,82.32,102.27259758000002,289.37305245000005,X,field_out,fly_ball,Oppo,False,2
2023,2023-04-27,718404,40,2,R,R,CU,14.0,114.82,152.44,-26.454112600000023,114.37660193000004,X,force_out,ground_ball,Pull,True,0
2023,2023-04-27,718404,21,4,R,R,CU,9.0,119.74,191.58,-14.175411280000018,16.696038989999995,X,field_out,ground_ball,Pull,False,0
2023,2023-04-27,718404,5,3,R,R,CU,5.0,109.2,152.95,-40.47978362,113.10380972000006,X,field_out,ground_ball,Pull,False,0
2023,2023-04-26,718415,43,6,R,R,SL,14.0,129.65,155.36,10.55668833000001,107.08924261,X,field_out,ground_ball,Straightaway,True,1
2023,2023-04-26,718415,26,3,R,R,KC,5.0,174.98,80.59,123.68545475999998,293.69056328000005,X,field_out,line_drive,Oppo,False,2
2023,2023-04-26,718415,5,3,R,R,FF,11.0,104.59,129.33,-51.98482693,172.05155874000002,X,field_out,popup,Pull,True,0
2023,2023-04-26,718415,59,3,L,R,SI,14.0,147.4,100.6,54.85484858000002,243.75218657000005,X,single,line_drive,Oppo,True,2
2023,2023-04-25,718430,5,1,L,R,CU,7.0,95.36,167.1,-75.01987026,77.79006507000004,X,field_out,ground_ball,Pull,False,0
2023,2023-04-23,718458,22,4,R,R,SL,5.0,165.78,107.92,100.72528156000001,225.48387485000003,X,field_out,fly_ball,Oppo,False,2
2023,2023-04-23,718458,59,6,R,R,SL,5.0,110.75,195.19,-36.61149357000001,7.686666680000032,X,field_out,popup,Pull,False,0
2023,2023-04-23,718458,6,1,R,R,SI,4.0,59.26,54.86,-165.11359336,357.9041781100001,X,home_run,fly_ball,Pull,False,0
2023,2023-04-22,718475,41,2,L,R,FF,4.0,97.8,171.27,-68.93043302000002,67.383117,X,force_out,ground_ball,Pull,False,0
2023,2023-04-22,718475,22,4,L,R,FF,7.0,111.52,149.9,-34.689826900000014,120.71560627000002,X,field_out,ground_ball,Pull,False,0
2023,2023-04-21,718493,23,3,R,R,CU,2.0,105.55,154.24,-49.588982770000015,109.88439413000002,X,single,ground_ball,Pull,False,0
2023,2023-04-21,718493,68,3,L,R,SI,1.0,159.9,194.96,86.05073608000002,8.260671010000006,X,field_out,popup,Oppo,False,2
2023,2023-04-21,718493,8,1,R,R,FC,2.0,138.43,51.01,32.46867971000002,367.5125114600001,X,field_out,fly_ball,Straightaway,False,1
2023,2023-04-20,718498,23,2,R,R,SL,12.0,144.69,96.99,48.09158016999999,252.76155888000005,X,field_out,fly_ball,Straightaway,True,1
2023,2023-04-20,718498,62,5,R,R,SI,4.0,70.24,122.41,-137.71112578000003,189.32160206000006,X,double,ground_ball,Pull,False,0
2023,2023-04-20,718498,7,3,R,R,SL,9.0,100.86,155.36,-61.29367976000001,107.08924261,X,field_out,ground_ball,Pull,False,0
2023,2023-04-19,718510,48,3,L,R,FF,5.0,97.61,73.02,-69.40461051000001,312.58279275000007,X,field_out,line_drive,Pull,False,0
2023,2023-04-19,718510,20,7,R,R,FF,6.0,129.23,68.61,9.508506509999972,323.58870186000007,X,single,line_drive,Straightaway,False,1
2023,2023-04-19,718510,32,2,L,R,SL,4.0,42.38,111.24,-207.24051984,217.19824713000006,X,double,ground_ball,Pull,False,0
2023,2023-04-19,718510,2,5,R,R,SL,5.0,58.2,61.31,-167.75900462,341.80710016000006,X,home_run,line_drive,Pull,False,0
2023,2023-04-18,718525,36,2,R,R,CH,11.0,119.87,143.54,-13.850974049999994,136.58807383000007,X,field_out,ground_ball,Straightaway,True,1
2023,2023-04-18,718543,23,7,R,R,CH,8.0,111.39,147.79,-35.01426413000001,125.98147208000006,X,field_out,ground_ball,Pull,False,0
2023,2023-04-18,718525,2,4,R,R,FC,6.0,164.11,66.54,96.55751099000004,328.75474083000006,X,field_out,fly_ball,Oppo,False,2
2023,2023-04-18,718543,41,4,R,R,SI,8.0,158.29,63.45,82.03270576999998,336.46636422,X,field_out,fly_ball,Oppo,False,2
2023,2023-04-16,718554,28,2,R,R,SL,6.0,188.97,118.17,158.59989205,199.90324710000004,X,single,line_drive,Oppo,False,2
2023,2023-04-16,718554,11,4,R,R,CH,8.0,118.89,144.58,-16.296731630000004,133.99257599,X,single,ground_ball,Straightaway,False,1
2023,2023-04-16,718554,2,3,R,R,SL,14.0,116.51,148.55,-22.236428609999994,124.08476212000001,X,single,ground_ball,Straightaway,True,1
2023,2023-04-15,718566,40,3,R,R,FC,8.0,106.41,146.69,-47.44270571000002,128.72671018000005,X,fielders_choice,ground_ball,Pull,False,0
2023,2023-04-15,718566,20,1,R,R,FC,11.0,126.74,132.11,3.294285719999983,165.11359336,X,field_out,line_drive,Straightaway,True,1
2023,2023-04-15,718566,64,2,R,R,FF,11.0,144.66,163.77,48.01671003999999,86.1006495,X,field_out,ground_ball,Oppo,True,2
2023,2023-04-14,718586,19,1,R,R,CH,11.0,106.3,169.28,-47.71722952000002,72.34950229000003,X,field_out,ground_ball,Pull,True,0
2023,2023-04-14,718586,33,2,R,R,CH,5.0,199.23,130.18,184.20547650999998,169.93023839000003,X,field_out,fly_ball,Oppo,False,2
2023,2023-04-14,718586,71,2,R,R,FC,3.0,170.5,93.78,112.50484868000001,260.77266279,X,single,line_drive,Oppo,False,2
2023,2023-04-14,718586,53,4,L,R,FF,2.0,184.49,71.1,147.41928597000003,317.37448107000006,X,field_out,fly_ball,Oppo,False,2
2023,2023-04-14,718586,2,3,R,R,SL,9.0,83.67,85.21,-104.19426425,282.16056326000006,X,single,line_drive,Pull,False,0
2023,2023-04-13,718597,36,6,L,R,FF,4.0,110.95,150.14,-36.11235937,120.11664523000007,X,field_out,ground_ball,Pull,False,0
2023,2023-04-13,718597,61,6,L,R,SI,5.0,123.55,45.97,-4.666904770000012,380.09069330000005,X,field_out,fly_ball,Straightaway,False,1
2023,2023-04-13,718597,2,1,L,R,SI,8.0,150.41,91.6,62.36681828999999,266.2132255700001,X,single,line_drive,Oppo,False,2
2023,2023-04-12,718609,41,6,R,R,CU,13.0,112.28,155.77,-32.793116940000004,106.06601750000002,X,field_out,ground_ball,Pull,True,0
2023,2023-04-12,718609,21,3,R,R,FF,2.0,190.6,69.01,162.66783578,322.59043346,X,double,fly_ball,Oppo,False,2
2023,2023-04-12,718609,79,4,L,R,ST,13.0,113.96,115.03,-28.600389660000022,207.73965404000003,X,field_out,fly_ball,Straightaway,True,1
2023,2023-04-12,718609,6,5,R,R,FF,14.0,131.08,107.92,14.125497860000028,225.48387485000003,X,single,line_drive,Straightaway,True,1
2023,2023-04-12,718609,63,3,R,R,SI,13.0,99.67,167.9,-64.26352825000001,75.79352827000002,X,field_out,ground_ball,Pull,True,0
2023,2023-04-11,718619,38,3,L,R,FF,1.0,140.72,192.65,38.183766299999995,14.025671020000013,X,field_out,popup,Oppo,False,2
2023,2023-04-11,718619,23,2,L,R,FF,1.0,131.14,85.02,14.275238119999964,282.63474075000005,X,field_out,fly_ball,Straightaway,False,1
2023,2023-04-11,718619,80,2,R,R,SI,4.0,139.58,61.0,35.33870136000003,342.58075817,X,field_out,fly_ball,Straightaway,False,1
2023,2023-04-11,718619,60,3,R,R,SL,12.0,169.68,111.21,110.45839846000003,217.27311726000005,X,field_out,line_drive,Oppo,True,2
2023,2023-04-11,718619,5,1,L,R,FF,9.0,163.88,92.54,95.98350665999999,263.86729483000005,X,field_out,fly_ball,Oppo,False,2
2023,2023-04-10,718633,40,1,R,R,SI,8.0,114.08,166.15,-28.300909140000012,80.16095252000002,X,single,ground_ball,Pull,False,0
2023,2023-04-10,718633,24,5,R,R,SL,14.0,153.68,106.84,70.52766246000002,228.17919953000003,X,single,line_drive,Oppo,True,2
2023,2023-04-10,718633,52,4,L,R,FC,4.0,66.67,109.49,-146.62067125000002,221.56567138000005,X,single,line_drive,Pull,False,0
2023,2023-04-10,718633,7,2,R,R,CH,5.0,152.58,80.8,67.78242436000004,293.16647237000006,X,field_out,fly_ball,Oppo,False,2
2023,2023-04-09,718652,20,2,R,R,CH,5.0,98.87,149.39,-66.26006505,121.98839848000007,X,field_out,popup,Pull,False,0
2023,2023-04-09,718652,62,4,R,R,CH,13.0,66.85,98.69,-146.17145047000002,248.51891818000004,X,field_out,line_drive,Pull,True,0
2023,2023-04-09,718652,5,3,R,R,ST,6.0,129.73,60.24,10.75634200999997,344.47746813000003,X,field_out,fly_ball,Straightaway,False,1
2023,2023-04-07,718685,38,1,R,R,SL,8.0,118.69,153.93,-16.79586583000001,110.65805214000002,X,single,ground_ball,Straightaway,False,1
2023,2023-04-07,718685,17,3,R,R,FF,7.0,143.85,72.36,45.995216529999986,314.22993561000004,X,field_out,fly_ball,Straightaway,False,1
2023,2023-04-07,718685,56,5,R,R,SL,8.0,124.47,101.03,-2.3708874500000072,242.67904804000005,X,single,ground_ball,Straightaway,False,1
2023,2023-04-05,718699,19,3,R,R,SL,14.0,114.74,166.13,-26.65376628000002,80.21086594000005,X,single,ground_ball,Pull,True,0
2023,2023-04-05,718699,60,2,R,R,SI,6.0,116.4,145.26,-22.51095241999999,132.29551971000006,X,field_out,ground_ball,Straightaway,False,1
2023,2023-04-04,718710,16,3,R,R,CU,5.0,128.75,75.37,8.310584429999997,306.7179659,X,field_out,line_drive,Straightaway,False,1
2023,2023-04-04,718710,48,4,R,R,SI,4.0,83.24,113.77,-105.26740278000003,210.88419950000005,X,single,ground_ball,Pull,False,0
2023,2023-04-04,718710,33,4,R,R,ST,12.0,156.41,111.66,77.34084428999999,216.15006531000006,X,single,line_drive,Oppo,True,2
2023,2023-04-04,718710,1,1,R,R,FF,3.0,124.36,213.97,-2.6454112600000057,-39.182034699999974,X,field_out,popup,Pull,False,0
2023,2023-04-03,718725,37,2,L,R,FF,8.0,106.08,167.17,-48.266277140000014,77.61536810000007,X,field_out,ground_ball,Pull,False,0
2023,2023-04-03,718725,21,2,L,R,ST,12.0,179.06,103.51,133.86779244000002,236.48978396000004,X,single,line_drive,Oppo,True,2
2023,2023-04-03,718725,59,4,R,R,SL,6.0,115.27,84.23,-25.331060650000015,284.60632084,X,single,line_drive,Straightaway,False,1
2023,2023-04-03,718725,1,6,L,R,FC,1.0,108.62,158.53,-41.9272728,99.17796554000003,X,field_out,popup,Pull,False,0
2023,2023-04-02,718739,34,6,L,R,FC,9.0,182.62,114.18,142.75238120000003,209.86097439000002,X,single,line_drive,Oppo,False,2
2023,2023-04-02,718739,18,1,L,R,CH,6.0,70.35,64.26,-137.43660197000003,334.44487071,X,field_out,fly_ball,Pull,False,0
2023,2023-04-02,718739,51,3,L,R,FF,8.0,200.99,83.71,188.59785747000004,285.9040697600001,X,field_out,fly_ball,Oppo,False,2
2023,2023-04-02,718739,1,3,L,R,SI,9.0,121.54,71.98,-9.683203479999989,315.17829059,X,double,line_drive,Straightaway,False,1
2023,2023-04-01,718752,39,3,R,R,SL,14.0,216.22,99.88,226.6069268,245.54906969000007,X,triple,fly_ball,Oppo,True,2
2023,2023-04-01,718752,21,2,R,R,SL,3.0,146.9,152.36,53.607013080000016,114.57625561,X,field_out,ground_ball,Oppo,False,2
2023,2023-04-01,718752,59,1,R,R,SL,6.0,101.74,157.99,-59.09748928000002,100.52562788000002,X,single,ground_ball,Pull,False,0
2023,2023-04-01,718752,87,5,L,R,FF,2.0,113.48,44.25,-29.798311739999995,384.38324742000003,X,field_out,fly_ball,Straightaway,False,1
2023,2023-03-30,718779,17,2,R,R,SL,9.0,211.44,120.16,214.67761942,194.93686181000004,X,triple,ground_ball,Oppo,False,2
2023,2023-03-30,718779,55,5,L,R,FF,5.0,156.02,102.14,76.36753260000003,239.90885323000003,X,field_out,fly_ball,Oppo,False,2
2023,2023-03-30,718779,75,1,R,R,FF,12.0,166.49,146.17,102.49720797000002,130.02445910000006,X,field_out,popup,Oppo,True,2
2024,2024-09-29,744798,35,2,R,R,CU,14.0,159.81,144.5,85.82612569000001,134.19222967000005,X,field_out,popup,Oppo,True,2
2024,2024-09-29,744798,19,2,R,R,CU,14.0,109.78,151.65,-39.03229444,116.34818202000002,X,field_out,ground_ball,Pull,True,0
2024,2024-09-29,744798,2,1,R,R,FF,4.0,75.04,121.15,-125.73190498,192.46614752000002,X,single,ground_ball,Pull,False,0
2024,2024-09-29,744798,55,2,R,R,FF,5.0,123.26,99.83,-5.390649359999992,245.67385324000006,X,single,ground_ball,Straightaway,False,1
2024,2024-09-28,744799,57,3,L,R,CH,13.0,48.83,61.27,-191.14344189000002,341.90692700000005,X,home_run,fly_ball,Pull,True,0
2024,2024-09-28,744799,2,3,L,R,FF,5.0,156.56,123.14,77.71519494,187.49976223000004,X,field_out,popup,Oppo,False,2
2024,2024-09-27,744797,27,3,R,R,FF,13.0,114.21,151.91,-27.976471910000022,115.69930756000004,X,force_out,ground_ball,Pull,True,0
2024,2024-09-27,744797,2,1,R,R,SL,7.0,66.5,108.1,-147.04493532,225.03465407000004,X,field_out,fly_ball,Pull,False,0
2024,2024-09-25,745521,37,4,R,R,SI,4.0,100.5,161.07,-62.19212132000001,92.83896120000006,X,force_out,ground_ball,Pull,False,0
2024,2024-09-25,745521,19,5,R,R,FF,3.0,129.45,165.52,10.057554129999968,81.73322525,X,field_out,ground_ball,Straightaway,False,1
2024,2024-09-25,745521,56,5,R,R,FC,8.0,144.8,156.96,48.36610398000003,103.09616901000001,X,field_out,ground_ball,Oppo,False,2
2024,2024-09-25,745521,72,2,R,R,SI,4.0,30.45,111.22,-237.01387487000002,217.24816055000005,X,double,ground_ball,Pull,False,0
2024,2024-09-25,745521,6,2,R,R,FC,5.0,48.72,53.63,-191.41796570000002,360.9738534400001,X,home_run,line_drive,Pull,False,0
2024,2024-09-24,745526,29,1,L,R,FF,4.0,96.2,160.56,-72.92350662,94.11175341000003,X,field_out,ground_ball,Pull,False,0
2024,2024-09-24,745526,46,1,L,R,SI,8.0,178.6,146.83,132.71978378,128.37731624,X,field_out,fly_ball,Oppo,False,2
2024,2024-09-24,745526,6,2,L,R,FF,4.0,92.33,157.65,-82.58175339000002,101.37415602000002,X,field_out,ground_ball,Pull,False,0
2024,2024-09-23,745527,52,3,R,R,FC,9.0,118.76,160.35,-16.621168859999994,94.63584432000005,X,field_out,ground_ball,Straightaway,False,1
2024,2024-09-23,745527,35,2,R,R,FC,8.0,102.5,133.88,-57.20077932000001,160.69625569000004,X,field_out,popup,Pull,False,0
2024,2024-09-23,745527,72,3,R,R,ST,6.0,121.21,147.73,-10.50677491000002,126.13121234000006,X,field_out,ground_ball,Straightaway,False,1
2024,2024-09-23,745527,22,1,R,R,ST,5.0,50.54,122.54,-186.87584448,188.99716483000003,X,double,line_drive,Pull,False,0
2024,2024-09-23,745527,6,5,R,R,FF,14.0,153.84,165.51,70.92696982000001,81.75818196000006,X,field_out,ground_ball,Oppo,True,2
2024,2024-09-22,745767,21,6,R,R,FF,11.0,69.03,118.39,-140.73088769,199.35419948000003,X,field_out,fly_ball,Pull,True,0
2024,2024-09-22,745767,36,5,R,R,ST,9.0,116.91,161.77,-21.238160210000014,91.0919915,X,field_out,ground_ball,Pull,False,0
2024,2024-09-22,745767,2,4,R,R,SL,8.0,108.82,58.61,-41.428138600000025,348.5454118600001,X,single,line_drive,Straightaway,False,1
2024,2024-09-22,745767,56,1,R,R,FF,4.0,134.28,91.78,22.11164506,265.76400479000006,X,single,fly_ball,Straightaway,False,1
2024,2024-09-21,745768,27,4,L,R,CH,9.0,116.09,155.04,-23.284610429999997,107.88785733000006,X,field_out,ground_ball,Pull,False,0
2024,2024-09-21,745768,70,3,R,R,SL,9.0,108.11,149.88,-43.20006501000001,120.76551969000005,X,field_out,ground_ball,Pull,False,0
2024,2024-09-21,745768,2,3,L,R,SI,12.0,112.27,72.34,-32.81807365000002,314.27984903000004,X,field_out,fly_ball,Straightaway,True,1
2024,2024-09-20,745770,21,5,L,R,FF,4.0,82.37,148.99,-107.43863655,122.98666688000002,X,field_out,line_drive,Pull,False,0
2024,2024-09-20,745770,64,1,L,R,SI,5.0,38.31,88.75,-217.39790081,273.32588792000007,X,field_out,fly_ball,Pull,False,0
2024,2024-09-20,745770,51,5,R,R,FC,14.0,174.42,128.72,122.28787899999998,173.57391805000003,X,single,fly_ball,Oppo,True,2
2024,2024-09-20,745770,2,3,L,R,FF,12.0,179.1,82.4,133.96761927999998,289.17339877,X,field_out,fly_ball,Oppo,True,2
2024,2024-09-20,745770,33,3,R,R,FF,6.0,179.18,112.24,134.16727296000002,214.70257613000007,X,single,ground_ball,Oppo,False,2
2024,2024-09-19,745769,44,1,R,R,ST,5.0,189.42,92.41,159.72294399999998,264.19173206000005,X,field_out,fly_ball,Oppo,False,2
2024,2024-09-19,745769,20,2,R,R,SI,4.0,35.99,46.28,-223.18785753000003,379.31703529000004,X,home_run,fly_ball,Pull,False,0
2024,2024-09-19,745769,80,3,R,R,FF,5.0,208.75,105.67,207.96426443000001,231.09913460000004,X,field_out,fly_ball,Oppo,False,2
2024,2024-09-18,745933,19,2,R,R,FF,5.0,195.39,112.95,174.62209986999997,212.93064972000005,X,field_out,fly_ball,Oppo,False,2
2024,2024-09-18,745933,54,3,R,R,FF,12.0,149.23,155.98,59.42192650999998,105.54192659000006,X,force_out,ground_ball,Oppo,True,2
2024,2024-09-18,745933,39,3,R,R,SL,4.0,91.66,104.04,-84.25385296000002,235.16707833000004,X,single,line_drive,Pull,False,0
2024,2024-09-17,745935,18,2,R,R,FF,6.0,117.37,81.18,-20.090151549999995,292.21811739000003,X,single,line_drive,Straightaway,False,1
2024,2024-09-17,745935,67,1,R,R,SL,8.0,124.97,94.05,-1.1230519500000071,260.09883162000006,X,single,line_drive,Straightaway,False,1
2024,2024-09-17,745935,51,1,L,R,CU,4.0,51.1,114.86,-185.47826872,208.16391811000005,X,single,line_drive,Pull,False,0
2024,2024-09-17,745935,2,5,R,R,FC,9.0,112.68,147.85,-31.79484853999999,125.83173182000004,X,field_out,ground_ball,Pull,False,0
2024,2024-09-16,745939,43,2,R,R,SI,3.0,90.23,92.04,-87.82266249,265.11513033000006,X,single,line_drive,Pull,False,0
2024,2024-09-16,745939,19,2,R,R,SI,4.0,156.12,128.52,76.61709970000001,174.07305225000002,X,single,ground_ball,Oppo,False,2
2024,2024-09-16,745939,58,4,R,R,FF,12.0,158.62,100.7,82.85627720000001,243.50261947000004,X,field_out,fly_ball,Oppo,True,2
2024,2024-09-15,745530,41,1,L,R,CH,9.0,97.18,46.89,-70.47774903999999,377.79467598,X,double,line_drive,Straightaway,False,1
2024,2024-09-15,745530,6,7,L,R,CH,8.0,106.82,147.62,-46.41948060000003,126.40573615000002,X,field_out,ground_ball,Pull,False,0
2024,2024-09-15,745530,60,5,R,R,FC,11.0,165.75,92.88,100.65041143,263.01876669000006,X,field_out,fly_ball,Oppo,True,2
2024,2024-09-14,745528,32,1,R,R,SI,4.0,139.77,163.29,35.812878850000025,87.29857158000006,X,field_out,ground_ball,Oppo,False,2
2024,2024-09-13,745529,48,2,L,R,SI,14.0,169.8,102.52,110.75787898000003,238.96049825000006,X,field_out,line_drive,Oppo,True,2
2024,2024-09-13,745529,25,3,L,R,CH,12.0,118.48,180.97,-17.319956739999995,43.17510830000003,X,field_out,ground_ball,Pull,True,0
2024,2024-09-13,745529,7,1,L,R,CU,2.0,148.62,57.48,57.899567200000014,351.3655200900001,X,field_out,fly_ball,Straightaway,False,1
2024,2024-09-11,745525,46,1,R,R,SL,5.0,99.87,163.4,-63.76439405,87.02404777000002,X,field_out,ground_ball,Pull,False,0
2024,2024-09-11,745525,25,5,R,R,CU,8.0,123.33,56.01,-5.215952390000009,355.0341564600001,X,field_out,line_drive,Straightaway,False,1
2024,2024-09-11,745525,6,3,R,R,FF,5.0,112.34,136.55,-32.643376679999996,154.03281412,X,single,ground_ball,Straightaway,False,1
2024,2024-09-11,745525,61,4,R,R,ST,14.0,109.63,155.77,-39.40664509000002,106.06601750000002,X,field_out,ground_ball,Pull,True,0
2024,2024-09-10,745535,45,1,R,R,FC,8.0,106.25,164.63,-47.84201307000001,83.95437244000004,X,field_out,ground_ball,Pull,False,0
2024,2024-09-10,745535,27,6,R,R,FF,1.0,57.52,54.26,-169.45606090000004,359.4015807100001,X,home_run,fly_ball,Pull,False,0
2024,2024-09-10,745535,75,3,R,R,FC,5.0,49.75,67.15,-188.84742457000002,327.23238152000005,X,home_run,fly_ball,Pull,False,0
2024,2024-09-10,745535,63,1,R,R,SI,4.0,158.03,118.34,81.38383131,199.47898303000002,X,single,ground_ball,Oppo,False,2
2024,2024-09-09,745534,23,5,L,R,FF,1.0,115.33,156.79,-25.18132039000001,103.52043308000006,X,field_out,popup,Pull,False,0
2024,2024-09-09,745534,65,5,R,R,SI,6.0,180.87,71.75,138.38495695000003,315.75229492000005,X,field_out,line_drive,Oppo,False,2
2024,2024-09-09,745534,6,4,R,R,FF,9.0,144.28,150.68,47.06835506,118.76898289000002,X,field_out,ground_ball,Oppo,False,2
2024,2024-09-09,745534,43,5,R,R,SI,6.0,161.73,120.47,90.61781400999998,194.16320380000005,X,single,ground_ball,Oppo,False,2
2024,2024-09-08,746017,32,4,R,R,FF,6.0,145.62,129.93,50.41255420000001,170.55415614000003,X,double_play,line_drive,Oppo,False,2
2024,2024-09-08,746017,2,5,R,R,CU,9.0,88.71,79.33,-91.61608241000003,296.83510874000007,X,field_out,line_drive,Pull,False,0
2024,2024-09-07,746018,21,3,R,R,ST,14.0,163.99,91.19,96.25803047000002,267.2364506800001,X,field_out,line_drive,Oppo,True,2
2024,2024-09-07,746018,42,3,R,R,FF,3.0,196.77,106.03,178.06612585000005,230.20069304000003,X,field_out,fly_ball,Oppo,False,2
2024,2024-09-06,746016,14,2,L,R,SI,8.0,66.86,50.01,-146.14649376000003,370.00818246000006,X,home_run,fly_ball,Pull,False,0
2024,2024-09-06,746016,44,1,R,R,SL,9.0,184.31,143.82,146.97006519,135.88928595000004,X,double,line_drive,Oppo,False,2
2024,2024-09-06,746016,26,2,L,R,FF,5.0,175.35,107.4,124.60885302999999,226.78162377000004,X,field_out,fly_ball,Oppo,False,2
2024,2024-09-06,746016,72,3,R,R,FA,5.0,145.68,150.03,50.56229446000002,120.39116904000004,X,grounded_into_double_play,ground_ball,Oppo,False,2
2024,2024-09-06,746016,2,2,L,R,CH,14.0,72.27,114.08,-132.64491365000003,210.11054149000006,X,single,ground_ball,Pull,True,0
2024,2024-09-05,746021,35,1,R,R,CU,8.0,58.24,89.39,-167.65917778000002,271.72865848000004,X,field_out,line_drive,Pull,False,0
2024,2024-09-05,746021,18,1,R,R,SV,5.0,118.99,55.14,-16.047164530000018,357.20539023000003,X,field_out,fly_ball,Straightaway,False,1
2024,2024-09-05,746021,48,5,L,R,FF,5.0,133.95,52.15,21.288073629999968,364.66744652000006,X,field_out,fly_ball,Straightaway,False,1
2024,2024-09-05,746021,71,4,R,R,SI,1.0,103.99,124.71,-53.48222953000002,183.58155876000006,X,field_out,fly_ball,Pull,False,0
2024,2024-09-04,744887,36,7,R,R,FF,14.0,131.88,142.45,16.122034659999986,139.30835522000007,X,field_out,ground_ball,Straightaway,True,1
2024,2024-09-04,744887,17,1,R,R,SL,9.0,104.28,170.12,-52.75848494,70.25313865000003,X,grounded_into_double_play,ground_ball,Pull,False,0
2024,2024-09-04,744887,2,5,R,R,FF,2.0,154.52,59.65,72.62402610000002,345.94991402000005,X,field_out,fly_ball,Straightaway,False,1
2024,2024-09-03,744891,40,1,R,R,SI,4.0,124.29,150.11,-2.8201082299999887,120.19151536,X,single,ground_ball,Straightaway,False,1
2024,2024-09-03,744891,27,3,R,R,ST,12.0,110.34,165.88,-37.63471868,80.83478369000004,X,field_error,ground_ball,Pull,True,0
2024,2024-09-03,744891,56,4,L,R,FC,6.0,164.07,80.8,96.45768414999999,293.16647237000006,X,single,line_drive,Oppo,False,2
2024,2024-09-03,744891,2,3,R,R,SL,6.0,45.45,115.55,-199.57880987000001,206.44190512000006,X,double,ground_ball,Pull,False,0
2024,2024-09-03,744891,70,1,L,R,CU,8.0,56.47,82.99,-172.07651545000002,287.70095288000005,X,field_out,line_drive,Pull,False,0
2024,2024-09-01,745536,43,3,R,R,FC,12.0,162.48,106.6,92.48956725999997,228.77816057000007,X,single,line_drive,Oppo,True,2
2024,2024-09-01,745536,6,1,R,R,FF,9.0,132.69,82.36,18.143528169999993,289.27322561000005,X,field_out,line_drive,Straightaway,False,1
2024,2024-08-31,745532,43,9,L,R,FF,1.0,48.47,62.21,-192.04188345000003,339.56099626,X,home_run,fly_ball,Pull,False,0
2024,2024-08-31,745532,5,2,L,R,FF,13.0,85.91,157.4,-98.60396121000002,101.99807377000002,X,field_out,ground_ball,Pull,True,0
2024,2024-08-30,745533,42,6,R,R,FF,9.0,135.98,71.46,26.35428575999997,316.4760395100001,X,field_out,line_drive,Straightaway,False,1
2024,2024-08-30,745533,65,10,R,R,FF,5.0,127.48,78.26,5.141082260000006,299.50547671000004,X,field_out,fly_ball,Straightaway,False,1
2024,2024-08-30,745533,5,4,R,R,FF,7.0,101.61,167.98,-59.42192651000001,75.59387459000006,X,field_out,ground_ball,Pull,False,0
2024,2024-08-29,745531,41,4,R,R,CU,8.0,100.6,167.47,-61.94255422000003,76.86666680000003,X,force_out,ground_ball,Pull,False,0
2024,2024-08-29,745531,25,5,R,R,FF,5.0,154.86,71.07,73.47255424000004,317.4493512000001,X,field_out,fly_ball,Oppo,False,2
2024,2024-08-29,745531,6,2,R,R,CU,4.0,91.26,89.51,-85.25212136,271.42917796000006,X,field_out,fly_ball,Pull,False,0
2024,2024-08-28,745541,69,8,R,R,CU,14.0,121.88,102.51,-8.834675340000016,238.98545496000003,X,single,line_drive,Straightaway,True,1
2024,2024-08-28,745541,48,4,R,R,ST,6.0,128.59,192.75,7.911277070000005,13.776103920000027,X,field_out,ground_ball,Oppo,False,2
2024,2024-08-28,745541,7,2,R,R,FC,1.0,97.17,166.46,-70.50270575,79.38729451000002,X,field_out,ground_ball,Pull,False,0
2024,2024-08-27,745540,40,2,R,R,FF,3.0,71.41,75.5,-134.79119071000002,306.39352867,X,field_out,line_drive,Pull,False,0
2024,2024-08-27,745540,22,5,R,R,FF,14.0,168.31,123.94,107.03932919,185.50322543000004,X,single,ground_ball,Oppo,True,2
2024,2024-08-27,745540,55,2,L,R,FC,5.0,169.96,78.68,111.15718634000002,298.45729489,X,single,line_drive,Oppo,False,2
2024,2024-08-26,745538,24,1,R,R,SL,4.0,78.1,105.38,-118.09515172000003,231.82287919000007,X,single,ground_ball,Pull,False,0
2024,2024-08-26,745538,58,5,R,R,FF,11.0,48.43,129.16,-192.14171029000005,172.47582281000004,X,double,line_drive,Pull,True,0
2024,2024-08-26,745538,6,7,R,R,SL,2.0,111.47,149.15,-34.81461045000001,122.58735952000002,X,fielders_choice,ground_ball,Pull,False,0
2024,2024-08-25,746263,34,1,R,R,SV,9.0,145.0,164.0,48.86523818,85.52664517000004,X,field_out,ground_ball,Oppo,False,2
2024,2024-08-25,746263,20,1,R,R,SI,8.0,99.99,168.7,-63.464913530000025,73.79699147000007,X,field_out,ground_ball,Pull,False,0
2024,2024-08-25,746263,68,3,L,R,CH,6.0,133.68,62.58,20.614242460000014,338.63759799,X,field_out,line_drive,Straightaway,False,1
2024,2024-08-25,746263,2,2,R,R,SI,9.0,122.43,134.55,-7.462056289999988,159.02415612000001,X,single,ground_ball,Straightaway,False,1
2024,2024-08-25,746263,52,2,L,R,CH,14.0,110.15,152.93,-38.108896169999994,113.15372314000001,X,grounded_into_double_play,ground_ball,Pull,True,0
2024,2024-08-24,746271,34,4,R,R,SL,14.0,111.97,159.21,-33.56677495000001,97.48090926000002,X,single,ground_ball,Pull,True,0
2024,2024-08-24,746271,18,5,R,R,SI,8.0,169.03,118.34,108.83621231000001,199.47898303000002,X,single,ground_ball,Oppo,False,2
2024,2024-08-24,746271,66,2,L,R,FF,2.0,159.48,113.92,85.00255425999998,210.50984885000003,X,single,ground_ball,Oppo,False,2
2024,2024-08-24,746271,2,6,R,R,SI,5.0,151.26,156.49,64.48813863999997,104.26913438000001,X,field_out,ground_ball,Oppo,False,2
2024,2024-08-24,746271,52,5,R,R,SL,8.0,76.4,83.6,-122.33779242,286.1785935700001,X,field_out,line_drive,Pull,False,0
2024,2024-08-23,746268,47,1,R,R,FC,5.0,97.01,163.75,-70.90201311,86.15056292000003,X,field_error,ground_ball,Pull,False,0
2024,2024-08-23,746268,20,4,R,R,SI,4.0,101.07,167.3,-60.76958885000003,77.29093087,X,grounded_into_double_play,ground_ball,Pull,False,0
2024,2024-08-22,747082,43,1,R,R,SL,9.0,187.13,92.52,154.00785740999999,263.91720825000004,X,field_out,line_drive,Oppo,False,2
2024,2024-08-22,747082,21,7,R,R,SL,4.0,67.52,157.93,-144.49935090000002,100.67536814000002,X,field_out,popup,Pull,False,0
2024,2024-08-22,747082,60,5,R,R,CU,8.0,104.9,168.19,-51.21116891999999,75.06978368000004,X,grounded_into_double_play,ground_ball,Pull,False,0
2024,2024-08-22,747082,2,3,R,R,SL,6.0,140.66,148.19,38.03402603999999,124.98320368000005,X,force_out,ground_ball,Oppo,False,2
2024,2024-08-21,747084,43,2,L,R,FF,13.0,45.64,107.94,-199.10463238000003,225.43396143000004,X,sac_fly,fly_ball,Pull,True,0
2024,2024-08-21,747084,25,4,L,R,SI,4.0,104.3,171.82,-52.708571520000014,66.01049795000004,X,grounded_into_double_play,ground_ball,Pull,False,0
2024,2024-08-21,747084,2,3,L,R,FF,7.0,102.48,170.61,-57.25069274,69.03025986,X,field_out,ground_ball,Pull,False,0
2024,2024-08-20,747083,36,3,R,R,FF,5.0,208.67,99.14,207.76461074999997,247.39586623000005,X,field_out,fly_ball,Oppo,False,2
2024,2024-08-20,747083,19,2,R,R,FF,6.0,139.41,145.5,34.91443728999999,131.69655867000003,X,field_out,ground_ball,Oppo,False,2
2024,2024-08-20,747083,2,4,R,R,FF,3.0,159.03,61.39,83.87950231,341.60744648,X,field_out,line_drive,Oppo,False,2
2024,2024-08-20,747083,58,4,R,R,SL,9.0,106.17,161.52,-48.041666750000005,91.71590925000001,X,field_out,ground_ball,Pull,False,0
2024,2024-08-18,745539,23,2,R,R,SI,2.0,117.58,33.3,-19.56606064000001,411.7108448700001,X,home_run,fly_ball,Straightaway,False,1
2024,2024-08-18,745539,61,2,L,R,SI,9.0,155.65,84.18,75.44413433000001,284.73110439000004,X,field_out,line_drive,Oppo,False,2
2024,2024-08-18,745539,6,5,R,R,CU,2.0,116.11,80.68,-23.23469701000001,293.46595289000004,X,single,line_drive,Straightaway,False,1
2024,2024-08-17,745537,39,6,L,R,CU,5.0,39.15,106.75,-215.30153717000005,228.40380992000004,X,double,line_drive,Pull,False,0
2024,2024-08-17,745537,51,3,L,R,CH,14.0,101.32,164.12,-60.14567110000002,85.22716465000002,X,field_out,ground_ball,Pull,True,0
2024,2024-08-17,745537,5,3,L,R,FF,8.0,166.93,90.48,103.59530321000003,269.00837709,X,field_out,line_drive,Oppo,False,2
2024,2024-08-16,745542,41,7,L,R,FC,8.0,89.92,73.29,-88.5963205,311.90896158000004,X,double,line_drive,Pull,False,0
2024,2024-08-16,745542,23,7,L,R,SI,2.0,109.87,97.98,-38.80768405,250.29084459000003,X,single,ground_ball,Straightaway,False,1
2024,2024-08-16,745542,77,7,R,R,SL,4.0,65.95,65.1,-148.41755437,332.34850707000004,X,single,fly_ball,Pull,False,0
2024,2024-08-16,745542,6,5,L,R,SI,8.0,159.89,82.11,86.02577936999997,289.89714336000003,X,single,line_drive,Oppo,False,2
2024,2024-08-15,745545,33,4,L,R,FS,9.0,34.26,98.76,-227.50536836,248.34422121000003,X,double,line_drive,Pull,False,0
2024,2024-08-15,745545,65,1,R,R,FF,8.0,173.09,122.41,118.96863657000002,189.32160206000006,X,single,line_drive,Oppo,False,2
2024,2024-08-15,745545,46,3,R,R,SL,5.0,84.6,70.07,-101.87329022000003,319.94502220000004,X,field_out,line_drive,Pull,False,0
2024,2024-08-15,745545,5,5,L,R,FS,8.0,95.42,160.05,-74.87013,95.38454562000001,X,single,ground_ball,Pull,False,0
2024,2024-08-13,745548,47,2,R,R,FC,5.0,141.55,132.08,40.255173230000025,165.18846349,X,field_out,popup,Oppo,False,2
2024,2024-08-13,745548,26,4,R,R,FC,14.0,199.14,142.03,183.98086611999997,140.35653704000003,X,field_out,fly_ball,Oppo,True,2
2024,2024-08-13,745548,9,8,R,R,FC,8.0,91.33,121.35,-85.07742439000002,191.96701332000006,X,field_out,fly_ball,Pull,False,0
2024,2024-08-11,747166,43,4,R,R,SL,6.0,100.53,164.77,-62.117251190000005,83.6049785,X,force_out,ground_ball,Pull,False,0
2024,2024-08-11,747166,22,5,R,R,SI,4.0,97.5,162.75,-69.67913432,88.64623392000003,X,field_out,ground_ball,Pull,False,0
2024,2024-08-11,747166,65,2,R,R,SI,11.0,94.97,167.81,-75.99318195000001,76.01813866000002,X,grounded_into_double_play,ground_ball,Pull,True,0
2024,2024-08-11,747166,2,4,R,R,FC,14.0,121.37,116.07,-10.107467549999994,205.14415620000005,X,single,ground_ball,Straightaway,True,1
2024,2024-08-10,747164,40,1,R,R,KC,7.0,37.4,102.99,-219.66896142000004,237.78753288000004,X,double,line_drive,Pull,False,0
2024,2024-08-10,747164,23,4,R,R,SL,9.0,213.43,101.13,219.64400471000002,242.42948094000005,X,field_out,fly_ball,Oppo,False,2
2024,2024-08-10,747164,57,3,L,R,SI,7.0,103.37,162.99,-55.029545549999995,88.04727288000001,X,field_out,ground_ball,Pull,False,0
2024,2024-08-09,747168,25,1,R,R,SL,4.0,99.67,164.79,-64.26352825000001,83.55506508000005,X,field_out,ground_ball,Pull,False,0
2024,2024-08-09,747168,2,3,R,R,FF,11.0,110.87,161.95,-36.31201305,90.64277072000006,X,field_out,ground_ball,Pull,True,0
2024,2024-08-09,747168,60,3,R,R,FF,12.0,187.07,113.05,153.85811715,212.68108262000004,X,field_out,fly_ball,Oppo,True,2
2024,2024-08-08,747169,33,7,L,R,CH,14.0,114.08,162.23,-28.300909140000012,89.94398284000006,X,field_out,ground_ball,Pull,True,0
2024,2024-08-08,747169,18,7,L,R,CU,6.0,91.93,115.67,-83.58002178999999,206.14242460000003,X,field_out,fly_ball,Pull,False,0
2024,2024-08-08,747169,67,5,R,R,FF,6.0,209.63,90.0,210.16045491,270.20629917,X,field_out,fly_ball,Oppo,False,2
2024,2024-08-08,747169,2,4,L,R,CU,14.0,126.13,174.62,1.7719264099999845,59.02261915000002,X,field_out,ground_ball,Straightaway,True,1
2024,2024-08-08,747169,47,3,R,R,SL,9.0,103.62,157.39,-54.4056278,102.02303048000007,X,single,ground_ball,Pull,False,0
2024,2024-08-07,746115,40,4,R,R,ST,12.0,79.71,70.64,-114.07712141000003,318.5224897300001,X,field_out,fly_ball,Pull,True,0
2024,2024-08-07,746115,24,5,R,R,ST,6.0,121.41,156.77,-10.007640710000013,103.57034650000001,X,force_out,ground_ball,Straightaway,False,1
2024,2024-08-07,746115,52,2,R,R,SI,4.0,190.69,116.33,162.89244617,204.49528174000005,X,field_out,fly_ball,Oppo,False,2
2024,2024-08-07,746115,71,4,R,R,FC,3.0,140.52,99.38,37.68463210000002,246.79690519000005,X,single,line_drive,Straightaway,False,1
2024,2024-08-07,746115,2,2,R,R,SL,8.0,101.84,159.35,-58.84792218,97.13151532000005,X,single,ground_ball,Pull,False,0
2024,2024-08-06,746120,71,3,R,R,FF,5.0,132.89,86.25,18.642662369999965,279.56506542000005,X,field_out,fly_ball,Straightaway,False,1
2024,2024-08-06,746120,24,3,L,R,SL,9.0,122.38,85.71,-7.5868398400000165,280.91272776000005,X,single,ground_ball,Straightaway,False,1
2024,2024-08-06,746120,53,3,R,R,SL,8.0,99.65,162.78,-64.31344166999999,88.57136379000004,X,field_out,ground_ball,Pull,False,0
2024,2024-08-06,746120,2,2,L,R,SL,5.0,100.6,145.18,-61.94255422000003,132.49517339000002,X,field_out,ground_ball,Pull,False,0
2024,2024-08-06,746120,36,5,R,R,SL,6.0,124.44,89.45,-2.44575758000001,271.57891822000005,X,field_out,line_drive,Straightaway,False,1
2024,2024-08-05,746116,41,3,R,R,FF,3.0,174.76,73.32,123.13640713999999,311.8340914500001,X,field_out,fly_ball,Oppo,False,2
2024,2024-08-05,746116,17,4,R,R,SL,8.0,102.72,55.04,-56.65173170000001,357.45495733000007,X,field_out,line_drive,Straightaway,False,1
2024,2024-08-05,746116,56,3,L,R,SI,4.0,128.68,70.97,8.135887460000014,317.69891830000006,X,field_out,line_drive,Straightaway,False,1
2024,2024-08-04,745222,39,4,R,R,CU,5.0,98.88,138.54,-66.23510834000002,149.06642883000006,X,field_out,popup,Pull,False,0
2024,2024-08-04,745222,18,2,R,R,SL,8.0,179.46,71.84,134.86606084000002,315.52768453000004,X,field_out,fly_ball,Oppo,False,2
2024,2024-08-04,745222,66,7,R,R,SI,6.0,120.49,182.9,-12.303658030000017,38.358463270000016,X,field_out,ground_ball,Pull,False,0
2024,2024-08-03,745225,34,2,R,R,KC,9.0,93.21,168.25,-80.38556291000003,74.92004342000003,X,single,ground_ball,Pull,False,0
2024,2024-08-03,745225,56,7,R,R,SL,6.0,117.55,160.65,-19.64093077000001,93.88714302000002,X,field_out,ground_ball,Straightaway,False,1
2024,2024-08-03,745225,2,3,R,R,ST,8.0,53.73,116.28,-178.91465399,204.62006529000004,X,double,line_drive,Pull,False,0
2024,2024-08-02,745224,48,1,R,R,SL,6.0,105.89,167.75,-48.74045463000001,76.16787892000004,X,force_out,ground_ball,Pull,False,0
2024,2024-08-02,745224,26,5,R,R,SI,1.0,109.95,165.21,-38.60803037,82.50688326000001,X,field_out,ground_ball,Pull,False,0
2024,2024-08-02,745224,2,3,R,R,ST,6.0,130.5,78.84,12.678008679999996,298.05798753000005,X,field_out,line_drive,Straightaway,False,1
2024,2024-07-30,745546,21,2,R,R,SI,8.0,108.99,148.13,-41.00387453000002,125.13294394000005,X,field_out,ground_ball,Pull,False,0
2024,2024-07-30,745546,79,4,R,R,ST,14.0,102.23,180.02,-57.87461049,45.54599575,X,single,ground_ball,Pull,True,0
2024,2024-07-30,745546,96,3,R,R,SI,14.0,140.25,155.77,37.01080093,106.06601750000002,X,field_out,ground_ball,Oppo,True,2
2024,2024-07-30,745546,63,2,R,R,CH,5.0,102.41,156.79,-57.42538971000002,103.52043308000006,X,field_out,ground_ball,Pull,False,0
2024,2024-07-30,745546,8,3,R,R,SI,4.0,113.37,173.58,-30.072835549999994,61.61811699,X,field_out,ground_ball,Pull,False,0
2024,2024-07-29,745547,23,2,R,R,SL,5.0,103.51,161.88,-54.680151609999996,90.81746769000004,X,force_out,ground_ball,Pull,False,0
2024,2024-07-29,745547,62,4,R,R,SL,9.0,118.23,181.22,-17.943874489999995,42.55119055000003,X,field_out,ground_ball,Pull,False,0
2024,2024-07-29,745547,6,6,R,R,SL,14.0,104.04,164.93,-53.357445979999994,83.20567114000002,X,grounded_into_double_play,ground_ball,Pull,True,0
2024,2024-07-28,745550,22,2,L,R,CH,14.0,107.71,155.77,-44.198333410000025,106.06601750000002,X,field_out,ground_ball,Pull,True,0
2024,2024-07-28,745550,58,3,R,R,FF,2.0,161.01,109.93,88.82093088999999,220.46757614000003,X,field_out,fly_ball,Oppo,False,2
2024,2024-07-28,745550,74,2,R,R,FC,4.0,105.17,153.73,-50.537337750000006,111.15718634000007,X,field_out,ground_ball,Pull,False,0
2024,2024-07-28,745550,6,3,L,R,CH,6.0,94.5,165.95,-77.16614732000001,80.66008672000007,X,field_error,ground_ball,Pull,False,0
2024,2024-07-27,745553,25,3,R,R,SL,9.0,108.87,158.81,-41.30335504999999,98.47917766000003,X,single,ground_ball,Pull,False,0
2024,2024-07-26,745554,44,2,R,R,FF,5.0,144.03,193.94,46.444437310000005,10.806255430000032,X,field_out,popup,Oppo,False,2
2024,2024-07-26,745554,62,4,R,R,FS,8.0,82.45,135.8,-107.23898287,155.90456737,X,field_out,popup,Pull,False,0
2024,2024-07-26,745554,7,1,R,R,FF,5.0,170.95,179.69,113.62790062999997,46.36956718000003,X,field_out,popup,Oppo,False,2
2024,2024-07-24,745877,36,2,R,R,FF,2.0,63.43,38.37,-154.70664529,399.05779290000004,X,home_run,fly_ball,Pull,False,0
2024,2024-07-24,745877,49,2,L,R,FF,7.0,108.82,174.98,-41.428138600000025,58.12417759000006,X,force_out,ground_ball,Pull,False,0
2024,2024-07-24,745877,2,7,L,R,CH,6.0,163.4,89.47,94.78558458000002,271.52900480000005,X,single,ground_ball,Oppo,False,2
2024,2024-07-24,745877,76,1,R,R,FS,8.0,133.54,183.38,20.264848519999976,37.16054119000004,X,field_out,ground_ball,Oppo,False,2
2024,2024-07-23,745878,38,5,R,R,FF,7.0,42.25,83.27,-207.56495707000002,287.00216500000005,X,single,line_drive,Pull,False,0
2024,2024-07-23,745878,18,4,R,R,SL,14.0,126.01,201.66,1.4724458900000086,-8.460324689999966,X,field_out,ground_ball,Pull,True,0
2024,2024-07-23,745878,2,4,R,R,FF,2.0,186.86,89.0,153.33402624000004,272.70197017000004,X,field_out,line_drive,Oppo,False,2
2024,2024-07-23,745878,61,5,R,R,FF,5.0,204.37,124.42,197.03322545000003,184.30530335000003,X,field_out,fly_ball,Oppo,False,2
2024,2024-07-22,745881,18,1,R,R,FC,6.0,123.37,193.34,-5.116125549999993,12.303658030000017,X,field_out,ground_ball,Pull,False,0
2024,2024-07-22,745881,71,5,R,R,FF,4.0,173.52,85.77,120.04177510000002,280.76298750000007,X,field_out,fly_ball,Oppo,False,2
2024,2024-07-22,745881,2,2,R,R,FC,6.0,178.63,132.82,132.79465391,163.34166695000005,X,single,fly_ball,Oppo,False,2
2024,2024-07-21,745470,35,4,L,R,CH,14.0,175.01,138.22,123.76032488999998,149.86504355000005,X,field_out,fly_ball,Oppo,True,2
2024,2024-07-21,745470,18,5,L,R,FF,5.0,178.53,141.74,132.54508681000002,141.08028163,X,field_out,fly_ball,Oppo,False,2
2024,2024-07-21,745470,64,7,L,R,CH,6.0,106.6,167.23,-46.968528220000024,77.46562784000005,X,field_out,ground_ball,Pull,False,0
2024,2024-07-21,745470,51,1,R,R,SL,8.0,155.58,131.27,75.26943736000003,167.209957,X,single,line_drive,Oppo,False,2
2024,2024-07-20,745478,19,6,R,R,SI,8.0,113.88,157.53,-28.800043340000016,101.67363654000003,X,field_out,ground_ball,Pull,False,0
2024,2024-07-20,745478,2,4,R,R,SL,6.0,106.0,150.86,-48.46593082000001,118.31976211,X,field_out,ground_ball,Pull,False,0
2024,2024-07-19,745481,35,6,L,R,SI,4.0,44.15,64.67,-202.82318217000005,333.4216456000001,X,home_run,fly_ball,Pull,False,0
2024,2024-07-19,745481,17,7,L,R,SI,5.0,106.32,59.7,-47.66731610000002,345.82513047000003,X,field_out,fly_ball,Straightaway,False,1
2024,2024-07-14,745551,46,4,R,R,ST,6.0,120.66,95.71,-11.879393960000014,255.95601776000007,X,single,ground_ball,Straightaway,False,1
2024,2024-07-14,745551,5,6,R,R,SL,9.0,56.57,65.29,-171.82694835,331.87432958000005,X,home_run,fly_ball,Pull,False,0
2024,2024-07-13,745549,35,5,R,R,FC,3.0,76.76,43.77,-121.43935086,385.58116950000004,X,home_run,fly_ball,Pull,False,0
2024,2024-07-13,745549,71,6,R,R,FF,5.0,110.26,183.86,-37.834372359999996,35.96261910999999,X,single,line_drive,Pull,False,0
2024,2024-07-13,745549,50,1,L,R,SI,6.0,214.12,105.89,221.36601770000001,230.55008698000003,X,field_out,fly_ball,Oppo,False,2
2024,2024-07-12,745552,17,3,L,R,CH,7.0,170.97,184.78,113.67781405,33.66660179000002,X,field_out,popup,Oppo,False,2
2024,2024-07-12,745552,45,5,R,R,FC,5.0,99.38,150.42,-64.98727284000002,119.41785735000006,X,force_out,ground_ball,Pull,False,0
2024,2024-07-12,745552,5,8,L,R,FF,13.0,101.96,101.31,-58.54844166000002,241.98026016000003,X,field_out,fly_ball,Pull,True,0
2024,2024-07-11,745558,41,1,R,R,SL,6.0,155.62,117.25,75.36926420000002,202.19926442000005,X,field_out,fly_ball,Oppo,False,2
2024,2024-07-11,745558,22,3,R,R,SL,6.0,105.17,155.77,-50.537337750000006,106.06601750000002,X,single,ground_ball,Pull,False,0
2024,2024-07-11,745558,53,3,L,R,CH,5.0,122.22,75.1,-7.9861472000000076,307.39179707000005,X,field_out,fly_ball,Straightaway,False,1
2024,2024-07-11,745558,7,2,L,R,FF,5.0,194.3,59.81,171.90181848000003,345.55060666,X,home_run,fly_ball,Oppo,False,2
2024,2024-07-10,745556,41,5,R,R,SL,9.0,120.16,135.1,-13.127229460000013,157.65153707000005,X,single,ground_ball,Straightaway,False,1
2024,2024-07-10,745556,21,6,R,R,FF,7.0,123.46,94.18,-4.89151516000002,259.77439439000005,X,single,ground_ball,Straightaway,False,1
2024,2024-07-10,745556,6,6,R,R,SL,6.0,126.44,140.86,2.54558441999999,143.27647211000001,X,field_out,ground_ball,Straightaway,False,1
2024,2024-07-10,745556,63,4,R,R,FF,6.0,160.77,163.03,88.22196985000002,87.94744604000003,X,field_out,ground_ball,Oppo,False,2
2024,2024-07-09,745557,35,1,R,R,SL,5.0,32.2,89.31,-232.64645062000002,271.92831216,X,home_run,fly_ball,Pull,False,0
2024,2024-07-09,745557,23,1,R,R,CU,4.0,99.01,167.01,-65.91067111,78.01467546000005,X,single,ground_ball,Pull,False,0
2024,2024-07-09,745557,7,7,R,R,FF,5.0,68.17,92.92,-142.87716475000002,262.91893985,X,single,ground_ball,Pull,False,0
2024,2024-07-07,747098,2,3,R,R,FF,9.0,134.91,142.46,23.683917789999988,139.28339851,X,field_out,ground_ball,Straightaway,False,1
2024,2024-07-06,747099,38,5,R,R,FF,14.0,188.94,123.86,158.52502192,185.70287911000005,X,field_out,fly_ball,Oppo,True,2
2024,2024-07-06,747099,20,1,R,R,SL,8.0,71.22,128.69,-135.2653682,173.64878818000005,X,single,ground_ball,Pull,False,0
2024,2024-07-06,747099,2,6,R,R,FC,5.0,148.93,41.16,58.67322521000002,392.0948708100001,X,field_out,fly_ball,Straightaway,False,1
2024,2024-07-06,747099,60,1,R,R,FF,2.0,72.93,96.52,-130.99777079,253.93452425000007,X,field_out,fly_ball,Pull,False,0
2024,2024-07-05,747097,47,2,L,R,SL,4.0,42.12,31.9,-207.88939430000005,415.20478427000006,X,home_run,fly_ball,Pull,False,0
2024,2024-07-05,747097,29,2,L,R,CU,5.0,40.67,54.86,-211.50811725000003,357.9041781100001,X,home_run,fly_ball,Pull,False,0
2024,2024-07-05,747097,17,2,L,R,CH,5.0,189.28,79.49,159.37355006,296.43580138000004,X,field_out,fly_ball,Oppo,False,2
2024,2024-07-05,747097,61,2,R,R,FC,9.0,126.94,127.71,3.7934199199999905,176.09454576000005,X,field_out,ground_ball,Straightaway,False,1
2024,2024-07-04,746857,46,1,R,R,FF,7.0,109.94,145.49,-38.632987080000014,131.72151538,X,field_out,ground_ball,Pull,False,0
2024,2024-07-04,746857,19,2,R,R,ST,6.0,145.84,75.8,50.961601820000006,305.64482737000003,X,field_out,fly_ball,Straightaway,False,1
2024,2024-07-04,746857,2,4,R,R,FC,5.0,143.63,81.32,45.44616890999999,291.86872345000006,X,single,line_drive,Straightaway,False,1
2024,2024-07-03,746858,42,6,L,R,FS,6.0,100.03,176.15,-63.365086690000005,55.204242520000015,X,single,ground_ball,Pull,False,0
2024,2024-07-03,746858,60,4,R,R,ST,12.0,132.83,93.24,18.492922110000027,262.1203251300001,X,single,line_drive,Straightaway,True,1
2024,2024-07-02,746860,36,3,R,R,FF,4.0,50.3,37.61,-187.47480552000002,400.9545028600001,X,home_run,fly_ball,Pull,False,0
2024,2024-07-02,746860,19,1,R,R,SI,5.0,71.39,36.9,-134.84110413000002,402.72642927000004,X,home_run,line_drive,Pull,False,0
2024,2024-07-02,746860,51,5,R,R,FF,9.0,174.77,100.55,123.16136385000003,243.87697012000004,X,single,line_drive,Oppo,False,2
2024,2024-07-02,746860,66,3,R,R,KC,4.0,103.28,163.05,-55.254155940000004,87.89753262,X,field_out,ground_ball,Pull,False,0
2024,2024-07-02,746860,2,2,R,R,SI,7.0,96.01,170.92,-73.39768411,68.25660185000007,X,field_out,ground_ball,Pull,False,0
2024,2024-06-30,745555,20,2,R,R,SL,4.0,100.27,98.22,-62.76612565000002,249.69188355000006,X,single,line_drive,Pull,False,0
2024,2024-06-30,745555,7,4,R,R,FS,8.0,75.42,123.6,-124.78355,186.35175357000006,X,single,ground_ball,Pull,False,0
2024,2024-06-30,745555,74,3,R,R,SI,5.0,114.51,82.47,-27.227770609999993,288.99870180000005,X,single,ground_ball,Straightaway,False,1
2024,2024-06-29,745559,24,4,R,R,FF,14.0,161.55,125.23,90.16859323000003,182.28380984000003,X,field_out,fly_ball,Oppo,True,2
2024,2024-06-29,745559,58,5,L,R,FF,2.0,101.03,69.82,-60.869415690000004,320.5689399500001,X,field_out,fly_ball,Straightaway,False,1
2024,2024-06-29,745559,5,1,R,R,FF,8.0,72.76,86.74,-131.42203486,278.34218663000007,X,field_out,line_drive,Pull,False,0
2024,2024-06-28,745560,24,2,R,R,SL,9.0,93.47,59.27,-79.73668845000002,346.898269,X,double,fly_ball,Pull,False,0
2024,2024-06-28,745560,56,1,R,R,SI,3.0,136.64,102.02,28.001428619999963,240.20833375000007,X,field_out,fly_ball,Straightaway,False,1
2024,2024-06-28,745560,6,4,R,R,FF,11.0,127.74,162.2,5.789956719999983,90.01885297000005,X,field_out,ground_ball,Straightaway,True,1
2024,2024-06-27,745565,39,2,L,R,SI,9.0,189.34,70.81,159.52329032000003,318.09822566,X,double,fly_ball,Oppo,False,2
2024,2024-06-27,745565,19,4,L,R,CH,5.0,91.52,141.87,-84.60324690000002,140.75584440000003,X,field_out,ground_ball,Pull,False,0
2024,2024-06-27,745565,80,3,L,R,SL,7.0,96.03,167.47,-73.34777069,76.86666680000003,X,field_out,ground_ball,Pull,False,0
2024,2024-06-27,745565,60,3,R,R,SI,4.0,107.01,57.87,-45.94530311,350.3922084,X,double,line_drive,Straightaway,False,1
2024,2024-06-26,746456,66,3,L,R,CH,8.0,67.26,132.13,-145.14822536,165.06367994000004,X,single,line_drive,Pull,False,0
2024,2024-06-26,746456,2,3,L,R,CH,9.0,170.38,107.98,112.20536815999999,225.33413459000002,X,single,line_drive,Oppo,False,2
2024,2024-06-25,746454,35,4,L,R,FF,4.0,104.66,153.97,-51.81012996000002,110.55822530000003,X,force_out,ground_ball,Pull,False,0
2024,2024-06-25,746454,59,2,R,R,SL,6.0,110.25,154.48,-37.85932907000001,109.28543309000005,X,field_out,ground_ball,Pull,False,0
2024,2024-06-25,746454,2,2,L,R,FF,4.0,132.04,57.38,16.521342019999977,351.61508719000005,X,field_out,fly_ball,Straightaway,False,1
2024,2024-06-24,746458,30,5,R,R,FF,14.0,127.01,179.93,3.968116890000009,45.77060614000001,X,field_out,ground_ball,Straightaway,True,1
2024,2024-06-24,746458,14,7,R,R,FF,9.0,209.31,117.44,209.36184019,201.72508693000006,X,field_out,fly_ball,Oppo,False,2
2024,2024-06-24,746458,48,5,L,R,FC,9.0,126.65,135.51,3.06967533000001,156.62831196000005,X,field_out,line_drive,Straightaway,False,1
2024,2024-06-24,746458,76,4,L,R,FF,2.0,109.23,150.91,-40.40491349,118.19497856000004,X,force_out,ground_ball,Pull,False,0
2024,2024-06-24,746458,2,2,R,R,SI,7.0,181.72,146.05,140.5062773,130.32393962,X,double,fly_ball,Oppo,False,2
2024,2024-06-23,745566,21,4,R,R,FF,12.0,108.29,73.45,-42.75084422999999,311.50965422,X,single,line_drive,Straightaway,True,1
2024,2024-06-23,745566,63,1,R,R,SI,2.0,128.68,74.81,8.135887460000014,308.11554166,X,field_out,line_drive,Straightaway,False,1
2024,2024-06-23,745566,48,3,L,R,SI,3.0,109.36,153.73,-40.08047626000001,111.15718634000007,X,force_out,ground_ball,Pull,False,0
2024,2024-06-23,745566,36,4,R,R,FS,5.0,71.26,122.18,-135.16554136,189.89560639,X,field_error,ground_ball,Pull,False,0
2024,2024-06-22,745564,20,3,L,R,SI,6.0,99.1,133.2,-65.68606072000003,162.39331197000007,X,field_out,ground_ball,Pull,False,0
2024,2024-06-22,745564,5,5,L,R,SL,6.0,174.51,120.14,122.51248938999998,194.98677523000003,X,single,ground_ball,Oppo,False,2
2024,2024-06-22,745564,65,1,R,R,EP,5.0,93.09,163.37,-80.68504343000001,87.09891790000002,X,field_out,ground_ball,Pull,False,0
2024,2024-06-22,745564,32,1,R,R,FF,6.0,178.47,83.15,132.39534655,287.30164552,X,field_out,line_drive,Oppo,False,2
2024,2024-06-21,745562,42,1,L,R,CU,9.0,100.85,149.66,-61.31863647000002,121.31456731000004,X,field_out,ground_ball,Pull,False,0
2024,2024-06-21,745562,26,2,L,R,SI,8.0,42.26,45.87,-207.54000036000002,380.34026040000003,X,home_run,fly_ball,Pull,False,0
2024,2024-06-21,745562,5,1,L,R,SI,12.0,132.85,146.1,18.542835529999984,130.19915607000004,X,field_out,ground_ball,Straightaway,True,1
2024,2024-06-21,745562,61,3,L,R,CH,14.0,156.22,155.26,76.8666668,107.33880971000006,X,single,ground_ball,Oppo,True,2
2024,2024-06-18,745563,32,6,R,R,SI,8.0,104.81,161.37,-51.43577931,92.09025990000002,X,force_out,ground_ball,Pull,False,0
2024,2024-06-18,745563,20,1,R,R,SL,9.0,101.41,144.71,-59.92106071000002,133.66813876,X,single,ground_ball,Pull,False,0
2024,2024-06-18,745563,51,3,L,R,SI,9.0,200.62,85.63,187.67445920000003,281.11238144000004,X,field_out,fly_ball,Oppo,False,2
2024,2024-06-18,745563,66,2,R,R,FF,8.0,151.92,62.08,66.13528149999998,339.88543349,X,field_out,fly_ball,Straightaway,False,1
2024,2024-06-17,745567,38,5,R,R,SI,9.0,118.33,93.16,-17.69430739000001,262.31997881000007,X,single,ground_ball,Straightaway,False,1
2024,2024-06-17,745567,21,6,R,R,SI,1.0,115.11,145.08,-25.730368010000007,132.74474049,X,field_out,ground_ball,Straightaway,False,1
2024,2024-06-17,745567,64,3,R,R,FF,6.0,197.24,96.54,179.23909122000003,253.88461083000004,X,field_out,fly_ball,Oppo,False,2
2024,2024-06-17,745567,50,7,L,R,SI,12.0,175.85,111.62,125.85668852999999,216.24989215000002,X,single,fly_ball,Oppo,True,2
2024,2024-06-17,745567,5,3,R,R,SI,2.0,130.68,161.37,13.127229460000013,92.09025990000002,X,field_out,popup,Straightaway,False,1
2024,2024-05-03,745589,39,2,R,R,SI,7.0,166.99,111.49,103.74504347000003,216.57432938000005,X,single,ground_ball,Oppo,False,2
2024,2024-05-03,745589,6,4,R,R,SI,14.0,93.07,140.9,-80.73495685000003,143.17664527000002,X,single,ground_ball,Pull,True,0
2024,2024-05-01,746238,38,5,L,R,SL,1.0,166.46,158.45,102.42233784000003,99.37761922000006,X,field_out,popup,Oppo,False,2
2024,2024-05-01,746238,16,7,L,R,CH,9.0,151.7,88.43,65.58623387999997,274.12450264,X,field_out,fly_ball,Oppo,False,2
2024,2024-04-30,746239,14,2,L,R,FF,6.0,189.6,121.76,160.17216478,190.94378821000004,X,field_out,fly_ball,Oppo,False,2
2024,2024-04-30,746239,72,3,L,R,FF,8.0,124.4,192.65,-2.54558441999999,14.025671020000013,X,single,ground_ball,Straightaway,False,1
2024,2024-04-30,746239,59,4,L,R,CH,9.0,82.82,103.42,-106.31558460000004,236.71439435000005,X,single,ground_ball,Pull,False,0
2024,2024-04-29,746236,37,1,R,R,SL,6.0,197.73,113.27,180.46197001,212.13203500000006,X,single,ground_ball,Oppo,False,2
2024,2024-04-29,746236,20,3,R,R,SL,14.0,106.32,164.13,-47.66731610000002,85.20220794000004,X,field_out,ground_ball,Pull,True,0
2024,2024-04-29,746236,55,7,R,R,SI,13.0,111.76,151.41,-34.090865859999994,116.94714306000004,X,field_out,ground_ball,Pull,True,0
2024,2024-04-29,746236,74,4,R,R,FF,5.0,108.23,71.65,-42.90058449,316.00186202000003,X,single,line_drive,Straightaway,False,1
2024,2024-04-28,745428,18,8,R,R,FF,2.0,75.18,57.77,-125.38251104,350.64177550000005,X,field_out,fly_ball,Pull,False,0
2024,2024-04-28,745428,2,6,R,R,ST,14.0,110.46,153.98,-37.335238160000024,110.53326859000006,X,force_out,ground_ball,Pull,True,0
2024,2024-04-28,745428,52,6,R,R,SL,4.0,130.02,188.47,11.480086600000023,24.45757580000003,X,field_out,popup,Oppo,False,2
2024,2024-04-28,745428,72,2,R,R,FC,12.0,185.7,134.71,150.43904787999998,158.62484876000002,X,single,fly_ball,Oppo,True,2
2024,2024-04-27,745425,33,1,R,R,SL,6.0,109.06,178.48,-40.829177560000005,49.389329090000054,X,single,ground_ball,Pull,False,0
2024,2024-04-27,745425,64,3,L,R,SL,5.0,142.9,58.38,43.62432908000002,349.11941619000004,X,field_out,fly_ball,Straightaway,False,1
2024,2024-04-27,745425,18,3,R,R,FF,7.0,163.99,58.47,96.25803047000002,348.89480580000003,X,field_out,fly_ball,Oppo,False,2
2024,2024-04-27,745425,48,3,L,R,ST,4.0,54.92,120.98,-175.9448055,192.89041159000004,X,double,line_drive,Pull,False,0
2024,2024-04-27,745425,2,3,R,R,FF,14.0,147.04,119.76,53.95640701999998,195.93513021000004,X,single,line_drive,Oppo,True,2
2024,2024-04-26,745424,33,5,R,R,FC,2.0,156.25,103.77,76.94153693,235.84090950000007,X,single,fly_ball,Oppo,False,2
2024,2024-04-26,745424,2,2,R,R,SI,1.0,107.51,166.08,-44.69746761,80.33564949,X,field_out,ground_ball,Pull,False,0
2024,2024-04-26,745424,67,5,R,R,SI,9.0,131.98,144.75,16.371601759999972,133.56831192000004,X,double_play,line_drive,Straightaway,False,1
2024,2024-04-25,746724,35,1,R,R,CH,5.0,64.29,96.19,-152.56036823,254.75809568000005,X,single,line_drive,Pull,False,0
2024,2024-04-25,746724,17,1,R,R,FC,5.0,90.86,32.97,-86.25038976000002,412.53441630000003,X,double,fly_ball,Straightaway,False,1
2024,2024-04-25,746724,68,1,R,R,SI,7.0,105.39,153.29,-49.98829013000001,112.25528158000006,X,field_out,ground_ball,Pull,False,0
2024,2024-04-25,746724,51,6,L,R,ST,9.0,150.43,53.82,62.416731710000015,360.4996759500001,X,field_out,fly_ball,Straightaway,False,1
2024,2024-04-25,746724,2,4,R,R,SL,9.0,157.08,106.13,79.01294386000004,229.95112594000005,X,single,line_drive,Oppo,False,2
2024,2024-04-24,746725,38,3,L,R,FF,4.0,107.21,172.68,-45.446168910000026,63.86422089000001,X,force_out,ground_ball,Pull,False,0
2024,2024-04-24,746725,19,4,L,R,FF,8.0,104.98,66.7,-51.01151524,328.35543347000004,X,field_out,fly_ball,Straightaway,False,1
2024,2024-04-24,746725,60,2,R,R,FF,8.0,168.0,111.0,106.26567118,217.79720817000003,X,single,ground_ball,Oppo,False,2
2024,2024-04-24,746725,80,2,R,R,SL,2.0,107.13,103.69,-45.645822590000016,236.04056318000005,X,field_out,fly_ball,Straightaway,False,1
2024,2024-04-23,746722,21,5,L,R,FF,12.0,135.81,55.97,25.930021690000004,355.13398330000007,X,field_out,line_drive,Straightaway,True,1
2024,2024-04-23,746722,2,4,L,R,ST,2.0,152.83,177.24,68.40634211000003,52.483961130000004,X,field_out,popup,Oppo,False,2
2024,2024-04-22,746723,49,5,R,R,FF,6.0,175.76,58.16,125.63207813999998,349.66846381000005,X,field_out,fly_ball,Oppo,False,2
2024,2024-04-22,746723,33,3,R,R,FF,12.0,181.3,91.56,139.45809548000003,266.31305241000007,X,field_out,fly_ball,Oppo,True,2
2024,2024-04-22,746723,17,1,R,R,SL,6.0,118.6,188.26,-17.02047622000002,24.98166671000005,X,field_out,popup,Pull,False,0
2024,2024-04-22,746723,64,2,R,R,FF,5.0,74.06,96.48,-128.17766256000002,254.03435109000003,X,single,line_drive,Pull,False,0
2024,2024-04-22,746723,2,4,R,R,FF,7.0,135.57,59.92,25.33106064999998,345.2760828500001,X,field_out,fly_ball,Straightaway,False,1
2024,2024-04-21,745588,36,4,R,R,FF,5.0,91.84,120.14,-83.80463218,194.98677523000003,X,single,ground_ball,Pull,False,0
2024,2024-04-21,745588,20,1,R,R,FF,7.0,124.87,105.77,-1.372619049999993,230.84956750000006,X,field_out,fly_ball,Straightaway,False,1
2024,2024-04-21,745588,64,5,R,R,SL,8.0,100.47,166.46,-62.26699145000001,79.38729451000002,X,field_out,ground_ball,Pull,False,0
2024,2024-04-21,745588,52,5,R,R,FF,8.0,95.37,159.68,-74.99491354999999,96.30794389000002,X,field_out,ground_ball,Pull,False,0
2024,2024-04-20,745590,37,6,R,R,SI,1.0,183.93,92.4,146.02171021000004,264.21668877,X,field_out,fly_ball,Oppo,False,2
2024,2024-04-20,745590,18,5,R,R,SL,4.0,31.26,122.18,-234.99238136,189.89560639,X,field_out,fly_ball,Pull,False,0
2024,2024-04-20,745590,49,4,L,R,FF,5.0,114.57,99.27,-27.078030350000024,247.07142900000005,X,single,ground_ball,Straightaway,False,1
2024,2024-04-20,745590,62,3,R,R,FF,5.0,82.78,52.81,-106.41541144000001,363.02030366,X,double,line_drive,Pull,False,0
2024,2024-04-20,745590,6,4,R,R,SI,1.0,54.51,89.94,-176.96803061,270.35603943000007,X,field_out,line_drive,Pull,False,0
2024,2024-04-19,745592,21,6,L,R,FC,7.0,83.33,113.01,-105.04279239000002,212.78090946000003,X,double,ground_ball,Pull,False,0
2024,2024-04-19,745592,36,6,R,R,FF,3.0,131.56,104.44,15.323419940000003,234.16880993000004,X,single,ground_ball,Straightaway,False,1
2024,2024-04-19,745592,5,6,L,R,FC,8.0,108.22,159.84,-42.92554120000001,95.90863653000002,X,single,ground_ball,Pull,False,0
2024,2024-04-17,745591,41,1,R,R,ST,6.0,30.25,99.78,-237.51300907,245.79863679000005,X,double,fly_ball,Pull,False,0
2024,2024-04-17,745591,19,7,R,R,SL,14.0,173.74,113.01,120.59082272000003,212.78090946000003,X,single,line_drive,Oppo,True,2
2024,2024-04-17,745591,76,2,R,R,SI,14.0,148.26,173.06,57.00112563999998,62.91586591000002,X,field_out,ground_ball,Oppo,True,2
2024,2024-04-17,745591,7,1,R,R,FF,4.0,8.67,73.51,-291.36958925000005,311.35991396000003,X,home_run,fly_ball,Pull,False,0
2024,2024-04-17,745591,53,3,R,R,SL,4.0,104.3,151.5,-52.708571520000014,116.72253267000004,X,field_out,ground_ball,Pull,False,0
2024,2024-04-16,745593,41,5,L,R,FF,8.0,32.22,102.04,-232.59653720000003,240.15842033000004,X,double,line_drive,Pull,False,0
2024,2024-04-16,745593,20,2,L,R,CH,9.0,102.63,143.11,-56.87634209000002,137.66121236,X,field_out,ground_ball,Pull,False,0
2024,2024-04-16,745593,56,2,R,R,SL,5.0,145.93,161.88,51.186212210000015,90.81746769000004,X,field_out,popup,Oppo,False,2
2024,2024-04-16,745593,5,4,L,R,FF,7.0,95.58,140.33,-74.47082264000001,144.59917774000002,X,single,ground_ball,Pull,False,0
2024,2024-04-15,745597,43,4,R,R,FS,9.0,115.46,149.66,-24.85688316000002,121.31456731000004,X,field_out,ground_ball,Straightaway,False,1
2024,2024-04-15,745597,21,1,R,R,FC,5.0,34.18,104.87,-227.70502204000005,233.09567140000004,X,double,ground_ball,Pull,False,0
2024,2024-04-15,745597,5,4,R,R,FC,1.0,98.76,142.23,-66.53458886,139.85740284000005,X,field_out,popup,Pull,False,0
2024,2024-04-14,745595,40,4,R,R,ST,9.0,106.93,74.69,-46.14495678999999,308.41502218000005,X,single,line_drive,Straightaway,False,1
2024,2024-04-14,745595,23,5,R,R,SI,4.0,6.4,82.97,-297.03476242,287.75086630000004,X,home_run,fly_ball,Pull,False,0
2024,2024-04-14,745595,7,6,R,R,SI,5.0,104.66,148.13,-51.81012996000002,125.13294394000005,X,single,ground_ball,Pull,False,0
2024,2024-04-14,745595,67,1,L,R,CH,9.0,105.17,151.19,-50.537337750000006,117.49619068000004,X,field_error,ground_ball,Pull,False,0
2024,2024-04-13,745594,37,2,L,R,SI,14.0,150.22,75.22,61.892640799999995,307.0923165500001,X,field_out,line_drive,Straightaway,True,1
2024,2024-04-13,745594,19,1,L,R,CU,9.0,78.85,55.07,-116.22339847000002,357.38008720000005,X,field_out,fly_ball,Pull,False,0
2024,2024-04-13,745594,59,6,L,R,FS,6.0,110.76,178.16,-36.586536859999995,50.187943810000036,X,field_out,ground_ball,Pull,False,0
2024,2024-04-13,745594,7,5,L,R,SI,5.0,50.29,105.97,-187.49976223000002,230.35043330000005,X,double,line_drive,Pull,False,0
2024,2024-04-12,745596,68,5,L,R,SI,14.0,177.81,118.61,130.74820369000003,198.80515186000005,X,single,ground_ball,Oppo,True,2
2024,2024-04-12,745596,46,3,L,R,SL,9.0,93.95,95.9,-78.53876637,255.48184027000002,X,field_out,fly_ball,Pull,False,0
2024,2024-04-12,745596,5,2,L,R,SI,2.0,103.14,167.98,-55.60354988000001,75.59387459000006,X,grounded_into_double_play,ground_ball,Pull,False,0
2024,2024-04-11,745601,42,1,R,R,FF,5.0,101.61,161.37,-59.42192651000001,92.09025990000002,X,field_out,ground_ball,Pull,False,0
2024,2024-04-11,745601,6,1,R,R,FF,12.0,119.65,92.91,-14.40002166999999,262.94389656000004,X,single,line_drive,Straightaway,True,1
2024,2024-04-11,745601,59,2,R,R,FF,9.0,105.02,156.16,-50.91168840000002,105.09270581000004,X,field_out,ground_ball,Pull,False,0
2024,2024-04-09,745195,22,2,R,R,FC,14.0,114.71,146.32,-26.72863641000002,129.65010845000006,X,single,ground_ball,Straightaway,True,1
2024,2024-04-09,745195,57,6,L,R,CH,8.0,108.62,182.43,-41.9272728,39.53142864000001,X,single,ground_ball,Pull,False,0
2024,2024-04-09,745195,2,1,R,R,FF,2.0,109.69,119.72,-39.25690483000001,196.03495705000003,X,field_out,popup,Straightaway,False,1
2024,2024-04-08,745194,35,1,R,R,SI,4.0,129.54,90.68,10.282164519999977,268.50924289000005,X,single,line_drive,Straightaway,False,1
2024,2024-04-08,745194,19,6,R,R,CU,14.0,105.58,172.26,-49.514112640000015,64.91240271000005,X,single,ground_ball,Pull,True,0
2024,2024-04-08,745194,55,6,L,R,FC,5.0,119.57,144.29,-14.599675350000023,134.71632058000006,X,single,ground_ball,Straightaway,False,1
2024,2024-04-08,745194,74,5,R,R,FF,5.0,105.58,169.21,-49.514112640000015,72.52419926000002,X,field_out,ground_ball,Pull,False,0
2024,2024-04-08,745194,2,3,R,R,SL,6.0,103.59,145.41,-54.48049793,131.92116906000004,X,field_out,line_drive,Pull,False,0
2024,2024-04-07,744871,66,2,R,R,FF,1.0,35.9,82.86,-223.41246792000004,288.02539011000005,X,field_out,fly_ball,Pull,False,0
2024,2024-04-06,744873,19,2,R,R,SI,5.0,47.05,124.19,-195.58573627000004,184.87930768000004,X,double,line_drive,Pull,False,0
2024,2024-04-06,744873,55,5,L,R,CH,14.0,118.27,148.86,-17.844047650000014,123.31110411,X,single,ground_ball,Straightaway,True,1
2024,2024-04-06,744873,2,4,R,R,SI,4.0,99.99,164.63,-63.464913530000025,83.95437244000004,X,field_out,ground_ball,Pull,False,0
2024,2024-04-05,744874,52,1,L,R,FF,6.0,141.33,132.46,39.70612561000003,164.24010851000003,X,double,line_drive,Oppo,False,2
2024,2024-04-05,744874,36,1,L,R,FF,14.0,120.3,160.05,-12.777835520000012,95.38454562000001,X,field_out,ground_ball,Straightaway,True,1
2024,2024-04-05,744874,14,3,L,R,SI,6.0,109.64,174.8,-39.38168838000001,58.57339837,X,field_out,ground_ball,Pull,False,0
2024,2024-04-05,744874,64,2,R,R,FF,9.0,142.13,158.53,41.70266240999999,99.17796554000003,X,grounded_into_double_play,ground_ball,Oppo,False,2
2024,2024-04-05,744874,2,5,L,R,SL,9.0,114.71,158.02,-26.72863641000002,100.45075775000001,X,field_out,popup,Pull,False,0
2024,2024-04-03,745603,25,2,R,R,SI,1.0,59.04,83.59,-165.66264098,286.20355028000006,X,field_out,fly_ball,Pull,False,0
2024,2024-04-03,745603,6,4,R,R,SI,2.0,97.35,194.64,-70.05348497000003,9.05928573000006,X,field_out,popup,Pull,False,0
2024,2024-04-02,745598,42,2,R,R,SI,1.0,78.27,98.95,-117.67088765000003,247.87004372000004,X,single,line_drive,Pull,False,0
2024,2024-04-02,745598,23,2,R,R,SL,9.0,104.57,147.62,-52.03474035000003,126.40573615000002,X,field_out,ground_ball,Pull,False,0
2024,2024-04-01,745600,38,4,L,R,CU,9.0,159.13,83.1,84.12906940999999,287.42642907000004,X,field_out,fly_ball,Oppo,False,2
2024,2024-04-01,745600,23,3,L,R,CU,9.0,96.31,166.46,-72.64898281,79.38729451000002,X,field_out,ground_ball,Pull,False,0
2024,2024-04-01,745600,80,6,R,R,SL,14.0,117.56,179.69,-19.61597406,46.36956718000003,X,single,ground_ball,Pull,True,0
2024,2024-04-01,745600,60,1,L,R,FF,5.0,135.09,100.8,24.133138570000007,243.25305237000006,X,single,line_drive,Straightaway,False,1
2024,2024-03-31,745602,22,4,L,R,SL,7.0,95.24,167.83,-75.31935078000002,75.96822524,X,field_out,ground_ball,Pull,False,0
2024,2024-03-31,745602,54,3,L,R,SI,9.0,171.71,114.03,115.52461059000002,210.23532504000005,X,single,ground_ball,Oppo,False,2
2024,2024-03-30,745599,23,4,R,R,FC,5.0,115.71,151.19,-24.232965410000023,117.49619068000004,X,field_out,ground_ball,Straightaway,False,1
2024,2024-03-30,745599,46,2,L,R,SL,8.0,76.09,112.5,-123.11145043,214.05370167000004,X,single,ground_ball,Pull,False,0
2024,2024-03-29,745604,39,4,R,R,FF,5.0,115.02,144.11,-25.954978400000016,135.16554136,X,field_out,ground_ball,Straightaway,False,1
2024,2024-03-29,745604,25,2,R,R,FF,8.0,74.16,84.16,-127.92809546000002,284.78101781000004,X,field_out,line_drive,Pull,False,0
2024,2024-03-29,745604,6,6,R,R,FF,4.0,189.71,132.35,160.44668859000004,164.51463232000006,X,field_out,fly_ball,Oppo,False,2
2025,2025-09-28,776141,19,4,R,R,SL,7.0,106.23,169.77,-47.891926489999996,71.12662350000001,X,field_out,ground_ball,Pull,False,0
2025,2025-09-28,776141,4,5,R,R,SL,6.0,112.82,151.52,-31.445454600000023,116.67261925000001,X,field_out,ground_ball,Pull,False,0
2025,2025-09-07,776426,24,4,R,R,SI,4.0,92.58,169.8,-81.95783564000001,71.05175337,X,field_out,ground_ball,Pull,False,0
2025,2025-09-07,776426,43,8,R,R,ST,7.0,53.88,61.09,-178.54030333999998,342.3561477800001,X,home_run,fly_ball,Pull,False,0
2025,2025-09-07,776426,56,4,R,R,ST,8.0,108.31,151.64,-42.70093081,116.37313873000006,X,field_error,ground_ball,Pull,False,0
2025,2025-09-05,776456,17,4,R,R,FF,6.0,150.06,171.01,61.49333344000001,68.03199146000006,X,field_out,ground_ball,Oppo,False,2
2025,2025-09-05,776456,48,2,L,R,FF,5.0,173.66,117.15,120.39116904,202.44883152000003,X,single,line_drive,Oppo,False,2
2025,2025-09-05,776456,60,5,R,R,CH,5.0,176.39,90.35,127.20435086999997,269.33281432000007,X,single,line_drive,Oppo,False,2
2025,2025-09-05,776456,1,6,R,R,FC,5.0,190.61,132.28,162.69279249000004,164.68932929000005,X,single,ground_ball,Oppo,False,2
2025,2025-09-05,776456,36,4,L,R,FF,5.0,125.83,150.98,1.0232251099999916,118.02028159000007,X,single,ground_ball,Straightaway,False,1
2025,2025-09-04,776459,36,1,R,R,CU,9.0,126.13,200.66,1.7719264099999845,-5.964653689999967,X,field_out,ground_ball,Oppo,False,2
2025,2025-09-04,776459,18,6,R,R,CU,8.0,117.82,150.23,-18.967099600000022,119.89203484000006,X,field_out,ground_ball,Straightaway,False,1
2025,2025-09-04,776459,53,5,R,R,FS,14.0,97.95,106.1,-68.55608237,230.02599607000005,X,single,line_drive,Pull,True,0
2025,2025-09-04,776459,69,3,R,R,SL,8.0,139.65,144.08,35.513398330000015,135.24041149,X,field_out,ground_ball,Oppo,False,2
2025,2025-09-03,776471,39,2,L,R,SI,4.0,160.94,104.56,88.64623392,233.86932941000003,X,single,ground_ball,Oppo,False,2
2025,2025-09-03,776471,1,5,L,R,CU,13.0,104.18,165.36,-53.00805203999999,82.13253261,X,field_out,ground_ball,Pull,True,0
2025,2025-09-03,776471,55,4,L,R,SI,13.0,118.34,127.64,-17.669350679999997,176.26924273000003,X,single,ground_ball,Straightaway,True,1
2025,2025-09-01,776500,40,1,R,R,SL,4.0,207.1,111.71,203.84640728,216.02528176000007,X,triple,line_drive,Oppo,False,2
2025,2025-09-01,776500,22,1,R,R,SL,8.0,138.64,151.68,32.992770619999966,116.27331189000002,X,grounded_into_double_play,ground_ball,Oppo,False,2
2025,2025-09-01,776500,72,5,L,R,FF,1.0,90.15,81.4,-88.02231617,291.66906977,X,field_out,fly_ball,Pull,False,0
2025,2025-09-01,776500,1,8,R,R,CU,14.0,145.96,80.09,51.26108234000002,294.93839878000006,X,field_out,line_drive,Straightaway,True,1
2025,2025-09-01,776500,58,3,L,R,CH,6.0,96.08,151.68,-73.22298714000001,116.27331189000002,X,single,ground_ball,Pull,False,0
2025,2025-08-31,776522,36,4,R,R,FS,8.0,105.38,158.62,-50.01324684000002,98.95335515000002,X,force_out,ground_ball,Pull,False,0
2025,2025-08-31,776522,19,7,R,R,FC,7.0,143.22,92.46,44.4229438,264.0669485100001,X,single,line_drive,Straightaway,False,1
2025,2025-08-31,776522,53,2,R,R,FF,3.0,205.71,97.22,200.37742459000003,252.18755455000004,X,field_out,line_drive,Oppo,False,2
2025,2025-08-30,776532,42,5,L,R,SL,4.0,41.43,98.7,-209.61140729000005,248.49396147000004,X,double,line_drive,Pull,False,0
2025,2025-08-30,776532,21,1,L,R,FF,5.0,169.71,68.99,110.53326859000002,322.6403468800001,X,double,line_drive,Oppo,False,2
2025,2025-08-30,776532,74,3,L,R,FF,5.0,179.35,116.53,134.59153702999998,203.99614754000004,X,single,ground_ball,Oppo,False,2
2025,2025-08-29,776552,42,3,R,R,SI,8.0,107.75,157.1,-44.098506570000005,102.74677507000004,X,field_error,ground_ball,Pull,False,0
2025,2025-08-29,776552,25,2,R,R,SI,5.0,158.97,204.26,83.72976205,-14.949069289999953,X,field_out,popup,Oppo,False,2
2025,2025-08-29,776552,63,5,L,R,CH,14.0,126.34,197.97,2.2960173200000042,0.7487013000000284,X,field_out,ground_ball,Oppo,True,2
2025,2025-08-29,776552,7,3,R,R,SI,9.0,140.03,142.11,36.46175331,140.15688336,X,field_out,ground_ball,Oppo,False,2
2025,2025-08-28,776560,36,2,R,R,FS,1.0,38.11,100.81,-217.89703501000002,243.22809566000004,X,double,line_drive,Pull,False,0
2025,2025-08-28,776560,48,1,L,R,SL,7.0,129.38,142.9,9.882857159999984,138.18530327000002,X,single,ground_ball,Straightaway,False,1
2025,2025-08-28,776560,21,2,R,R,SI,11.0,128.37,144.93,7.362229450000008,133.11909114000002,X,field_out,ground_ball,Straightaway,True,1
2025,2025-08-28,776560,9,5,R,R,SI,8.0,200.84,113.21,188.22350682,212.28177526000005,X,field_out,fly_ball,Oppo,False,2
2025,2025-08-27,776566,47,4,R,R,CU,9.0,103.17,169.42,-55.52867975,72.00010835000006,X,field_out,ground_ball,Pull,False,0
2025,2025-08-27,776566,24,5,R,R,SI,8.0,140.67,151.68,38.05898274999997,116.27331189000002,X,field_out,ground_ball,Oppo,False,2
2025,2025-08-27,776566,64,3,L,R,CH,6.0,98.1,164.35,-68.18173172000003,84.65316032000004,X,single,ground_ball,Pull,False,0
2025,2025-08-26,776585,36,2,L,R,FF,12.0,160.43,89.86,87.37344171000002,270.55569311000005,X,single,ground_ball,Oppo,True,2
2025,2025-08-26,776585,55,1,R,R,CH,8.0,111.78,158.27,-34.040952440000005,99.82684,X,force_out,ground_ball,Pull,False,0
2025,2025-08-25,776598,29,3,R,R,FO,7.0,73.95,95.21,-128.45218637000002,257.2038532600001,X,field_out,fly_ball,Pull,False,0
2025,2025-08-25,776598,83,4,R,R,FF,11.0,135.84,156.09,26.004891820000005,105.26740278000003,X,field_out,ground_ball,Oppo,True,2
2025,2025-08-25,776598,1,7,R,R,FF,4.0,109.82,58.88,-38.932467600000024,347.8715806900001,X,triple,line_drive,Straightaway,False,1
2025,2025-08-25,776598,59,4,L,R,ST,2.0,214.2,109.24,221.56567138,222.18958913000006,X,field_out,fly_ball,Oppo,False,2
2025,2025-08-24,776613,16,4,R,R,CH,6.0,99.3,144.29,-65.18692652000001,134.71632058000006,X,single,ground_ball,Pull,False,0
2025,2025-08-24,776613,29,1,L,R,CH,5.0,168.7,87.98,108.01264087999998,275.24755459000005,X,field_out,line_drive,Oppo,False,2
2025,2025-08-24,776613,48,4,R,R,SL,4.0,109.0,149.0,-40.97891782000001,122.96171017000003,X,field_out,ground_ball,Pull,False,0
2025,2025-08-24,776613,4,3,R,R,CU,6.0,116.54,160.14,-22.16155847999999,95.15993523000007,X,field_error,ground_ball,Pull,False,0
2025,2025-08-23,776628,39,6,L,R,SL,5.0,17.1,95.29,-270.33108272,257.00419958000003,X,home_run,fly_ball,Pull,False,0
2025,2025-08-23,776628,22,6,L,R,FF,8.0,120.87,59.62,-11.355303049999995,346.02478415,X,field_out,line_drive,Straightaway,False,1
2025,2025-08-23,776628,4,2,L,R,SL,13.0,103.69,167.24,-54.23093083000001,77.44067113000001,X,field_out,ground_ball,Pull,True,0
2025,2025-08-22,776648,19,5,R,R,SI,11.0,128.79,129.68,8.410411269999976,171.17807389000004,X,force_out,ground_ball,Straightaway,True,1
2025,2025-08-22,776648,7,2,R,R,SI,11.0,98.65,160.65,-66.80911266999999,93.88714302000002,X,field_out,ground_ball,Pull,True,0
2025,2025-08-20,776662,33,1,R,R,SI,7.0,99.8,164.7,-63.93909102000001,83.77967547000006,X,grounded_into_double_play,ground_ball,Pull,False,0
2025,2025-08-20,776662,18,3,R,R,SI,11.0,65.14,100.92,-150.43904788,242.95357185000003,X,single,line_drive,Pull,True,0
2025,2025-08-20,776662,75,4,R,R,SL,9.0,121.61,154.05,-9.508506510000007,110.35857162,X,single,ground_ball,Straightaway,False,1
2025,2025-08-20,776662,63,6,L,R,CH,14.0,113.5,162.68,-29.748398320000007,88.82093089000001,X,single,ground_ball,Pull,True,0
2025,2025-08-20,776662,49,5,L,R,FF,1.0,147.12,81.78,54.15606070000001,290.72071479000005,X,single,line_drive,Straightaway,False,1
2025,2025-08-20,776662,5,4,R,R,FF,5.0,168.2,55.52,106.76480537999997,356.25703525,X,triple,fly_ball,Oppo,False,2
2025,2025-08-19,776680,35,4,R,R,ST,8.0,117.32,149.49,-20.214935100000023,121.73883138000001,X,field_out,ground_ball,Straightaway,False,1
2025,2025-08-19,776680,23,3,R,R,SL,2.0,148.76,104.36,58.24896113999998,234.36846361000005,X,single,line_drive,Oppo,False,2
2025,2025-08-19,776680,60,6,L,R,FF,11.0,105.15,169.27,-50.587251169999995,72.374459,X,field_out,ground_ball,Pull,True,0
2025,2025-08-18,776689,17,7,R,R,SL,5.0,52.24,67.34,-182.63320378000003,326.75820403000006,X,home_run,fly_ball,Pull,False,0
2025,2025-08-18,776689,46,2,R,R,SL,11.0,148.71,167.5,58.12417759000002,76.79179667000002,X,field_out,ground_ball,Oppo,True,2
2025,2025-08-18,776689,65,1,R,R,SI,6.0,179.52,132.76,135.01580110000003,163.49140721000006,X,double,ground_ball,Oppo,False,2
2025,2025-08-18,776689,77,4,R,R,SL,5.0,97.88,108.42,-68.73077934000003,224.23603935000003,X,single,ground_ball,Pull,False,0
2025,2025-08-18,776689,29,2,R,R,SI,11.0,180.03,124.64,136.28859331,183.75625573000005,X,single,ground_ball,Oppo,True,2
2025,2025-08-18,776689,5,2,R,R,FF,2.0,203.14,124.01,193.96355011999998,185.32852846000003,X,field_out,fly_ball,Oppo,False,2
2025,2025-08-17,776708,14,1,L,R,FF,8.0,68.91,104.96,-141.03036821000003,232.87106101000006,X,single,line_drive,Pull,False,0
2025,2025-08-17,776708,49,2,R,R,CH,5.0,128.51,178.03,7.711623389999974,50.51238104000003,X,single,ground_ball,Straightaway,False,1
2025,2025-08-17,776708,26,2,R,R,SI,4.0,176.81,96.39,128.25253269,254.25896148000004,X,single,line_drive,Oppo,False,2
2025,2025-08-17,776708,81,5,R,R,FF,13.0,106.72,174.99,-46.66904770000001,58.099220880000004,X,field_out,ground_ball,Pull,True,0
2025,2025-08-16,776725,33,3,R,R,SI,5.0,130.03,88.34,11.50504331,274.34911303,X,single,ground_ball,Straightaway,False,1
2025,2025-08-16,776725,16,4,R,R,KC,7.0,96.58,164.35,-71.97515164,84.65316032000004,X,single,ground_ball,Pull,False,0
2025,2025-08-16,776725,1,5,R,R,FF,9.0,196.25,133.56,176.76837693000002,161.49487041000003,X,double,line_drive,Oppo,False,2
2025,2025-08-15,776739,35,4,L,R,CU,2.0,76.42,78.17,-122.287879,299.73008710000005,X,single,line_drive,Pull,False,0
2025,2025-08-15,776739,15,2,L,R,FF,9.0,206.83,93.33,203.17257611000005,261.8957147400001,X,field_out,fly_ball,Oppo,False,2
2025,2025-08-15,776739,67,1,L,R,FF,5.0,107.15,83.86,-45.59590916999999,285.52971911000003,X,field_out,line_drive,Straightaway,False,1
2025,2025-08-15,776739,1,5,L,R,CH,6.0,115.63,139.37,-24.432619090000017,146.9950219,X,single,ground_ball,Straightaway,False,1
2025,2025-08-15,776739,51,3,L,R,FF,8.0,141.39,183.97,39.85586586999997,35.68809530000003,X,field_out,popup,Oppo,False,2
2025,2025-08-14,776743,34,5,R,R,SI,11.0,117.05,162.68,-20.888766270000012,88.82093089000001,X,single,ground_ball,Pull,True,0
2025,2025-08-14,776743,17,1,R,R,SI,7.0,116.1,183.23,-23.25965372000002,37.53489184000006,X,single,ground_ball,Pull,False,0
2025,2025-08-14,776743,49,5,R,R,FS,8.0,115.83,163.42,-23.93348489000001,86.97413435000006,X,single,ground_ball,Pull,False,0
2025,2025-08-14,776743,1,5,R,R,CH,13.0,105.89,155.07,-48.74045463000001,107.81298720000005,X,field_out,ground_ball,Pull,True,0
2025,2025-08-13,776765,38,3,R,R,FS,8.0,135.75,142.49,25.78028143,139.20852838000002,X,field_out,line_drive,Straightaway,False,1
2025,2025-08-13,776765,17,3,R,R,SL,8.0,81.68,126.23,-109.16064954,179.78813884000002,X,single,line_drive,Pull,False,0
2025,2025-08-13,776765,60,2,R,R,SI,11.0,106.79,154.97,-46.494350729999994,108.06255430000003,X,force_out,ground_ball,Pull,True,0
2025,2025-08-13,776765,1,6,R,R,FF,9.0,162.17,169.8,91.71590924999997,71.05175337,X,field_out,ground_ball,Oppo,False,2
2025,2025-08-12,776777,41,2,R,R,SI,9.0,196.66,85.69,177.79160204000001,280.96264118000005,X,double,line_drive,Oppo,False,2
2025,2025-08-12,776777,22,5,R,R,SL,5.0,110.73,149.22,-36.661406989999996,122.41266255000004,X,field_out,ground_ball,Pull,False,0
2025,2025-08-12,776777,64,5,L,R,FF,7.0,104.68,163.75,-51.760216539999995,86.15056292000003,X,field_out,ground_ball,Pull,False,0
2025,2025-08-11,776792,56,5,L,R,ST,4.0,74.52,110.25,-127.02965390000003,219.66896142000004,X,single,line_drive,Pull,False,0
2025,2025-08-11,776792,40,1,L,R,CH,8.0,73.53,85.12,-129.50036819000002,282.38517365,X,field_out,fly_ball,Pull,False,0
2025,2025-08-11,776792,25,2,L,R,FF,2.0,154.75,120.61,73.19803043,193.81380986000005,X,field_out,fly_ball,Oppo,False,2
2025,2025-08-11,776792,1,2,L,R,FF,4.0,115.93,67.04,-23.683917789999988,327.50690533000005,X,field_out,fly_ball,Straightaway,False,1
2025,2025-08-10,776800,53,1,R,R,FC,9.0,112.0,149.0,-33.49190482000001,122.96171017000003,X,field_out,line_drive,Pull,False,0
2025,2025-08-10,776800,70,1,R,R,CU,5.0,125.97,104.48,1.372619049999993,234.06898309000005,X,field_out,fly_ball,Straightaway,False,1
2025,2025-08-10,776800,1,3,L,R,FC,1.0,103.58,164.98,-54.50545464000001,83.08088759000006,X,field_out,ground_ball,Pull,False,0
2025,2025-08-09,776810,1,1,R,R,FF,11.0,34.96,114.47,-225.75839866000004,209.13722980000006,X,field_out,fly_ball,Pull,True,0
2025,2025-08-08,776821,32,2,R,R,SI,4.0,42.12,114.97,-207.88939430000005,207.88939430000005,X,double,line_drive,Pull,False,0
2025,2025-08-08,776821,16,5,R,R,SI,9.0,118.56,186.56,-17.12030306,29.224307410000023,X,field_out,ground_ball,Pull,False,0
2025,2025-08-08,776821,80,3,R,R,SL,2.0,93.33,33.33,-80.08608239000002,411.63597474000005,X,home_run,fly_ball,Straightaway,False,1
2025,2025-08-08,776821,1,2,R,R,CU,6.0,103.5,45.31,-54.70510832000001,381.73783616000003,X,field_out,fly_ball,Straightaway,False,1
2025,2025-08-06,776851,41,2,L,R,CH,9.0,117.59,87.98,-19.54110393,275.24755459000005,X,single,line_drive,Straightaway,False,1
2025,2025-08-06,776851,21,3,L,R,FF,1.0,111.24,69.33,-35.38861478000002,321.79181874,X,triple,line_drive,Straightaway,False,1
2025,2025-08-06,776851,73,5,L,R,CH,8.0,112.99,146.45,-31.02119053000002,129.32567122000006,X,grounded_into_double_play,ground_ball,Pull,False,0
2025,2025-08-06,776851,57,3,L,R,FC,7.0,56.37,124.0,-172.32608255000005,185.35348517000003,X,double,line_drive,Pull,False,0
2025,2025-08-05,776868,34,4,R,R,FS,8.0,144.44,169.67,47.467662419999996,71.37619060000006,X,field_out,popup,Oppo,False,2
2025,2025-08-05,776868,18,4,R,R,FS,7.0,99.3,162.17,-65.18692652000001,90.09372310000006,X,single,ground_ball,Pull,False,0
2025,2025-08-05,776868,5,3,R,R,CU,9.0,74.06,65.4,-128.17766256000002,331.59980577000005,X,field_out,line_drive,Pull,False,0
2025,2025-08-04,776877,39,1,L,R,FF,8.0,191.69,142.31,165.38811717000002,139.65774916000004,X,field_out,fly_ball,Oppo,False,2
2025,2025-08-04,776877,24,7,L,R,FF,5.0,148.49,63.79,57.57512997000002,335.6178360800001,X,field_out,line_drive,Straightaway,False,1
2025,2025-08-04,776877,66,2,R,R,ST,8.0,100.0,167.0,-63.439956820000006,78.03963217000003,X,field_out,ground_ball,Pull,False,0
2025,2025-08-04,776877,4,2,L,R,CH,8.0,103.33,148.27,-55.129372390000015,124.78355,X,field_out,ground_ball,Pull,False,0
2025,2025-08-03,776890,39,2,R,R,CU,6.0,103.17,162.17,-55.52867975,90.09372310000006,X,field_out,ground_ball,Pull,False,0
2025,2025-08-03,776890,4,2,R,R,SI,13.0,96.53,166.73,-72.09993519000001,78.71346334000006,X,field_out,ground_ball,Pull,True,0
2025,2025-08-02,776912,45,1,L,R,SL,7.0,105.72,164.7,-49.16471870000001,83.77967547000006,X,field_out,ground_ball,Pull,False,0
2025,2025-08-02,776912,23,1,L,R,SI,1.0,70.5,106.15,-137.06225132,229.90121252000003,X,field_out,fly_ball,Pull,False,0
2025,2025-08-01,776913,38,2,R,R,FF,5.0,110.15,126.16,-38.108896169999994,179.96283581000006,X,field_out,popup,Straightaway,False,1
2025,2025-08-01,776913,22,1,R,R,KC,4.0,110.66,155.07,-36.83610396000002,107.81298720000005,X,force_out,ground_ball,Pull,False,0
2025,2025-08-01,776913,4,5,R,R,SL,8.0,147.17,173.32,54.280844249999966,62.26699145000005,X,field_out,ground_ball,Oppo,False,2
2025,2025-08-01,776913,53,2,R,R,FF,6.0,156.29,115.01,77.04136376999998,207.78956746000003,X,single,ground_ball,Oppo,False,2
2025,2025-07-30,776939,64,2,R,R,CU,5.0,101.48,56.84,-59.74636374,352.96274953000005,X,field_out,fly_ball,Straightaway,False,1
2025,2025-07-30,776939,19,2,L,R,SI,3.0,139.04,120.72,33.99103901999998,193.53928605000004,X,field_out,fly_ball,Straightaway,False,1
2025,2025-07-30,776939,36,5,R,R,FF,5.0,186.88,83.28,153.38393966,286.97720829,X,field_out,fly_ball,Oppo,False,2
2025,2025-07-30,776939,1,4,L,R,CH,2.0,110.45,157.66,-37.36019487,101.34919931000005,X,field_out,ground_ball,Pull,False,0
2025,2025-07-29,776952,31,5,R,R,CH,13.0,80.03,115.01,-113.27850669000001,207.78956746000003,X,single,ground_ball,Pull,True,0
2025,2025-07-29,776952,19,6,R,R,ST,1.0,91.41,67.71,-84.87777071000002,325.83480576000005,X,double,line_drive,Pull,False,0
2025,2025-07-29,776952,51,1,L,R,SI,8.0,108.04,179.74,-43.374761979999995,46.24478363000001,X,field_out,ground_ball,Pull,False,0
2025,2025-07-29,776952,1,1,R,R,SI,8.0,69.38,68.36,-139.85740284000002,324.2126196100001,X,field_out,fly_ball,Pull,False,0
2025,2025-07-28,776972,36,1,R,R,SI,4.0,101.14,168.91,-60.594891880000006,73.27290056000004,X,grounded_into_double_play,ground_ball,Pull,False,0
2025,2025-07-28,776972,52,2,R,R,FF,3.0,169.11,98.9,109.03586599000003,247.99482727000003,X,field_out,fly_ball,Oppo,False,2
2025,2025-07-27,776988,38,3,L,R,CH,9.0,113.81,174.99,-28.97474031,58.099220880000004,X,field_out,ground_ball,Pull,False,0
2025,2025-07-27,776988,21,3,L,R,FF,8.0,196.95,112.21,178.51534662999998,214.77744626000006,X,field_out,fly_ball,Oppo,False,2
2025,2025-07-27,776988,59,2,L,R,SI,8.0,211.42,105.55,214.627706,231.39861512000004,X,field_out,fly_ball,Oppo,False,2
2025,2025-07-26,777001,32,4,R,R,SV,14.0,139.15,150.16,34.265562830000015,120.06673181000005,X,force_out,ground_ball,Oppo,True,2
2025,2025-07-26,777001,84,3,R,R,SI,11.0,122.01,148.73,-8.510238109999992,123.63554134000006,X,field_out,ground_ball,Straightaway,True,1
2025,2025-07-26,777001,50,2,R,R,SI,6.0,209.58,110.64,210.03567136000004,218.69564973000004,X,double,line_drive,Oppo,False,2
2025,2025-07-26,777001,64,5,R,R,CH,4.0,138.13,143.57,31.719978409999985,136.51320370000005,X,fielders_choice,ground_ball,Oppo,False,2
2025,2025-07-26,777001,1,7,R,R,SV,8.0,48.71,126.06,-191.44292241000002,180.21240291000004,X,double,line_drive,Pull,False,0
2025,2025-07-25,777015,35,3,R,R,FF,3.0,166.4,86.11,102.27259758000002,279.91445936,X,single,line_drive,Oppo,False,2
2025,2025-07-25,777015,18,2,R,R,ST,8.0,105.2,182.59,-50.46246762,39.13212128000002,X,single,ground_ball,Pull,False,0
2025,2025-07-25,777015,80,3,R,R,SI,3.0,152.55,42.28,67.70755423000003,389.29971929000004,X,triple,fly_ball,Straightaway,False,1
2025,2025-07-25,777015,53,5,L,R,SI,14.0,183.35,114.02,144.57422103,210.26028175000005,X,single,line_drive,Oppo,True,2
2025,2025-07-23,777038,32,1,R,R,FF,6.0,150.51,167.24,62.61638538999998,77.44067113000001,X,field_out,ground_ball,Oppo,False,2
2025,2025-07-23,777038,58,8,R,R,SI,9.0,178.4,134.79,132.22064958,158.42519508000007,X,double,ground_ball,Oppo,False,2
2025,2025-07-23,777038,4,1,R,R,FF,5.0,84.52,132.94,-102.07294390000003,163.04218643000004,X,single,ground_ball,Pull,False,0
2025,2025-07-23,777038,79,1,R,R,FF,5.0,188.68,99.34,157.87614746000003,246.89673203000004,X,field_out,fly_ball,Oppo,False,2
2025,2025-07-22,777045,16,3,R,R,FF,6.0,189.02,79.07,158.72467560000004,297.48398320000007,X,field_out,fly_ball,Oppo,False,2
2025,2025-07-22,777045,33,1,L,R,SI,2.0,171.19,109.42,114.22686167,221.74036835000004,X,single,ground_ball,Oppo,False,2
2025,2025-07-22,777045,4,3,R,R,SI,4.0,116.5,95.19,-22.261385320000006,257.25376668000007,X,single,ground_ball,Straightaway,False,1
2025,2025-07-21,777063,22,1,R,R,SL,6.0,120.53,149.49,-12.203831190000002,121.73883138000001,X,grounded_into_double_play,ground_ball,Straightaway,False,1
2025,2025-07-21,777063,61,9,L,R,FF,1.0,100.24,89.65,-62.84099578000002,271.07978402000003,X,field_out,line_drive,Pull,False,0
2025,2025-07-21,777063,5,2,R,R,SL,12.0,122.05,147.46,-8.410411270000012,126.80504351000002,X,field_out,ground_ball,Straightaway,True,1
2025,2025-07-20,777078,69,1,R,R,KC,4.0,104.88,163.18,-51.26108234000002,87.57309539000002,X,grounded_into_double_play,ground_ball,Pull,False,0
2025,2025-07-20,777078,47,1,R,R,SI,4.0,168.26,106.39,106.91454563999999,229.30225148000005,X,single,ground_ball,Oppo,False,2
2025,2025-07-20,777078,24,4,R,R,SI,2.0,155.58,164.2,75.26943736000003,85.02751097000007,X,field_out,ground_ball,Oppo,False,2
2025,2025-07-19,777089,42,9,L,R,SL,9.0,112.79,100.3,-31.52032472999999,244.50088787000004,X,single,ground_ball,Straightaway,False,1
2025,2025-07-19,777089,21,1,L,R,SL,8.0,168.6,65.47,107.76307377999998,331.42510880000003,X,field_out,fly_ball,Oppo,False,2
2025,2025-07-19,777089,72,2,R,R,CH,8.0,108.11,156.35,-43.20006501000001,104.61852832000005,X,field_out,ground_ball,Pull,False,0
2025,2025-07-18,777106,35,3,L,R,CH,14.0,124.92,161.66,-1.2478355,91.36651531000004,X,field_out,ground_ball,Straightaway,True,1
2025,2025-07-18,777106,21,2,L,R,SL,5.0,61.21,102.29,-160.24703491000002,239.53450258000004,X,single,line_drive,Pull,False,0
2025,2025-07-18,777106,60,4,L,R,CU,1.0,93.24,163.06,-80.31069278000002,87.87257591000002,X,field_out,ground_ball,Pull,False,0
2025,2025-07-13,777117,58,1,L,R,SI,3.0,143.13,71.01,44.19833340999999,317.59909146,X,field_out,line_drive,Straightaway,False,1
2025,2025-07-12,777126,38,4,R,R,SL,8.0,55.52,82.02,-174.44740290000001,290.12175375000004,X,field_out,fly_ball,Pull,False,0
2025,2025-07-12,777126,1,6,R,R,SI,11.0,98.12,161.66,-68.13181829999999,91.36651531000004,X,field_out,ground_ball,Pull,True,0
2025,2025-07-12,777126,54,2,L,R,SI,4.0,113.64,61.26,-29.399004380000004,341.9318837100001,X,double,line_drive,Straightaway,False,1
2025,2025-07-11,777139,21,3,R,R,SI,2.0,151.6,65.84,65.33666677999999,330.50171053,X,field_out,fly_ball,Straightaway,False,1
2025,2025-07-11,777139,1,2,R,R,SL,9.0,125.59,129.28,0.42426407000000427,172.17634229000004,X,field_out,ground_ball,Straightaway,False,1
2025,2025-07-09,777163,34,5,R,R,ST,6.0,97.65,163.34,-69.30478366999999,87.17378803000003,X,force_out,ground_ball,Pull,False,0
2025,2025-07-09,777163,1,5,R,R,FF,5.0,145.79,163.34,50.83681826999998,87.17378803000003,X,field_out,ground_ball,Oppo,False,2
2025,2025-07-09,777163,61,2,L,R,SI,3.0,115.86,153.47,-23.85861476000001,111.80606080000004,X,force_out,ground_ball,Pull,False,0
2025,2025-07-08,777186,34,3,L,R,FF,3.0,172.54,168.99,117.59601751999999,73.07324688000001,X,field_out,popup,Oppo,False,2
2025,2025-07-08,777186,19,10,L,R,FF,7.0,91.98,122.96,-83.45523824,187.94898301000006,X,single,ground_ball,Pull,False,0
2025,2025-07-08,777186,52,1,R,R,SI,5.0,129.53,177.47,10.257207809999999,51.90995680000003,X,field_out,ground_ball,Straightaway,False,1
2025,2025-07-08,777186,69,1,L,R,SI,6.0,131.46,109.29,15.073852840000017,222.06480558000004,X,field_out,fly_ball,Straightaway,False,1
2025,2025-07-08,777186,1,3,L,R,SL,5.0,49.83,77.29,-188.64777089000003,301.92627758000003,X,field_out,fly_ball,Pull,False,0
2025,2025-07-07,777199,37,5,R,R,SI,2.0,124.98,94.36,-1.0980952399999944,259.32517361000004,X,single,ground_ball,Straightaway,False,1
2025,2025-07-07,777199,19,6,R,R,CU,7.0,79.41,162.83,-114.82582271000003,88.44658024,X,field_out,popup,Pull,False,0
2025,2025-07-07,777199,1,3,R,R,CU,9.0,116.91,150.16,-21.238160210000014,120.06673181000005,X,field_out,ground_ball,Straightaway,False,1
2025,2025-07-06,777217,36,5,R,R,SL,9.0,178.03,106.9,131.29725131,228.02945927000002,X,field_out,fly_ball,Oppo,False,2
2025,2025-07-06,777217,16,7,R,R,FF,8.0,166.19,64.44,101.74850667,333.99564993000007,X,field_out,line_drive,Oppo,False,2
2025,2025-07-06,777217,63,2,R,R,SV,4.0,108.56,151.01,-42.07701306,117.94541146000006,X,field_out,ground_ball,Pull,False,0
2025,2025-07-06,777217,4,5,R,R,FF,7.0,79.66,111.46,-114.20190496000002,216.64919951000005,X,single,ground_ball,Pull,False,0
2025,2025-07-06,777217,51,2,R,R,SL,9.0,110.08,152.03,-38.283593140000015,115.39982704000003,X,field_out,ground_ball,Pull,False,0
2025,2025-07-05,777233,41,2,L,R,CU,4.0,106.04,178.92,-48.36610397999999,48.29123385000006,X,field_out,ground_ball,Pull,False,0
2025,2025-07-05,777233,20,4,L,R,FF,6.0,156.43,79.02,77.39075771000002,297.6087667500001,X,single,line_drive,Oppo,False,2
2025,2025-07-05,777233,61,3,L,R,FF,2.0,140.37,140.36,37.31028145000001,144.52430761,X,field_error,ground_ball,Oppo,False,2
2025,2025-07-05,777233,5,3,L,R,SI,4.0,64.63,116.77,-151.71184009000004,203.39718650000006,X,double,line_drive,Pull,False,0
2025,2025-07-04,777255,41,2,L,R,CH,5.0,102.87,164.72,-56.277381049999995,83.72976205000003,X,field_out,popup,Pull,False,0
2025,2025-07-04,777255,19,4,L,R,CU,4.0,65.54,88.51,-149.44077948,273.92484896,X,field_out,line_drive,Pull,False,0
2025,2025-07-04,777255,59,2,R,R,CH,4.0,130.05,183.69,11.554956730000026,36.386883180000034,X,field_out,ground_ball,Oppo,False,2
2025,2025-07-04,777255,75,3,R,R,FF,4.0,149.61,88.35,60.37028149000003,274.32415632000004,X,single,line_drive,Oppo,False,2
2025,2025-07-04,777255,4,8,L,R,CH,9.0,90.46,94.35,-87.24865816000003,259.35013032000006,X,single,line_drive,Pull,False,0
2025,2025-07-02,777273,46,3,R,R,FC,8.0,101.11,162.68,-60.669762010000014,88.82093089000001,X,grounded_into_double_play,ground_ball,Pull,False,0
2025,2025-07-02,777290,37,6,R,R,FF,13.0,106.18,177.14,-48.01671003999999,52.73352823000006,X,single,ground_ball,Pull,True,0
2025,2025-07-02,777290,19,4,R,R,FF,5.0,153.92,81.34,71.12662349999997,291.81881003000007,X,field_out,fly_ball,Oppo,False,2
2025,2025-07-02,777273,78,2,R,R,FF,5.0,112.35,75.38,-32.61841997000002,306.69300919000005,X,single,line_drive,Straightaway,False,1
2025,2025-07-02,777290,4,3,R,R,SL,4.0,171.21,84.41,114.27677509000003,284.15710006000006,X,field_out,line_drive,Oppo,False,2
2025,2025-07-02,777273,5,2,R,R,ST,6.0,144.11,98.69,46.64409099000003,248.51891818000004,X,single,fly_ball,Straightaway,False,1
2025,2025-06-30,777306,33,6,R,R,KN,14.0,116.03,189.55,-23.434350690000002,21.76225112,X,single,ground_ball,Pull,True,0
2025,2025-06-30,777306,18,2,R,R,KN,9.0,122.1,185.82,-8.285627720000019,31.071103950000044,X,field_out,ground_ball,Pull,False,0
2025,2025-06-30,777306,51,1,L,R,SI,5.0,119.7,47.45,-14.27523812,376.39710022,X,field_out,fly_ball,Straightaway,False,1
2025,2025-06-30,777306,5,6,R,R,FF,5.0,142.47,137.21,42.551190549999994,152.38567126,X,field_out,ground_ball,Oppo,False,2
2025,2025-06-29,777316,35,1,R,R,SL,1.0,155.56,68.81,75.21952394,323.08956766000006,X,sac_fly,fly_ball,Oppo,False,2
2025,2025-06-29,777316,18,3,R,R,FF,6.0,145.22,161.96,49.414285799999995,90.61781401000002,X,field_out,ground_ball,Oppo,False,2
2025,2025-06-29,777316,1,2,R,R,FF,8.0,102.26,148.01,-57.799740359999994,125.43242446000006,X,field_out,ground_ball,Pull,False,0
2025,2025-06-28,777333,42,5,R,R,SI,5.0,164.59,180.09,97.75543307000001,45.37129878000002,X,field_out,popup,Oppo,False,2
2025,2025-06-28,777333,1,4,R,R,SI,7.0,111.94,162.54,-33.64164508000001,89.17032483000006,X,field_out,ground_ball,Pull,False,0
2025,2025-06-27,777342,27,3,R,R,SL,8.0,104.07,169.8,-53.28257585000002,71.05175337,X,field_error,ground_ball,Pull,False,0
2025,2025-06-27,777342,14,2,R,R,CH,4.0,58.1,53.17,-168.00857172,362.1218621000001,X,home_run,fly_ball,Pull,False,0
2025,2025-06-27,777342,40,2,R,R,FF,6.0,98.57,77.5,-67.00876635000003,301.40218667000005,X,single,line_drive,Pull,False,0
2025,2025-06-27,777342,58,1,R,R,SL,8.0,147.04,147.41,53.95640701999998,126.92982706000005,X,field_out,ground_ball,Oppo,False,2
2025,2025-06-27,777342,80,3,R,R,EP,11.0,51.34,58.08,-184.87930768,349.86811749000003,X,home_run,fly_ball,Pull,True,0
2025,2025-06-27,777342,1,2,R,R,SI,4.0,58.33,54.63,-167.43456739,358.47818244000007,X,double,line_drive,Pull,False,0
2025,2025-06-26,777350,19,6,R,R,FC,9.0,118.56,123.7,-17.12030306,186.10218647000002,X,field_out,popup,Straightaway,False,1
2025,2025-06-25,777366,20,4,L,R,ST,4.0,101.32,167.3,-60.14567110000002,77.29093087,X,force_out,ground_ball,Pull,False,0
2025,2025-06-25,777366,56,4,L,R,FF,4.0,123.12,112.04,-5.740043299999994,215.20171033000003,X,single,ground_ball,Straightaway,False,1
2025,2025-06-25,777366,1,6,L,R,CU,8.0,134.03,136.02,21.48772731,155.35551975,X,field_out,popup,Straightaway,False,1
2025,2025-06-24,777377,48,6,L,R,SI,5.0,111.03,81.88,-35.91270569,290.47114769000007,X,single,ground_ball,Straightaway,False,1
2025,2025-06-24,777377,31,2,L,R,CU,6.0,109.43,157.16,-39.90577928999999,102.59703481000004,X,field_out,ground_ball,Pull,False,0
2025,2025-06-24,777377,13,1,L,R,CH,9.0,186.87,75.32,153.35898295,306.84274945000004,X,field_out,fly_ball,Oppo,False,2
2025,2025-06-24,777377,1,2,L,R,SI,9.0,156.92,84.31,78.61363649999997,284.40666716000004,X,field_out,line_drive,Oppo,False,2
2025,2025-06-22,777405,34,2,L,R,SI,9.0,116.83,138.0,-21.43781389000001,150.41409117000003,X,single,ground_ball,Straightaway,False,1
2025,2025-06-22,777405,53,5,R,R,ST,5.0,86.96,107.91,-95.98350666000003,225.50883156000006,X,single,line_drive,Pull,False,0
2025,2025-06-22,777405,5,1,L,R,SI,9.0,107.37,68.11,-45.046861549999996,324.8365373600001,X,field_out,line_drive,Straightaway,False,1
2025,2025-06-21,777423,42,5,R,R,CH,9.0,98.83,83.28,-66.35989189000001,286.97720829,X,field_error,line_drive,Pull,False,0
2025,2025-06-21,777423,19,5,R,R,SL,14.0,116.47,162.17,-22.33625545000001,90.09372310000006,X,field_out,ground_ball,Pull,True,0
2025,2025-06-21,777423,57,5,R,R,CH,7.0,149.43,154.56,59.92106071000002,109.08577941000003,X,field_out,ground_ball,Oppo,False,2
2025,2025-06-21,777423,7,3,R,R,CH,7.0,105.31,146.45,-50.18794381,129.32567122000006,X,field_out,ground_ball,Pull,False,0
2025,2025-06-20,777437,23,1,R,R,SI,4.0,142.4,149.49,42.376493580000016,121.73883138000001,X,grounded_into_double_play,ground_ball,Oppo,False,2
2025,2025-06-20,777437,70,2,R,R,FC,6.0,126.9,87.43,3.69359308000001,276.62017364,X,single,line_drive,Straightaway,False,1
2025,2025-06-20,777437,58,5,R,R,ST,9.0,199.19,127.18,184.10564967,177.41725139000002,X,double,line_drive,Oppo,False,2
2025,2025-06-20,777437,36,1,L,R,SI,8.0,106.9,150.51,-46.219826919999996,119.19324696000005,X,force_out,ground_ball,Pull,False,0
2025,2025-06-19,777444,39,5,R,R,CU,14.0,108.35,160.75,-42.60110397000002,93.63757592000003,X,field_out,ground_ball,Pull,True,0
2025,2025-06-19,777444,17,3,R,R,SI,4.0,165.96,77.74,101.17450234000002,300.80322563000004,X,field_out,fly_ball,Oppo,False,2
2025,2025-06-19,777444,54,5,R,R,SI,4.0,108.92,150.43,-41.178571500000004,119.39290064000002,X,field_out,ground_ball,Pull,False,0
2025,2025-06-19,777444,1,3,R,R,CH,7.0,93.01,165.7,-80.88469711,81.28400447000006,X,field_out,ground_ball,Pull,False,0
2025,2025-06-18,777465,31,4,R,R,SI,7.0,130.68,159.24,13.127229460000013,97.40603913000001,X,field_out,ground_ball,Straightaway,False,1
2025,2025-06-18,777465,63,2,R,R,ST,9.0,149.82,180.45,60.89437239999998,44.47285722000006,X,field_out,ground_ball,Oppo,False,2
2025,2025-06-18,777465,18,4,R,R,CU,8.0,95.81,166.98,-73.89681831,78.08954559000006,X,field_out,ground_ball,Pull,False,0
2025,2025-06-18,777465,1,4,R,R,CU,13.0,112.53,80.81,-32.16919919,293.14151566000004,X,field_out,fly_ball,Straightaway,True,1
2025,2025-06-17,777481,22,2,R,R,SL,7.0,5.93,80.55,-298.20772779000004,293.79039012000004,X,home_run,fly_ball,Pull,False,0
2025,2025-06-17,777481,36,4,R,R,ST,5.0,175.41,144.35,124.75859329,134.56658032000004,X,field_out,fly_ball,Oppo,False,2
2025,2025-06-17,777481,1,3,R,R,SI,13.0,63.07,118.24,-155.60508685000002,199.72855013000006,X,field_out,fly_ball,Pull,True,0
2025,2025-06-17,777481,62,2,R,R,SI,5.0,142.78,71.43,43.32484856,316.55090964000004,X,single,line_drive,Straightaway,False,1
2025,2025-06-16,777483,20,8,R,R,SI,5.0,169.78,89.84,110.70796556,270.60560653000005,X,single,line_drive,Oppo,False,2
2025,2025-06-16,777483,51,1,R,R,FC,6.0,63.21,110.59,-155.25569291000002,218.82043328000003,X,single,line_drive,Pull,False,0
2025,2025-06-16,777483,69,3,L,R,CH,6.0,180.89,109.47,138.43487036999997,221.61558480000005,X,field_out,line_drive,Oppo,False,2
2025,2025-06-16,777483,1,2,R,R,SI,8.0,145.14,35.87,49.21463211999997,405.2969704,X,home_run,line_drive,Straightaway,False,1
2025,2025-06-15,777499,39,2,R,R,CH,7.0,107.75,160.14,-44.098506570000005,95.15993523000007,X,field_out,ground_ball,Pull,False,0
2025,2025-06-15,777499,20,5,R,R,CH,7.0,121.95,99.8,-8.659978369999997,245.74872337000005,X,field_out,line_drive,Straightaway,False,1
2025,2025-06-15,777499,67,3,R,R,SI,13.0,100.65,167.24,-61.817770669999994,77.44067113000001,X,single,ground_ball,Pull,True,0
2025,2025-06-15,777499,4,1,R,R,SI,4.0,72.25,134.79,-132.69482707,158.42519508000007,X,double,ground_ball,Pull,False,0
2025,2025-06-14,777509,22,4,R,R,FS,8.0,107.61,154.05,-44.44790051000001,110.35857162,X,field_out,ground_ball,Pull,False,0
2025,2025-06-14,777509,41,7,L,R,SI,6.0,187.51,77.52,154.95621239,301.35227325000005,X,field_out,fly_ball,Oppo,False,2
2025,2025-06-14,777509,4,3,R,R,SL,5.0,103.88,41.83,-53.75675334000002,390.42277124000003,X,field_out,fly_ball,Straightaway,False,1
2025,2025-06-13,777531,33,2,R,R,FS,14.0,136.82,144.93,28.450649399999982,133.11909114000002,X,field_out,ground_ball,Oppo,True,2
2025,2025-06-13,777531,68,2,R,R,FF,5.0,67.6,111.18,-144.29969722000004,217.34798739000001,X,single,line_drive,Pull,False,0
2025,2025-06-13,777531,49,1,L,R,FC,4.0,82.48,149.13,-107.16411274000001,122.63727294000005,X,field_out,ground_ball,Pull,False,0
2025,2025-06-13,777531,5,3,R,R,FF,7.0,154.23,113.01,71.90028150999997,212.78090946000003,X,field_out,fly_ball,Oppo,False,2
2025,2025-06-11,777553,36,2,R,R,FF,8.0,196.02,88.64,176.19437260000004,273.60041173,X,double,line_drive,Oppo,False,2
2025,2025-06-11,777553,19,5,R,R,KC,1.0,95.0,189.0,-75.91831182000001,23.134870170000028,X,field_out,popup,Pull,False,0
2025,2025-06-11,777553,5,3,R,R,FF,5.0,90.54,92.7,-87.04900448,263.46798747,X,single,ground_ball,Pull,False,0
2025,2025-06-10,777571,43,2,R,R,CU,5.0,72.3,102.45,-132.57004352,239.13519522000004,X,single,line_drive,Pull,False,0
2025,2025-06-10,777571,19,2,R,R,FF,11.0,150.98,154.56,63.78935075999998,109.08577941000003,X,field_out,popup,Oppo,True,2
2025,2025-06-10,777571,61,6,R,R,FF,5.0,162.46,82.77,92.43965384000002,288.25000050000006,X,field_out,line_drive,Oppo,False,2
2025,2025-06-10,777571,5,1,R,R,FF,1.0,79.36,89.65,-114.95060626000001,271.07978402000003,X,field_out,line_drive,Pull,False,0
2025,2025-06-09,777578,39,2,L,R,FF,7.0,106.9,160.14,-46.219826919999996,95.15993523000007,X,field_out,ground_ball,Pull,False,0
2025,2025-06-09,777578,22,5,L,R,CU,9.0,194.22,123.55,171.70216480000002,186.47653712000005,X,single,line_drive,Oppo,False,2
2025,2025-06-09,777578,73,5,L,R,KC,4.0,106.9,152.53,-46.219826919999996,114.15199154000003,X,force_out,ground_ball,Pull,False,0
2025,2025-06-09,777578,5,4,L,R,FF,3.0,111.47,153.55,-34.81461045000001,111.60640712,X,field_out,popup,Pull,False,0
2025,2025-06-08,777595,21,4,R,R,FS,7.0,104.69,162.83,-51.73525983000001,88.44658024,X,field_out,ground_ball,Pull,False,0
2025,2025-06-08,777595,63,1,R,R,SL,5.0,46.0,100.0,-198.20619082000002,245.24958917000004,X,double,line_drive,Pull,False,0
2025,2025-06-08,777595,2,2,R,R,ST,8.0,141.56,98.06,40.28012994,250.09119091000005,X,field_out,fly_ball,Straightaway,False,1
2025,2025-06-07,777607,19,1,L,R,FF,4.0,132.56,145.6,17.819090940000002,131.44699157000005,X,double_play,line_drive,Straightaway,False,1
2025,2025-06-07,777607,1,2,L,R,CS,8.0,152.07,169.73,66.50963214999999,71.22645034000006,X,field_out,line_drive,Oppo,False,2
2025,2025-06-07,777607,59,1,R,R,FF,6.0,153.34,167.39,69.67913432,77.06632048000006,X,field_out,ground_ball,Oppo,False,2
2025,2025-06-06,777621,19,4,L,R,FF,6.0,224.39,104.55,246.99655886999997,233.89428612000006,X,double,fly_ball,Oppo,False,2
2025,2025-06-06,777621,49,3,L,R,FC,7.0,117.36,156.24,-20.115108260000007,104.89305213000002,X,field_out,ground_ball,Straightaway,False,1
2025,2025-06-06,777621,32,5,R,R,FC,8.0,119.39,91.89,-15.048896130000005,265.48948098000005,X,single,ground_ball,Straightaway,False,1
2025,2025-06-06,777621,1,2,L,R,FF,4.0,85.28,138.45,-100.17623394,149.29103922000007,X,single,line_drive,Pull,False,0
2025,2025-06-05,777637,47,3,R,R,SI,5.0,108.03,39.37,-43.39971869000001,396.5621219,X,double,line_drive,Straightaway,False,1
2025,2025-06-05,777637,22,2,R,R,FC,2.0,206.54,89.01,202.44883152,272.67701346,X,field_out,fly_ball,Oppo,False,2
2025,2025-06-05,777637,2,4,R,R,SI,4.0,121.46,167.98,-9.88285716000002,75.59387459000006,X,field_out,ground_ball,Straightaway,False,1
2025,2025-06-05,777637,64,4,L,R,FC,2.0,107.02,143.89,-45.92034640000002,135.71458898000006,X,field_out,ground_ball,Pull,False,0
2025,2025-06-04,777651,33,3,R,R,SI,4.0,187.37,137.3,154.60681845000002,152.16106087,X,field_out,fly_ball,Oppo,False,2
2025,2025-06-04,777651,17,5,R,R,SV,9.0,111.34,155.88,-35.13904768,105.79149369000004,X,field_out,ground_ball,Pull,False,0
2025,2025-06-03,777665,11,4,R,R,FS,8.0,124.27,49.08,-2.870021650000014,372.32915649,X,field_out,fly_ball,Straightaway,False,1
2025,2025-06-03,777665,28,4,L,R,CH,14.0,151.88,174.03,66.03545465999998,60.49506504000003,X,field_out,line_drive,Oppo,True,2
2025,2025-06-03,777665,67,6,R,R,FS,4.0,44.61,71.68,-201.67517351,315.92699189,X,home_run,fly_ball,Pull,False,0
2025,2025-06-03,777665,2,4,R,R,FF,3.0,192.74,61.87,168.00857172000002,340.40952440000007,X,home_run,fly_ball,Oppo,False,2
2025,2025-06-03,777665,51,2,R,R,SL,6.0,101.65,171.61,-59.32209966999999,66.53458886,X,single,ground_ball,Pull,False,0
2025,2025-06-01,777688,34,1,L,R,SI,4.0,168.14,99.6,106.61506511999997,246.24785757000006,X,field_out,fly_ball,Oppo,False,2
2025,2025-06-01,777688,19,3,L,R,CU,6.0,183.33,92.21,144.52430761000005,264.69086626000006,X,field_out,fly_ball,Oppo,False,2
2025,2025-06-01,777688,75,5,R,R,FF,11.0,165.73,179.92,100.60049800999998,45.79556285000006,X,field_out,popup,Oppo,True,2
2025,2025-06-01,777688,59,1,L,R,FC,6.0,210.55,112.92,212.45647223000003,213.00551985000004,X,double,line_drive,Oppo,False,2
2025,2025-05-31,777702,58,2,R,R,SL,12.0,60.59,109.79,-161.79435093,220.81697008000003,X,field_out,line_drive,Pull,True,0
2025,2025-05-31,777702,9,5,R,R,SI,6.0,178.82,103.35,133.26883139999998,236.88909132000006,X,single,ground_ball,Oppo,False,2
2025,2025-05-31,777702,76,3,R,R,ST,8.0,124.98,160.14,-1.0980952399999944,95.15993523000007,X,field_out,popup,Straightaway,False,1
2025,2025-05-30,777715,67,4,R,R,SI,5.0,107.75,165.72,-44.098506570000005,81.23409105000003,X,field_out,ground_ball,Pull,False,0
2025,2025-05-30,777715,48,3,R,R,SL,14.0,107.24,172.82,-45.37129878000002,63.51482695000005,X,field_out,ground_ball,Pull,True,0
2025,2025-05-30,777715,8,7,L,R,CH,6.0,195.87,123.81,175.82002195,185.82766266000004,X,field_out,fly_ball,Oppo,False,2
2025,2025-05-30,777715,29,7,R,R,SL,5.0,70.42,107.95,-137.261905,225.40900472000004,X,single,ground_ball,Pull,False,0
2025,2025-05-29,777735,41,4,R,R,SL,5.0,106.6,171.3,-46.968528220000024,67.30824687,X,single,ground_ball,Pull,False,0
2025,2025-05-29,777735,24,4,R,R,FF,2.0,79.72,58.21,-114.05216470000002,349.54368026000003,X,field_out,fly_ball,Pull,False,0
2025,2025-05-29,777723,80,3,R,R,SI,4.0,117.05,104.87,-20.888766270000012,233.09567140000004,X,single,ground_ball,Straightaway,False,1
2025,2025-05-29,777735,61,9,R,R,FF,2.0,124.99,36.43,-1.0731385300000171,403.89939464,X,field_out,fly_ball,Straightaway,False,1
2025,2025-05-29,777735,76,2,L,R,FC,9.0,172.56,65.82,117.64593094000001,330.5516239500001,X,field_out,fly_ball,Oppo,False,2
2025,2025-05-29,777735,6,3,R,R,FF,7.0,143.56,147.53,45.271471940000005,126.63034654000003,X,field_out,ground_ball,Oppo,False,2
2025,2025-05-29,777723,5,1,L,R,FF,2.0,124.44,73.07,-2.44575758000001,312.45800920000005,X,field_out,fly_ball,Straightaway,False,1
2025,2025-05-27,777748,23,1,R,R,FF,1.0,102.34,204.26,-57.60008668,-14.949069289999953,X,field_out,popup,Pull,False,0
2025,2025-05-27,777748,6,3,R,R,FF,2.0,139.71,66.18,35.66313859000002,329.65318239000004,X,field_out,line_drive,Straightaway,False,1
2025,2025-05-27,777748,59,1,R,R,FF,6.0,192.06,106.94,166.31151544000002,227.92963243000005,X,field_out,line_drive,Oppo,False,2
2025,2025-05-25,777765,40,3,R,R,FF,1.0,108.41,75.8,-42.45136371000002,305.64482737000003,X,sac_fly,fly_ball,Straightaway,False,1
2025,2025-05-25,777765,23,4,R,R,SI,8.0,124.34,124.57,-2.695324679999996,183.93095270000006,X,single,ground_ball,Straightaway,False,1
2025,2025-05-25,777765,60,1,L,R,CU,2.0,25.59,102.59,-249.14283593000002,238.78580128000004,X,home_run,fly_ball,Pull,False,0
2025,2025-05-25,777765,2,1,R,R,FF,5.0,150.51,53.73,62.61638538999998,360.7242863400001,X,field_out,fly_ball,Straightaway,False,1
2025,2025-05-24,777784,38,4,L,R,CH,14.0,125.96,77.49,1.3476623399999803,301.4271433800001,X,field_out,fly_ball,Straightaway,True,1
2025,2025-05-24,777784,14,8,L,R,SL,8.0,186.41,134.71,152.21097429,158.62484876000002,X,field_out,fly_ball,Oppo,False,2
2025,2025-05-24,777784,59,2,R,R,SI,5.0,112.3,145.96,-32.743203520000016,130.54855001,X,grounded_into_double_play,ground_ball,Pull,False,0
2025,2025-05-23,777804,33,3,L,R,SL,7.0,57.41,126.84,-169.73058471000002,178.26577953000003,X,field_out,fly_ball,Pull,False,0
2025,2025-05-23,777804,13,3,L,R,SL,8.0,148.32,89.98,57.150865899999985,270.25621259,X,field_out,fly_ball,Straightaway,False,1
2025,2025-05-23,777804,67,7,R,R,SL,6.0,112.23,83.78,-32.917900489999994,285.72937279000007,X,single,ground_ball,Straightaway,False,1
2025,2025-05-23,777804,54,3,R,R,FC,5.0,73.6,112.0,-129.32567122000003,215.30153717000005,X,single,line_drive,Pull,False,0
2025,2025-05-23,777804,1,4,L,R,FF,5.0,108.42,27.58,-42.426407000000005,425.98608299,X,home_run,fly_ball,Straightaway,False,1
2025,2025-05-22,777817,2,3,R,R,KC,8.0,77.76,69.16,-118.94367986,322.21608281000005,X,field_out,fly_ball,Pull,False,0
2025,2025-05-21,777823,33,4,L,R,CH,14.0,118.37,154.22,-17.594480549999993,109.93430755000004,X,force_out,ground_ball,Straightaway,True,1
2025,2025-05-21,777823,63,5,R,R,SL,8.0,102.98,174.91,-56.00285724,58.29887456000004,X,fielders_choice_out,ground_ball,Pull,False,0
2025,2025-05-21,777823,21,5,L,R,FF,5.0,61.87,39.49,-158.59989205000002,396.26264138000005,X,home_run,fly_ball,Pull,False,0
2025,2025-05-21,777823,1,3,L,R,FF,3.0,114.73,89.76,-26.678722989999997,270.80526021000003,X,single,line_drive,Straightaway,False,1
2025,2025-05-20,777842,19,3,R,R,FF,2.0,68.61,120.7,-141.77906951000003,193.58919947000004,X,single,line_drive,Pull,False,0
2025,2025-05-20,777842,66,1,R,R,SI,8.0,41.98,80.74,-208.23878824000002,293.31621263000005,X,field_out,fly_ball,Pull,False,0
2025,2025-05-20,777842,2,1,R,R,FF,5.0,219.81,125.35,235.56638569000003,181.98432932000006,X,double,fly_ball,Oppo,False,2
2025,2025-05-19,777852,35,8,L,R,FF,6.0,209.0,116.0,208.58818218000002,205.31885317000004,X,triple,line_drive,Oppo,False,2
2025,2025-05-19,777852,17,4,L,R,KC,14.0,129.76,104.15,10.831212139999973,234.89255452000003,X,single,fly_ball,Straightaway,True,1
2025,2025-05-19,777852,52,3,R,R,ST,14.0,125.36,183.94,-0.14974026000000568,35.76296543000004,X,fielders_choice,ground_ball,Straightaway,True,1
2025,2025-05-19,777852,65,2,R,R,SL,2.0,157.94,64.97,81.15922092,332.67294430000004,X,double,line_drive,Oppo,False,2
2025,2025-05-19,777852,1,2,L,R,FC,7.0,100.13,170.94,-63.11551959000002,68.20668843000004,X,field_out,ground_ball,Pull,False,0
2025,2025-05-18,777880,42,2,R,R,ST,11.0,140.51,149.35,37.659675389999975,122.08822532000005,X,field_out,line_drive,Oppo,True,2
2025,2025-05-18,777880,7,2,R,R,SI,11.0,105.31,167.24,-50.18794381,77.44067113000001,X,field_out,ground_ball,Pull,True,0
2025,2025-05-17,777894,22,4,R,R,ST,4.0,142.11,175.94,41.652748990000035,55.728333430000035,X,field_out,ground_ball,Oppo,False,2
2025,2025-05-17,777894,6,8,R,R,SL,9.0,105.84,177.32,-48.86523818,52.28430745000005,X,single,ground_ball,Pull,False,0
2025,2025-05-17,777894,50,8,L,R,FF,14.0,117.48,60.38,-19.815627739999996,344.12807419000006,X,field_out,fly_ball,Straightaway,True,1
2025,2025-05-17,777894,34,3,L,R,CU,8.0,100.31,164.7,-62.66629881,83.77967547000006,X,field_out,line_drive,Pull,False,0
2025,2025-05-16,777905,37,4,L,R,SI,7.0,106.87,168.25,-46.294697049999996,74.92004342000003,X,fielders_choice_out,ground_ball,Pull,False,0
2025,2025-05-16,777905,22,3,L,R,CU,7.0,63.67,101.95,-154.10768425,240.38303072000005,X,field_out,line_drive,Pull,False,0
2025,2025-05-16,777905,56,4,R,R,ST,9.0,89.59,131.36,-89.41989193,166.98534661,X,single,fly_ball,Pull,False,0
2025,2025-05-16,777905,68,1,L,R,FF,6.0,215.04,113.11,223.66203502,212.53134236000005,X,triple,line_drive,Oppo,False,2
2025,2025-05-16,777905,4,2,L,R,CH,13.0,80.33,72.65,-112.52980539000002,313.50619102,X,field_out,fly_ball,Pull,True,0
2025,2025-05-14,777933,45,4,R,R,SI,8.0,129.62,197.37,10.481818200000008,2.2461039000000143,X,field_out,ground_ball,Oppo,False,2
2025,2025-05-14,777933,20,7,R,R,SI,5.0,189.45,116.51,159.79781412999998,204.04606096000003,X,field_out,fly_ball,Oppo,False,2
2025,2025-05-14,777922,22,4,R,R,SI,5.0,148.99,151.52,58.82296547000002,116.67261925000001,X,field_out,ground_ball,Oppo,False,2
2025,2025-05-14,777922,56,3,L,R,CH,4.0,114.58,139.33,-27.05307364000001,147.09484874,X,field_out,popup,Straightaway,False,1
2025,2025-05-14,777933,7,1,R,R,FC,9.0,108.93,181.94,-41.15361478999999,40.75430743000003,X,single,ground_ball,Pull,False,0
2025,2025-05-14,777922,5,1,R,R,SI,5.0,130.73,128.32,13.25201300999997,174.57218645000006,X,field_out,ground_ball,Straightaway,False,1
2025,2025-05-12,777953,22,2,L,R,FF,7.0,79.28,106.39,-115.15025994000001,229.30225148000005,X,single,ground_ball,Pull,False,0
2025,2025-05-12,777953,58,2,R,R,CU,5.0,151.08,52.57,64.03891786000003,363.6192647000001,X,field_out,fly_ball,Straightaway,False,1
2025,2025-05-12,777953,73,6,R,R,FF,14.0,153.38,90.5,69.77896116,268.95846367000007,X,field_out,line_drive,Oppo,True,2
2025,2025-05-11,777971,2,2,R,R,CH,4.0,101.46,157.0,-59.796277160000024,102.99634217000003,X,grounded_into_double_play,ground_ball,Pull,False,0
2025,2025-05-10,777983,37,3,R,R,ST,5.0,105.7,166.68,-49.214632120000005,78.83824689000001,X,field_out,ground_ball,Pull,False,0
2025,2025-05-10,777983,22,2,R,R,SI,5.0,150.72,115.63,63.140476299999996,206.24225144000005,X,single,ground_ball,Oppo,False,2
2025,2025-05-10,777983,53,2,R,R,SI,4.0,83.82,129.09,-103.81991360000004,172.65051978000002,X,single,line_drive,Pull,False,0
2025,2025-05-10,777983,2,1,R,R,FF,1.0,120.71,62.2,-11.754610410000021,339.58595297,X,field_out,line_drive,Straightaway,False,1
2025,2025-05-09,777997,35,1,R,R,FF,8.0,119.62,90.4,-14.474891799999995,269.20803077000005,X,single,ground_ball,Straightaway,False,1
2025,2025-05-09,777997,18,5,R,R,CU,8.0,105.09,152.15,-50.736991429999996,115.10034652000002,X,field_out,ground_ball,Pull,False,0
2025,2025-05-09,777997,55,6,R,R,SL,8.0,86.97,69.19,-95.95854995000002,322.1412126800001,X,field_out,fly_ball,Pull,False,0
2025,2025-05-09,777997,2,5,R,R,FF,9.0,117.2,171.52,-20.514415619999998,66.75919925000001,X,single,ground_ball,Pull,False,0
2025,2025-05-08,778005,41,5,R,R,FF,14.0,131.04,144.59,14.025671019999978,133.96761928000004,X,field_out,ground_ball,Straightaway,True,1
2025,2025-05-08,778005,25,3,R,R,FF,1.0,116.34,177.02,-22.660692679999997,53.03300875000001,X,field_out,popup,Pull,False,0
2025,2025-05-08,778005,61,3,R,R,FC,4.0,51.85,71.5,-183.60651547,316.37621267000003,X,double,fly_ball,Pull,False,0
2025,2025-05-08,778005,2,1,R,R,SL,2.0,132.01,53.85,16.446471889999973,360.4248058200001,X,field_out,fly_ball,Straightaway,False,1
2025,2025-05-08,778005,78,2,R,R,SI,8.0,126.48,91.89,2.6454112600000057,265.48948098000005,X,single,ground_ball,Straightaway,False,1
2025,2025-05-07,778021,32,1,R,R,FF,2.0,168.03,116.72,106.34054131,203.52197005000005,X,single,ground_ball,Oppo,False,2
2025,2025-05-07,778021,19,4,R,R,SL,4.0,55.73,51.59,-173.92331199,366.06502228000005,X,home_run,fly_ball,Pull,False,0
2025,2025-05-07,778021,2,10,R,R,FF,8.0,149.28,165.87,59.54671006,80.85974040000002,X,field_out,ground_ball,Oppo,False,2
2025,2025-05-07,778021,48,3,R,R,SL,9.0,104.18,163.84,-53.00805203999999,85.92595253000002,X,force_out,ground_ball,Pull,False,0
2025,2025-05-06,778040,35,2,R,R,SI,7.0,113.3,151.68,-30.247532520000014,116.27331189000002,X,fielders_choice,ground_ball,Pull,False,0
2025,2025-05-06,778040,18,4,R,R,ST,9.0,106.61,113.12,-46.94357151000001,212.50638565000003,X,single,ground_ball,Pull,False,0
2025,2025-05-06,778040,2,2,R,R,FC,9.0,109.25,160.3,-40.35500007000001,94.76062787000001,X,field_out,ground_ball,Pull,False,0
2025,2025-05-06,778040,67,1,R,R,CH,1.0,104.69,150.16,-51.73525983000001,120.06673181000005,X,field_out,ground_ball,Pull,False,0
2025,2025-05-06,778040,53,2,R,R,FC,6.0,127.09,113.41,4.1677705700000045,211.78264106000006,X,single,line_drive,Straightaway,False,1
2025,2025-05-04,778059,40,3,L,R,FF,4.0,110.28,149.49,-37.78445894000001,121.73883138000001,X,field_out,ground_ball,Pull,False,0
2025,2025-05-04,778059,23,1,L,R,FF,2.0,162.05,82.12,91.41642873000004,289.87218665000006,X,field_out,fly_ball,Oppo,False,2
2025,2025-05-04,778059,94,7,L,R,CH,3.0,43.33,97.13,-204.86963239000002,252.41216494000005,X,single,line_drive,Pull,False,0
2025,2025-05-04,778059,57,1,R,R,SI,5.0,120.46,136.18,-12.378528160000021,154.95621239000002,X,field_out,ground_ball,Straightaway,False,1
2025,2025-05-03,778078,35,5,R,R,FF,2.0,168.54,69.1,107.61333351999998,322.3658230700001,X,double,line_drive,Oppo,False,2
2025,2025-05-03,778078,69,8,R,R,SL,8.0,170.05,95.82,111.38179673000003,255.68149395000006,X,field_out,fly_ball,Oppo,False,2
2025,2025-05-03,778078,49,1,L,R,SL,8.0,111.81,154.56,-33.966082310000004,109.08577941000003,X,field_out,ground_ball,Pull,False,0
2025,2025-05-03,778078,6,1,R,R,SI,5.0,159.98,82.67,86.25038975999998,288.49956760000003,X,single,line_drive,Oppo,False,2
2025,2025-05-02,778086,26,1,R,R,FC,9.0,141.83,161.61,40.95396111000003,91.49129886,X,field_out,ground_ball,Oppo,False,2
2025,2025-05-02,778086,48,4,R,R,SI,8.0,105.21,172.82,-50.43751091000002,63.51482695000005,X,field_out,ground_ball,Pull,False,0
2025,2025-05-02,778086,7,2,R,R,FC,14.0,154.22,116.3,71.8753248,204.57015187000005,X,single,fly_ball,Oppo,True,2
2025,2025-05-01,778099,46,2,R,R,FF,1.0,78.67,108.28,-116.67261925000001,224.58543329000005,X,single,line_drive,Pull,False,0
2025,2025-05-01,778099,26,5,R,R,CH,4.0,99.06,169.27,-65.78588756,72.374459,X,field_out,ground_ball,Pull,False,0
2025,2025-05-01,778099,7,2,R,R,FF,12.0,167.62,113.05,105.31731620000002,212.68108262000004,X,single,ground_ball,Oppo,True,2
2025,2025-05-01,778099,64,2,R,R,KC,9.0,108.96,107.46,-41.07874466000003,226.63188351000005,X,single,line_drive,Straightaway,False,1
2025,2025-04-30,778118,55,1,R,R,CU,14.0,148.49,162.17,57.57512997000002,90.09372310000006,X,field_out,ground_ball,Oppo,True,2
2025,2025-04-30,778118,37,4,R,R,CU,3.0,103.35,161.66,-55.079458970000026,91.36651531000004,X,field_out,ground_ball,Pull,False,0
2025,2025-04-29,778131,39,7,L,R,FF,2.0,120.9,102.33,-11.28043291999999,239.43467574000005,X,single,ground_ball,Straightaway,False,1
2025,2025-04-29,778131,23,4,L,R,FC,6.0,179.21,118.05,134.24214309,200.20272762000005,X,single,ground_ball,Oppo,False,2
2025,2025-04-29,778131,4,6,L,R,FF,5.0,153.29,94.7,69.55435076999999,258.47664547000005,X,single,line_drive,Oppo,False,2
2025,2025-04-29,778131,63,2,L,R,SI,3.0,209.13,108.92,208.91261941,222.98820385000005,X,double,fly_ball,Oppo,False,2
2025,2025-04-27,778158,38,5,R,R,SI,9.0,99.23,128.23,-65.36162349,174.79679684000007,X,field_out,ground_ball,Pull,False,0
2025,2025-04-27,778158,19,3,R,R,FF,8.0,87.12,115.8,-95.5841993,205.81798737000005,X,single,ground_ball,Pull,False,0
2025,2025-04-27,778158,68,4,R,R,SL,7.0,124.4,202.42,-2.54558441999999,-10.357034649999944,X,single,ground_ball,Pull,False,0
2025,2025-04-27,778158,2,2,R,R,ST,5.0,118.01,105.08,-18.49292210999999,232.57158049000006,X,single,fly_ball,Straightaway,False,1
2025,2025-04-27,778158,56,4,R,R,CU,14.0,104.85,163.92,-51.335952470000024,85.72629885000006,X,field_out,ground_ball,Pull,True,0
2025,2025-04-26,778174,31,3,R,R,FF,2.0,166.84,50.34,103.37069282000002,369.18461103000004,X,field_out,fly_ball,Oppo,False,2
2025,2025-04-26,778174,18,1,R,R,KC,14.0,109.77,162.56,-39.05725115000002,89.12041141000003,X,field_out,ground_ball,Pull,True,0
2025,2025-04-26,778174,50,2,R,R,ST,14.0,115.2,97.09,-25.50575762,252.51199178000005,X,single,line_drive,Straightaway,True,1
2025,2025-04-26,778174,70,5,R,R,FF,4.0,172.03,112.53,116.32322531000001,213.97883154000004,X,field_out,fly_ball,Oppo,False,2
2025,2025-04-25,778182,22,2,R,R,FF,3.0,178.72,106.93,133.0192643,227.95458914000002,X,single,line_drive,Oppo,False,2
2025,2025-04-25,778182,60,4,R,R,FF,5.0,125.91,140.93,1.2228787899999873,143.10177514000003,X,force_out,ground_ball,Straightaway,False,1
2025,2025-04-23,778203,32,2,L,R,FF,5.0,163.33,102.3,94.61088761000003,239.50954587000004,X,single,ground_ball,Oppo,False,2
2025,2025-04-23,778203,14,2,L,R,CH,9.0,106.42,153.71,-47.417749,111.20709976000002,X,force_out,ground_ball,Pull,False,0
2025,2025-04-23,778203,53,2,R,R,SI,4.0,122.43,144.59,-7.462056289999988,133.96761928000004,X,field_out,ground_ball,Straightaway,False,1
2025,2025-04-23,778203,1,7,L,R,SL,8.0,100.33,163.88,-62.61638539000001,85.82612569000004,X,field_out,ground_ball,Pull,False,0
2025,2025-04-22,778223,17,3,R,R,SL,14.0,105.7,167.9,-49.214632120000005,75.79352827000002,X,field_out,ground_ball,Pull,True,0
2025,2025-04-22,778223,2,5,R,R,FF,6.0,181.21,103.04,139.23348509000002,237.66274933000003,X,field_out,line_drive,Oppo,False,2
2025,2025-04-22,778223,55,4,L,R,FF,9.0,180.57,70.33,137.63625564999998,319.29614774000004,X,field_out,fly_ball,Oppo,False,2
2025,2025-04-21,778225,58,5,R,R,FF,6.0,182.29,90.7,141.92880977,268.45932947000006,X,field_out,fly_ball,Oppo,False,2
2025,2025-04-20,778248,24,4,R,R,FC,6.0,110.45,156.08,-37.36019487,105.29235949,X,field_out,ground_ball,Pull,False,0
2025,2025-04-20,778248,59,8,L,R,CH,8.0,95.24,165.21,-75.31935078000002,82.50688326000001,X,single,ground_ball,Pull,False,0
2025,2025-04-20,778248,6,4,R,R,ST,9.0,86.62,116.53,-96.8320348,203.99614754000004,X,single,line_drive,Pull,False,0
2025,2025-04-19,778252,37,5,R,R,SL,5.0,38.53,111.41,-216.84885319000003,216.77398306000006,X,double,line_drive,Pull,False,0
2025,2025-04-19,778252,70,3,L,R,CU,4.0,56.06,91.56,-173.09974056000001,266.31305241000007,X,single,line_drive,Pull,False,0
2025,2025-04-19,778252,50,6,L,R,CU,6.0,123.64,139.35,-4.442294380000003,147.04493532000006,X,single,ground_ball,Straightaway,False,1
2025,2025-04-19,778252,23,3,R,R,CU,6.0,91.69,104.87,-84.17898283000001,233.09567140000004,X,single,line_drive,Pull,False,0
2025,2025-04-19,778252,6,1,R,R,FC,5.0,62.94,76.08,-155.92952408000002,304.94603949000003,X,field_out,fly_ball,Pull,False,0
2025,2025-04-18,778274,17,4,R,R,CH,8.0,134.01,163.18,21.437813889999976,87.57309539000002,X,field_out,ground_ball,Oppo,False,2
2025,2025-04-18,778274,34,7,L,R,FF,1.0,68.9,73.49,-141.05532492,311.4098273800001,X,field_out,fly_ball,Pull,False,0
2025,2025-04-18,778274,55,2,R,R,SI,5.0,181.61,139.74,140.23175349000005,146.07162363,X,field_out,fly_ball,Oppo,False,2
2025,2025-04-17,778279,57,4,R,R,SI,4.0,138.78,151.52,33.34216456,116.67261925000001,X,grounded_into_double_play,ground_ball,Oppo,False,2
2025,2025-04-17,778279,39,2,R,R,SI,4.0,107.34,150.51,-45.121731679999996,119.19324696000005,X,field_error,ground_ball,Pull,False,0
2025,2025-04-17,778279,7,2,R,R,SI,5.0,161.09,147.97,89.02058457000001,125.53225130000004,X,single,ground_ball,Oppo,False,2
2025,2025-04-16,778296,38,7,L,R,CH,5.0,148.68,85.87,58.049307460000016,280.51342040000003,X,field_out,fly_ball,Straightaway,False,1
2025,2025-04-16,778296,81,4,R,R,SI,5.0,143.92,146.45,46.16991349999997,129.32567122000006,X,field_out,ground_ball,Oppo,False,2
2025,2025-04-16,778296,10,4,L,R,CH,7.0,100.82,153.55,-61.39350660000002,111.60640712,X,single,ground_ball,Pull,False,0
2025,2025-04-15,778313,39,3,R,R,ST,6.0,151.74,75.14,65.68606072000003,307.29197023000006,X,field_out,line_drive,Oppo,False,2
2025,2025-04-15,778313,5,6,R,R,SL,2.0,68.37,74.44,-142.37803055,309.0389399300001,X,field_out,fly_ball,Pull,False,0
2025,2025-04-15,778313,56,5,R,R,CH,14.0,116.35,164.93,-22.63573597000002,83.20567114000002,X,field_out,ground_ball,Pull,True,0
2025,2025-04-14,778320,39,1,R,R,CU,6.0,129.29,177.51,9.658246769999977,51.810129960000054,X,field_out,ground_ball,Straightaway,False,1
2025,2025-04-14,778320,60,5,L,R,FF,11.0,120.67,85.96,-11.85443725,280.2888100100001,X,field_out,fly_ball,Straightaway,True,1
2025,2025-04-14,778320,5,1,R,R,SI,2.0,93.56,54.75,-79.51207806000001,358.17870192000004,X,double,fly_ball,Pull,False,0
2025,2025-04-13,778336,36,1,L,R,FF,8.0,168.31,75.71,107.03932919,305.86943776000004,X,field_out,fly_ball,Oppo,False,2
2025,2025-04-13,778336,16,2,L,R,FF,5.0,138.97,67.36,33.816342049999996,326.70829061000006,X,field_out,line_drive,Straightaway,False,1
2025,2025-04-13,778336,59,3,L,R,CH,14.0,153.69,68.98,70.55261917,322.66530359000006,X,field_out,fly_ball,Oppo,True,2
2025,2025-04-13,778336,1,3,L,R,CH,5.0,169.96,61.92,111.15718634000002,340.2847408500001,X,field_out,fly_ball,Oppo,False,2
2025,2025-04-12,778347,17,3,R,R,CH,8.0,94.63,155.2,-76.84171009000002,107.48854997000007,X,field_out,ground_ball,Pull,False,0
2025,2025-04-12,778347,52,3,L,R,CH,5.0,91.45,79.63,-84.77794387,296.0864074400001,X,single,line_drive,Pull,False,0
2025,2025-04-12,778347,69,7,L,R,SL,5.0,90.78,166.95,-86.45004344,78.16441572000006,X,field_out,ground_ball,Pull,False,0
2025,2025-04-12,778347,2,2,R,R,SL,5.0,130.85,105.72,13.551493529999982,230.97435105000005,X,field_out,fly_ball,Straightaway,False,1
2025,2025-04-11,778365,44,3,R,R,SI,4.0,197.77,142.98,180.56179685000004,137.98564959000007,X,field_out,fly_ball,Oppo,False,2
2025,2025-04-11,778365,20,6,R,R,SL,8.0,194.32,93.81,171.9517319,260.69779266000006,X,field_out,line_drive,Oppo,False,2
2025,2025-04-11,778365,2,4,R,R,SL,14.0,123.44,150.16,-4.94142858000001,120.06673181000005,X,field_out,ground_ball,Straightaway,True,1
2025,2025-04-11,778365,66,1,R,R,FF,8.0,115.84,91.89,-23.908528179999998,265.48948098000005,X,single,ground_ball,Straightaway,False,1
2025,2025-04-10,778384,37,1,R,R,SL,11.0,56.87,135.31,-171.07824705000004,157.12744616000003,X,double,ground_ball,Pull,True,0
2025,2025-04-10,778384,20,6,R,R,SL,11.0,111.05,170.54,-35.862792270000014,69.20495683000006,X,field_out,ground_ball,Pull,True,0
2025,2025-04-10,778384,52,2,L,R,SI,5.0,147.04,145.59,53.95640701999998,131.47194828000002,X,force_out,ground_ball,Oppo,False,2
2025,2025-04-09,778393,58,4,L,R,CH,9.0,182.7,137.53,142.95203487999999,151.58705654000005,X,single,fly_ball,Oppo,False,2
2025,2025-04-09,778393,75,1,R,R,SL,5.0,42.12,58.94,-207.88939430000005,347.72184043000004,X,home_run,fly_ball,Pull,False,0
2025,2025-04-08,778406,32,3,L,R,SL,9.0,126.01,74.6,1.4724458900000086,308.63963257000006,X,field_out,fly_ball,Straightaway,False,1
2025,2025-04-08,778406,19,4,L,R,FF,12.0,162.66,92.14,92.93878803999999,264.86556323,X,single,line_drive,Oppo,True,2
2025,2025-04-08,778406,50,6,R,R,FF,4.0,166.4,186.14,102.27259758000002,30.272489230000062,X,field_out,popup,Oppo,False,2
2025,2025-04-08,778406,78,5,R,R,FF,5.0,136.96,83.18,28.800043340000016,287.22677539000006,X,field_out,fly_ball,Straightaway,False,1
2025,2025-04-06,778434,74,3,R,R,ST,5.0,51.45,99.15,-184.60478387,247.37090952000003,X,field_out,line_drive,Pull,False,0
2025,2025-04-06,778434,55,1,R,R,FS,14.0,123.72,147.17,-4.242640700000007,127.52878810000007,X,field_out,ground_ball,Straightaway,True,1
2025,2025-04-05,778448,24,3,R,R,FS,8.0,72.46,84.29,-132.17073616000002,284.45658058000004,X,field_out,fly_ball,Pull,False,0
2025,2025-04-05,778448,6,1,R,R,FF,8.0,182.9,120.0,143.45116908000003,195.33616917000003,X,single,line_drive,Oppo,False,2
2025,2025-04-05,778448,45,3,R,R,ST,9.0,93.31,167.75,-80.13599581000001,76.16787892000004,X,field_out,ground_ball,Pull,False,0
2025,2025-04-04,778459,21,3,R,R,FF,5.0,112.98,55.33,-31.046147239999996,356.73121274000005,X,field_out,line_drive,Straightaway,False,1
2025,2025-04-04,778459,5,3,R,R,ST,13.0,59.74,145.43,-163.91567128000003,131.87125564000002,X,double,ground_ball,Pull,True,0
2025,2025-04-03,778467,40,3,R,R,SI,4.0,116.07,146.96,-23.33452385000002,128.05287901000003,X,field_out,ground_ball,Straightaway,False,1
2025,2025-04-03,778467,21,2,R,R,SL,6.0,146.49,159.63,52.583787970000024,96.43272744000005,X,field_out,popup,Oppo,False,2
2025,2025-04-03,778467,5,5,R,R,FF,9.0,122.49,144.07,-7.312316030000018,135.26536820000004,X,single,ground_ball,Straightaway,False,1
2025,2025-04-02,778482,52,1,L,R,SI,6.0,119.34,108.42,-15.173679679999998,224.23603935000003,X,single,line_drive,Straightaway,False,1
2025,2025-04-02,778482,36,6,L,R,KC,14.0,96.53,172.31,-72.09993519000001,64.78761916000002,X,single,ground_ball,Pull,True,0
2025,2025-04-02,778482,20,2,L,R,ST,4.0,96.53,113.99,-72.09993519000001,210.33515188000004,X,single,line_drive,Pull,False,0
2025,2025-04-02,778482,4,3,L,R,SI,6.0,123.15,76.54,-5.66517316999999,303.79803083,X,field_out,line_drive,Straightaway,False,1
2025,2025-03-27,778555,19,8,L,R,FF,4.0,104.36,172.87,-52.55883126000001,63.39004340000002,X,field_out,ground_ball,Pull,False,0
2025,2025-03-27,778555,71,3,L,R,SL,11.0,127.38,179.81,4.891515159999985,46.07008666000002,X,field_out,popup,Straightaway,True,1
2025,2025-03-27,778555,39,6,R,R,ST,9.0,123.2,89.35,-5.540389619999997,271.8284853200001,X,field_out,line_drive,Straightaway,False,1
2026,2026-06-25,822717,40,1,R,R,KC,6.0,144.4,147.52,47.36783558000001,126.65530325,X,field_out,ground_ball,Oppo,False,2
2026,2026-06-25,822717,21,2,R,R,ST,9.0,109.45,186.16,-39.85586587,30.222575810000038,X,single,ground_ball,Pull,False,0
2026,2026-06-25,822717,56,1,L,R,FF,5.0,177.36,100.38,129.62515174000004,244.30123419000006,X,single,ground_ball,Oppo,False,2
2026,2026-06-24,822719,56,5,R,R,SL,9.0,163.67,56.78,95.45941574999998,353.11248979000004,X,double,line_drive,Oppo,False,2
2026,2026-06-24,822719,37,6,R,R,SI,2.0,156.56,100.86,77.71519494,243.10331211000005,X,single,line_drive,Oppo,False,2
2026,2026-06-24,822719,1,7,L,R,SI,7.0,102.85,45.7,-56.32729447000002,380.76452447,X,field_out,fly_ball,Straightaway,False,1
2026,2026-06-24,822719,73,1,L,R,SI,14.0,125.14,187.07,-0.6987878800000029,27.951515200000046,X,field_out,ground_ball,Straightaway,True,1
2026,2026-06-23,822718,37,4,R,R,ST,14.0,126.15,194.99,1.82183983000001,8.185800880000004,X,field_out,popup,Oppo,True,2
2026,2026-06-23,822718,20,2,R,R,SI,7.0,125.78,140.91,0.8984415599999986,143.15168856000005,X,field_out,ground_ball,Straightaway,False,1
2026,2026-06-23,822718,82,3,R,R,FF,14.0,189.33,119.97,159.49833361000003,195.41103930000006,X,single,line_drive,Oppo,True,2
2026,2026-06-23,822718,73,5,R,R,FF,2.0,98.83,97.21,-66.35989189000001,252.21251126000007,X,single,line_drive,Pull,False,0
2026,2026-06-22,822720,38,1,L,R,CU,13.0,103.16,163.84,-55.553636460000014,85.92595253000002,X,field_out,ground_ball,Pull,True,0
2026,2026-06-22,822720,21,3,L,R,CU,14.0,106.2,164.86,-47.966796620000004,83.38036810999999,X,force_out,ground_ball,Pull,True,0
2026,2026-06-21,823449,34,5,L,R,SI,3.0,110.77,147.46,-36.56158015000002,126.80504351000002,X,field_out,ground_ball,Pull,False,0
2026,2026-06-21,823449,18,6,L,R,CH,14.0,119.15,93.71,-15.647857169999991,260.94735976000004,X,single,line_drive,Straightaway,True,1
2026,2026-06-21,823449,52,6,R,R,SI,5.0,141.67,154.05,40.554653749999964,110.35857162,X,field_out,ground_ball,Oppo,False,2
2026,2026-06-20,823447,32,2,R,R,CH,14.0,88.67,114.5,-91.71590925000001,209.06235967000003,X,single,ground_ball,Pull,True,0
2026,2026-06-20,823447,18,5,R,R,FF,1.0,74.98,174.85,-125.88164524,58.448614820000046,X,field_out,popup,Pull,False,0
2026,2026-06-20,823447,66,6,R,R,FF,9.0,150.54,155.07,62.69125551999998,107.81298720000005,X,force_out,ground_ball,Oppo,False,2
2026,2026-06-20,823447,49,1,L,R,SI,7.0,90.97,129.45,-85.97586595000001,171.75207822000007,X,single,ground_ball,Pull,False,0
2026,2026-06-20,823447,4,4,R,R,FF,6.0,156.62,202.23,77.86493520000002,-9.882857159999949,X,field_out,popup,Oppo,False,2
2026,2026-06-17,823450,40,4,R,R,ST,6.0,139.57,157.95,35.31374464999998,100.62545472000006,X,field_out,ground_ball,Oppo,False,2
2026,2026-06-17,823450,24,7,R,R,SI,1.0,94.0,87.09,-78.41398282000002,277.46870178000006,X,single,line_drive,Pull,False,0
2026,2026-06-17,823450,84,1,L,R,SI,4.0,91.11,48.04,-85.62647201000001,374.92465433000007,X,double,line_drive,Pull,False,0
2026,2026-06-17,823450,6,3,R,R,FC,14.0,172.24,135.84,116.84731622000002,155.80474053000003,X,single,fly_ball,Oppo,True,2
2026,2026-06-15,823452,36,4,R,R,SI,11.0,108.41,156.27,-42.45136371000002,104.81818200000001,X,field_out,ground_ball,Pull,True,0
2026,2026-06-15,823452,20,1,R,R,SI,7.0,94.01,164.7,-78.38902611,83.77967547000006,X,force_out,ground_ball,Pull,False,0
2026,2026-06-15,823452,7,3,R,R,ST,9.0,157.79,60.89,80.78487026999998,342.85528198000003,X,field_out,fly_ball,Oppo,False,2
2026,2026-06-14,823777,22,5,L,R,FF,8.0,204.77,113.19,198.03149385000003,212.33168868000004,X,field_out,fly_ball,Oppo,False,2
2026,2026-06-14,823777,2,3,L,R,FF,6.0,139.65,142.05,35.513398330000015,140.30662362,X,field_out,ground_ball,Oppo,False,2
2026,2026-06-13,823776,38,3,L,R,SI,4.0,98.14,127.71,-68.08190488000001,176.09454576000005,X,field_out,popup,Pull,False,0
2026,2026-06-13,823776,19,2,L,R,SI,6.0,127.49,180.06,5.166038969999984,45.446168910000026,X,single,ground_ball,Straightaway,False,1
2026,2026-06-13,823776,70,1,L,R,FF,5.0,138.45,57.77,32.51859312999997,350.64177550000005,X,field_out,line_drive,Straightaway,False,1
2026,2026-06-13,823776,2,3,L,R,SI,14.0,128.5,153.2,7.6866666799999965,112.47989197000007,X,field_out,ground_ball,Straightaway,True,1
2026,2026-06-12,823778,50,2,R,R,FF,5.0,110.26,166.88,-37.834372359999996,78.33911269000005,X,field_out,ground_ball,Pull,False,0
2026,2026-06-10,822804,18,5,R,R,SL,9.0,113.0,93.0,-30.996233820000008,262.71928617000003,X,single,ground_ball,Straightaway,False,1
2026,2026-06-10,822804,71,4,R,R,SL,9.0,200.98,114.73,188.57290075999998,208.48835534000003,X,field_out,line_drive,Oppo,False,2
2026,2026-06-09,822805,40,3,R,R,SL,9.0,117.8,167.39,-19.017013020000014,77.06632048000006,X,field_out,ground_ball,Pull,False,0
2026,2026-06-09,822805,20,1,R,R,SI,5.0,119.12,151.13,-15.722727299999994,117.64593094000004,X,field_out,ground_ball,Straightaway,False,1
2026,2026-06-09,822805,2,1,R,R,SL,9.0,187.43,144.39,154.75655871000004,134.46675348000008,X,double,fly_ball,Oppo,False,2
2026,2026-06-08,822806,50,2,R,R,SL,8.0,118.44,141.39,-17.41978358000001,141.95376648000007,X,field_out,popup,Straightaway,False,1
2026,2026-06-08,822806,30,6,L,R,SL,8.0,102.77,167.02,-56.52694815000002,77.98971875000001,X,force_out,ground_ball,Pull,False,0
2026,2026-06-08,822806,69,3,R,R,CU,4.0,124.33,135.02,-2.7202813900000087,157.85119075,X,grounded_into_double_play,ground_ball,Straightaway,False,1
2026,2026-06-08,822806,2,4,L,R,SL,6.0,105.09,153.08,-50.736991429999996,112.77937249,X,field_out,ground_ball,Pull,False,0
2026,2026-06-07,823453,40,4,R,R,FF,12.0,158.48,164.7,82.50688325999998,83.77967547000006,X,field_out,ground_ball,Oppo,True,2
2026,2026-06-07,823453,77,3,R,R,FF,9.0,133.35,94.41,19.790671029999984,259.2003900600001,X,single,line_drive,Straightaway,False,1
2026,2026-06-07,823453,60,4,L,R,FF,2.0,152.4,43.51,67.33320358000002,386.2300439600001,X,field_out,fly_ball,Straightaway,False,1
2026,2026-06-07,823453,7,6,L,R,FC,1.0,66.49,73.61,-147.06989203000003,311.11034686000005,X,double,line_drive,Pull,False,0
2026,2026-06-06,823454,10,6,L,R,SL,8.0,64.15,118.98,-152.90976217,197.88175359000005,X,single,ground_ball,Pull,False,0
2026,2026-06-06,823454,62,4,L,R,CU,6.0,156.59,166.73,77.79006507000001,78.71346334000006,X,field_out,ground_ball,Oppo,False,2
2026,2026-06-05,823455,38,2,L,R,SI,6.0,108.66,89.45,-41.82744596000001,271.57891822000005,X,field_out,line_drive,Straightaway,False,1
2026,2026-06-05,823455,21,5,L,R,CH,14.0,145.18,173.83,49.31445896000002,60.99419924,X,fielders_choice,ground_ball,Oppo,True,2
2026,2026-06-05,823455,74,1,R,R,FF,5.0,99.37,66.51,-65.01222955,328.82961096,X,field_out,fly_ball,Straightaway,False,1
2026,2026-06-05,823455,6,2,L,R,ST,9.0,101.65,151.27,-59.32209966999999,117.29653700000001,X,force_out,ground_ball,Pull,False,0
2026,2026-06-04,823457,54,5,L,R,FF,5.0,197.63,117.66,180.21240291,201.17603931000005,X,single,line_drive,Oppo,False,2
2026,2026-06-04,823457,36,6,L,R,SL,7.0,105.16,151.52,-50.56229446000002,116.67261925000001,X,force_out,ground_ball,Pull,False,0
2026,2026-06-04,823457,5,3,R,R,CU,9.0,104.1,156.86,-53.20770572000002,103.34573611,X,force_out,ground_ball,Pull,False,0
2026,2026-06-03,823456,21,3,R,R,ST,12.0,103.17,159.35,-55.52867975,97.13151532000005,X,field_out,ground_ball,Pull,True,0
2026,2026-06-03,823456,55,4,R,R,ST,12.0,124.14,143.91,-3.194458880000003,135.66467556000003,X,single,ground_ball,Straightaway,True,1
2026,2026-06-03,823456,5,2,R,R,FC,6.0,103.09,157.05,-55.72833343,102.87155862,X,field_out,ground_ball,Pull,False,0
2026,2026-06-02,823460,39,2,R,R,SL,6.0,62.2,116.25,-157.77632062,204.69493542000004,X,field_out,fly_ball,Pull,False,0
2026,2026-06-02,823460,27,3,R,R,FF,5.0,162.0,124.15,91.29164518,184.97913452000003,X,single,ground_ball,Oppo,False,2
2026,2026-06-02,823460,56,1,R,R,ST,5.0,115.89,187.44,-23.783744630000005,27.028116930000035,X,single,ground_ball,Pull,False,0
2026,2026-05-31,823944,26,4,R,R,CU,7.0,109.12,115.58,-40.6794373,206.36703499000004,X,single,fly_ball,Straightaway,False,1
2026,2026-05-31,823944,60,3,R,R,FF,2.0,187.37,93.45,154.60681845000002,261.59623422000004,X,field_out,line_drive,Oppo,False,2
2026,2026-05-31,823944,2,1,R,R,SI,11.0,117.58,150.3,-19.56606064000001,119.71733787000001,X,field_out,ground_ball,Straightaway,True,1
2026,2026-05-30,823945,43,5,R,R,FS,4.0,159.37,113.31,84.72803045000002,212.03220816000004,X,single,line_drive,Oppo,False,2
2026,2026-05-30,823945,2,3,R,R,FF,3.0,165.67,62.52,100.45075774999997,338.78733825,X,field_out,fly_ball,Oppo,False,2
2026,2026-05-30,823945,61,1,L,R,FF,3.0,188.01,101.08,156.20404789,242.55426449000004,X,field_out,fly_ball,Oppo,False,2
2026,2026-05-29,823946,40,1,L,R,SL,5.0,175.14,76.02,124.08476211999997,305.0957797500001,X,field_out,fly_ball,Oppo,False,2
2026,2026-05-29,823946,23,2,L,R,SL,6.0,169.24,65.55,109.36030322000002,331.2254551200001,X,field_error,fly_ball,Oppo,False,2
2026,2026-05-29,823946,59,3,L,R,SL,2.0,190.77,100.47,163.09209985000004,244.07662380000005,X,field_out,fly_ball,Oppo,False,2
2026,2026-05-27,823295,23,2,R,R,FF,2.0,182.99,63.08,143.67577947000004,337.38976249,X,field_out,fly_ball,Oppo,False,2
2026,2026-05-27,823295,2,6,R,R,SI,6.0,116.84,143.41,-21.412857179999996,136.91251106000004,X,field_out,ground_ball,Straightaway,False,1
2026,2026-05-27,823295,40,1,L,R,CH,9.0,113.52,153.55,-29.698484900000018,111.60640712,X,force_out,ground_ball,Pull,False,0
2026,2026-05-27,823295,59,1,R,R,FF,13.0,20.36,84.73,-262.19519526000005,283.35848534,X,home_run,fly_ball,Pull,True,0
2026,2026-05-26,823294,35,6,R,R,FC,14.0,106.76,104.8,-46.569220859999994,233.27036837000006,X,single,line_drive,Straightaway,True,1
2026,2026-05-26,823294,18,3,R,R,SI,11.0,17.35,59.52,-269.70716497,346.27435125000005,X,home_run,fly_ball,Pull,True,0
2026,2026-05-26,823294,70,3,L,R,FF,11.0,137.85,144.02,31.021190529999984,135.39015175,X,double_play,line_drive,Oppo,True,2
2026,2026-05-26,823294,2,2,R,R,SI,8.0,171.96,107.13,116.14852834000003,227.45545494000007,X,field_out,fly_ball,Oppo,False,2
2026,2026-05-25,823296,40,1,R,R,SL,4.0,147.45,196.7,54.97963212999997,3.918203470000054,X,field_out,popup,Oppo,False,2
2026,2026-05-25,823296,19,3,R,R,SI,8.0,109.42,152.59,-39.930736,114.00225128000002,X,field_out,ground_ball,Pull,False,0
2026,2026-05-25,823296,55,3,L,R,FF,12.0,137.81,146.51,30.921363690000003,129.17593096000004,X,field_out,ground_ball,Oppo,True,2
2026,2026-05-24,823459,19,4,L,R,CH,9.0,129.34,190.77,9.783030320000005,18.7175325,X,field_out,ground_ball,Oppo,False,2
2026,2026-05-23,823458,37,4,R,R,CH,7.0,133.19,203.08,19.39136366999999,-12.004177510000007,X,field_out,ground_ball,Oppo,False,2
2026,2026-05-23,823458,52,6,R,R,FF,5.0,147.36,89.05,54.75502174000003,272.5771866200001,X,field_out,line_drive,Straightaway,False,1
2026,2026-05-23,823458,4,5,R,R,SI,1.0,108.18,161.66,-43.02536803999999,91.36651531000004,X,field_out,ground_ball,Pull,False,0
2026,2026-05-22,823461,20,3,R,R,ST,8.0,200.1,98.54,186.37671028,248.89326883000004,X,field_out,line_drive,Oppo,False,2
2026,2026-05-22,823461,60,1,R,R,ST,1.0,107.96,119.49,-43.57441566000002,196.60896138000007,X,field_out,fly_ball,Pull,False,0
2026,2026-05-22,823461,4,1,R,R,SI,2.0,174.41,69.03,122.26292228999999,322.54052004000005,X,field_out,fly_ball,Oppo,False,2
2026,2026-05-20,823462,42,5,L,R,CH,9.0,177.25,118.05,129.35062793,200.20272762000005,X,single,ground_ball,Oppo,False,2
2026,2026-05-20,823462,63,5,R,R,FF,1.0,189.37,76.54,159.59816045000002,303.79803083,X,field_out,fly_ball,Oppo,False,2
2026,2026-05-19,823464,42,5,R,R,SL,1.0,100.08,94.22,-63.240303140000016,259.67456755000006,X,field_out,fly_ball,Pull,False,0
2026,2026-05-19,823464,20,2,R,R,SL,4.0,16.66,73.31,-271.42917796000006,311.85904816000004,X,home_run,fly_ball,Pull,False,0
2026,2026-05-19,823464,65,1,R,R,FF,5.0,192.25,152.8,166.78569293,113.47816037000001,X,field_out,fly_ball,Oppo,False,2
2026,2026-05-18,823465,23,2,L,R,CH,9.0,92.13,169.7,-83.08088759000002,71.30132047000006,X,field_out,ground_ball,Pull,False,0
2026,2026-05-18,823465,54,2,R,R,SL,6.0,133.77,129.62,20.838852850000023,171.32781415000002,X,field_out,ground_ball,Straightaway,False,1
2026,2026-05-18,823465,5,1,L,R,SI,8.0,53.59,71.76,-179.26404793,315.72733821,X,double,line_drive,Pull,False,0
2026,2026-05-17,823381,32,4,R,R,FF,5.0,193.36,125.33,169.55588774000003,182.03424274000005,X,single,ground_ball,Oppo,False,2
2026,2026-05-17,823381,17,7,R,R,CH,5.0,62.0,80.0,-158.27545482000002,295.16300917000007,X,field_out,fly_ball,Pull,False,0
2026,2026-05-17,823381,45,4,R,R,SL,9.0,106.71,150.16,-46.694004410000026,120.06673181000005,X,field_out,ground_ball,Pull,False,0
2026,2026-05-17,823381,66,1,R,R,SI,4.0,126.06,74.94,1.5972294400000016,307.7911044300001,X,field_out,line_drive,Straightaway,False,1
2026,2026-05-16,823382,28,9,L,R,SI,5.0,138.94,141.75,33.741471919999995,141.05532492000003,X,field_out,ground_ball,Oppo,False,2
2026,2026-05-16,823382,60,1,R,R,FF,5.0,220.48,105.62,237.23848525999998,231.22391815000003,X,double,line_drive,Oppo,False,2
2026,2026-05-16,823382,1,1,R,R,FF,6.0,170.24,107.98,111.85597422000002,225.33413459000002,X,single,line_drive,Oppo,False,2
2026,2026-05-15,823384,57,2,R,R,SL,5.0,112.28,149.66,-32.793116940000004,121.31456731000004,X,force_out,ground_ball,Pull,False,0
2026,2026-05-15,823384,16,2,R,R,SL,8.0,103.16,164.35,-55.553636460000014,84.65316032000004,X,force_out,ground_ball,Pull,False,0
2026,2026-05-15,823384,73,2,L,R,SI,6.0,175.12,115.2,124.03484870000001,207.31538997000004,X,single,ground_ball,Oppo,False,2
2026,2026-05-15,823384,1,2,R,R,SI,7.0,104.97,170.23,-51.03647195000001,69.97861484000006,X,field_out,ground_ball,Pull,False,0
2026,2026-05-14,824762,20,2,L,R,FC,4.0,112.28,159.28,-32.793116940000004,97.30621229000003,X,field_out,ground_ball,Pull,False,0
2026,2026-05-14,824762,1,5,L,R,CH,6.0,103.16,163.84,-55.553636460000014,85.92595253000002,X,field_out,ground_ball,Pull,False,0
2026,2026-05-14,824762,55,1,L,R,SI,9.0,183.23,103.54,144.27474051,236.41491383000002,X,single,ground_ball,Oppo,False,2
2026,2026-05-12,824764,53,3,R,R,ST,8.0,104.18,172.46,-53.00805203999999,64.41326851000001,X,field_out,ground_ball,Pull,False,0
2026,2026-05-12,824764,32,1,R,R,FC,5.0,136.69,191.4,28.12621216999999,17.145259770000013,X,field_out,ground_ball,Oppo,False,2
2026,2026-05-12,824764,1,6,L,R,CH,8.0,101.14,172.97,-60.594891880000006,63.14047630000003,X,field_out,ground_ball,Pull,False,0
2026,2026-05-10,823463,34,1,R,R,CU,2.0,96.0,167.0,-73.42264082000001,78.03963217000003,X,field_out,ground_ball,Pull,False,0
2026,2026-05-10,823463,17,7,R,R,SI,7.0,116.33,74.95,-22.68564939000001,307.76614772000005,X,sac_fly,line_drive,Straightaway,False,1
2026,2026-05-10,823463,50,3,R,R,FF,7.0,106.69,162.17,-46.743917830000015,90.09372310000006,X,field_out,ground_ball,Pull,False,0
2026,2026-05-09,823468,37,2,L,R,KC,9.0,118.32,140.87,-17.71926410000002,143.25151540000002,X,single,ground_ball,Straightaway,False,1
2026,2026-05-09,823468,71,1,R,R,CU,2.0,82.79,95.02,-106.39045473,257.67803075000006,X,field_out,fly_ball,Pull,False,0
2026,2026-05-09,823468,22,1,L,R,KC,9.0,117.28,95.95,-20.314761940000004,255.35705672000003,X,single,line_drive,Straightaway,False,1
2026,2026-05-09,823468,55,6,R,R,FF,13.0,71.7,105.42,-134.06744612,231.72305235000005,X,single,line_drive,Pull,True,0
2026,2026-05-09,823468,5,2,L,R,FF,5.0,120.86,85.6,-11.380259760000007,281.18725157000006,X,single,ground_ball,Straightaway,False,1
2026,2026-05-08,823466,21,3,R,R,SI,2.0,157.21,56.67,79.33738109000002,353.3870136000001,X,field_out,fly_ball,Oppo,False,2
2026,2026-05-08,823466,59,2,R,R,SI,5.0,135.29,63.27,24.63227276999998,336.915585,X,field_out,fly_ball,Straightaway,False,1
2026,2026-05-08,823466,95,4,R,R,SI,3.0,202.66,89.56,192.76562804,271.30439441000004,X,field_out,fly_ball,Oppo,False,2
2026,2026-05-08,823466,5,2,R,R,SI,2.0,148.44,163.69,57.450346419999995,86.30030318000004,X,field_out,ground_ball,Oppo,False,2
2026,2026-05-07,823467,52,3,R,R,SI,4.0,118.35,54.43,-17.64439397000002,358.97731664,X,field_out,line_drive,Straightaway,False,1
2026,2026-05-07,823467,33,1,R,R,FC,6.0,132.89,151.11,18.642662369999965,117.69584436,X,field_out,ground_ball,Straightaway,False,1
2026,2026-05-06,823470,40,2,L,R,CH,3.0,178.16,113.36,131.62168854,211.90742461000005,X,single,line_drive,Oppo,False,2
2026,2026-05-06,823470,22,6,L,R,SL,7.0,185.1,107.43,148.94164528,226.70675364000002,X,field_out,fly_ball,Oppo,False,2
2026,2026-05-06,823470,56,4,R,R,CH,13.0,104.36,162.17,-52.55883126000001,90.09372310000006,X,field_out,ground_ball,Pull,True,0
2026,2026-05-06,823470,70,2,L,R,CU,8.0,134.45,183.89,22.53590912999997,35.88774898000006,X,field_out,ground_ball,Oppo,False,2
2026,2026-05-05,823469,33,6,R,R,SI,4.0,202.17,83.54,191.54274924999999,286.32833383,X,field_out,fly_ball,Oppo,False,2
2026,2026-05-05,823469,66,4,R,R,ST,14.0,128.19,110.44,6.91300866999999,219.19478393000006,X,single,ground_ball,Straightaway,True,1
2026,2026-05-05,823469,4,2,R,R,ST,3.0,82.09,108.05,-108.13742443000001,225.15943762000006,X,field_out,line_drive,Pull,False,0
2026,2026-05-05,823469,54,1,R,R,FF,1.0,37.07,93.3,-220.49253285,261.97058487000004,X,double,line_drive,Pull,False,0
2026,2026-05-04,823874,18,3,R,R,SI,7.0,106.49,183.72,-47.24305203000002,36.31201305000003,X,field_out,ground_ball,Pull,False,0
2026,2026-05-04,823874,50,3,R,R,CU,5.0,108.3,158.91,-42.725887520000015,98.22961056000004,X,field_out,ground_ball,Pull,False,0
2026,2026-05-03,823875,14,1,R,R,CH,8.0,164.47,92.04,97.45595255,265.11513033000006,X,field_out,line_drive,Oppo,False,2
2026,2026-05-03,823875,28,6,L,R,SL,7.0,98.62,164.35,-66.8839828,84.65316032000004,X,field_out,ground_ball,Pull,False,0
2026,2026-05-03,823875,66,2,R,R,FF,9.0,142.19,147.41,41.85240267,126.92982706000005,X,field_out,ground_ball,Oppo,False,2
2026,2026-05-03,823875,1,2,R,R,SI,1.0,121.62,41.51,-9.483549799999993,391.2213859600001,X,double,line_drive,Straightaway,False,1
2026,2026-05-02,823876,44,2,R,R,FF,6.0,159.48,114.24,85.00255425999998,209.71123413000007,X,field_out,fly_ball,Oppo,False,2
2026,2026-05-02,823876,27,6,R,R,ST,9.0,111.01,172.29,-35.96261910999999,64.83753258000004,X,field_out,ground_ball,Pull,False,0
2026,2026-05-02,823876,67,2,L,R,FF,1.0,124.16,90.17,-3.144545460000013,269.78203510000003,X,field_out,fly_ball,Straightaway,False,1
2026,2026-05-02,823876,1,2,R,R,SI,4.0,112.92,172.38,-31.1958875,64.61292219000005,X,field_out,ground_ball,Pull,False,0
2026,2026-04-30,823471,43,2,R,R,SI,5.0,121.94,82.55,-8.684935080000011,288.79904812000007,X,single,ground_ball,Straightaway,False,1
2026,2026-04-30,823471,25,6,R,R,SI,6.0,117.38,159.13,-20.065194840000018,97.68056294000004,X,field_out,ground_ball,Straightaway,False,1
2026,2026-04-30,823472,24,3,R,R,SI,13.0,148.89,133.83,58.573398369999964,160.82103924,X,field_out,ground_ball,Oppo,True,2
2026,2026-04-30,823471,82,5,R,R,FS,5.0,105.2,164.2,-50.46246762,85.02751097000007,X,grounded_into_double_play,ground_ball,Pull,False,0
2026,2026-04-30,823471,5,1,R,R,SI,5.0,184.78,60.29,148.14303056,344.3526845800001,X,home_run,fly_ball,Oppo,False,2
2026,2026-04-28,823473,39,3,R,R,FF,6.0,125.91,138.84,1.2228787899999873,148.31772753000004,X,single,ground_ball,Straightaway,False,1
2026,2026-04-28,823473,63,3,R,R,ST,6.0,122.21,83.57,-8.01110391000002,286.25346370000005,X,single,ground_ball,Straightaway,False,1
2026,2026-04-28,823473,24,4,R,R,FC,5.0,50.81,100.54,-186.20201331,243.90192683000004,X,single,line_drive,Pull,False,0
2026,2026-04-28,823473,4,5,R,R,FF,3.0,177.24,108.92,129.32567122000003,222.98820385000005,X,single,ground_ball,Oppo,False,2
2026,2026-04-26,824934,41,5,L,R,SL,5.0,94.33,95.85,-77.59041139000001,255.60662382000007,X,field_out,fly_ball,Pull,False,0
2026,2026-04-26,824934,23,5,L,R,FF,6.0,78.05,82.66,-118.21993527000002,288.52452431000006,X,single,ground_ball,Pull,False,0
2026,2026-04-26,824934,61,3,L,R,FC,5.0,139.77,151.04,35.812878850000025,117.87054133000005,X,field_out,ground_ball,Oppo,False,2
2026,2026-04-25,824933,54,4,R,R,SI,9.0,153.69,171.01,70.55261917,68.03199146000006,X,field_out,ground_ball,Oppo,False,2
2026,2026-04-25,824933,36,1,R,R,SL,8.0,81.42,130.14,-109.80952400000001,170.03006523000008,X,single,ground_ball,Pull,False,0
2026,2026-04-25,824933,17,3,R,R,SI,4.0,112.54,150.43,-32.14424247999999,119.39290064000002,X,field_out,ground_ball,Pull,False,0
2026,2026-04-25,824933,1,4,R,R,SL,8.0,107.7,149.22,-44.22329012,122.41266255000004,X,field_out,ground_ball,Pull,False,0
2026,2026-04-24,824932,18,1,R,R,FF,5.0,206.99,70.61,203.57188347000005,318.59735986000004,X,home_run,fly_ball,Oppo,False,2
2026,2026-04-24,824932,1,3,R,R,SL,11.0,119.05,156.86,-15.897424270000013,103.34573611,X,field_out,popup,Straightaway,True,1
2026,2026-04-23,824689,62,1,R,R,CU,6.0,101.74,76.18,-59.09748928000002,304.69647239000005,X,field_out,fly_ball,Straightaway,False,1
2026,2026-04-23,824689,21,2,R,R,SI,11.0,167.28,104.64,104.46878806000001,233.66967573000005,X,field_out,fly_ball,Oppo,True,2
2026,2026-04-23,824689,1,6,R,R,SI,13.0,179.87,98.33,135.88928595000002,249.41735974000005,X,field_out,fly_ball,Oppo,True,2
2026,2026-04-22,824688,21,4,L,R,FF,7.0,108.42,154.05,-42.426407000000005,110.35857162,X,field_error,ground_ball,Pull,False,0
2026,2026-04-22,824688,2,4,L,R,FF,11.0,195.74,80.01,175.49558472000004,295.13805246000004,X,field_out,fly_ball,Oppo,True,2
2026,2026-04-22,824688,39,5,R,R,KC,1.0,58.21,129.33,-167.73404791000004,172.05155874000002,X,double,ground_ball,Pull,False,0
2026,2026-04-21,824690,46,5,L,R,FF,6.0,98.74,88.04,-66.58450228000002,275.09781433,X,field_out,line_drive,Pull,False,0
2026,2026-04-21,824690,19,5,L,R,SI,6.0,106.42,70.24,-47.417749,319.5207581300001,X,field_out,fly_ball,Straightaway,False,1
2026,2026-04-21,824690,85,2,L,R,FF,11.0,85.26,152.82,-100.22614736,113.42824695000004,X,field_out,popup,Pull,True,0
2026,2026-04-20,824692,55,4,R,R,ST,6.0,134.67,69.65,23.084956749999968,320.99320402000006,X,field_out,fly_ball,Straightaway,False,1
2026,2026-04-20,824692,38,1,R,R,SI,5.0,197.13,107.48,178.96456741,226.58197009000003,X,field_out,fly_ball,Oppo,False,2
2026,2026-04-20,824692,73,2,R,R,SI,5.0,165.65,98.16,100.40084433000001,249.84162381000004,X,field_out,line_drive,Oppo,False,2
2026,2026-04-20,824692,1,3,R,R,SI,4.0,96.17,53.26,-72.99837675,361.8972517100001,X,field_out,fly_ball,Straightaway,False,1
2026,2026-04-19,823475,44,7,R,R,FF,4.0,141.88,152.53,41.07874465999999,114.15199154000003,X,force_out,ground_ball,Oppo,False,2
2026,2026-04-19,823475,22,4,R,R,SI,7.0,117.02,160.42,-20.963636400000016,94.46114735000006,X,field_out,ground_ball,Pull,False,0
2026,2026-04-19,823475,61,1,L,R,SL,9.0,99.78,136.81,-63.98900444000001,153.38393966000004,X,field_out,ground_ball,Pull,False,0
2026,2026-04-19,823475,4,4,R,R,FF,9.0,184.13,98.38,146.52084441,249.29257619000006,X,single,line_drive,Oppo,False,2
2026,2026-04-18,823474,43,6,L,R,SL,6.0,179.92,173.46,136.01406949999998,61.91759751000001,X,field_out,popup,Oppo,False,2
2026,2026-04-18,823474,26,3,L,R,SL,8.0,93.13,85.28,-80.58521659000002,281.98586629000005,X,field_out,fly_ball,Pull,False,0
2026,2026-04-18,823474,66,6,L,R,SL,8.0,121.69,71.55,-9.30885283000001,316.25142912000007,X,field_out,line_drive,Straightaway,False,1
2026,2026-04-18,823474,5,3,L,R,FF,9.0,146.93,85.02,53.68188321000002,282.63474075000005,X,single,line_drive,Straightaway,False,1
2026,2026-04-17,823476,45,2,L,R,CH,8.0,208.11,110.65,206.36703499000004,218.67069302000002,X,field_out,fly_ball,Oppo,False,2
2026,2026-04-17,823476,80,9,L,R,FF,8.0,106.7,88.64,-46.71896112,273.60041173,X,single,ground_ball,Straightaway,False,1
2026,2026-04-17,823476,24,3,L,R,SI,8.0,175.86,64.81,125.88164524000004,333.07225166000006,X,field_out,line_drive,Oppo,False,2
2026,2026-04-17,823476,8,6,L,R,SI,4.0,97.33,162.17,-70.10339839000001,90.09372310000006,X,field_out,ground_ball,Pull,False,0
2026,2026-04-15,823477,4,2,L,R,FF,4.0,109.08,28.52,-40.77926414000001,423.64015225,X,home_run,fly_ball,Straightaway,False,1
2026,2026-04-14,823478,42,6,R,R,FF,2.0,152.7,157.1,68.08190487999997,102.74677507000004,X,field_out,ground_ball,Oppo,False,2
2026,2026-04-14,823478,68,6,R,R,CH,7.0,148.91,95.77,58.62331178999999,255.80627750000005,X,single,line_drive,Oppo,False,2
2026,2026-04-14,823478,4,2,L,R,FF,2.0,190.11,136.46,161.44495699000004,154.25742451000002,X,field_out,fly_ball,Oppo,False,2
2026,2026-04-13,823481,37,2,R,R,SL,2.0,66.11,101.44,-148.01824701,241.65582293000006,X,field_out,fly_ball,Pull,False,0
2026,2026-04-13,823481,23,3,R,R,SI,4.0,172.83,105.87,118.31976211000004,230.60000040000003,X,single,line_drive,Oppo,False,2
2026,2026-04-13,823481,50,3,R,R,FF,2.0,192.92,148.48,168.45779249999998,124.25945909000006,X,field_out,fly_ball,Oppo,False,2
2026,2026-04-13,823481,4,2,R,R,SL,9.0,109.82,155.58,-38.932467600000024,106.54019499,X,field_out,ground_ball,Pull,False,0
2026,2026-04-12,823479,43,2,R,R,SI,1.0,193.61,71.91,170.17980549000004,315.35298756000003,X,home_run,fly_ball,Oppo,False,2
2026,2026-04-12,823479,22,3,R,R,SL,7.0,108.92,148.98,-41.178571500000004,123.01162359000006,X,field_out,ground_ball,Pull,False,0
2026,2026-04-12,823479,56,5,R,R,FF,12.0,130.22,140.36,11.979220799999993,144.52430761,X,single,ground_ball,Straightaway,True,1
2026,2026-04-12,823479,5,2,R,R,FF,3.0,182.47,79.15,142.37803055,297.28432952000003,X,field_out,line_drive,Oppo,False,2
2026,2026-04-11,823480,52,8,R,R,FC,6.0,137.59,99.53,30.372316070000007,246.42255454000005,X,field_out,fly_ball,Straightaway,False,1
2026,2026-04-11,823480,36,2,R,R,SI,4.0,105.81,151.52,-48.94010831,116.67261925000001,X,force_out,ground_ball,Pull,False,0
2026,2026-04-10,823482,34,2,R,R,FF,5.0,153.73,65.66,70.65244600999998,330.95093131000004,X,field_out,fly_ball,Oppo,False,2
2026,2026-04-10,823482,75,4,R,R,FF,11.0,75.63,83.18,-124.25945909000002,287.22677539000006,X,field_out,fly_ball,Pull,True,0
2026,2026-04-10,823482,5,3,R,R,SV,4.0,78.03,134.89,-118.26984869000002,158.17562798000006,X,single,line_drive,Pull,False,0
2026,2026-04-08,823234,33,2,R,R,FC,14.0,130.96,191.57,13.826017340000016,16.720995700000042,X,field_out,ground_ball,Oppo,True,2
2026,2026-04-08,823234,17,2,R,R,SL,12.0,110.76,159.79,-36.586536859999995,96.03342008000006,X,field_out,ground_ball,Pull,True,0
2026,2026-04-07,823235,41,5,L,R,FF,5.0,101.14,151.68,-60.594891880000006,116.27331189000002,X,field_out,ground_ball,Pull,False,0
2026,2026-04-07,823235,19,5,L,R,FF,1.0,147.76,108.19,55.753290139999976,224.81004368000004,X,field_out,fly_ball,Oppo,False,2
2026,2026-04-07,823235,58,3,R,R,SI,5.0,142.69,177.02,43.10023816999999,53.03300875000001,X,single,ground_ball,Oppo,False,2
2026,2026-04-07,823235,1,2,L,R,FF,12.0,150.66,166.51,62.990736039999994,79.26251096000006,X,field_out,ground_ball,Oppo,True,2
2026,2026-04-06,823237,55,1,R,R,SI,4.0,144.88,103.08,48.56575765999999,237.56292249000006,X,single,fly_ball,Straightaway,False,1
2026,2026-04-06,823237,40,1,R,R,SI,8.0,136.61,143.57,27.926558490000033,136.51320370000005,X,field_out,ground_ball,Straightaway,False,1
2026,2026-04-06,823237,1,7,R,R,SI,1.0,119.48,115.38,-14.824285739999995,206.86616919000005,X,field_out,fly_ball,Straightaway,False,1
2026,2026-04-06,823237,67,3,L,R,SL,5.0,179.68,167.9,135.41510846000003,75.79352827000002,X,field_out,popup,Oppo,False,2
2026,2026-04-05,824379,37,1,R,R,SL,5.0,186.64,137.63,152.78497861999998,151.33748944000004,X,double,fly_ball,Oppo,False,2
2026,2026-04-05,824379,20,1,R,R,FS,7.0,98.6,172.97,-66.93389622000002,63.14047630000003,X,field_out,ground_ball,Pull,False,0
2026,2026-04-05,824379,1,4,R,R,FS,13.0,107.72,156.75,-44.17337670000001,103.62025992000004,X,field_out,ground_ball,Pull,True,0
2026,2026-04-04,824378,34,2,R,R,SL,6.0,100.86,119.82,-61.29367976000001,195.78538995000005,X,double,line_drive,Pull,False,0
2026,2026-04-04,824378,68,5,R,R,FF,11.0,131.42,77.77,14.974025999999967,300.7283555000001,X,single,line_drive,Straightaway,True,1
2026,2026-04-03,824377,27,4,R,R,CU,7.0,170.31,98.35,112.03067119,249.36744632000006,X,single,ground_ball,Oppo,False,2
2026,2026-04-03,824377,10,7,R,R,CH,9.0,158.98,89.99,83.75471875999997,270.23125588000005,X,single,line_drive,Oppo,False,2
2026,2026-04-03,824377,1,4,R,R,CU,11.0,67.68,146.29,-144.10004354,129.72497858000006,X,double,ground_ball,Pull,True,0
2026,2026-04-01,823483,37,1,R,R,SI,11.0,91.06,127.71,-85.75125556,176.09454576000005,X,field_out,fly_ball,Pull,True,0
2026,2026-04-01,823483,20,1,R,R,ST,6.0,123.6,91.11,-4.542121220000019,267.43610436000006,X,field_out,line_drive,Straightaway,False,1
2026,2026-04-01,823483,78,3,R,R,FF,4.0,170.28,114.5,111.95580106000001,209.06235967000003,X,single,ground_ball,Oppo,False,2
2026,2026-04-01,823483,62,4,R,R,SL,2.0,108.71,141.06,-41.70266241000002,142.77733791000003,X,field_out,ground_ball,Pull,False,0
2026,2026-03-31,823485,38,4,R,R,FF,2.0,116.97,78.5,-21.08841995000001,298.90651567000003,X,single,ground_ball,Straightaway,False,1
2026,2026-03-31,823485,21,2,R,R,SI,1.0,99.28,63.11,-65.23683994000001,337.3148923600001,X,field_out,fly_ball,Straightaway,False,1
2026,2026-03-31,823485,57,7,L,R,CU,6.0,106.32,160.65,-47.66731610000002,93.88714302000002,X,field_out,ground_ball,Pull,False,0
2026,2026-03-31,823485,4,1,L,R,FF,7.0,136.5,188.72,27.652034679999996,23.83365805000003,X,field_out,ground_ball,Oppo,False,2
2026,2026-03-30,823484,49,4,L,R,FC,4.0,20.21,84.91,-262.56954591000004,282.90926456000005,X,double,line_drive,Pull,False,0
2026,2026-03-30,823484,67,4,R,R,ST,4.0,129.94,59.15,11.28043291999999,347.19774952000006,X,field_out,fly_ball,Straightaway,False,1
2026,2026-03-30,823484,11,8,L,R,FC,1.0,64.71,110.2,-151.51218641000003,219.79374497000003,X,field_out,fly_ball,Pull,False,0
2026,2026-03-29,823487,21,4,L,R,FC,5.0,131.75,105.4,15.797597429999996,231.77296577000004,X,field_out,fly_ball,Straightaway,False,1
2026,2026-03-29,823487,59,4,R,R,CU,2.0,103.04,169.77,-55.853116979999996,71.12662350000001,X,grounded_into_double_play,ground_ball,Pull,False,0
2026,2026-03-29,823487,76,3,L,R,FF,5.0,140.06,153.04,36.53662344000001,112.87919933000005,X,grounded_into_double_play,ground_ball,Oppo,False,2
2026,2026-03-28,823488,24,4,L,R,CU,7.0,49.37,94.12,-189.79577955000005,259.92413465000004,X,field_out,fly_ball,Pull,False,0
2026,2026-03-28,823488,62,4,R,R,SI,8.0,171.79,97.06,115.72426426999999,252.58686191000004,X,field_out,line_drive,Oppo,False,2
2026,2026-03-28,823488,79,5,L,R,CH,12.0,108.29,139.14,-42.75084422999999,147.56902623000008,X,field_out,popup,Pull,True,0
2026,2026-03-26,823486,37,4,R,R,FC,12.0,158.62,105.43,82.85627720000001,231.69809564000002,X,single,ground_ball,Oppo,True,2
2026,2026-03-26,823486,18,1,R,R,SI,11.0,51.52,112.97,-184.43008690000002,212.88073630000005,X,field_out,line_drive,Pull,True,0
2026,2026-03-26,823486,53,3,L,R,SI,6.0,86.79,108.97,-96.40777073,222.86342030000006,X,field_out,fly_ball,Pull,False,0
2026,2026-03-26,823486,6,1,R,R,FF,1.0,117.14,139.35,-20.664155880000003,147.04493532000006,X,single,ground_ball,Straightaway,False,1
2026,2026-06-26,823610,35,1,L,R,SI,5.0,148.27,40.99,57.026082350000024,392.51913488,X,field_out,fly_ball,Straightaway,False,1
2026,2026-06-26,823610,18,2,L,R,FC,4.0,106.71,173.47,-46.694004410000026,61.89264080000003,X,field_error,ground_ball,Pull,False,0
2026,2026-06-26,823610,50,4,R,R,SI,5.0,84.12,100.05,-103.0712123,245.12480562000005,X,single,line_drive,Pull,False,0
2026,2026-06-26,823610,1,1,L,R,FF,11.0,29.33,93.17,-239.80902639,262.29502210000004,X,double,fly_ball,Pull,True,0
2026,2026-06-28,823608,78,5,R,R,SL,11.0,101.11,133.48,-60.669762010000014,161.69452409000007,X,field_out,popup,Pull,True,0
2026,2026-06-28,823608,58,8,R,R,FC,2.0,152.82,204.38,68.38138539999998,-15.248549809999965,X,field_out,popup,Oppo,False,2
2026,2026-06-28,823608,16,2,R,R,FC,6.0,162.66,88.01,92.93878803999999,275.17268446,X,single,line_drive,Oppo,False,2
2026,2026-06-28,823608,34,3,R,R,FO,8.0,111.23,64.66,-35.413571489999995,333.44660231000006,X,field_out,fly_ball,Straightaway,False,1
2026,2026-06-28,823608,1,2,L,R,SV,4.0,47.67,87.46,-194.03842025,276.54530351000005,X,field_out,line_drive,Pull,False,0
2026,2026-06-27,823609,34,7,L,R,FC,5.0,119.38,54.9,-15.073852840000017,357.80435127000004,X,field_out,fly_ball,Straightaway,False,1
2026,2026-06-29,823444,45,2,R,R,SI,8.0,112.81,152.53,-31.47041131,114.15199154000003,X,field_out,ground_ball,Pull,False,0
2026,2026-06-29,823444,21,3,R,R,CU,5.0,110.28,104.87,-37.78445894000001,233.09567140000004,X,single,ground_ball,Straightaway,False,1
2026,2026-06-29,823444,4,4,R,R,CU,1.0,29.15,56.18,-240.25824717000003,354.60989239,X,home_run,fly_ball,Pull,False,0
2026,2026-07-01,823446,38,3,R,R,SI,7.0,82.25,102.84,-107.73811707000002,238.16188353000004,X,single,ground_ball,Pull,False,0
2026,2026-07-01,823446,18,2,R,R,ST,4.0,30.61,81.75,-236.61456751000003,290.79558492000007,X,home_run,fly_ball,Pull,False,0
2026,2026-07-01,823446,59,6,R,R,CH,11.0,144.62,173.32,47.91688320000001,62.26699145000005,X,field_out,ground_ball,Oppo,True,2
2026,2026-07-01,823446,5,3,R,R,ST,6.0,119.03,122.66,-15.947337690000003,188.69768431000006,X,field_out,fly_ball,Straightaway,False,1
2026,2026-06-30,823445,54,4,R,R,FF,4.0,31.34,108.92,-234.79272768,222.98820385000005,X,double,ground_ball,Pull,False,0
2026,2026-06-30,823445,16,1,R,R,FF,11.0,115.49,124.26,-24.78201303000002,184.70461071000003,X,field_out,fly_ball,Straightaway,True,1
2026,2026-06-30,823445,68,1,R,R,FF,5.0,193.28,62.77,169.35623406000002,338.16342050000003,X,home_run,fly_ball,Oppo,False,2
2026,2026-06-30,823445,4,5,R,R,SL,5.0,209.81,96.27,210.60967569000002,254.55844200000004,X,field_out,fly_ball,Oppo,False,2
2026,2026-07-04,824092,29,5,R,R,FC,6.0,134.77,48.67,23.33452385000002,373.35238160000006,X,double_play,fly_ball,Straightaway,False,1
2026,2026-07-04,824092,16,1,R,R,FC,9.0,133.87,78.19,21.08841995000001,299.68017368000005,X,field_out,fly_ball,Straightaway,False,1
2026,2026-07-04,824092,51,3,R,R,SI,2.0,147.02,88.92,53.906493600000026,272.90162385,X,single,line_drive,Straightaway,False,1
2026,2026-07-04,824092,67,3,R,R,SI,8.0,153.02,164.25,68.88051960000003,84.90272742000003,X,field_out,ground_ball,Oppo,False,2
2026,2026-07-02,823442,42,3,R,R,SI,7.0,151.76,156.38,65.73597413999998,104.54365819000004,X,single,ground_ball,Oppo,False,2
2026,2026-07-02,823442,69,3,L,R,SL,13.0,131.36,59.19,14.82428574000003,347.09792268000007,X,field_out,fly_ball,Straightaway,True,1
2026,2026-07-05,824091,21,3,R,R,SL,9.0,104.0,160.0,-53.45727282000001,95.50932917000003,X,field_out,ground_ball,Pull,False,0
2026,2026-07-05,824091,1,6,R,R,SI,1.0,112.97,154.12,-31.07110395000001,110.18387465000002,X,field_out,ground_ball,Pull,False,0
2026,2026-07-05,824091,41,3,L,R,CH,5.0,118.55,131.81,-17.145259770000013,165.86229466000003,X,field_out,popup,Straightaway,False,1
2026,2026-07-07,824495,32,1,L,R,FF,8.0,138.03,39.06,31.47041131,397.33577991000004,X,field_out,fly_ball,Straightaway,False,1
2026,2026-07-07,824495,17,5,L,R,CH,5.0,119.06,155.14,-15.87246756,107.63829023000007,X,field_out,ground_ball,Straightaway,False,1
2026,2026-07-07,824495,68,2,L,R,SI,6.0,146.65,70.13,52.98309533000001,319.79528194000005,X,field_out,line_drive,Straightaway,False,1
2026,2026-07-07,824495,53,2,L,R,SV,7.0,138.07,187.75,31.57023814999998,26.254458920000026,X,single,ground_ball,Oppo,False,2
2026,2026-07-06,824089,36,3,L,R,SL,9.0,149.98,162.73,61.293679759999975,88.69614734000005,X,field_out,ground_ball,Oppo,False,2
2026,2026-07-06,824089,19,2,L,R,FC,1.0,167.47,111.3,104.94296555,217.04850687000004,X,single,ground_ball,Oppo,False,2
2026,2026-07-06,824089,56,2,R,R,FF,8.0,118.04,176.42,-18.41805197999999,54.53041135000006,X,single,ground_ball,Pull,False,0
2026,2026-07-06,824089,1,2,L,R,CU,6.0,96.58,37.49,-71.97515164,401.25398338,X,double,fly_ball,Straightaway,False,1
2026,2026-07-11,824249,30,6,R,R,SL,2.0,112.62,151.68,-31.944588799999995,116.27331189000002,X,field_out,ground_ball,Pull,False,0
2026,2026-07-11,824249,16,6,R,R,SI,8.0,153.87,69.6,71.00183995000002,321.1179875700001,X,sac_fly,line_drive,Oppo,False,2
2026,2026-07-10,824252,35,2,R,R,SL,1.0,53.19,104.73,-180.26231633000003,233.44506534000004,X,field_out,line_drive,Pull,False,0
2026,2026-07-10,824252,17,1,R,R,SI,5.0,189.11,93.78,158.94928599000005,260.77266279,X,field_out,line_drive,Oppo,False,2
2026,2026-07-10,824252,56,3,R,R,CH,11.0,155.36,151.68,74.72038974000003,116.27331189000002,X,field_error,ground_ball,Oppo,True,2
2026,2026-07-10,824252,1,2,R,R,FF,14.0,128.5,140.03,7.6866666799999965,145.34787904000004,X,field_out,ground_ball,Straightaway,True,1
2026,2026-07-09,824494,38,2,R,R,SI,5.0,145.03,73.77,48.94010831,310.7110395000001,X,field_out,line_drive,Straightaway,False,1
2026,2026-07-09,824494,17,1,R,R,FC,6.0,147.3,93.92,54.60528148000003,260.42326885000006,X,field_out,fly_ball,Straightaway,False,1
2026,2026-07-09,824494,1,4,R,R,SI,8.0,130.53,143.57,12.75287881,136.51320370000005,X,field_out,ground_ball,Straightaway,False,1
2026,2026-07-12,824250,16,2,L,R,SI,6.0,189.5,115.66,159.92259768,206.16738131000005,X,field_out,line_drive,Oppo,False,2
2026,2026-07-12,824250,45,4,R,R,SL,6.0,182.21,109.12,141.72915609000003,222.48906965000003,X,single,ground_ball,Oppo,False,2
2026,2026-07-12,824250,1,4,L,R,FF,4.0,116.86,46.44,-21.362943760000007,378.91772793000007,X,field_out,fly_ball,Straightaway,False,1
2026,2026-07-16,823440,44,5,R,R,FC,6.0,147.7,142.63,55.603549879999974,138.85913444000005,X,field_out,line_drive,Oppo,False,2
2026,2026-07-16,823440,61,2,R,R,FF,4.0,34.38,73.2,-227.20588784,312.13357197000005,X,home_run,fly_ball,Pull,False,0
2026,2026-07-16,823440,4,2,R,R,ST,6.0,151.05,66.27,63.964047730000026,329.42857200000003,X,field_out,line_drive,Straightaway,False,1
2026,2026-07-18,823441,39,4,L,R,SI,5.0,66.6,42.07,-146.79536822000003,389.8238102000001,X,home_run,fly_ball,Pull,False,0
2026,2026-07-18,823441,20,2,L,R,SI,6.0,148.48,151.01,57.55017325999997,117.94541146000006,X,field_out,line_drive,Oppo,False,2
2026,2026-07-18,823441,64,2,R,R,SL,14.0,131.24,137.83,14.524805220000019,150.83835524,X,single,ground_ball,Straightaway,True,1
2026,2026-07-18,823441,6,3,L,R,SI,7.0,110.43,175.35,-37.41010828999999,57.200779320000045,X,single,ground_ball,Pull,False,0
2026,2026-07-19,823439,52,1,R,R,CU,1.0,32.98,103.85,-230.69982724000002,235.64125582000005,X,double,ground_ball,Pull,False,0
2026,2026-07-20,823436,19,2,R,R,SL,5.0,34.57,62.88,-226.73171035000001,337.8888966900001,X,home_run,fly_ball,Pull,False,0
2026,2026-07-20,823436,58,1,L,R,CH,5.0,23.33,102.65,-254.78305239000002,238.63606102000003,X,home_run,line_drive,Pull,False,0
2026,2026-07-20,823436,7,1,R,R,FF,5.0,74.35,36.61,-127.45391797000003,403.4501738600001,X,double,line_drive,Pull,False,0
2026,2026-07-22,823438,39,13,L,R,CU,5.0,101.35,161.66,-60.07080097000002,91.36651531000004,X,fielders_choice_out,ground_ball,Pull,False,0
2026,2026-07-22,823438,20,8,L,R,FF,3.0,131.78,153.55,15.87246756,111.60640712,X,field_out,popup,Straightaway,False,1
2026,2026-07-22,823438,4,5,L,R,CH,9.0,121.98,165.43,-8.585108239999995,81.95783564000001,X,field_out,ground_ball,Straightaway,False,1
2026,2026-07-21,823437,37,6,L,R,FF,5.0,112.13,149.24,-33.167467590000015,122.36274913000001,X,grounded_into_double_play,ground_ball,Pull,False,0
2026,2026-07-21,823437,20,1,L,R,CH,8.0,65.44,98.16,-149.69034658,249.84162381000004,X,single,line_drive,Pull,False,0
2026,2026-07-21,823437,56,2,R,R,ST,5.0,107.33,142.61,-45.146688390000016,138.90904786000002,X,field_out,ground_ball,Pull,False,0
2026,2026-07-29,823837,34,1,R,R,CH,4.0,49.02,50.32,-190.66926440000003,369.2345244500001,X,home_run,fly_ball,Pull,False,0
2026,2026-07-29,823837,17,3,R,R,CH,11.0,124.12,187.42,-3.244372299999993,27.07803035000006,X,field_out,ground_ball,Straightaway,True,1
2026,2026-07-29,823837,52,2,L,R,FF,5.0,172.66,78.3,117.89549803999999,299.40564987000005,X,field_out,line_drive,Oppo,False,2
2026,2026-07-29,823837,74,4,R,R,SL,6.0,158.42,60.17,82.35714299999997,344.6521651000001,X,field_out,fly_ball,Oppo,False,2
2026,2026-07-29,823837,1,5,R,R,ST,2.0,119.39,96.45,-15.048896130000005,254.10922122000005,X,single,ground_ball,Straightaway,False,1
2026,2026-07-28,823838,38,2,R,R,CH,9.0,93.71,143.36,-79.13772741000002,137.03729461,X,field_out,line_drive,Pull,False,0
2026,2026-07-28,823838,18,6,R,R,FC,5.0,60.24,68.78,-162.66783578000002,323.16443779,X,field_out,line_drive,Pull,False,0
2026,2026-07-28,823838,56,2,R,R,SI,4.0,113.14,154.67,-30.646839880000005,108.81125560000007,X,field_out,ground_ball,Pull,False,0
2026,2026-07-27,823839,22,3,R,R,CU,9.0,123.43,143.17,-4.966385289999987,137.51147210000008,X,single,ground_ball,Straightaway,False,1
2026,2026-07-27,823839,53,1,R,R,ST,11.0,96.29,79.52,-72.69889622999999,296.3609312500001,X,field_out,fly_ball,Pull,True,0
2026,2026-07-27,823839,72,5,R,R,ST,3.0,163.97,157.7,96.20811705,101.24937247000007,X,field_out,popup,Oppo,False,2
2026,2026-07-26,823433,69,1,L,R,CH,9.0,112.95,151.01,-31.12101737,117.94541146000006,X,grounded_into_double_play,ground_ball,Pull,False,0
2026,2026-07-26,823433,56,2,L,R,CH,9.0,83.81,108.22,-103.84487031,224.73517355000004,X,single,line_drive,Pull,False,0
2026,2026-07-26,823433,36,3,L,R,SI,6.0,148.95,153.04,58.72313862999997,112.87919933000005,X,grounded_into_double_play,ground_ball,Oppo,False,2
2026,2026-07-26,823433,5,2,R,R,SI,9.0,152.64,65.01,67.93216461999997,332.57311746,X,triple,line_drive,Straightaway,False,1
2026,2026-07-25,823435,20,2,L,R,SI,6.0,176.3,118.05,126.97974048000003,200.20272762000005,X,single,ground_ball,Oppo,False,2
2026,2026-07-25,823435,56,5,R,R,SI,8.0,111.9,154.56,-33.741471919999995,109.08577941000003,X,field_out,ground_ball,Pull,False,0
2026,2026-07-24,823434,24,5,R,R,CU,11.0,110.05,147.77,-38.358463270000016,126.03138550000001,X,field_out,ground_ball,Pull,True,0
2026,2026-07-24,823434,58,9,L,R,FS,9.0,79.44,101.44,-114.75095258000002,241.65582293000006,X,field_out,line_drive,Pull,False,0
2026,2026-08-02,824807,31,1,R,R,ST,1.0,59.44,70.37,-164.66437258000002,319.19632090000005,X,field_out,line_drive,Pull,False,0
2026,2026-08-02,824807,47,3,R,R,FF,5.0,118.55,152.28,-17.145259770000013,114.77590929000003,X,single,ground_ball,Straightaway,False,1
2026,2026-08-02,824807,1,1,R,R,SI,11.0,98.98,173.53,-65.98554124,61.74290054000003,X,field_out,ground_ball,Pull,True,0
2026,2026-08-01,824808,35,3,R,R,KC,4.0,72.25,113.68,-132.69482707,211.10880989000003,X,single,ground_ball,Pull,False,0
2026,2026-08-01,824808,17,6,R,R,SI,4.0,102.01,139.13,-58.42365811,147.59398294000005,X,field_out,ground_ball,Pull,False,0
2026,2026-08-01,824808,70,3,R,R,FS,4.0,86.65,164.77,-96.75716467,83.6049785,X,double,ground_ball,Pull,False,0
2026,2026-08-01,824808,1,6,R,R,SI,1.0,167.12,99.34,104.06948070000001,246.89673203000004,X,field_out,line_drive,Oppo,False,2
2026,2026-08-01,824808,58,4,L,R,CU,7.0,112.28,175.5,-32.793116940000004,56.82642867000003,X,field_out,ground_ball,Pull,False,0
2026,2026-07-31,824809,36,4,R,R,FS,11.0,89.88,110.89,-88.69614734000002,218.07173198000004,X,single,fly_ball,Pull,True,0
2026,2026-07-31,824809,19,4,R,R,SI,4.0,51.49,58.09,-184.50495703000004,349.84316078000006,X,home_run,fly_ball,Pull,False,0
2026,2026-07-31,824809,51,4,R,R,FC,9.0,108.23,156.75,-42.90058449,103.62025992000004,X,field_out,ground_ball,Pull,False,0
2026,2026-07-31,824809,1,2,R,R,SI,13.0,111.98,188.26,-33.54181824,24.98166671000005,X,single,ground_ball,Pull,True,0
2026,2026-08-04,823432,54,4,R,R,SL,12.0,161.51,89.89,90.06876638999998,270.48082298,X,single,line_drive,Oppo,True,2
2026,2026-08-04,823432,35,1,R,R,SI,8.0,94.43,140.62,-77.34084428999999,143.87543315000002,X,field_out,ground_ball,Pull,False,0
2026,2026-08-04,823432,21,2,R,R,FS,5.0,109.19,173.32,-40.50474033000001,62.26699145000005,X,single,ground_ball,Pull,False,0
2026,2026-08-04,823432,5,5,L,R,ST,14.0,132.13,101.68,16.745952409999987,241.05686189000002,X,single,fly_ball,Straightaway,True,1
2026,2026-08-03,823431,44,1,L,R,FF,5.0,129.91,123.12,11.205562789999988,187.54967565000004,X,field_out,line_drive,Straightaway,False,1
2026,2026-08-03,823431,24,2,L,R,CU,9.0,118.6,83.73,-17.02047622000002,285.85415634000003,X,field_out,line_drive,Straightaway,False,1
2026,2026-08-03,823431,5,3,L,R,SI,5.0,107.04,165.95,-45.87043297999999,80.66008672000007,X,field_out,ground_ball,Pull,False,0
2026,2026-08-06,823430,37,3,R,R,SL,5.0,105.37,154.56,-50.03820355,109.08577941000003,X,grounded_into_double_play,ground_ball,Pull,False,0
2026,2026-08-06,823430,19,4,R,R,CU,4.0,30.09,97.87,-237.91231643,250.56536840000004,X,double,line_drive,Pull,False,0
2026,2026-08-06,823430,58,4,R,R,SL,5.0,187.48,129.23,154.88134225999997,172.30112584000005,X,field_out,fly_ball,Oppo,False,2
2026,2026-08-06,823430,73,4,R,R,ST,9.0,149.49,148.48,60.07080097000002,124.25945909000006,X,field_out,ground_ball,Oppo,False,2
2026,2026-08-06,823430,5,2,R,R,SL,8.0,104.36,151.01,-52.55883126000001,117.94541146000006,X,single,ground_ball,Pull,False,0
2026,2026-08-05,823429,43,4,R,R,FC,12.0,144.95,158.88,48.740454629999974,98.30448069000005,X,field_out,ground_ball,Oppo,True,2
2026,2026-08-05,823429,25,3,R,R,CU,8.0,101.81,174.16,-58.922792310000006,60.17062781000004,X,field_out,popup,Pull,False,0
2026,2026-08-05,823429,82,2,R,R,FF,9.0,206.89,116.72,203.32231636999998,203.52197005000005,X,sac_fly,line_drive,Oppo,False,2
2026,2026-08-05,823429,58,6,L,R,FF,6.0,186.81,85.6,153.20924269000002,281.18725157000006,X,field_out,fly_ball,Oppo,False,2
2026,2026-08-07,823428,25,2,R,R,KC,8.0,112.21,163.67,-32.967813910000025,86.35021660000007,X,field_out,ground_ball,Pull,False,0
2026,2026-08-07,823428,79,2,R,R,SI,9.0,146.38,165.07,52.30926415999999,82.85627720000005,X,force_out,ground_ball,Oppo,False,2
2026,2026-08-07,823428,6,3,R,R,SL,6.0,186.88,95.23,153.38393966,257.15393984,X,field_out,line_drive,Oppo,False,2
2026,2026-08-09,823425,40,3,R,R,CH,13.0,125.4,55.91,-0.04991341999999007,355.28372356000006,X,field_out,fly_ball,Straightaway,True,1
2026,2026-08-09,823425,72,2,R,R,SL,5.0,156.13,156.01,76.64205641,105.46705646000005,X,field_out,popup,Oppo,False,2
2026,2026-08-09,823425,92,2,R,R,SL,1.0,121.81,185.49,-9.00937231,31.894675380000006,X,force_out,popup,Pull,False,0
2026,2026-08-08,823426,44,6,R,R,SL,8.0,59.39,55.56,-164.78915613,356.15720841000007,X,home_run,fly_ball,Pull,False,0
2026,2026-08-08,823426,25,1,R,R,SL,8.0,120.42,168.76,-12.478355,73.64725121000005,X,field_out,ground_ball,Straightaway,False,1
2026,2026-08-08,823426,57,6,R,R,ST,2.0,132.24,109.73,17.02047622000002,220.96671034000002,X,field_out,fly_ball,Straightaway,False,1
2026,2026-08-08,823426,76,1,R,R,SL,5.0,172.14,191.58,116.59774911999997,16.696038989999995,X,field_out,popup,Oppo,False,2
2026,2026-08-08,823426,6,4,R,R,SL,9.0,129.11,99.62,9.20902599000003,246.19794415000004,X,single,line_drive,Straightaway,False,1
2026,2026-08-13,823669,33,1,R,R,FF,9.0,189.44,131.42,159.77285742,166.83560635000006,X,double,line_drive,Oppo,False,2
2026,2026-08-13,823669,52,3,R,R,SL,1.0,158.49,162.5,82.53183997000002,89.27015167000003,X,field_out,popup,Oppo,False,2
2026,2026-08-13,823669,2,5,R,R,FF,1.0,139.25,171.1,34.51512993,67.80738107000005,X,field_out,popup,Oppo,False,2
2026,2026-08-13,823669,69,1,L,R,ST,5.0,110.91,151.87,-36.21218621000001,115.79913440000003,X,field_out,ground_ball,Pull,False,0
2026,2026-08-12,823017,35,2,R,R,ST,3.0,54.86,111.26,-176.09454576000002,217.14833371000003,X,field_out,fly_ball,Pull,False,0
2026,2026-08-12,823017,19,2,R,R,SL,6.0,141.38,174.45,39.83090915999999,59.44688322000006,X,field_out,ground_ball,Oppo,False,2
2026,2026-08-12,823017,62,3,R,R,FF,8.0,176.86,82.98,128.37731624000003,287.72590959,X,field_out,fly_ball,Oppo,False,2
2026,2026-08-12,823017,2,6,R,R,SL,8.0,193.35,104.52,169.53093103,233.96915625000005,X,field_out,fly_ball,Oppo,False,2
2026,2026-08-11,823019,37,5,R,R,SL,5.0,94.27,94.82,-77.74015165000002,258.1771649500001,X,single,line_drive,Pull,False,0
2026,2026-08-17,823427,37,2,R,R,CU,5.0,120.11,195.36,-13.252013010000006,7.262402609999992,X,grounded_into_double_play,ground_ball,Pull,False,0
2026,2026-08-17,823427,23,5,R,R,CH,4.0,70.26,101.82,-137.66121236,240.70746795000005,X,single,ground_ball,Pull,False,0
2026,2026-08-17,823427,5,1,R,R,ST,3.0,132.2,210.56,16.92064937999997,-30.671796589999982,X,field_out,popup,Oppo,False,2
2026,2026-08-17,823427,76,5,L,R,CU,6.0,136.82,48.23,28.450649399999982,374.4504768400001,X,field_out,fly_ball,Straightaway,False,1
2026,2026-08-15,823671,49,2,L,R,ST,4.0,75.8,113.17,-123.83519502000001,212.38160210000004,X,single,ground_ball,Pull,False,0
2026,2026-08-18,823423,23,4,R,R,SI,1.0,158.83,172.35,83.38036811000003,64.68779232000004,X,field_out,popup,Oppo,False,2
2026,2026-08-18,823423,5,1,L,R,SI,5.0,111.46,149.49,-34.83956716000002,121.73883138000001,X,field_out,ground_ball,Pull,False,0
2026,2026-08-19,823424,21,3,R,R,CU,1.0,123.61,163.57,-4.517164510000006,86.59978370000005,X,field_out,popup,Straightaway,False,1
2026,2026-08-19,823424,55,2,L,R,SI,5.0,99.69,50.59,-64.21361483000001,368.56069328000007,X,double,line_drive,Straightaway,False,1
2026,2026-08-19,823424,5,4,R,R,SI,4.0,114.97,85.6,-26.07976195000001,281.18725157000006,X,single,ground_ball,Straightaway,False,1
2026,2026-08-22,823422,34,5,L,R,SL,14.0,195.21,95.1,174.17287909000004,257.4783770700001,X,field_out,fly_ball,Oppo,True,2
2026,2026-08-22,823422,17,4,L,R,FF,4.0,109.02,167.75,-40.92900440000002,76.16787892000004,X,grounded_into_double_play,ground_ball,Pull,False,0
2026,2026-08-22,823422,51,3,R,R,FF,2.0,210.05,101.46,211.20863673000005,241.60590951000006,X,single,line_drive,Oppo,False,2
2026,2026-08-22,823422,5,5,L,R,CU,8.0,94.32,108.92,-77.61536810000003,222.98820385000005,X,single,ground_ball,Pull,False,0
2026,2026-08-22,823422,69,5,R,R,SL,11.0,63.67,91.18,-154.10768425,267.26140739000004,X,field_out,fly_ball,Pull,True,0
2026,2026-08-21,823420,21,2,R,R,FF,2.0,170.4,94.77,112.25528158000002,258.30194850000004,X,field_out,fly_ball,Oppo,False,2
2026,2026-08-21,823420,55,2,R,R,SL,4.0,163.69,71.28,95.50932917,316.92526029000004,X,field_out,fly_ball,Oppo,False,2
2026,2026-08-24,823097,22,5,R,R,SL,6.0,171.05,112.59,113.87746773000003,213.82909128000003,X,field_out,fly_ball,Oppo,False,2
2026,2026-08-24,823097,64,5,L,R,FF,6.0,106.81,155.11,-46.444437310000005,107.71316036,X,field_out,ground_ball,Pull,False,0
2026,2026-08-23,823421,63,3,R,R,CH,14.0,137.08,150.51,29.09952386000003,119.19324696000005,X,field_out,ground_ball,Oppo,True,2
2026,2026-08-23,823421,7,5,R,R,CU,8.0,154.01,80.79,71.35123388999997,293.19142908000003,X,field_out,fly_ball,Oppo,False,2
2026,2026-08-23,823421,43,4,L,R,SI,12.0,138.61,156.08,32.91790049000003,105.29235949,X,field_out,ground_ball,Oppo,True,2
2026,2026-08-26,823096,66,4,R,R,SI,2.0,125.65,41.02,0.5740043300000099,392.44426475000006,X,field_out,fly_ball,Straightaway,False,1
2026,2026-08-26,823096,34,6,L,R,SI,8.0,128.85,147.87,8.560151529999983,125.78181840000002,X,field_out,ground_ball,Straightaway,False,1
2026,2026-08-26,823096,50,1,L,R,SI,9.0,109.31,154.38,-40.20525981,109.53500019000005,X,field_out,ground_ball,Pull,False,0
2026,2026-08-25,823098,59,2,R,R,SI,6.0,155.95,80.16,76.19283562999998,294.76370181000004,X,field_out,line_drive,Oppo,False,2
2026,2026-08-25,823098,35,1,R,R,FF,9.0,124.06,198.76,-3.394112559999999,-1.2228787899999518,X,field_out,ground_ball,Pull,False,0
2026,2026-08-25,823098,19,1,R,R,ST,6.0,172.79,168.31,118.21993526999998,74.77030316000003,X,field_out,popup,Oppo,False,2
2026,2026-08-30,823987,40,6,L,R,CU,4.0,101.56,124.47,-59.54671006,184.18051980000004,X,field_out,popup,Pull,False,0
2026,2026-08-30,823987,20,2,L,R,CU,5.0,133.61,145.45,20.439545490000032,131.82134222000008,X,field_out,popup,Straightaway,False,1
2026,2026-08-30,823987,72,3,L,R,FF,4.0,66.93,120.43,-145.97179678999998,194.26303064,X,field_out,fly_ball,Pull,False,0
2026,2026-08-30,823987,58,5,L,R,CH,12.0,181.52,116.6,140.00714310000004,203.82145057000005,X,single,ground_ball,Oppo,True,2
2026,2026-08-29,823986,35,3,R,R,ST,6.0,53.63,64.22,-179.16422108999998,334.5446975500001,X,field_out,fly_ball,Pull,False,0
2026,2026-08-29,823986,14,6,R,R,FC,5.0,94.37,119.83,-77.49058455,195.76043324000005,X,field_out,fly_ball,Pull,False,0
2026,2026-08-29,823986,73,3,R,R,CU,5.0,174.25,129.92,121.86361493000001,170.57911285000006,X,single,ground_ball,Oppo,False,2
2026,2026-08-29,823986,54,3,R,R,FF,9.0,122.16,168.69,-8.135887460000014,73.82194818000004,X,single,ground_ball,Straightaway,False,1
2026,2026-08-28,823985,39,1,L,R,FF,6.0,103.99,153.55,-53.48222953000002,111.60640712,X,field_out,ground_ball,Pull,False,0
2026,2026-08-28,823985,24,3,L,R,FF,5.0,114.43,189.62,-27.42742428999999,21.587554150000017,X,single,ground_ball,Pull,False,0
2026,2026-08-28,823985,2,8,L,R,FF,4.0,139.14,177.59,34.24060611999997,51.61047628000002,X,field_out,popup,Oppo,False,2
2026,2026-08-28,823985,68,2,L,R,SI,4.0,120.06,74.26,-13.376796559999999,309.48816071000005,X,single,line_drive,Straightaway,False,1
2026,2026-09-01,825038,34,3,L,R,FC,4.0,65.45,149.25,-149.66538987,122.33779242000004,X,field_out,popup,Pull,False,0
2026,2026-09-01,825038,17,5,L,R,FC,8.0,124.85,184.99,-1.4225324700000186,33.14251088,X,field_out,ground_ball,Straightaway,False,1
2026,2026-09-01,825038,2,5,L,R,FF,2.0,100.51,45.54,-62.16716460999999,381.16383183000005,X,double,fly_ball,Straightaway,False,1
2026,2026-09-01,825038,66,6,R,R,FF,11.0,106.59,170.28,-46.99348493,69.85383129000003,X,field_out,ground_ball,Pull,True,0
2026,2026-09-01,825038,52,3,R,R,SI,6.0,112.17,155.58,-33.06764075,106.54019499,X,field_out,ground_ball,Pull,False,0
2026,2026-08-31,825040,36,2,R,R,ST,14.0,144.52,172.31,47.66731610000002,64.78761916000002,X,field_out,ground_ball,Oppo,True,2
2026,2026-08-31,825040,19,4,R,R,FF,3.0,201.71,103.41,190.39474059000003,236.73935106000005,X,field_out,fly_ball,Oppo,False,2
2026,2026-09-02,825037,37,5,R,R,SI,2.0,131.16,147.5,14.325151539999988,126.70521667000004,X,grounded_into_double_play,ground_ball,Straightaway,False,1
2026,2026-09-07,823415,40,2,R,R,FF,1.0,91.59,48.0,-84.42854993,375.02448117000006,X,double,line_drive,Pull,False,0
2026,2026-09-07,823415,55,4,R,R,SL,4.0,99.88,168.8,-63.73943734000002,73.54742437,X,field_out,ground_ball,Pull,False,0
2026,2026-09-07,823415,5,2,R,R,FF,3.0,191.93,73.74,165.98707821000002,310.78590963000005,X,field_out,fly_ball,Oppo,False,2
2026,2026-09-06,823417,36,4,R,R,FS,8.0,110.82,166.18,-36.43679660000002,80.08608239000002,X,field_out,ground_ball,Pull,False,0
2026,2026-09-06,823417,20,4,R,R,FS,5.0,32.06,110.06,-232.99584456000002,220.14313891000003,X,double,line_drive,Pull,False,0
2026,2026-09-06,823417,54,6,L,R,FC,4.0,75.96,157.6,-123.43588766000003,101.49893957000005,X,field_out,popup,Pull,False,0
2026,2026-09-06,823417,5,2,R,R,FS,8.0,145.78,142.7,50.811861560000004,138.68443747000006,X,fielders_choice,ground_ball,Oppo,False,2
2026,2026-09-05,823419,37,6,L,R,FC,2.0,116.95,64.37,-21.138333369999998,334.1703469,X,field_out,fly_ball,Straightaway,False,1
2026,2026-09-05,823419,20,2,L,R,CH,6.0,111.31,77.67,-35.21391781,300.97792260000006,X,single,line_drive,Straightaway,False,1
2026,2026-09-05,823419,68,3,L,R,CH,14.0,128.01,166.23,6.463787889999973,79.96129884000005,X,field_out,ground_ball,Straightaway,True,1
2026,2026-09-05,823419,52,1,L,R,FF,12.0,157.96,192.09,81.20913434000002,15.423246780000019,X,field_out,popup,Oppo,True,2
2026,2026-09-04,823418,42,2,L,R,FF,11.0,45.26,112.26,-200.05298736,214.65266271000002,X,double,line_drive,Pull,True,0
2026,2026-09-04,823418,25,2,L,R,CH,5.0,105.92,41.05,-48.6655845,392.3693946200001,X,field_out,fly_ball,Straightaway,False,1
2026,2026-09-04,823418,64,2,R,R,FF,11.0,44.23,115.03,-202.62352849,207.73965404000003,X,field_out,fly_ball,Pull,True,0
2026,2026-09-04,823418,6,3,L,R,FF,2.0,143.03,200.95,43.94876631,-6.688398279999946,X,field_out,popup,Oppo,False,2
2026,2026-09-08,823414,50,2,R,R,FC,1.0,41.62,78.98,-209.13722980000006,297.70859359,X,home_run,fly_ball,Pull,False,0
2026,2026-09-08,823414,33,2,R,R,FC,9.0,144.97,96.11,48.79036805,254.95774936000004,X,field_out,line_drive,Straightaway,False,1
2026,2026-09-08,823414,67,5,R,R,FF,5.0,93.53,46.58,-79.58694819,378.56833399000004,X,double,line_drive,Straightaway,False,1
2026,2026-09-09,823416,43,1,R,R,SL,2.0,189.49,61.65,159.89764097000003,340.95857202,X,home_run,fly_ball,Oppo,False,2
2026,2026-09-09,823416,26,4,R,R,KC,12.0,167.24,111.97,104.36896122000003,215.37640730000004,X,single,ground_ball,Oppo,True,2
2026,2026-09-09,823416,5,5,R,R,SI,4.0,150.29,150.31,62.06733776999998,119.69238116000002,X,field_out,ground_ball,Oppo,False,2
2026,2026-09-09,823416,55,2,R,R,FF,6.0,188.64,77.57,157.77632061999998,301.2274897000001,X,field_out,line_drive,Oppo,False,2
