game_year,game_date,game_pk,at_bat_number,pitch_number,batter,player_name,p_throws,stand,pitch_type,pitch_name,zone,plate_x,plate_z,sz_top,sz_bot,hc_x,hc_y,type,events,description,des,bb_type,launch_speed,launch_angle,launch_speed_angle,hit_distance_sc,home_team,away_team,inning,inning_topbot,game_type,bat_score,post_bat_score,balls,strikes,Season,wBB,wHBP,w1B,w2B,w3B,wHR,loc_x,loc_y,hit_direction,ooz,sort_rank,pitch_uid
2023,2023-09-30,716393,38,1,607208,"Turner, Trea",L,R,CU,Curveball,14.0,0.01,1.51,3.45,1.69,131.7,181.04,X,field_out,hit_into_play,"Trea Turner grounds out softly, pitcher Jose Quintana to first baseman Mark Vientos.",ground_ball,52.2,-57.0,1.0,1.0,NYM,PHI,4,Top,R,4,4,0,0,2023,0.696,0.726,0.883,1.244,1.569,2.004,15.67281387999997,43.00041133000005,Oppo,True,2,716393-38-1
2023,2023-09-30,716393,2,6,607208,"Turner, Trea",L,R,CH,Changeup,14.0,0.59,1.26,3.45,1.69,99.49,154.46,X,single,hit_into_play,Trea Turner singles on a ground ball to shortstop Francisco Lindor.,ground_ball,79.3,5.0,2.0,81.0,NYM,PHI,1,Top,R,0,0,2,2,2023,0.696,0.726,0.883,1.244,1.569,2.004,-64.71274903000003,109.33534651000001,Pull,True,0,716393-2-6
2023,2023-09-28,716409,43,1,607208,"Turner, Trea",R,R,SI,Sinker,6.0,0.74,2.32,3.45,1.69,182.13,111.49,X,single,hit_into_play,Trea Turner singles on a line drive to right fielder Miguel Andujar.   Kyle Schwarber to 2nd.,line_drive,105.4,7.0,4.0,158.0,PHI,PIT,5,Bot,R,1,1,0,0,2023,0.696,0.726,0.883,1.244,1.569,2.004,141.52950241,216.57432938000005,Oppo,False,2,716409-43-1
2023,2023-09-28,716409,24,8,607208,"Turner, Trea",R,R,SL,Slider,6.0,0.33,2.26,3.45,1.69,99.44,164.61,X,field_out,hit_into_play,"Trea Turner grounds out, third baseman Jared Triolo to first baseman Alfonso Rivas.",ground_ball,100.8,-12.0,2.0,11.0,PHI,PIT,3,Bot,R,1,1,2,2,2023,0.696,0.726,0.883,1.244,1.569,2.004,-64.83753258000002,84.00428586,Pull,False,0,716409-24-8
2023,2023-09-28,716409,5,5,607208,"Turner, Trea",R,R,FF,4-Seam Fastball,5.0,0.13,2.83,3.45,1.69,81.14,48.9,X,double,hit_into_play,Trea Turner doubles (34) on a sharp fly ball to center fielder Jack Suwinski.,fly_ball,102.4,30.0,6.0,386.0,PHI,PIT,1,Bot,R,1,1,3,1,2023,0.696,0.726,0.883,1.244,1.569,2.004,-110.50831188000001,372.77837727,Pull,False,0,716409-5-5
2023,2023-09-28,716409,65,3,607208,"Turner, Trea",R,R,FC,Cutter,2.0,0.11,3.39,3.45,1.69,41.42,120.48,X,double,hit_into_play,Trea Turner doubles (35) on a line drive to left fielder Joshua Palacios.,line_drive,99.1,13.0,4.0,204.0,PHI,PIT,8,Bot,R,1,1,1,1,2023,0.696,0.726,0.883,1.244,1.569,2.004,-209.63636400000001,194.13824709000002,Pull,False,0,716409-65-3
2023,2023-09-26,716432,39,1,607208,"Turner, Trea",R,R,FC,Cutter,5.0,-0.23,2.61,3.44,1.69,167.0,87.33,X,single,hit_into_play,Trea Turner singles on a line drive to right fielder Joshua Palacios.   Kyle Schwarber to 3rd.,line_drive,93.0,15.0,4.0,235.0,PHI,PIT,6,Bot,R,1,1,0,0,2023,0.696,0.726,0.883,1.244,1.569,2.004,103.77000018000001,276.86974074000005,Oppo,False,2,716432-39-1
2023,2023-09-26,716432,24,2,607208,"Turner, Trea",R,R,SI,Sinker,4.0,-0.39,2.52,3.44,1.69,146.94,173.94,X,field_out,hit_into_play,Trea Turner pops out softly to first baseman Jared Triolo.,popup,59.1,68.0,1.0,88.0,PHI,PIT,4,Bot,R,0,0,1,0,2023,0.696,0.726,0.883,1.244,1.569,2.004,53.70683991999999,60.71967543000004,Oppo,False,2,716432-24-2
2023,2023-09-26,716432,5,6,607208,"Turner, Trea",R,R,SI,Sinker,4.0,-0.45,2.65,3.44,1.69,107.99,135.87,X,field_out,hit_into_play,"Trea Turner grounds out, shortstop Liover Peguero to first baseman Jared Triolo.",ground_ball,99.3,0.0,4.0,49.0,PHI,PIT,1,Bot,R,0,0,3,2,2023,0.696,0.726,0.883,1.244,1.569,2.004,-43.49954553000002,155.72987040000004,Pull,False,0,716432-5-6
2023,2023-09-26,716432,57,4,607208,"Turner, Trea",L,R,CH,Changeup,6.0,0.57,2.55,3.44,1.69,116.28,148.57,X,field_out,hit_into_play,"Trea Turner grounds out, shortstop Liover Peguero to first baseman Jared Triolo.",ground_ball,60.3,-25.0,2.0,6.0,PHI,PIT,8,Bot,R,2,2,1,2,2023,0.696,0.726,0.883,1.244,1.569,2.004,-22.810432940000002,124.03484870000005,Straightaway,False,1,716432-57-4
2023,2023-09-24,716454,20,6,607208,"Turner, Trea",R,R,CH,Changeup,9.0,0.43,1.94,3.43,1.68,108.8,40.49,X,field_out,hit_into_play,Trea Turner flies out sharply to center fielder Jeff McNeil.,fly_ball,103.8,28.0,6.0,393.0,PHI,NYM,3,Bot,R,0,0,3,2,2023,0.696,0.726,0.883,1.244,1.569,2.004,-41.478052020000014,393.76697038000003,Straightaway,False,1,716454-20-6
2023,2023-09-24,716454,53,4,607208,"Turner, Trea",L,R,CH,Changeup,8.0,-0.03,1.78,3.43,1.68,100.12,164.93,X,grounded_into_double_play,hit_into_play,"Trea Turner grounds into a double play, third baseman Brett Baty to second baseman Ronny Mauricio to first baseman Mark Vientos.   Kyle Schwarber out at 2nd.    Trea Turner out at 1st.",ground_ball,95.4,6.0,4.0,101.0,PHI,NYM,7,Bot,R,5,5,1,2,2023,0.696,0.726,0.883,1.244,1.569,2.004,-63.140476299999996,83.20567114000002,Pull,False,0,716454-53-4
2023,2023-09-24,716454,5,7,607208,"Turner, Trea",R,R,SL,Slider,4.0,-0.4,2.39,3.43,1.68,140.56,84.92,X,field_out,hit_into_play,Trea Turner flies out to center fielder Jeff McNeil.,fly_ball,82.6,39.0,3.0,287.0,PHI,NYM,1,Bot,R,0,0,2,2,2023,0.696,0.726,0.883,1.244,1.569,2.004,37.78445894000001,282.88430785,Straightaway,False,1,716454-5-7
2023,2023-09-24,716454,36,7,607208,"Turner, Trea",R,R,SI,Sinker,4.0,-0.55,2.57,3.43,1.68,39.27,118.17,X,double,hit_into_play,Trea Turner doubles (33) on a sharp line drive to left fielder Tim Locastro.,line_drive,107.3,13.0,5.0,234.0,PHI,NYM,5,Bot,R,4,4,3,2,2023,0.696,0.726,0.883,1.244,1.569,2.004,-215.00205665000004,199.90324710000004,Pull,False,0,716454-36-7
2023,2023-09-23,716466,40,1,607208,"Turner, Trea",L,R,CH,Changeup,14.0,0.4,1.16,3.43,1.69,129.06,221.05,X,fielders_choice,hit_into_play,"Trea Turner reaches on a fielder's choice, fielded by shortstop Francisco Lindor.   Johan Rojas scores.    Kyle Schwarber to 3rd.",ground_ball,74.0,-17.0,2.0,4.0,PHI,NYM,5,Bot,R,3,4,0,0,2023,0.696,0.726,0.883,1.244,1.569,2.004,9.084242440000002,-56.85138538000001,Pull,True,0,716466-40-1
2023,2023-09-23,716466,6,1,607208,"Turner, Trea",L,R,SI,Sinker,5.0,0.04,2.76,3.43,1.69,105.77,74.09,X,field_out,hit_into_play,Trea Turner flies out to center fielder Brandon Nimmo.,fly_ball,94.6,32.0,3.0,314.0,PHI,NYM,1,Bot,R,0,0,0,0,2023,0.696,0.726,0.883,1.244,1.569,2.004,-49.03993515000002,309.91242478000004,Straightaway,False,1,716466-6-1
2023,2023-09-23,716466,59,5,607208,"Turner, Trea",R,R,SL,Slider,14.0,0.83,2.12,3.43,1.69,147.43,143.05,X,field_out,hit_into_play,Trea Turner lines out to second baseman Ronny Mauricio.,line_drive,72.6,14.0,4.0,154.0,PHI,NYM,7,Bot,R,6,6,2,2,2023,0.696,0.726,0.883,1.244,1.569,2.004,54.92971871000002,137.81095262,Oppo,True,2,716466-59-5
2023,2023-09-22,716481,43,6,607208,"Turner, Trea",R,R,CH,Changeup,9.0,0.46,1.96,3.39,1.67,144.28,146.33,X,field_out,hit_into_play,"Trea Turner grounds out, second baseman Ronny Mauricio to first baseman Mark Vientos.",ground_ball,71.4,3.0,2.0,55.0,PHI,NYM,6,Bot,R,0,0,2,2,2023,0.696,0.726,0.883,1.244,1.569,2.004,47.06835506,129.62515174,Oppo,False,2,716481-43-6
2023,2023-09-22,716481,23,4,607208,"Turner, Trea",R,R,CH,Changeup,5.0,-0.18,2.54,3.39,1.67,163.87,74.27,X,field_out,hit_into_play,Trea Turner flies out to center fielder Brandon Nimmo.,fly_ball,91.9,35.0,3.0,323.0,PHI,NYM,3,Bot,R,0,0,2,1,2023,0.696,0.726,0.883,1.244,1.569,2.004,95.95854995000002,309.4632040000001,Oppo,False,2,716481-23-4
2023,2023-09-22,716481,55,4,607208,"Turner, Trea",R,R,SL,Slider,14.0,1.13,2.18,3.39,1.67,112.28,169.24,X,force_out,hit_into_play,"Trea Turner grounds into a force out, third baseman Brett Baty to second baseman Ronny Mauricio.   Kyle Schwarber out at 2nd.    Trea Turner to 1st.",ground_ball,65.7,-46.0,2.0,2.0,PHI,NYM,7,Bot,R,4,4,1,2,2023,0.696,0.726,0.883,1.244,1.569,2.004,-32.793116940000004,72.44932913000001,Pull,True,0,716481-55-4
2023,2023-09-22,716481,73,2,607208,"Turner, Trea",L,R,CH,Changeup,9.0,0.67,2.14,3.39,1.67,110.25,161.6,X,field_out,hit_into_play,"Trea Turner grounds out, third baseman Brett Baty to first baseman Mark Vientos.",ground_ball,68.9,-6.0,2.0,17.0,PHI,NYM,9,Bot,R,4,4,0,1,2023,0.696,0.726,0.883,1.244,1.569,2.004,-37.85932907000001,91.51625557000004,Pull,False,0,716481-73-2
2023,2023-09-21,716490,25,5,607208,"Turner, Trea",L,R,SI,Sinker,7.0,-0.28,2.04,3.39,1.68,99.61,164.86,X,field_out,hit_into_play,"Trea Turner grounds out sharply, third baseman Brett Baty to first baseman Pete Alonso.",ground_ball,110.8,6.0,4.0,112.0,PHI,NYM,3,Bot,R,2,2,3,1,2023,0.696,0.726,0.883,1.244,1.569,2.004,-64.41326851000001,83.38036810999999,Pull,False,0,716490-25-5
2023,2023-09-21,716490,55,5,607208,"Turner, Trea",R,R,SI,Sinker,11.0,-1.02,2.83,3.39,1.68,143.66,168.29,X,field_out,hit_into_play,"Trea Turner grounds out, first baseman Pete Alonso to pitcher Grant Hartwig.",ground_ball,60.2,-31.0,2.0,5.0,PHI,NYM,6,Bot,R,5,5,2,2,2023,0.696,0.726,0.883,1.244,1.569,2.004,45.52103903999999,74.82021658000005,Oppo,True,2,716490-55-5
2023,2023-09-20,716509,17,3,607208,"Turner, Trea",R,R,CH,Changeup,4.0,-0.29,2.56,3.38,1.68,92.76,162.42,X,field_out,hit_into_play,"Trea Turner grounds out, third baseman Austin Riley to first baseman Matt Olson.",ground_ball,97.5,-3.0,2.0,33.0,ATL,PHI,3,Top,R,2,2,1,1,2023,0.696,0.726,0.883,1.244,1.569,2.004,-81.50861486,89.46980535000006,Pull,False,0,716509-17-3
2023,2023-09-20,716509,53,4,607208,"Turner, Trea",L,R,SI,Sinker,9.0,0.51,2.19,3.38,1.68,101.9,166.94,X,field_out,hit_into_play,"Trea Turner grounds out, third baseman Austin Riley to first baseman Matt Olson.",ground_ball,88.3,-15.0,2.0,8.0,ATL,PHI,7,Top,R,4,4,2,1,2023,0.696,0.726,0.883,1.244,1.569,2.004,-58.698181919999996,78.18937243000003,Pull,False,0,716509-53-4
2023,2023-09-20,716509,74,1,607208,"Turner, Trea",L,R,CH,Changeup,14.0,0.65,1.53,3.38,1.68,108.16,172.87,X,grounded_into_double_play,hit_into_play,"Trea Turner grounds into a double play, third baseman Austin Riley to first baseman Matt Olson.   Garrett Stubbs out at 3rd.    Kyle Schwarber to 2nd.    Trea Turner out at 1st.",ground_ball,81.3,-25.0,2.0,3.0,ATL,PHI,10,Top,R,4,4,0,0,2023,0.696,0.726,0.883,1.244,1.569,2.004,-43.075281460000014,63.39004340000002,Pull,True,0,716509-74-1
2023,2023-09-20,716509,35,2,607208,"Turner, Trea",R,R,FC,Cutter,6.0,0.67,2.33,3.38,1.68,158.62,140.7,X,field_out,hit_into_play,Trea Turner pops out to second baseman Ozzie Albies.,popup,72.2,57.0,3.0,169.0,ATL,PHI,5,Top,R,4,4,0,1,2023,0.696,0.726,0.883,1.244,1.569,2.004,82.85627720000001,143.67577947000007,Oppo,False,2,716509-35-2
2023,2023-09-19,716521,47,4,607208,"Turner, Trea",R,R,SL,Slider,6.0,0.65,2.6,3.38,1.68,105.82,166.22,X,force_out,hit_into_play,"Trea Turner grounds into a force out, third baseman Austin Riley to second baseman Ozzie Albies.   Johan Rojas to 3rd.    Kyle Schwarber out at 2nd.    Trea Turner to 1st.",ground_ball,83.4,-41.0,2.0,3.0,ATL,PHI,6,Top,R,0,0,0,2,2023,0.696,0.726,0.883,1.244,1.569,2.004,-48.91515160000002,79.98625555000004,Pull,False,0,716521-47-4
2023,2023-09-19,716521,24,3,607208,"Turner, Trea",R,R,SL,Slider,5.0,-0.05,2.63,3.38,1.68,109.45,148.04,X,field_out,hit_into_play,"Trea Turner grounds out, shortstop Orlando Arcia to first baseman Matt Olson.",ground_ball,85.6,2.0,2.0,57.0,ATL,PHI,4,Top,R,0,0,0,2,2023,0.696,0.726,0.883,1.244,1.569,2.004,-39.85586587,125.35755433000006,Pull,False,0,716521-24-3
2023,2023-09-18,716532,34,2,607208,"Turner, Trea",R,R,SI,Sinker,9.0,0.6,1.95,3.38,1.68,117.51,195.54,X,single,hit_into_play,Trea Turner singles on a ground ball to third baseman Austin Riley.,ground_ball,62.9,-63.0,2.0,1.0,ATL,PHI,5,Top,R,4,4,1,0,2023,0.696,0.726,0.883,1.244,1.569,2.004,-19.740757609999992,6.813181830000046,Pull,False,0,716532-34-2
2023,2023-09-18,716532,18,7,607208,"Turner, Trea",R,R,KC,Knuckle Curve,8.0,0.17,1.92,3.38,1.68,123.07,197.62,X,field_out,hit_into_play,"Trea Turner grounds out softly, catcher Sean Murphy to first baseman Matt Olson.",ground_ball,58.4,-87.0,1.0,0.0,ATL,PHI,3,Top,R,2,2,2,2,2023,0.696,0.726,0.883,1.244,1.569,2.004,-5.864826850000021,1.6221861500000143,Pull,False,0,716532-18-7
2023,2023-09-18,716532,46,2,607208,"Turner, Trea",R,R,SL,Slider,4.0,-0.57,2.44,3.38,1.68,124.9,182.12,X,field_out,hit_into_play,Trea Turner pops out to third baseman Austin Riley.,popup,66.4,74.0,3.0,57.0,ATL,PHI,6,Top,R,7,7,0,1,2023,0.696,0.726,0.883,1.244,1.569,2.004,-1.29774891999999,40.305086650000014,Straightaway,False,1,716532-46-2
2023,2023-09-18,716532,2,1,607208,"Turner, Trea",R,R,SI,Sinker,4.0,-0.39,2.31,3.38,1.68,107.33,99.1,X,single,hit_into_play,Trea Turner singles on a ground ball to center fielder Michael Harris II.   Kyle Schwarber to 2nd.,ground_ball,106.1,-4.0,2.0,26.0,ATL,PHI,1,Top,R,0,0,0,0,2023,0.696,0.726,0.883,1.244,1.569,2.004,-45.146688390000016,247.49569307000007,Straightaway,False,1,716532-2-1
2023,2023-09-17,716541,38,3,607208,"Turner, Trea",R,R,SL,Slider,4.0,-0.35,2.8,3.37,1.68,149.77,78.14,X,field_out,hit_into_play,Trea Turner lines out to center fielder Lars Nootbaar.,line_drive,98.3,20.0,4.0,307.0,STL,PHI,5,Top,R,3,3,0,2,2023,0.696,0.726,0.883,1.244,1.569,2.004,60.76958885000003,299.80495723000007,Straightaway,False,1,716541-38-3
2023,2023-09-17,716541,68,4,607208,"Turner, Trea",L,R,CH,Changeup,8.0,-0.26,1.63,3.37,1.68,111.67,168.7,X,field_out,hit_into_play,"Trea Turner grounds out, third baseman Nolan Arenado to first baseman Paul Goldschmidt.",ground_ball,76.3,-7.0,2.0,13.0,STL,PHI,8,Top,R,5,5,1,2,2023,0.696,0.726,0.883,1.244,1.569,2.004,-34.31547625,73.79699147000007,Pull,False,0,716541-68-4
2023,2023-09-17,716541,2,2,607208,"Turner, Trea",R,R,CU,Curveball,14.0,0.05,1.19,3.37,1.68,124.86,191.69,X,single,hit_into_play,Trea Turner singles on a soft ground ball to pitcher Dakota Hudson.,ground_ball,35.4,-57.0,1.0,1.0,STL,PHI,1,Top,R,0,0,0,1,2023,0.696,0.726,0.883,1.244,1.569,2.004,-1.3975757600000058,16.421515180000032,Straightaway,True,1,716541-2-2
2023,2023-09-17,716541,56,1,607208,"Turner, Trea",R,R,FF,4-Seam Fastball,9.0,0.58,1.8,3.37,1.68,117.81,192.87,X,single,hit_into_play,Trea Turner singles on a soft ground ball to pitcher Giovanny Gallegos.   Edmundo Sosa to 2nd.,ground_ball,57.1,-62.0,1.0,1.0,STL,PHI,7,Top,R,3,3,0,0,2023,0.696,0.726,0.883,1.244,1.569,2.004,-18.99205631,13.476623400000015,Pull,False,0,716541-56-1
2023,2023-09-16,716557,39,3,607208,"Turner, Trea",R,R,FF,4-Seam Fastball,11.0,-0.91,2.97,3.4,1.68,168.05,133.38,X,field_out,hit_into_play,Trea Turner pops out to second baseman Juniel Querecuto.,popup,77.3,55.0,3.0,197.0,STL,PHI,5,Top,R,5,5,1,1,2023,0.696,0.726,0.883,1.244,1.569,2.004,106.39045473000003,161.94409119000005,Oppo,True,2,716557-39-3
2023,2023-09-16,716557,19,3,607208,"Turner, Trea",R,R,SL,Slider,5.0,0.2,2.45,3.4,1.68,94.94,82.0,X,field_out,hit_into_play,Trea Turner flies out to left fielder Tyler O'Neill.,fly_ball,82.2,32.0,3.0,300.0,STL,PHI,3,Top,R,2,2,1,1,2023,0.696,0.726,0.883,1.244,1.569,2.004,-76.06805208000002,290.17166717000003,Pull,False,0,716557-19-3
2023,2023-09-16,716557,2,5,607208,"Turner, Trea",R,R,CU,Curveball,5.0,-0.1,2.74,3.4,1.68,45.68,119.36,X,double,hit_into_play,Trea Turner doubles (32) on a ground ball to left fielder Tyler O'Neill.,ground_ball,92.0,-1.0,2.0,40.0,STL,PHI,1,Top,R,0,0,2,2,2023,0.696,0.726,0.883,1.244,1.569,2.004,-199.00480554000004,196.93339861000004,Pull,False,0,716557-2-5
2023,2023-09-16,716557,55,1,607208,"Turner, Trea",R,R,FF,4-Seam Fastball,9.0,0.45,1.8,3.4,1.68,142.13,147.85,X,field_out,hit_into_play,"Trea Turner grounds out sharply, second baseman Juniel Querecuto to first baseman Paul Goldschmidt.",ground_ball,101.5,-11.0,2.0,9.0,STL,PHI,7,Top,R,5,5,0,0,2023,0.696,0.726,0.883,1.244,1.569,2.004,41.70266240999999,125.83173182000004,Oppo,False,2,716557-55-1
2023,2023-09-15,716572,40,4,607208,"Turner, Trea",L,R,CU,Curveball,2.0,0.01,3.14,3.38,1.67,107.27,163.11,X,grounded_into_double_play,hit_into_play,"Trea Turner grounds into a double play, third baseman Nolan Arenado to second baseman Tommy Edman to first baseman Paul Goldschmidt.   Johan Rojas out at 2nd.    Trea Turner out at 1st.",ground_ball,95.5,5.0,4.0,94.0,STL,PHI,5,Top,R,4,4,1,2,2023,0.696,0.726,0.883,1.244,1.569,2.004,-45.29642865000002,87.74779236,Pull,False,0,716572-40-4
2023,2023-09-15,716572,20,6,607208,"Turner, Trea",L,R,FF,4-Seam Fastball,1.0,-0.65,3.41,3.38,1.67,87.96,101.17,X,field_out,hit_into_play,Trea Turner flies out to left fielder Richie Palacios.,fly_ball,98.0,50.0,3.0,262.0,STL,PHI,3,Top,R,4,4,3,2,2023,0.696,0.726,0.883,1.244,1.569,2.004,-93.48783566000003,242.32965410000003,Pull,False,0,716572-20-6
2023,2023-09-15,716572,2,6,607208,"Turner, Trea",L,R,FF,4-Seam Fastball,11.0,-0.13,3.71,3.38,1.67,109.65,64.32,X,single,hit_into_play,Trea Turner singles on a sharp line drive to center fielder Lars Nootbaar.,line_drive,102.8,15.0,4.0,302.0,STL,PHI,1,Top,R,0,0,2,2,2023,0.696,0.726,0.883,1.244,1.569,2.004,-39.356731669999995,334.29513045000004,Straightaway,True,1,716572-2-6
2023,2023-09-13,716603,45,2,607208,"Turner, Trea",R,R,FF,4-Seam Fastball,5.0,0.0,2.38,3.38,1.67,186.07,85.38,X,field_out,hit_into_play,Trea Turner flies out to right fielder Ronald Acuna Jr.,fly_ball,93.1,29.0,3.0,318.0,PHI,ATL,6,Bot,R,1,1,1,0,2023,0.696,0.726,0.883,1.244,1.569,2.004,151.36244614999998,281.73629919000007,Oppo,False,2,716603-45-2
2023,2023-09-13,716603,24,2,607208,"Turner, Trea",R,R,SL,Slider,9.0,0.54,1.84,3.38,1.67,80.12,72.39,X,field_out,hit_into_play,Trea Turner lines out sharply to left fielder Kevin Pillar.,line_drive,106.6,16.0,5.0,333.0,PHI,ATL,3,Bot,R,1,1,0,1,2023,0.696,0.726,0.883,1.244,1.569,2.004,-113.0538963,314.1550654800001,Pull,False,0,716603-24-2
2023,2023-09-13,716603,7,7,607208,"Turner, Trea",R,R,FF,4-Seam Fastball,8.0,-0.13,1.93,3.38,1.67,185.69,90.7,X,field_out,hit_into_play,Trea Turner lines out to right fielder Ronald Acuna Jr.,line_drive,89.2,24.0,3.0,307.0,PHI,ATL,1,Bot,R,0,0,2,2,2023,0.696,0.726,0.883,1.244,1.569,2.004,150.41409117,268.45932947000006,Oppo,False,2,716603-7-7
2023,2023-09-12,716618,28,3,607208,"Turner, Trea",L,R,CH,Changeup,9.0,0.28,1.95,3.34,1.63,93.44,100.59,X,single,hit_into_play,Trea Turner singles on a line drive to left fielder Eddie Rosario.,line_drive,97.8,9.0,4.0,147.0,PHI,ATL,4,Bot,R,1,1,1,1,2023,0.696,0.726,0.883,1.244,1.569,2.004,-79.81155858000001,243.77714328000005,Pull,False,0,716618-28-3
2023,2023-09-12,716618,62,1,607208,"Turner, Trea",R,R,SI,Sinker,6.0,0.76,2.41,3.36,1.65,128.82,85.84,X,single,hit_into_play,"Trea Turner singles on a ground ball to center fielder Michael Harris II, deflected by second baseman Ozzie Albies.   Johan Rojas scores.",ground_ball,92.4,9.0,4.0,138.0,PHI,ATL,7,Bot,R,1,2,0,0,2023,0.696,0.726,0.883,1.244,1.569,2.004,8.485281399999979,280.58829053000005,Straightaway,False,1,716618-62-1
2023,2023-09-12,716618,79,8,607208,"Turner, Trea",R,R,FF,4-Seam Fastball,5.0,0.02,2.23,3.36,1.65,60.0,49.11,X,home_run,hit_into_play,Trea Turner homers (26) on a fly ball to left center field.,fly_ball,99.7,36.0,5.0,404.0,PHI,ATL,9,Bot,R,5,6,3,2,2023,0.696,0.726,0.883,1.244,1.569,2.004,-163.26679682000002,372.2542863600001,Pull,False,0,716618-79-8
2023,2023-09-12,716618,6,3,607208,"Turner, Trea",L,R,SI,Sinker,14.0,0.86,2.29,3.34,1.63,140.88,153.73,X,field_out,hit_into_play,"Trea Turner grounds out, second baseman Ozzie Albies to first baseman Matt Olson.",ground_ball,72.6,-9.0,2.0,13.0,PHI,ATL,1,Bot,R,0,0,2,0,2023,0.696,0.726,0.883,1.244,1.569,2.004,38.58307365999999,111.15718634000007,Oppo,True,2,716618-6-3
2023,2023-09-11,716590,55,3,607208,"Turner, Trea",R,R,CU,Curveball,14.0,1.28,2.4,3.34,1.63,149.36,159.39,X,field_out,hit_into_play,Trea Turner grounds out to first baseman Matt Olson.,ground_ball,60.1,7.0,2.0,64.0,PHI,ATL,6,Bot,R,7,7,0,2,2023,0.696,0.726,0.883,1.244,1.569,2.004,59.746363740000035,97.03168848000007,Oppo,True,2,716590-55-3
2023,2023-09-11,716590,19,3,607208,"Turner, Trea",R,R,KC,Knuckle Curve,7.0,-0.4,1.77,3.34,1.63,105.67,155.49,X,force_out,hit_into_play,"Trea Turner grounds into a force out, shortstop Orlando Arcia to second baseman Nicky Lopez.   Kyle Schwarber out at 2nd.    Trea Turner to 1st.",ground_ball,96.3,-17.0,2.0,6.0,PHI,ATL,2,Bot,R,4,4,0,2,2023,0.696,0.726,0.883,1.244,1.569,2.004,-49.289502250000005,106.76480538000001,Pull,False,0,716590-19-3
2023,2023-09-11,717664,23,1,607208,"Turner, Trea",R,R,FF,4-Seam Fastball,9.0,0.47,2.05,3.33,1.63,193.61,78.06,X,field_out,hit_into_play,Trea Turner flies out to right fielder Ronald Acuna Jr.,fly_ball,98.3,36.0,5.0,342.0,PHI,ATL,3,Bot,R,0,0,0,0,2023,0.696,0.726,0.883,1.244,1.569,2.004,170.17980549000004,300.00461091000005,Oppo,False,2,717664-23-1
2023,2023-09-11,717664,79,3,607208,"Turner, Trea",R,R,SI,Sinker,4.0,-0.41,2.26,3.33,1.63,154.61,149.15,X,field_error,hit_into_play,Trea Turner reaches on a throwing error by second baseman Ozzie Albies.,ground_ball,101.1,-29.0,2.0,4.0,PHI,ATL,9,Bot,R,6,6,1,1,2023,0.696,0.726,0.883,1.244,1.569,2.004,72.84863649000003,122.58735952000002,Oppo,False,2,717664-79-3
2023,2023-09-11,716590,7,5,607208,"Turner, Trea",R,R,SI,Sinker,8.0,0.05,1.81,3.34,1.63,110.75,89.84,X,single,hit_into_play,Trea Turner singles on a ground ball to center fielder Michael Harris II.   Kyle Schwarber to 2nd.,ground_ball,109.4,2.0,4.0,72.0,PHI,ATL,1,Bot,R,0,0,2,2,2023,0.696,0.726,0.883,1.244,1.569,2.004,-36.61149357000001,270.60560653000005,Straightaway,False,1,716590-7-5
2023,2023-09-11,717664,63,1,607208,"Turner, Trea",L,R,FF,4-Seam Fastball,2.0,0.04,3.15,3.33,1.63,60.63,40.4,X,home_run,hit_into_play,Trea Turner homers (25) on a fly ball to left center field.   Kyle Schwarber scores.,fly_ball,106.1,31.0,6.0,423.0,PHI,ATL,7,Bot,R,4,6,0,0,2023,0.696,0.726,0.883,1.244,1.569,2.004,-161.69452409,393.99158077000004,Pull,False,0,717664-63-1
2023,2023-09-11,716590,37,3,607208,"Turner, Trea",R,R,FC,Cutter,9.0,0.58,1.92,3.34,1.63,85.8,80.92,X,double,hit_into_play,"Phillies challenged (tag play), call on the field was overturned: Trea Turner doubles (31) on a line drive to center fielder Michael Harris II.   Jake Cave scores.",line_drive,87.1,18.0,4.0,261.0,PHI,ATL,4,Bot,R,5,6,1,1,2023,0.696,0.726,0.883,1.244,1.569,2.004,-98.87848502000001,292.86699185000003,Pull,False,0,716590-37-3
2023,2023-09-10,716643,21,5,607208,"Turner, Trea",R,R,FF,4-Seam Fastball,1.0,-0.31,3.3,3.32,1.63,155.29,87.83,X,field_out,hit_into_play,Trea Turner flies out to center fielder Jazz Chisholm Jr.,fly_ball,96.5,47.0,3.0,287.0,PHI,MIA,3,Bot,R,3,3,2,2,2023,0.696,0.726,0.883,1.244,1.569,2.004,74.54569276999999,275.62190524000005,Oppo,False,2,716643-21-5
2023,2023-09-10,716643,57,5,607208,"Turner, Trea",R,R,FC,Cutter,12.0,1.1,2.57,3.32,1.63,158.38,141.52,X,single,hit_into_play,Trea Turner singles on a ground ball to second baseman Jon Berti.   Kyle Schwarber to 2nd.,ground_ball,76.5,-5.0,2.0,22.0,PHI,MIA,7,Bot,R,3,3,2,2,2023,0.696,0.726,0.883,1.244,1.569,2.004,82.25731615999999,141.62932925,Oppo,True,2,716643-57-5
2023,2023-09-10,716643,37,1,607208,"Turner, Trea",L,R,ST,Sweeper,5.0,-0.14,2.74,3.32,1.63,160.34,179.48,X,field_out,hit_into_play,Trea Turner pops out to first baseman Yuli Gurriel in foul territory.,popup,80.7,74.0,3.0,101.0,PHI,MIA,5,Bot,R,3,3,0,0,2023,0.696,0.726,0.883,1.244,1.569,2.004,87.14883132000001,46.89365809000005,Oppo,False,2,716643-37-1
2023,2023-09-10,716643,6,1,607208,"Turner, Trea",L,R,FF,4-Seam Fastball,5.0,0.14,2.66,3.32,1.63,156.92,31.07,X,home_run,hit_into_play,Trea Turner homers (24) on a fly ball to center field.   Kyle Schwarber scores.,fly_ball,106.7,30.0,6.0,422.0,PHI,MIA,1,Bot,R,0,2,0,0,2023,0.696,0.726,0.883,1.244,1.569,2.004,78.61363649999997,417.2761912000001,Straightaway,False,1,716643-6-1
2023,2023-09-09,716653,55,2,607208,"Turner, Trea",L,R,SI,Sinker,8.0,0.18,2.08,3.32,1.63,143.87,85.41,X,field_out,hit_into_play,Trea Turner lines out sharply to center fielder Jazz Chisholm Jr.,line_drive,106.8,12.0,5.0,287.0,PHI,MIA,6,Bot,R,8,8,0,1,2023,0.696,0.726,0.883,1.244,1.569,2.004,46.04512995000001,281.66142906000005,Straightaway,False,1,716653-55-2
2023,2023-09-09,716653,6,3,607208,"Turner, Trea",R,R,SI,Sinker,11.0,-1.08,2.7,3.32,1.63,113.29,160.07,X,grounded_into_double_play,hit_into_play,"Trea Turner grounds into a double play, shortstop Garrett Hampson to second baseman Xavier Edwards to first baseman Luis Arraez.   Kyle Schwarber out at 2nd.    Trea Turner out at 1st.",ground_ball,70.1,1.0,2.0,40.0,PHI,MIA,1,Bot,R,0,0,0,2,2023,0.696,0.726,0.883,1.244,1.569,2.004,-30.27248922999999,95.33463220000004,Pull,True,0,716653-6-3
2023,2023-09-08,716679,40,1,607208,"Turner, Trea",R,R,SL,Slider,2.0,0.25,2.84,3.32,1.63,67.96,101.08,X,single,hit_into_play,Trea Turner singles on a sharp line drive to left fielder Bryan De La Cruz.,line_drive,107.2,9.0,4.0,155.0,PHI,MIA,5,Bot,R,2,2,0,0,2023,0.696,0.726,0.883,1.244,1.569,2.004,-143.40125566000003,242.55426449000004,Pull,False,0,716679-40-1
2023,2023-09-08,716679,7,3,607208,"Turner, Trea",R,R,SL,Slider,5.0,-0.07,2.78,3.32,1.63,29.51,86.3,X,home_run,hit_into_play,Trea Turner homers (23) on a fly ball to left field.,fly_ball,97.4,34.0,5.0,365.0,PHI,MIA,1,Bot,R,0,1,0,2,2023,0.696,0.726,0.883,1.244,1.569,2.004,-239.35980561000002,279.44028187000004,Pull,False,0,716679-7-3
2023,2023-09-04,716720,49,4,607208,"Turner, Trea",R,R,SL,Slider,3.0,0.39,3.0,3.3,1.64,120.89,45.92,X,field_out,hit_into_play,Trea Turner flies out sharply to center fielder Trent Grisham.,fly_ball,102.3,23.0,6.0,378.0,SD,PHI,5,Top,R,9,9,1,2,2023,0.696,0.726,0.883,1.244,1.569,2.004,-11.305389630000004,380.2154768500001,Straightaway,False,1,716720-49-4
2023,2023-09-04,716720,16,3,607208,"Turner, Trea",L,R,FF,4-Seam Fastball,5.0,-0.22,2.37,3.3,1.64,3.47,89.0,X,home_run,hit_into_play,Trea Turner homers (22) on a fly ball to left field.   Kyle Schwarber scores.,fly_ball,110.5,24.0,6.0,403.0,SD,PHI,2,Top,R,4,6,1,1,2023,0.696,0.726,0.883,1.244,1.569,2.004,-304.34707845,272.70197017000004,Pull,False,0,716720-16-3
2023,2023-09-04,716720,2,6,607208,"Turner, Trea",L,R,SL,Slider,2.0,-0.02,3.21,3.3,1.64,66.08,114.5,X,single,hit_into_play,Trea Turner singles on a sharp line drive to left fielder Juan Soto.   Kyle Schwarber to 2nd.,line_drive,102.9,17.0,5.0,257.0,SD,PHI,1,Top,R,0,0,2,2,2023,0.696,0.726,0.883,1.244,1.569,2.004,-148.09311714000003,209.06235967000003,Pull,False,0,716720-2-6
2023,2023-09-04,716720,88,6,607208,"Turner, Trea",L,R,SI,Sinker,9.0,0.31,1.88,3.3,1.64,165.7,82.13,X,field_out,hit_into_play,Trea Turner flies out to center fielder Trent Grisham.,fly_ball,94.1,31.0,3.0,355.0,SD,PHI,9,Top,R,9,9,2,2,2023,0.696,0.726,0.883,1.244,1.569,2.004,100.52562787999997,289.84722994000003,Oppo,False,2,716720-88-6
2023,2023-09-04,716720,68,2,607208,"Turner, Trea",L,R,SI,Sinker,3.0,0.78,2.81,3.3,1.64,185.19,76.36,X,field_out,hit_into_play,Trea Turner flies out to right fielder Fernando Tatis Jr.,fly_ball,94.7,24.0,5.0,337.0,SD,PHI,7,Top,R,9,9,1,0,2023,0.696,0.726,0.883,1.244,1.569,2.004,149.16625567,304.24725161000003,Oppo,False,2,716720-68-2
2023,2023-09-03,716736,42,3,607208,"Turner, Trea",L,R,CH,Changeup,8.0,-0.14,1.98,3.3,1.64,97.96,162.6,X,single,hit_into_play,"Trea Turner singles on a ground ball to shortstop Willy Adames, deflected by third baseman Andruw Monasterio.   Kyle Schwarber to 2nd.",ground_ball,106.8,4.0,4.0,87.0,MIL,PHI,6,Top,R,0,0,1,1,2023,0.696,0.726,0.883,1.244,1.569,2.004,-68.53112566000003,89.02058457000005,Pull,False,0,716736-42-3
2023,2023-09-03,716736,55,4,607208,"Turner, Trea",R,R,SI,Sinker,9.0,0.46,1.72,3.3,1.64,107.91,109.03,X,single,hit_into_play,Trea Turner singles on a ground ball to center fielder Joey Wiemer.   Edmundo Sosa scores.    Kyle Schwarber to 2nd.,ground_ball,88.1,9.0,4.0,133.0,MIL,PHI,7,Top,R,3,4,2,1,2023,0.696,0.726,0.883,1.244,1.569,2.004,-43.69919921000002,222.71368004000004,Straightaway,False,1,716736-55-4
2023,2023-09-03,716736,73,1,607208,"Turner, Trea",R,R,CU,Curveball,9.0,0.35,2.13,3.3,1.64,72.76,125.17,X,field_out,hit_into_play,Trea Turner flies out to left fielder Mark Canha.,fly_ball,77.5,49.0,3.0,227.0,MIL,PHI,9,Top,R,4,4,0,0,2023,0.696,0.726,0.883,1.244,1.569,2.004,-131.42203486,182.43355010000005,Pull,False,0,716736-73-1
2023,2023-09-03,716736,2,4,607208,"Turner, Trea",L,R,FF,4-Seam Fastball,4.0,-0.41,2.24,3.3,1.64,122.84,70.78,X,field_out,hit_into_play,Trea Turner flies out to center fielder Joey Wiemer.,fly_ball,95.8,47.0,3.0,318.0,MIL,PHI,1,Top,R,0,0,1,2,2023,0.696,0.726,0.883,1.244,1.569,2.004,-6.438831179999997,318.17309579000005,Straightaway,False,1,716736-2-4
2023,2023-09-02,716745,63,5,607208,"Turner, Trea",L,R,CH,Changeup,9.0,0.6,1.64,3.3,1.64,119.82,190.31,X,force_out,hit_into_play,"Trea Turner grounds into a force out, shortstop Willy Adames to second baseman Brice Turang.   Kyle Schwarber out at 2nd.    Trea Turner to 1st.",ground_ball,79.5,1.0,2.0,36.0,MIL,PHI,8,Top,R,3,3,2,2,2023,0.696,0.726,0.883,1.244,1.569,2.004,-13.975757600000023,19.86554116000002,Pull,False,0,716745-63-5
2023,2023-09-02,716745,2,1,607208,"Turner, Trea",R,R,SI,Sinker,9.0,0.56,1.94,3.3,1.64,126.8,75.86,X,single,hit_into_play,Trea Turner singles on a sharp line drive to center fielder Sal Frelick.,line_drive,105.8,11.0,4.0,227.0,MIL,PHI,1,Top,R,1,1,0,0,2023,0.696,0.726,0.883,1.244,1.569,2.004,3.444025979999989,305.49508711000004,Straightaway,False,1,716745-2-1
2023,2023-09-02,716745,47,1,607208,"Turner, Trea",R,R,FF,4-Seam Fastball,4.0,-0.39,2.71,3.3,1.64,216.85,79.18,X,home_run,hit_into_play,Trea Turner homers (21) on a fly ball to right field.,fly_ball,98.8,28.0,6.0,371.0,MIL,PHI,6,Top,R,2,3,0,0,2023,0.696,0.726,0.883,1.244,1.569,2.004,228.17919953,297.20945939,Oppo,False,2,716745-47-1
2023,2023-09-01,716765,2,3,607208,"Turner, Trea",R,R,FF,4-Seam Fastball,4.0,-0.33,2.64,3.3,1.64,112.92,69.49,X,field_out,hit_into_play,Trea Turner flies out to center fielder Sal Frelick.,fly_ball,98.4,44.0,3.0,323.0,MIL,PHI,1,Top,R,1,1,1,1,2023,0.696,0.726,0.883,1.244,1.569,2.004,-31.1958875,321.3925113800001,Straightaway,False,1,716765-2-3
2023,2023-09-01,716765,55,3,607208,"Turner, Trea",R,R,CH,Changeup,4.0,-0.41,2.41,3.3,1.64,19.62,97.17,X,home_run,hit_into_play,Trea Turner homers (20) on a fly ball to left field.   J.T. Realmuto scores.    Brandon Marsh scores.,fly_ball,98.6,30.0,6.0,362.0,MIL,PHI,8,Top,R,2,5,1,1,2023,0.696,0.726,0.883,1.244,1.569,2.004,-264.0419918,252.31233810000003,Pull,False,0,716765-55-3
2023,2023-08-30,716787,20,2,607208,"Turner, Trea",L,R,FF,4-Seam Fastball,3.0,0.34,3.21,3.3,1.65,144.91,63.37,X,field_out,hit_into_play,Trea Turner flies out to center fielder Luis Rengifo.,fly_ball,98.1,42.0,3.0,339.0,PHI,LAA,2,Bot,R,2,2,0,1,2023,0.696,0.726,0.883,1.244,1.569,2.004,48.64062778999999,336.66601790000004,Straightaway,False,1,716787-20-2
2023,2023-08-30,716787,42,2,607208,"Turner, Trea",R,R,FF,4-Seam Fastball,5.0,0.14,2.62,3.3,1.65,178.05,62.37,X,double,hit_into_play,Trea Turner doubles (30) on a sharp line drive to center fielder Luis Rengifo.,line_drive,105.5,21.0,6.0,361.0,PHI,LAA,5,Bot,R,2,2,0,1,2023,0.696,0.726,0.883,1.244,1.569,2.004,131.34716473000003,339.16168890000006,Oppo,False,2,716787-42-2
2023,2023-08-30,716787,54,2,607208,"Turner, Trea",R,R,FF,4-Seam Fastball,1.0,-0.47,3.08,3.3,1.65,70.02,40.03,X,home_run,hit_into_play,Trea Turner homers (19) on a fly ball to left center field.   Brandon Marsh scores.    Garrett Stubbs scores.,fly_ball,105.4,28.0,6.0,416.0,PHI,LAA,6,Bot,R,3,6,0,1,2023,0.696,0.726,0.883,1.244,1.569,2.004,-138.2601734,394.91497904000005,Pull,False,0,716787-54-2
2023,2023-08-29,716806,24,2,607208,"Turner, Trea",L,R,CH,Changeup,9.0,0.3,2.03,3.3,1.65,122.4,72.82,X,field_out,hit_into_play,Trea Turner flies out to center fielder Mickey Moniak.,fly_ball,95.3,44.0,3.0,313.0,PHI,LAA,3,Bot,R,2,2,1,0,2023,0.696,0.726,0.883,1.244,1.569,2.004,-7.536926419999991,313.0819269500001,Straightaway,False,1,716806-24-2
2023,2023-08-29,716806,72,3,607208,"Turner, Trea",R,R,SL,Slider,5.0,0.15,2.36,3.3,1.65,91.63,39.62,X,home_run,hit_into_play,Trea Turner homers (18) on a fly ball to center field.,fly_ball,103.5,32.0,6.0,403.0,PHI,LAA,8,Bot,R,11,12,0,2,2023,0.696,0.726,0.883,1.244,1.569,2.004,-84.32872309000003,395.93820415000005,Pull,False,0,716806-72-3
2023,2023-08-29,716806,56,7,607208,"Turner, Trea",R,R,SI,Sinker,4.0,-0.65,2.2,3.3,1.65,34.56,106.4,X,triple,hit_into_play,Trea Turner triples (5) on a ground ball to left fielder Randal Grichuk.   Bryson Stott scores.    Johan Rojas scores.,ground_ball,94.8,-24.0,2.0,5.0,PHI,LAA,6,Bot,R,6,8,3,2,2023,0.696,0.726,0.883,1.244,1.569,2.004,-226.75666706,229.27729477000003,Pull,False,0,716806-56-7
2023,2023-08-29,716806,6,5,607208,"Turner, Trea",L,R,FF,4-Seam Fastball,4.0,-0.74,2.47,3.3,1.65,99.94,94.24,X,field_out,hit_into_play,Trea Turner flies out to left fielder Randal Grichuk.,fly_ball,76.9,38.0,3.0,270.0,PHI,LAA,1,Bot,R,0,0,2,2,2023,0.696,0.726,0.883,1.244,1.569,2.004,-63.589697080000015,259.62465413000007,Pull,False,0,716806-6-5
2023,2023-08-28,716817,46,3,607208,"Turner, Trea",R,R,SL,Slider,8.0,-0.07,2.09,3.31,1.66,51.98,55.49,X,home_run,hit_into_play,Trea Turner homers (17) on a fly ball to left center field.   Jake Cave scores.,fly_ball,102.6,29.0,6.0,398.0,PHI,LAA,5,Bot,R,3,5,0,2,2023,0.696,0.726,0.883,1.244,1.569,2.004,-183.28207824,356.33190538,Pull,False,0,716817-46-3
2023,2023-08-28,716817,9,3,607208,"Turner, Trea",R,R,CH,Changeup,7.0,-0.53,1.81,3.31,1.66,50.82,67.67,X,home_run,hit_into_play,Trea Turner homers (16) on a fly ball to left center field.,fly_ball,104.4,37.0,6.0,374.0,PHI,LAA,1,Bot,R,0,1,1,1,2023,0.696,0.726,0.883,1.244,1.569,2.004,-186.17705660000001,325.9346326000001,Pull,False,0,716817-9-3
2023,2023-08-28,716817,64,6,607208,"Turner, Trea",R,R,FF,4-Seam Fastball,12.0,0.59,3.5,3.31,1.66,214.73,117.51,X,field_out,hit_into_play,Trea Turner flies out to right fielder Hunter Renfroe in foul territory.,fly_ball,91.2,37.0,3.0,296.0,PHI,LAA,7,Bot,R,5,5,2,2,2023,0.696,0.726,0.883,1.244,1.569,2.004,222.88837701,201.55038996000002,Oppo,True,2,716817-64-6
2023,2023-08-27,716835,37,6,607208,"Turner, Trea",L,R,ST,Sweeper,7.0,-0.58,2.17,3.31,1.66,81.53,84.6,X,sac_fly,hit_into_play,Trea Turner out on a sacrifice fly to left fielder Alec Burleson.   Johan Rojas scores.,fly_ball,92.5,42.0,3.0,304.0,PHI,STL,5,Bot,R,1,2,3,2,2023,0.696,0.726,0.883,1.244,1.569,2.004,-109.53500019,283.6829225700001,Pull,False,0,716835-37-6
2023,2023-08-27,716835,18,1,607208,"Turner, Trea",L,R,FS,Split-Finger,8.0,-0.11,1.95,3.31,1.66,128.32,179.06,X,field_out,hit_into_play,"Trea Turner grounds out softly, pitcher Drew Rom to first baseman Paul Goldschmidt.",ground_ball,58.5,-30.0,1.0,4.0,PHI,STL,2,Bot,R,1,1,0,0,2023,0.696,0.726,0.883,1.244,1.569,2.004,7.23744589999998,47.94183991000002,Straightaway,False,1,716835-18-1
2023,2023-08-27,716835,52,4,607208,"Turner, Trea",L,R,SI,Sinker,14.0,0.95,2.2,3.31,1.66,130.57,147.62,X,force_out,hit_into_play,"Phillies challenged (force play), call on the field was upheld: Trea Turner grounds into a force out, fielded by second baseman Nolan Gorman.   Johan Rojas out at 2nd.    Trea Turner to 1st.",ground_ball,92.7,-30.0,2.0,4.0,PHI,STL,7,Bot,R,2,2,1,2,2023,0.696,0.726,0.883,1.244,1.569,2.004,12.85270564999998,126.40573615000002,Straightaway,True,1,716835-52-4
2023,2023-08-27,716835,6,5,607208,"Turner, Trea",L,R,FF,4-Seam Fastball,8.0,0.16,2.14,3.31,1.66,163.91,71.72,X,single,hit_into_play,"Trea Turner singles on a sharp line drive to center fielder Richie Palacios.   Trea Turner to 2nd.  Trea Turner advances to 2nd, on a fielding error by center fielder Richie Palacios.",line_drive,103.2,9.0,4.0,218.0,PHI,STL,1,Bot,R,1,1,2,2,2023,0.696,0.726,0.883,1.244,1.569,2.004,96.05837679,315.8271650500001,Oppo,False,2,716835-6-5
2023,2023-08-26,716847,37,3,607208,"Turner, Trea",R,R,CH,Changeup,8.0,-0.22,1.77,3.31,1.66,38.62,114.27,X,double,hit_into_play,Trea Turner doubles (29) on a ground ball to left fielder Tyler O'Neill.,ground_ball,93.2,-16.0,2.0,7.0,PHI,STL,5,Bot,R,3,3,1,1,2023,0.696,0.726,0.883,1.244,1.569,2.004,-216.62424280000005,209.63636400000004,Pull,False,0,716847-37-3
2023,2023-08-26,716847,22,3,607208,"Turner, Trea",R,R,FF,4-Seam Fastball,14.0,0.16,1.36,3.31,1.66,109.23,149.39,X,grounded_into_double_play,hit_into_play,"Trea Turner grounds into a double play, shortstop Masyn Winn to second baseman Tommy Edman to first baseman Paul Goldschmidt.   Brandon Marsh scores.    Jake Cave to 3rd.    Kyle Schwarber out at 2nd.    Trea Turner out at 1st.",ground_ball,100.0,1.0,4.0,121.0,PHI,STL,3,Bot,R,0,1,1,1,2023,0.696,0.726,0.883,1.244,1.569,2.004,-40.40491349,121.98839848000007,Pull,True,0,716847-22-3
2023,2023-08-26,716847,52,4,607208,"Turner, Trea",R,R,SL,Slider,4.0,-0.75,2.51,3.31,1.66,107.08,102.17,X,single,hit_into_play,Trea Turner singles on a line drive to left fielder Tyler O'Neill.   Kyle Schwarber scores.,line_drive,67.5,25.0,4.0,205.0,PHI,STL,7,Bot,R,5,6,2,1,2023,0.696,0.726,0.883,1.244,1.569,2.004,-45.77060614000001,239.83398310000004,Straightaway,False,1,716847-52-4
2023,2023-08-26,716847,5,6,607208,"Turner, Trea",R,R,FF,4-Seam Fastball,5.0,-0.11,2.58,3.31,1.66,193.14,143.53,X,field_out,hit_into_play,Trea Turner flies out to right fielder Alec Burleson in foul territory.,fly_ball,88.0,54.0,3.0,216.0,PHI,STL,1,Bot,R,0,0,2,2,2023,0.696,0.726,0.883,1.244,1.569,2.004,169.00684011999996,136.61303054000004,Oppo,False,2,716847-5-6
2023,2023-08-25,716861,40,2,607208,"Turner, Trea",R,R,SI,Sinker,7.0,-0.76,1.87,3.33,1.67,111.3,172.56,X,field_error,hit_into_play,Trea Turner reaches on a fielding error by third baseman Nolan Arenado.,ground_ball,85.9,-33.0,2.0,3.0,PHI,STL,5,Bot,R,4,4,1,0,2023,0.696,0.726,0.883,1.244,1.569,2.004,-35.23887452000002,64.16370141000003,Pull,False,0,716861-40-2
2023,2023-08-25,716861,8,7,607208,"Turner, Trea",R,R,FF,4-Seam Fastball,6.0,0.42,2.24,3.33,1.67,190.09,79.72,X,double,hit_into_play,Trea Turner doubles (28) on a line drive to right fielder Jordan Walker.,line_drive,99.8,21.0,5.0,335.0,PHI,STL,1,Bot,R,0,0,3,2,2023,0.696,0.726,0.883,1.244,1.569,2.004,161.39504357,295.86179705000006,Oppo,False,2,716861-8-7
2023,2023-08-25,716861,55,1,607208,"Turner, Trea",L,R,FF,4-Seam Fastball,2.0,0.05,2.85,3.33,1.67,163.67,68.59,X,field_out,hit_into_play,Trea Turner flies out to center fielder Tommy Edman.,fly_ball,98.5,44.0,3.0,336.0,PHI,STL,7,Bot,R,6,6,0,0,2023,0.696,0.726,0.883,1.244,1.569,2.004,95.45941574999998,323.63861528000007,Oppo,False,2,716861-55-1
2023,2023-08-23,716879,48,1,607208,"Turner, Trea",R,R,KC,Knuckle Curve,8.0,0.14,1.79,3.33,1.67,59.17,43.56,X,home_run,hit_into_play,Trea Turner homers (15) on a fly ball to left center field.,fly_ball,107.1,26.0,6.0,417.0,PHI,SF,6,Bot,R,1,2,0,0,2023,0.696,0.726,0.883,1.244,1.569,2.004,-165.33820375000002,386.10526041,Pull,False,0,716879-48-1
2023,2023-08-23,716879,30,3,607208,"Turner, Trea",R,R,FS,Split-Finger,1.0,-0.72,3.26,3.33,1.67,89.06,160.47,X,field_out,hit_into_play,"Trea Turner grounds out, third baseman J.  D. Davis to first baseman Wilmer Flores.",ground_ball,76.8,-8.0,2.0,19.0,PHI,SF,4,Bot,R,0,0,1,1,2023,0.696,0.726,0.883,1.244,1.569,2.004,-90.74259756000001,94.33636380000003,Pull,False,0,716879-30-3
2023,2023-08-23,716879,94,5,607208,"Turner, Trea",R,R,SL,Slider,8.0,-0.12,1.85,3.33,1.67,69.88,119.94,X,field_out,hit_into_play,Trea Turner flies out to left fielder Wade Meckler.,fly_ball,91.9,55.0,3.0,241.0,PHI,SF,10,Bot,R,6,6,2,2,2023,0.696,0.726,0.883,1.244,1.569,2.004,-138.60956734,195.48590943000005,Pull,False,0,716879-94-5
2023,2023-08-23,716879,62,1,607208,"Turner, Trea",R,R,SI,Sinker,9.0,0.5,1.78,3.33,1.67,130.03,75.8,X,field_out,hit_into_play,Trea Turner flies out to center fielder Austin Slater.,fly_ball,93.7,41.0,3.0,306.0,PHI,SF,7,Bot,R,2,2,0,0,2023,0.696,0.726,0.883,1.244,1.569,2.004,11.50504331,305.64482737000003,Straightaway,False,1,716879-62-1
2023,2023-08-22,716899,21,5,607208,"Turner, Trea",L,R,FF,4-Seam Fastball,3.0,0.79,3.19,3.29,1.65,114.78,80.56,X,field_out,hit_into_play,Trea Turner lines out to center fielder Wade Meckler.,line_drive,91.3,19.0,4.0,297.0,PHI,SF,2,Bot,R,2,2,2,2,2023,0.696,0.726,0.883,1.244,1.569,2.004,-26.553939440000004,293.76543341000007,Straightaway,False,1,716899-21-5
2023,2023-08-22,716899,44,6,607208,"Turner, Trea",R,R,SL,Slider,9.0,0.78,1.66,3.29,1.65,158.1,107.14,X,field_out,hit_into_play,Trea Turner flies out to right fielder Michael Conforto.,fly_ball,80.8,43.0,3.0,244.0,PHI,SF,5,Bot,R,2,2,3,2,2023,0.696,0.726,0.883,1.244,1.569,2.004,81.55852827999999,227.43049823000004,Oppo,False,2,716899-44-6
2023,2023-08-22,716899,78,6,607208,"Turner, Trea",R,R,SI,Sinker,5.0,0.04,2.68,3.29,1.65,147.98,102.56,X,single,hit_into_play,"Trea Turner singles on a line drive to right fielder Luis Matos, deflected by pitcher Camilo Doval.   Bryson Stott scores.    Brandon Marsh scores.    Kyle Schwarber to 2nd.",line_drive,104.0,6.0,4.0,138.0,PHI,SF,9,Bot,R,2,4,2,2,2023,0.696,0.726,0.883,1.244,1.569,2.004,56.30233775999997,238.86067141000004,Oppo,False,2,716899-78-6
2023,2023-08-21,716911,20,7,607208,"Turner, Trea",L,R,FF,4-Seam Fastball,2.0,-0.01,3.29,3.26,1.64,104.41,162.89,X,grounded_into_double_play,hit_into_play,"Trea Turner grounds into a double play, third baseman Wilmer Flores to second baseman Casey Schmitt to first baseman LaMonte Wade Jr.  Kyle Schwarber out at 2nd.    Trea Turner out at 1st.",ground_ball,90.7,-1.0,2.0,45.0,PHI,SF,2,Bot,R,3,3,2,2,2023,0.696,0.726,0.883,1.244,1.569,2.004,-52.434047710000016,88.29683998000007,Pull,False,0,716911-20-7
2023,2023-08-21,716911,51,1,607208,"Turner, Trea",R,R,KC,Knuckle Curve,9.0,0.82,1.98,3.26,1.64,105.6,158.62,X,single,hit_into_play,Trea Turner singles on a ground ball to shortstop Johan Camargo.,ground_ball,71.5,-5.0,2.0,17.0,PHI,SF,6,Bot,R,6,6,0,0,2023,0.696,0.726,0.883,1.244,1.569,2.004,-49.46419922000002,98.95335515000002,Pull,False,0,716911-51-1
2023,2023-08-21,716911,39,5,607208,"Turner, Trea",R,R,SI,Sinker,6.0,0.34,2.62,3.26,1.64,161.81,103.85,X,single,hit_into_play,Trea Turner singles on a ground ball to right fielder Michael Conforto.,ground_ball,101.1,-3.0,2.0,32.0,PHI,SF,5,Bot,R,4,4,2,2,2023,0.696,0.726,0.883,1.244,1.569,2.004,90.81746769000002,235.64125582000005,Oppo,False,2,716911-39-5
2023,2023-08-21,716911,8,2,607208,"Turner, Trea",L,R,SI,Sinker,6.0,0.67,2.29,3.26,1.64,98.63,79.81,X,single,hit_into_play,"Trea Turner singles on a line drive to left fielder Blake Sabol, deflected by center fielder Wade Meckler.   Trea Turner to 2nd.  Trea Turner advances to 2nd, on a fielding error by center fielder Wade Meckler.",line_drive,94.4,10.0,4.0,163.0,PHI,SF,1,Bot,R,0,0,1,0,2023,0.696,0.726,0.883,1.244,1.569,2.004,-66.85902609000001,295.63718666000005,Pull,False,0,716911-8-2
2023,2023-08-20,716929,42,4,607208,"Turner, Trea",R,R,FF,4-Seam Fastball,5.0,-0.15,2.69,3.25,1.62,143.9,65.9,X,field_out,hit_into_play,Trea Turner flies out to center fielder Lane Thomas.,fly_ball,92.2,46.0,3.0,,WSH,PHI,6,Top,R,0,0,2,1,2023,0.696,0.726,0.883,1.244,1.569,2.004,46.12000008000001,330.35197027000004,Straightaway,False,1,716929-42-4
2023,2023-08-20,716929,22,3,607208,"Turner, Trea",R,R,SI,Sinker,4.0,-0.28,2.19,3.25,1.62,94.73,93.79,X,single,hit_into_play,Trea Turner singles on a line drive to left fielder Blake Rutherford.,line_drive,105.1,10.0,4.0,,WSH,PHI,3,Top,R,0,0,1,1,2023,0.696,0.726,0.883,1.244,1.569,2.004,-76.59214299,260.74770608000006,Pull,False,0,716929-22-3
2023,2023-08-20,716929,57,1,607208,"Turner, Trea",R,R,SL,Slider,8.0,-0.17,2.01,3.25,1.62,110.45,159.18,X,force_out,hit_into_play,"Trea Turner grounds into a force out, third baseman Ildemaro Vargas to second baseman Jake Alu.   Garrett Stubbs out at 2nd.    Trea Turner to 1st.",ground_ball,106.3,6.0,4.0,,WSH,PHI,8,Top,R,0,0,0,0,2023,0.696,0.726,0.883,1.244,1.569,2.004,-37.36019487,97.55577939000001,Pull,False,0,716929-57-1
2023,2023-08-19,716941,71,3,607208,"Turner, Trea",R,R,KC,Knuckle Curve,13.0,-0.79,1.42,3.23,1.6,28.46,74.45,X,home_run,hit_into_play,Trea Turner homers (14) on a fly ball to left field.,fly_ball,101.5,23.0,6.0,389.0,WSH,PHI,8,Top,R,10,11,1,1,2023,0.696,0.726,0.883,1.244,1.569,2.004,-241.98026016000003,309.01398322000006,Pull,True,0,716941-71-3
2023,2023-08-19,716941,10,4,607208,"Turner, Trea",R,R,CU,Curveball,12.0,0.99,2.66,3.23,1.6,103.68,155.35,X,field_out,hit_into_play,"Trea Turner grounds out, shortstop CJ Abrams to first baseman Dominic Smith.",ground_ball,76.2,-9.0,2.0,17.0,WSH,PHI,2,Top,R,0,0,2,1,2023,0.696,0.726,0.883,1.244,1.569,2.004,-54.25588753999999,107.11419932000005,Pull,True,0,716941-10-4
2023,2023-08-19,716941,62,3,607208,"Turner, Trea",R,R,FF,4-Seam Fastball,4.0,-0.55,2.59,3.23,1.6,22.89,76.19,X,home_run,hit_into_play,Trea Turner homers (13) on a fly ball to left field.,fly_ball,107.3,23.0,6.0,394.0,WSH,PHI,8,Top,R,3,4,2,0,2023,0.696,0.726,0.883,1.244,1.569,2.004,-255.88114763000002,304.67151568,Pull,False,0,716941-62-3
2023,2023-08-18,716960,10,4,607208,"Turner, Trea",R,R,FF,4-Seam Fastball,11.0,-0.04,3.36,3.23,1.6,136.46,39.52,X,field_out,hit_into_play,Trea Turner flies out sharply to center fielder Lane Thomas.,fly_ball,100.4,27.0,6.0,394.0,WSH,PHI,2,Top,R,0,0,1,2,2023,0.696,0.726,0.883,1.244,1.569,2.004,27.55220784000002,396.18777125,Straightaway,True,1,716960-10-4
2023,2023-08-16,716967,43,2,607208,"Turner, Trea",R,R,FF,4-Seam Fastball,4.0,-0.73,2.64,3.23,1.6,84.18,56.93,X,field_out,hit_into_play,Trea Turner flies out to left fielder Whit Merrifield.,fly_ball,96.5,35.0,3.0,379.0,TOR,PHI,5,Top,R,5,5,0,1,2023,0.696,0.726,0.883,1.244,1.569,2.004,-102.92147204,352.73813914000004,Pull,False,0,716967-43-2
2023,2023-08-16,716967,30,2,607208,"Turner, Trea",R,R,SL,Slider,5.0,0.15,2.19,3.23,1.6,72.39,114.95,X,single,hit_into_play,Trea Turner singles on a sharp ground ball to left fielder Whit Merrifield.,ground_ball,105.8,4.0,4.0,96.0,TOR,PHI,4,Top,R,2,2,0,1,2023,0.696,0.726,0.883,1.244,1.569,2.004,-132.34543313,207.93930772000004,Pull,False,0,716967-30-2
2023,2023-08-16,716967,59,7,607208,"Turner, Trea",R,R,FF,4-Seam Fastball,6.0,0.51,2.25,3.23,1.6,130.24,146.02,X,field_out,hit_into_play,"Trea Turner grounds out, second baseman Cavan Biggio to first baseman Vladimir Guerrero Jr.",ground_ball,95.6,-9.0,2.0,14.0,TOR,PHI,7,Top,R,7,7,3,2,2023,0.696,0.726,0.883,1.244,1.569,2.004,12.029134220000019,130.39880975,Straightaway,False,1,716967-59-7
2023,2023-08-16,716967,74,5,607208,"Turner, Trea",R,R,CU,Curveball,4.0,-0.43,2.3,3.23,1.6,109.03,156.92,X,field_out,hit_into_play,"Trea Turner grounds out, shortstop Paul DeJong to first baseman Vladimir Guerrero Jr.",ground_ball,90.7,-11.0,2.0,11.0,TOR,PHI,9,Top,R,9,9,2,2,2023,0.696,0.726,0.883,1.244,1.569,2.004,-40.904047690000006,103.19599585000006,Pull,False,0,716967-74-5
2023,2023-08-15,716990,30,2,607208,"Turner, Trea",L,R,CH,Changeup,8.0,0.26,2.06,3.24,1.59,104.27,171.16,X,force_out,hit_into_play,"Trea Turner grounds into a force out, third baseman Santiago Espinal to second baseman Cavan Biggio.   Bryson Stott out at 2nd.    Trea Turner to 1st.",ground_ball,74.8,-7.0,2.0,15.0,TOR,PHI,5,Top,R,0,0,0,1,2023,0.696,0.726,0.883,1.244,1.569,2.004,-52.78344165000002,67.65764081000005,Pull,False,0,716990-30-2
2023,2023-08-15,716990,9,4,607208,"Turner, Trea",L,R,CU,Curveball,6.0,0.57,2.67,3.24,1.59,182.85,86.04,X,field_out,hit_into_play,Trea Turner flies out to right fielder George Springer.,fly_ball,94.4,41.0,3.0,313.0,TOR,PHI,2,Top,R,0,0,2,1,2023,0.696,0.726,0.883,1.244,1.569,2.004,143.32638552999998,280.08915633000004,Oppo,False,2,716990-9-4
2023,2023-08-15,716990,47,1,607208,"Turner, Trea",R,R,FF,4-Seam Fastball,2.0,0.09,2.77,3.24,1.59,211.58,105.87,X,field_out,hit_into_play,Trea Turner flies out to right fielder George Springer.,fly_ball,91.3,30.0,3.0,312.0,TOR,PHI,7,Top,R,1,1,0,0,2023,0.696,0.726,0.883,1.244,1.569,2.004,215.02701336000004,230.60000040000003,Oppo,False,2,716990-47-1
2023,2023-08-13,717009,31,5,607208,"Turner, Trea",R,R,FF,4-Seam Fastball,6.0,0.51,2.59,3.25,1.58,148.07,165.34,X,field_out,hit_into_play,Trea Turner grounds out to first baseman Christian Vazquez.,ground_ball,88.4,-9.0,2.0,15.0,PHI,MIN,4,Bot,R,0,0,2,2,2023,0.696,0.726,0.883,1.244,1.569,2.004,56.52694814999998,82.18244603000002,Oppo,False,2,717009-31-5
2023,2023-08-13,717009,73,3,607208,"Turner, Trea",R,R,FS,Split-Finger,8.0,0.01,2.01,3.25,1.58,108.72,91.87,X,single,hit_into_play,Trea Turner singles on a ground ball to center fielder Michael A.   Taylor.,ground_ball,107.8,-4.0,4.0,22.0,PHI,MIN,9,Bot,R,0,0,1,1,2023,0.696,0.726,0.883,1.244,1.569,2.004,-41.67770570000001,265.53939440000005,Straightaway,False,1,717009-73-3
2023,2023-08-13,717009,54,2,607208,"Turner, Trea",R,R,SI,Sinker,8.0,0.13,1.76,3.25,1.58,105.67,158.55,X,field_out,hit_into_play,"Trea Turner grounds out, shortstop Kyle Farmer to first baseman Christian Vazquez.",ground_ball,108.3,-34.0,2.0,2.0,PHI,MIN,7,Bot,R,0,0,1,0,2023,0.696,0.726,0.883,1.244,1.569,2.004,-49.289502250000005,99.12805212,Pull,False,0,717009-54-2
2023,2023-08-12,717028,39,2,607208,"Turner, Trea",R,R,SI,Sinker,4.0,-0.38,2.59,3.25,1.58,78.75,113.25,X,single,hit_into_play,Trea Turner singles on a ground ball to left fielder Matt Wallner.,ground_ball,99.0,-2.0,2.0,36.0,PHI,MIN,5,Bot,R,0,0,1,0,2023,0.696,0.726,0.883,1.244,1.569,2.004,-116.47296557000001,212.18194842000005,Pull,False,0,717028-39-2
2023,2023-08-12,717028,78,4,607208,"Turner, Trea",R,R,SL,Slider,5.0,0.2,2.5,3.25,1.58,175.77,115.79,X,single,hit_into_play,Trea Turner singles on a line drive to right fielder Max Kepler.,line_drive,100.8,7.0,4.0,158.0,PHI,MIN,9,Bot,R,1,1,1,2,2023,0.696,0.726,0.883,1.244,1.569,2.004,125.65703485000003,205.84294408000002,Oppo,False,2,717028-78-4
2023,2023-08-12,717028,60,2,607208,"Turner, Trea",R,R,ST,Sweeper,4.0,-0.55,2.22,3.25,1.58,98.05,169.24,X,single,hit_into_play,Trea Turner singles on a ground ball to third baseman Jorge Polanco.,ground_ball,84.5,-42.0,2.0,2.0,PHI,MIN,7,Bot,R,0,0,0,1,2023,0.696,0.726,0.883,1.244,1.569,2.004,-68.30651527000002,72.44932913000001,Pull,False,0,717028-60-2
2023,2023-08-11,717044,67,3,607208,"Turner, Trea",L,R,SL,Slider,6.0,0.39,2.61,3.21,1.56,89.75,62.88,X,double,hit_into_play,Trea Turner doubles (27) on a line drive to left fielder Jordan Luplow.   Rodolfo Castro to 3rd.,line_drive,92.4,23.0,3.0,319.0,PHI,MIN,7,Bot,R,11,11,0,2,2023,0.696,0.726,0.883,1.244,1.569,2.004,-89.02058457000001,337.8888966900001,Pull,False,0,717044-67-3
2023,2023-08-11,717044,22,6,607208,"Turner, Trea",L,R,CH,Changeup,8.0,0.23,1.66,3.21,1.56,47.99,94.95,X,single,hit_into_play,Trea Turner singles on a line drive to left fielder Jordan Luplow.   Kyle Schwarber scores.,line_drive,96.8,17.0,4.0,273.0,PHI,MIN,2,Bot,R,5,6,3,2,2023,0.696,0.726,0.883,1.244,1.569,2.004,-193.23980553000004,257.85272772,Pull,False,0,717044-22-6
2023,2023-08-11,717044,39,3,607208,"Turner, Trea",R,R,CH,Changeup,8.0,-0.25,1.52,3.21,1.56,42.56,100.29,X,double,hit_into_play,Trea Turner doubles (26) on a line drive to left fielder Jordan Luplow.   Kyle Schwarber scores.    Alec Bohm to 3rd.,line_drive,107.0,10.0,4.0,187.0,PHI,MIN,4,Bot,R,6,7,1,1,2023,0.696,0.726,0.883,1.244,1.569,2.004,-206.79129906000003,244.52584458000004,Pull,False,0,717044-39-3
2023,2023-08-11,717044,7,4,607208,"Turner, Trea",L,R,CH,Changeup,14.0,1.08,2.02,3.21,1.56,108.09,152.21,X,field_out,hit_into_play,"Trea Turner grounds out, shortstop Carlos Correa to first baseman Joey Gallo.",ground_ball,79.5,-4.0,2.0,20.0,PHI,MIN,1,Bot,R,0,0,1,2,2023,0.696,0.726,0.883,1.244,1.569,2.004,-43.24997843,114.95060626000001,Pull,True,0,717044-7-4
2023,2023-08-10,717049,32,4,607208,"Turner, Trea",L,R,FF,4-Seam Fastball,2.0,0.27,3.0,3.2,1.55,153.58,153.97,X,field_out,hit_into_play,"Trea Turner grounds out, second baseman Jake Alu to first baseman Dominic Smith.",ground_ball,93.5,-21.0,2.0,7.0,PHI,WSH,4,Bot,R,0,0,1,2,2023,0.696,0.726,0.883,1.244,1.569,2.004,70.27809536000004,110.55822530000003,Oppo,False,2,717049-32-4
2023,2023-08-10,717049,14,2,607208,"Turner, Trea",L,R,SI,Sinker,9.0,0.66,1.66,3.2,1.55,108.36,145.31,X,field_out,hit_into_play,Trea Turner lines out to shortstop CJ Abrams.,line_drive,82.8,14.0,4.0,178.0,PHI,WSH,2,Bot,R,0,0,1,0,2023,0.696,0.726,0.883,1.244,1.569,2.004,-42.576147260000006,132.17073616000002,Pull,False,0,717049-14-2
2023,2023-08-10,717049,62,1,607208,"Turner, Trea",L,R,SI,Sinker,8.0,0.06,1.76,3.2,1.55,161.87,107.06,X,field_out,hit_into_play,Trea Turner flies out to right fielder Lane Thomas.,fly_ball,79.8,48.0,3.0,247.0,PHI,WSH,7,Bot,R,4,4,0,0,2023,0.696,0.726,0.883,1.244,1.569,2.004,90.96720795000002,227.63015191000002,Oppo,False,2,717049-62-1
2023,2023-08-10,717049,50,2,607208,"Turner, Trea",R,R,FF,4-Seam Fastball,1.0,-0.51,2.84,3.2,1.55,65.36,46.88,X,home_run,hit_into_play,Trea Turner homers (12) on a fly ball to left center field.   Bryson Stott scores.,fly_ball,99.6,32.0,6.0,404.0,PHI,WSH,6,Bot,R,0,2,1,0,2023,0.696,0.726,0.883,1.244,1.569,2.004,-149.89000026000002,377.81963269000005,Pull,False,0,717049-50-2
2023,2023-08-09,717066,38,1,607208,"Turner, Trea",L,R,CU,Curveball,14.0,0.98,1.69,3.2,1.56,138.89,91.65,X,single,hit_into_play,Trea Turner singles on a fly ball to center fielder Alex Call.,fly_ball,72.1,30.0,4.0,247.0,PHI,WSH,5,Bot,R,6,6,0,0,2023,0.696,0.726,0.883,1.244,1.569,2.004,33.61668836999996,266.08844202000006,Straightaway,True,1,717066-38-1
2023,2023-08-09,717066,18,3,607208,"Turner, Trea",L,R,FF,4-Seam Fastball,8.0,0.22,1.77,3.2,1.56,117.29,41.04,X,field_out,hit_into_play,Trea Turner flies out sharply to center fielder Alex Call.,fly_ball,104.0,33.0,6.0,390.0,PHI,WSH,2,Bot,R,4,4,2,0,2023,0.696,0.726,0.883,1.244,1.569,2.004,-20.289805229999992,392.39435133000006,Straightaway,False,1,717066-18-3
2023,2023-08-09,717066,54,4,607208,"Turner, Trea",R,R,FF,4-Seam Fastball,3.0,0.29,2.92,3.2,1.56,111.14,152.21,X,force_out,hit_into_play,"Trea Turner grounds into a force out, shortstop CJ Abrams to second baseman Jake Alu.   Weston Wilson to 3rd.    Edmundo Sosa out at 2nd.    Trea Turner to 1st.",ground_ball,87.5,-36.0,2.0,4.0,PHI,WSH,7,Bot,R,6,6,1,2,2023,0.696,0.726,0.883,1.244,1.569,2.004,-35.638181880000005,114.95060626000001,Pull,False,0,717066-54-4
2023,2023-08-09,717066,5,3,607208,"Turner, Trea",L,R,CU,Curveball,7.0,-0.51,2.0,3.2,1.56,107.17,80.39,X,single,hit_into_play,Trea Turner singles on a line drive to center fielder Alex Call.,line_drive,90.5,15.0,4.0,210.0,PHI,WSH,1,Bot,R,0,0,0,2,2023,0.696,0.726,0.883,1.244,1.569,2.004,-45.54599575,294.18969748000006,Straightaway,False,1,717066-5-3
2023,2023-08-08,717096,42,5,607208,"Turner, Trea",R,R,ST,Sweeper,14.0,1.05,1.4,3.22,1.56,110.76,147.62,X,single,hit_into_play,Trea Turner singles on a ground ball to shortstop Jeter Downs.,ground_ball,74.2,2.0,2.0,43.0,PHI,WSH,5,Bot,R,3,3,2,2,2023,0.696,0.726,0.883,1.244,1.569,2.004,-36.586536859999995,126.40573615000002,Pull,True,0,717096-42-5
2023,2023-08-08,717082,35,5,607208,"Turner, Trea",R,R,SL,Slider,7.0,-0.4,1.51,3.22,1.56,41.16,120.8,X,double,hit_into_play,Trea Turner doubles (24) on a sharp line drive to left fielder Blake Rutherford.,line_drive,103.7,12.0,4.0,227.0,PHI,WSH,4,Bot,R,3,3,2,2,2023,0.696,0.726,0.883,1.244,1.569,2.004,-210.28523846000002,193.33963237000006,Pull,False,0,717082-35-5
2023,2023-08-08,717082,69,4,607208,"Turner, Trea",L,R,SI,Sinker,8.0,0.08,2.02,3.22,1.56,178.63,72.02,X,field_out,hit_into_play,Trea Turner flies out to right fielder Lane Thomas.,fly_ball,94.1,35.0,3.0,340.0,PHI,WSH,8,Bot,R,8,8,1,2,2023,0.696,0.726,0.883,1.244,1.569,2.004,132.79465391,315.0784637500001,Oppo,False,2,717082-69-4
2023,2023-08-08,717096,64,6,607208,"Turner, Trea",R,R,SL,Slider,2.0,-0.17,2.84,3.22,1.56,120.79,60.0,X,field_out,hit_into_play,Trea Turner lines out to center fielder Alex Call.,line_drive,90.8,25.0,3.0,345.0,PHI,WSH,7,Bot,R,4,4,1,2,2023,0.696,0.726,0.883,1.244,1.569,2.004,-11.55495672999999,345.07642917000004,Straightaway,False,1,717096-64-6
2023,2023-08-08,717096,7,1,607208,"Turner, Trea",R,R,FF,4-Seam Fastball,5.0,0.09,2.09,3.22,1.56,103.54,30.91,X,double,hit_into_play,Trea Turner doubles (25) on a sharp line drive to center fielder Alex Call.   Nick Castellanos scores.,line_drive,106.0,21.0,6.0,376.0,PHI,WSH,1,Bot,R,0,1,0,0,2023,0.696,0.726,0.883,1.244,1.569,2.004,-54.605281479999995,417.67549856000005,Straightaway,False,1,717096-7-1
2023,2023-08-06,717113,14,6,607208,"Turner, Trea",R,R,SL,Slider,3.0,0.74,3.09,3.22,1.57,37.72,113.54,X,double,hit_into_play,Trea Turner doubles (23) on a line drive to left fielder MJ Melendez.,line_drive,80.3,18.0,4.0,196.0,PHI,KC,1,Bot,R,3,3,3,2,2023,0.696,0.726,0.883,1.244,1.569,2.004,-218.87034670000003,211.45820383000003,Pull,False,0,717113-14-6
2023,2023-08-06,717113,52,5,607208,"Turner, Trea",R,R,CU,Curveball,9.0,0.69,1.67,3.22,1.56,180.83,109.7,X,field_out,hit_into_play,Trea Turner lines out to right fielder Drew Waters.,line_drive,79.7,27.0,3.0,261.0,PHI,KC,6,Bot,R,7,7,2,2,2023,0.696,0.726,0.883,1.244,1.569,2.004,138.28513011000004,221.04158047000004,Oppo,False,2,717113-52-5
2023,2023-08-05,717123,32,3,607208,"Turner, Trea",R,R,SL,Slider,9.0,0.51,2.0,3.25,1.6,98.56,165.16,X,field_out,hit_into_play,"Trea Turner grounds out, third baseman Maikel Garcia to first baseman Salvador Perez.",ground_ball,68.4,-35.0,2.0,3.0,PHI,KC,4,Bot,R,3,3,1,1,2023,0.696,0.726,0.883,1.244,1.569,2.004,-67.03372306,82.63166681000004,Pull,False,0,717123-32-3
2023,2023-08-05,717123,68,6,607208,"Turner, Trea",L,R,CH,Changeup,8.0,-0.21,1.85,3.25,1.6,100.71,49.12,X,double,hit_into_play,Trea Turner doubles (22) on a fly ball to center fielder Drew Waters.   J.T. Realmuto scores.,fly_ball,97.9,24.0,5.0,375.0,PHI,KC,8,Bot,R,8,9,2,2,2023,0.696,0.726,0.883,1.244,1.569,2.004,-61.66803041000002,372.22932965000007,Straightaway,False,1,717123-68-6
2023,2023-08-05,717123,16,3,607208,"Turner, Trea",R,R,SL,Slider,9.0,0.66,1.83,3.25,1.6,135.6,155.05,X,field_out,hit_into_play,"Trea Turner grounds out, second baseman Matt Duffy to first baseman Salvador Perez.",ground_ball,93.3,-5.0,2.0,17.0,PHI,KC,2,Bot,R,2,2,0,2,2023,0.696,0.726,0.883,1.244,1.569,2.004,25.405930779999984,107.86290062,Oppo,False,2,717123-16-3
2023,2023-08-05,717123,51,1,607208,"Turner, Trea",L,R,SI,Sinker,4.0,-0.48,2.55,3.25,1.6,25.43,80.35,X,home_run,hit_into_play,Trea Turner homers (11) on a fly ball to left field.   J.T. Realmuto scores.    Johan Rojas scores.,fly_ball,99.3,30.0,6.0,383.0,PHI,KC,6,Bot,R,5,8,0,0,2023,0.696,0.726,0.883,1.244,1.569,2.004,-249.54214329000004,294.28952432000006,Pull,False,0,717123-51-1
2023,2023-08-04,717140,55,5,607208,"Turner, Trea",R,R,FF,4-Seam Fastball,2.0,0.27,2.9,3.25,1.59,170.94,90.39,X,single,hit_into_play,Trea Turner singles on a sharp line drive to right fielder Dairon Blanco.   Bryson Stott scores.,line_drive,105.1,10.0,4.0,222.0,PHI,KC,6,Bot,R,4,5,2,2,2023,0.696,0.726,0.883,1.244,1.569,2.004,113.60294392,269.23298748,Oppo,False,2,717140-55-5
2023,2023-08-04,717140,34,6,607208,"Turner, Trea",R,R,ST,Sweeper,8.0,0.25,2.07,3.25,1.59,116.36,116.64,X,field_out,hit_into_play,Trea Turner flies out to shortstop Bobby Witt Jr.,fly_ball,86.6,58.0,3.0,210.0,PHI,KC,4,Bot,R,2,2,3,2,2023,0.696,0.726,0.883,1.244,1.569,2.004,-22.610779260000008,203.72162373000003,Straightaway,False,1,717140-34-6
2023,2023-08-04,717140,16,3,607208,"Turner, Trea",R,R,ST,Sweeper,9.0,0.56,2.1,3.25,1.59,154.75,158.74,X,field_out,hit_into_play,Trea Turner lines out to first baseman Salvador Perez.,line_drive,61.0,19.0,2.0,127.0,PHI,KC,2,Bot,R,2,2,1,1,2023,0.696,0.726,0.883,1.244,1.569,2.004,73.19803043,98.65387463,Oppo,False,2,717140-16-3
2023,2023-08-04,717140,73,2,607208,"Turner, Trea",R,R,SL,Slider,8.0,0.23,1.56,3.25,1.59,139.03,148.12,X,force_out,hit_into_play,"Trea Turner grounds into a force out, second baseman Michael Massey to shortstop Bobby Witt Jr.  Brandon Marsh out at 2nd.    Trea Turner to 1st.",ground_ball,60.0,6.0,2.0,55.0,PHI,KC,8,Bot,R,5,5,0,1,2023,0.696,0.726,0.883,1.244,1.569,2.004,33.966082310000004,125.15790065000003,Oppo,False,2,717140-73-2
2023,2023-08-03,717147,32,5,607208,"Turner, Trea",R,R,SL,Slider,9.0,0.46,1.93,3.26,1.62,156.71,61.23,X,field_out,hit_into_play,Trea Turner lines out to center fielder Jazz Chisholm Jr.,line_drive,96.2,21.0,3.0,349.0,MIA,PHI,5,Top,R,2,2,1,2,2023,0.696,0.726,0.883,1.244,1.569,2.004,78.08954559000003,342.0067538400001,Oppo,False,2,717147-32-5
2023,2023-08-03,717147,11,8,607208,"Turner, Trea",R,R,SL,Slider,11.0,-0.83,2.53,3.26,1.62,152.87,140.61,X,field_out,hit_into_play,Trea Turner lines out to second baseman Luis Arraez.,line_drive,57.3,31.0,1.0,165.0,MIA,PHI,2,Top,R,2,2,2,2,2023,0.696,0.726,0.883,1.244,1.569,2.004,68.50616895000002,143.90038986,Oppo,True,2,717147-11-8
2023,2023-08-03,717147,47,2,607208,"Turner, Trea",L,R,FF,4-Seam Fastball,4.0,-0.35,2.41,3.26,1.62,167.72,116.44,X,field_out,hit_into_play,Trea Turner flies out to right fielder Jesus Sanchez.,fly_ball,91.1,56.0,3.0,232.0,MIA,PHI,7,Top,R,4,4,0,1,2023,0.696,0.726,0.883,1.244,1.569,2.004,105.5668833,204.22075793000005,Oppo,False,2,717147-47-2
2023,2023-08-02,717159,26,1,607208,"Turner, Trea",L,R,SI,Sinker,3.0,0.62,3.01,3.27,1.62,157.23,60.37,X,field_out,hit_into_play,Trea Turner flies out to center fielder Jazz Chisholm Jr.  Nick Castellanos to 3rd.,fly_ball,94.1,36.0,3.0,352.0,MIA,PHI,4,Top,R,2,2,0,0,2023,0.696,0.726,0.883,1.244,1.569,2.004,79.38729450999998,344.15303090000003,Oppo,False,2,717159-26-1
2023,2023-08-02,717159,10,1,607208,"Turner, Trea",L,R,SI,Sinker,5.0,0.11,2.3,3.27,1.62,102.02,168.7,X,field_out,hit_into_play,"Trea Turner grounds out, third baseman Jake Burger to first baseman Josh Bell.",ground_ball,83.4,-4.0,2.0,25.0,MIA,PHI,2,Top,R,0,0,0,0,2023,0.696,0.726,0.883,1.244,1.569,2.004,-58.39870140000002,73.79699147000007,Pull,False,0,717159-10-1
2023,2023-08-02,717159,96,2,607208,"Turner, Trea",R,R,SI,Sinker,4.0,-0.6,2.3,3.27,1.62,100.5,163.11,X,field_out,hit_into_play,"Trea Turner grounds out, third baseman Jake Burger to first baseman Josh Bell.",ground_ball,94.2,-34.0,2.0,3.0,MIA,PHI,11,Top,R,8,8,0,1,2023,0.696,0.726,0.883,1.244,1.569,2.004,-62.19212132000001,87.74779236,Pull,False,0,717159-96-2
2023,2023-08-02,717159,58,4,607208,"Turner, Trea",R,R,SI,Sinker,5.0,-0.06,2.65,3.27,1.62,112.68,148.86,X,grounded_into_double_play,hit_into_play,"Trea Turner grounds into a double play, shortstop Joey Wendle to second baseman Luis Arraez to first baseman Josh Bell.   Bryson Stott out at 2nd.    Trea Turner out at 1st.",ground_ball,102.6,-6.0,2.0,20.0,MIA,PHI,7,Top,R,5,5,1,2,2023,0.696,0.726,0.883,1.244,1.569,2.004,-31.79484853999999,123.31110411,Pull,False,0,717159-58-4
2023,2023-08-01,717182,50,2,607208,"Turner, Trea",R,R,SI,Sinker,5.0,0.23,2.39,3.28,1.63,138.41,57.74,X,field_out,hit_into_play,Trea Turner lines out sharply to center fielder Jesus Sanchez.,line_drive,103.6,16.0,5.0,351.0,MIA,PHI,7,Top,R,0,0,0,1,2023,0.696,0.726,0.883,1.244,1.569,2.004,32.418766289999986,350.71664563,Straightaway,False,1,717182-50-2
2023,2023-08-01,717182,69,3,607208,"Turner, Trea",R,R,FC,Cutter,1.0,-0.31,2.91,3.28,1.63,150.6,77.27,X,field_out,hit_into_play,Trea Turner flies out to center fielder Garrett Hampson.,fly_ball,91.0,41.0,3.0,309.0,MIA,PHI,9,Top,R,3,3,1,1,2023,0.696,0.726,0.883,1.244,1.569,2.004,62.840995779999986,301.9761910000001,Straightaway,False,1,717182-69-3
2023,2023-07-31,717189,28,4,607208,"Turner, Trea",R,R,FF,4-Seam Fastball,4.0,-0.3,2.72,3.28,1.63,82.21,122.96,X,single,hit_into_play,Trea Turner singles on a ground ball to left fielder Jon Berti.,ground_ball,107.4,7.0,4.0,147.0,MIA,PHI,4,Top,R,0,0,1,2,2023,0.696,0.726,0.883,1.244,1.569,2.004,-107.83794391000002,187.94898301000006,Pull,False,0,717189-28-4
2023,2023-07-31,717189,40,2,607208,"Turner, Trea",L,R,FF,4-Seam Fastball,5.0,0.21,2.71,3.28,1.63,109.64,158.02,X,force_out,hit_into_play,"Trea Turner grounds into a force out, shortstop Joey Wendle to second baseman Luis Arraez.   J.T. Realmuto out at 2nd.",ground_ball,100.7,-7.0,2.0,20.0,MIA,PHI,5,Top,R,2,2,0,1,2023,0.696,0.726,0.883,1.244,1.569,2.004,-39.38168838000001,100.45075775000001,Pull,False,0,717189-40-2
2023,2023-07-31,717189,57,1,607208,"Turner, Trea",L,R,SL,Slider,8.0,-0.03,1.55,3.28,1.63,125.27,201.1,X,field_out,hit_into_play,"Trea Turner grounds out softly, catcher Nick Fortes to first baseman Garrett Cooper.",ground_ball,56.3,-80.0,1.0,0.0,MIA,PHI,7,Top,R,3,3,0,0,2023,0.696,0.726,0.883,1.244,1.569,2.004,-0.3743506500000142,-7.062748929999961,Pull,False,0,717189-57-1
2023,2023-07-30,717208,25,4,607208,"Turner, Trea",L,R,FF,4-Seam Fastball,4.0,-0.51,2.51,3.28,1.64,72.41,148.55,X,double,hit_into_play,Trea Turner doubles (21) on a ground ball to left fielder Bryan Reynolds.,ground_ball,93.0,3.0,4.0,71.0,PIT,PHI,4,Top,R,2,2,2,1,2023,0.696,0.726,0.883,1.244,1.569,2.004,-132.29551971000004,124.08476212000001,Pull,False,0,717208-25-4
2023,2023-07-30,717208,82,4,607208,"Turner, Trea",L,R,FF,4-Seam Fastball,2.0,0.09,2.83,3.28,1.64,195.61,119.28,X,double_play,hit_into_play,"Trea Turner flies into a double play, right fielder Henry Davis to catcher Endy Rodriguez to second baseman Nick Gonzales to catcher Endy Rodriguez.   Bryce Harper out at home.",fly_ball,80.9,41.0,3.0,263.0,PIT,PHI,10,Top,R,4,4,1,2,2023,0.696,0.726,0.883,1.244,1.569,2.004,175.17114749000004,197.13305229000005,Oppo,False,2,717208-82-4
2023,2023-07-30,717208,41,2,607208,"Turner, Trea",R,R,FF,4-Seam Fastball,4.0,-0.51,2.6,3.28,1.64,144.15,67.78,X,field_out,hit_into_play,Trea Turner flies out to center fielder Josh Palacios.,fly_ball,96.2,40.0,3.0,329.0,PIT,PHI,6,Top,R,2,2,0,1,2023,0.696,0.726,0.883,1.244,1.569,2.004,46.743917830000015,325.66010879000004,Straightaway,False,1,717208-41-2
2023,2023-07-29,717216,15,2,607208,"Turner, Trea",R,R,SI,Sinker,7.0,-0.8,1.77,3.31,1.64,122.75,137.75,X,field_out,hit_into_play,Trea Turner lines out to second baseman Liover Peguero.,line_drive,82.0,11.0,4.0,159.0,PIT,PHI,3,Top,R,0,0,0,1,2023,0.696,0.726,0.883,1.244,1.569,2.004,-6.663441570000005,151.03800892000004,Straightaway,False,1,717216-15-2
2023,2023-07-29,717216,68,6,607208,"Turner, Trea",R,R,SI,Sinker,4.0,-0.57,2.52,3.31,1.64,72.46,119.75,X,single,hit_into_play,Trea Turner singles on a line drive to left fielder Bryan Reynolds.,line_drive,94.2,14.0,4.0,191.0,PIT,PHI,8,Top,R,5,5,2,2,2023,0.696,0.726,0.883,1.244,1.569,2.004,-132.17073616000002,195.96008692000004,Pull,False,0,717216-68-6
2023,2023-07-28,717234,35,3,607208,"Turner, Trea",R,R,SI,Sinker,4.0,-0.31,2.72,3.29,1.63,107.29,151.07,X,force_out,hit_into_play,"Trea Turner grounds into a force out, shortstop Alika Williams to second baseman Nick Gonzales.   Kyle Schwarber out at 2nd.    Trea Turner to 1st.",ground_ball,80.9,4.0,2.0,80.0,PIT,PHI,5,Top,R,2,2,1,1,2023,0.696,0.726,0.883,1.244,1.569,2.004,-45.24651522999999,117.79567120000006,Pull,False,0,717234-35-3
2023,2023-07-28,717234,17,5,607208,"Turner, Trea",R,R,ST,Sweeper,14.0,0.87,1.31,3.29,1.63,108.88,169.32,X,field_out,hit_into_play,"Trea Turner grounds out, third baseman Jared Triolo to first baseman Ji Man Choi.",ground_ball,71.4,-21.0,2.0,3.0,PIT,PHI,3,Top,R,2,2,2,2,2023,0.696,0.726,0.883,1.244,1.569,2.004,-41.27839834000002,72.24967545000005,Pull,True,0,717234-17-5
2023,2023-07-28,717234,67,1,607208,"Turner, Trea",R,R,SI,Sinker,8.0,-0.22,1.61,3.29,1.63,112.67,160.56,X,field_error,hit_into_play,Trea Turner reaches on a fielding error by shortstop Liover Peguero.   Brandon Marsh to 3rd.    Kyle Schwarber to 2nd.,ground_ball,103.2,-24.0,2.0,3.0,PIT,PHI,9,Top,R,2,2,0,0,2023,0.696,0.726,0.883,1.244,1.569,2.004,-31.81980525,94.11175341000003,Pull,False,0,717234-67-1
2023,2023-07-28,717234,50,1,607208,"Turner, Trea",L,R,SI,Sinker,4.0,-0.34,2.31,3.29,1.63,108.35,147.52,X,grounded_into_double_play,hit_into_play,"Pirates challenged (play at 1st), call on the field was overturned: Trea Turner grounds into a double play, shortstop Alika Williams to second baseman Nick Gonzales to first baseman Ji Man Choi.   Kyle Schwarber out at 2nd.    Trea Turner out at 1st.",ground_ball,74.0,-9.0,2.0,14.0,PIT,PHI,7,Top,R,2,2,0,0,2023,0.696,0.726,0.883,1.244,1.569,2.004,-42.60110397000002,126.65530325,Pull,False,0,717234-50-1
2023,2023-07-25,717267,26,4,607208,"Turner, Trea",R,R,SI,Sinker,13.0,-0.16,1.23,3.3,1.64,109.23,159.06,X,force_out,hit_into_play,"Trea Turner grounds into a force out, shortstop Gunnar Henderson to third baseman Jordan Westburg.   Brandon Marsh out at 3rd.    Johan Rojas to 2nd.    Trea Turner to 1st.",ground_ball,96.3,-21.0,2.0,3.0,PHI,BAL,3,Bot,R,1,1,1,2,2023,0.696,0.726,0.883,1.244,1.569,2.004,-40.40491349,97.85525991000003,Pull,True,0,717267-26-4
2023,2023-07-25,717267,6,6,607208,"Turner, Trea",R,R,SI,Sinker,9.0,0.8,1.58,3.3,1.64,116.34,158.55,X,field_out,hit_into_play,"Trea Turner grounds out, shortstop Gunnar Henderson to first baseman Ryan O'Hearn.",ground_ball,83.0,-32.0,2.0,3.0,PHI,BAL,1,Bot,R,0,0,3,2,2023,0.696,0.726,0.883,1.244,1.569,2.004,-22.660692679999997,99.12805212,Pull,False,0,717267-6-6
2023,2023-07-25,717267,68,3,607208,"Turner, Trea",R,R,SI,Sinker,3.0,0.29,2.82,3.3,1.64,105.62,138.32,X,field_out,hit_into_play,"Trea Turner grounds out, shortstop Jorge Mateo to first baseman Ryan O'Hearn.",ground_ball,86.1,-46.0,2.0,3.0,PHI,BAL,9,Bot,R,2,2,1,1,2023,0.696,0.726,0.883,1.244,1.569,2.004,-49.414285799999995,149.61547645000005,Pull,False,0,717267-68-3
2023,2023-07-24,717280,21,1,607208,"Turner, Trea",R,R,FC,Cutter,9.0,0.48,2.07,3.27,1.63,200.66,124.72,X,field_out,hit_into_play,Trea Turner flies out to right fielder Anthony Santander.,fly_ball,83.8,46.0,3.0,260.0,PHI,BAL,3,Bot,R,0,0,0,0,2023,0.696,0.726,0.883,1.244,1.569,2.004,187.77428604,183.55660205000004,Oppo,False,2,717280-21-1
2023,2023-07-24,717280,5,4,607208,"Turner, Trea",R,R,FC,Cutter,14.0,1.07,1.55,3.27,1.63,148.09,153.73,X,field_out,hit_into_play,"Trea Turner grounds out, second baseman Jordan Westburg to first baseman Ryan Mountcastle.",ground_ball,78.9,-1.0,2.0,25.0,PHI,BAL,1,Bot,R,0,0,1,2,2023,0.696,0.726,0.883,1.244,1.569,2.004,56.576861570000005,111.15718634000007,Oppo,True,2,717280-5-4
2023,2023-07-23,717283,37,5,607208,"Turner, Trea",L,R,FF,4-Seam Fastball,1.0,-0.5,3.16,3.27,1.63,63.52,72.55,X,double,hit_into_play,Trea Turner doubles (20) on a sharp line drive to left fielder Steven Kwan.   Kyle Schwarber to 3rd.,line_drive,107.1,18.0,6.0,348.0,CLE,PHI,5,Top,R,2,2,3,1,2023,0.696,0.726,0.883,1.244,1.569,2.004,-154.4820349,313.75575812000005,Pull,False,0,717283-37-5
2023,2023-07-23,717283,2,5,607208,"Turner, Trea",R,R,FF,4-Seam Fastball,14.0,0.13,1.25,3.27,1.63,114.15,154.7,X,grounded_into_double_play,hit_into_play,"Trea Turner grounds into a double play, shortstop Tyler Freeman to second baseman Andres Gimenez to first baseman Josh Bell.   Kyle Schwarber out at 2nd.    Trea Turner out at 1st.",ground_ball,83.9,3.0,2.0,55.0,CLE,PHI,1,Top,R,0,0,3,1,2023,0.696,0.726,0.883,1.244,1.569,2.004,-28.12621216999999,108.73638547000006,Pull,True,0,717283-2-5
2023,2023-07-23,717283,53,2,607208,"Turner, Trea",R,R,CH,Changeup,14.0,1.08,1.59,3.27,1.63,136.05,98.91,X,single,hit_into_play,Trea Turner singles on a line drive to center fielder Will Brennan.,line_drive,71.7,19.0,4.0,197.0,CLE,PHI,7,Top,R,4,4,0,1,2023,0.696,0.726,0.883,1.244,1.569,2.004,26.528982730000028,247.96987056000006,Straightaway,True,1,717283-53-2
2023,2023-07-22,717302,19,5,607208,"Turner, Trea",R,R,SL,Slider,14.0,1.19,2.01,3.25,1.63,115.68,153.18,X,grounded_into_double_play,hit_into_play,"Trea Turner grounds into a double play, shortstop Amed Rosario to first baseman Josh Naylor.   Edmundo Sosa out at 2nd.    Trea Turner out at 1st.",ground_ball,64.3,-12.0,2.0,9.0,CLE,PHI,3,Top,R,0,0,2,2,2023,0.696,0.726,0.883,1.244,1.569,2.004,-24.30783553999999,112.52980539000002,Pull,True,0,717302-19-5
2023,2023-07-22,717302,2,4,607208,"Turner, Trea",R,R,CU,Curveball,5.0,0.26,2.29,3.25,1.63,117.63,84.12,X,single,hit_into_play,Trea Turner singles on a sharp line drive to center fielder Myles Straw.,line_drive,103.7,9.0,4.0,166.0,CLE,PHI,1,Top,R,0,0,1,2,2023,0.696,0.726,0.883,1.244,1.569,2.004,-19.441277090000018,284.88084465000003,Straightaway,False,1,717302-2-4
2023,2023-07-22,717302,59,1,607208,"Turner, Trea",R,R,FC,Cutter,8.0,-0.03,2.09,3.25,1.63,110.09,157.75,X,field_out,hit_into_play,"Trea Turner grounds out, shortstop Gabriel Arias to first baseman Josh Naylor.",ground_ball,97.4,-17.0,2.0,7.0,CLE,PHI,9,Top,R,0,0,0,0,2023,0.696,0.726,0.883,1.244,1.569,2.004,-38.258636429999996,101.12458892000004,Pull,False,0,717302-59-1
2023,2023-07-21,717315,34,4,607208,"Turner, Trea",R,R,FF,4-Seam Fastball,8.0,0.08,2.1,3.24,1.62,129.27,67.94,X,field_out,hit_into_play,Trea Turner lines out sharply to center fielder Myles Straw.,line_drive,104.8,14.0,5.0,325.0,CLE,PHI,4,Top,R,1,1,2,1,2023,0.696,0.726,0.883,1.244,1.569,2.004,9.608333350000022,325.2608014300001,Straightaway,False,1,717315-34-4
2023,2023-07-21,717315,21,2,607208,"Turner, Trea",R,R,SL,Slider,6.0,0.46,2.67,3.24,1.62,106.21,75.58,X,triple,hit_into_play,Trea Turner triples (4) on a sharp line drive to center fielder Myles Straw.,line_drive,101.5,17.0,4.0,310.0,CLE,PHI,3,Top,R,0,0,0,1,2023,0.696,0.726,0.883,1.244,1.569,2.004,-47.94183991000002,306.19387499000004,Straightaway,False,1,717315-21-2
2023,2023-07-21,717315,2,2,607208,"Turner, Trea",R,R,FF,4-Seam Fastball,4.0,-0.45,2.59,3.24,1.62,190.14,100.23,X,field_out,hit_into_play,Trea Turner flies out to right fielder Gabriel Arias.,fly_ball,93.6,49.0,3.0,292.0,CLE,PHI,1,Top,R,0,0,1,0,2023,0.696,0.726,0.883,1.244,1.569,2.004,161.51982711999997,244.67558484000003,Oppo,False,2,717315-2-2
2023,2023-07-20,717329,44,4,607208,"Turner, Trea",R,R,SI,Sinker,5.0,-0.08,2.14,3.22,1.61,107.2,152.44,X,field_out,hit_into_play,"Trea Turner grounds out, shortstop Willy Adames to first baseman Owen Miller.",ground_ball,102.3,-28.0,2.0,4.0,PHI,MIL,6,Bot,R,0,0,2,1,2023,0.696,0.726,0.883,1.244,1.569,2.004,-45.47112562,114.37660193000004,Pull,False,0,717329-44-4
2023,2023-07-20,717329,27,1,607208,"Turner, Trea",R,R,SI,Sinker,5.0,0.22,2.32,3.22,1.61,133.61,149.9,X,grounded_into_double_play,hit_into_play,"Trea Turner grounds into a double play, second baseman Brice Turang to first baseman Owen Miller.   Kyle Schwarber out at 2nd.    Trea Turner out at 1st.",ground_ball,103.1,-17.0,2.0,8.0,PHI,MIL,4,Bot,R,0,0,0,0,2023,0.696,0.726,0.883,1.244,1.569,2.004,20.439545490000032,120.71560627000002,Straightaway,False,1,717329-27-1
2023,2023-07-20,717329,5,4,607208,"Turner, Trea",R,R,FC,Cutter,4.0,-0.28,2.69,3.22,1.61,123.8,129.7,X,field_out,hit_into_play,Trea Turner pops out to second baseman Brice Turang.,popup,86.4,58.0,3.0,177.0,PHI,MIL,1,Bot,R,0,0,1,2,2023,0.696,0.726,0.883,1.244,1.569,2.004,-4.0429870200000115,171.12816047000007,Straightaway,False,1,717329-5-4
2023,2023-07-19,717347,42,1,607208,"Turner, Trea",R,R,SI,Sinker,1.0,-0.46,2.91,3.22,1.61,64.18,73.23,X,field_out,hit_into_play,Trea Turner flies out to left fielder Blake Perkins.,fly_ball,92.7,26.0,3.0,345.0,PHI,MIL,5,Bot,R,3,3,0,0,2023,0.696,0.726,0.883,1.244,1.569,2.004,-152.83489204,312.05870184,Pull,False,0,717347-42-1
2023,2023-07-19,717347,25,2,607208,"Turner, Trea",R,R,SI,Sinker,3.0,0.65,3.03,3.22,1.61,167.65,86.55,X,field_out,hit_into_play,Trea Turner flies out to right fielder Tyrone Taylor.,fly_ball,89.9,35.0,3.0,324.0,PHI,MIL,3,Bot,R,0,0,0,1,2023,0.696,0.726,0.883,1.244,1.569,2.004,105.39218633000002,278.81636412000006,Oppo,False,2,717347-25-2
2023,2023-07-19,717347,6,7,607208,"Turner, Trea",R,R,SI,Sinker,13.0,-0.97,2.23,3.22,1.61,99.32,160.93,X,field_out,hit_into_play,"Trea Turner grounds out, third baseman Andruw Monasterio to first baseman Owen Miller.",ground_ball,80.2,5.0,2.0,85.0,PHI,MIL,1,Bot,R,0,0,3,2,2023,0.696,0.726,0.883,1.244,1.569,2.004,-65.13701310000003,93.18835514000001,Pull,True,0,717347-6-7
2023,2023-07-19,717347,64,3,607208,"Turner, Trea",R,R,FF,4-Seam Fastball,3.0,0.48,3.08,3.22,1.61,211.01,105.51,X,field_out,hit_into_play,Trea Turner flies out to right fielder Tyrone Taylor.,fly_ball,90.1,35.0,3.0,311.0,PHI,MIL,8,Bot,R,3,3,1,1,2023,0.696,0.726,0.883,1.244,1.569,2.004,213.60448089,231.49844196000004,Oppo,False,2,717347-64-3
2023,2023-07-18,717363,38,3,607208,"Turner, Trea",R,R,SI,Sinker,9.0,0.46,1.99,3.23,1.62,136.22,162.11,X,single,hit_into_play,"Trea Turner singles on a line drive to second baseman Brice Turang, deflected by pitcher Julio Teheran.",line_drive,102.4,3.0,4.0,76.0,PHI,MIL,5,Bot,R,3,3,1,1,2023,0.696,0.726,0.883,1.244,1.569,2.004,26.953246799999995,90.24346335999999,Oppo,False,2,717363-38-3
2023,2023-07-18,717363,20,3,607208,"Turner, Trea",R,R,CU,Curveball,5.0,-0.03,2.42,3.23,1.62,104.0,57.4,X,triple,hit_into_play,Trea Turner triples (3) on a sharp line drive to center fielder Joey Wiemer.,line_drive,107.2,11.0,4.0,279.0,PHI,MIL,3,Bot,R,2,2,0,2,2023,0.696,0.726,0.883,1.244,1.569,2.004,-53.45727282000001,351.56517377000006,Straightaway,False,1,717363-20-3
2023,2023-07-18,717363,5,5,607208,"Turner, Trea",R,R,SI,Sinker,5.0,-0.23,2.16,3.23,1.62,208.85,107.37,X,field_out,hit_into_play,Trea Turner lines out to right fielder Raimel Tapia.,line_drive,92.1,25.0,3.0,305.0,PHI,MIL,1,Bot,R,1,1,2,2,2023,0.696,0.726,0.883,1.244,1.569,2.004,208.21383153,226.85649390000003,Oppo,False,2,717363-5-5
2023,2023-07-16,717387,43,7,607208,"Turner, Trea",R,R,CU,Curveball,8.0,0.13,2.0,3.26,1.64,90.94,163.13,X,single,hit_into_play,Trea Turner singles on a ground ball to third baseman Manny Machado.,ground_ball,93.0,-20.0,2.0,6.0,PHI,SD,6,Bot,R,2,2,3,2,2023,0.696,0.726,0.883,1.244,1.569,2.004,-86.05073608000002,87.69787894000004,Pull,False,0,717387-43-7
2023,2023-07-16,717387,55,2,607208,"Turner, Trea",L,R,SL,Slider,4.0,-0.32,2.44,3.26,1.64,97.82,55.21,X,field_out,hit_into_play,Trea Turner flies out to center fielder Trent Grisham.,fly_ball,93.9,32.0,3.0,362.0,PHI,SD,7,Bot,R,5,5,0,1,2023,0.696,0.726,0.883,1.244,1.569,2.004,-68.88051960000003,357.03069326,Straightaway,False,1,717387-55-2
2023,2023-07-16,717387,78,4,607208,"Turner, Trea",L,R,SI,Sinker,11.0,-0.85,3.06,3.26,1.64,150.82,167.3,X,field_out,hit_into_play,Trea Turner grounds out to first baseman Brandon Dixon.   Johan Rojas to 3rd.,ground_ball,71.7,-11.0,2.0,14.0,PHI,SD,10,Bot,R,5,5,1,2,2023,0.696,0.726,0.883,1.244,1.569,2.004,63.39004339999998,77.29093087,Oppo,True,2,717387-78-4
2023,2023-07-15,717397,40,6,607208,"Turner, Trea",L,R,CH,Changeup,8.0,0.09,1.87,3.3,1.66,113.42,155.26,X,field_out,hit_into_play,"Trea Turner grounds out, shortstop Ha-Seong Kim to first baseman Jake Cronenworth.",ground_ball,96.8,-18.0,2.0,5.0,PHI,SD,5,Bot,R,4,4,3,2,2023,0.696,0.726,0.883,1.244,1.569,2.004,-29.948052000000004,107.33880971000006,Pull,False,0,717397-40-6
2023,2023-07-15,717397,23,1,607208,"Turner, Trea",L,R,FF,4-Seam Fastball,9.0,0.33,2.13,3.3,1.66,183.45,60.33,X,double,hit_into_play,Trea Turner doubles (19) on a sharp fly ball to center fielder Trent Grisham.,fly_ball,100.3,26.0,6.0,370.0,PHI,SD,3,Bot,R,0,0,0,0,2023,0.696,0.726,0.883,1.244,1.569,2.004,144.82378812999997,344.25285774,Oppo,False,2,717397-23-1
2023,2023-07-15,717408,24,5,607208,"Turner, Trea",L,R,CH,Changeup,3.0,0.51,2.86,3.31,1.66,110.82,191.03,X,field_out,hit_into_play,Trea Turner pops out to third baseman Matthew Batten in foul territory.,popup,84.5,78.0,3.0,47.0,PHI,SD,3,Bot,R,0,0,3,1,2023,0.696,0.726,0.883,1.244,1.569,2.004,-36.43679660000002,18.068658040000024,Pull,False,0,717408-24-5
2023,2023-07-15,717408,73,3,607208,"Turner, Trea",L,R,SI,Sinker,8.0,-0.11,1.7,3.31,1.66,75.16,110.61,X,single,hit_into_play,Trea Turner singles on a sharp line drive to left fielder Juan Soto.   Bryce Harper scores.    Kyle Schwarber to 2nd.,line_drive,105.0,9.0,4.0,143.0,PHI,SD,8,Bot,R,5,6,1,1,2023,0.696,0.726,0.883,1.244,1.569,2.004,-125.43242446000002,218.77051986000004,Pull,False,0,717408-73-3
2023,2023-07-15,717408,6,1,607208,"Turner, Trea",L,R,FF,4-Seam Fastball,5.0,0.16,2.46,3.31,1.66,123.76,187.46,X,single,hit_into_play,Trea Turner singles on a ground ball to center fielder Trent Grisham.,ground_ball,101.7,-1.0,4.0,40.0,PHI,SD,1,Bot,R,0,0,0,0,2023,0.696,0.726,0.883,1.244,1.569,2.004,-4.1428138599999915,26.978203510000007,Straightaway,False,1,717408-6-1
2023,2023-07-15,717397,65,1,607208,"Turner, Trea",R,R,SL,Slider,5.0,-0.24,2.39,3.3,1.66,110.38,148.13,X,force_out,hit_into_play,"Trea Turner grounds into a force out, shortstop Ha-Seong Kim to second baseman Rougned Odor.   Johan Rojas out at 2nd.",ground_ball,102.8,0.0,4.0,48.0,PHI,SD,7,Bot,R,9,9,0,0,2023,0.696,0.726,0.883,1.244,1.569,2.004,-37.53489184000002,125.13294394000005,Pull,False,0,717397-65-1
2023,2023-07-15,717397,52,3,607208,"Turner, Trea",R,R,SC,Screwball,9.0,0.6,2.08,3.3,1.66,179.22,100.04,X,single,hit_into_play,Trea Turner singles on a line drive to right fielder Brandon Dixon.   Edmundo Sosa scores.    Johan Rojas to 3rd.,line_drive,98.2,12.0,4.0,229.0,PHI,SD,6,Bot,R,5,6,0,2,2023,0.696,0.726,0.883,1.244,1.569,2.004,134.2670998,245.14976233000002,Oppo,False,2,717397-52-3
2023,2023-07-15,717408,59,2,607208,"Turner, Trea",R,R,CH,Changeup,8.0,0.21,1.8,3.31,1.66,113.93,162.89,X,field_out,hit_into_play,"Trea Turner grounds out, shortstop Xander Bogaerts to first baseman Jake Cronenworth.",ground_ball,68.7,-28.0,2.0,4.0,PHI,SD,7,Bot,R,3,3,1,0,2023,0.696,0.726,0.883,1.244,1.569,2.004,-28.675259789999988,88.29683998000007,Pull,False,0,717408-59-2
2023,2023-07-14,717418,39,2,607208,"Turner, Trea",R,R,KC,Knuckle Curve,1.0,-0.37,2.92,3.3,1.65,99.12,162.89,X,field_out,hit_into_play,"Trea Turner grounds out, third baseman Manny Machado to first baseman Jake Cronenworth.",ground_ball,88.5,-5.0,2.0,27.0,PHI,SD,5,Bot,R,1,1,1,0,2023,0.696,0.726,0.883,1.244,1.569,2.004,-65.6361473,88.29683998000007,Pull,False,0,717418-39-2
2023,2023-07-14,717418,23,1,607208,"Turner, Trea",R,R,SL,Slider,6.0,0.58,2.29,3.3,1.65,160.6,48.75,X,field_out,hit_into_play,Trea Turner flies out to center fielder Trent Grisham.,fly_ball,98.5,34.0,5.0,380.0,PHI,SD,3,Bot,R,0,0,0,0,2023,0.696,0.726,0.883,1.244,1.569,2.004,87.79770577999999,373.1527279200001,Oppo,False,2,717418-23-1
2023,2023-07-09,717426,43,1,607208,"Turner, Trea",L,R,FF,4-Seam Fastball,3.0,0.77,2.8,3.26,1.64,153.09,58.39,X,field_out,hit_into_play,Trea Turner flies out to center fielder Dane Myers.,fly_ball,92.6,29.0,3.0,354.0,MIA,PHI,6,Top,R,2,2,0,0,2023,0.696,0.726,0.883,1.244,1.569,2.004,69.05521657000001,349.09445948,Straightaway,False,1,717426-43-1
2023,2023-07-09,717426,60,5,607208,"Turner, Trea",R,R,FF,4-Seam Fastball,11.0,-0.51,3.55,3.26,1.64,182.6,69.19,X,field_out,hit_into_play,Trea Turner flies out to right fielder Jesus Sanchez.,fly_ball,96.4,27.0,5.0,350.0,MIA,PHI,8,Top,R,2,2,2,2,2023,0.696,0.726,0.883,1.244,1.569,2.004,142.70246778,322.1412126800001,Oppo,True,2,717426-60-5
2023,2023-07-09,717426,2,2,607208,"Turner, Trea",L,R,FF,4-Seam Fastball,5.0,0.04,2.38,3.26,1.64,84.4,155.05,X,field_out,hit_into_play,"Trea Turner grounds out, third baseman Jean Segura to first baseman Garrett Cooper.",ground_ball,89.8,-20.0,2.0,7.0,MIA,PHI,1,Top,R,0,0,1,0,2023,0.696,0.726,0.883,1.244,1.569,2.004,-102.37242442,107.86290062,Pull,False,0,717426-2-2
2023,2023-07-08,717438,42,3,607208,"Turner, Trea",L,R,SI,Sinker,7.0,-0.78,2.1,3.26,1.63,109.64,157.0,X,field_out,hit_into_play,"Trea Turner grounds out sharply, shortstop Jon Berti to first baseman Yuli Gurriel.",ground_ball,102.8,6.0,4.0,140.0,MIA,PHI,5,Top,R,3,3,0,2,2023,0.696,0.726,0.883,1.244,1.569,2.004,-39.38168838000001,102.99634217000003,Pull,False,0,717438-42-3
2023,2023-07-08,717438,2,6,607208,"Turner, Trea",L,R,SL,Slider,7.0,-0.42,1.85,3.26,1.63,32.22,82.85,X,home_run,hit_into_play,Trea Turner homers (10) on a fly ball to left field.,fly_ball,94.3,29.0,3.0,368.0,MIA,PHI,1,Top,R,0,1,2,2,2023,0.696,0.726,0.883,1.244,1.569,2.004,-232.59653720000003,288.0503468200001,Pull,False,0,717438-2-6
2023,2023-07-07,717466,38,4,607208,"Turner, Trea",R,R,FF,4-Seam Fastball,9.0,0.8,2.01,3.24,1.62,151.26,159.04,X,field_out,hit_into_play,"Trea Turner grounds out, second baseman Luis Arraez to first baseman Garrett Cooper.",ground_ball,81.8,-16.0,2.0,6.0,MIA,PHI,5,Top,R,0,0,1,2,2023,0.696,0.726,0.883,1.244,1.569,2.004,64.48813863999997,97.90517333000005,Oppo,False,2,717466-38-4
2023,2023-07-07,717466,21,3,607208,"Turner, Trea",R,R,FF,4-Seam Fastball,6.0,0.52,2.32,3.24,1.62,142.63,154.97,X,field_out,hit_into_play,"Trea Turner grounds out, second baseman Luis Arraez to first baseman Garrett Cooper.",ground_ball,91.9,-21.0,2.0,6.0,MIA,PHI,3,Top,R,0,0,0,2,2023,0.696,0.726,0.883,1.244,1.569,2.004,42.95049790999999,108.06255430000003,Oppo,False,2,717466-21-3
2023,2023-07-07,717466,2,8,607208,"Turner, Trea",R,R,CH,Changeup,8.0,0.27,1.72,3.24,1.62,126.9,86.81,X,single,hit_into_play,Trea Turner singles on a ground ball to center fielder Dane Myers.,ground_ball,102.5,-5.0,2.0,16.0,MIA,PHI,1,Top,R,0,0,1,2,2023,0.696,0.726,0.883,1.244,1.569,2.004,3.69359308000001,278.16748966000006,Straightaway,False,1,717466-2-8
2023,2023-07-07,717466,58,3,607208,"Turner, Trea",L,R,FF,4-Seam Fastball,4.0,-0.39,2.31,3.24,1.62,133.08,85.81,X,field_out,hit_into_play,Trea Turner lines out to center fielder Dane Myers.,line_drive,88.5,19.0,4.0,283.0,MIA,PHI,8,Top,R,1,1,0,2,2023,0.696,0.726,0.883,1.244,1.569,2.004,19.116839860000027,280.66316066,Straightaway,False,1,717466-58-3
2023,2023-07-06,717472,73,2,607208,"Turner, Trea",R,R,SI,Sinker,4.0,-0.62,2.55,3.21,1.6,169.14,85.7,X,single,hit_into_play,Trea Turner singles on a sharp line drive to right fielder Manuel Margot.   Garrett Stubbs scores.    Cristian Pache to 2nd.,line_drive,100.1,11.0,4.0,208.0,TB,PHI,11,Top,R,2,3,1,0,2023,0.696,0.726,0.883,1.244,1.569,2.004,109.11073611999997,280.93768447,Oppo,False,2,717472-73-2
2023,2023-07-06,717472,2,4,607208,"Turner, Trea",R,R,SL,Slider,8.0,0.1,1.79,3.21,1.6,105.28,159.51,X,single,hit_into_play,"Phillies challenged (play at 1st), call on the field was overturned: Trea Turner singles on a ground ball to shortstop Wander Franco.",ground_ball,99.0,-14.0,2.0,7.0,TB,PHI,1,Top,R,0,0,1,2,2023,0.696,0.726,0.883,1.244,1.569,2.004,-50.26281394000001,96.73220796000005,Pull,False,0,717472-2-4
2023,2023-07-06,717472,37,1,607208,"Turner, Trea",R,R,ST,Sweeper,2.0,0.25,3.03,3.21,1.6,138.12,177.4,X,field_error,hit_into_play,"Trea Turner reaches on a missed catch error by pitcher Kevin Kelly, assist to first baseman Yandy Diaz.",ground_ball,43.4,-38.0,1.0,4.0,TB,PHI,6,Top,R,1,1,0,0,2023,0.696,0.726,0.883,1.244,1.569,2.004,31.69502170000001,52.08465377000002,Oppo,False,2,717472-37-1
2023,2023-07-05,717491,38,1,607208,"Turner, Trea",R,R,SL,Slider,4.0,-0.42,2.09,3.19,1.59,63.03,131.46,X,home_run,hit_into_play,Trea Turner homers (9) on a fly ball to left field.,fly_ball,95.5,38.0,3.0,364.0,TB,PHI,5,Top,R,3,4,0,0,2023,0.696,0.726,0.883,1.244,1.569,2.004,-155.70491369,166.73577951000001,Pull,False,0,717491-38-1
2023,2023-07-05,717491,2,6,607208,"Turner, Trea",R,R,FF,4-Seam Fastball,8.0,0.27,1.89,3.19,1.59,126.71,139.19,X,field_out,hit_into_play,"Trea Turner grounds out sharply, second baseman Brandon Lowe to first baseman Luke Raley.",ground_ball,105.8,-14.0,2.0,7.0,TB,PHI,1,Top,R,0,0,3,2,2023,0.696,0.726,0.883,1.244,1.569,2.004,3.2194155899999806,147.44424268000003,Straightaway,False,1,717491-2-6
2023,2023-07-05,717491,21,6,607208,"Turner, Trea",R,R,SI,Sinker,5.0,0.12,2.56,3.19,1.59,180.6,94.04,X,single,hit_into_play,Trea Turner singles on a line drive to right fielder Josh Lowe.,line_drive,89.9,17.0,4.0,243.0,TB,PHI,3,Top,R,2,2,3,2,2023,0.696,0.726,0.883,1.244,1.569,2.004,137.71112578,260.12378833,Oppo,False,2,717491-21-6
2023,2023-07-04,717499,39,4,607208,"Turner, Trea",R,R,SI,Sinker,4.0,-0.38,2.59,3.19,1.59,108.11,167.71,X,field_out,hit_into_play,"Trea Turner grounds out, third baseman Isaac Paredes to first baseman Yandy Diaz.",ground_ball,97.4,-14.0,2.0,10.0,TB,PHI,6,Top,R,1,1,2,1,2023,0.696,0.726,0.883,1.244,1.569,2.004,-43.20006501000001,76.26770576000001,Pull,False,0,717499-39-4
2023,2023-07-04,717499,18,2,607208,"Turner, Trea",R,R,FC,Cutter,3.0,0.31,3.03,3.19,1.59,124.33,118.22,X,field_out,hit_into_play,Trea Turner pops out to second baseman Brandon Lowe.,popup,95.1,58.0,3.0,204.0,TB,PHI,3,Top,R,1,1,1,0,2023,0.696,0.726,0.883,1.244,1.569,2.004,-2.7202813900000087,199.77846355000005,Straightaway,False,1,717499-18-2
2023,2023-07-02,717528,42,1,607208,"Turner, Trea",R,R,SI,Sinker,11.0,-0.83,2.74,3.18,1.59,148.55,185.82,X,field_out,hit_into_play,Trea Turner pops out softly to first baseman Dominic Smith in foul territory.,popup,56.9,72.0,1.0,70.0,PHI,WSH,5,Bot,R,3,3,0,0,2023,0.696,0.726,0.883,1.244,1.569,2.004,57.72487023000003,31.071103950000044,Oppo,True,2,717528-42-1
2023,2023-07-02,717528,5,7,607208,"Turner, Trea",R,R,SL,Slider,14.0,1.16,1.64,3.18,1.59,151.65,162.89,X,field_out,hit_into_play,Trea Turner grounds out to first baseman Dominic Smith.,ground_ball,69.9,7.0,2.0,84.0,PHI,WSH,1,Bot,R,0,0,2,2,2023,0.696,0.726,0.883,1.244,1.569,2.004,65.46145033000002,88.29683998000007,Oppo,True,2,717528-5-7
2023,2023-07-02,717528,73,8,607208,"Turner, Trea",R,R,FF,4-Seam Fastball,8.0,0.27,1.81,3.18,1.59,110.5,153.73,X,field_out,hit_into_play,"Trea Turner grounds out, shortstop Ildemaro Vargas to first baseman Dominic Smith.",ground_ball,98.7,-9.0,2.0,11.0,PHI,WSH,9,Bot,R,4,4,3,2,2023,0.696,0.726,0.883,1.244,1.569,2.004,-37.235411320000004,111.15718634000007,Pull,False,0,717528-73-8
2023,2023-07-01,717543,60,7,607208,"Turner, Trea",R,R,ST,Sweeper,5.0,0.2,2.54,3.18,1.59,187.0,82.88,X,field_out,hit_into_play,Trea Turner flies out to right fielder Lane Thomas.,fly_ball,93.6,35.0,3.0,325.0,PHI,WSH,5,Bot,R,19,19,2,2,2023,0.696,0.726,0.883,1.244,1.569,2.004,153.68342018,287.97547669000005,Oppo,False,2,717543-60-7
2023,2023-07-01,717543,51,7,607208,"Turner, Trea",L,R,SI,Sinker,14.0,0.92,2.12,3.18,1.59,190.67,116.2,X,single,hit_into_play,Trea Turner singles on a sharp line drive to right fielder Lane Thomas.   Kyle Schwarber to 2nd.,line_drive,101.7,8.0,4.0,172.0,PHI,WSH,5,Bot,R,11,11,3,2,2023,0.696,0.726,0.883,1.244,1.569,2.004,162.84253274999998,204.81971897000003,Oppo,True,2,717543-51-7
2023,2023-07-01,717543,34,6,607208,"Turner, Trea",R,R,FF,4-Seam Fastball,13.0,-0.37,1.44,3.18,1.59,176.2,60.57,X,double,hit_into_play,Trea Turner doubles (18) on a sharp line drive to center fielder Derek Hill.,line_drive,101.9,22.0,6.0,364.0,PHI,WSH,4,Bot,R,7,7,2,2,2023,0.696,0.726,0.883,1.244,1.569,2.004,126.73017337999998,343.6538967000001,Oppo,True,2,717543-34-6
2023,2023-06-30,717563,47,4,607208,"Turner, Trea",R,R,SI,Sinker,6.0,0.32,2.11,3.18,1.59,135.9,114.03,X,single,hit_into_play,Trea Turner singles on a ground ball to center fielder Derek Hill.,ground_ball,91.1,-44.0,2.0,2.0,PHI,WSH,6,Bot,R,1,1,1,2,2023,0.696,0.726,0.883,1.244,1.569,2.004,26.154632080000013,210.23532504000005,Straightaway,False,1,717563-47-4
2023,2023-06-30,717563,26,3,607208,"Turner, Trea",R,R,ST,Sweeper,14.0,1.19,2.14,3.18,1.59,126.46,192.53,X,field_out,hit_into_play,Trea Turner lines out to shortstop CJ Abrams.,line_drive,81.7,14.0,4.0,184.0,PHI,WSH,3,Bot,R,1,1,0,2,2023,0.696,0.726,0.883,1.244,1.569,2.004,2.59549783999998,14.325151540000023,Straightaway,True,1,717563-26-3
2023,2023-06-30,717563,62,8,607208,"Turner, Trea",R,R,FF,4-Seam Fastball,4.0,-0.43,2.4,3.18,1.59,127.17,71.13,X,field_out,hit_into_play,Trea Turner lines out sharply to center fielder Derek Hill.,line_drive,104.2,16.0,5.0,318.0,PHI,WSH,8,Bot,R,1,1,3,2,2023,0.696,0.726,0.883,1.244,1.569,2.004,4.36742425,317.29961094000004,Straightaway,False,1,717563-62-8
2023,2023-06-29,717567,38,6,607208,"Turner, Trea",R,R,CH,Changeup,8.0,0.15,2.08,3.18,1.6,122.34,170.72,X,field_out,hit_into_play,Trea Turner pops out to shortstop Dansby Swanson.,popup,66.8,73.0,3.0,72.0,CHC,PHI,5,Top,R,3,3,3,2,2023,0.696,0.726,0.883,1.244,1.569,2.004,-7.6866666799999965,68.75573605000004,Straightaway,False,1,717567-38-6
2023,2023-06-29,717567,20,1,607208,"Turner, Trea",R,R,SI,Sinker,7.0,-0.4,1.67,3.18,1.6,173.14,111.66,X,single,hit_into_play,Trea Turner singles on a line drive to right fielder Mike Tauchman.   Kody Clemens to 2nd.,line_drive,91.1,13.0,4.0,207.0,CHC,PHI,3,Top,R,1,1,0,0,2023,0.696,0.726,0.883,1.244,1.569,2.004,119.09342011999998,216.15006531000006,Oppo,False,2,717567-20-1
2023,2023-06-29,717567,2,4,607208,"Turner, Trea",R,R,CH,Changeup,13.0,-0.33,1.19,3.18,1.6,43.76,101.82,X,double,hit_into_play,Trea Turner doubles (17) on a line drive to left fielder Ian Happ.,line_drive,93.0,18.0,4.0,276.0,CHC,PHI,1,Top,R,1,1,1,2,2023,0.696,0.726,0.883,1.244,1.569,2.004,-203.79649386,240.70746795000005,Pull,True,0,717567-2-4
2023,2023-06-28,717584,32,1,607208,"Turner, Trea",L,R,FC,Cutter,11.0,-0.36,3.44,3.19,1.6,104.84,159.69,X,field_out,hit_into_play,"Trea Turner grounds out, third baseman Nick Madrigal to first baseman Cody Bellinger.   Kyle Schwarber to 3rd.",ground_ball,103.0,3.0,4.0,76.0,CHC,PHI,4,Top,R,5,5,0,0,2023,0.696,0.726,0.883,1.244,1.569,2.004,-51.36090918,96.28298718000003,Pull,True,0,717584-32-1
2023,2023-06-28,717584,14,3,607208,"Turner, Trea",L,R,KC,Knuckle Curve,14.0,1.03,2.12,3.19,1.6,155.79,98.02,X,single,hit_into_play,Trea Turner singles on a line drive to right fielder Christopher Morel.   Cristian Pache to 3rd.,line_drive,75.6,28.0,3.0,245.0,CHC,PHI,2,Top,R,2,2,0,2,2023,0.696,0.726,0.883,1.244,1.569,2.004,75.79352826999998,250.19101775000004,Oppo,True,2,717584-14-3
2023,2023-06-28,717584,53,1,607208,"Turner, Trea",R,R,SI,Sinker,11.0,-1.11,2.56,3.19,1.6,85.93,142.2,X,field_out,hit_into_play,Trea Turner pops out to shortstop Dansby Swanson.,popup,62.4,50.0,3.0,175.0,CHC,PHI,6,Top,R,8,8,0,0,2023,0.696,0.726,0.883,1.244,1.569,2.004,-98.55404779,139.93227297000007,Pull,True,0,717584-53-1
2023,2023-06-28,717584,2,1,607208,"Turner, Trea",L,R,KC,Knuckle Curve,6.0,0.44,2.25,3.19,1.6,202.15,96.25,X,field_out,hit_into_play,Trea Turner flies out to right fielder Christopher Morel.,fly_ball,92.6,29.0,3.0,315.0,CHC,PHI,1,Top,R,0,0,0,0,2023,0.696,0.726,0.883,1.244,1.569,2.004,191.49283583000002,254.60835542000004,Oppo,False,2,717584-2-1
2023,2023-06-27,717596,49,1,607208,"Turner, Trea",R,R,SI,Sinker,4.0,-0.69,2.22,3.2,1.6,127.32,144.79,X,field_out,hit_into_play,"Trea Turner grounds out, second baseman Nico Hoerner to first baseman Cody Bellinger.",ground_ball,86.3,-13.0,2.0,9.0,CHC,PHI,7,Top,R,5,5,0,0,2023,0.696,0.726,0.883,1.244,1.569,2.004,4.741774899999979,133.46848508000005,Straightaway,False,1,717596-49-1
2023,2023-06-27,717596,2,7,607208,"Turner, Trea",R,R,SI,Sinker,2.0,-0.13,2.76,3.2,1.6,203.69,116.69,X,single,hit_into_play,"Trea Turner singles on a line drive to right fielder Seiya Suzuki.   Kyle Schwarber scores.  Trea Turner out at 2nd on the throw, right fielder Seiya Suzuki to first baseman Cody Bellinger.",line_drive,90.8,16.0,4.0,240.0,CHC,PHI,1,Top,R,0,1,3,2,2023,0.696,0.726,0.883,1.244,1.569,2.004,195.33616917,203.59684018000004,Oppo,False,2,717596-2-7
2023,2023-06-25,717624,25,2,607208,"Turner, Trea",R,R,SL,Slider,8.0,-0.27,1.94,3.19,1.59,87.39,111.21,X,single,hit_into_play,Trea Turner singles on a ground ball to left fielder Tommy Pham.   Edmundo Sosa scores.    Kyle Schwarber to 2nd.,ground_ball,102.2,-7.0,2.0,15.0,PHI,NYM,3,Bot,R,1,2,0,1,2023,0.696,0.726,0.883,1.244,1.569,2.004,-94.91036813000001,217.27311726000005,Pull,False,0,717624-25-2
2023,2023-06-25,717624,65,6,607208,"Turner, Trea",R,R,ST,Sweeper,5.0,-0.2,2.33,3.19,1.59,76.18,77.4,X,field_out,hit_into_play,Trea Turner flies out to left fielder Tommy Pham.,fly_ball,89.2,37.0,3.0,325.0,PHI,NYM,7,Bot,R,3,3,1,2,2023,0.696,0.726,0.883,1.244,1.569,2.004,-122.88684004,301.65175377,Pull,False,0,717624-65-6
2023,2023-06-25,717624,6,1,607208,"Turner, Trea",R,R,FF,4-Seam Fastball,5.0,-0.13,2.25,3.19,1.59,131.58,29.27,X,home_run,hit_into_play,Trea Turner homers (8) on a fly ball to center field.,fly_ball,107.6,21.0,6.0,415.0,PHI,NYM,1,Bot,R,0,1,0,0,2023,0.696,0.726,0.883,1.244,1.569,2.004,15.373333360000029,421.76839900000004,Straightaway,False,1,717624-6-1
2023,2023-06-24,717635,38,4,607208,"Turner, Trea",R,R,FF,4-Seam Fastball,14.0,0.06,1.46,3.2,1.6,88.43,82.6,X,single,hit_into_play,Trea Turner singles on a line drive to left fielder Mark Canha.   Brandon Marsh scores.,line_drive,92.6,14.0,4.0,244.0,PHI,NYM,5,Bot,R,1,2,2,1,2023,0.696,0.726,0.883,1.244,1.569,2.004,-92.31487028999999,288.67426457000005,Pull,True,0,717635-38-4
2023,2023-06-24,717635,23,3,607208,"Turner, Trea",R,R,FF,4-Seam Fastball,8.0,-0.14,1.92,3.2,1.6,185.27,96.76,X,field_out,hit_into_play,Trea Turner flies out to right fielder Starling Marte.,fly_ball,86.9,36.0,3.0,293.0,PHI,NYM,3,Bot,R,0,0,0,2,2023,0.696,0.726,0.883,1.244,1.569,2.004,149.36590935000004,253.33556321000003,Oppo,False,2,717635-23-3
2023,2023-06-24,717635,6,4,607208,"Turner, Trea",R,R,FF,4-Seam Fastball,14.0,0.69,1.31,3.2,1.6,170.29,97.94,X,field_out,hit_into_play,Trea Turner flies out to right fielder Starling Marte.,fly_ball,82.8,40.0,3.0,274.0,PHI,NYM,1,Bot,R,0,0,2,1,2023,0.696,0.726,0.883,1.244,1.569,2.004,111.98075776999998,250.39067143000005,Oppo,True,2,717635-6-4
2023,2023-06-23,717656,39,4,607208,"Turner, Trea",R,R,FO,Forkball,7.0,-0.54,1.83,3.19,1.6,88.58,74.9,X,field_out,hit_into_play,Trea Turner flies out to left fielder Tommy Pham.,fly_ball,85.8,34.0,3.0,321.0,PHI,NYM,5,Bot,R,2,2,1,2,2023,0.696,0.726,0.883,1.244,1.569,2.004,-91.94051964000002,307.89093127,Pull,False,0,717656-39-4
2023,2023-06-23,717656,51,5,607208,"Turner, Trea",R,R,FF,4-Seam Fastball,2.0,-0.15,2.8,3.19,1.6,79.19,108.16,X,single,hit_into_play,Trea Turner singles on a ground ball to left fielder Tommy Pham.   Alec Bohm scores.    Brandon Marsh scores.    Kyle Schwarber to 2nd.,ground_ball,100.9,7.0,4.0,145.0,PHI,NYM,6,Bot,R,3,5,2,2,2023,0.696,0.726,0.883,1.244,1.569,2.004,-115.37487033000002,224.88491381000006,Pull,False,0,717656-51-5
2023,2023-06-22,717657,42,1,607208,"Turner, Trea",R,R,SI,Sinker,13.0,-0.86,2.03,3.19,1.6,109.74,179.69,X,field_out,hit_into_play,"Trea Turner grounds out, third baseman Austin Riley to first baseman Matt Olson.",ground_ball,68.6,-56.0,2.0,1.0,PHI,ATL,6,Bot,R,0,0,0,0,2023,0.696,0.726,0.883,1.244,1.569,2.004,-39.13212128000002,46.36956718000003,Pull,True,0,717657-42-1
2023,2023-06-20,717689,39,3,607208,"Turner, Trea",R,R,FF,4-Seam Fastball,2.0,0.21,3.12,3.19,1.6,161.39,50.2,X,field_out,hit_into_play,Trea Turner flies out sharply to center fielder Michael Harris II.   Brandon Marsh to 3rd.,fly_ball,102.5,26.0,6.0,378.0,PHI,ATL,5,Bot,R,0,0,0,2,2023,0.696,0.726,0.883,1.244,1.569,2.004,89.76928586999996,369.53400497,Oppo,False,2,717689-39-3
2023,2023-06-20,717689,23,5,607208,"Turner, Trea",R,R,SL,Slider,13.0,-0.35,1.39,3.19,1.6,126.27,186.96,X,field_out,hit_into_play,"Trea Turner grounds out, pitcher Spencer Strider to first baseman Matt Olson.",ground_ball,62.0,-65.0,2.0,1.0,PHI,ATL,3,Bot,R,0,0,1,2,2023,0.696,0.726,0.883,1.244,1.569,2.004,2.121320349999986,28.226039010000008,Straightaway,True,1,717689-23-5
2023,2023-06-20,717689,65,5,607208,"Turner, Trea",R,R,FF,4-Seam Fastball,9.0,0.82,2.04,3.19,1.6,152.17,52.66,X,field_out,hit_into_play,Trea Turner lines out sharply to center fielder Michael Harris II.,line_drive,102.0,20.0,5.0,367.0,PHI,ATL,8,Bot,R,1,1,2,2,2023,0.696,0.726,0.883,1.244,1.569,2.004,66.75919924999997,363.3946543100001,Straightaway,False,1,717689-65-5
2023,2023-06-20,717689,5,2,607208,"Turner, Trea",R,R,FF,4-Seam Fastball,5.0,-0.05,2.66,3.19,1.6,186.32,77.5,X,field_out,hit_into_play,Trea Turner flies out to right fielder Ronald Acuna Jr.,fly_ball,97.2,31.0,5.0,335.0,PHI,ATL,1,Bot,R,0,0,0,1,2023,0.696,0.726,0.883,1.244,1.569,2.004,151.9863639,301.40218667000005,Oppo,False,2,717689-5-2
2023,2023-06-18,717705,37,2,607208,"Turner, Trea",L,R,FF,4-Seam Fastball,3.0,0.56,2.92,3.18,1.6,127.55,188.94,X,field_out,hit_into_play,Trea Turner pops out to first baseman Ryan Noda in foul territory.,popup,78.8,79.0,3.0,96.0,OAK,PHI,5,Top,R,2,2,0,1,2023,0.696,0.726,0.883,1.244,1.569,2.004,5.315779229999989,23.284610430000033,Oppo,False,2,717705-37-2
2023,2023-06-18,717705,58,3,607208,"Turner, Trea",R,R,FF,4-Seam Fastball,7.0,-0.38,1.67,3.18,1.6,87.03,96.05,X,single,hit_into_play,Trea Turner singles on a ground ball to left fielder Seth Brown.   Cristian Pache scores.,ground_ball,104.9,4.0,4.0,121.0,OAK,PHI,8,Top,R,2,3,1,1,2023,0.696,0.726,0.883,1.244,1.569,2.004,-95.80880969,255.10748962000005,Pull,False,0,717705-58-3
2023,2023-06-17,717725,38,2,607208,"Turner, Trea",R,R,SL,Slider,2.0,-0.02,2.81,3.18,1.61,95.42,166.67,X,single,hit_into_play,Trea Turner singles on a ground ball to third baseman Jonah Bride.,ground_ball,78.8,-27.0,2.0,6.0,OAK,PHI,6,Top,R,0,0,0,1,2023,0.696,0.726,0.883,1.244,1.569,2.004,-74.87013,78.86320360000006,Pull,False,0,717725-38-2
2023,2023-06-17,717725,17,2,607208,"Turner, Trea",R,R,FF,4-Seam Fastball,12.0,0.2,3.57,3.18,1.61,181.28,66.57,X,field_out,hit_into_play,Trea Turner flies out to right fielder JJ Bleday.,fly_ball,96.3,27.0,5.0,355.0,OAK,PHI,3,Top,R,0,0,0,1,2023,0.696,0.726,0.883,1.244,1.569,2.004,139.40818206,328.6798707000001,Oppo,True,2,717725-17-2
2023,2023-06-17,717725,2,1,607208,"Turner, Trea",R,R,FF,4-Seam Fastball,3.0,0.3,2.73,3.18,1.61,138.53,99.53,X,field_out,hit_into_play,Trea Turner flies out to center fielder Esteury Ruiz.,fly_ball,78.1,41.0,3.0,251.0,OAK,PHI,1,Top,R,0,0,0,0,2023,0.696,0.726,0.883,1.244,1.569,2.004,32.718246810000004,246.42255454000005,Straightaway,False,1,717725-2-1
2023,2023-06-17,717725,56,1,607208,"Turner, Trea",R,R,SL,Slider,1.0,-0.29,2.95,3.18,1.61,32.46,97.9,X,field_out,hit_into_play,Trea Turner flies out to left fielder Seth Brown.,fly_ball,99.7,38.0,5.0,338.0,OAK,PHI,8,Top,R,1,1,0,0,2023,0.696,0.726,0.883,1.244,1.569,2.004,-231.99757616000005,250.49049827000002,Pull,False,0,717725-56-1
2023,2023-06-16,717735,34,2,607208,"Turner, Trea",L,R,SL,Slider,12.0,0.39,3.32,3.17,1.61,169.52,148.08,X,field_out,hit_into_play,Trea Turner pops out to first baseman Ryan Noda.,popup,86.8,66.0,3.0,169.0,OAK,PHI,5,Top,R,4,4,0,1,2023,0.696,0.726,0.883,1.244,1.569,2.004,110.05909110000003,125.25772749000001,Oppo,True,2,717735-34-2
2023,2023-06-16,717735,17,5,607208,"Turner, Trea",L,R,FF,4-Seam Fastball,4.0,-0.36,2.57,3.17,1.61,190.59,123.89,X,field_out,hit_into_play,Trea Turner flies out to right fielder Seth Brown.,fly_ball,84.2,46.0,3.0,246.0,OAK,PHI,3,Top,R,2,2,2,2,2023,0.696,0.726,0.883,1.244,1.569,2.004,162.64287907000002,185.62800898000003,Oppo,False,2,717735-17-5
2023,2023-06-16,717735,55,3,607208,"Turner, Trea",R,R,SI,Sinker,1.0,-0.37,2.99,3.17,1.61,100.54,160.56,X,double_play,hit_into_play,"Trea Turner lines into a double play, third baseman Jonah Bride to first baseman Ryan Noda.   Cristian Pache out at 1st.",line_drive,100.9,6.0,4.0,115.0,OAK,PHI,8,Top,R,4,4,1,1,2023,0.696,0.726,0.883,1.244,1.569,2.004,-62.09229447999999,94.11175341000003,Pull,False,0,717735-55-3
2023,2023-06-16,717735,2,5,607208,"Turner, Trea",L,R,CH,Changeup,8.0,0.17,1.83,3.17,1.61,123.31,44.97,X,field_out,hit_into_play,Trea Turner flies out to center fielder Esteury Ruiz.,fly_ball,99.7,30.0,6.0,380.0,OAK,PHI,1,Top,R,1,1,1,2,2023,0.696,0.726,0.883,1.244,1.569,2.004,-5.265865809999999,382.58636430000007,Straightaway,False,1,717735-2-5
2023,2023-06-15,717755,33,1,607208,"Turner, Trea",R,R,FC,Cutter,8.0,0.2,1.98,3.16,1.59,157.77,88.05,X,single,hit_into_play,Trea Turner singles on a sharp line drive to right fielder Pavin Smith.   Kyle Schwarber to 3rd.,line_drive,102.3,9.0,4.0,184.0,AZ,PHI,4,Top,R,4,4,0,0,2023,0.696,0.726,0.883,1.244,1.569,2.004,80.73495685000003,275.07285762000004,Oppo,False,2,717755-33-1
2023,2023-06-15,717755,14,3,607208,"Turner, Trea",R,R,FC,Cutter,9.0,0.54,1.72,3.16,1.59,153.65,164.25,X,single,hit_into_play,Trea Turner singles on a ground ball to first baseman Christian Walker.   Alec Bohm scores.    Brandon Marsh to 3rd.    Kyle Schwarber to 2nd.,ground_ball,94.6,3.0,4.0,82.0,AZ,PHI,2,Top,R,1,2,0,2,2023,0.696,0.726,0.883,1.244,1.569,2.004,70.45279233000002,84.90272742000003,Oppo,False,2,717755-14-3
2023,2023-06-15,717755,49,5,607208,"Turner, Trea",R,R,CU,Curveball,2.0,0.24,2.79,3.16,1.59,66.0,110.04,X,field_out,hit_into_play,Trea Turner lines out to left fielder Corbin Carroll.,line_drive,88.2,20.0,4.0,266.0,AZ,PHI,6,Top,R,5,5,2,2,2023,0.696,0.726,0.883,1.244,1.569,2.004,-148.29277082000002,220.19305233000003,Pull,False,0,717755-49-5
2023,2023-06-15,717755,2,1,607208,"Turner, Trea",R,R,FF,4-Seam Fastball,1.0,-0.45,2.76,3.16,1.59,42.04,111.7,X,field_out,hit_into_play,Trea Turner flies out to left fielder Corbin Carroll.,fly_ball,97.0,53.0,3.0,297.0,AZ,PHI,1,Top,R,0,0,0,0,2023,0.696,0.726,0.883,1.244,1.569,2.004,-208.08904798,216.05023847000004,Pull,False,0,717755-2-1
2023,2023-06-15,717755,66,3,607208,"Turner, Trea",R,R,SI,Sinker,11.0,-0.88,2.83,3.16,1.59,138.83,150.16,X,force_out,hit_into_play,"Trea Turner grounds into a force out, second baseman Ketel Marte to shortstop Geraldo Perdomo.   Garrett Stubbs to 3rd.    Kyle Schwarber out at 2nd.    Trea Turner to 1st.",ground_ball,56.3,11.0,1.0,82.0,AZ,PHI,8,Top,R,5,5,1,1,2023,0.696,0.726,0.883,1.244,1.569,2.004,33.46694811000003,120.06673181000005,Oppo,True,2,717755-66-3
2023,2023-06-14,717757,19,3,607208,"Turner, Trea",R,R,FF,4-Seam Fastball,9.0,0.66,1.71,3.16,1.59,196.32,129.26,X,double,hit_into_play,Trea Turner doubles (16) on a line drive to right fielder Pavin Smith.,line_drive,97.3,11.0,4.0,206.0,AZ,PHI,3,Top,R,1,1,0,2,2023,0.696,0.726,0.883,1.244,1.569,2.004,176.9430739,172.22625571000006,Oppo,False,2,717757-19-3
2023,2023-06-14,717757,76,4,607208,"Turner, Trea",R,R,FF,4-Seam Fastball,11.0,-0.57,3.55,3.16,1.59,171.39,138.93,X,field_error,hit_into_play,Trea Turner reaches on a fielding error by right fielder Jake McCarthy.   Brandon Marsh to 3rd.    Trea Turner to 2nd.,fly_ball,75.2,55.0,3.0,190.0,AZ,PHI,10,Top,R,3,3,1,2,2023,0.696,0.726,0.883,1.244,1.569,2.004,114.72599586999998,148.09311714000003,Oppo,True,2,717757-76-4
2023,2023-06-13,717775,66,4,607208,"Turner, Trea",L,R,SI,Sinker,9.0,0.75,1.71,3.17,1.6,115.17,185.11,X,single,hit_into_play,Trea Turner singles on a ground ball to third baseman Emmanuel Rivera.   Kyle Schwarber to 2nd.,ground_ball,68.6,-58.0,2.0,1.0,AZ,PHI,8,Top,R,8,8,1,2,2023,0.696,0.726,0.883,1.244,1.569,2.004,-25.58062775,32.84303035999999,Pull,False,0,717775-66-4
2023,2023-06-13,717775,31,6,607208,"Turner, Trea",R,R,CU,Curveball,6.0,0.71,2.57,3.17,1.6,147.96,86.39,X,single,hit_into_play,Trea Turner singles on a sharp line drive to center fielder Jake McCarthy.,line_drive,101.7,14.0,4.0,237.0,AZ,PHI,4,Top,R,6,6,2,2,2023,0.696,0.726,0.883,1.244,1.569,2.004,56.25242434000002,279.21567148,Straightaway,False,1,717775-31-6
2023,2023-06-13,717775,47,2,607208,"Turner, Trea",L,R,CH,Changeup,14.0,0.63,1.34,3.17,1.6,99.45,166.35,X,field_out,hit_into_play,"Trea Turner grounds out, third baseman Emmanuel Rivera to first baseman Christian Walker.",ground_ball,69.6,-15.0,2.0,5.0,AZ,PHI,6,Top,R,7,7,0,1,2023,0.696,0.726,0.883,1.244,1.569,2.004,-64.81257587,79.66181832000005,Pull,True,0,717775-47-2
2023,2023-06-12,717785,36,3,607208,"Turner, Trea",L,R,CU,Curveball,14.0,0.87,2.25,3.18,1.62,143.47,152.54,X,field_out,hit_into_play,"Trea Turner grounds out, second baseman Ketel Marte to first baseman Christian Walker.",ground_ball,77.6,-42.0,2.0,2.0,AZ,PHI,4,Top,R,5,5,1,1,2023,0.696,0.726,0.883,1.244,1.569,2.004,45.046861549999996,114.12703483000006,Oppo,True,2,717785-36-3
2023,2023-06-12,717785,62,4,607208,"Turner, Trea",R,R,SL,Slider,5.0,0.23,2.22,3.18,1.62,133.09,65.6,X,field_out,hit_into_play,Trea Turner flies out to center fielder Jake McCarthy.,fly_ball,91.4,38.0,3.0,331.0,AZ,PHI,7,Top,R,5,5,0,2,2023,0.696,0.726,0.883,1.244,1.569,2.004,19.141796570000007,331.1006715700001,Straightaway,False,1,717785-62-4
2023,2023-06-12,717785,75,2,607208,"Turner, Trea",L,R,SI,Sinker,3.0,0.81,2.76,3.18,1.62,138.38,180.02,X,field_out,hit_into_play,"Trea Turner grounds out, pitcher Andrew Chafin to first baseman Christian Walker.   Dalton Guthrie to 2nd.",ground_ball,63.8,-65.0,2.0,1.0,AZ,PHI,8,Top,R,7,7,0,1,2023,0.696,0.726,0.883,1.244,1.569,2.004,32.343896159999986,45.54599575,Oppo,False,2,717785-75-2
2023,2023-06-11,717806,7,1,607208,"Turner, Trea",L,R,FF,4-Seam Fastball,14.0,0.26,1.28,3.19,1.62,115.85,120.76,X,single,hit_into_play,"Trea Turner singles on a line drive to center fielder Jason Heyward, deflected by second baseman Miguel Vargas.",line_drive,88.4,10.0,4.0,179.0,PHI,LAD,1,Bot,R,0,0,0,0,2023,0.696,0.726,0.883,1.244,1.569,2.004,-23.88357147000002,193.43945921000002,Straightaway,True,1,717806-7-1
2023,2023-06-11,717806,71,3,607208,"Turner, Trea",R,R,SL,Slider,14.0,0.37,1.25,3.19,1.62,152.79,165.95,X,field_out,hit_into_play,"Trea Turner grounds out, first baseman Freddie Freeman to pitcher Brusdar Graterol.",ground_ball,84.0,6.0,4.0,102.0,PHI,LAD,8,Bot,R,7,7,0,2,2023,0.696,0.726,0.883,1.244,1.569,2.004,68.30651526999998,80.66008672000007,Oppo,True,2,717806-71-3
2023,2023-06-11,717806,39,4,607208,"Turner, Trea",R,R,ST,Sweeper,8.0,-0.15,1.66,3.19,1.62,104.03,158.31,X,field_out,hit_into_play,"Trea Turner grounds out, third baseman Max Muncy to first baseman Freddie Freeman.",ground_ball,71.6,-9.0,2.0,11.0,PHI,LAD,5,Bot,R,3,3,1,2,2023,0.696,0.726,0.883,1.244,1.569,2.004,-53.382402690000006,99.72701316000003,Pull,False,0,717806-39-4
2023,2023-06-11,717806,56,3,607208,"Turner, Trea",R,R,FF,4-Seam Fastball,2.0,-0.16,3.16,3.19,1.62,68.93,83.73,X,single,hit_into_play,Trea Turner singles on a sharp line drive to left fielder David Peralta.,line_drive,105.4,15.0,5.0,271.0,PHI,LAD,7,Bot,R,4,4,2,0,2023,0.696,0.726,0.883,1.244,1.569,2.004,-140.98045479,285.85415634000003,Pull,False,0,717806-56-3
2023,2023-06-11,717806,24,2,607208,"Turner, Trea",R,R,SL,Slider,6.0,0.51,2.34,3.19,1.62,101.6,44.28,X,double,hit_into_play,Trea Turner doubles (15) on a fly ball to center fielder Jason Heyward.,fly_ball,99.8,24.0,6.0,386.0,PHI,LAD,3,Bot,R,1,1,0,1,2023,0.696,0.726,0.883,1.244,1.569,2.004,-59.446883220000025,384.30837729000007,Straightaway,False,1,717806-24-2
2023,2023-06-10,717811,46,1,607208,"Turner, Trea",R,R,SI,Sinker,2.0,0.02,3.02,3.21,1.63,206.73,87.85,X,field_out,hit_into_play,Trea Turner flies out to right fielder Jason Heyward.,fly_ball,95.0,27.0,5.0,339.0,PHI,LAD,6,Bot,R,0,0,0,0,2023,0.696,0.726,0.883,1.244,1.569,2.004,202.92300901,275.57199182000005,Oppo,False,2,717811-46-1
2023,2023-06-10,717811,10,6,607208,"Turner, Trea",R,R,SI,Sinker,6.0,0.32,2.52,3.21,1.63,158.28,84.7,X,single,hit_into_play,Trea Turner singles on a line drive to center fielder James Outman.,line_drive,87.3,15.0,4.0,233.0,PHI,LAD,2,Bot,R,0,0,3,2,2023,0.696,0.726,0.883,1.244,1.569,2.004,82.00774906000001,283.43335547000004,Oppo,False,2,717811-10-6
2023,2023-06-09,717837,43,5,607208,"Turner, Trea",R,R,FF,4-Seam Fastball,4.0,-0.31,2.69,3.2,1.62,96.14,74.17,X,single,hit_into_play,Trea Turner singles on a sharp line drive to left fielder Chris Taylor.   Nick Castellanos scores.,line_drive,101.7,12.0,4.0,257.0,PHI,LAD,5,Bot,R,3,4,1,2,2023,0.696,0.726,0.883,1.244,1.569,2.004,-73.07324688000001,309.71277110000005,Pull,False,0,717837-43-5
2023,2023-06-09,717837,27,2,607208,"Turner, Trea",R,R,FF,4-Seam Fastball,2.0,-0.18,2.74,3.2,1.62,151.34,73.95,X,field_out,hit_into_play,Trea Turner lines out to center fielder Jonny Deluca.,line_drive,94.4,24.0,3.0,317.0,PHI,LAD,3,Bot,R,1,1,1,0,2023,0.696,0.726,0.883,1.244,1.569,2.004,64.68779232000001,310.26181872000006,Straightaway,False,1,717837-27-2
2023,2023-06-09,717837,9,4,607208,"Turner, Trea",R,R,SL,Slider,9.0,0.62,2.01,3.2,1.62,136.15,100.52,X,single,hit_into_play,Trea Turner singles on a sharp line drive to center fielder Jonny Deluca.   Bryce Harper to 2nd.,line_drive,101.8,11.0,4.0,225.0,PHI,LAD,1,Bot,R,0,0,1,2,2023,0.696,0.726,0.883,1.244,1.569,2.004,26.778549830000014,243.95184025000006,Straightaway,False,1,717837-9-4
2023,2023-06-08,717862,41,2,607208,"Turner, Trea",R,R,SL,Slider,7.0,-0.32,1.86,3.23,1.64,115.49,59.22,X,field_out,hit_into_play,Trea Turner flies out to center fielder Akil Baddoo.,fly_ball,95.6,35.0,3.0,347.0,PHI,DET,6,Bot,R,1,1,0,1,2023,0.696,0.726,0.883,1.244,1.569,2.004,-24.78201303000002,347.02305255000005,Straightaway,False,1,717862-41-2
2023,2023-06-08,717862,26,5,607208,"Turner, Trea",R,R,SI,Sinker,12.0,0.1,3.42,3.23,1.64,109.61,155.77,X,field_out,hit_into_play,"Trea Turner grounds out, shortstop Javier Baez to first baseman Spencer Torkelson.",ground_ball,86.9,-34.0,2.0,5.0,PHI,DET,4,Bot,R,0,0,2,2,2023,0.696,0.726,0.883,1.244,1.569,2.004,-39.45655851000001,106.06601750000002,Pull,True,0,717862-26-5
2023,2023-06-08,717862,11,2,607208,"Turner, Trea",R,R,FF,4-Seam Fastball,5.0,0.22,2.17,3.23,1.64,193.77,151.28,X,field_out,hit_into_play,Trea Turner flies out to right fielder Zach McKinstry in foul territory.,fly_ball,89.6,54.0,3.0,205.0,PHI,DET,2,Bot,R,0,0,1,0,2023,0.696,0.726,0.883,1.244,1.569,2.004,170.57911285000003,117.27158029000003,Oppo,False,2,717862-11-2
2023,2023-06-06,717875,7,5,607208,"Turner, Trea",L,R,CH,Changeup,8.0,-0.04,1.77,3.25,1.65,111.01,149.9,X,field_out,hit_into_play,"Trea Turner grounds out, shortstop Javier Baez to first baseman Spencer Torkelson.",ground_ball,105.3,1.0,4.0,128.0,PHI,DET,1,Bot,R,1,1,1,2,2023,0.696,0.726,0.883,1.244,1.569,2.004,-35.96261910999999,120.71560627000002,Pull,False,0,717875-7-5
2023,2023-06-06,717875,26,1,607208,"Turner, Trea",R,R,SL,Slider,5.0,0.0,2.25,3.25,1.65,88.9,52.63,X,field_out,hit_into_play,Trea Turner flies out to left fielder Akil Baddoo.,fly_ball,99.8,37.0,5.0,372.0,PHI,DET,4,Bot,R,1,1,0,0,2023,0.696,0.726,0.883,1.244,1.569,2.004,-91.14190492,363.46952444000004,Pull,False,0,717875-26-1
2023,2023-06-05,717886,39,2,607208,"Turner, Trea",L,R,FF,4-Seam Fastball,4.0,-0.3,2.57,3.26,1.65,30.25,55.38,X,home_run,hit_into_play,Trea Turner homers (7) on a fly ball to left field.,fly_ball,106.8,34.0,6.0,424.0,PHI,DET,5,Bot,R,4,5,1,0,2023,0.696,0.726,0.883,1.244,1.569,2.004,-237.51300907,356.6064291900001,Pull,False,0,717886-39-2
2023,2023-06-05,717886,23,6,607208,"Turner, Trea",L,R,FC,Cutter,4.0,-0.3,2.15,3.26,1.65,50.8,45.94,X,home_run,hit_into_play,Trea Turner homers (6) on a fly ball to left center field.,fly_ball,105.4,29.0,6.0,420.0,PHI,DET,3,Bot,R,2,3,3,2,2023,0.696,0.726,0.883,1.244,1.569,2.004,-186.22697002000004,380.1655634300001,Pull,False,0,717886-23-6
2023,2023-06-05,717886,57,3,607208,"Turner, Trea",R,R,SL,Slider,5.0,0.19,2.55,3.26,1.65,90.93,58.21,X,single,hit_into_play,Trea Turner singles on a sharp line drive to left fielder Akil Baddoo.   Bryce Harper to 3rd.,line_drive,101.0,18.0,5.0,317.0,PHI,DET,7,Bot,R,5,5,1,1,2023,0.696,0.726,0.883,1.244,1.569,2.004,-86.07569278999999,349.54368026000003,Pull,False,0,717886-57-3
2023,2023-06-05,717886,7,6,607208,"Turner, Trea",L,R,FF,4-Seam Fastball,8.0,-0.26,1.86,3.26,1.65,85.36,126.76,X,single,hit_into_play,"Trea Turner singles on a ground ball to left fielder Akil Baddoo, deflected by shortstop Javier Baez.   Kyle Schwarber scores.    Nick Castellanos to 2nd.",ground_ball,95.6,-16.0,2.0,6.0,PHI,DET,1,Bot,R,0,1,2,2,2023,0.696,0.726,0.883,1.244,1.569,2.004,-99.97658026000002,178.46543321000001,Pull,False,0,717886-7-6
2023,2023-06-05,717886,71,1,607208,"Turner, Trea",L,R,FS,Split-Finger,13.0,-0.19,1.28,3.26,1.65,100.09,169.51,X,field_out,hit_into_play,Trea Turner lines out to third baseman Nick Maton.,line_drive,105.4,8.0,4.0,138.0,PHI,DET,8,Bot,R,8,8,0,0,2023,0.696,0.726,0.883,1.244,1.569,2.004,-63.215346430000004,71.77549796000005,Pull,True,0,717886-71-1
2023,2023-06-04,717902,39,5,607208,"Turner, Trea",R,R,SL,Slider,14.0,0.13,1.0,3.27,1.65,98.51,142.06,X,fielders_choice,hit_into_play,"Trea Turner reaches on a fielder's choice, fielded by shortstop Ildemaro Vargas.   Bryce Harper to 2nd.  Bryce Harper advances to 2nd, on a fielding error by shortstop Ildemaro Vargas.",ground_ball,96.1,-14.0,2.0,4.0,WSH,PHI,5,Top,R,2,2,2,2,2023,0.696,0.726,0.883,1.244,1.569,2.004,-67.15850661,140.28166691000004,Pull,True,0,717902-39-5
2023,2023-06-04,717902,20,4,607208,"Turner, Trea",R,R,SL,Slider,8.0,0.18,1.92,3.27,1.65,111.5,72.71,X,field_out,hit_into_play,Trea Turner lines out sharply to center fielder Alex Call.,line_drive,103.8,14.0,4.0,316.0,WSH,PHI,3,Top,R,1,1,2,1,2023,0.696,0.726,0.883,1.244,1.569,2.004,-34.73974032000001,313.3564507600001,Straightaway,False,1,717902-20-4
2023,2023-06-04,717902,68,3,607208,"Turner, Trea",R,R,SI,Sinker,5.0,0.1,2.45,3.27,1.65,201.97,98.81,X,field_out,hit_into_play,Trea Turner lines out sharply to right fielder Lane Thomas.,line_drive,103.8,18.0,5.0,311.0,WSH,PHI,8,Top,R,8,8,1,1,2023,0.696,0.726,0.883,1.244,1.569,2.004,191.04361505,248.21943766000004,Oppo,False,2,717902-68-3
2023,2023-06-04,717902,4,1,607208,"Turner, Trea",R,R,SL,Slider,9.0,0.56,1.97,3.27,1.65,94.83,166.33,X,force_out,hit_into_play,"Trea Turner grounds into a force out, third baseman Jeimer Candelario to second baseman Luis Garcia.   Bryce Harper out at 2nd.",ground_ball,80.9,4.0,2.0,68.0,WSH,PHI,1,Top,R,0,0,0,0,2023,0.696,0.726,0.883,1.244,1.569,2.004,-76.34257589000002,79.71173174,Pull,False,0,717902-4-1
2023,2023-06-03,717914,38,4,607208,"Turner, Trea",L,R,CU,Curveball,14.0,0.43,1.53,3.29,1.66,183.66,95.77,X,field_out,hit_into_play,Trea Turner flies out to right fielder Lane Thomas.,fly_ball,92.7,29.0,3.0,314.0,WSH,PHI,5,Top,R,2,2,1,2,2023,0.696,0.726,0.883,1.244,1.569,2.004,145.34787904,255.80627750000005,Oppo,True,2,717914-38-4
2023,2023-06-03,717914,19,4,607208,"Turner, Trea",L,R,SL,Slider,7.0,-0.61,1.94,3.29,1.66,26.95,105.4,X,double,hit_into_play,Trea Turner doubles (14) on a sharp fly ball to left fielder Corey Dickerson.   Edmundo Sosa scores.    Nick Castellanos to 3rd.,fly_ball,102.8,23.0,6.0,334.0,WSH,PHI,3,Top,R,1,2,2,1,2023,0.696,0.726,0.883,1.244,1.569,2.004,-245.74872337000002,231.77296577000004,Pull,False,0,717914-19-4
2023,2023-06-03,717914,7,2,607208,"Turner, Trea",L,R,FF,4-Seam Fastball,4.0,-0.6,2.17,3.29,1.66,48.3,101.07,X,field_out,hit_into_play,Trea Turner lines out to left fielder Corey Dickerson.,line_drive,89.7,24.0,3.0,308.0,WSH,PHI,2,Top,R,0,0,1,0,2023,0.696,0.726,0.883,1.244,1.569,2.004,-192.46614752000002,242.57922120000006,Pull,False,0,717914-7-2
2023,2023-06-02,717935,48,6,607208,"Turner, Trea",R,R,SL,Slider,2.0,-0.06,3.05,3.27,1.65,41.23,123.43,X,double,hit_into_play,Trea Turner doubles (13) on a sharp line drive to left fielder Corey Dickerson.,line_drive,102.9,9.0,4.0,172.0,WSH,PHI,6,Top,R,3,3,2,2,2023,0.696,0.726,0.883,1.244,1.569,2.004,-210.11054149,186.77601764000002,Pull,False,0,717935-48-6
2023,2023-06-02,717935,32,1,607208,"Turner, Trea",R,R,SL,Slider,6.0,0.44,2.35,3.27,1.65,100.5,172.26,X,field_out,hit_into_play,"Trea Turner grounds out, third baseman Jeimer Candelario to first baseman Dominic Smith.",ground_ball,81.1,6.0,2.0,81.0,WSH,PHI,4,Top,R,1,1,0,0,2023,0.696,0.726,0.883,1.244,1.569,2.004,-62.19212132000001,64.91240271000005,Pull,False,0,717935-32-1
2023,2023-06-02,717935,80,6,607208,"Turner, Trea",R,R,FF,4-Seam Fastball,5.0,0.05,2.6,3.27,1.65,178.29,87.61,X,field_out,hit_into_play,Trea Turner flies out to right fielder Lane Thomas.,fly_ball,93.2,41.0,3.0,305.0,WSH,PHI,9,Top,R,7,7,3,2,2023,0.696,0.726,0.883,1.244,1.569,2.004,131.94612576999998,276.17095286000006,Oppo,False,2,717935-80-6
2023,2023-06-01,717934,59,4,607208,"Turner, Trea",R,R,ST,Sweeper,11.0,-1.17,2.57,3.27,1.65,77.49,167.77,X,field_out,hit_into_play,Trea Turner pops out to third baseman Brett Baty in foul territory.,popup,75.1,66.0,3.0,144.0,NYM,PHI,8,Top,R,2,2,2,1,2023,0.696,0.726,0.883,1.244,1.569,2.004,-119.61751103000003,76.11796550000001,Pull,True,0,717934-59-4
2023,2023-06-01,717934,2,3,607208,"Turner, Trea",R,R,SL,Slider,8.0,-0.08,2.0,3.27,1.65,86.61,159.35,X,single,hit_into_play,Trea Turner singles on a ground ball to left fielder Mark Canha.,ground_ball,97.8,7.0,4.0,120.0,NYM,PHI,1,Top,R,0,0,1,1,2023,0.696,0.726,0.883,1.244,1.569,2.004,-96.85699151000001,97.13151532000005,Pull,False,0,717934-2-3
2023,2023-05-31,717944,42,5,607208,"Turner, Trea",R,R,CU,Curveball,6.0,0.62,2.17,3.27,1.64,75.0,96.42,X,field_out,hit_into_play,Trea Turner flies out to left fielder Mark Canha.,fly_ball,79.5,31.0,3.0,284.0,NYM,PHI,6,Top,R,1,1,2,2,2023,0.696,0.726,0.883,1.244,1.569,2.004,-125.83173182000002,254.18409135000005,Pull,False,0,717944-42-5
2023,2023-05-31,717944,17,3,607208,"Turner, Trea",R,R,SI,Sinker,14.0,0.17,1.4,3.27,1.64,102.02,150.39,X,field_out,hit_into_play,"Trea Turner grounds out, shortstop Francisco Lindor to first baseman Pete Alonso.   Bryson Stott to 2nd.",ground_ball,92.0,-8.0,2.0,10.0,NYM,PHI,3,Top,R,1,1,1,1,2023,0.696,0.726,0.883,1.244,1.569,2.004,-58.39870140000002,119.49272748000007,Pull,True,0,717944-17-3
2023,2023-05-31,717944,54,6,607208,"Turner, Trea",L,R,CH,Changeup,14.0,0.32,1.53,3.26,1.65,94.41,167.17,X,field_out,hit_into_play,"Trea Turner grounds out, third baseman Brett Baty to first baseman Pete Alonso.",ground_ball,83.2,-4.0,2.0,16.0,NYM,PHI,7,Top,R,1,1,3,2,2023,0.696,0.726,0.883,1.244,1.569,2.004,-77.39075771000002,77.61536810000007,Pull,True,0,717944-54-6
2023,2023-05-31,717944,2,6,607208,"Turner, Trea",R,R,FF,4-Seam Fastball,14.0,0.68,1.34,3.27,1.64,113.75,145.38,X,field_out,hit_into_play,"Trea Turner grounds out, shortstop Francisco Lindor to first baseman Pete Alonso.",ground_ball,91.5,-24.0,2.0,3.0,NYM,PHI,1,Top,R,0,0,3,2,2023,0.696,0.726,0.883,1.244,1.569,2.004,-29.124480570000006,131.99603919000003,Pull,True,0,717944-2-6
2023,2023-05-30,717962,42,5,607208,"Turner, Trea",R,R,FF,4-Seam Fastball,1.0,-0.3,3.01,3.27,1.65,160.96,50.33,X,field_out,hit_into_play,Trea Turner flies out sharply to center fielder Brandon Nimmo.,fly_ball,102.2,23.0,6.0,377.0,NYM,PHI,7,Top,R,0,0,2,2,2023,0.696,0.726,0.883,1.244,1.569,2.004,88.69614734000002,369.20956774,Oppo,False,2,717962-42-5
2023,2023-05-30,717962,22,2,607208,"Turner, Trea",R,R,FF,4-Seam Fastball,6.0,0.57,2.64,3.27,1.65,146.6,48.63,X,field_out,hit_into_play,Trea Turner flies out to center fielder Brandon Nimmo.,fly_ball,97.7,31.0,5.0,375.0,NYM,PHI,4,Top,R,0,0,1,0,2023,0.696,0.726,0.883,1.244,1.569,2.004,52.85831177999999,373.45220844000005,Straightaway,False,1,717962-22-2
2023,2023-05-30,717962,2,6,607208,"Turner, Trea",R,R,FF,4-Seam Fastball,7.0,-0.32,1.92,3.27,1.65,153.63,81.58,X,field_out,hit_into_play,Trea Turner flies out to center fielder Brandon Nimmo.,fly_ball,89.8,38.0,3.0,300.0,NYM,PHI,1,Top,R,0,0,3,2,2023,0.696,0.726,0.883,1.244,1.569,2.004,70.40287890999998,291.21984899000006,Oppo,False,2,717962-2-6
2023,2023-05-28,717992,51,2,607208,"Turner, Trea",R,R,FF,4-Seam Fastball,9.0,0.28,2.07,3.27,1.64,204.03,124.05,X,field_out,hit_into_play,Trea Turner flies out to right fielder Ronald Acuna Jr.,fly_ball,90.7,48.0,3.0,267.0,ATL,PHI,6,Top,R,2,2,0,1,2023,0.696,0.726,0.883,1.244,1.569,2.004,196.18469731000002,185.22870162000004,Oppo,False,2,717992-51-2
2023,2023-05-28,717992,25,5,607208,"Turner, Trea",R,R,SL,Slider,6.0,0.62,2.34,3.27,1.64,68.52,95.15,X,field_out,hit_into_play,Trea Turner flies out to left fielder Eddie Rosario.,fly_ball,83.1,40.0,3.0,294.0,ATL,PHI,3,Top,R,2,2,1,2,2023,0.696,0.726,0.883,1.244,1.569,2.004,-142.00367990000004,257.35359352,Pull,False,0,717992-25-5
2023,2023-05-28,717992,2,5,607208,"Turner, Trea",R,R,SL,Slider,6.0,0.66,2.25,3.27,1.64,104.51,80.59,X,field_out,hit_into_play,Trea Turner flies out to center fielder Michael Harris II.,fly_ball,87.7,41.0,3.0,299.0,ATL,PHI,1,Top,R,0,0,2,2,2023,0.696,0.726,0.883,1.244,1.569,2.004,-52.184480609999994,293.69056328000005,Straightaway,False,1,717992-2-5
2023,2023-05-28,717992,70,2,607208,"Turner, Trea",R,R,FF,4-Seam Fastball,5.0,0.11,2.48,3.27,1.64,68.36,80.12,X,field_out,hit_into_play,Trea Turner lines out to left fielder Eddie Rosario.,line_drive,87.4,24.0,3.0,327.0,ATL,PHI,8,Top,R,4,4,1,0,2023,0.696,0.726,0.883,1.244,1.569,2.004,-142.40298726,294.86352865000003,Pull,False,0,717992-70-2
2023,2023-05-27,717997,35,3,607208,"Turner, Trea",R,R,FF,4-Seam Fastball,12.0,1.4,2.73,3.27,1.63,182.33,140.31,X,double,hit_into_play,Trea Turner doubles (12) on a line drive to right fielder Ronald Acuna Jr.  Kody Clemens scores.,line_drive,71.2,24.0,4.0,203.0,ATL,PHI,5,Top,R,1,2,1,1,2023,0.696,0.726,0.883,1.244,1.569,2.004,142.02863661000004,144.64909116000004,Oppo,True,2,717997-35-3
2023,2023-05-27,717997,17,1,607208,"Turner, Trea",R,R,CU,Curveball,5.0,-0.22,2.15,3.27,1.63,74.44,89.45,X,single,hit_into_play,Trea Turner singles on a sharp line drive to left fielder Eddie Rosario.   Bryson Stott to 3rd.,line_drive,105.4,10.0,4.0,207.0,ATL,PHI,3,Top,R,0,0,0,0,2023,0.696,0.726,0.883,1.244,1.569,2.004,-127.22930758000003,271.57891822000005,Pull,False,0,717997-17-1
2023,2023-05-27,717997,2,5,607208,"Turner, Trea",R,R,CU,Curveball,9.0,0.63,1.58,3.27,1.63,112.67,152.08,X,field_out,hit_into_play,"Trea Turner grounds out, shortstop Orlando Arcia to first baseman Matt Olson.",ground_ball,95.6,-8.0,2.0,12.0,ATL,PHI,1,Top,R,0,0,2,2,2023,0.696,0.726,0.883,1.244,1.569,2.004,-31.81980525,115.27504349,Pull,False,0,717997-2-5
2023,2023-05-27,717997,47,2,607208,"Turner, Trea",L,R,FF,4-Seam Fastball,5.0,0.02,2.56,3.27,1.63,90.85,167.83,X,field_out,hit_into_play,"Trea Turner grounds out, third baseman Austin Riley to first baseman Matt Olson.",ground_ball,100.2,4.0,4.0,75.0,ATL,PHI,6,Top,R,2,2,1,0,2023,0.696,0.726,0.883,1.244,1.569,2.004,-86.27534647000003,75.96822524,Pull,False,0,717997-47-2
2023,2023-05-26,718019,36,3,607208,"Turner, Trea",L,R,CH,Changeup,9.0,0.73,1.77,3.26,1.63,113.69,151.67,X,field_out,hit_into_play,"Trea Turner grounds out, shortstop Orlando Arcia to first baseman Matt Olson.",ground_ball,88.0,-36.0,2.0,2.0,ATL,PHI,5,Top,R,2,2,1,1,2023,0.696,0.726,0.883,1.244,1.569,2.004,-29.27422083000001,116.29826860000007,Pull,False,0,718019-36-3
2023,2023-05-26,718019,68,6,607208,"Turner, Trea",R,R,ST,Sweeper,8.0,0.21,2.01,3.26,1.63,110.06,170.46,X,field_out,hit_into_play,"Trea Turner grounds out, third baseman Austin Riley to first baseman Matt Olson.",ground_ball,66.8,-45.0,2.0,2.0,ATL,PHI,8,Top,R,6,6,2,2,2023,0.696,0.726,0.883,1.244,1.569,2.004,-38.333506560000004,69.40461051000001,Pull,False,0,718019-68-6
2023,2023-05-26,718019,54,9,607208,"Turner, Trea",L,R,FC,Cutter,6.0,0.55,2.29,3.26,1.63,160.01,64.54,X,double,hit_into_play,Trea Turner doubles (11) on a sharp line drive to center fielder Michael Harris II.   Bryson Stott scores.,line_drive,105.4,10.0,4.0,231.0,ATL,PHI,7,Top,R,4,5,3,2,2023,0.696,0.726,0.883,1.244,1.569,2.004,86.32525988999998,333.7460828300001,Oppo,False,2,718019-54-9
2023,2023-05-26,718019,2,4,607208,"Turner, Trea",L,R,FF,4-Seam Fastball,11.0,-0.21,3.42,3.26,1.63,184.04,127.56,X,field_out,hit_into_play,Trea Turner flies out to right fielder Ronald Acuna Jr.,fly_ball,82.9,53.0,3.0,230.0,ATL,PHI,1,Top,R,0,0,1,2,2023,0.696,0.726,0.883,1.244,1.569,2.004,146.29623401999999,176.46889641000004,Oppo,True,2,718019-2-4
2023,2023-05-25,718026,39,2,607208,"Turner, Trea",L,R,SL,Slider,13.0,-0.13,1.26,3.26,1.63,144.0,60.82,X,field_out,hit_into_play,Trea Turner flies out to center fielder Michael Harris II.,fly_ball,93.8,34.0,3.0,345.0,ATL,PHI,5,Top,R,3,3,0,1,2023,0.696,0.726,0.883,1.244,1.569,2.004,46.36956718,343.02997895000004,Straightaway,True,1,718026-39-2
2023,2023-05-25,718026,16,5,607208,"Turner, Trea",L,R,CH,Changeup,9.0,0.45,1.59,3.26,1.63,102.97,150.86,X,field_out,hit_into_play,"Trea Turner grounds out, shortstop Orlando Arcia to first baseman Matt Olson.",ground_ball,90.2,2.0,2.0,50.0,ATL,PHI,2,Top,R,3,3,2,2,2023,0.696,0.726,0.883,1.244,1.569,2.004,-56.02781395000001,118.31976211,Pull,False,0,718026-16-5
2023,2023-05-25,718026,77,1,607208,"Turner, Trea",R,R,FF,4-Seam Fastball,8.0,-0.17,1.99,3.26,1.63,136.3,143.59,X,field_out,hit_into_play,Trea Turner pops out to second baseman Ozzie Albies.,popup,91.9,64.0,3.0,153.0,ATL,PHI,9,Top,R,5,5,0,0,2023,0.696,0.726,0.883,1.244,1.569,2.004,27.152900480000028,136.46329028000002,Straightaway,False,1,718026-77-1
2023,2023-05-25,718026,57,2,607208,"Turner, Trea",L,R,CH,Changeup,8.0,-0.03,2.07,3.26,1.63,193.8,79.54,X,field_out,hit_into_play,Trea Turner flies out to right fielder Ronald Acuna Jr.,fly_ball,93.5,28.0,3.0,339.0,ATL,PHI,7,Top,R,4,4,0,1,2023,0.696,0.726,0.883,1.244,1.569,2.004,170.65398298000002,296.31101783,Oppo,False,2,718026-57-2
2023,2023-05-25,718026,2,3,607208,"Turner, Trea",L,R,CH,Changeup,14.0,0.92,2.24,3.26,1.63,115.24,158.46,X,field_out,hit_into_play,"Trea Turner grounds out, shortstop Orlando Arcia to first baseman Matt Olson.",ground_ball,90.3,-11.0,2.0,11.0,ATL,PHI,1,Top,R,0,0,0,2,2023,0.696,0.726,0.883,1.244,1.569,2.004,-25.40593078000002,99.35266251000002,Pull,True,0,718026-2-3
2023,2023-05-24,718043,41,4,607208,"Turner, Trea",R,R,FF,4-Seam Fastball,3.0,0.3,3.16,3.26,1.63,142.12,166.46,X,field_out,hit_into_play,"Trea Turner grounds out, pitcher Zac Gallen to second baseman Ketel Marte to first baseman Christian Walker.",ground_ball,96.2,-15.0,2.0,11.0,PHI,AZ,5,Bot,R,0,0,1,2,2023,0.696,0.726,0.883,1.244,1.569,2.004,41.67770570000001,79.38729451000002,Oppo,False,2,718043-41-4
2023,2023-05-24,718043,29,1,607208,"Turner, Trea",R,R,FF,4-Seam Fastball,8.0,-0.06,2.07,3.26,1.63,158.74,58.06,X,field_out,hit_into_play,Trea Turner flies out to center fielder Dominic Fletcher.,fly_ball,96.8,28.0,5.0,358.0,PHI,AZ,4,Bot,R,0,0,0,0,2023,0.696,0.726,0.883,1.244,1.569,2.004,83.15575772000003,349.91803091,Oppo,False,2,718043-29-1
2023,2023-05-24,718043,77,1,607208,"Turner, Trea",R,R,CU,Curveball,1.0,-0.3,3.09,3.26,1.63,63.41,47.58,X,home_run,hit_into_play,Trea Turner homers (5) on a fly ball to left center field.   Bryson Stott scores.,fly_ball,103.8,37.0,6.0,404.0,PHI,AZ,9,Bot,R,3,5,0,0,2023,0.696,0.726,0.883,1.244,1.569,2.004,-154.75655871000004,376.07266299,Pull,False,0,718043-77-1
2023,2023-05-24,718043,7,6,607208,"Turner, Trea",R,R,FF,4-Seam Fastball,12.0,0.95,2.82,3.26,1.63,198.44,106.28,X,field_out,hit_into_play,Trea Turner lines out sharply to right fielder Pavin Smith.,line_drive,100.8,16.0,4.0,291.0,PHI,AZ,1,Bot,R,0,0,3,2,2023,0.696,0.726,0.883,1.244,1.569,2.004,182.23389642,229.57677529000003,Oppo,True,2,718043-7-6
2023,2023-05-23,718060,46,1,607208,"Turner, Trea",R,R,FF,4-Seam Fastball,9.0,0.69,1.71,3.27,1.65,127.54,142.26,X,field_out,hit_into_play,"Trea Turner grounds out, second baseman Ketel Marte to first baseman Christian Walker.",ground_ball,99.9,-9.0,2.0,10.0,PHI,AZ,6,Bot,R,1,1,0,0,2023,0.696,0.726,0.883,1.244,1.569,2.004,5.290822520000011,139.78253271000005,Straightaway,False,1,718060-46-1
2023,2023-05-23,718060,5,7,607208,"Turner, Trea",R,R,FC,Cutter,4.0,-0.36,2.72,3.27,1.65,99.0,162.43,X,field_out,hit_into_play,"Trea Turner grounds out, third baseman Emmanuel Rivera to first baseman Christian Walker.",ground_ball,97.0,-9.0,2.0,16.0,PHI,AZ,1,Bot,R,0,0,2,2,2023,0.696,0.726,0.883,1.244,1.569,2.004,-65.93562782000001,89.44484864000002,Pull,False,0,718060-5-7
2023,2023-05-23,718060,65,5,607208,"Turner, Trea",L,R,SI,Sinker,9.0,0.74,1.55,3.27,1.65,146.75,150.91,X,field_out,hit_into_play,"Trea Turner grounds out, second baseman Ketel Marte to first baseman Christian Walker.",ground_ball,82.4,4.0,2.0,66.0,PHI,AZ,8,Bot,R,3,3,2,2,2023,0.696,0.726,0.883,1.244,1.569,2.004,53.23266243,118.19497856000004,Oppo,False,2,718060-65-5
2023,2023-05-22,718073,43,5,607208,"Turner, Trea",L,R,CH,Changeup,14.0,0.97,1.94,3.28,1.65,110.25,153.97,X,field_out,hit_into_play,"Trea Turner grounds out, shortstop Geraldo Perdomo to first baseman Christian Walker.",ground_ball,81.7,-14.0,2.0,8.0,PHI,AZ,5,Bot,R,2,2,2,2,2023,0.696,0.726,0.883,1.244,1.569,2.004,-37.85932907000001,110.55822530000003,Pull,True,0,718073-43-5
2023,2023-05-22,718073,25,2,607208,"Turner, Trea",L,R,CU,Curveball,11.0,-1.02,2.81,3.28,1.65,79.68,110.78,X,field_out,hit_into_play,Trea Turner flies out to left fielder Lourdes Gurriel Jr.,fly_ball,70.1,35.0,4.0,248.0,PHI,AZ,3,Bot,R,0,0,0,1,2023,0.696,0.726,0.883,1.244,1.569,2.004,-114.15199154,218.34625579000004,Pull,True,0,718073-25-2
2023,2023-05-22,718073,58,3,607208,"Turner, Trea",R,R,SL,Slider,3.0,0.83,2.78,3.28,1.65,186.06,107.37,X,single,hit_into_play,Trea Turner singles on a line drive to right fielder Corbin Carroll.   Bryson Stott scores.    Kody Clemens to 3rd.,line_drive,91.9,12.0,4.0,211.0,PHI,AZ,7,Bot,R,2,3,0,2,2023,0.696,0.726,0.883,1.244,1.569,2.004,151.33748944,226.85649390000003,Oppo,False,2,718073-58-3
2023,2023-05-21,718088,36,1,607208,"Turner, Trea",L,R,FF,4-Seam Fastball,1.0,-0.64,2.83,3.27,1.65,96.89,159.9,X,field_out,hit_into_play,"Trea Turner grounds out, third baseman Miles Mastrobuoni to first baseman Matt Mervis.",ground_ball,88.7,-1.0,2.0,38.0,PHI,CHC,5,Bot,R,0,0,0,0,2023,0.696,0.726,0.883,1.244,1.569,2.004,-71.20149363,95.75889627000002,Pull,False,0,718088-36-1
2023,2023-05-21,718088,54,1,607208,"Turner, Trea",R,R,FF,4-Seam Fastball,5.0,0.22,2.71,3.27,1.65,170.21,64.92,X,double,hit_into_play,Trea Turner doubles (10) on a sharp line drive to right fielder Seiya Suzuki.,line_drive,107.0,20.0,6.0,349.0,PHI,CHC,7,Bot,R,2,2,0,0,2023,0.696,0.726,0.883,1.244,1.569,2.004,111.78110409000003,332.79772785000006,Oppo,False,2,718088-54-1
2023,2023-05-19,718116,29,1,607208,"Turner, Trea",R,R,SI,Sinker,7.0,-0.58,2.12,3.27,1.65,104.66,163.13,X,field_out,hit_into_play,"Trea Turner grounds out sharply, third baseman Nick Madrigal to first baseman Trey Mancini.   Edmundo Sosa to 2nd.",ground_ball,102.7,0.0,4.0,54.0,PHI,CHC,3,Bot,R,1,1,0,0,2023,0.696,0.726,0.883,1.244,1.569,2.004,-51.81012996000002,87.69787894000004,Pull,False,0,718116-29-1
2023,2023-05-19,718116,70,3,607208,"Turner, Trea",R,R,FF,4-Seam Fastball,3.0,0.42,3.14,3.27,1.65,143.65,133.35,X,field_out,hit_into_play,"Trea Turner grounds out, second baseman Nico Hoerner to first baseman Matt Mervis.",ground_ball,100.8,-5.0,2.0,28.0,PHI,CHC,8,Bot,R,1,1,0,2,2023,0.696,0.726,0.883,1.244,1.569,2.004,45.496082330000014,162.01896132000005,Oppo,False,2,718116-70-3
2023,2023-05-19,718116,7,4,607208,"Turner, Trea",R,R,SI,Sinker,13.0,-0.36,1.5,3.27,1.65,151.8,103.31,X,field_out,hit_into_play,Trea Turner flies out to right fielder Seiya Suzuki.,fly_ball,82.6,46.0,3.0,248.0,PHI,CHC,1,Bot,R,0,0,1,2,2023,0.696,0.726,0.883,1.244,1.569,2.004,65.83580098000003,236.98891816000003,Oppo,True,2,718116-7-4
2023,2023-05-17,718143,29,3,607208,"Turner, Trea",R,R,SL,Slider,5.0,0.22,2.3,3.29,1.65,146.96,165.44,X,field_out,hit_into_play,Trea Turner grounds out to first baseman LaMonte Wade Jr.,ground_ball,62.0,-13.0,2.0,10.0,SF,PHI,4,Top,R,0,0,2,0,2023,0.696,0.726,0.883,1.244,1.569,2.004,53.75675334000002,81.93287893000004,Oppo,False,2,718143-29-3
2023,2023-05-17,718143,2,4,607208,"Turner, Trea",R,R,CH,Changeup,13.0,-0.38,1.11,3.29,1.65,104.71,170.75,X,single,hit_into_play,Trea Turner singles on a ground ball to third baseman Casey Schmitt.,ground_ball,62.8,-41.0,2.0,2.0,SF,PHI,1,Top,R,0,0,0,2,2023,0.696,0.726,0.883,1.244,1.569,2.004,-51.68534641000002,68.68086592000003,Pull,True,0,718143-2-4
2023,2023-05-17,718143,62,5,607208,"Turner, Trea",R,R,FF,4-Seam Fastball,3.0,0.69,2.81,3.29,1.65,174.61,126.48,X,single,hit_into_play,Trea Turner singles on a ground ball to right fielder Michael Conforto.,ground_ball,103.9,-3.0,2.0,36.0,SF,PHI,8,Top,R,4,4,1,2,2023,0.696,0.726,0.883,1.244,1.569,2.004,122.76205649000003,179.16422109000004,Oppo,False,2,718143-62-5
2023,2023-05-16,718156,18,2,607208,"Turner, Trea",R,R,KC,Knuckle Curve,6.0,0.38,2.34,3.29,1.65,160.13,64.18,X,field_out,hit_into_play,Trea Turner flies out to center fielder Mike Yastrzemski.,fly_ball,95.4,37.0,3.0,344.0,SF,PHI,3,Top,R,0,0,0,1,2023,0.696,0.726,0.883,1.244,1.569,2.004,86.62474040999999,334.64452439,Oppo,False,2,718156-18-2
2023,2023-05-16,718156,70,5,607208,"Turner, Trea",R,R,SL,Slider,1.0,-0.58,2.92,3.29,1.65,76.7,84.31,X,field_out,hit_into_play,Trea Turner lines out to left fielder Mitch Haniger.,line_drive,83.1,27.0,3.0,309.0,SF,PHI,8,Top,R,2,2,1,2,2023,0.696,0.726,0.883,1.244,1.569,2.004,-121.58909112,284.40666716000004,Pull,False,0,718156-70-5
2023,2023-05-16,718156,2,3,607208,"Turner, Trea",R,R,FS,Split-Finger,7.0,-0.38,1.97,3.29,1.65,120.17,89.12,X,single,hit_into_play,Trea Turner singles on a sharp ground ball to center fielder Mike Yastrzemski.   Bryson Stott to 2nd.,ground_ball,104.9,2.0,4.0,59.0,SF,PHI,1,Top,R,0,0,0,2,2023,0.696,0.726,0.883,1.244,1.569,2.004,-13.102272750000001,272.40248965000006,Straightaway,False,1,718156-2-3
2023,2023-05-15,718170,75,1,607208,"Turner, Trea",R,R,SL,Slider,4.0,-0.46,2.48,3.29,1.65,161.75,184.8,X,field_out,hit_into_play,Trea Turner pops out to first baseman LaMonte Wade Jr.  in foul territory.,popup,78.2,74.0,3.0,88.0,SF,PHI,9,Top,R,3,3,0,0,2023,0.696,0.726,0.883,1.244,1.569,2.004,90.66772743,33.61668837,Oppo,False,2,718170-75-1
2023,2023-05-15,718170,60,1,607208,"Turner, Trea",L,R,SI,Sinker,5.0,0.03,2.19,3.29,1.65,165.92,49.33,X,field_out,hit_into_play,Trea Turner flies out to center fielder Bryce Johnson.,fly_ball,98.7,29.0,6.0,382.0,SF,PHI,7,Top,R,3,3,0,0,2023,0.696,0.726,0.883,1.244,1.569,2.004,101.07467549999997,371.70523874,Oppo,False,2,718170-60-1
2023,2023-05-15,718170,2,3,607208,"Turner, Trea",L,R,SI,Sinker,4.0,-0.5,2.27,3.29,1.65,79.7,62.86,X,double,hit_into_play,Trea Turner doubles (9) on a sharp line drive to left fielder Mitch Haniger.,line_drive,105.2,16.0,5.0,319.0,SF,PHI,1,Top,R,0,0,1,1,2023,0.696,0.726,0.883,1.244,1.569,2.004,-114.10207812,337.9388101100001,Pull,False,0,718170-2-3
2023,2023-05-14,718174,37,6,607208,"Turner, Trea",L,R,SI,Sinker,1.0,-0.33,3.13,3.3,1.64,49.11,72.88,X,field_out,hit_into_play,Trea Turner flies out to left fielder Jurickson Profar.,fly_ball,92.8,31.0,3.0,363.0,COL,PHI,5,Top,R,0,0,3,2,2023,0.696,0.726,0.883,1.244,1.569,2.004,-190.44465401000002,312.93218669000004,Pull,False,0,718174-37-6
2023,2023-05-14,718174,22,1,607208,"Turner, Trea",L,R,SI,Sinker,1.0,-0.81,2.98,3.3,1.64,72.67,119.35,X,single,hit_into_play,Trea Turner singles on a ground ball to left fielder Jurickson Profar.   Bryson Stott to 2nd.,ground_ball,97.0,1.0,4.0,59.0,COL,PHI,3,Top,R,0,0,0,0,2023,0.696,0.726,0.883,1.244,1.569,2.004,-131.64664525,196.95835532000007,Pull,False,0,718174-22-1
2023,2023-05-14,718174,58,3,607208,"Turner, Trea",R,R,ST,Sweeper,9.0,0.56,1.81,3.3,1.64,96.5,85.04,X,single,hit_into_play,Trea Turner singles on a line drive to left fielder Jurickson Profar.,line_drive,88.4,19.0,4.0,260.0,COL,PHI,8,Top,R,0,0,1,1,2023,0.696,0.726,0.883,1.244,1.569,2.004,-72.17480532,282.58482733000005,Pull,False,0,718174-58-3
2023,2023-05-13,718188,15,4,607208,"Turner, Trea",R,R,SL,Slider,1.0,-0.38,3.02,3.3,1.64,66.68,58.95,X,field_out,hit_into_play,Trea Turner flies out to left fielder Jurickson Profar.,fly_ball,94.2,25.0,3.0,374.0,COL,PHI,2,Top,R,4,4,1,2,2023,0.696,0.726,0.883,1.244,1.569,2.004,-146.59571454,347.69688372,Pull,False,0,718188-15-4
2023,2023-05-13,718188,36,4,607208,"Turner, Trea",R,R,FF,4-Seam Fastball,6.0,0.3,2.48,3.3,1.64,115.16,147.23,X,field_out,hit_into_play,"Trea Turner grounds out, shortstop Ezequiel Tovar to first baseman C.  J. Cron.   Bryson Stott to 3rd.",ground_ball,87.1,1.0,2.0,50.0,COL,PHI,4,Top,R,4,4,2,1,2023,0.696,0.726,0.883,1.244,1.569,2.004,-25.605584460000014,127.37904784000006,Straightaway,False,1,718188-36-4
2023,2023-05-13,718188,52,2,607208,"Turner, Trea",L,R,FF,4-Seam Fastball,1.0,-0.73,3.18,3.3,1.64,142.69,129.76,X,field_out,hit_into_play,"Trea Turner grounds out, second baseman Alan Trejo to first baseman C.  J. Cron.",ground_ball,65.5,16.0,2.0,140.0,COL,PHI,6,Top,R,4,4,0,1,2023,0.696,0.726,0.883,1.244,1.569,2.004,43.10023816999999,170.97842021000005,Oppo,False,2,718188-52-2
2023,2023-05-12,718202,21,5,607208,"Turner, Trea",L,R,CH,Changeup,12.0,1.05,2.87,3.32,1.65,187.81,138.74,X,field_out,hit_into_play,Trea Turner flies out to right fielder Kris Bryant.,fly_ball,81.2,62.0,3.0,210.0,COL,PHI,4,Top,R,0,0,2,2,2023,0.696,0.726,0.883,1.244,1.569,2.004,155.70491369,148.56729463000002,Oppo,True,2,718202-21-5
2023,2023-05-12,718202,57,5,607208,"Turner, Trea",R,R,SI,Sinker,5.0,0.03,2.27,3.32,1.65,226.3,94.06,X,double,hit_into_play,Trea Turner doubles (8) on a line drive to right fielder Kris Bryant.,line_drive,98.6,16.0,4.0,296.0,COL,PHI,8,Top,R,3,3,2,2,2023,0.696,0.726,0.883,1.244,1.569,2.004,251.76329048000005,260.07387491000003,Oppo,False,2,718202-57-5
2023,2023-05-10,718233,42,2,607208,"Turner, Trea",R,R,FF,4-Seam Fastball,1.0,-0.51,2.99,3.36,1.66,36.56,69.64,X,double,hit_into_play,Trea Turner doubles (7) on a sharp line drive to left fielder Daulton Varsho.,line_drive,108.7,15.0,6.0,327.0,PHI,TOR,6,Bot,R,0,0,1,0,2023,0.696,0.726,0.883,1.244,1.569,2.004,-221.76532506,321.01816073000003,Pull,False,0,718233-42-2
2023,2023-05-10,718233,21,6,607208,"Turner, Trea",R,R,FF,4-Seam Fastball,5.0,-0.01,2.21,3.36,1.66,134.47,142.43,X,field_out,hit_into_play,"Trea Turner grounds out, second baseman Whit Merrifield to first baseman Vladimir Guerrero Jr.",ground_ball,93.8,-9.0,2.0,12.0,PHI,TOR,3,Bot,R,0,0,0,2,2023,0.696,0.726,0.883,1.244,1.569,2.004,22.585822549999996,139.35826864,Straightaway,False,1,718233-21-6
2023,2023-05-09,718244,38,3,607208,"Turner, Trea",R,R,FF,4-Seam Fastball,2.0,-0.1,3.02,3.36,1.66,153.14,90.34,X,single,hit_into_play,"Trea Turner singles on a ground ball to center fielder Kevin Kiermaier.   Brandon Marsh scores.    Trea Turner to 2nd.  Trea Turner advances to 2nd, on a throwing error by second baseman Santiago Espinal.",ground_ball,104.7,15.0,5.0,307.0,PHI,TOR,5,Bot,R,2,3,0,2,2023,0.696,0.726,0.883,1.244,1.569,2.004,69.18000011999997,269.35777103000004,Oppo,False,2,718244-38-3
2023,2023-05-09,718244,23,7,607208,"Turner, Trea",R,R,SI,Sinker,1.0,-0.8,3.01,3.36,1.66,110.73,170.76,X,field_out,hit_into_play,Trea Turner pops out to third baseman Matt Chapman.,popup,80.3,73.0,3.0,82.0,PHI,TOR,3,Bot,R,0,0,2,2,2023,0.696,0.726,0.883,1.244,1.569,2.004,-36.661406989999996,68.65590921000005,Pull,False,0,718244-23-7
2023,2023-05-09,718244,6,2,607208,"Turner, Trea",R,R,SI,Sinker,4.0,-0.29,2.54,3.36,1.66,104.5,165.31,X,grounded_into_double_play,hit_into_play,"Trea Turner grounds into a double play, third baseman Matt Chapman to second baseman Santiago Espinal to first baseman Vladimir Guerrero Jr.  Bryson Stott out at 2nd.    Trea Turner out at 1st.",ground_ball,104.8,-7.0,2.0,18.0,PHI,TOR,1,Bot,R,0,0,1,0,2023,0.696,0.726,0.883,1.244,1.569,2.004,-52.209437320000006,82.25731616000003,Pull,False,0,718244-6-2
2023,2023-05-07,718270,25,2,607208,"Turner, Trea",R,R,SI,Sinker,8.0,-0.02,1.96,3.31,1.65,92.85,120.14,X,single,hit_into_play,Trea Turner singles on a ground ball to left fielder Raimel Tapia.   Bryson Stott to 2nd.,ground_ball,87.2,-8.0,2.0,13.0,PHI,BOS,4,Bot,R,0,0,1,0,2023,0.696,0.726,0.883,1.244,1.569,2.004,-81.28400447000003,194.98677523000003,Pull,False,0,718270-25-2
2023,2023-05-07,718270,5,5,607208,"Turner, Trea",R,R,SI,Sinker,8.0,-0.01,2.1,3.31,1.65,116.69,136.21,X,field_out,hit_into_play,"Trea Turner grounds out, shortstop Enrique Hernandez to first baseman Triston Casas.",ground_ball,102.0,-40.0,2.0,2.0,PHI,BOS,1,Bot,R,0,0,2,2,2023,0.696,0.726,0.883,1.244,1.569,2.004,-21.78720783000001,154.88134226000003,Straightaway,False,1,718270-5-5
2023,2023-05-06,718284,43,5,607208,"Turner, Trea",R,R,SI,Sinker,4.0,-0.37,2.52,3.32,1.65,98.56,160.07,X,field_out,hit_into_play,"Trea Turner grounds out, third baseman Rafael Devers to first baseman Justin Turner.",ground_ball,96.9,-3.0,2.0,29.0,PHI,BOS,5,Bot,R,2,2,3,1,2023,0.696,0.726,0.883,1.244,1.569,2.004,-67.03372306,95.33463220000004,Pull,False,0,718284-43-5
2023,2023-05-06,718284,80,1,607208,"Turner, Trea",R,R,FC,Cutter,4.0,-0.71,2.68,3.32,1.65,39.68,112.95,X,field_out,hit_into_play,Trea Turner flies out to left fielder Raimel Tapia.,fly_ball,99.7,48.0,3.0,299.0,PHI,BOS,9,Bot,R,4,4,0,0,2023,0.696,0.726,0.883,1.244,1.569,2.004,-213.97883154000004,212.93064972000005,Pull,False,0,718284-80-1
2023,2023-05-06,718284,5,1,607208,"Turner, Trea",R,R,SI,Sinker,6.0,0.38,2.36,3.32,1.65,80.68,69.51,X,double,hit_into_play,Trea Turner doubles (6) on a sharp line drive to left fielder Raimel Tapia.,line_drive,106.1,12.0,4.0,238.0,PHI,BOS,1,Bot,R,0,0,0,0,2023,0.696,0.726,0.883,1.244,1.569,2.004,-111.65632054,321.34259796,Pull,False,0,718284-5-1
2023,2023-05-06,718284,63,4,607208,"Turner, Trea",L,R,CH,Changeup,5.0,-0.11,2.19,3.32,1.65,26.03,71.13,X,home_run,hit_into_play,Trea Turner homers (4) on a fly ball to left field.,fly_ball,103.4,29.0,6.0,399.0,PHI,BOS,7,Bot,R,3,4,1,2,2023,0.696,0.726,0.883,1.244,1.569,2.004,-248.04474069000003,317.29961094000004,Pull,False,0,718284-63-4
2023,2023-05-05,718301,42,2,607208,"Turner, Trea",L,R,CH,Changeup,14.0,1.06,2.14,3.28,1.64,115.25,86.83,X,single,hit_into_play,Trea Turner singles on a line drive to center fielder Jarren Duran.,line_drive,80.9,17.0,4.0,218.0,PHI,BOS,5,Bot,R,3,3,1,0,2023,0.696,0.726,0.883,1.244,1.569,2.004,-25.380974070000008,278.11757624000006,Straightaway,True,1,718301-42-2
2023,2023-05-05,718301,60,3,607208,"Turner, Trea",L,R,FS,Split-Finger,14.0,0.73,0.95,3.28,1.64,105.74,170.34,X,field_error,hit_into_play,Trea Turner reaches on a fielding error by third baseman Rafael Devers.,ground_ball,63.6,-10.0,2.0,7.0,PHI,BOS,7,Bot,R,3,3,0,2,2023,0.696,0.726,0.883,1.244,1.569,2.004,-49.11480528000002,69.70409103000003,Pull,True,0,718301-60-3
2023,2023-05-05,718301,7,2,607208,"Turner, Trea",L,R,FF,4-Seam Fastball,2.0,0.26,2.84,3.28,1.64,167.52,149.66,X,field_out,hit_into_play,Trea Turner pops out to first baseman Triston Casas.,popup,84.4,67.0,3.0,135.0,PHI,BOS,1,Bot,R,0,0,0,1,2023,0.696,0.726,0.883,1.244,1.569,2.004,105.06774910000003,121.31456731000004,Oppo,False,2,718301-7-2
2023,2023-05-03,718327,33,5,607208,"Turner, Trea",R,R,CH,Changeup,4.0,-0.3,2.38,3.25,1.64,75.23,118.31,X,field_out,hit_into_play,Trea Turner flies out to left fielder David Peralta.,fly_ball,96.0,54.0,3.0,237.0,LAD,PHI,4,Top,R,5,5,2,2,2023,0.696,0.726,0.883,1.244,1.569,2.004,-125.25772749000001,199.55385316000005,Pull,False,0,718327-33-5
2023,2023-05-03,718327,18,3,607208,"Turner, Trea",R,R,CH,Changeup,5.0,0.0,2.57,3.25,1.64,107.86,146.88,X,field_out,hit_into_play,"Trea Turner grounds out sharply, shortstop Chris Taylor to first baseman Freddie Freeman.",ground_ball,103.5,1.0,4.0,56.0,LAD,PHI,3,Top,R,1,1,0,2,2023,0.696,0.726,0.883,1.244,1.569,2.004,-43.82398276000001,128.25253269000004,Pull,False,0,718327-18-3
2023,2023-05-03,718327,74,6,607208,"Turner, Trea",R,R,SI,Sinker,9.0,0.29,2.1,3.25,1.64,127.24,163.24,X,field_out,hit_into_play,"Trea Turner grounds out, shortstop Miguel Rojas to first baseman Freddie Freeman.",ground_ball,91.2,-58.0,2.0,1.0,LAD,PHI,9,Top,R,5,5,3,2,2023,0.696,0.726,0.883,1.244,1.569,2.004,4.542121219999983,87.42335513,Straightaway,False,1,718327-74-6
2023,2023-05-03,718327,2,1,607208,"Turner, Trea",R,R,FF,4-Seam Fastball,7.0,-0.44,2.05,3.25,1.64,171.46,136.59,X,double,hit_into_play,"Trea Turner doubles (5) on a fly ball to right fielder Mookie Betts, deflected by second baseman Miguel Vargas.",fly_ball,71.5,54.0,3.0,173.0,LAD,PHI,1,Top,R,0,0,0,0,2023,0.696,0.726,0.883,1.244,1.569,2.004,114.90069284000002,153.93298728000002,Oppo,False,2,718327-2-1
2023,2023-05-02,718331,25,2,607208,"Turner, Trea",L,R,FF,4-Seam Fastball,8.0,0.14,2.11,3.23,1.64,123.21,29.22,X,home_run,hit_into_play,Trea Turner homers (3) on a fly ball to center field.,fly_ball,104.0,25.0,6.0,420.0,LAD,PHI,4,Top,R,0,1,0,1,2023,0.696,0.726,0.883,1.244,1.569,2.004,-5.51543291000002,421.89318255000006,Straightaway,False,1,718331-25-2
2023,2023-05-02,718331,64,6,607208,"Turner, Trea",L,R,FF,4-Seam Fastball,5.0,0.04,2.31,3.23,1.64,106.05,156.57,X,field_out,hit_into_play,"Trea Turner grounds out, third baseman Max Muncy to first baseman Freddie Freeman.",ground_ball,92.5,-8.0,2.0,15.0,LAD,PHI,8,Top,R,1,1,3,2,2023,0.696,0.726,0.883,1.244,1.569,2.004,-48.341147270000015,104.06948070000006,Pull,False,0,718331-64-6
2023,2023-05-01,718343,43,3,607208,"Turner, Trea",R,R,SL,Slider,14.0,0.83,1.83,3.23,1.63,185.45,117.99,X,single,hit_into_play,Trea Turner singles on a ground ball to right fielder Jason Heyward.   Bryson Stott to 2nd.,ground_ball,96.7,-2.0,2.0,30.0,LAD,PHI,5,Top,R,1,1,0,2,2023,0.696,0.726,0.883,1.244,1.569,2.004,149.81513012999997,200.35246788000006,Oppo,True,2,718343-43-3
2023,2023-05-01,718343,23,5,607208,"Turner, Trea",R,R,FF,4-Seam Fastball,1.0,-0.28,2.78,3.23,1.63,149.69,122.24,X,field_out,hit_into_play,Trea Turner pops out to second baseman Michael Busch.,popup,88.6,60.0,3.0,189.0,LAD,PHI,3,Top,R,0,0,3,1,2023,0.696,0.726,0.883,1.244,1.569,2.004,60.569935169999994,189.74586613000005,Oppo,False,2,718343-23-5
2023,2023-05-01,718343,62,3,607208,"Turner, Trea",L,R,SI,Sinker,3.0,0.64,2.74,3.23,1.63,118.52,63.78,X,field_out,hit_into_play,Trea Turner flies out to center fielder James Outman.,fly_ball,92.8,35.0,3.0,335.0,LAD,PHI,7,Top,R,4,4,2,0,2023,0.696,0.726,0.883,1.244,1.569,2.004,-17.220129900000014,335.64279279000004,Straightaway,False,1,718343-62-3
2023,2023-04-30,718354,45,1,607208,"Turner, Trea",R,R,FF,4-Seam Fastball,14.0,0.93,2.25,3.25,1.64,193.91,137.53,X,field_out,hit_into_play,Trea Turner flies out to right fielder Kyle Tucker in foul territory.,fly_ball,78.9,49.0,3.0,227.0,HOU,PHI,6,Top,R,2,2,0,0,2023,0.696,0.726,0.883,1.244,1.569,2.004,170.92850679,151.58705654000005,Oppo,True,2,718354-45-1
2023,2023-04-30,718354,25,4,607208,"Turner, Trea",R,R,CH,Changeup,14.0,0.49,1.49,3.25,1.64,90.23,104.73,X,single,hit_into_play,Trea Turner singles on a fly ball to left fielder Yordan Alvarez.,fly_ball,67.8,25.0,4.0,219.0,HOU,PHI,4,Top,R,1,1,2,1,2023,0.696,0.726,0.883,1.244,1.569,2.004,-87.82266249,233.44506534000004,Pull,True,0,718354-25-4
2023,2023-04-30,718354,2,2,607208,"Turner, Trea",R,R,FF,4-Seam Fastball,5.0,0.19,2.14,3.25,1.64,160.93,73.33,X,field_out,hit_into_play,Trea Turner flies out to center fielder Jake Meyers.,fly_ball,94.9,37.0,3.0,323.0,HOU,PHI,1,Top,R,0,0,0,1,2023,0.696,0.726,0.883,1.244,1.569,2.004,88.62127721000002,311.80913474000005,Oppo,False,2,718354-2-2
2023,2023-04-29,718372,19,2,607208,"Turner, Trea",R,R,FF,4-Seam Fastball,2.0,0.27,3.29,3.25,1.64,217.28,117.6,X,field_out,hit_into_play,Trea Turner flies out to right fielder Kyle Tucker in foul territory.,fly_ball,93.0,45.0,3.0,301.0,HOU,PHI,3,Top,R,0,0,0,1,2023,0.696,0.726,0.883,1.244,1.569,2.004,229.25233806000003,201.32577957000007,Oppo,False,2,718372-19-2
2023,2023-04-29,718372,70,4,607208,"Turner, Trea",R,R,SL,Slider,9.0,0.73,1.65,3.25,1.64,173.67,131.27,X,single,hit_into_play,Trea Turner singles on a fly ball to second baseman Mauricio Dubon.,fly_ball,66.0,38.0,4.0,201.0,HOU,PHI,9,Top,R,6,6,2,1,2023,0.696,0.726,0.883,1.244,1.569,2.004,120.41612574999998,167.209957,Oppo,False,2,718372-70-4
2023,2023-04-28,718389,33,3,607208,"Turner, Trea",L,R,CU,Curveball,9.0,0.63,1.52,3.24,1.63,118.04,187.31,X,field_out,hit_into_play,"Trea Turner grounds out, pitcher Framber Valdez to first baseman Jose Abreu.",ground_ball,66.7,-55.0,2.0,1.0,HOU,PHI,5,Top,R,2,2,0,2,2023,0.696,0.726,0.883,1.244,1.569,2.004,-18.41805197999999,27.35255416000002,Pull,False,0,718389-33-3
2023,2023-04-28,718389,18,5,607208,"Turner, Trea",L,R,SI,Sinker,4.0,-0.69,2.65,3.24,1.63,109.08,162.84,X,field_out,hit_into_play,"Trea Turner grounds out, shortstop Jeremy Pena to first baseman Jose Abreu.",ground_ball,86.2,6.0,4.0,104.0,HOU,PHI,3,Top,R,1,1,1,2,2023,0.696,0.726,0.883,1.244,1.569,2.004,-40.77926414000001,88.42162353000002,Pull,False,0,718389-18-5
2023,2023-04-28,718389,2,4,607208,"Turner, Trea",L,R,SI,Sinker,9.0,0.34,2.07,3.24,1.63,100.33,137.8,X,field_out,hit_into_play,"Trea Turner grounds out, shortstop Jeremy Pena to first baseman Jose Abreu.",ground_ball,94.7,-14.0,2.0,9.0,HOU,PHI,1,Top,R,0,0,2,1,2023,0.696,0.726,0.883,1.244,1.569,2.004,-62.61638539000001,150.91322537000002,Pull,False,0,718389-2-4
2023,2023-04-28,718389,53,1,607208,"Turner, Trea",R,R,FF,4-Seam Fastball,9.0,0.57,1.88,3.24,1.63,166.4,82.32,X,field_out,hit_into_play,Trea Turner flies out to right fielder Kyle Tucker.,fly_ball,89.1,25.0,3.0,306.0,HOU,PHI,8,Top,R,3,3,0,0,2023,0.696,0.726,0.883,1.244,1.569,2.004,102.27259758000002,289.37305245000005,Oppo,False,2,718389-53-1
2023,2023-04-27,718404,40,2,607208,"Turner, Trea",R,R,CU,Curveball,14.0,0.87,1.23,3.25,1.64,114.82,152.44,X,force_out,hit_into_play,"Trea Turner grounds into a force out, shortstop J.  P. Crawford to second baseman Jose Caballero.   Bryson Stott out at 2nd.    Trea Turner to 1st.",ground_ball,65.8,-18.0,2.0,4.0,PHI,SEA,6,Bot,R,1,1,0,1,2023,0.696,0.726,0.883,1.244,1.569,2.004,-26.454112600000023,114.37660193000004,Pull,True,0,718404-40-2
2023,2023-04-27,718404,21,4,607208,"Turner, Trea",R,R,CU,Curveball,9.0,0.66,1.61,3.25,1.64,119.74,191.58,X,field_out,hit_into_play,"Trea Turner grounds out, third baseman Eugenio Suarez to first baseman Ty France.",ground_ball,81.7,-1.0,2.0,33.0,PHI,SEA,3,Bot,R,1,1,1,2,2023,0.696,0.726,0.883,1.244,1.569,2.004,-14.175411280000018,16.696038989999995,Pull,False,0,718404-21-4
2023,2023-04-27,718404,5,3,607208,"Turner, Trea",R,R,CU,Curveball,5.0,-0.01,2.36,3.25,1.64,109.2,152.95,X,field_out,hit_into_play,"Trea Turner grounds out, shortstop J.  P. Crawford to first baseman Ty France.",ground_ball,95.9,-18.0,2.0,7.0,PHI,SEA,1,Bot,R,0,0,1,1,2023,0.696,0.726,0.883,1.244,1.569,2.004,-40.47978362,113.10380972000006,Pull,False,0,718404-5-3
2023,2023-04-26,718415,43,6,607208,"Turner, Trea",R,R,SL,Slider,14.0,0.97,1.91,3.27,1.64,129.65,155.36,X,field_out,hit_into_play,"Trea Turner grounds out, second baseman Kolten Wong to first baseman Ty France.   Bryson Stott to 3rd.",ground_ball,79.2,-2.0,2.0,28.0,PHI,SEA,5,Bot,R,3,3,3,2,2023,0.696,0.726,0.883,1.244,1.569,2.004,10.55668833000001,107.08924261,Straightaway,True,1,718415-43-6
2023,2023-04-26,718415,26,3,607208,"Turner, Trea",R,R,KC,Knuckle Curve,5.0,0.23,2.57,3.27,1.64,174.98,80.59,X,field_out,hit_into_play,Trea Turner lines out to right fielder Teoscar Hernandez.   Edmundo Sosa to 3rd.,line_drive,93.9,24.0,3.0,318.0,PHI,SEA,3,Bot,R,2,2,1,1,2023,0.696,0.726,0.883,1.244,1.569,2.004,123.68545475999998,293.69056328000005,Oppo,False,2,718415-26-3
2023,2023-04-26,718415,5,3,607208,"Turner, Trea",R,R,FF,4-Seam Fastball,11.0,-0.87,2.6,3.27,1.64,104.59,129.33,X,field_out,hit_into_play,Trea Turner pops out to shortstop J.  P. Crawford.,popup,94.4,59.0,3.0,185.0,PHI,SEA,1,Bot,R,0,0,2,0,2023,0.696,0.726,0.883,1.244,1.569,2.004,-51.98482693,172.05155874000002,Pull,True,0,718415-5-3
2023,2023-04-26,718415,59,3,607208,"Turner, Trea",L,R,SI,Sinker,14.0,1.03,2.07,3.27,1.64,147.4,100.6,X,single,hit_into_play,Trea Turner singles on a line drive to center fielder Julio Rodriguez.,line_drive,73.2,17.0,4.0,189.0,PHI,SEA,7,Bot,R,4,4,1,1,2023,0.696,0.726,0.883,1.244,1.569,2.004,54.85484858000002,243.75218657000005,Oppo,True,2,718415-59-3
2023,2023-04-25,718430,5,1,607208,"Turner, Trea",L,R,CU,Curveball,7.0,-0.61,1.65,3.27,1.64,95.36,167.1,X,field_out,hit_into_play,"Trea Turner grounds out, third baseman Eugenio Suarez to first baseman Ty France.",ground_ball,70.1,-44.0,2.0,2.0,PHI,SEA,1,Bot,R,0,0,0,0,2023,0.696,0.726,0.883,1.244,1.569,2.004,-75.01987026,77.79006507000004,Pull,False,0,718430-5-1
2023,2023-04-23,718458,22,4,607208,"Turner, Trea",R,R,SL,Slider,5.0,-0.26,2.3,3.26,1.63,165.78,107.92,X,field_out,hit_into_play,Trea Turner flies out to right fielder Charlie Blackmon.,fly_ball,87.0,44.0,3.0,249.0,PHI,COL,3,Bot,R,2,2,0,2,2023,0.696,0.726,0.883,1.244,1.569,2.004,100.72528156000001,225.48387485000003,Oppo,False,2,718458-22-4
2023,2023-04-23,718458,59,6,607208,"Turner, Trea",R,R,SL,Slider,5.0,0.2,2.31,3.26,1.63,110.75,195.19,X,field_out,hit_into_play,Trea Turner pops out to catcher Brian Serven in foul territory.,popup,71.0,80.0,3.0,34.0,PHI,COL,7,Bot,R,7,7,3,2,2023,0.696,0.726,0.883,1.244,1.569,2.004,-36.61149357000001,7.686666680000032,Pull,False,0,718458-59-6
2023,2023-04-23,718458,6,1,607208,"Turner, Trea",R,R,SI,Sinker,4.0,-0.44,2.6,3.26,1.63,59.26,54.86,X,home_run,hit_into_play,Trea Turner homers (2) on a fly ball to left center field.,fly_ball,101.0,28.0,6.0,392.0,PHI,COL,1,Bot,R,0,1,0,0,2023,0.696,0.726,0.883,1.244,1.569,2.004,-165.11359336,357.9041781100001,Pull,False,0,718458-6-1
2023,2023-04-22,718475,41,2,607208,"Turner, Trea",L,R,FF,4-Seam Fastball,4.0,-0.75,2.41,3.27,1.63,97.8,171.27,X,force_out,hit_into_play,"Trea Turner grounds into a force out, fielded by third baseman Ryan McMahon.   Brandon Marsh out at 3rd.    Cristian Pache to 2nd.    Trea Turner to 1st.",ground_ball,83.5,-38.0,2.0,3.0,PHI,COL,5,Bot,R,3,3,0,1,2023,0.696,0.726,0.883,1.244,1.569,2.004,-68.93043302000002,67.383117,Pull,False,0,718475-41-2
2023,2023-04-22,718475,22,4,607208,"Turner, Trea",L,R,FF,4-Seam Fastball,7.0,-0.33,1.53,3.27,1.63,111.52,149.9,X,field_out,hit_into_play,"Trea Turner grounds out, shortstop Ezequiel Tovar to first baseman C.  J. Cron.",ground_ball,101.4,-9.0,2.0,10.0,PHI,COL,3,Bot,R,3,3,2,1,2023,0.696,0.726,0.883,1.244,1.569,2.004,-34.689826900000014,120.71560627000002,Pull,False,0,718475-22-4
2023,2023-04-21,718493,23,3,607208,"Turner, Trea",R,R,CU,Curveball,2.0,0.0,3.14,3.27,1.63,105.55,154.24,X,single,hit_into_play,Trea Turner singles on a ground ball to shortstop Alan Trejo.,ground_ball,89.5,-13.0,2.0,13.0,PHI,COL,3,Bot,R,0,0,0,2,2023,0.696,0.726,0.883,1.244,1.569,2.004,-49.588982770000015,109.88439413000002,Pull,False,0,718493-23-3
2023,2023-04-21,718493,68,3,607208,"Turner, Trea",L,R,SI,Sinker,1.0,-0.56,2.77,3.27,1.63,159.9,194.96,X,field_out,hit_into_play,Trea Turner pops out to first baseman C.  J. Cron in foul territory.,popup,68.4,76.0,3.0,82.0,PHI,COL,8,Bot,R,4,4,1,1,2023,0.696,0.726,0.883,1.244,1.569,2.004,86.05073608000002,8.260671010000006,Oppo,False,2,718493-68-3
2023,2023-04-21,718493,8,1,607208,"Turner, Trea",R,R,FC,Cutter,2.0,0.01,3.19,3.27,1.63,138.43,51.01,X,field_out,hit_into_play,Trea Turner flies out to center fielder Yonathan Daza.,fly_ball,97.1,36.0,3.0,367.0,PHI,COL,1,Bot,R,0,0,0,0,2023,0.696,0.726,0.883,1.244,1.569,2.004,32.46867971000002,367.5125114600001,Straightaway,False,1,718493-8-1
2023,2023-04-20,718498,23,2,607208,"Turner, Trea",R,R,SL,Slider,12.0,0.9,2.78,3.27,1.63,144.69,96.99,X,field_out,hit_into_play,Trea Turner flies out to center fielder Yonathan Daza.,fly_ball,79.4,40.0,3.0,259.0,PHI,COL,3,Bot,R,0,0,0,1,2023,0.696,0.726,0.883,1.244,1.569,2.004,48.09158016999999,252.76155888000005,Straightaway,True,1,718498-23-2
2023,2023-04-20,718498,62,5,607208,"Turner, Trea",R,R,SI,Sinker,4.0,-0.69,2.22,3.27,1.63,70.24,122.41,X,double,hit_into_play,Trea Turner doubles (4) on a ground ball to left fielder Jurickson Profar.,ground_ball,106.8,3.0,4.0,92.0,PHI,COL,8,Bot,R,0,0,3,1,2023,0.696,0.726,0.883,1.244,1.569,2.004,-137.71112578000003,189.32160206000006,Pull,False,0,718498-62-5
2023,2023-04-20,718498,7,3,607208,"Turner, Trea",R,R,SL,Slider,9.0,0.44,2.03,3.27,1.63,100.86,155.36,X,field_out,hit_into_play,"Trea Turner grounds out, third baseman Ryan McMahon to first baseman C.  J. Cron.",ground_ball,75.4,2.0,2.0,49.0,PHI,COL,1,Bot,R,0,0,1,1,2023,0.696,0.726,0.883,1.244,1.569,2.004,-61.29367976000001,107.08924261,Pull,False,0,718498-7-3
2023,2023-04-19,718510,48,3,607208,"Turner, Trea",L,R,FF,4-Seam Fastball,5.0,-0.18,2.34,3.23,1.61,97.61,73.02,X,field_out,hit_into_play,Trea Turner lines out sharply to center fielder Luis Robert Jr.,line_drive,103.3,15.0,4.0,321.0,CWS,PHI,6,Top,R,5,5,2,0,2023,0.696,0.726,0.883,1.244,1.569,2.004,-69.40461051000001,312.58279275000007,Pull,False,0,718510-48-3
2023,2023-04-19,718510,20,7,607208,"Turner, Trea",R,R,FF,4-Seam Fastball,6.0,0.45,2.42,3.23,1.61,129.23,68.61,X,single,hit_into_play,Trea Turner singles on a sharp line drive to center fielder Luis Robert Jr.,line_drive,101.2,13.0,4.0,263.0,CWS,PHI,3,Top,R,2,2,3,2,2023,0.696,0.726,0.883,1.244,1.569,2.004,9.508506509999972,323.58870186000007,Straightaway,False,1,718510-20-7
2023,2023-04-19,718510,32,2,607208,"Turner, Trea",L,R,SL,Slider,4.0,-0.45,2.22,3.23,1.61,42.38,111.24,X,double,hit_into_play,Trea Turner doubles (3) on a ground ball to left fielder Andrew Benintendi.   Bryson Stott scores.,ground_ball,99.9,-5.0,2.0,20.0,CWS,PHI,4,Top,R,4,5,1,0,2023,0.696,0.726,0.883,1.244,1.569,2.004,-207.24051984,217.19824713000006,Pull,False,0,718510-32-2
2023,2023-04-19,718510,2,5,607208,"Turner, Trea",R,R,SL,Slider,5.0,-0.02,2.72,3.23,1.61,58.2,61.31,X,home_run,hit_into_play,Trea Turner homers (1) on a line drive to left center field.,line_drive,104.8,19.0,6.0,379.0,CWS,PHI,1,Top,R,0,1,2,2,2023,0.696,0.726,0.883,1.244,1.569,2.004,-167.75900462,341.80710016000006,Pull,False,0,718510-2-5
2023,2023-04-18,718525,36,2,607208,"Turner, Trea",R,R,CH,Changeup,11.0,-1.14,2.85,3.27,1.62,119.87,143.54,X,field_out,hit_into_play,"Trea Turner grounds out, shortstop Elvis Andrus to first baseman Andrew Vaughn.",ground_ball,51.8,22.0,1.0,122.0,CWS,PHI,4,Top,R,5,5,1,0,2023,0.696,0.726,0.883,1.244,1.569,2.004,-13.850974049999994,136.58807383000007,Straightaway,True,1,718525-36-2
2023,2023-04-18,718543,23,7,607208,"Turner, Trea",R,R,CH,Changeup,8.0,0.18,1.85,3.27,1.62,111.39,147.79,X,field_out,hit_into_play,"Trea Turner grounds out sharply, shortstop Elvis Andrus to first baseman Andrew Vaughn.",ground_ball,109.6,0.0,4.0,47.0,CWS,PHI,4,Top,R,0,0,2,2,2023,0.696,0.726,0.883,1.244,1.569,2.004,-35.01426413000001,125.98147208000006,Pull,False,0,718543-23-7
2023,2023-04-18,718525,2,4,607208,"Turner, Trea",R,R,FC,Cutter,6.0,0.73,2.64,3.27,1.62,164.11,66.54,X,field_out,hit_into_play,Trea Turner flies out to right fielder Oscar Colas.,fly_ball,93.6,28.0,3.0,350.0,CWS,PHI,1,Top,R,0,0,1,2,2023,0.696,0.726,0.883,1.244,1.569,2.004,96.55751099000004,328.75474083000006,Oppo,False,2,718525-2-4
2023,2023-04-18,718543,41,4,607208,"Turner, Trea",R,R,SI,Sinker,8.0,-0.25,2.12,3.27,1.62,158.29,63.45,X,field_out,hit_into_play,Trea Turner flies out to center fielder Luis Robert Jr.,fly_ball,97.2,27.0,5.0,345.0,CWS,PHI,7,Top,R,0,0,2,1,2023,0.696,0.726,0.883,1.244,1.569,2.004,82.03270576999998,336.46636422,Oppo,False,2,718543-41-4
2023,2023-04-16,718554,28,2,607208,"Turner, Trea",R,R,SL,Slider,6.0,0.76,2.25,3.34,1.64,188.97,118.17,X,single,hit_into_play,Trea Turner singles on a line drive to right fielder Wil Myers.,line_drive,92.1,11.0,4.0,174.0,CIN,PHI,3,Top,R,9,9,1,0,2023,0.696,0.726,0.883,1.244,1.569,2.004,158.59989205,199.90324710000004,Oppo,False,2,718554-28-2
2023,2023-04-16,718554,11,4,607208,"Turner, Trea",R,R,CH,Changeup,8.0,0.11,1.56,3.34,1.64,118.89,144.58,X,single,hit_into_play,Trea Turner singles on a ground ball to shortstop Kevin Newman.   Josh Harrison scores.,ground_ball,76.2,-9.0,2.0,10.0,CIN,PHI,1,Top,R,7,8,2,1,2023,0.696,0.726,0.883,1.244,1.569,2.004,-16.296731630000004,133.99257599,Straightaway,False,1,718554-11-4
2023,2023-04-16,718554,2,3,607208,"Turner, Trea",R,R,SL,Slider,14.0,0.9,1.75,3.34,1.64,116.51,148.55,X,single,hit_into_play,Trea Turner singles on a ground ball to shortstop Kevin Newman.,ground_ball,70.9,-11.0,2.0,9.0,CIN,PHI,1,Top,R,1,1,1,1,2023,0.696,0.726,0.883,1.244,1.569,2.004,-22.236428609999994,124.08476212000001,Straightaway,True,1,718554-2-3
2023,2023-04-15,718566,40,3,607208,"Turner, Trea",R,R,FC,Cutter,8.0,0.14,1.98,3.35,1.65,106.41,146.69,X,fielders_choice,hit_into_play,"Trea Turner reaches on a fielder's choice.   Edmundo Sosa to 3rd.  Trea Turner out at 2nd, first baseman Wil Myers to second baseman Jonathan India.   Edmundo Sosa to 3rd.  Fielding error by shortstop Jose Barrero.",ground_ball,104.6,-14.0,2.0,8.0,CIN,PHI,5,Top,R,0,0,2,0,2023,0.696,0.726,0.883,1.244,1.569,2.004,-47.44270571000002,128.72671018000005,Pull,False,0,718566-40-3
2023,2023-04-15,718566,20,1,607208,"Turner, Trea",R,R,FC,Cutter,11.0,-0.9,3.01,3.35,1.65,126.74,132.11,X,field_out,hit_into_play,Trea Turner lines out to second baseman Jonathan India.,line_drive,66.1,18.0,4.0,172.0,CIN,PHI,3,Top,R,0,0,0,0,2023,0.696,0.726,0.883,1.244,1.569,2.004,3.294285719999983,165.11359336,Straightaway,True,1,718566-20-1
2023,2023-04-15,718566,64,2,607208,"Turner, Trea",R,R,FF,4-Seam Fastball,11.0,-1.14,3.02,3.35,1.65,144.66,163.77,X,field_out,hit_into_play,"Trea Turner grounds out, first baseman Jason Vosler to pitcher Casey Legumina.",ground_ball,46.2,5.0,1.0,40.0,CIN,PHI,8,Top,R,0,0,1,0,2023,0.696,0.726,0.883,1.244,1.569,2.004,48.01671003999999,86.1006495,Oppo,True,2,718566-64-2
2023,2023-04-14,718586,19,1,607208,"Turner, Trea",R,R,CH,Changeup,11.0,-1.0,2.94,3.37,1.66,106.3,169.28,X,field_out,hit_into_play,"Trea Turner grounds out softly, third baseman Spencer Steer to first baseman Jason Vosler.",ground_ball,53.8,-62.0,1.0,2.0,CIN,PHI,3,Top,R,2,2,0,0,2023,0.696,0.726,0.883,1.244,1.569,2.004,-47.71722952000002,72.34950229000003,Pull,True,0,718586-19-1
2023,2023-04-14,718586,33,2,607208,"Turner, Trea",R,R,CH,Changeup,5.0,-0.09,2.42,3.37,1.66,199.23,130.18,X,field_out,hit_into_play,Trea Turner flies out to right fielder Jake Fraley.,fly_ball,87.4,51.0,3.0,249.0,CIN,PHI,4,Top,R,5,5,0,1,2023,0.696,0.726,0.883,1.244,1.569,2.004,184.20547650999998,169.93023839000003,Oppo,False,2,718586-33-2
2023,2023-04-14,718586,71,2,607208,"Turner, Trea",R,R,FC,Cutter,3.0,0.41,3.36,3.37,1.66,170.5,93.78,X,single,hit_into_play,Trea Turner singles on a sharp line drive to right fielder Jake Fraley.,line_drive,101.6,12.0,4.0,234.0,CIN,PHI,9,Top,R,5,5,1,0,2023,0.696,0.726,0.883,1.244,1.569,2.004,112.50484868000001,260.77266279,Oppo,False,2,718586-71-2
2023,2023-04-14,718586,53,4,607208,"Turner, Trea",L,R,FF,4-Seam Fastball,2.0,0.17,3.02,3.37,1.66,184.49,71.1,X,field_out,hit_into_play,Trea Turner flies out to right fielder Jake Fraley.,fly_ball,94.6,31.0,5.0,348.0,CIN,PHI,7,Top,R,5,5,1,2,2023,0.696,0.726,0.883,1.244,1.569,2.004,147.41928597000003,317.37448107000006,Oppo,False,2,718586-53-4
2023,2023-04-14,718586,2,3,607208,"Turner, Trea",R,R,SL,Slider,9.0,0.55,1.81,3.37,1.66,83.67,85.21,X,single,hit_into_play,Trea Turner singles on a line drive to left fielder TJ Friedl.,line_drive,99.7,12.0,4.0,258.0,CIN,PHI,1,Top,R,0,0,1,1,2023,0.696,0.726,0.883,1.244,1.569,2.004,-104.19426425,282.16056326000006,Pull,False,0,718586-2-3
2023,2023-04-13,718597,36,6,607208,"Turner, Trea",L,R,FF,4-Seam Fastball,4.0,-0.37,2.52,3.37,1.65,110.95,150.14,X,field_out,hit_into_play,"Trea Turner grounds out, shortstop Jose Barrero to first baseman Tyler Stephenson.",ground_ball,102.6,-5.0,2.0,25.0,CIN,PHI,4,Top,R,1,1,3,2,2023,0.696,0.726,0.883,1.244,1.569,2.004,-36.11235937,120.11664523000007,Pull,False,0,718597-36-6
2023,2023-04-13,718597,61,6,607208,"Turner, Trea",L,R,SI,Sinker,5.0,0.26,2.21,3.37,1.65,123.55,45.97,X,field_out,hit_into_play,Trea Turner flies out to center fielder Nick Senzel.,fly_ball,96.5,34.0,3.0,378.0,CIN,PHI,7,Top,R,2,2,2,2,2023,0.696,0.726,0.883,1.244,1.569,2.004,-4.666904770000012,380.09069330000005,Straightaway,False,1,718597-61-6
2023,2023-04-13,718597,2,1,607208,"Turner, Trea",L,R,SI,Sinker,8.0,0.28,1.64,3.37,1.65,150.41,91.6,X,single,hit_into_play,Trea Turner singles on a line drive to center fielder Nick Senzel.,line_drive,80.6,16.0,4.0,216.0,CIN,PHI,1,Top,R,0,0,0,0,2023,0.696,0.726,0.883,1.244,1.569,2.004,62.36681828999999,266.2132255700001,Oppo,False,2,718597-2-1
2023,2023-04-12,718609,41,6,607208,"Turner, Trea",R,R,CU,Curveball,13.0,-0.4,1.48,3.37,1.65,112.28,155.77,X,field_out,hit_into_play,"Trea Turner grounds out, shortstop Jon Berti to first baseman Yuli Gurriel.",ground_ball,90.1,-14.0,2.0,6.0,PHI,MIA,5,Bot,R,2,2,3,2,2023,0.696,0.726,0.883,1.244,1.569,2.004,-32.793116940000004,106.06601750000002,Pull,True,0,718609-41-6
2023,2023-04-12,718609,21,3,607208,"Turner, Trea",R,R,FF,4-Seam Fastball,2.0,-0.08,2.92,3.37,1.65,190.6,69.01,X,double,hit_into_play,Trea Turner doubles (2) on a fly ball to center fielder Jazz Chisholm Jr.,fly_ball,99.2,27.0,6.0,358.0,PHI,MIA,3,Bot,R,0,0,1,1,2023,0.696,0.726,0.883,1.244,1.569,2.004,162.66783578,322.59043346,Oppo,False,2,718609-21-3
2023,2023-04-12,718609,79,4,607208,"Turner, Trea",L,R,ST,Sweeper,13.0,-0.24,1.19,3.37,1.65,113.96,115.03,X,field_out,hit_into_play,Trea Turner flies out to shortstop Jon Berti.,fly_ball,72.1,47.0,3.0,214.0,PHI,MIA,10,Bot,R,2,2,1,2,2023,0.696,0.726,0.883,1.244,1.569,2.004,-28.600389660000022,207.73965404000003,Straightaway,True,1,718609-79-4
2023,2023-04-12,718609,6,5,607208,"Turner, Trea",R,R,FF,4-Seam Fastball,14.0,0.2,1.4,3.37,1.65,131.08,107.92,X,single,hit_into_play,Trea Turner singles on a line drive to center fielder Jazz Chisholm Jr.  Bryson Stott to 3rd.,line_drive,86.9,9.0,4.0,160.0,PHI,MIA,1,Bot,R,0,0,3,1,2023,0.696,0.726,0.883,1.244,1.569,2.004,14.125497860000028,225.48387485000003,Straightaway,True,1,718609-6-5
2023,2023-04-12,718609,63,3,607208,"Turner, Trea",R,R,SI,Sinker,13.0,-0.83,2.47,3.37,1.65,99.67,167.9,X,field_out,hit_into_play,"Trea Turner grounds out, third baseman Jean Segura to first baseman Yuli Gurriel.",ground_ball,77.3,-33.0,2.0,4.0,PHI,MIA,8,Bot,R,2,2,1,1,2023,0.696,0.726,0.883,1.244,1.569,2.004,-64.26352825000001,75.79352827000002,Pull,True,0,718609-63-3
2023,2023-04-11,718619,38,3,607208,"Turner, Trea",L,R,FF,4-Seam Fastball,1.0,-0.35,3.18,3.35,1.64,140.72,192.65,X,field_out,hit_into_play,Trea Turner pops out to first baseman Yuli Gurriel.,popup,83.7,81.0,3.0,32.0,PHI,MIA,5,Bot,R,0,0,1,1,2023,0.696,0.726,0.883,1.244,1.569,2.004,38.183766299999995,14.025671020000013,Oppo,False,2,718619-38-3
2023,2023-04-11,718619,23,2,607208,"Turner, Trea",L,R,FF,4-Seam Fastball,1.0,-0.51,2.98,3.35,1.64,131.14,85.02,X,field_out,hit_into_play,Trea Turner flies out to center fielder Jazz Chisholm Jr.,fly_ball,96.5,51.0,3.0,285.0,PHI,MIA,3,Bot,R,0,0,0,1,2023,0.696,0.726,0.883,1.244,1.569,2.004,14.275238119999964,282.63474075000005,Straightaway,False,1,718619-23-2
2023,2023-04-11,718619,80,2,607208,"Turner, Trea",R,R,SI,Sinker,4.0,-0.53,2.78,3.35,1.64,139.58,61.0,X,field_out,hit_into_play,Trea Turner flies out to center fielder Jazz Chisholm Jr.,fly_ball,92.8,29.0,3.0,344.0,PHI,MIA,9,Bot,R,3,3,1,0,2023,0.696,0.726,0.883,1.244,1.569,2.004,35.33870136000003,342.58075817,Straightaway,False,1,718619-80-2
2023,2023-04-11,718619,60,3,607208,"Turner, Trea",R,R,SL,Slider,12.0,0.91,2.59,3.35,1.64,169.68,111.21,X,field_out,hit_into_play,Trea Turner lines out to right fielder Jorge Soler.,line_drive,88.6,23.0,3.0,295.0,PHI,MIA,7,Bot,R,3,3,1,1,2023,0.696,0.726,0.883,1.244,1.569,2.004,110.45839846000003,217.27311726000005,Oppo,True,2,718619-60-3
2023,2023-04-11,718619,5,1,607208,"Turner, Trea",L,R,FF,4-Seam Fastball,9.0,0.64,1.84,3.35,1.64,163.88,92.54,X,field_out,hit_into_play,Trea Turner flies out to right fielder Jorge Soler.,fly_ball,80.0,31.0,3.0,281.0,PHI,MIA,1,Bot,R,0,0,0,0,2023,0.696,0.726,0.883,1.244,1.569,2.004,95.98350665999999,263.86729483000005,Oppo,False,2,718619-5-1
2023,2023-04-10,718633,40,1,607208,"Turner, Trea",R,R,SI,Sinker,8.0,0.13,1.58,3.35,1.64,114.08,166.15,X,single,hit_into_play,"Trea Turner singles on a ground ball to shortstop Jon Berti, deflected by third baseman Jean Segura.",ground_ball,75.1,-62.0,2.0,1.0,PHI,MIA,5,Bot,R,5,5,0,0,2023,0.696,0.726,0.883,1.244,1.569,2.004,-28.300909140000012,80.16095252000002,Pull,False,0,718633-40-1
2023,2023-04-10,718633,24,5,607208,"Turner, Trea",R,R,SL,Slider,14.0,0.89,1.79,3.35,1.64,153.68,106.84,X,single,hit_into_play,Trea Turner singles on a line drive to right fielder Jorge Soler.   Bryson Stott scores.,line_drive,68.1,24.0,4.0,204.0,PHI,MIA,3,Bot,R,1,2,1,2,2023,0.696,0.726,0.883,1.244,1.569,2.004,70.52766246000002,228.17919953000003,Oppo,True,2,718633-24-5
2023,2023-04-10,718633,52,4,607208,"Turner, Trea",L,R,FC,Cutter,4.0,-0.78,2.72,3.35,1.64,66.67,109.49,X,single,hit_into_play,Trea Turner singles on a line drive to left fielder Bryan De La Cruz.,line_drive,83.5,14.0,4.0,187.0,PHI,MIA,6,Bot,R,9,9,1,2,2023,0.696,0.726,0.883,1.244,1.569,2.004,-146.62067125000002,221.56567138000005,Pull,False,0,718633-52-4
2023,2023-04-10,718633,7,2,607208,"Turner, Trea",R,R,CH,Changeup,5.0,0.22,2.18,3.35,1.64,152.58,80.8,X,field_out,hit_into_play,Trea Turner flies out to center fielder Jazz Chisholm Jr.,fly_ball,93.4,40.0,3.0,301.0,PHI,MIA,1,Bot,R,0,0,0,1,2023,0.696,0.726,0.883,1.244,1.569,2.004,67.78242436000004,293.16647237000006,Oppo,False,2,718633-7-2
2023,2023-04-09,718652,20,2,607208,"Turner, Trea",R,R,CH,Changeup,5.0,-0.18,2.63,3.33,1.63,98.87,149.39,X,field_out,hit_into_play,Trea Turner pops out to third baseman Spencer Steer.,popup,91.3,66.0,3.0,142.0,PHI,CIN,3,Bot,R,2,2,0,1,2023,0.696,0.726,0.883,1.244,1.569,2.004,-66.26006505,121.98839848000007,Pull,False,0,718652-20-2
2023,2023-04-09,718652,62,4,607208,"Turner, Trea",R,R,CH,Changeup,13.0,-1.0,2.03,3.33,1.63,66.85,98.69,X,field_out,hit_into_play,Trea Turner lines out to left fielder TJ Friedl.,line_drive,86.6,21.0,3.0,288.0,PHI,CIN,8,Bot,R,4,4,1,2,2023,0.696,0.726,0.883,1.244,1.569,2.004,-146.17145047000002,248.51891818000004,Pull,True,0,718652-62-4
2023,2023-04-09,718652,5,3,607208,"Turner, Trea",R,R,ST,Sweeper,6.0,0.39,2.39,3.33,1.63,129.73,60.24,X,field_out,hit_into_play,Trea Turner flies out to center fielder TJ Friedl.,fly_ball,94.8,25.0,5.0,344.0,PHI,CIN,1,Bot,R,0,0,0,2,2023,0.696,0.726,0.883,1.244,1.569,2.004,10.75634200999997,344.47746813000003,Straightaway,False,1,718652-5-3
2023,2023-04-07,718685,38,1,607208,"Turner, Trea",R,R,SL,Slider,8.0,0.16,1.98,3.32,1.61,118.69,153.93,X,single,hit_into_play,Trea Turner singles on a ground ball to center fielder TJ Friedl.,ground_ball,102.2,1.0,4.0,53.0,PHI,CIN,5,Bot,R,1,1,0,0,2023,0.696,0.726,0.883,1.244,1.569,2.004,-16.79586583000001,110.65805214000002,Straightaway,False,1,718685-38-1
2023,2023-04-07,718685,17,3,607208,"Turner, Trea",R,R,FF,4-Seam Fastball,7.0,-0.47,1.99,3.32,1.61,143.85,72.36,X,field_out,hit_into_play,Trea Turner flies out to center fielder TJ Friedl.,fly_ball,97.7,35.0,5.0,318.0,PHI,CIN,2,Bot,R,1,1,2,0,2023,0.696,0.726,0.883,1.244,1.569,2.004,45.995216529999986,314.22993561000004,Straightaway,False,1,718685-17-3
2023,2023-04-07,718685,56,5,607208,"Turner, Trea",R,R,SL,Slider,8.0,0.1,1.89,3.32,1.61,124.47,101.03,X,single,hit_into_play,Trea Turner singles on a ground ball to center fielder TJ Friedl.,ground_ball,103.8,-2.0,4.0,28.0,PHI,CIN,7,Bot,R,2,2,2,2,2023,0.696,0.726,0.883,1.244,1.569,2.004,-2.3708874500000072,242.67904804000005,Straightaway,False,1,718685-56-5
2023,2023-04-05,718699,19,3,607208,"Turner, Trea",R,R,SL,Slider,14.0,0.73,0.91,3.32,1.61,114.74,166.13,X,single,hit_into_play,Trea Turner singles on a ground ball to third baseman Isiah Kiner-Falefa.,ground_ball,62.0,-32.0,2.0,1.0,NYY,PHI,3,Top,R,0,0,0,2,2023,0.696,0.726,0.883,1.244,1.569,2.004,-26.65376628000002,80.21086594000005,Pull,True,0,718699-19-3
2023,2023-04-05,718699,60,2,607208,"Turner, Trea",R,R,SI,Sinker,6.0,0.45,2.3,3.32,1.61,116.4,145.26,X,field_out,hit_into_play,"Trea Turner grounds out, shortstop Anthony Volpe to first baseman Anthony Rizzo.",ground_ball,81.6,7.0,4.0,108.0,NYY,PHI,8,Top,R,1,1,0,1,2023,0.696,0.726,0.883,1.244,1.569,2.004,-22.51095241999999,132.29551971000006,Straightaway,False,1,718699-60-2
2023,2023-04-04,718710,16,3,607208,"Turner, Trea",R,R,CU,Curveball,5.0,0.11,2.59,3.31,1.61,128.75,75.37,X,field_out,hit_into_play,Trea Turner lines out to center fielder Isiah Kiner-Falefa.,line_drive,92.7,19.0,4.0,308.0,NYY,PHI,3,Top,R,2,2,1,1,2023,0.696,0.726,0.883,1.244,1.569,2.004,8.310584429999997,306.7179659,Straightaway,False,1,718710-16-3
2023,2023-04-04,718710,48,4,607208,"Turner, Trea",R,R,SI,Sinker,4.0,-0.67,2.21,3.31,1.61,83.24,113.77,X,single,hit_into_play,Trea Turner singles on a ground ball to left fielder Aaron Hicks.,ground_ball,103.2,-9.0,2.0,13.0,NYY,PHI,7,Top,R,4,4,2,1,2023,0.696,0.726,0.883,1.244,1.569,2.004,-105.26740278000003,210.88419950000005,Pull,False,0,718710-48-4
2023,2023-04-04,718710,33,4,607208,"Turner, Trea",R,R,ST,Sweeper,12.0,1.06,2.68,3.31,1.61,156.41,111.66,X,single,hit_into_play,Trea Turner singles on a line drive to right fielder Giancarlo Stanton.   Brandon Marsh scores.    Garrett Stubbs to 2nd.,line_drive,70.1,20.0,4.0,189.0,NYY,PHI,5,Top,R,2,3,1,2,2023,0.696,0.726,0.883,1.244,1.569,2.004,77.34084428999999,216.15006531000006,Oppo,True,2,718710-33-4
2023,2023-04-04,718710,1,1,607208,"Turner, Trea",R,R,FF,4-Seam Fastball,3.0,0.33,2.86,3.31,1.61,124.36,213.97,X,field_out,hit_into_play,Trea Turner pops out to catcher Kyle Higashioka in foul territory.,popup,73.3,83.0,3.0,11.0,NYY,PHI,1,Top,R,0,0,0,0,2023,0.696,0.726,0.883,1.244,1.569,2.004,-2.6454112600000057,-39.182034699999974,Pull,False,0,718710-1-1
2023,2023-04-03,718725,37,2,607208,"Turner, Trea",L,R,FF,4-Seam Fastball,8.0,-0.13,2.11,3.33,1.63,106.08,167.17,X,field_out,hit_into_play,"Trea Turner grounds out, third baseman DJ LeMahieu to first baseman Anthony Rizzo.",ground_ball,79.8,8.0,4.0,96.0,NYY,PHI,5,Top,R,1,1,1,0,2023,0.696,0.726,0.883,1.244,1.569,2.004,-48.266277140000014,77.61536810000007,Pull,False,0,718725-37-2
2023,2023-04-03,718725,21,2,607208,"Turner, Trea",L,R,ST,Sweeper,12.0,0.97,2.98,3.33,1.63,179.06,103.51,X,single,hit_into_play,Trea Turner singles on a line drive to right fielder Franchy Cordero.,line_drive,87.4,15.0,4.0,234.0,NYY,PHI,3,Top,R,0,0,0,1,2023,0.696,0.726,0.883,1.244,1.569,2.004,133.86779244000002,236.48978396000004,Oppo,True,2,718725-21-2
2023,2023-04-03,718725,59,4,607208,"Turner, Trea",R,R,SL,Slider,6.0,0.63,2.17,3.33,1.63,115.27,84.23,X,single,hit_into_play,Trea Turner singles on a line drive to center fielder Aaron Judge.   Brandon Marsh to 2nd.,line_drive,98.2,9.0,4.0,191.0,NYY,PHI,7,Top,R,1,1,1,2,2023,0.696,0.726,0.883,1.244,1.569,2.004,-25.331060650000015,284.60632084,Straightaway,False,1,718725-59-4
2023,2023-04-03,718725,1,6,607208,"Turner, Trea",L,R,FC,Cutter,1.0,-0.62,3.11,3.33,1.63,108.62,158.53,X,field_out,hit_into_play,Trea Turner pops out to shortstop Anthony Volpe.,popup,84.7,68.0,3.0,115.0,NYY,PHI,1,Top,R,0,0,2,2,2023,0.696,0.726,0.883,1.244,1.569,2.004,-41.9272728,99.17796554000003,Pull,False,0,718725-1-6
2023,2023-04-02,718739,34,6,607208,"Turner, Trea",L,R,FC,Cutter,9.0,0.82,1.82,3.33,1.62,182.62,114.18,X,single,hit_into_play,Trea Turner singles on a line drive to right fielder Robbie Grossman.,line_drive,83.8,21.0,4.0,254.0,TEX,PHI,5,Top,R,1,1,3,2,2023,0.696,0.726,0.883,1.244,1.569,2.004,142.75238120000003,209.86097439000002,Oppo,False,2,718739-34-6
2023,2023-04-02,718739,18,1,607208,"Turner, Trea",L,R,CH,Changeup,6.0,0.37,2.15,3.33,1.62,70.35,64.26,X,field_out,hit_into_play,Trea Turner flies out to left fielder Ezequiel Duran.,fly_ball,96.4,37.0,3.0,359.0,TEX,PHI,3,Top,R,0,0,0,0,2023,0.696,0.726,0.883,1.244,1.569,2.004,-137.43660197000003,334.44487071,Pull,False,0,718739-18-1
2023,2023-04-02,718739,51,3,607208,"Turner, Trea",L,R,FF,4-Seam Fastball,8.0,0.25,2.06,3.33,1.62,200.99,83.71,X,field_out,hit_into_play,Trea Turner flies out to right fielder Robbie Grossman.,fly_ball,96.5,28.0,5.0,339.0,TEX,PHI,7,Top,R,1,1,2,0,2023,0.696,0.726,0.883,1.244,1.569,2.004,188.59785747000004,285.9040697600001,Oppo,False,2,718739-51-3
2023,2023-04-02,718739,1,3,607208,"Turner, Trea",L,R,SI,Sinker,9.0,0.36,2.0,3.33,1.62,121.54,71.98,X,double,hit_into_play,Trea Turner doubles (1) on a sharp line drive to center fielder Adolis Garcia.,line_drive,107.8,8.0,4.0,234.0,TEX,PHI,1,Top,R,0,0,1,1,2023,0.696,0.726,0.883,1.244,1.569,2.004,-9.683203479999989,315.17829059,Straightaway,False,1,718739-1-3
2023,2023-04-01,718752,39,3,607208,"Turner, Trea",R,R,SL,Slider,14.0,0.91,2.3,3.33,1.61,216.22,99.88,X,triple,hit_into_play,Trea Turner triples (2) on a fly ball to right fielder Robbie Grossman.,fly_ball,90.7,27.0,3.0,330.0,TEX,PHI,5,Top,R,2,2,0,2,2023,0.696,0.726,0.883,1.244,1.569,2.004,226.6069268,245.54906969000007,Oppo,True,2,718752-39-3
2023,2023-04-01,718752,21,2,607208,"Turner, Trea",R,R,SL,Slider,3.0,0.44,3.11,3.33,1.61,146.9,152.36,X,field_out,hit_into_play,"Trea Turner grounds out, second baseman Marcus Semien to first baseman Nathaniel Lowe.   Jake Cave to 3rd.",ground_ball,97.0,1.0,4.0,55.0,TEX,PHI,3,Top,R,0,0,0,1,2023,0.696,0.726,0.883,1.244,1.569,2.004,53.607013080000016,114.57625561,Oppo,False,2,718752-21-2
2023,2023-04-01,718752,59,1,607208,"Turner, Trea",R,R,SL,Slider,6.0,0.54,2.29,3.33,1.61,101.74,157.99,X,single,hit_into_play,Trea Turner singles on a ground ball to left fielder Josh H.   Smith.,ground_ball,94.2,-11.0,2.0,12.0,TEX,PHI,7,Top,R,3,3,0,0,2023,0.696,0.726,0.883,1.244,1.569,2.004,-59.09748928000002,100.52562788000002,Pull,False,0,718752-59-1
2023,2023-04-01,718752,87,5,607208,"Turner, Trea",L,R,FF,4-Seam Fastball,2.0,-0.05,3.2,3.33,1.61,113.48,44.25,X,field_out,hit_into_play,Trea Turner flies out sharply to center fielder Travis Jankowski.,fly_ball,100.2,37.0,5.0,383.0,TEX,PHI,9,Top,R,3,3,3,1,2023,0.696,0.726,0.883,1.244,1.569,2.004,-29.798311739999995,384.38324742000003,Straightaway,False,1,718752-87-5
2023,2023-03-30,718779,17,2,607208,"Turner, Trea",R,R,SL,Slider,9.0,0.73,1.84,3.33,1.61,211.44,120.16,X,triple,hit_into_play,Trea Turner triples (1) on a ground ball to right fielder Robbie Grossman.   Brandon Marsh scores.,ground_ball,69.0,-2.0,2.0,23.0,TEX,PHI,3,Top,R,2,3,0,1,2023,0.696,0.726,0.883,1.244,1.569,2.004,214.67761942,194.93686181000004,Oppo,False,2,718779-17-2
2023,2023-03-30,718779,55,5,607208,"Turner, Trea",L,R,FF,4-Seam Fastball,5.0,-0.23,2.57,3.33,1.61,156.02,102.14,X,field_out,hit_into_play,Trea Turner flies out to right fielder Adolis Garcia.,fly_ball,81.1,44.0,3.0,254.0,TEX,PHI,6,Top,R,6,6,2,2,2023,0.696,0.726,0.883,1.244,1.569,2.004,76.36753260000003,239.90885323000003,Oppo,False,2,718779-55-5
2023,2023-03-30,718779,75,1,607208,"Turner, Trea",R,R,FF,4-Seam Fastball,12.0,1.06,2.93,3.33,1.61,166.49,146.17,X,field_out,hit_into_play,Trea Turner pops out to second baseman Marcus Semien.,popup,68.9,55.0,3.0,168.0,TEX,PHI,9,Top,R,7,7,0,0,2023,0.696,0.726,0.883,1.244,1.569,2.004,102.49720797000002,130.02445910000006,Oppo,True,2,718779-75-1
2024,2024-09-29,744798,35,2,607208,"Turner, Trea",R,R,CU,Curveball,14.0,0.85,2.08,3.43,1.7,159.81,144.5,X,field_out,hit_into_play,Trea Turner pops out to second baseman Luis García Jr.,popup,73.7,61.0,3.0,153.0,WSH,PHI,5,Top,R,4,4,0,1,2024,0.689,0.72,0.882,1.254,1.59,2.05,85.82612569000001,134.19222967000005,Oppo,True,2,744798-35-2
2024,2024-09-29,744798,19,2,607208,"Turner, Trea",R,R,CU,Curveball,14.0,0.86,2.17,3.43,1.7,109.78,151.65,X,field_out,hit_into_play,"Trea Turner grounds out, shortstop Nasim Nuñez to first baseman Joey Gallo.",ground_ball,69.1,-15.0,2.0,8.0,WSH,PHI,3,Top,R,2,2,0,1,2024,0.689,0.72,0.882,1.254,1.59,2.05,-39.03229444,116.34818202000002,Pull,True,0,744798-19-2
2024,2024-09-29,744798,2,1,607208,"Turner, Trea",R,R,FF,4-Seam Fastball,4.0,-0.7,2.44,3.43,1.7,75.04,121.15,X,single,hit_into_play,Trea Turner singles on a sharp ground ball to left fielder James Wood.   Kyle Schwarber to 2nd.,ground_ball,103.2,-1.0,4.0,38.0,WSH,PHI,1,Top,R,0,0,0,0,2024,0.689,0.72,0.882,1.254,1.59,2.05,-125.73190498,192.46614752000002,Pull,False,0,744798-2-1
2024,2024-09-29,744798,55,2,607208,"Turner, Trea",R,R,FF,4-Seam Fastball,5.0,0.19,2.58,3.43,1.7,123.26,99.83,X,single,hit_into_play,Trea Turner singles on a ground ball to center fielder Jacob Young.,ground_ball,104.4,-6.0,2.0,20.0,WSH,PHI,7,Top,R,6,6,0,1,2024,0.689,0.72,0.882,1.254,1.59,2.05,-5.390649359999992,245.67385324000006,Straightaway,False,1,744798-55-2
2024,2024-09-28,744799,57,3,607208,"Turner, Trea",L,R,CH,Changeup,13.0,-0.01,1.39,3.43,1.7,48.83,61.27,X,home_run,hit_into_play,Trea Turner homers (21) on a fly ball to left center field.   Edmundo Sosa scores.,fly_ball,100.4,25.0,6.0,390.0,WSH,PHI,8,Top,R,0,2,0,2,2024,0.689,0.72,0.882,1.254,1.59,2.05,-191.14344189000002,341.90692700000005,Pull,True,0,744799-57-3
2024,2024-09-28,744799,2,3,607208,"Turner, Trea",L,R,FF,4-Seam Fastball,5.0,-0.27,2.41,3.43,1.7,156.56,123.14,X,field_out,hit_into_play,Trea Turner pops out to second baseman Luis García Jr.,popup,69.6,48.0,3.0,207.0,WSH,PHI,1,Top,R,0,0,0,2,2024,0.689,0.72,0.882,1.254,1.59,2.05,77.71519494,187.49976223000004,Oppo,False,2,744799-2-3
2024,2024-09-27,744797,27,3,607208,"Turner, Trea",R,R,FF,4-Seam Fastball,13.0,-0.76,1.52,3.43,1.69,114.21,151.91,X,force_out,hit_into_play,"Nationals challenged (play at 1st), call on the field was upheld: Trea Turner grounds into a force out, shortstop Nasim Nuñez to second baseman Luis García Jr.  Austin Hays to 3rd.    Kyle Schwarber out at 2nd.    Trea Turner to 1st.",ground_ball,73.6,0.0,2.0,31.0,WSH,PHI,3,Top,R,0,0,0,2,2024,0.689,0.72,0.882,1.254,1.59,2.05,-27.976471910000022,115.69930756000004,Pull,True,0,744797-27-3
2024,2024-09-27,744797,2,1,607208,"Turner, Trea",R,R,SL,Slider,7.0,-0.63,2.2,3.43,1.69,66.5,108.1,X,field_out,hit_into_play,Trea Turner flies out to left fielder James Wood.,fly_ball,80.9,44.0,3.0,269.0,WSH,PHI,1,Top,R,0,0,0,0,2024,0.689,0.72,0.882,1.254,1.59,2.05,-147.04493532,225.03465407000004,Pull,False,0,744797-2-1
2024,2024-09-25,745521,37,4,607208,"Turner, Trea",R,R,SI,Sinker,4.0,-0.54,2.61,3.44,1.7,100.5,161.07,X,force_out,hit_into_play,"Trea Turner grounds into a force out, third baseman Isaac Paredes to second baseman Nico Hoerner.   Kyle Schwarber out at 2nd.",ground_ball,86.3,7.0,4.0,102.0,PHI,CHC,4,Bot,R,5,5,0,2,2024,0.689,0.72,0.882,1.254,1.59,2.05,-62.19212132000001,92.83896120000006,Pull,False,0,745521-37-4
2024,2024-09-25,745521,19,5,607208,"Turner, Trea",R,R,FF,4-Seam Fastball,3.0,0.6,3.15,3.44,1.7,129.45,165.52,X,field_out,hit_into_play,"Trea Turner grounds out, pitcher Javier Assad to first baseman Cody Bellinger.",ground_ball,91.9,-6.0,2.0,23.0,PHI,CHC,2,Bot,R,3,3,1,2,2024,0.689,0.72,0.882,1.254,1.59,2.05,10.057554129999968,81.73322525,Straightaway,False,1,745521-19-5
2024,2024-09-25,745521,56,5,607208,"Turner, Trea",R,R,FC,Cutter,8.0,-0.23,1.93,3.44,1.7,144.8,156.96,X,field_out,hit_into_play,"Trea Turner grounds out, first baseman Cody Bellinger to pitcher Keegan Thompson.",ground_ball,55.6,-24.0,1.0,5.0,PHI,CHC,6,Bot,R,8,8,3,1,2024,0.689,0.72,0.882,1.254,1.59,2.05,48.36610398000003,103.09616901000001,Oppo,False,2,745521-56-5
2024,2024-09-25,745521,72,2,607208,"Turner, Trea",R,R,SI,Sinker,4.0,-0.66,2.69,3.44,1.7,30.45,111.22,X,double,hit_into_play,Trea Turner doubles (25) on a ground ball to left fielder Ian Happ.,ground_ball,95.4,-21.0,2.0,7.0,PHI,CHC,8,Bot,R,9,9,0,1,2024,0.689,0.72,0.882,1.254,1.59,2.05,-237.01387487000002,217.24816055000005,Pull,False,0,745521-72-2
2024,2024-09-25,745521,6,2,607208,"Turner, Trea",R,R,FC,Cutter,5.0,0.02,2.75,3.44,1.7,48.72,53.63,X,home_run,hit_into_play,Trea Turner homers (20) on a line drive to left center field.,line_drive,110.2,20.0,6.0,406.0,PHI,CHC,1,Bot,R,0,1,0,1,2024,0.689,0.72,0.882,1.254,1.59,2.05,-191.41796570000002,360.9738534400001,Pull,False,0,745521-6-2
2024,2024-09-24,745526,29,1,607208,"Turner, Trea",L,R,FF,4-Seam Fastball,4.0,-0.54,2.6,3.43,1.7,96.2,160.56,X,field_out,hit_into_play,"Trea Turner grounds out, third baseman Isaac Paredes to first baseman Cody Bellinger.",ground_ball,70.2,-25.0,2.0,5.0,PHI,CHC,3,Bot,R,2,2,0,0,2024,0.689,0.72,0.882,1.254,1.59,2.05,-72.92350662,94.11175341000003,Pull,False,0,745526-29-1
2024,2024-09-24,745526,46,1,607208,"Turner, Trea",L,R,SI,Sinker,8.0,0.13,2.14,3.43,1.7,178.6,146.83,X,field_out,hit_into_play,Trea Turner flies out to second baseman Nico Hoerner.,fly_ball,86.0,56.0,3.0,223.0,PHI,CHC,5,Bot,R,2,2,0,0,2024,0.689,0.72,0.882,1.254,1.59,2.05,132.71978378,128.37731624,Oppo,False,2,745526-46-1
2024,2024-09-24,745526,6,2,607208,"Turner, Trea",L,R,FF,4-Seam Fastball,4.0,-0.31,2.44,3.43,1.7,92.33,157.65,X,field_out,hit_into_play,"Trea Turner grounds out, third baseman Isaac Paredes to first baseman Michael Busch.",ground_ball,106.3,-4.0,2.0,26.0,PHI,CHC,1,Bot,R,0,0,1,0,2024,0.689,0.72,0.882,1.254,1.59,2.05,-82.58175339000002,101.37415602000002,Pull,False,0,745526-6-2
2024,2024-09-23,745527,52,3,607208,"Turner, Trea",R,R,FC,Cutter,9.0,0.69,2.08,3.41,1.69,118.76,160.35,X,field_out,hit_into_play,"Trea Turner grounds out, shortstop Luis Vazquez to first baseman Michael Busch.",ground_ball,68.5,-19.0,2.0,6.0,PHI,CHC,6,Bot,R,6,6,0,2,2024,0.689,0.72,0.882,1.254,1.59,2.05,-16.621168859999994,94.63584432000005,Straightaway,False,1,745527-52-3
2024,2024-09-23,745527,35,2,607208,"Turner, Trea",R,R,FC,Cutter,8.0,0.1,2.19,3.41,1.69,102.5,133.88,X,field_out,hit_into_play,Trea Turner pops out to shortstop Luis Vazquez.,popup,85.5,60.0,3.0,178.0,PHI,CHC,4,Bot,R,4,4,0,1,2024,0.689,0.72,0.882,1.254,1.59,2.05,-57.20077932000001,160.69625569000004,Pull,False,0,745527-35-2
2024,2024-09-23,745527,72,3,607208,"Turner, Trea",R,R,ST,Sweeper,6.0,0.61,2.85,3.41,1.69,121.21,147.73,X,field_out,hit_into_play,"Trea Turner grounds out, pitcher Gavin Hollowell to shortstop Miles Mastrobuoni to first baseman Michael Busch.",ground_ball,82.9,-35.0,2.0,4.0,PHI,CHC,8,Bot,R,6,6,0,2,2024,0.689,0.72,0.882,1.254,1.59,2.05,-10.50677491000002,126.13121234000006,Straightaway,False,1,745527-72-3
2024,2024-09-23,745527,22,1,607208,"Turner, Trea",R,R,ST,Sweeper,5.0,0.18,2.54,3.41,1.69,50.54,122.54,X,double,hit_into_play,Trea Turner doubles (24) on a line drive to left fielder Mike Tauchman.,line_drive,99.3,11.0,4.0,180.0,PHI,CHC,3,Bot,R,3,3,0,0,2024,0.689,0.72,0.882,1.254,1.59,2.05,-186.87584448,188.99716483000003,Pull,False,0,745527-22-1
2024,2024-09-23,745527,6,5,607208,"Turner, Trea",R,R,FF,4-Seam Fastball,14.0,1.22,2.49,3.41,1.69,153.84,165.51,X,field_out,hit_into_play,Trea Turner grounds out to first baseman Michael Busch.,ground_ball,67.4,-21.0,2.0,6.0,PHI,CHC,1,Bot,R,0,0,1,2,2024,0.689,0.72,0.882,1.254,1.59,2.05,70.92696982000001,81.75818196000006,Oppo,True,2,745527-6-5
2024,2024-09-22,745767,21,6,607208,"Turner, Trea",R,R,FF,4-Seam Fastball,11.0,-0.87,3.17,3.41,1.7,69.03,118.39,X,field_out,hit_into_play,Trea Turner flies out to left fielder Brandon Nimmo.,fly_ball,85.7,48.0,3.0,245.0,NYM,PHI,3,Top,R,1,1,3,2,2024,0.689,0.72,0.882,1.254,1.59,2.05,-140.73088769,199.35419948000003,Pull,True,0,745767-21-6
2024,2024-09-22,745767,36,5,607208,"Turner, Trea",R,R,ST,Sweeper,9.0,0.72,2.16,3.41,1.7,116.91,161.77,X,field_out,hit_into_play,"Trea Turner grounds out, shortstop Luisangel Acuña to first baseman Pete Alonso.",ground_ball,68.7,-24.0,2.0,5.0,NYM,PHI,5,Top,R,1,1,1,2,2024,0.689,0.72,0.882,1.254,1.59,2.05,-21.238160210000014,91.0919915,Pull,False,0,745767-36-5
2024,2024-09-22,745767,2,4,607208,"Turner, Trea",R,R,SL,Slider,8.0,0.03,2.16,3.41,1.7,108.82,58.61,X,single,hit_into_play,Trea Turner singles on a sharp line drive to center fielder Tyrone Taylor.,line_drive,101.3,15.0,4.0,305.0,NYM,PHI,1,Top,R,0,0,2,1,2024,0.689,0.72,0.882,1.254,1.59,2.05,-41.428138600000025,348.5454118600001,Straightaway,False,1,745767-2-4
2024,2024-09-22,745767,56,1,607208,"Turner, Trea",R,R,FF,4-Seam Fastball,4.0,-0.61,2.67,3.41,1.7,134.28,91.78,X,single,hit_into_play,Trea Turner singles on a fly ball to center fielder Tyrone Taylor.,fly_ball,73.5,29.0,4.0,253.0,NYM,PHI,8,Top,R,1,1,0,0,2024,0.689,0.72,0.882,1.254,1.59,2.05,22.11164506,265.76400479000006,Straightaway,False,1,745767-56-1
2024,2024-09-21,745768,27,4,607208,"Turner, Trea",L,R,CH,Changeup,9.0,0.66,1.65,3.38,1.68,116.09,155.04,X,field_out,hit_into_play,"Trea Turner grounds out, shortstop Luisangel Acuña to first baseman Pete Alonso.",ground_ball,73.2,3.0,2.0,54.0,NYM,PHI,4,Top,R,1,1,1,2,2024,0.689,0.72,0.882,1.254,1.59,2.05,-23.284610429999997,107.88785733000006,Pull,False,0,745768-27-4
2024,2024-09-21,745768,70,3,607208,"Turner, Trea",R,R,SL,Slider,9.0,0.52,2.16,3.38,1.68,108.11,149.88,X,field_out,hit_into_play,"Trea Turner grounds out, shortstop Luisangel Acuña to first baseman Pete Alonso.",ground_ball,87.5,0.0,2.0,45.0,NYM,PHI,9,Top,R,3,3,0,2,2024,0.689,0.72,0.882,1.254,1.59,2.05,-43.20006501000001,120.76551969000005,Pull,False,0,745768-70-3
2024,2024-09-21,745768,2,3,607208,"Turner, Trea",L,R,SI,Sinker,12.0,0.98,2.82,3.38,1.68,112.27,72.34,X,field_out,hit_into_play,Trea Turner flies out to center fielder Harrison Bader.,fly_ball,82.8,34.0,3.0,317.0,NYM,PHI,1,Top,R,1,1,1,1,2024,0.689,0.72,0.882,1.254,1.59,2.05,-32.81807365000002,314.27984903000004,Straightaway,True,1,745768-2-3
2024,2024-09-20,745770,21,5,607208,"Turner, Trea",L,R,FF,4-Seam Fastball,4.0,-0.43,2.79,3.39,1.69,82.37,148.99,X,field_out,hit_into_play,Trea Turner lines out to third baseman Mark Vientos.,line_drive,87.2,14.0,4.0,168.0,NYM,PHI,3,Top,R,1,1,2,2,2024,0.689,0.72,0.882,1.254,1.59,2.05,-107.43863655,122.98666688000002,Pull,False,0,745770-21-5
2024,2024-09-20,745770,64,1,607208,"Turner, Trea",L,R,SI,Sinker,5.0,-0.23,2.79,3.39,1.69,38.31,88.75,X,field_out,hit_into_play,Trea Turner flies out sharply to left fielder Brandon Nimmo.,fly_ball,101.3,39.0,5.0,346.0,NYM,PHI,7,Top,R,10,10,0,0,2024,0.689,0.72,0.882,1.254,1.59,2.05,-217.39790081,273.32588792000007,Pull,False,0,745770-64-1
2024,2024-09-20,745770,51,5,607208,"Turner, Trea",R,R,FC,Cutter,14.0,0.68,1.46,3.39,1.69,174.42,128.72,X,single,hit_into_play,Trea Turner singles on a fly ball to right fielder Starling Marte.   Kyle Schwarber to 3rd.,fly_ball,65.6,31.0,4.0,196.0,NYM,PHI,6,Top,R,8,8,2,2,2024,0.689,0.72,0.882,1.254,1.59,2.05,122.28787899999998,173.57391805000003,Oppo,True,2,745770-51-5
2024,2024-09-20,745770,2,3,607208,"Turner, Trea",L,R,FF,4-Seam Fastball,12.0,0.17,3.75,3.39,1.69,179.1,82.4,X,field_out,hit_into_play,Trea Turner flies out to right fielder Starling Marte.,fly_ball,90.8,37.0,3.0,318.0,NYM,PHI,1,Top,R,0,0,0,2,2024,0.689,0.72,0.882,1.254,1.59,2.05,133.96761927999998,289.17339877,Oppo,True,2,745770-2-3
2024,2024-09-20,745770,33,3,607208,"Turner, Trea",R,R,FF,4-Seam Fastball,6.0,0.59,2.86,3.39,1.69,179.18,112.24,X,single,hit_into_play,Trea Turner singles on a ground ball to right fielder Starling Marte.   Johan Rojas scores.,ground_ball,103.5,-4.0,2.0,30.0,NYM,PHI,4,Top,R,4,5,0,2,2024,0.689,0.72,0.882,1.254,1.59,2.05,134.16727296000002,214.70257613000007,Oppo,False,2,745770-33-3
2024,2024-09-19,745769,44,1,607208,"Turner, Trea",R,R,ST,Sweeper,5.0,-0.08,2.28,3.4,1.69,189.42,92.41,X,field_out,hit_into_play,Trea Turner flies out to right fielder Tyrone Taylor.,fly_ball,87.8,35.0,3.0,307.0,NYM,PHI,5,Top,R,3,3,0,0,2024,0.689,0.72,0.882,1.254,1.59,2.05,159.72294399999998,264.19173206000005,Oppo,False,2,745769-44-1
2024,2024-09-19,745769,20,2,607208,"Turner, Trea",R,R,SI,Sinker,4.0,-0.43,2.79,3.4,1.69,35.99,46.28,X,home_run,hit_into_play,Trea Turner homers (19) on a fly ball to left center field.   Kyle Schwarber scores.,fly_ball,106.6,27.0,6.0,436.0,NYM,PHI,3,Top,R,0,2,1,0,2024,0.689,0.72,0.882,1.254,1.59,2.05,-223.18785753000003,379.31703529000004,Pull,False,0,745769-20-2
2024,2024-09-19,745769,80,3,607208,"Turner, Trea",R,R,FF,4-Seam Fastball,5.0,0.16,2.34,3.4,1.69,208.75,105.67,X,field_out,hit_into_play,Trea Turner flies out to right fielder Tyrone Taylor.,fly_ball,95.8,24.0,5.0,308.0,NYM,PHI,9,Top,R,6,6,0,2,2024,0.689,0.72,0.882,1.254,1.59,2.05,207.96426443000001,231.09913460000004,Oppo,False,2,745769-80-3
2024,2024-09-18,745933,19,2,607208,"Turner, Trea",R,R,FF,4-Seam Fastball,5.0,-0.25,2.25,3.41,1.7,195.39,112.95,X,field_out,hit_into_play,Trea Turner flies out to right fielder Sal Frelick.,fly_ball,92.6,45.0,3.0,274.0,MIL,PHI,3,Top,R,1,1,1,0,2024,0.689,0.72,0.882,1.254,1.59,2.05,174.62209986999997,212.93064972000005,Oppo,False,2,745933-19-2
2024,2024-09-18,745933,54,3,607208,"Turner, Trea",R,R,FF,4-Seam Fastball,12.0,1.21,2.98,3.41,1.7,149.23,155.98,X,force_out,hit_into_play,"Trea Turner grounds into a force out, second baseman Brice Turang to shortstop Willy Adames.   Kyle Schwarber out at 2nd.    Trea Turner to 1st.",ground_ball,70.3,-8.0,2.0,17.0,MIL,PHI,8,Top,R,1,1,0,2,2024,0.689,0.72,0.882,1.254,1.59,2.05,59.42192650999998,105.54192659000006,Oppo,True,2,745933-54-3
2024,2024-09-18,745933,39,3,607208,"Turner, Trea",R,R,SL,Slider,4.0,-0.37,2.5,3.41,1.7,91.66,104.04,X,single,hit_into_play,Trea Turner singles on a line drive to left fielder Jackson Chourio.,line_drive,81.8,15.0,4.0,214.0,MIL,PHI,6,Top,R,1,1,1,1,2024,0.689,0.72,0.882,1.254,1.59,2.05,-84.25385296000002,235.16707833000004,Pull,False,0,745933-39-3
2024,2024-09-17,745935,18,2,607208,"Turner, Trea",R,R,FF,4-Seam Fastball,6.0,0.43,2.78,3.39,1.69,117.37,81.18,X,single,hit_into_play,Trea Turner singles on a line drive to center fielder Garrett Mitchell.,line_drive,94.1,10.0,4.0,215.0,MIL,PHI,3,Top,R,1,1,0,1,2024,0.689,0.72,0.882,1.254,1.59,2.05,-20.090151549999995,292.21811739000003,Straightaway,False,1,745935-18-2
2024,2024-09-17,745935,67,1,607208,"Turner, Trea",R,R,SL,Slider,8.0,0.16,1.73,3.39,1.69,124.97,94.05,X,single,hit_into_play,Trea Turner singles on a line drive to center fielder Blake Perkins.   Johan Rojas scores.,line_drive,95.2,14.0,4.0,263.0,MIL,PHI,9,Top,R,4,5,0,0,2024,0.689,0.72,0.882,1.254,1.59,2.05,-1.1230519500000071,260.09883162000006,Straightaway,False,1,745935-67-1
2024,2024-09-17,745935,51,1,607208,"Turner, Trea",L,R,CU,Curveball,4.0,-0.66,2.52,3.39,1.69,51.1,114.86,X,single,hit_into_play,Trea Turner singles on a line drive to left fielder Jackson Chourio.   Kyle Schwarber to 2nd.,line_drive,86.7,18.0,4.0,220.0,MIL,PHI,7,Top,R,4,4,0,0,2024,0.689,0.72,0.882,1.254,1.59,2.05,-185.47826872,208.16391811000005,Pull,False,0,745935-51-1
2024,2024-09-17,745935,2,5,607208,"Turner, Trea",R,R,FC,Cutter,9.0,0.4,1.85,3.39,1.69,112.68,147.85,X,field_out,hit_into_play,"Trea Turner grounds out, shortstop Willy Adames to first baseman Jake Bauers.",ground_ball,75.8,8.0,2.0,118.0,MIL,PHI,1,Top,R,0,0,3,1,2024,0.689,0.72,0.882,1.254,1.59,2.05,-31.79484853999999,125.83173182000004,Pull,False,0,745935-2-5
2024,2024-09-16,745939,43,2,607208,"Turner, Trea",R,R,SI,Sinker,3.0,0.69,3.19,3.41,1.71,90.23,92.04,X,single,hit_into_play,Trea Turner singles on a sharp line drive to left fielder Jackson Chourio.   Kyle Schwarber to 2nd.,line_drive,100.4,14.0,4.0,281.0,MIL,PHI,6,Top,R,1,1,0,1,2024,0.689,0.72,0.882,1.254,1.59,2.05,-87.82266249,265.11513033000006,Pull,False,0,745939-43-2
2024,2024-09-16,745939,19,2,607208,"Turner, Trea",R,R,SI,Sinker,4.0,-0.41,2.48,3.41,1.71,156.12,128.52,X,single,hit_into_play,"Trea Turner singles on a ground ball to right fielder Sal Frelick.  Cal Stevenson out at 3rd on the throw, right fielder Sal Frelick to third baseman Joey Ortiz.",ground_ball,77.6,9.0,2.0,121.0,MIL,PHI,3,Top,R,0,0,0,1,2024,0.689,0.72,0.882,1.254,1.59,2.05,76.61709970000001,174.07305225000002,Oppo,False,2,745939-19-2
2024,2024-09-16,745939,58,4,607208,"Turner, Trea",R,R,FF,4-Seam Fastball,12.0,0.96,3.59,3.41,1.71,158.62,100.7,X,field_out,hit_into_play,Trea Turner flies out to right fielder Sal Frelick.,fly_ball,74.9,30.0,3.0,259.0,MIL,PHI,7,Top,R,2,2,1,2,2024,0.689,0.72,0.882,1.254,1.59,2.05,82.85627720000001,243.50261947000004,Oppo,True,2,745939-58-4
2024,2024-09-15,745530,41,1,607208,"Turner, Trea",L,R,CH,Changeup,9.0,0.67,2.22,3.42,1.71,97.18,46.89,X,double,hit_into_play,Trea Turner doubles (23) on a sharp line drive to center fielder Harrison Bader.,line_drive,101.5,18.0,5.0,337.0,PHI,NYM,6,Bot,R,0,0,0,0,2024,0.689,0.72,0.882,1.254,1.59,2.05,-70.47774903999999,377.79467598,Straightaway,False,1,745530-41-1
2024,2024-09-15,745530,6,7,607208,"Turner, Trea",L,R,CH,Changeup,8.0,0.11,2.09,3.42,1.71,106.82,147.62,X,field_out,hit_into_play,"Trea Turner grounds out, shortstop Francisco Lindor to first baseman Pete Alonso.",ground_ball,101.2,6.0,4.0,108.0,PHI,NYM,1,Bot,R,0,0,3,2,2024,0.689,0.72,0.882,1.254,1.59,2.05,-46.41948060000003,126.40573615000002,Pull,False,0,745530-6-7
2024,2024-09-15,745530,60,5,607208,"Turner, Trea",R,R,FC,Cutter,11.0,-0.19,3.69,3.42,1.71,165.75,92.88,X,field_out,hit_into_play,Trea Turner flies out to right fielder Tyrone Taylor.,fly_ball,91.1,48.0,3.0,283.0,PHI,NYM,8,Bot,R,1,1,2,2,2024,0.689,0.72,0.882,1.254,1.59,2.05,100.65041143,263.01876669000006,Oppo,True,2,745530-60-5
2024,2024-09-14,745528,32,1,607208,"Turner, Trea",R,R,SI,Sinker,4.0,-0.81,2.64,3.42,1.71,139.77,163.29,X,field_out,hit_into_play,"Trea Turner grounds out, first baseman Pete Alonso to pitcher Luis Severino.",ground_ball,58.5,-7.0,1.0,16.0,PHI,NYM,4,Bot,R,0,0,0,0,2024,0.689,0.72,0.882,1.254,1.59,2.05,35.812878850000025,87.29857158000006,Oppo,False,2,745528-32-1
2024,2024-09-13,745529,48,2,607208,"Turner, Trea",L,R,SI,Sinker,14.0,1.12,2.46,3.43,1.71,169.8,102.52,X,field_out,hit_into_play,Trea Turner lines out to right fielder Tyrone Taylor.,line_drive,91.7,17.0,4.0,265.0,PHI,NYM,6,Bot,R,0,0,0,1,2024,0.689,0.72,0.882,1.254,1.59,2.05,110.75787898000003,238.96049825000006,Oppo,True,2,745529-48-2
2024,2024-09-13,745529,25,3,607208,"Turner, Trea",L,R,CH,Changeup,12.0,0.98,2.85,3.43,1.71,118.48,180.97,X,field_out,hit_into_play,"Trea Turner grounds out, pitcher Jose Quintana to first baseman Pete Alonso.",ground_ball,68.2,-70.0,2.0,1.0,PHI,NYM,4,Bot,R,0,0,1,1,2024,0.689,0.72,0.882,1.254,1.59,2.05,-17.319956739999995,43.17510830000003,Pull,True,0,745529-25-3
2024,2024-09-13,745529,7,1,607208,"Turner, Trea",L,R,CU,Curveball,2.0,0.18,2.92,3.43,1.71,148.62,57.48,X,field_out,hit_into_play,Trea Turner flies out to center fielder Harrison Bader.,fly_ball,95.6,36.0,3.0,355.0,PHI,NYM,1,Bot,R,0,0,0,0,2024,0.689,0.72,0.882,1.254,1.59,2.05,57.899567200000014,351.3655200900001,Straightaway,False,1,745529-7-1
2024,2024-09-11,745525,46,1,607208,"Turner, Trea",R,R,SL,Slider,5.0,0.27,2.28,3.43,1.71,99.87,163.4,X,field_out,hit_into_play,"Trea Turner grounds out, third baseman Junior Caminero to first baseman Jonathan Aranda.",ground_ball,79.9,0.0,2.0,37.0,PHI,TB,6,Bot,R,2,2,0,0,2024,0.689,0.72,0.882,1.254,1.59,2.05,-63.76439405,87.02404777000002,Pull,False,0,745525-46-1
2024,2024-09-11,745525,25,5,607208,"Turner, Trea",R,R,CU,Curveball,8.0,0.12,2.17,3.43,1.71,123.33,56.01,X,field_out,hit_into_play,Trea Turner lines out sharply to center fielder Jose Siri.,line_drive,100.1,21.0,5.0,354.0,PHI,TB,3,Bot,R,2,2,1,2,2024,0.689,0.72,0.882,1.254,1.59,2.05,-5.215952390000009,355.0341564600001,Straightaway,False,1,745525-25-5
2024,2024-09-11,745525,6,3,607208,"Turner, Trea",R,R,FF,4-Seam Fastball,5.0,0.13,2.55,3.43,1.71,112.34,136.55,X,single,hit_into_play,Trea Turner singles on a ground ball to left fielder Dylan Carlson.,ground_ball,107.0,-8.0,2.0,16.0,PHI,TB,1,Bot,R,0,0,2,0,2024,0.689,0.72,0.882,1.254,1.59,2.05,-32.643376679999996,154.03281412,Straightaway,False,1,745525-6-3
2024,2024-09-11,745525,61,4,607208,"Turner, Trea",R,R,ST,Sweeper,14.0,0.96,1.5,3.43,1.71,109.63,155.77,X,field_out,hit_into_play,"Trea Turner grounds out, shortstop Taylor Walls to first baseman Jonathan Aranda.",ground_ball,80.8,1.0,2.0,39.0,PHI,TB,8,Bot,R,3,3,1,2,2024,0.689,0.72,0.882,1.254,1.59,2.05,-39.40664509000002,106.06601750000002,Pull,True,0,745525-61-4
2024,2024-09-10,745535,45,1,607208,"Turner, Trea",R,R,FC,Cutter,8.0,0.17,1.8,3.43,1.71,106.25,164.63,X,field_out,hit_into_play,"Trea Turner grounds out, third baseman Junior Caminero to first baseman Jonathan Aranda.",ground_ball,84.1,-13.0,2.0,8.0,PHI,TB,5,Bot,R,4,4,0,0,2024,0.689,0.72,0.882,1.254,1.59,2.05,-47.84201307000001,83.95437244000004,Pull,False,0,745535-45-1
2024,2024-09-10,745535,27,6,607208,"Turner, Trea",R,R,FF,4-Seam Fastball,1.0,-0.3,3.27,3.43,1.71,57.52,54.26,X,home_run,hit_into_play,Trea Turner homers (17) on a fly ball to left center field.   Kyle Schwarber scores.,fly_ball,101.8,35.0,6.0,381.0,PHI,TB,3,Bot,R,2,4,1,2,2024,0.689,0.72,0.882,1.254,1.59,2.05,-169.45606090000004,359.4015807100001,Pull,False,0,745535-27-6
2024,2024-09-10,745535,75,3,607208,"Turner, Trea",R,R,FC,Cutter,5.0,0.12,2.3,3.43,1.71,49.75,67.15,X,home_run,hit_into_play,Trea Turner homers (18) on a fly ball to left center field.   Buddy Kennedy scores.,fly_ball,100.2,32.0,6.0,376.0,PHI,TB,8,Bot,R,7,9,2,0,2024,0.689,0.72,0.882,1.254,1.59,2.05,-188.84742457000002,327.23238152000005,Pull,False,0,745535-75-3
2024,2024-09-10,745535,63,1,607208,"Turner, Trea",R,R,SI,Sinker,4.0,-0.44,2.89,3.43,1.71,158.03,118.34,X,single,hit_into_play,Trea Turner singles on a ground ball to right fielder Josh Lowe.,ground_ball,92.0,-5.0,2.0,23.0,PHI,TB,7,Bot,R,4,4,0,0,2024,0.689,0.72,0.882,1.254,1.59,2.05,81.38383131,199.47898303000002,Oppo,False,2,745535-63-1
2024,2024-09-09,745534,23,5,607208,"Turner, Trea",L,R,FF,4-Seam Fastball,1.0,-0.76,3.14,3.44,1.71,115.33,156.79,X,field_out,hit_into_play,Trea Turner pops out to shortstop Taylor Walls.,popup,72.2,65.0,3.0,128.0,PHI,TB,3,Bot,R,0,0,2,2,2024,0.689,0.72,0.882,1.254,1.59,2.05,-25.18132039000001,103.52043308000006,Pull,False,0,745534-23-5
2024,2024-09-09,745534,65,5,607208,"Turner, Trea",R,R,SI,Sinker,6.0,0.36,2.49,3.44,1.71,180.87,71.75,X,field_out,hit_into_play,Trea Turner lines out sharply to right fielder Josh Lowe.,line_drive,105.9,19.0,6.0,343.0,PHI,TB,9,Bot,R,1,1,3,1,2024,0.689,0.72,0.882,1.254,1.59,2.05,138.38495695000003,315.75229492000005,Oppo,False,2,745534-65-5
2024,2024-09-09,745534,6,4,607208,"Turner, Trea",R,R,FF,4-Seam Fastball,9.0,0.38,2.16,3.44,1.71,144.28,150.68,X,field_out,hit_into_play,"Trea Turner grounds out sharply, second baseman José Caballero to first baseman Yandy Díaz.",ground_ball,109.9,-4.0,4.0,25.0,PHI,TB,1,Bot,R,0,0,2,1,2024,0.689,0.72,0.882,1.254,1.59,2.05,47.06835506,118.76898289000002,Oppo,False,2,745534-6-4
2024,2024-09-09,745534,43,5,607208,"Turner, Trea",R,R,SI,Sinker,6.0,0.38,2.49,3.44,1.71,161.73,120.47,X,single,hit_into_play,Trea Turner singles on a sharp ground ball to right fielder Jonny DeLuca.,ground_ball,104.1,-13.0,2.0,10.0,PHI,TB,6,Bot,R,1,1,2,2,2024,0.689,0.72,0.882,1.254,1.59,2.05,90.61781400999998,194.16320380000005,Oppo,False,2,745534-43-5
2024,2024-09-08,746017,32,4,607208,"Turner, Trea",R,R,FF,4-Seam Fastball,6.0,0.45,2.5,3.43,1.71,145.62,129.93,X,double_play,hit_into_play,"Trea Turner lines into a double play, second baseman Otto Lopez to first baseman Jonah Bride.   Kyle Schwarber out at 1st.",line_drive,101.0,9.0,4.0,184.0,MIA,PHI,4,Top,R,0,0,1,2,2024,0.689,0.72,0.882,1.254,1.59,2.05,50.41255420000001,170.55415614000003,Oppo,False,2,746017-32-4
2024,2024-09-08,746017,2,5,607208,"Turner, Trea",R,R,CU,Curveball,9.0,0.33,1.71,3.43,1.71,88.71,79.33,X,field_out,hit_into_play,Trea Turner lines out to left fielder Griffin Conine.,line_drive,85.5,23.0,3.0,311.0,MIA,PHI,1,Top,R,0,0,1,2,2024,0.689,0.72,0.882,1.254,1.59,2.05,-91.61608241000003,296.83510874000007,Pull,False,0,746017-2-5
2024,2024-09-07,746018,21,3,607208,"Turner, Trea",R,R,ST,Sweeper,14.0,1.15,2.29,3.43,1.7,163.99,91.19,X,field_out,hit_into_play,Trea Turner lines out to right fielder Jesús Sánchez.,line_drive,79.9,29.0,3.0,285.0,MIA,PHI,3,Top,R,2,2,0,2,2024,0.689,0.72,0.882,1.254,1.59,2.05,96.25803047000002,267.2364506800001,Oppo,True,2,746018-21-3
2024,2024-09-07,746018,42,3,607208,"Turner, Trea",R,R,FF,4-Seam Fastball,3.0,0.33,3.43,3.43,1.7,196.77,106.03,X,field_out,hit_into_play,Trea Turner flies out to right fielder Jesús Sánchez.,fly_ball,92.3,45.0,3.0,289.0,MIA,PHI,5,Top,R,3,3,1,1,2024,0.689,0.72,0.882,1.254,1.59,2.05,178.06612585000005,230.20069304000003,Oppo,False,2,746018-42-3
2024,2024-09-06,746016,14,2,607208,"Turner, Trea",L,R,SI,Sinker,8.0,0.19,1.98,3.43,1.71,66.86,50.01,X,home_run,hit_into_play,Trea Turner homers (16) on a fly ball to left center field.   Kyle Schwarber scores.,fly_ball,104.4,24.0,6.0,396.0,MIA,PHI,2,Top,R,4,6,0,1,2024,0.689,0.72,0.882,1.254,1.59,2.05,-146.14649376000003,370.00818246000006,Pull,False,0,746016-14-2
2024,2024-09-06,746016,44,1,607208,"Turner, Trea",R,R,SL,Slider,9.0,0.28,1.84,3.43,1.71,184.31,143.82,X,double,hit_into_play,Trea Turner doubles (22) on a line drive to right fielder Griffin Conine.   Johan Rojas scores.,line_drive,64.4,23.0,4.0,160.0,MIA,PHI,5,Top,R,8,9,0,0,2024,0.689,0.72,0.882,1.254,1.59,2.05,146.97006519,135.88928595000004,Oppo,False,2,746016-44-1
2024,2024-09-06,746016,26,2,607208,"Turner, Trea",L,R,FF,4-Seam Fastball,5.0,-0.21,2.66,3.43,1.71,175.35,107.4,X,field_out,hit_into_play,Trea Turner flies out to right fielder Griffin Conine.,fly_ball,91.5,53.0,3.0,260.0,MIA,PHI,3,Top,R,7,7,0,1,2024,0.689,0.72,0.882,1.254,1.59,2.05,124.60885302999999,226.78162377000004,Oppo,False,2,746016-26-2
2024,2024-09-06,746016,72,3,607208,"Turner, Trea",R,R,FA,Other,5.0,0.01,2.62,3.43,1.71,145.68,150.03,X,grounded_into_double_play,hit_into_play,"Trea Turner grounds into a double play, second baseman Otto Lopez to first baseman Jonah Bride.   Kyle Schwarber out at 2nd.    Trea Turner out at 1st.",ground_ball,102.2,-3.0,2.0,37.0,MIA,PHI,8,Top,R,14,14,1,1,2024,0.689,0.72,0.882,1.254,1.59,2.05,50.56229446000002,120.39116904000004,Oppo,False,2,746016-72-3
2024,2024-09-06,746016,2,2,607208,"Turner, Trea",L,R,CH,Changeup,14.0,0.41,1.37,3.43,1.71,72.27,114.08,X,single,hit_into_play,"Trea Turner singles on a ground ball to left fielder Kyle Stowers, deflected by shortstop Xavier Edwards.   Kyle Schwarber to 2nd.",ground_ball,95.6,-10.0,2.0,8.0,MIA,PHI,1,Top,R,0,0,0,1,2024,0.689,0.72,0.882,1.254,1.59,2.05,-132.64491365000003,210.11054149000006,Pull,True,0,746016-2-2
2024,2024-09-05,746021,35,1,607208,"Turner, Trea",R,R,CU,Curveball,8.0,0.2,1.86,3.43,1.72,58.24,89.39,X,field_out,hit_into_play,Trea Turner lines out to left fielder Kyle Stowers.,line_drive,92.3,22.0,3.0,318.0,MIA,PHI,5,Top,R,1,1,0,0,2024,0.689,0.72,0.882,1.254,1.59,2.05,-167.65917778000002,271.72865848000004,Pull,False,0,746021-35-1
2024,2024-09-05,746021,18,1,607208,"Turner, Trea",R,R,SV,Slurve,5.0,0.12,2.32,3.43,1.72,118.99,55.14,X,field_out,hit_into_play,Trea Turner flies out to center fielder Cristian Pache.   Kyle Schwarber to 3rd.,fly_ball,93.4,33.0,3.0,356.0,MIA,PHI,3,Top,R,1,1,0,0,2024,0.689,0.72,0.882,1.254,1.59,2.05,-16.047164530000018,357.20539023000003,Straightaway,False,1,746021-18-1
2024,2024-09-05,746021,48,5,607208,"Turner, Trea",L,R,FF,4-Seam Fastball,5.0,0.17,2.78,3.43,1.72,133.95,52.15,X,field_out,hit_into_play,Trea Turner flies out sharply to center fielder Cristian Pache.,fly_ball,101.3,36.0,5.0,364.0,MIA,PHI,6,Top,R,5,5,3,1,2024,0.689,0.72,0.882,1.254,1.59,2.05,21.288073629999968,364.66744652000006,Straightaway,False,1,746021-48-5
2024,2024-09-05,746021,71,4,607208,"Turner, Trea",R,R,SI,Sinker,1.0,-0.3,3.1,3.43,1.72,103.99,124.71,X,field_out,hit_into_play,Trea Turner flies out to shortstop Xavier Edwards.,fly_ball,90.9,62.0,3.0,186.0,MIA,PHI,9,Top,R,5,5,1,2,2024,0.689,0.72,0.882,1.254,1.59,2.05,-53.48222953000002,183.58155876000006,Pull,False,0,746021-71-4
2024,2024-09-04,744887,36,7,607208,"Turner, Trea",R,R,FF,4-Seam Fastball,14.0,0.91,1.94,3.43,1.72,131.88,142.45,X,field_out,hit_into_play,"Trea Turner grounds out sharply, second baseman Leo Jiménez to first baseman Spencer Horwitz.",ground_ball,100.5,-8.0,2.0,13.0,TOR,PHI,5,Top,R,3,3,2,2,2024,0.689,0.72,0.882,1.254,1.59,2.05,16.122034659999986,139.30835522000007,Straightaway,True,1,744887-36-7
2024,2024-09-04,744887,17,1,607208,"Turner, Trea",R,R,SL,Slider,9.0,0.73,1.99,3.42,1.72,104.28,170.12,X,grounded_into_double_play,hit_into_play,"Trea Turner grounds into a double play, third baseman Vladimir Guerrero Jr.  to second baseman Leo Jiménez to first baseman Spencer Horwitz.   Kyle Schwarber out at 2nd.    Trea Turner out at 1st.",ground_ball,81.5,-14.0,2.0,8.0,TOR,PHI,2,Top,R,3,3,0,0,2024,0.689,0.72,0.882,1.254,1.59,2.05,-52.75848494,70.25313865000003,Pull,False,0,744887-17-1
2024,2024-09-04,744887,2,5,607208,"Turner, Trea",R,R,FF,4-Seam Fastball,2.0,0.23,3.45,3.42,1.72,154.52,59.65,X,field_out,hit_into_play,Trea Turner flies out to center fielder Daulton Varsho.,fly_ball,99.3,36.0,5.0,352.0,TOR,PHI,1,Top,R,1,1,1,2,2024,0.689,0.72,0.882,1.254,1.59,2.05,72.62402610000002,345.94991402000005,Straightaway,False,1,744887-2-5
2024,2024-09-03,744891,40,1,607208,"Turner, Trea",R,R,SI,Sinker,4.0,-0.46,2.75,3.41,1.71,124.29,150.11,X,single,hit_into_play,Trea Turner singles on a ground ball to shortstop Ernie Clement.,ground_ball,78.7,-3.0,2.0,27.0,TOR,PHI,4,Top,R,4,4,0,0,2024,0.689,0.72,0.882,1.254,1.59,2.05,-2.8201082299999887,120.19151536,Straightaway,False,1,744891-40-1
2024,2024-09-03,744891,27,3,607208,"Turner, Trea",R,R,ST,Sweeper,12.0,0.98,3.33,3.41,1.71,110.34,165.88,X,field_error,hit_into_play,Trea Turner reaches on a fielding error by third baseman Addison Barger.,ground_ball,67.4,-9.0,2.0,18.0,TOR,PHI,3,Top,R,1,1,0,2,2024,0.689,0.72,0.882,1.254,1.59,2.05,-37.63471868,80.83478369000004,Pull,True,0,744891-27-3
2024,2024-09-03,744891,56,4,607208,"Turner, Trea",L,R,FC,Cutter,6.0,0.6,2.77,3.41,1.71,164.07,80.8,X,single,hit_into_play,Trea Turner singles on a sharp line drive to right fielder George Springer.,line_drive,103.7,10.0,4.0,199.0,TOR,PHI,6,Top,R,4,4,2,1,2024,0.689,0.72,0.882,1.254,1.59,2.05,96.45768414999999,293.16647237000006,Oppo,False,2,744891-56-4
2024,2024-09-03,744891,2,3,607208,"Turner, Trea",R,R,SL,Slider,6.0,0.42,2.73,3.41,1.71,45.45,115.55,X,double,hit_into_play,Trea Turner doubles (21) on a ground ball to left fielder Joey Loperfido.,ground_ball,94.6,4.0,4.0,83.0,TOR,PHI,1,Top,R,1,1,1,1,2024,0.689,0.72,0.882,1.254,1.59,2.05,-199.57880987000001,206.44190512000006,Pull,False,0,744891-2-3
2024,2024-09-03,744891,70,1,607208,"Turner, Trea",L,R,CU,Curveball,8.0,0.24,1.85,3.41,1.71,56.47,82.99,X,field_out,hit_into_play,Trea Turner lines out sharply to left fielder Joey Loperfido.,line_drive,103.2,20.0,5.0,333.0,TOR,PHI,7,Top,R,7,7,0,0,2024,0.689,0.72,0.882,1.254,1.59,2.05,-172.07651545000002,287.70095288000005,Pull,False,0,744891-70-1
2024,2024-09-01,745536,43,3,607208,"Turner, Trea",R,R,FC,Cutter,12.0,0.98,2.75,3.44,1.72,162.48,106.6,X,single,hit_into_play,Trea Turner singles on a line drive to right fielder Jorge Soler.,line_drive,86.0,18.0,4.0,249.0,PHI,ATL,6,Bot,R,0,0,1,1,2024,0.689,0.72,0.882,1.254,1.59,2.05,92.48956725999997,228.77816057000007,Oppo,True,2,745536-43-3
2024,2024-09-01,745536,6,1,607208,"Turner, Trea",R,R,FF,4-Seam Fastball,9.0,0.45,2.0,3.44,1.72,132.69,82.36,X,field_out,hit_into_play,Trea Turner lines out sharply to center fielder Michael Harris II.,line_drive,105.6,13.0,5.0,291.0,PHI,ATL,1,Bot,R,0,0,0,0,2024,0.689,0.72,0.882,1.254,1.59,2.05,18.143528169999993,289.27322561000005,Straightaway,False,1,745536-6-1
2024,2024-08-31,745532,43,9,607208,"Turner, Trea",L,R,FF,4-Seam Fastball,1.0,-0.54,3.48,3.45,1.73,48.47,62.21,X,home_run,hit_into_play,Trea Turner homers (15) on a fly ball to left center field.,fly_ball,102.7,36.0,6.0,388.0,PHI,ATL,6,Bot,R,1,2,3,2,2024,0.689,0.72,0.882,1.254,1.59,2.05,-192.04188345000003,339.56099626,Pull,False,0,745532-43-9
2024,2024-08-31,745532,5,2,607208,"Turner, Trea",L,R,FF,4-Seam Fastball,13.0,-1.02,2.31,3.45,1.73,85.91,157.4,X,field_out,hit_into_play,"Trea Turner grounds out, third baseman Gio Urshela to first baseman Matt Olson.",ground_ball,60.0,13.0,2.0,108.0,PHI,ATL,1,Bot,R,0,0,0,1,2024,0.689,0.72,0.882,1.254,1.59,2.05,-98.60396121000002,101.99807377000002,Pull,True,0,745532-5-2
2024,2024-08-30,745533,42,6,607208,"Turner, Trea",R,R,FF,4-Seam Fastball,9.0,0.67,2.21,3.45,1.73,135.98,71.46,X,field_out,hit_into_play,Trea Turner lines out to center fielder Michael Harris II.,line_drive,90.4,20.0,4.0,318.0,PHI,ATL,5,Bot,R,1,1,3,2,2024,0.689,0.72,0.882,1.254,1.59,2.05,26.35428575999997,316.4760395100001,Straightaway,False,1,745533-42-6
2024,2024-08-30,745533,65,10,607208,"Turner, Trea",R,R,FF,4-Seam Fastball,5.0,-0.15,2.81,3.45,1.73,127.48,78.26,X,field_out,hit_into_play,Trea Turner flies out to center fielder Michael Harris II.,fly_ball,97.8,47.0,3.0,301.0,PHI,ATL,8,Bot,R,2,2,3,2,2024,0.689,0.72,0.882,1.254,1.59,2.05,5.141082260000006,299.50547671000004,Straightaway,False,1,745533-65-10
2024,2024-08-30,745533,5,4,607208,"Turner, Trea",R,R,FF,4-Seam Fastball,7.0,-0.33,2.26,3.45,1.73,101.61,167.98,X,field_out,hit_into_play,"Trea Turner grounds out, third baseman Gio Urshela to first baseman Matt Olson.",ground_ball,99.0,-33.0,2.0,3.0,PHI,ATL,1,Bot,R,0,0,2,1,2024,0.689,0.72,0.882,1.254,1.59,2.05,-59.42192651000001,75.59387459000006,Pull,False,0,745533-5-4
2024,2024-08-29,745531,41,4,607208,"Turner, Trea",R,R,CU,Curveball,8.0,0.2,1.75,3.45,1.73,100.6,167.47,X,force_out,hit_into_play,"Trea Turner grounds into a force out, third baseman Luke Williams to second baseman Whit Merrifield.   Kyle Schwarber out at 2nd.    Trea Turner to 1st.",ground_ball,88.8,-17.0,2.0,6.0,PHI,ATL,5,Bot,R,0,0,1,2,2024,0.689,0.72,0.882,1.254,1.59,2.05,-61.94255422000003,76.86666680000003,Pull,False,0,745531-41-4
2024,2024-08-29,745531,25,5,607208,"Turner, Trea",R,R,FF,4-Seam Fastball,5.0,-0.01,2.59,3.45,1.73,154.86,71.07,X,field_out,hit_into_play,Trea Turner flies out to center fielder Michael Harris II.,fly_ball,98.4,37.0,3.0,325.0,PHI,ATL,3,Bot,R,0,0,3,1,2024,0.689,0.72,0.882,1.254,1.59,2.05,73.47255424000004,317.4493512000001,Oppo,False,2,745531-25-5
2024,2024-08-29,745531,6,2,607208,"Turner, Trea",R,R,CU,Curveball,4.0,-0.45,2.27,3.45,1.73,91.26,89.51,X,field_out,hit_into_play,Trea Turner flies out to left fielder Ramón Laureano.,fly_ball,87.5,39.0,3.0,286.0,PHI,ATL,1,Bot,R,0,0,0,1,2024,0.689,0.72,0.882,1.254,1.59,2.05,-85.25212136,271.42917796000006,Pull,False,0,745531-6-2
2024,2024-08-28,745541,69,8,607208,"Turner, Trea",R,R,CU,Curveball,14.0,1.16,2.14,3.44,1.73,121.88,102.51,X,single,hit_into_play,Trea Turner singles on a line drive to center fielder Jake Meyers.   Austin Hays to 3rd.,line_drive,77.8,14.0,4.0,175.0,PHI,HOU,8,Bot,R,0,0,3,2,2024,0.689,0.72,0.882,1.254,1.59,2.05,-8.834675340000016,238.98545496000003,Straightaway,True,1,745541-69-8
2024,2024-08-28,745541,48,4,607208,"Turner, Trea",R,R,ST,Sweeper,6.0,0.68,2.38,3.44,1.73,128.59,192.75,X,field_out,hit_into_play,"Trea Turner grounds out softly, pitcher Spencer Arrighetti to first baseman Zach Dezenzo.   Kyle Schwarber to 2nd.",ground_ball,53.2,-63.0,1.0,1.0,PHI,HOU,6,Bot,R,0,0,1,2,2024,0.689,0.72,0.882,1.254,1.59,2.05,7.911277070000005,13.776103920000027,Oppo,False,2,745541-48-4
2024,2024-08-28,745541,7,2,607208,"Turner, Trea",R,R,FC,Cutter,1.0,-0.29,3.39,3.44,1.73,97.17,166.46,X,field_out,hit_into_play,"Trea Turner grounds out, third baseman Alex Bregman to first baseman Zach Dezenzo.",ground_ball,76.9,7.0,2.0,85.0,PHI,HOU,1,Bot,R,0,0,1,0,2024,0.689,0.72,0.882,1.254,1.59,2.05,-70.50270575,79.38729451000002,Pull,False,0,745541-7-2
2024,2024-08-27,745540,40,2,607208,"Turner, Trea",R,R,FF,4-Seam Fastball,3.0,0.38,3.16,3.43,1.71,71.41,75.5,X,field_out,hit_into_play,Trea Turner lines out to left fielder Mauricio Dubón.,line_drive,95.3,21.0,3.0,334.0,PHI,HOU,5,Bot,R,4,4,1,0,2024,0.689,0.72,0.882,1.254,1.59,2.05,-134.79119071000002,306.39352867,Pull,False,0,745540-40-2
2024,2024-08-27,745540,22,5,607208,"Turner, Trea",R,R,FF,4-Seam Fastball,14.0,0.84,2.51,3.43,1.71,168.31,123.94,X,single,hit_into_play,Trea Turner singles on a ground ball to right fielder Ben Gamel.   Austin Hays scores.,ground_ball,101.4,-18.0,2.0,7.0,PHI,HOU,3,Bot,R,0,1,1,2,2024,0.689,0.72,0.882,1.254,1.59,2.05,107.03932919,185.50322543000004,Oppo,True,2,745540-22-5
2024,2024-08-27,745540,55,2,607208,"Turner, Trea",L,R,FC,Cutter,5.0,0.04,2.52,3.43,1.71,169.96,78.68,X,single,hit_into_play,Trea Turner singles on a line drive to right fielder Ben Gamel.   Austin Hays to 3rd.,line_drive,93.6,18.0,4.0,282.0,PHI,HOU,7,Bot,R,4,4,0,1,2024,0.689,0.72,0.882,1.254,1.59,2.05,111.15718634000002,298.45729489,Oppo,False,2,745540-55-2
2024,2024-08-26,745538,24,1,607208,"Turner, Trea",R,R,SL,Slider,4.0,-0.58,2.79,3.43,1.71,78.1,105.38,X,single,hit_into_play,Trea Turner singles on a ground ball to left fielder Yordan Alvarez.,ground_ball,102.1,-7.0,2.0,21.0,PHI,HOU,3,Bot,R,0,0,0,0,2024,0.689,0.72,0.882,1.254,1.59,2.05,-118.09515172000003,231.82287919000007,Pull,False,0,745538-24-1
2024,2024-08-26,745538,58,5,607208,"Turner, Trea",R,R,FF,4-Seam Fastball,11.0,-1.15,2.68,3.43,1.71,48.43,129.16,X,double,hit_into_play,Trea Turner doubles (20) on a line drive to left fielder Yordan Alvarez.,line_drive,89.7,16.0,4.0,213.0,PHI,HOU,7,Bot,R,2,2,2,2,2024,0.689,0.72,0.882,1.254,1.59,2.05,-192.14171029000005,172.47582281000004,Pull,True,0,745538-58-5
2024,2024-08-26,745538,6,7,607208,"Turner, Trea",R,R,SL,Slider,2.0,0.18,2.92,3.43,1.71,111.47,149.15,X,fielders_choice,hit_into_play,"Trea Turner reaches on a fielder's choice, fielded by shortstop Jeremy Peña.   Kyle Schwarber to 2nd.  Kyle Schwarber advances to 2nd, on a fielding error by shortstop Jeremy Peña.",ground_ball,102.9,3.0,4.0,82.0,PHI,HOU,1,Bot,R,0,0,2,2,2024,0.689,0.72,0.882,1.254,1.59,2.05,-34.81461045000001,122.58735952000002,Pull,False,0,745538-6-7
2024,2024-08-25,746263,34,1,607208,"Turner, Trea",R,R,SV,Slurve,9.0,0.66,1.9,3.42,1.71,145.0,164.0,X,field_out,hit_into_play,"Trea Turner grounds out, first baseman Salvador Perez to pitcher Seth Lugo.",ground_ball,63.3,-6.0,2.0,16.0,KC,PHI,4,Top,R,3,3,0,0,2024,0.689,0.72,0.882,1.254,1.59,2.05,48.86523818,85.52664517000004,Oppo,False,2,746263-34-1
2024,2024-08-25,746263,20,1,607208,"Turner, Trea",R,R,SI,Sinker,8.0,-0.12,2.13,3.42,1.71,99.99,168.7,X,field_out,hit_into_play,"Trea Turner grounds out, third baseman Paul DeJong to first baseman Salvador Perez.",ground_ball,95.7,-4.0,2.0,25.0,KC,PHI,3,Top,R,1,1,0,0,2024,0.689,0.72,0.882,1.254,1.59,2.05,-63.464913530000025,73.79699147000007,Pull,False,0,746263-20-1
2024,2024-08-25,746263,68,3,607208,"Turner, Trea",L,R,CH,Changeup,6.0,0.35,2.27,3.42,1.71,133.68,62.58,X,field_out,hit_into_play,Trea Turner lines out to center fielder Garrett Hampson.   Garrett Stubbs to 3rd.,line_drive,98.7,18.0,4.0,339.0,KC,PHI,8,Top,R,6,6,1,1,2024,0.689,0.72,0.882,1.254,1.59,2.05,20.614242460000014,338.63759799,Straightaway,False,1,746263-68-3
2024,2024-08-25,746263,2,2,607208,"Turner, Trea",R,R,SI,Sinker,9.0,0.56,2.07,3.42,1.71,122.43,134.55,X,single,hit_into_play,Trea Turner singles on a ground ball to shortstop Bobby Witt Jr.,ground_ball,99.5,-28.0,2.0,4.0,KC,PHI,1,Top,R,0,0,0,1,2024,0.689,0.72,0.882,1.254,1.59,2.05,-7.462056289999988,159.02415612000001,Straightaway,False,1,746263-2-2
2024,2024-08-25,746263,52,2,607208,"Turner, Trea",L,R,CH,Changeup,14.0,0.29,1.11,3.42,1.71,110.15,152.93,X,grounded_into_double_play,hit_into_play,"Trea Turner grounds into a double play, shortstop Bobby Witt Jr.  to second baseman Maikel Garcia to first baseman Salvador Perez.   Kyle Schwarber out at 2nd.    Trea Turner out at 1st.",ground_ball,75.3,-14.0,2.0,4.0,KC,PHI,6,Top,R,6,6,0,1,2024,0.689,0.72,0.882,1.254,1.59,2.05,-38.108896169999994,113.15372314000001,Pull,True,0,746263-52-2
2024,2024-08-24,746271,34,4,607208,"Turner, Trea",R,R,SL,Slider,14.0,1.24,1.79,3.47,1.73,111.97,159.21,X,single,hit_into_play,Trea Turner singles on a ground ball to shortstop Bobby Witt Jr.,ground_ball,61.7,-31.0,2.0,3.0,KC,PHI,5,Top,R,1,1,1,2,2024,0.689,0.72,0.882,1.254,1.59,2.05,-33.56677495000001,97.48090926000002,Pull,True,0,746271-34-4
2024,2024-08-24,746271,18,5,607208,"Turner, Trea",R,R,SI,Sinker,8.0,0.26,1.74,3.47,1.73,169.03,118.34,X,single,hit_into_play,Trea Turner singles on a sharp ground ball to right fielder Hunter Renfroe.   Kyle Schwarber scores.,ground_ball,101.5,-6.0,2.0,15.0,KC,PHI,3,Top,R,0,1,3,1,2024,0.689,0.72,0.882,1.254,1.59,2.05,108.83621231000001,199.47898303000002,Oppo,False,2,746271-18-5
2024,2024-08-24,746271,66,2,607208,"Turner, Trea",L,R,FF,4-Seam Fastball,2.0,0.27,3.5,3.47,1.73,159.48,113.92,X,single,hit_into_play,"Trea Turner singles on a ground ball to right fielder Hunter Renfroe, deflected by second baseman Michael Massey.   Johan Rojas scores.",ground_ball,84.8,5.0,4.0,94.0,KC,PHI,8,Top,R,9,10,0,1,2024,0.689,0.72,0.882,1.254,1.59,2.05,85.00255425999998,210.50984885000003,Oppo,False,2,746271-66-2
2024,2024-08-24,746271,2,6,607208,"Turner, Trea",R,R,SI,Sinker,5.0,0.12,2.77,3.47,1.73,151.26,156.49,X,field_out,hit_into_play,"Trea Turner grounds out, second baseman Michael Massey to first baseman Vinnie Pasquantino.   Kyle Schwarber to 3rd.",ground_ball,99.0,-11.0,2.0,13.0,KC,PHI,1,Top,R,0,0,3,2,2024,0.689,0.72,0.882,1.254,1.59,2.05,64.48813863999997,104.26913438000001,Oppo,False,2,746271-2-6
2024,2024-08-24,746271,52,5,607208,"Turner, Trea",R,R,SL,Slider,8.0,0.27,1.83,3.47,1.73,76.4,83.6,X,field_out,hit_into_play,Trea Turner lines out sharply to left fielder Dairon Blanco.,line_drive,106.3,14.0,5.0,311.0,KC,PHI,7,Top,R,5,5,3,1,2024,0.689,0.72,0.882,1.254,1.59,2.05,-122.33779242,286.1785935700001,Pull,False,0,746271-52-5
2024,2024-08-23,746268,47,1,607208,"Turner, Trea",R,R,FC,Cutter,5.0,-0.18,2.77,3.46,1.73,97.01,163.75,X,field_error,hit_into_play,Trea Turner reaches on a fielding error by third baseman Paul DeJong.,ground_ball,102.3,1.0,4.0,61.0,KC,PHI,6,Top,R,2,2,0,0,2024,0.689,0.72,0.882,1.254,1.59,2.05,-70.90201311,86.15056292000003,Pull,False,0,746268-47-1
2024,2024-08-23,746268,20,4,607208,"Turner, Trea",R,R,SI,Sinker,4.0,-0.58,2.28,3.46,1.73,101.07,167.3,X,grounded_into_double_play,hit_into_play,"Trea Turner grounds into a double play, third baseman Paul DeJong to second baseman Michael Massey to first baseman Vinnie Pasquantino.   Austin Hays out at 2nd.    Trea Turner out at 1st.",ground_ball,96.6,-6.0,2.0,19.0,KC,PHI,3,Top,R,1,1,1,2,2024,0.689,0.72,0.882,1.254,1.59,2.05,-60.76958885000003,77.29093087,Pull,False,0,746268-20-4
2024,2024-08-22,747082,43,1,607208,"Turner, Trea",R,R,SL,Slider,9.0,0.33,1.96,3.49,1.74,187.13,92.52,X,field_out,hit_into_play,Trea Turner lines out to right fielder Ramón Laureano.,line_drive,89.9,26.0,3.0,304.0,ATL,PHI,6,Top,R,1,1,0,0,2024,0.689,0.72,0.882,1.254,1.59,2.05,154.00785740999999,263.91720825000004,Oppo,False,2,747082-43-1
2024,2024-08-22,747082,21,7,607208,"Turner, Trea",R,R,SL,Slider,4.0,-0.75,2.91,3.49,1.74,67.52,157.93,X,field_out,hit_into_play,Trea Turner pops out to third baseman Gio Urshela in foul territory.,popup,70.7,56.0,3.0,177.0,ATL,PHI,3,Top,R,1,1,2,2,2024,0.689,0.72,0.882,1.254,1.59,2.05,-144.49935090000002,100.67536814000002,Pull,False,0,747082-21-7
2024,2024-08-22,747082,60,5,607208,"Turner, Trea",R,R,CU,Curveball,8.0,-0.07,1.93,3.49,1.74,104.9,168.19,X,grounded_into_double_play,hit_into_play,"Trea Turner grounds into a double play, third baseman Gio Urshela to second baseman Whit Merrifield to first baseman Matt Olson.   Kyle Schwarber out at 2nd.    Trea Turner out at 1st.",ground_ball,101.7,-10.0,2.0,11.0,ATL,PHI,8,Top,R,2,2,2,2,2024,0.689,0.72,0.882,1.254,1.59,2.05,-51.21116891999999,75.06978368000004,Pull,False,0,747082-60-5
2024,2024-08-22,747082,2,3,607208,"Turner, Trea",R,R,SL,Slider,6.0,0.68,2.34,3.49,1.74,140.66,148.19,X,force_out,hit_into_play,"Trea Turner grounds into a force out, second baseman Whit Merrifield to shortstop Orlando Arcia.   Kyle Schwarber out at 2nd.    Trea Turner to 1st.",ground_ball,95.7,-14.0,2.0,9.0,ATL,PHI,1,Top,R,0,0,0,2,2024,0.689,0.72,0.882,1.254,1.59,2.05,38.03402603999999,124.98320368000005,Oppo,False,2,747082-2-3
2024,2024-08-21,747084,43,2,607208,"Turner, Trea",L,R,FF,4-Seam Fastball,13.0,-0.92,2.08,3.5,1.75,45.64,107.94,X,sac_fly,hit_into_play,Trea Turner out on a sacrifice fly to left fielder Jarred Kelenic.   Johan Rojas scores.,fly_ball,82.4,34.0,3.0,299.0,ATL,PHI,6,Top,R,1,2,0,1,2024,0.689,0.72,0.882,1.254,1.59,2.05,-199.10463238000003,225.43396143000004,Pull,True,0,747084-43-2
2024,2024-08-21,747084,25,4,607208,"Turner, Trea",L,R,SI,Sinker,4.0,-0.56,2.54,3.5,1.75,104.3,171.82,X,grounded_into_double_play,hit_into_play,"Braves challenged (play at 1st), call on the field was overturned: Trea Turner grounds into a double play, third baseman Gio Urshela to second baseman Whit Merrifield to first baseman Matt Olson.   Kyle Schwarber out at 2nd.    Trea Turner out at 1st.",ground_ball,90.2,-9.0,2.0,15.0,ATL,PHI,4,Top,R,0,0,1,2,2024,0.689,0.72,0.882,1.254,1.59,2.05,-52.708571520000014,66.01049795000004,Pull,False,0,747084-25-4
2024,2024-08-21,747084,2,3,607208,"Turner, Trea",L,R,FF,4-Seam Fastball,7.0,-0.76,1.91,3.5,1.75,102.48,170.61,X,field_out,hit_into_play,"Trea Turner grounds out, third baseman Gio Urshela to first baseman Matt Olson.",ground_ball,90.1,-24.0,2.0,4.0,ATL,PHI,1,Top,R,0,0,1,1,2024,0.689,0.72,0.882,1.254,1.59,2.05,-57.25069274,69.03025986,Pull,False,0,747084-2-3
2024,2024-08-20,747083,36,3,607208,"Turner, Trea",R,R,FF,4-Seam Fastball,5.0,-0.19,2.71,3.52,1.75,208.67,99.14,X,field_out,hit_into_play,Trea Turner flies out to right fielder Ramón Laureano.,fly_ball,94.7,32.0,3.0,320.0,ATL,PHI,5,Top,R,1,1,1,1,2024,0.689,0.72,0.882,1.254,1.59,2.05,207.76461074999997,247.39586623000005,Oppo,False,2,747083-36-3
2024,2024-08-20,747083,19,2,607208,"Turner, Trea",R,R,FF,4-Seam Fastball,6.0,0.34,2.46,3.52,1.75,139.41,145.5,X,field_out,hit_into_play,"Trea Turner grounds out sharply, second baseman Whit Merrifield to first baseman Matt Olson.",ground_ball,105.9,8.0,4.0,152.0,ATL,PHI,3,Top,R,0,0,0,1,2024,0.689,0.72,0.882,1.254,1.59,2.05,34.91443728999999,131.69655867000003,Oppo,False,2,747083-19-2
2024,2024-08-20,747083,2,4,607208,"Turner, Trea",R,R,FF,4-Seam Fastball,3.0,0.42,3.32,3.52,1.75,159.03,61.39,X,field_out,hit_into_play,Trea Turner lines out to center fielder Michael Harris II.,line_drive,97.9,23.0,5.0,351.0,ATL,PHI,1,Top,R,0,0,1,2,2024,0.689,0.72,0.882,1.254,1.59,2.05,83.87950231,341.60744648,Oppo,False,2,747083-2-4
2024,2024-08-20,747083,58,4,607208,"Turner, Trea",R,R,SL,Slider,9.0,0.5,2.27,3.52,1.75,106.17,161.52,X,field_out,hit_into_play,"Trea Turner grounds out, third baseman Gio Urshela to first baseman Matt Olson.",ground_ball,56.5,-28.0,1.0,4.0,ATL,PHI,8,Top,R,1,1,1,2,2024,0.689,0.72,0.882,1.254,1.59,2.05,-48.041666750000005,91.71590925000001,Pull,False,0,747083-58-4
2024,2024-08-18,745539,23,2,607208,"Turner, Trea",R,R,SI,Sinker,2.0,-0.04,3.07,3.52,1.74,117.58,33.3,X,home_run,hit_into_play,Trea Turner homers (14) on a fly ball to center field.,fly_ball,103.9,33.0,6.0,410.0,PHI,WSH,3,Bot,R,1,2,1,0,2024,0.689,0.72,0.882,1.254,1.59,2.05,-19.56606064000001,411.7108448700001,Straightaway,False,1,745539-23-2
2024,2024-08-18,745539,61,2,607208,"Turner, Trea",L,R,SI,Sinker,9.0,0.53,1.98,3.52,1.74,155.65,84.18,X,field_out,hit_into_play,Trea Turner lines out to right fielder Alex Call.,line_drive,83.3,25.0,3.0,296.0,PHI,WSH,7,Bot,R,4,4,0,1,2024,0.689,0.72,0.882,1.254,1.59,2.05,75.44413433000001,284.73110439000004,Oppo,False,2,745539-61-2
2024,2024-08-18,745539,6,5,607208,"Turner, Trea",R,R,CU,Curveball,2.0,-0.25,3.5,3.52,1.74,116.11,80.68,X,single,hit_into_play,Trea Turner singles on a line drive to center fielder Jacob Young.,line_drive,96.5,11.0,4.0,190.0,PHI,WSH,1,Bot,R,0,0,1,2,2024,0.689,0.72,0.882,1.254,1.59,2.05,-23.23469701000001,293.46595289000004,Straightaway,False,1,745539-6-5
2024,2024-08-17,745537,39,6,607208,"Turner, Trea",L,R,CU,Curveball,5.0,0.27,2.82,3.52,1.73,39.15,106.75,X,double,hit_into_play,Trea Turner doubles (19) on a line drive to left fielder James Wood.,line_drive,94.7,21.0,3.0,312.0,PHI,WSH,6,Bot,R,1,1,2,2,2024,0.689,0.72,0.882,1.254,1.59,2.05,-215.30153717000005,228.40380992000004,Pull,False,0,745537-39-6
2024,2024-08-17,745537,51,3,607208,"Turner, Trea",L,R,CH,Changeup,14.0,0.3,1.6,3.52,1.73,101.32,164.12,X,field_out,hit_into_play,"Trea Turner grounds out, third baseman Ildemaro Vargas to first baseman Juan Yepez.",ground_ball,100.3,-6.0,2.0,14.0,PHI,WSH,7,Bot,R,5,5,1,1,2024,0.689,0.72,0.882,1.254,1.59,2.05,-60.14567110000002,85.22716465000002,Pull,True,0,745537-51-3
2024,2024-08-17,745537,5,3,607208,"Turner, Trea",L,R,FF,4-Seam Fastball,8.0,0.05,1.83,3.52,1.73,166.93,90.48,X,field_out,hit_into_play,Trea Turner lines out to right fielder Alex Call.,line_drive,97.9,16.0,4.0,289.0,PHI,WSH,1,Bot,R,0,0,2,0,2024,0.689,0.72,0.882,1.254,1.59,2.05,103.59530321000003,269.00837709,Oppo,False,2,745537-5-3
2024,2024-08-16,745542,41,7,607208,"Turner, Trea",L,R,FC,Cutter,8.0,0.07,2.06,3.5,1.7,89.92,73.29,X,double,hit_into_play,Trea Turner doubles (18) on a sharp line drive to center fielder Jacob Young.,line_drive,101.8,12.0,4.0,216.0,PHI,WSH,5,Bot,R,2,2,2,2,2024,0.689,0.72,0.882,1.254,1.59,2.05,-88.5963205,311.90896158000004,Pull,False,0,745542-41-7
2024,2024-08-16,745542,23,7,607208,"Turner, Trea",L,R,SI,Sinker,2.0,-0.06,3.06,3.5,1.7,109.87,97.98,X,single,hit_into_play,Trea Turner singles on a ground ball to center fielder Jacob Young.,ground_ball,94.3,1.0,2.0,57.0,PHI,WSH,3,Bot,R,0,0,3,2,2024,0.689,0.72,0.882,1.254,1.59,2.05,-38.80768405,250.29084459000003,Straightaway,False,1,745542-23-7
2024,2024-08-16,745542,77,7,607208,"Turner, Trea",R,R,SL,Slider,4.0,-0.62,2.92,3.5,1.7,65.95,65.1,X,single,hit_into_play,Trea Turner singles on a fly ball to left fielder James Wood.   Brandon Marsh scores.    Cal Stevenson to 3rd.    Kyle Schwarber to 2nd.,fly_ball,92.5,27.0,3.0,362.0,PHI,WSH,9,Bot,R,2,3,2,2,2024,0.689,0.72,0.882,1.254,1.59,2.05,-148.41755437,332.34850707000004,Pull,False,0,745542-77-7
2024,2024-08-16,745542,6,5,607208,"Turner, Trea",L,R,SI,Sinker,8.0,0.24,1.71,3.5,1.7,159.89,82.11,X,single,hit_into_play,Trea Turner singles on a sharp line drive to right fielder Alex Call.,line_drive,105.6,10.0,4.0,206.0,PHI,WSH,1,Bot,R,0,0,3,1,2024,0.689,0.72,0.882,1.254,1.59,2.05,86.02577936999997,289.89714336000003,Oppo,False,2,745542-6-5
2024,2024-08-15,745545,33,4,607208,"Turner, Trea",L,R,FS,Split-Finger,9.0,0.4,2.03,3.48,1.69,34.26,98.76,X,double,hit_into_play,Trea Turner doubles (17) on a line drive to left fielder James Wood.   Johan Rojas scores.    Kyle Schwarber scores.,line_drive,89.3,19.0,4.0,260.0,PHI,WSH,4,Bot,R,5,7,2,1,2024,0.689,0.72,0.882,1.254,1.59,2.05,-227.50536836,248.34422121000003,Pull,False,0,745545-33-4
2024,2024-08-15,745545,65,1,607208,"Turner, Trea",R,R,FF,4-Seam Fastball,8.0,-0.05,1.98,3.48,1.69,173.09,122.41,X,single,hit_into_play,Trea Turner singles on a line drive to right fielder Alex Call.   Kyle Schwarber to 2nd.,line_drive,109.0,-4.0,4.0,21.0,PHI,WSH,7,Bot,R,10,10,0,0,2024,0.689,0.72,0.882,1.254,1.59,2.05,118.96863657000002,189.32160206000006,Oppo,False,2,745545-65-1
2024,2024-08-15,745545,46,3,607208,"Turner, Trea",R,R,SL,Slider,5.0,0.17,2.55,3.48,1.69,84.6,70.07,X,field_out,hit_into_play,Trea Turner lines out to left fielder James Wood.,line_drive,92.3,23.0,3.0,335.0,PHI,WSH,5,Bot,R,9,9,2,0,2024,0.689,0.72,0.882,1.254,1.59,2.05,-101.87329022000003,319.94502220000004,Pull,False,0,745545-46-3
2024,2024-08-15,745545,5,5,607208,"Turner, Trea",L,R,FS,Split-Finger,8.0,0.18,1.84,3.48,1.69,95.42,160.05,X,single,hit_into_play,Trea Turner singles on a ground ball to third baseman José Tena.,ground_ball,97.6,-13.0,2.0,8.0,PHI,WSH,1,Bot,R,0,0,2,2,2024,0.689,0.72,0.882,1.254,1.59,2.05,-74.87013,95.38454562000001,Pull,False,0,745545-5-5
2024,2024-08-13,745548,47,2,607208,"Turner, Trea",R,R,FC,Cutter,5.0,-0.18,2.51,3.49,1.7,141.55,132.08,X,field_out,hit_into_play,Trea Turner pops out to second baseman Otto Lopez.,popup,85.0,60.0,3.0,176.0,PHI,MIA,6,Bot,R,0,0,1,0,2024,0.689,0.72,0.882,1.254,1.59,2.05,40.255173230000025,165.18846349,Oppo,False,2,745548-47-2
2024,2024-08-13,745548,26,4,607208,"Turner, Trea",R,R,FC,Cutter,14.0,0.99,2.2,3.49,1.7,199.14,142.03,X,field_out,hit_into_play,Trea Turner flies out to right fielder Vidal Bruján in foul territory.,fly_ball,82.5,54.0,3.0,216.0,PHI,MIA,3,Bot,R,0,0,2,1,2024,0.689,0.72,0.882,1.254,1.59,2.05,183.98086611999997,140.35653704000003,Oppo,True,2,745548-26-4
2024,2024-08-13,745548,9,8,607208,"Turner, Trea",R,R,FC,Cutter,8.0,0.12,1.75,3.49,1.7,91.33,121.35,X,field_out,hit_into_play,Trea Turner flies out to left fielder Kyle Stowers.,fly_ball,90.5,55.0,3.0,214.0,PHI,MIA,1,Bot,R,0,0,3,2,2024,0.689,0.72,0.882,1.254,1.59,2.05,-85.07742439000002,191.96701332000006,Pull,False,0,745548-9-8
2024,2024-08-11,747166,43,4,607208,"Turner, Trea",R,R,SL,Slider,6.0,0.55,2.45,3.49,1.69,100.53,164.77,X,force_out,hit_into_play,"Trea Turner grounds into a force out, third baseman Eugenio Suárez to second baseman Kevin Newman.   Kyle Schwarber out at 2nd.",ground_ball,77.8,-12.0,2.0,11.0,AZ,PHI,5,Top,R,2,2,1,2,2024,0.689,0.72,0.882,1.254,1.59,2.05,-62.117251190000005,83.6049785,Pull,False,0,747166-43-4
2024,2024-08-11,747166,22,5,607208,"Turner, Trea",R,R,SI,Sinker,4.0,-0.8,2.75,3.49,1.69,97.5,162.75,X,field_out,hit_into_play,"Trea Turner grounds out, third baseman Eugenio Suárez to first baseman Josh Bell.",ground_ball,84.4,6.0,4.0,108.0,AZ,PHI,3,Top,R,2,2,2,2,2024,0.689,0.72,0.882,1.254,1.59,2.05,-69.67913432,88.64623392000003,Pull,False,0,747166-22-5
2024,2024-08-11,747166,65,2,607208,"Turner, Trea",R,R,SI,Sinker,11.0,-0.89,3.27,3.49,1.69,94.97,167.81,X,grounded_into_double_play,hit_into_play,"Trea Turner grounds into a double play, third baseman Eugenio Suárez to second baseman Kevin Newman to first baseman Josh Bell.   Cal Stevenson out at 2nd.    Trea Turner out at 1st.",ground_ball,75.9,-6.0,2.0,22.0,AZ,PHI,7,Top,R,5,5,0,1,2024,0.689,0.72,0.882,1.254,1.59,2.05,-75.99318195000001,76.01813866000002,Pull,True,0,747166-65-2
2024,2024-08-11,747166,2,4,607208,"Turner, Trea",R,R,FC,Cutter,14.0,0.89,1.73,3.49,1.69,121.37,116.07,X,single,hit_into_play,Trea Turner singles on a ground ball to center fielder Alek Thomas.,ground_ball,78.0,-6.0,2.0,15.0,AZ,PHI,1,Top,R,0,0,2,1,2024,0.689,0.72,0.882,1.254,1.59,2.05,-10.107467549999994,205.14415620000005,Straightaway,True,1,747166-2-4
2024,2024-08-10,747164,40,1,607208,"Turner, Trea",R,R,KC,Knuckle Curve,7.0,-0.8,2.05,3.47,1.67,37.4,102.99,X,double,hit_into_play,Trea Turner doubles (16) on a sharp line drive to left fielder Lourdes Gurriel Jr.  Kyle Schwarber to 3rd.,line_drive,101.9,6.0,4.0,127.0,AZ,PHI,5,Top,R,0,0,0,0,2024,0.689,0.72,0.882,1.254,1.59,2.05,-219.66896142000004,237.78753288000004,Pull,False,0,747164-40-1
2024,2024-08-10,747164,23,4,607208,"Turner, Trea",R,R,SL,Slider,9.0,0.36,2.17,3.47,1.67,213.43,101.13,X,field_out,hit_into_play,Trea Turner flies out to right fielder Corbin Carroll.,fly_ball,91.4,39.0,3.0,323.0,AZ,PHI,3,Top,R,0,0,1,2,2024,0.689,0.72,0.882,1.254,1.59,2.05,219.64400471000002,242.42948094000005,Oppo,False,2,747164-23-4
2024,2024-08-10,747164,57,3,607208,"Turner, Trea",L,R,SI,Sinker,7.0,-0.48,2.09,3.47,1.67,103.37,162.99,X,field_out,hit_into_play,"Trea Turner grounds out, third baseman Eugenio Suárez to first baseman Josh Bell.",ground_ball,91.8,-19.0,2.0,6.0,AZ,PHI,7,Top,R,1,1,1,1,2024,0.689,0.72,0.882,1.254,1.59,2.05,-55.029545549999995,88.04727288000001,Pull,False,0,747164-57-3
2024,2024-08-09,747168,25,1,607208,"Turner, Trea",R,R,SL,Slider,4.0,-0.79,2.5,3.47,1.67,99.67,164.79,X,field_out,hit_into_play,"Trea Turner grounds out softly, third baseman Eugenio Suárez to first baseman Josh Bell.",ground_ball,54.6,-33.0,1.0,4.0,AZ,PHI,4,Top,R,0,0,0,0,2024,0.689,0.72,0.882,1.254,1.59,2.05,-64.26352825000001,83.55506508000005,Pull,False,0,747168-25-1
2024,2024-08-09,747168,2,3,607208,"Turner, Trea",R,R,FF,4-Seam Fastball,11.0,-0.87,2.59,3.47,1.67,110.87,161.95,X,field_out,hit_into_play,"Trea Turner grounds out, shortstop Geraldo Perdomo to first baseman Josh Bell.",ground_ball,61.1,3.0,2.0,44.0,AZ,PHI,1,Top,R,0,0,0,2,2024,0.689,0.72,0.882,1.254,1.59,2.05,-36.31201305,90.64277072000006,Pull,True,0,747168-2-3
2024,2024-08-09,747168,60,3,607208,"Turner, Trea",R,R,FF,4-Seam Fastball,12.0,0.51,3.88,3.47,1.67,187.07,113.05,X,field_out,hit_into_play,Trea Turner flies out to right fielder Corbin Carroll.,fly_ball,82.9,46.0,3.0,262.0,AZ,PHI,9,Top,R,2,2,0,2,2024,0.689,0.72,0.882,1.254,1.59,2.05,153.85811715,212.68108262000004,Oppo,True,2,747168-60-3
2024,2024-08-08,747169,33,7,607208,"Turner, Trea",L,R,CH,Changeup,14.0,0.79,1.24,3.48,1.7,114.08,162.23,X,field_out,hit_into_play,"Trea Turner grounds out, shortstop Geraldo Perdomo to first baseman Josh Bell.",ground_ball,74.5,-11.0,2.0,6.0,AZ,PHI,5,Top,R,0,0,3,2,2024,0.689,0.72,0.882,1.254,1.59,2.05,-28.300909140000012,89.94398284000006,Pull,True,0,747169-33-7
2024,2024-08-08,747169,18,7,607208,"Turner, Trea",L,R,CU,Curveball,6.0,0.32,2.81,3.48,1.7,91.93,115.67,X,field_out,hit_into_play,Trea Turner flies out to left fielder Lourdes Gurriel Jr.,fly_ball,87.4,54.0,3.0,227.0,AZ,PHI,3,Top,R,0,0,3,2,2024,0.689,0.72,0.882,1.254,1.59,2.05,-83.58002178999999,206.14242460000003,Pull,False,0,747169-18-7
2024,2024-08-08,747169,67,5,607208,"Turner, Trea",R,R,FF,4-Seam Fastball,6.0,0.33,2.3,3.48,1.7,209.63,90.0,X,field_out,hit_into_play,Trea Turner flies out to right fielder Randal Grichuk.,fly_ball,96.8,25.0,5.0,339.0,AZ,PHI,8,Top,R,5,5,2,2,2024,0.689,0.72,0.882,1.254,1.59,2.05,210.16045491,270.20629917,Oppo,False,2,747169-67-5
2024,2024-08-08,747169,2,4,607208,"Turner, Trea",L,R,CU,Curveball,14.0,1.39,1.96,3.48,1.7,126.13,174.62,X,field_out,hit_into_play,"Trea Turner grounds out softly, pitcher Jordan Montgomery to first baseman Josh Bell.",ground_ball,51.5,-39.0,1.0,2.0,AZ,PHI,1,Top,R,0,0,1,2,2024,0.689,0.72,0.882,1.254,1.59,2.05,1.7719264099999845,59.02261915000002,Straightaway,True,1,747169-2-4
2024,2024-08-08,747169,47,3,607208,"Turner, Trea",R,R,SL,Slider,9.0,0.63,1.95,3.48,1.7,103.62,157.39,X,single,hit_into_play,Trea Turner singles on a ground ball to left fielder Lourdes Gurriel Jr.  Weston Wilson scores.    Johan Rojas scores.    Kyle Schwarber to 2nd.,ground_ball,90.1,-3.0,2.0,24.0,AZ,PHI,6,Top,R,1,3,1,1,2024,0.689,0.72,0.882,1.254,1.59,2.05,-54.4056278,102.02303048000007,Pull,False,0,747169-47-3
2024,2024-08-07,746115,40,4,607208,"Turner, Trea",R,R,ST,Sweeper,12.0,0.86,2.98,3.48,1.7,79.71,70.64,X,field_out,hit_into_play,Trea Turner flies out to left fielder Teoscar Hernández.,fly_ball,88.5,30.0,3.0,337.0,LAD,PHI,5,Top,R,3,3,2,1,2024,0.689,0.72,0.882,1.254,1.59,2.05,-114.07712141000003,318.5224897300001,Pull,True,0,746115-40-4
2024,2024-08-07,746115,24,5,607208,"Turner, Trea",R,R,ST,Sweeper,6.0,0.55,2.83,3.48,1.7,121.41,156.77,X,force_out,hit_into_play,"Trea Turner grounds into a force out, second baseman Gavin Lux to shortstop Miguel Rojas.   Kyle Schwarber out at 2nd.    Trea Turner to 1st.",ground_ball,76.9,8.0,2.0,112.0,LAD,PHI,3,Top,R,1,1,3,1,2024,0.689,0.72,0.882,1.254,1.59,2.05,-10.007640710000013,103.57034650000001,Straightaway,False,1,746115-24-5
2024,2024-08-07,746115,52,2,607208,"Turner, Trea",R,R,SI,Sinker,4.0,-0.46,2.66,3.48,1.7,190.69,116.33,X,field_out,hit_into_play,Trea Turner flies out to right fielder Jason Heyward.,fly_ball,85.1,44.0,3.0,261.0,LAD,PHI,6,Top,R,8,8,0,1,2024,0.689,0.72,0.882,1.254,1.59,2.05,162.89244617,204.49528174000005,Oppo,False,2,746115-52-2
2024,2024-08-07,746115,71,4,607208,"Turner, Trea",R,R,FC,Cutter,3.0,0.76,3.14,3.48,1.7,140.52,99.38,X,single,hit_into_play,Trea Turner singles on a line drive to center fielder Andy Pages.,line_drive,76.8,20.0,4.0,207.0,LAD,PHI,9,Top,R,9,9,2,1,2024,0.689,0.72,0.882,1.254,1.59,2.05,37.68463210000002,246.79690519000005,Straightaway,False,1,746115-71-4
2024,2024-08-07,746115,2,2,607208,"Turner, Trea",R,R,SL,Slider,8.0,0.24,1.98,3.48,1.7,101.84,159.35,X,single,hit_into_play,Trea Turner singles on a sharp ground ball to left fielder Teoscar Hernández.,ground_ball,106.8,-4.0,2.0,24.0,LAD,PHI,1,Top,R,1,1,1,0,2024,0.689,0.72,0.882,1.254,1.59,2.05,-58.84792218,97.13151532000005,Pull,False,0,746115-2-2
2024,2024-08-06,746120,71,3,607208,"Turner, Trea",R,R,FF,4-Seam Fastball,5.0,0.01,2.7,3.49,1.7,132.89,86.25,X,field_out,hit_into_play,Trea Turner flies out to center fielder James Outman.,fly_ball,97.4,50.0,3.0,282.0,LAD,PHI,9,Top,R,6,6,1,1,2024,0.689,0.72,0.882,1.254,1.59,2.05,18.642662369999965,279.56506542000005,Straightaway,False,1,746120-71-3
2024,2024-08-06,746120,24,3,607208,"Turner, Trea",L,R,SL,Slider,9.0,0.45,2.16,3.49,1.7,122.38,85.71,X,single,hit_into_play,Trea Turner singles on a sharp ground ball to center fielder Kevin Kiermaier.,ground_ball,104.2,4.0,4.0,84.0,LAD,PHI,4,Top,R,0,0,0,2,2024,0.689,0.72,0.882,1.254,1.59,2.05,-7.5868398400000165,280.91272776000005,Straightaway,False,1,746120-24-3
2024,2024-08-06,746120,53,3,607208,"Turner, Trea",R,R,SL,Slider,8.0,0.05,1.67,3.49,1.7,99.65,162.78,X,field_out,hit_into_play,"Trea Turner grounds out sharply, third baseman Enrique Hernández to first baseman Freddie Freeman.",ground_ball,101.3,-20.0,2.0,5.0,LAD,PHI,7,Top,R,4,4,1,1,2024,0.689,0.72,0.882,1.254,1.59,2.05,-64.31344166999999,88.57136379000004,Pull,False,0,746120-53-3
2024,2024-08-06,746120,2,2,607208,"Turner, Trea",L,R,SL,Slider,5.0,0.23,2.34,3.49,1.7,100.6,145.18,X,field_out,hit_into_play,"Trea Turner grounds out sharply, shortstop Nick Ahmed to first baseman Freddie Freeman.",ground_ball,101.8,-13.0,2.0,10.0,LAD,PHI,1,Top,R,0,0,0,1,2024,0.689,0.72,0.882,1.254,1.59,2.05,-61.94255422000003,132.49517339000002,Pull,False,0,746120-2-2
2024,2024-08-06,746120,36,5,607208,"Turner, Trea",R,R,SL,Slider,6.0,0.65,2.78,3.49,1.7,124.44,89.45,X,field_out,hit_into_play,Trea Turner lines out to center fielder Kevin Kiermaier.,line_drive,83.1,23.0,3.0,274.0,LAD,PHI,5,Top,R,1,1,2,2,2024,0.689,0.72,0.882,1.254,1.59,2.05,-2.44575758000001,271.57891822000005,Straightaway,False,1,746120-36-5
2024,2024-08-05,746116,41,3,607208,"Turner, Trea",R,R,FF,4-Seam Fastball,3.0,0.71,3.22,3.49,1.7,174.76,73.32,X,field_out,hit_into_play,Trea Turner flies out to right fielder Jason Heyward.,fly_ball,94.9,33.0,3.0,336.0,LAD,PHI,6,Top,R,2,2,1,1,2024,0.689,0.72,0.882,1.254,1.59,2.05,123.13640713999999,311.8340914500001,Oppo,False,2,746116-41-3
2024,2024-08-05,746116,17,4,607208,"Turner, Trea",R,R,SL,Slider,8.0,-0.1,1.99,3.49,1.7,102.72,55.04,X,field_out,hit_into_play,Trea Turner lines out to center fielder Andy Pages.,line_drive,96.9,23.0,5.0,361.0,LAD,PHI,3,Top,R,2,2,1,2,2024,0.689,0.72,0.882,1.254,1.59,2.05,-56.65173170000001,357.45495733000007,Straightaway,False,1,746116-17-4
2024,2024-08-05,746116,56,3,607208,"Turner, Trea",L,R,SI,Sinker,4.0,-0.29,2.4,3.49,1.7,128.68,70.97,X,field_out,hit_into_play,Trea Turner lines out to center fielder Andy Pages.,line_drive,95.6,18.0,4.0,319.0,LAD,PHI,8,Top,R,3,3,1,1,2024,0.689,0.72,0.882,1.254,1.59,2.05,8.135887460000014,317.69891830000006,Straightaway,False,1,746116-56-3
2024,2024-08-04,745222,39,4,607208,"Turner, Trea",R,R,CU,Curveball,5.0,-0.13,2.29,3.46,1.68,98.88,138.54,X,field_out,hit_into_play,Trea Turner pops out to shortstop Dylan Moore.,popup,74.9,57.0,3.0,169.0,SEA,PHI,6,Top,R,1,1,1,2,2024,0.689,0.72,0.882,1.254,1.59,2.05,-66.23510834000002,149.06642883000006,Pull,False,0,745222-39-4
2024,2024-08-04,745222,18,2,607208,"Turner, Trea",R,R,SL,Slider,8.0,0.23,2.03,3.46,1.68,179.46,71.84,X,field_out,hit_into_play,Trea Turner flies out to right fielder Luke Raley.,fly_ball,94.3,29.0,3.0,341.0,SEA,PHI,3,Top,R,1,1,0,1,2024,0.689,0.72,0.882,1.254,1.59,2.05,134.86606084000002,315.52768453000004,Oppo,False,2,745222-18-2
2024,2024-08-04,745222,66,7,607208,"Turner, Trea",R,R,SI,Sinker,6.0,0.61,2.24,3.46,1.68,120.49,182.9,X,field_out,hit_into_play,"Trea Turner grounds out, pitcher Jonathan Hernández to first baseman Jason Vosler.",ground_ball,72.6,-58.0,2.0,1.0,SEA,PHI,9,Top,R,6,6,2,2,2024,0.689,0.72,0.882,1.254,1.59,2.05,-12.303658030000017,38.358463270000016,Pull,False,0,745222-66-7
2024,2024-08-03,745225,34,2,607208,"Turner, Trea",R,R,KC,Knuckle Curve,9.0,0.46,2.12,3.49,1.71,93.21,168.25,X,single,hit_into_play,Trea Turner singles on a ground ball to third baseman Josh Rojas.   Austin Hays to 3rd.    Kyle Schwarber to 2nd.,ground_ball,85.5,-22.0,2.0,5.0,SEA,PHI,5,Top,R,1,1,0,1,2024,0.689,0.72,0.882,1.254,1.59,2.05,-80.38556291000003,74.92004342000003,Pull,False,0,745225-34-2
2024,2024-08-03,745225,56,7,607208,"Turner, Trea",R,R,SL,Slider,6.0,0.82,2.81,3.49,1.71,117.55,160.65,X,field_out,hit_into_play,"Trea Turner grounds out, shortstop Dylan Moore to first baseman Justin Turner.",ground_ball,65.8,-26.0,2.0,5.0,SEA,PHI,7,Top,R,5,5,2,2,2024,0.689,0.72,0.882,1.254,1.59,2.05,-19.64093077000001,93.88714302000002,Straightaway,False,1,745225-56-7
2024,2024-08-03,745225,2,3,607208,"Turner, Trea",R,R,ST,Sweeper,8.0,-0.06,1.81,3.49,1.71,53.73,116.28,X,double,hit_into_play,Trea Turner doubles (15) on a line drive to left fielder Randy Arozarena.   Kyle Schwarber to 3rd.,line_drive,77.5,21.0,4.0,226.0,SEA,PHI,1,Top,R,0,0,1,1,2024,0.689,0.72,0.882,1.254,1.59,2.05,-178.91465399,204.62006529000004,Pull,False,0,745225-2-3
2024,2024-08-02,745224,48,1,607208,"Turner, Trea",R,R,SL,Slider,6.0,0.79,2.62,3.52,1.73,105.89,167.75,X,force_out,hit_into_play,"Trea Turner grounds into a force out, third baseman Josh Rojas to second baseman Leo Rivas.   Johan Rojas out at 2nd.    Trea Turner to 1st.",ground_ball,66.7,-39.0,2.0,3.0,SEA,PHI,6,Top,R,0,0,0,0,2024,0.689,0.72,0.882,1.254,1.59,2.05,-48.74045463000001,76.16787892000004,Pull,False,0,745224-48-1
2024,2024-08-02,745224,26,5,607208,"Turner, Trea",R,R,SI,Sinker,1.0,-0.5,3.21,3.52,1.73,109.95,165.21,X,field_out,hit_into_play,"Trea Turner grounds out, third baseman Josh Rojas to first baseman Luke Raley.",ground_ball,75.9,-23.0,2.0,7.0,SEA,PHI,3,Top,R,0,0,2,2,2024,0.689,0.72,0.882,1.254,1.59,2.05,-38.60803037,82.50688326000001,Pull,False,0,745224-26-5
2024,2024-08-02,745224,2,3,607208,"Turner, Trea",R,R,ST,Sweeper,6.0,0.31,2.74,3.52,1.73,130.5,78.84,X,field_out,hit_into_play,Trea Turner lines out to center fielder Victor Robles.,line_drive,89.8,21.0,3.0,300.0,SEA,PHI,1,Top,R,0,0,0,2,2024,0.689,0.72,0.882,1.254,1.59,2.05,12.678008679999996,298.05798753000005,Straightaway,False,1,745224-2-3
2024,2024-07-30,745546,21,2,607208,"Turner, Trea",R,R,SI,Sinker,8.0,-0.14,2.25,3.52,1.73,108.99,148.13,X,field_out,hit_into_play,"Trea Turner grounds out, shortstop Anthony Volpe to first baseman Ben Rice.",ground_ball,97.1,-22.0,2.0,5.0,PHI,NYY,2,Bot,R,4,4,0,1,2024,0.689,0.72,0.882,1.254,1.59,2.05,-41.00387453000002,125.13294394000005,Pull,False,0,745546-21-2
2024,2024-07-30,745546,79,4,607208,"Turner, Trea",R,R,ST,Sweeper,14.0,1.19,1.96,3.52,1.73,102.23,180.02,X,single,hit_into_play,Trea Turner singles on a ground ball to third baseman Jazz Chisholm Jr.  Austin Hays to 3rd.    Kyle Schwarber to 2nd.,ground_ball,64.0,-64.0,2.0,1.0,PHI,NYY,9,Bot,R,5,5,1,2,2024,0.689,0.72,0.882,1.254,1.59,2.05,-57.87461049,45.54599575,Pull,True,0,745546-79-4
2024,2024-07-30,745546,96,3,607208,"Turner, Trea",R,R,SI,Sinker,14.0,0.84,1.76,3.52,1.73,140.25,155.77,X,field_out,hit_into_play,"Trea Turner grounds out, second baseman Gleyber Torres to first baseman DJ LeMahieu.   Austin Hays to 3rd.",ground_ball,70.6,-24.0,2.0,4.0,PHI,NYY,11,Bot,R,6,6,1,1,2024,0.689,0.72,0.882,1.254,1.59,2.05,37.01080093,106.06601750000002,Oppo,True,2,745546-96-3
2024,2024-07-30,745546,63,2,607208,"Turner, Trea",R,R,CH,Changeup,5.0,-0.19,2.95,3.52,1.73,102.41,156.79,X,field_out,hit_into_play,"Trea Turner grounds out, third baseman Jazz Chisholm Jr.  to first baseman DJ LeMahieu.",ground_ball,100.2,-1.0,2.0,45.0,PHI,NYY,7,Bot,R,4,4,0,1,2024,0.689,0.72,0.882,1.254,1.59,2.05,-57.42538971000002,103.52043308000006,Pull,False,0,745546-63-2
2024,2024-07-30,745546,8,3,607208,"Turner, Trea",R,R,SI,Sinker,4.0,-0.41,2.88,3.52,1.73,113.37,173.58,X,field_out,hit_into_play,"Trea Turner grounds out, third baseman Jazz Chisholm Jr.  to first baseman Ben Rice.   Kyle Schwarber to 2nd.",ground_ball,80.7,-48.0,2.0,2.0,PHI,NYY,1,Bot,R,0,0,1,1,2024,0.689,0.72,0.882,1.254,1.59,2.05,-30.072835549999994,61.61811699,Pull,False,0,745546-8-3
2024,2024-07-29,745547,23,2,607208,"Turner, Trea",R,R,SL,Slider,5.0,0.26,2.42,3.51,1.71,103.51,161.88,X,force_out,hit_into_play,"Trea Turner grounds into a force out, third baseman Jazz Chisholm Jr.  to second baseman Gleyber Torres.   Nick Castellanos scores.    Bryson Stott to 3rd.    Kyle Schwarber out at 2nd.    Trea Turner to 1st.",ground_ball,78.4,3.0,2.0,54.0,PHI,NYY,3,Bot,R,0,1,0,1,2024,0.689,0.72,0.882,1.254,1.59,2.05,-54.680151609999996,90.81746769000004,Pull,False,0,745547-23-2
2024,2024-07-29,745547,62,4,607208,"Turner, Trea",R,R,SL,Slider,9.0,0.37,1.66,3.51,1.71,118.23,181.22,X,field_out,hit_into_play,"Trea Turner grounds out, pitcher Michael Tonkin to first baseman Ben Rice.",ground_ball,,,,,PHI,NYY,7,Bot,R,4,4,1,2,2024,0.689,0.72,0.882,1.254,1.59,2.05,-17.943874489999995,42.55119055000003,Pull,False,0,745547-62-4
2024,2024-07-29,745547,6,6,607208,"Turner, Trea",R,R,SL,Slider,14.0,0.0,1.49,3.51,1.71,104.04,164.93,X,grounded_into_double_play,hit_into_play,"Trea Turner grounds into a double play, third baseman Jazz Chisholm Jr.  to second baseman Gleyber Torres to first baseman Ben Rice.   Kyle Schwarber out at 2nd.    Trea Turner out at 1st.",ground_ball,77.5,-5.0,2.0,15.0,PHI,NYY,1,Bot,R,0,0,3,2,2024,0.689,0.72,0.882,1.254,1.59,2.05,-53.357445979999994,83.20567114000002,Pull,True,0,745547-6-6
2024,2024-07-28,745550,22,2,607208,"Turner, Trea",L,R,CH,Changeup,14.0,1.01,1.88,3.5,1.72,107.71,155.77,X,field_out,hit_into_play,"Trea Turner grounds out, shortstop Brayan Rocchio to first baseman David Fry.",ground_ball,85.6,-6.0,2.0,16.0,PHI,CLE,3,Bot,R,3,3,0,1,2024,0.689,0.72,0.882,1.254,1.59,2.05,-44.198333410000025,106.06601750000002,Pull,True,0,745550-22-2
2024,2024-07-28,745550,58,3,607208,"Turner, Trea",R,R,FF,4-Seam Fastball,2.0,-0.23,3.42,3.5,1.72,161.01,109.93,X,field_out,hit_into_play,Trea Turner flies out to right fielder Jhonkensy Noel.,fly_ball,91.3,53.0,3.0,240.0,PHI,CLE,7,Bot,R,3,3,1,1,2024,0.689,0.72,0.882,1.254,1.59,2.05,88.82093088999999,220.46757614000003,Oppo,False,2,745550-58-3
2024,2024-07-28,745550,74,2,607208,"Turner, Trea",R,R,FC,Cutter,4.0,-0.55,2.62,3.5,1.72,105.17,153.73,X,field_out,hit_into_play,"Trea Turner grounds out, shortstop Brayan Rocchio to first baseman David Fry.",ground_ball,80.1,-9.0,2.0,14.0,PHI,CLE,9,Bot,R,3,3,1,0,2024,0.689,0.72,0.882,1.254,1.59,2.05,-50.537337750000006,111.15718634000007,Pull,False,0,745550-74-2
2024,2024-07-28,745550,6,3,607208,"Turner, Trea",L,R,CH,Changeup,6.0,0.41,2.43,3.5,1.72,94.5,165.95,X,field_error,hit_into_play,Trea Turner reaches on a fielding error by third baseman José Ramírez.,ground_ball,87.3,-2.0,2.0,32.0,PHI,CLE,1,Bot,R,1,1,1,1,2024,0.689,0.72,0.882,1.254,1.59,2.05,-77.16614732000001,80.66008672000007,Pull,False,0,745550-6-3
2024,2024-07-27,745553,25,3,607208,"Turner, Trea",R,R,SL,Slider,9.0,0.76,2.2,3.5,1.71,108.87,158.81,X,single,hit_into_play,Trea Turner singles on a ground ball to third baseman José Ramírez.,ground_ball,88.9,-44.0,2.0,2.0,PHI,CLE,4,Bot,R,0,0,0,2,2024,0.689,0.72,0.882,1.254,1.59,2.05,-41.30335504999999,98.47917766000003,Pull,False,0,745553-25-3
2024,2024-07-26,745554,44,2,607208,"Turner, Trea",R,R,FF,4-Seam Fastball,5.0,-0.24,2.65,3.53,1.74,144.03,193.94,X,field_out,hit_into_play,Trea Turner pops out to first baseman Jhonkensy Noel in foul territory.,popup,80.2,79.0,3.0,34.0,PHI,CLE,5,Bot,R,1,1,0,1,2024,0.689,0.72,0.882,1.254,1.59,2.05,46.444437310000005,10.806255430000032,Oppo,False,2,745554-44-2
2024,2024-07-26,745554,62,4,607208,"Turner, Trea",R,R,FS,Split-Finger,8.0,-0.27,2.02,3.53,1.74,82.45,135.8,X,field_out,hit_into_play,Trea Turner pops out to shortstop Brayan Rocchio.,popup,89.0,60.0,3.0,192.0,PHI,CLE,7,Bot,R,1,1,1,2,2024,0.689,0.72,0.882,1.254,1.59,2.05,-107.23898287,155.90456737,Pull,False,0,745554-62-4
2024,2024-07-26,745554,7,1,607208,"Turner, Trea",R,R,FF,4-Seam Fastball,5.0,0.27,2.57,3.53,1.74,170.95,179.69,X,field_out,hit_into_play,Trea Turner pops out to first baseman Jhonkensy Noel in foul territory.,popup,86.8,71.0,3.0,122.0,PHI,CLE,1,Bot,R,0,0,0,0,2024,0.689,0.72,0.882,1.254,1.59,2.05,113.62790062999997,46.36956718000003,Oppo,False,2,745554-7-1
2024,2024-07-24,745877,36,2,607208,"Turner, Trea",R,R,FF,4-Seam Fastball,2.0,-0.11,3.17,3.53,1.74,63.43,38.37,X,home_run,hit_into_play,Trea Turner homers (13) on a fly ball to left center field.,fly_ball,105.8,35.0,6.0,425.0,MIN,PHI,5,Top,R,0,1,0,1,2024,0.689,0.72,0.882,1.254,1.59,2.05,-154.70664529,399.05779290000004,Pull,False,0,745877-36-2
2024,2024-07-24,745877,49,2,607208,"Turner, Trea",L,R,FF,4-Seam Fastball,7.0,-0.3,2.01,3.53,1.74,108.82,174.98,X,force_out,hit_into_play,"Trea Turner grounds into a force out, third baseman Willi Castro to second baseman Edouard Julien.   Kyle Schwarber out at 2nd.",ground_ball,85.8,-12.0,2.0,9.0,MIN,PHI,6,Top,R,3,3,1,0,2024,0.689,0.72,0.882,1.254,1.59,2.05,-41.428138600000025,58.12417759000006,Pull,False,0,745877-49-2
2024,2024-07-24,745877,2,7,607208,"Turner, Trea",L,R,CH,Changeup,6.0,0.75,2.53,3.53,1.74,163.4,89.47,X,single,hit_into_play,Trea Turner singles on a ground ball to right fielder Max Kepler.   Kyle Schwarber to 3rd.,ground_ball,104.7,-10.0,2.0,13.0,MIN,PHI,1,Top,R,0,0,2,2,2024,0.689,0.72,0.882,1.254,1.59,2.05,94.78558458000002,271.52900480000005,Oppo,False,2,745877-2-7
2024,2024-07-24,745877,76,1,607208,"Turner, Trea",R,R,FS,Split-Finger,8.0,0.05,1.87,3.53,1.74,133.54,183.38,X,field_out,hit_into_play,"Trea Turner grounds out softly, pitcher Jhoan Duran to first baseman Carlos Santana.",ground_ball,55.5,-77.0,1.0,0.0,MIN,PHI,9,Top,R,4,4,0,0,2024,0.689,0.72,0.882,1.254,1.59,2.05,20.264848519999976,37.16054119000004,Oppo,False,2,745877-76-1
2024,2024-07-23,745878,38,5,607208,"Turner, Trea",R,R,FF,4-Seam Fastball,7.0,-0.35,2.19,3.55,1.75,42.25,83.27,X,single,hit_into_play,"Trea Turner singles on a sharp line drive to left fielder Matt Wallner.  Trea Turner out at 2nd on the throw, left fielder Matt Wallner to second baseman Edouard Julien.",line_drive,107.9,17.0,6.0,351.0,MIN,PHI,6,Top,R,0,0,2,2,2024,0.689,0.72,0.882,1.254,1.59,2.05,-207.56495707000002,287.00216500000005,Pull,False,0,745878-38-5
2024,2024-07-23,745878,18,4,607208,"Turner, Trea",R,R,SL,Slider,14.0,0.91,2.05,3.55,1.75,126.01,201.66,X,field_out,hit_into_play,"Trea Turner grounds out softly, catcher Christian Vázquez to first baseman Carlos Santana.",ground_ball,56.4,-62.0,1.0,1.0,MIN,PHI,3,Top,R,0,0,2,1,2024,0.689,0.72,0.882,1.254,1.59,2.05,1.4724458900000086,-8.460324689999966,Pull,True,0,745878-18-4
2024,2024-07-23,745878,2,4,607208,"Turner, Trea",R,R,FF,4-Seam Fastball,2.0,0.1,3.37,3.55,1.75,186.86,89.0,X,field_out,hit_into_play,Trea Turner lines out to right fielder Max Kepler.,line_drive,99.0,20.0,5.0,312.0,MIN,PHI,1,Top,R,0,0,1,2,2024,0.689,0.72,0.882,1.254,1.59,2.05,153.33402624000004,272.70197017000004,Oppo,False,2,745878-2-4
2024,2024-07-23,745878,61,5,607208,"Turner, Trea",R,R,FF,4-Seam Fastball,5.0,-0.17,2.87,3.55,1.75,204.37,124.42,X,field_out,hit_into_play,Trea Turner flies out to right fielder Max Kepler.,fly_ball,91.2,49.0,3.0,268.0,MIN,PHI,9,Top,R,0,0,2,2,2024,0.689,0.72,0.882,1.254,1.59,2.05,197.03322545000003,184.30530335000003,Oppo,False,2,745878-61-5
2024,2024-07-22,745881,18,1,607208,"Turner, Trea",R,R,FC,Cutter,6.0,0.41,2.5,3.58,1.77,123.37,193.34,X,field_out,hit_into_play,"Trea Turner grounds out softly, pitcher Bailey Ober to first baseman Carlos Santana.",ground_ball,43.3,22.0,1.0,86.0,MIN,PHI,3,Top,R,2,2,0,0,2024,0.689,0.72,0.882,1.254,1.59,2.05,-5.116125549999993,12.303658030000017,Pull,False,0,745881-18-1
2024,2024-07-22,745881,71,5,607208,"Turner, Trea",R,R,FF,4-Seam Fastball,4.0,-0.46,2.52,3.58,1.77,173.52,85.77,X,field_out,hit_into_play,Trea Turner flies out to right fielder Max Kepler.,fly_ball,92.0,42.0,3.0,305.0,MIN,PHI,9,Top,R,2,2,3,1,2024,0.689,0.72,0.882,1.254,1.59,2.05,120.04177510000002,280.76298750000007,Oppo,False,2,745881-71-5
2024,2024-07-22,745881,2,2,607208,"Turner, Trea",R,R,FC,Cutter,6.0,0.69,2.94,3.58,1.77,178.63,132.82,X,single,hit_into_play,Trea Turner singles on a fly ball to right fielder Max Kepler.,fly_ball,71.1,37.0,3.0,224.0,MIN,PHI,1,Top,R,0,0,0,1,2024,0.689,0.72,0.882,1.254,1.59,2.05,132.79465391,163.34166695000005,Oppo,False,2,745881-2-2
2024,2024-07-21,745470,35,4,607208,"Turner, Trea",L,R,CH,Changeup,14.0,0.76,1.45,3.59,1.78,175.01,138.22,X,field_out,hit_into_play,Trea Turner flies out to right fielder Connor Joe.,fly_ball,75.9,57.0,3.0,196.0,PIT,PHI,5,Top,R,2,2,1,2,2024,0.689,0.72,0.882,1.254,1.59,2.05,123.76032488999998,149.86504355000005,Oppo,True,2,745470-35-4
2024,2024-07-21,745470,18,5,607208,"Turner, Trea",L,R,FF,4-Seam Fastball,5.0,0.17,2.82,3.59,1.78,178.53,141.74,X,field_out,hit_into_play,Trea Turner flies out to right fielder Connor Joe.,fly_ball,86.2,60.0,3.0,195.0,PIT,PHI,3,Top,R,2,2,2,2,2024,0.689,0.72,0.882,1.254,1.59,2.05,132.54508681000002,141.08028163,Oppo,False,2,745470-18-5
2024,2024-07-21,745470,64,7,607208,"Turner, Trea",L,R,CH,Changeup,6.0,0.51,2.69,3.59,1.78,106.6,167.23,X,field_out,hit_into_play,"Trea Turner grounds out, third baseman Ke'Bryan Hayes to first baseman Rowdy Tellez.",ground_ball,92.8,4.0,4.0,82.0,PIT,PHI,8,Top,R,5,5,3,2,2024,0.689,0.72,0.882,1.254,1.59,2.05,-46.968528220000024,77.46562784000005,Pull,False,0,745470-64-7
2024,2024-07-21,745470,51,1,607208,"Turner, Trea",R,R,SL,Slider,8.0,-0.16,1.83,3.59,1.78,155.58,131.27,X,single,hit_into_play,Trea Turner singles on a line drive to right fielder Connor Joe.   Garrett Stubbs scores.    Kyle Schwarber to 3rd.,line_drive,100.8,-5.0,2.0,17.0,PIT,PHI,7,Top,R,2,3,0,0,2024,0.689,0.72,0.882,1.254,1.59,2.05,75.26943736000003,167.209957,Oppo,False,2,745470-51-1
2024,2024-07-20,745478,19,6,607208,"Turner, Trea",R,R,SI,Sinker,8.0,-0.27,2.01,3.59,1.78,113.88,157.53,X,field_out,hit_into_play,"Trea Turner grounds out, shortstop Oneil Cruz to first baseman Connor Joe.",ground_ball,83.2,-45.0,2.0,2.0,PIT,PHI,3,Top,R,0,0,1,2,2024,0.689,0.72,0.882,1.254,1.59,2.05,-28.800043340000016,101.67363654000003,Pull,False,0,745478-19-6
2024,2024-07-20,745478,2,4,607208,"Turner, Trea",R,R,SL,Slider,6.0,0.7,2.62,3.59,1.78,106.0,150.86,X,field_out,hit_into_play,"Trea Turner grounds out, shortstop Oneil Cruz to first baseman Connor Joe.",ground_ball,83.6,1.0,2.0,46.0,PIT,PHI,1,Top,R,0,0,1,2,2024,0.689,0.72,0.882,1.254,1.59,2.05,-48.46593082000001,118.31976211,Pull,False,0,745478-2-4
2024,2024-07-19,745481,35,6,607208,"Turner, Trea",L,R,SI,Sinker,4.0,-0.51,2.61,3.57,1.76,44.15,64.67,X,home_run,hit_into_play,Trea Turner homers (12) on a fly ball to left field.   Cristian Pache scores.,fly_ball,101.6,31.0,6.0,388.0,PIT,PHI,4,Top,R,4,6,2,2,2024,0.689,0.72,0.882,1.254,1.59,2.05,-202.82318217000005,333.4216456000001,Pull,False,0,745481-35-6
2024,2024-07-19,745481,17,7,607208,"Turner, Trea",L,R,SI,Sinker,5.0,-0.18,2.85,3.57,1.76,106.32,59.7,X,field_out,hit_into_play,Trea Turner flies out to center fielder Jack Suwinski.,fly_ball,90.6,33.0,3.0,349.0,PIT,PHI,2,Top,R,3,3,2,2,2024,0.689,0.72,0.882,1.254,1.59,2.05,-47.66731610000002,345.82513047000003,Straightaway,False,1,745481-17-7
2024,2024-07-14,745551,46,4,607208,"Turner, Trea",R,R,ST,Sweeper,6.0,0.75,2.56,3.52,1.74,120.66,95.71,X,single,hit_into_play,Trea Turner singles on a ground ball to center fielder JJ Bleday.,ground_ball,92.3,-1.0,2.0,41.0,PHI,OAK,6,Bot,R,1,1,1,2,2024,0.689,0.72,0.882,1.254,1.59,2.05,-11.879393960000014,255.95601776000007,Straightaway,False,1,745551-46-4
2024,2024-07-14,745551,5,6,607208,"Turner, Trea",R,R,SL,Slider,9.0,0.28,2.03,3.52,1.74,56.57,65.29,X,home_run,hit_into_play,Trea Turner homers (11) on a fly ball to left center field.,fly_ball,95.2,26.0,5.0,372.0,PHI,OAK,1,Bot,R,0,1,2,2,2024,0.689,0.72,0.882,1.254,1.59,2.05,-171.82694835,331.87432958000005,Pull,False,0,745551-5-6
2024,2024-07-13,745549,35,5,607208,"Turner, Trea",R,R,FC,Cutter,3.0,0.3,3.18,3.52,1.74,76.76,43.77,X,home_run,hit_into_play,Trea Turner homers (10) on a fly ball to left center field.   Kyle Schwarber scores.,fly_ball,104.0,23.0,6.0,402.0,PHI,OAK,4,Bot,R,4,6,2,2,2024,0.689,0.72,0.882,1.254,1.59,2.05,-121.43935086,385.58116950000004,Pull,False,0,745549-35-5
2024,2024-07-13,745549,71,6,607208,"Turner, Trea",R,R,FF,4-Seam Fastball,5.0,0.02,2.74,3.52,1.74,110.26,183.86,X,single,hit_into_play,"Trea Turner singles on a line drive to third baseman Brett Harris, deflected by pitcher Michel Otañez.   Garrett Stubbs to 3rd.    Kyle Schwarber to 2nd.",line_drive,100.7,5.0,4.0,105.0,PHI,OAK,8,Bot,R,7,7,3,2,2024,0.689,0.72,0.882,1.254,1.59,2.05,-37.834372359999996,35.96261910999999,Pull,False,0,745549-71-6
2024,2024-07-13,745549,50,1,607208,"Turner, Trea",L,R,SI,Sinker,6.0,0.58,2.75,3.52,1.74,214.12,105.89,X,field_out,hit_into_play,Trea Turner flies out to right fielder Lawrence Butler.,fly_ball,94.9,43.0,3.0,316.0,PHI,OAK,6,Bot,R,6,6,0,0,2024,0.689,0.72,0.882,1.254,1.59,2.05,221.36601770000001,230.55008698000003,Oppo,False,2,745549-50-1
2024,2024-07-12,745552,17,3,607208,"Turner, Trea",L,R,CH,Changeup,7.0,-0.83,2.17,3.47,1.72,170.97,184.78,X,field_out,hit_into_play,Trea Turner pops out to first baseman Armando Alvarez in foul territory.,popup,71.7,73.0,3.0,112.0,PHI,OAK,2,Bot,R,1,1,1,1,2024,0.689,0.72,0.882,1.254,1.59,2.05,113.67781405,33.66660179000002,Oppo,False,2,745552-17-3
2024,2024-07-12,745552,45,5,607208,"Turner, Trea",R,R,FC,Cutter,5.0,-0.11,2.31,3.47,1.72,99.38,150.42,X,force_out,hit_into_play,"Trea Turner grounds into a force out, third baseman Brett Harris to second baseman Zack Gelof.   Kyle Schwarber out at 2nd.    Trea Turner to 1st.",ground_ball,75.0,-14.0,2.0,10.0,PHI,OAK,5,Bot,R,2,2,3,1,2024,0.689,0.72,0.882,1.254,1.59,2.05,-64.98727284000002,119.41785735000006,Pull,False,0,745552-45-5
2024,2024-07-12,745552,5,8,607208,"Turner, Trea",L,R,FF,4-Seam Fastball,13.0,-0.84,2.29,3.47,1.72,101.96,101.31,X,field_out,hit_into_play,Trea Turner flies out to left fielder Miguel Andujar.,fly_ball,79.0,45.0,3.0,252.0,PHI,OAK,1,Bot,R,0,0,2,2,2024,0.689,0.72,0.882,1.254,1.59,2.05,-58.54844166000002,241.98026016000003,Pull,True,0,745552-5-8
2024,2024-07-11,745558,41,1,607208,"Turner, Trea",R,R,SL,Slider,6.0,0.38,2.6,3.49,1.73,155.62,117.25,X,field_out,hit_into_play,Trea Turner flies out to right fielder Andy Pages.,fly_ball,93.0,59.0,3.0,219.0,PHI,LAD,5,Bot,R,2,2,0,0,2024,0.689,0.72,0.882,1.254,1.59,2.05,75.36926420000002,202.19926442000005,Oppo,False,2,745558-41-1
2024,2024-07-11,745558,22,3,607208,"Turner, Trea",R,R,SL,Slider,6.0,0.33,2.35,3.49,1.73,105.17,155.77,X,single,hit_into_play,Trea Turner singles on a ground ball to third baseman Chris Taylor.   Kyle Schwarber to 2nd.,ground_ball,86.0,-7.0,2.0,18.0,PHI,LAD,2,Bot,R,2,2,1,1,2024,0.689,0.72,0.882,1.254,1.59,2.05,-50.537337750000006,106.06601750000002,Pull,False,0,745558-22-3
2024,2024-07-11,745558,53,3,607208,"Turner, Trea",L,R,CH,Changeup,5.0,0.25,2.38,3.49,1.73,122.22,75.1,X,field_out,hit_into_play,Trea Turner flies out to center fielder James Outman.,fly_ball,95.7,46.0,3.0,308.0,PHI,LAD,6,Bot,R,4,4,1,1,2024,0.689,0.72,0.882,1.254,1.59,2.05,-7.9861472000000076,307.39179707000005,Straightaway,False,1,745558-53-3
2024,2024-07-11,745558,7,2,607208,"Turner, Trea",L,R,FF,4-Seam Fastball,5.0,0.18,2.64,3.49,1.73,194.3,59.81,X,home_run,hit_into_play,Trea Turner homers (9) on a fly ball to right center field.,fly_ball,100.5,32.0,6.0,383.0,PHI,LAD,1,Bot,R,0,1,1,0,2024,0.689,0.72,0.882,1.254,1.59,2.05,171.90181848000003,345.55060666,Oppo,False,2,745558-7-2
2024,2024-07-10,745556,41,5,607208,"Turner, Trea",R,R,SL,Slider,9.0,0.42,1.76,3.49,1.73,120.16,135.1,X,single,hit_into_play,Trea Turner singles on a ground ball to shortstop Miguel Rojas.   Whit Merrifield scores.,ground_ball,74.3,-1.0,2.0,30.0,PHI,LAD,5,Bot,R,2,3,3,1,2024,0.689,0.72,0.882,1.254,1.59,2.05,-13.127229460000013,157.65153707000005,Straightaway,False,1,745556-41-5
2024,2024-07-10,745556,21,6,607208,"Turner, Trea",R,R,FF,4-Seam Fastball,7.0,-0.71,1.98,3.49,1.73,123.46,94.18,X,single,hit_into_play,Trea Turner singles on a ground ball to center fielder Andy Pages.,ground_ball,102.7,1.0,4.0,147.0,PHI,LAD,3,Bot,R,2,2,2,2,2024,0.689,0.72,0.882,1.254,1.59,2.05,-4.89151516000002,259.77439439000005,Straightaway,False,1,745556-21-6
2024,2024-07-10,745556,6,6,607208,"Turner, Trea",R,R,SL,Slider,6.0,0.81,2.46,3.49,1.73,126.44,140.86,X,field_out,hit_into_play,"Trea Turner grounds out, second baseman Chris Taylor to first baseman Freddie Freeman.",ground_ball,96.7,7.0,4.0,151.0,PHI,LAD,1,Bot,R,1,1,2,2,2024,0.689,0.72,0.882,1.254,1.59,2.05,2.54558441999999,143.27647211000001,Straightaway,False,1,745556-6-6
2024,2024-07-10,745556,63,4,607208,"Turner, Trea",R,R,FF,4-Seam Fastball,6.0,0.65,2.6,3.49,1.73,160.77,163.03,X,field_out,hit_into_play,Trea Turner grounds out to first baseman Freddie Freeman.,ground_ball,64.6,-20.0,2.0,7.0,PHI,LAD,8,Bot,R,4,4,1,2,2024,0.689,0.72,0.882,1.254,1.59,2.05,88.22196985000002,87.94744604000003,Oppo,False,2,745556-63-4
2024,2024-07-09,745557,35,1,607208,"Turner, Trea",R,R,SL,Slider,5.0,0.0,2.32,3.48,1.71,32.2,89.31,X,home_run,hit_into_play,Trea Turner hits a grand slam (8) to left field.   Rafael Marchán scores.    Johan Rojas scores.    Kyle Schwarber scores.,fly_ball,92.7,37.0,3.0,356.0,PHI,LAD,4,Bot,R,4,8,0,0,2024,0.689,0.72,0.882,1.254,1.59,2.05,-232.64645062000002,271.92831216,Pull,False,0,745557-35-1
2024,2024-07-09,745557,23,1,607208,"Turner, Trea",R,R,CU,Curveball,4.0,-0.45,2.7,3.48,1.71,99.01,167.01,X,single,hit_into_play,Trea Turner singles on a ground ball to third baseman Cavan Biggio.,ground_ball,60.7,-47.0,2.0,3.0,PHI,LAD,3,Bot,R,3,3,0,0,2024,0.689,0.72,0.882,1.254,1.59,2.05,-65.91067111,78.01467546000005,Pull,False,0,745557-23-1
2024,2024-07-09,745557,7,7,607208,"Turner, Trea",R,R,FF,4-Seam Fastball,5.0,-0.12,2.41,3.48,1.71,68.17,92.92,X,single,hit_into_play,Trea Turner singles on a sharp ground ball to left fielder Miguel Vargas.,ground_ball,101.3,9.0,4.0,191.0,PHI,LAD,1,Bot,R,0,0,3,2,2024,0.689,0.72,0.882,1.254,1.59,2.05,-142.87716475000002,262.91893985,Pull,False,0,745557-7-7
2024,2024-07-07,747098,2,3,607208,"Turner, Trea",R,R,FF,4-Seam Fastball,9.0,0.37,2.07,3.49,1.7,134.91,142.46,X,field_out,hit_into_play,"Trea Turner grounds out, second baseman Ozzie Albies to first baseman Matt Olson.",ground_ball,107.4,-4.0,2.0,23.0,ATL,PHI,1,Top,R,0,0,0,2,2024,0.689,0.72,0.882,1.254,1.59,2.05,23.683917789999988,139.28339851,Straightaway,False,1,747098-2-3
2024,2024-07-06,747099,38,5,607208,"Turner, Trea",R,R,FF,4-Seam Fastball,14.0,0.6,1.43,3.49,1.7,188.94,123.86,X,field_out,hit_into_play,Trea Turner flies out to right fielder Adam Duvall.,fly_ball,73.6,35.0,3.0,244.0,ATL,PHI,5,Top,R,1,1,3,1,2024,0.689,0.72,0.882,1.254,1.59,2.05,158.52502192,185.70287911000005,Oppo,True,2,747099-38-5
2024,2024-07-06,747099,20,1,607208,"Turner, Trea",R,R,SL,Slider,8.0,-0.04,2.21,3.49,1.7,71.22,128.69,X,single,hit_into_play,Trea Turner singles on a ground ball to left fielder Eli White.   Johan Rojas scores.    Bryson Stott to 2nd.,ground_ball,106.3,4.0,4.0,94.0,ATL,PHI,3,Top,R,0,1,0,0,2024,0.689,0.72,0.882,1.254,1.59,2.05,-135.2653682,173.64878818000005,Pull,False,0,747099-20-1
2024,2024-07-06,747099,2,6,607208,"Turner, Trea",R,R,FC,Cutter,5.0,0.15,2.46,3.49,1.7,148.93,41.16,X,field_out,hit_into_play,Trea Turner flies out sharply to center fielder Jarred Kelenic.,fly_ball,101.4,27.0,6.0,393.0,ATL,PHI,1,Top,R,0,0,3,2,2024,0.689,0.72,0.882,1.254,1.59,2.05,58.67322521000002,392.0948708100001,Straightaway,False,1,747099-2-6
2024,2024-07-06,747099,60,1,607208,"Turner, Trea",R,R,FF,4-Seam Fastball,2.0,-0.14,3.17,3.49,1.7,72.93,96.52,X,field_out,hit_into_play,Trea Turner flies out sharply to left fielder Eli White.,fly_ball,100.8,51.0,3.0,286.0,ATL,PHI,8,Top,R,1,1,0,0,2024,0.689,0.72,0.882,1.254,1.59,2.05,-130.99777079,253.93452425000007,Pull,False,0,747099-60-1
2024,2024-07-05,747097,47,2,607208,"Turner, Trea",L,R,SL,Slider,4.0,-0.28,2.43,3.49,1.7,42.12,31.9,X,home_run,hit_into_play,Trea Turner homers (7) on a fly ball to left center field.   Bryson Stott scores.,fly_ball,108.4,29.0,6.0,459.0,ATL,PHI,6,Top,R,3,5,0,1,2024,0.689,0.72,0.882,1.254,1.59,2.05,-207.88939430000005,415.20478427000006,Pull,False,0,747097-47-2
2024,2024-07-05,747097,29,2,607208,"Turner, Trea",L,R,CU,Curveball,5.0,0.14,2.37,3.49,1.7,40.67,54.86,X,home_run,hit_into_play,Trea Turner homers (6) on a fly ball to left field.   Bryson Stott scores.,fly_ball,102.2,32.0,6.0,425.0,ATL,PHI,4,Top,R,1,3,1,0,2024,0.689,0.72,0.882,1.254,1.59,2.05,-211.50811725000003,357.9041781100001,Pull,False,0,747097-29-2
2024,2024-07-05,747097,17,2,607208,"Turner, Trea",L,R,CH,Changeup,5.0,-0.11,2.62,3.49,1.7,189.28,79.49,X,field_out,hit_into_play,Trea Turner flies out to right fielder Adam Duvall.,fly_ball,93.7,34.0,3.0,335.0,ATL,PHI,3,Top,R,0,0,1,0,2024,0.689,0.72,0.882,1.254,1.59,2.05,159.37355006,296.43580138000004,Oppo,False,2,747097-17-2
2024,2024-07-05,747097,61,2,607208,"Turner, Trea",R,R,FC,Cutter,9.0,0.59,2.03,3.49,1.7,126.94,127.71,X,field_out,hit_into_play,"Trea Turner grounds out, second baseman Ozzie Albies to first baseman Matt Olson.",ground_ball,77.7,13.0,4.0,130.0,ATL,PHI,7,Top,R,8,8,1,0,2024,0.689,0.72,0.882,1.254,1.59,2.05,3.7934199199999905,176.09454576000005,Straightaway,False,1,747097-61-2
2024,2024-07-04,746857,46,1,607208,"Turner, Trea",R,R,FF,4-Seam Fastball,7.0,-0.58,2.04,3.5,1.71,109.94,145.49,X,field_out,hit_into_play,"Trea Turner grounds out, shortstop Dansby Swanson to first baseman Patrick Wisdom.",ground_ball,66.4,-17.0,2.0,6.0,CHC,PHI,6,Top,R,2,2,0,0,2024,0.689,0.72,0.882,1.254,1.59,2.05,-38.632987080000014,131.72151538,Pull,False,0,746857-46-1
2024,2024-07-04,746857,19,2,607208,"Turner, Trea",R,R,ST,Sweeper,6.0,0.79,2.86,3.5,1.71,145.84,75.8,X,field_out,hit_into_play,Trea Turner flies out to center fielder Cody Bellinger.,fly_ball,90.2,38.0,3.0,310.0,CHC,PHI,3,Top,R,1,1,0,1,2024,0.689,0.72,0.882,1.254,1.59,2.05,50.961601820000006,305.64482737000003,Straightaway,False,1,746857-19-2
2024,2024-07-04,746857,2,4,607208,"Turner, Trea",R,R,FC,Cutter,5.0,0.09,2.67,3.5,1.71,143.63,81.32,X,single,hit_into_play,Trea Turner singles on a line drive to center fielder Cody Bellinger.,line_drive,91.8,17.0,4.0,259.0,CHC,PHI,1,Top,R,0,0,1,2,2024,0.689,0.72,0.882,1.254,1.59,2.05,45.44616890999999,291.86872345000006,Straightaway,False,1,746857-2-4
2024,2024-07-03,746858,42,6,607208,"Turner, Trea",L,R,FS,Split-Finger,6.0,0.79,2.47,3.5,1.71,100.03,176.15,X,single,hit_into_play,Trea Turner singles on a ground ball to third baseman Christopher Morel.,ground_ball,61.9,-52.0,2.0,2.0,CHC,PHI,6,Top,R,1,1,1,2,2024,0.689,0.72,0.882,1.254,1.59,2.05,-63.365086690000005,55.204242520000015,Pull,False,0,746858-42-6
2024,2024-07-03,746858,60,4,607208,"Turner, Trea",R,R,ST,Sweeper,12.0,1.34,2.73,3.5,1.71,132.83,93.24,X,single,hit_into_play,Trea Turner singles on a line drive to center fielder Pete Crow-Armstrong.,line_drive,79.0,24.0,4.0,266.0,CHC,PHI,8,Top,R,3,3,1,2,2024,0.689,0.72,0.882,1.254,1.59,2.05,18.492922110000027,262.1203251300001,Straightaway,True,1,746858-60-4
2024,2024-07-02,746860,36,3,607208,"Turner, Trea",R,R,FF,4-Seam Fastball,4.0,-0.42,2.59,3.48,1.67,50.3,37.61,X,home_run,hit_into_play,Trea Turner homers (5) on a fly ball to left center field.   Bryson Stott scores.,fly_ball,107.3,27.0,6.0,439.0,CHC,PHI,5,Top,R,3,5,1,1,2024,0.689,0.72,0.882,1.254,1.59,2.05,-187.47480552000002,400.9545028600001,Pull,False,0,746860-36-3
2024,2024-07-02,746860,19,1,607208,"Turner, Trea",R,R,SI,Sinker,5.0,-0.19,2.37,3.48,1.67,71.39,36.9,X,home_run,hit_into_play,Trea Turner homers (4) on a line drive to left center field.,line_drive,108.5,20.0,6.0,422.0,CHC,PHI,3,Top,R,2,3,0,0,2024,0.689,0.72,0.882,1.254,1.59,2.05,-134.84110413000002,402.72642927000004,Pull,False,0,746860-19-1
2024,2024-07-02,746860,51,5,607208,"Turner, Trea",R,R,FF,4-Seam Fastball,9.0,0.75,2.11,3.48,1.67,174.77,100.55,X,single,hit_into_play,Trea Turner singles on a line drive to right fielder Cody Bellinger.   Bryson Stott scores.,line_drive,89.4,12.0,4.0,204.0,CHC,PHI,7,Top,R,5,6,2,2,2024,0.689,0.72,0.882,1.254,1.59,2.05,123.16136385000003,243.87697012000004,Oppo,False,2,746860-51-5
2024,2024-07-02,746860,66,3,607208,"Turner, Trea",R,R,KC,Knuckle Curve,4.0,-0.59,2.37,3.48,1.67,103.28,163.05,X,field_out,hit_into_play,"Trea Turner grounds out sharply, third baseman Christopher Morel to first baseman Michael Busch.",ground_ball,100.6,0.0,4.0,47.0,CHC,PHI,9,Top,R,6,6,1,1,2024,0.689,0.72,0.882,1.254,1.59,2.05,-55.254155940000004,87.89753262,Pull,False,0,746860-66-3
2024,2024-07-02,746860,2,2,607208,"Turner, Trea",R,R,SI,Sinker,7.0,-0.29,1.77,3.48,1.67,96.01,170.92,X,field_out,hit_into_play,"Trea Turner grounds out sharply, third baseman Christopher Morel to first baseman Michael Busch.",ground_ball,102.0,-27.0,2.0,3.0,CHC,PHI,1,Top,R,0,0,0,1,2024,0.689,0.72,0.882,1.254,1.59,2.05,-73.39768411,68.25660185000007,Pull,False,0,746860-2-2
2024,2024-06-30,745555,20,2,607208,"Turner, Trea",R,R,SL,Slider,4.0,-0.51,2.36,3.49,1.67,100.27,98.22,X,single,hit_into_play,Trea Turner singles on a line drive to left fielder Bryan De La Cruz.,line_drive,75.0,19.0,4.0,206.0,PHI,MIA,2,Bot,R,2,2,0,1,2024,0.689,0.72,0.882,1.254,1.59,2.05,-62.76612565000002,249.69188355000006,Pull,False,0,745555-20-2
2024,2024-06-30,745555,7,4,607208,"Turner, Trea",R,R,FS,Split-Finger,8.0,0.0,1.91,3.49,1.67,75.42,123.6,X,single,hit_into_play,Trea Turner singles on a ground ball to left fielder Bryan De La Cruz.,ground_ball,97.7,-12.0,2.0,9.0,PHI,MIA,1,Bot,R,0,0,1,2,2024,0.689,0.72,0.882,1.254,1.59,2.05,-124.78355,186.35175357000006,Pull,False,0,745555-7-4
2024,2024-06-30,745555,74,3,607208,"Turner, Trea",R,R,SI,Sinker,5.0,0.05,2.73,3.49,1.67,114.51,82.47,X,single,hit_into_play,"Trea Turner singles on a ground ball to left fielder Bryan De La Cruz.   Whit Merrifield scores.    David Dahl scores.    Trea Turner to 2nd.  Trea Turner advances to 2nd, on a fielding error by left fielder Bryan De La Cruz.",ground_ball,107.2,6.0,4.0,117.0,PHI,MIA,7,Bot,R,5,7,1,1,2024,0.689,0.72,0.882,1.254,1.59,2.05,-27.227770609999993,288.99870180000005,Straightaway,False,1,745555-74-3
2024,2024-06-29,745559,24,4,607208,"Turner, Trea",R,R,FF,4-Seam Fastball,14.0,0.28,1.44,3.51,1.7,161.55,125.23,X,field_out,hit_into_play,Trea Turner flies out to right fielder Bryan De La Cruz.,fly_ball,76.3,51.0,3.0,228.0,PHI,MIA,3,Bot,R,1,1,2,1,2024,0.689,0.72,0.882,1.254,1.59,2.05,90.16859323000003,182.28380984000003,Oppo,True,2,745559-24-4
2024,2024-06-29,745559,58,5,607208,"Turner, Trea",L,R,FF,4-Seam Fastball,2.0,-0.18,3.02,3.49,1.67,101.03,69.82,X,field_out,hit_into_play,Trea Turner flies out to center fielder Jazz Chisholm Jr.,fly_ball,91.6,45.0,3.0,326.0,PHI,MIA,7,Bot,R,2,2,1,2,2024,0.689,0.72,0.882,1.254,1.59,2.05,-60.869415690000004,320.5689399500001,Straightaway,False,1,745559-58-5
2024,2024-06-29,745559,5,1,607208,"Turner, Trea",R,R,FF,4-Seam Fastball,8.0,0.11,2.22,3.51,1.7,72.76,86.74,X,field_out,hit_into_play,Trea Turner lines out to left fielder Nick Gordon.,line_drive,82.0,26.0,3.0,307.0,PHI,MIA,1,Bot,R,0,0,0,0,2024,0.689,0.72,0.882,1.254,1.59,2.05,-131.42203486,278.34218663000007,Pull,False,0,745559-5-1
2024,2024-06-28,745560,24,2,607208,"Turner, Trea",R,R,SL,Slider,9.0,0.55,1.95,3.51,1.7,93.47,59.27,X,double,hit_into_play,Trea Turner doubles (14) on a fly ball to center fielder Vidal Bruján.,fly_ball,95.2,26.0,5.0,355.0,PHI,MIA,4,Bot,R,0,0,0,1,2024,0.689,0.72,0.882,1.254,1.59,2.05,-79.73668845000002,346.898269,Pull,False,0,745560-24-2
2024,2024-06-28,745560,56,1,607208,"Turner, Trea",R,R,SI,Sinker,3.0,0.79,3.56,3.51,1.7,136.64,102.02,X,field_out,hit_into_play,Trea Turner flies out to center fielder Vidal Bruján.,fly_ball,74.2,43.0,3.0,245.0,PHI,MIA,8,Bot,R,2,2,0,0,2024,0.689,0.72,0.882,1.254,1.59,2.05,28.001428619999963,240.20833375000007,Straightaway,False,1,745560-56-1
2024,2024-06-28,745560,6,4,607208,"Turner, Trea",R,R,FF,4-Seam Fastball,11.0,-1.07,3.62,3.51,1.7,127.74,162.2,X,field_out,hit_into_play,"Trea Turner grounds out, second baseman Otto Lopez to first baseman Jake Burger.",ground_ball,50.4,2.0,1.0,40.0,PHI,MIA,1,Bot,R,0,0,1,2,2024,0.689,0.72,0.882,1.254,1.59,2.05,5.789956719999983,90.01885297000005,Straightaway,True,1,745560-6-4
2024,2024-06-27,745565,39,2,607208,"Turner, Trea",L,R,SI,Sinker,9.0,0.32,2.17,3.54,1.73,189.34,70.81,X,double,hit_into_play,Trea Turner doubles (12) on a sharp fly ball to right fielder Jesús Sánchez.,fly_ball,101.9,25.0,6.0,353.0,PHI,MIA,5,Bot,R,2,2,1,0,2024,0.689,0.72,0.882,1.254,1.59,2.05,159.52329032000003,318.09822566,Oppo,False,2,745565-39-2
2024,2024-06-27,745565,19,4,607208,"Turner, Trea",L,R,CH,Changeup,5.0,-0.06,2.58,3.54,1.73,91.52,141.87,X,field_out,hit_into_play,"Trea Turner grounds out, shortstop Tim Anderson to first baseman Josh Bell.",ground_ball,91.7,-18.0,2.0,8.0,PHI,MIA,2,Bot,R,1,1,1,2,2024,0.689,0.72,0.882,1.254,1.59,2.05,-84.60324690000002,140.75584440000003,Pull,False,0,745565-19-4
2024,2024-06-27,745565,80,3,607208,"Turner, Trea",L,R,SL,Slider,7.0,-0.29,2.02,3.54,1.73,96.03,167.47,X,field_out,hit_into_play,"Trea Turner grounds out, third baseman Emmanuel Rivera to first baseman Jake Burger.",ground_ball,89.8,-25.0,2.0,4.0,PHI,MIA,9,Bot,R,4,4,1,1,2024,0.689,0.72,0.882,1.254,1.59,2.05,-73.34777069,76.86666680000003,Pull,False,0,745565-80-3
2024,2024-06-27,745565,60,3,607208,"Turner, Trea",R,R,SI,Sinker,4.0,-0.5,2.39,3.54,1.73,107.01,57.87,X,double,hit_into_play,Trea Turner doubles (13) on a line drive to center fielder Jazz Chisholm Jr.,line_drive,96.7,21.0,4.0,353.0,PHI,MIA,7,Bot,R,3,3,2,0,2024,0.689,0.72,0.882,1.254,1.59,2.05,-45.94530311,350.3922084,Straightaway,False,1,745565-60-3
2024,2024-06-26,746456,66,3,607208,"Turner, Trea",L,R,CH,Changeup,8.0,0.03,1.94,3.54,1.73,67.26,132.13,X,single,hit_into_play,Trea Turner singles on a line drive to left fielder Akil Baddoo.,line_drive,82.9,15.0,4.0,186.0,DET,PHI,9,Top,R,6,6,1,1,2024,0.689,0.72,0.882,1.254,1.59,2.05,-145.14822536,165.06367994000004,Pull,False,0,746456-66-3
2024,2024-06-26,746456,2,3,607208,"Turner, Trea",L,R,CH,Changeup,9.0,0.62,2.04,3.54,1.73,170.38,107.98,X,single,hit_into_play,Trea Turner singles on a line drive to right fielder Wenceel Pérez.   Kyle Schwarber to 2nd.,line_drive,99.8,10.0,4.0,190.0,DET,PHI,1,Top,R,0,0,1,1,2024,0.689,0.72,0.882,1.254,1.59,2.05,112.20536815999999,225.33413459000002,Oppo,False,2,746456-2-3
2024,2024-06-25,746454,35,4,607208,"Turner, Trea",L,R,FF,4-Seam Fastball,4.0,-0.64,2.86,3.54,1.73,104.66,153.97,X,force_out,hit_into_play,"Trea Turner grounds into a force out, shortstop Ryan Kreidler to second baseman Andy Ibáñez.   Kyle Schwarber out at 2nd.",ground_ball,91.3,6.0,4.0,106.0,DET,PHI,5,Top,R,0,0,2,1,2024,0.689,0.72,0.882,1.254,1.59,2.05,-51.81012996000002,110.55822530000003,Pull,False,0,746454-35-4
2024,2024-06-25,746454,59,2,607208,"Turner, Trea",R,R,SL,Slider,6.0,0.33,2.38,3.54,1.73,110.25,154.48,X,field_out,hit_into_play,"Trea Turner grounds out, shortstop Ryan Kreidler to first baseman Mark Canha.",ground_ball,104.2,4.0,4.0,103.0,DET,PHI,8,Top,R,0,0,0,1,2024,0.689,0.72,0.882,1.254,1.59,2.05,-37.85932907000001,109.28543309000005,Pull,False,0,746454-59-2
2024,2024-06-25,746454,2,2,607208,"Turner, Trea",L,R,FF,4-Seam Fastball,4.0,-0.35,2.84,3.54,1.73,132.04,57.38,X,field_out,hit_into_play,Trea Turner flies out to center fielder Matt Vierling.,fly_ball,91.4,30.0,3.0,351.0,DET,PHI,1,Top,R,0,0,0,1,2024,0.689,0.72,0.882,1.254,1.59,2.05,16.521342019999977,351.61508719000005,Straightaway,False,1,746454-2-2
2024,2024-06-24,746458,30,5,607208,"Turner, Trea",R,R,FF,4-Seam Fastball,14.0,0.98,2.5,3.54,1.73,127.01,179.93,X,field_out,hit_into_play,"Trea Turner grounds out, pitcher Casey Mize to first baseman Mark Canha.",ground_ball,84.4,-8.0,2.0,15.0,DET,PHI,4,Top,R,4,4,2,2,2024,0.689,0.72,0.882,1.254,1.59,2.05,3.968116890000009,45.77060614000001,Straightaway,True,1,746458-30-5
2024,2024-06-24,746458,14,7,607208,"Turner, Trea",R,R,FF,4-Seam Fastball,9.0,0.52,2.03,3.54,1.73,209.31,117.44,X,field_out,hit_into_play,Trea Turner flies out to right fielder Wenceel Pérez.,fly_ball,90.5,36.0,3.0,287.0,DET,PHI,2,Top,R,4,4,3,2,2024,0.689,0.72,0.882,1.254,1.59,2.05,209.36184019,201.72508693000006,Oppo,False,2,746458-14-7
2024,2024-06-24,746458,48,5,607208,"Turner, Trea",L,R,FC,Cutter,9.0,0.52,1.9,3.54,1.73,126.65,135.51,X,field_out,hit_into_play,Trea Turner lines out sharply to second baseman Colt Keith.,line_drive,103.4,8.0,4.0,164.0,DET,PHI,6,Top,R,4,4,2,2,2024,0.689,0.72,0.882,1.254,1.59,2.05,3.06967533000001,156.62831196000005,Straightaway,False,1,746458-48-5
2024,2024-06-24,746458,76,4,607208,"Turner, Trea",L,R,FF,4-Seam Fastball,2.0,-0.04,3.5,3.54,1.73,109.23,150.91,X,force_out,hit_into_play,"Trea Turner grounds into a force out, shortstop Zach McKinstry to second baseman Colt Keith.   Garrett Stubbs out at 2nd.",ground_ball,94.1,-12.0,2.0,15.0,DET,PHI,9,Top,R,8,8,1,2,2024,0.689,0.72,0.882,1.254,1.59,2.05,-40.40491349,118.19497856000004,Pull,False,0,746458-76-4
2024,2024-06-24,746458,2,2,607208,"Turner, Trea",R,R,SI,Sinker,7.0,-0.46,2.25,3.54,1.73,181.72,146.05,X,double,hit_into_play,Trea Turner doubles (11) on a fly ball to right fielder Wenceel Pérez.   Kyle Schwarber to 3rd.,fly_ball,65.3,33.0,4.0,193.0,DET,PHI,1,Top,R,0,0,0,1,2024,0.689,0.72,0.882,1.254,1.59,2.05,140.5062773,130.32393962,Oppo,False,2,746458-2-2
2024,2024-06-23,745566,21,4,607208,"Turner, Trea",R,R,FF,4-Seam Fastball,12.0,0.21,4.03,3.52,1.72,108.29,73.45,X,single,hit_into_play,Trea Turner singles on a line drive to center fielder Jake McCarthy.,line_drive,89.5,17.0,4.0,261.0,PHI,AZ,3,Bot,R,1,1,0,2,2024,0.689,0.72,0.882,1.254,1.59,2.05,-42.75084422999999,311.50965422,Straightaway,True,1,745566-21-4
2024,2024-06-23,745566,63,1,607208,"Turner, Trea",R,R,SI,Sinker,2.0,-0.24,3.16,3.52,1.72,128.68,74.81,X,field_out,hit_into_play,Trea Turner lines out to center fielder Jake McCarthy.,line_drive,82.2,27.0,3.0,310.0,PHI,AZ,8,Bot,R,4,4,0,0,2024,0.689,0.72,0.882,1.254,1.59,2.05,8.135887460000014,308.11554166,Straightaway,False,1,745566-63-1
2024,2024-06-23,745566,48,3,607208,"Turner, Trea",L,R,SI,Sinker,3.0,0.68,3.07,3.52,1.72,109.36,153.73,X,force_out,hit_into_play,"Trea Turner grounds into a force out, shortstop Kevin Newman to second baseman Ketel Marte.   Kyle Schwarber out at 2nd.",ground_ball,96.5,1.0,4.0,54.0,PHI,AZ,6,Bot,R,3,3,2,0,2024,0.689,0.72,0.882,1.254,1.59,2.05,-40.08047626000001,111.15718634000007,Pull,False,0,745566-48-3
2024,2024-06-23,745566,36,4,607208,"Turner, Trea",R,R,FS,Split-Finger,5.0,0.1,2.6,3.52,1.72,71.26,122.18,X,field_error,hit_into_play,Trea Turner reaches on a fielding error by third baseman Blaze Alexander.,ground_ball,100.0,-2.0,2.0,37.0,PHI,AZ,5,Bot,R,1,1,1,2,2024,0.689,0.72,0.882,1.254,1.59,2.05,-135.16554136,189.89560639,Pull,False,0,745566-36-4
2024,2024-06-22,745564,20,3,607208,"Turner, Trea",L,R,SI,Sinker,6.0,0.31,2.37,3.52,1.72,99.1,133.2,X,field_out,hit_into_play,"Trea Turner grounds out, shortstop Geraldo Perdomo to first baseman Christian Walker.",ground_ball,103.1,-15.0,2.0,9.0,PHI,AZ,3,Bot,R,2,2,1,1,2024,0.689,0.72,0.882,1.254,1.59,2.05,-65.68606072000003,162.39331197000007,Pull,False,0,745564-20-3
2024,2024-06-22,745564,5,5,607208,"Turner, Trea",L,R,SL,Slider,6.0,0.83,2.43,3.52,1.72,174.51,120.14,X,single,hit_into_play,Trea Turner singles on a ground ball to right fielder Randal Grichuk.   Kyle Schwarber to 3rd.,ground_ball,83.2,0.0,2.0,47.0,PHI,AZ,1,Bot,R,0,0,2,2,2024,0.689,0.72,0.882,1.254,1.59,2.05,122.51248938999998,194.98677523000003,Oppo,False,2,745564-5-5
2024,2024-06-22,745564,65,1,607208,"Turner, Trea",R,R,EP,Eephus,5.0,0.16,2.88,3.52,1.72,93.09,163.37,X,field_out,hit_into_play,"Trea Turner grounds out, third baseman Eugenio Suárez to first baseman Kevin Newman.",ground_ball,87.8,4.0,2.0,67.0,PHI,AZ,8,Bot,R,10,10,0,0,2024,0.689,0.72,0.882,1.254,1.59,2.05,-80.68504343000001,87.09891790000002,Pull,False,0,745564-65-1
2024,2024-06-22,745564,32,1,607208,"Turner, Trea",R,R,FF,4-Seam Fastball,6.0,0.8,2.44,3.52,1.72,178.47,83.15,X,field_out,hit_into_play,Trea Turner lines out to right fielder Randal Grichuk.,line_drive,99.0,18.0,4.0,315.0,PHI,AZ,4,Bot,R,6,6,0,0,2024,0.689,0.72,0.882,1.254,1.59,2.05,132.39534655,287.30164552,Oppo,False,2,745564-32-1
2024,2024-06-21,745562,42,1,607208,"Turner, Trea",L,R,CU,Curveball,9.0,0.36,1.67,3.52,1.72,100.85,149.66,X,field_out,hit_into_play,"Trea Turner grounds out, shortstop Geraldo Perdomo to first baseman Christian Walker.",ground_ball,90.4,-2.0,2.0,29.0,PHI,AZ,5,Bot,R,2,2,0,0,2024,0.689,0.72,0.882,1.254,1.59,2.05,-61.31863647000002,121.31456731000004,Pull,False,0,745562-42-1
2024,2024-06-21,745562,26,2,607208,"Turner, Trea",L,R,SI,Sinker,8.0,-0.03,1.94,3.52,1.72,42.26,45.87,X,home_run,hit_into_play,Trea Turner homers (3) on a fly ball to left center field.   Kyle Schwarber scores.,fly_ball,110.6,24.0,6.0,429.0,PHI,AZ,3,Bot,R,0,2,1,0,2024,0.689,0.72,0.882,1.254,1.59,2.05,-207.54000036000002,380.34026040000003,Pull,False,0,745562-26-2
2024,2024-06-21,745562,5,1,607208,"Turner, Trea",L,R,SI,Sinker,12.0,1.08,2.78,3.52,1.72,132.85,146.1,X,field_out,hit_into_play,"Trea Turner grounds out, second baseman Blaze Alexander to first baseman Christian Walker.",ground_ball,74.7,4.0,2.0,59.0,PHI,AZ,1,Bot,R,0,0,0,0,2024,0.689,0.72,0.882,1.254,1.59,2.05,18.542835529999984,130.19915607000004,Straightaway,True,1,745562-5-1
2024,2024-06-21,745562,61,3,607208,"Turner, Trea",L,R,CH,Changeup,14.0,0.84,1.93,3.52,1.72,156.22,155.26,X,single,hit_into_play,Trea Turner singles on a ground ball to second baseman Blaze Alexander.   David Dahl scores.    Rafael Marchán to 3rd.    Kyle Schwarber to 2nd.,ground_ball,99.9,2.0,4.0,70.0,PHI,AZ,7,Bot,R,2,3,0,2,2024,0.689,0.72,0.882,1.254,1.59,2.05,76.8666668,107.33880971000006,Oppo,True,2,745562-61-3
2024,2024-06-18,745563,32,6,607208,"Turner, Trea",R,R,SI,Sinker,8.0,0.18,2.09,3.52,1.72,104.81,161.37,X,force_out,hit_into_play,"Trea Turner grounds into a force out, third baseman Manny Machado to second baseman Jake Cronenworth.   Kyle Schwarber out at 2nd.",ground_ball,101.3,-3.0,2.0,28.0,PHI,SD,4,Bot,R,1,1,2,2,2024,0.689,0.72,0.882,1.254,1.59,2.05,-51.43577931,92.09025990000002,Pull,False,0,745563-32-6
2024,2024-06-18,745563,20,1,607208,"Turner, Trea",R,R,SL,Slider,9.0,0.63,1.98,3.52,1.72,101.41,144.71,X,single,hit_into_play,Trea Turner singles on a ground ball to shortstop Tyler Wade.,ground_ball,85.2,3.0,2.0,56.0,PHI,SD,3,Bot,R,0,0,0,0,2024,0.689,0.72,0.882,1.254,1.59,2.05,-59.92106071000002,133.66813876,Pull,False,0,745563-20-1
2024,2024-06-18,745563,51,3,607208,"Turner, Trea",L,R,SI,Sinker,9.0,0.54,1.93,3.52,1.72,200.62,85.63,X,field_out,hit_into_play,Trea Turner flies out to right fielder David Peralta.   Cristian Pache to 3rd.,fly_ball,96.7,24.0,5.0,335.0,PHI,SD,6,Bot,R,1,1,0,2,2024,0.689,0.72,0.882,1.254,1.59,2.05,187.67445920000003,281.11238144000004,Oppo,False,2,745563-51-3
2024,2024-06-18,745563,66,2,607208,"Turner, Trea",R,R,FF,4-Seam Fastball,8.0,0.02,1.86,3.52,1.72,151.92,62.08,X,field_out,hit_into_play,Trea Turner flies out to center fielder Jackson Merrill.,fly_ball,97.1,40.0,3.0,345.0,PHI,SD,8,Bot,R,2,2,0,1,2024,0.689,0.72,0.882,1.254,1.59,2.05,66.13528149999998,339.88543349,Straightaway,False,1,745563-66-2
2024,2024-06-17,745567,38,5,607208,"Turner, Trea",R,R,SI,Sinker,9.0,0.28,2.02,3.53,1.72,118.33,93.16,X,single,hit_into_play,Trea Turner singles on a ground ball to center fielder Jackson Merrill.,ground_ball,106.6,-2.0,4.0,34.0,PHI,SD,5,Bot,R,3,3,2,2,2024,0.689,0.72,0.882,1.254,1.59,2.05,-17.69430739000001,262.31997881000007,Straightaway,False,1,745567-38-5
2024,2024-06-17,745567,21,6,607208,"Turner, Trea",R,R,SI,Sinker,1.0,-0.31,3.35,3.53,1.72,115.11,145.08,X,field_out,hit_into_play,"Trea Turner grounds out, shortstop Ha-Seong Kim to first baseman Luis Arraez.",ground_ball,98.9,-5.0,2.0,27.0,PHI,SD,3,Bot,R,2,2,1,2,2024,0.689,0.72,0.882,1.254,1.59,2.05,-25.730368010000007,132.74474049,Straightaway,False,1,745567-21-6
2024,2024-06-17,745567,64,3,607208,"Turner, Trea",R,R,FF,4-Seam Fastball,6.0,0.75,2.66,3.53,1.72,197.24,96.54,X,field_out,hit_into_play,Trea Turner flies out to right fielder Fernando Tatis Jr.,fly_ball,92.8,41.0,3.0,308.0,PHI,SD,7,Bot,R,9,9,1,1,2024,0.689,0.72,0.882,1.254,1.59,2.05,179.23909122000003,253.88461083000004,Oppo,False,2,745567-64-3
2024,2024-06-17,745567,50,7,607208,"Turner, Trea",L,R,SI,Sinker,12.0,1.23,3.28,3.53,1.72,175.85,111.62,X,single,hit_into_play,Trea Turner singles on a fly ball to right fielder Fernando Tatis Jr.,fly_ball,70.5,32.0,4.0,233.0,PHI,SD,6,Bot,R,8,8,3,2,2024,0.689,0.72,0.882,1.254,1.59,2.05,125.85668852999999,216.24989215000002,Oppo,True,2,745567-50-7
2024,2024-06-17,745567,5,3,607208,"Turner, Trea",R,R,SI,Sinker,2.0,-0.24,3.09,3.53,1.72,130.68,161.37,X,field_out,hit_into_play,Trea Turner pops out to second baseman Jake Cronenworth.,popup,83.5,71.0,3.0,100.0,PHI,SD,1,Bot,R,0,0,1,1,2024,0.689,0.72,0.882,1.254,1.59,2.05,13.127229460000013,92.09025990000002,Straightaway,False,1,745567-5-3
2024,2024-05-03,745589,39,2,607208,"Turner, Trea",R,R,SI,Sinker,7.0,-0.28,2.11,3.56,1.75,166.99,111.49,X,single,hit_into_play,Trea Turner singles on a ground ball to right fielder Mike Yastrzemski.,ground_ball,80.2,6.0,2.0,93.0,PHI,SF,4,Bot,R,3,3,1,0,2024,0.689,0.72,0.882,1.254,1.59,2.05,103.74504347000003,216.57432938000005,Oppo,False,2,745589-39-2
2024,2024-05-03,745589,6,4,607208,"Turner, Trea",R,R,SI,Sinker,14.0,0.16,1.55,3.56,1.75,93.07,140.9,X,single,hit_into_play,Trea Turner singles on a ground ball to shortstop Nick Ahmed.,ground_ball,106.2,-20.0,2.0,4.0,PHI,SF,1,Bot,R,0,0,2,1,2024,0.689,0.72,0.882,1.254,1.59,2.05,-80.73495685000003,143.17664527000002,Pull,True,0,745589-6-4
2024,2024-05-01,746238,38,5,607208,"Turner, Trea",L,R,SL,Slider,1.0,-0.54,3.28,3.56,1.75,166.46,158.45,X,field_out,hit_into_play,Trea Turner pops out to first baseman Nolan Schanuel.,popup,55.8,44.0,1.0,147.0,LAA,PHI,5,Top,R,2,2,2,2,2024,0.689,0.72,0.882,1.254,1.59,2.05,102.42233784000003,99.37761922000006,Oppo,False,2,746238-38-5
2024,2024-05-01,746238,16,7,607208,"Turner, Trea",L,R,CH,Changeup,9.0,0.68,2.28,3.56,1.75,151.7,88.43,X,field_out,hit_into_play,Trea Turner flies out to center fielder Mickey Moniak.,fly_ball,84.5,46.0,3.0,281.0,LAA,PHI,2,Top,R,2,2,2,2,2024,0.689,0.72,0.882,1.254,1.59,2.05,65.58623387999997,274.12450264,Oppo,False,2,746238-16-7
2024,2024-04-30,746239,14,2,607208,"Turner, Trea",L,R,FF,4-Seam Fastball,6.0,0.33,2.93,3.55,1.76,189.6,121.76,X,field_out,hit_into_play,Trea Turner flies out to right fielder Jo Adell.,fly_ball,91.7,54.0,3.0,249.0,LAA,PHI,2,Top,R,3,3,0,1,2024,0.689,0.72,0.882,1.254,1.59,2.05,160.17216478,190.94378821000004,Oppo,False,2,746239-14-2
2024,2024-04-30,746239,72,3,607208,"Turner, Trea",L,R,FF,4-Seam Fastball,8.0,-0.21,1.93,3.55,1.76,124.4,192.65,X,single,hit_into_play,Trea Turner singles on a ground ball to center fielder Mickey Moniak.,ground_ball,105.0,-2.0,4.0,28.0,LAA,PHI,9,Top,R,7,7,2,0,2024,0.689,0.72,0.882,1.254,1.59,2.05,-2.54558441999999,14.025671020000013,Straightaway,False,1,746239-72-3
2024,2024-04-30,746239,59,4,607208,"Turner, Trea",L,R,CH,Changeup,9.0,0.48,2.18,3.55,1.76,82.82,103.42,X,single,hit_into_play,Trea Turner singles on a ground ball to left fielder Taylor Ward.,ground_ball,89.6,-1.0,2.0,41.0,LAA,PHI,8,Top,R,3,3,1,2,2024,0.689,0.72,0.882,1.254,1.59,2.05,-106.31558460000004,236.71439435000005,Pull,False,0,746239-59-4
2024,2024-04-29,746236,37,1,607208,"Turner, Trea",R,R,SL,Slider,6.0,0.45,2.86,3.51,1.72,197.73,113.27,X,single,hit_into_play,Trea Turner singles on a ground ball to right fielder Jo Adell.   Kyle Schwarber to 3rd.,ground_ball,94.3,-6.0,2.0,22.0,LAA,PHI,5,Top,R,3,3,0,0,2024,0.689,0.72,0.882,1.254,1.59,2.05,180.46197001,212.13203500000006,Oppo,False,2,746236-37-1
2024,2024-04-29,746236,20,3,607208,"Turner, Trea",R,R,SL,Slider,14.0,0.34,1.49,3.51,1.72,106.32,164.13,X,field_out,hit_into_play,"Trea Turner grounds out sharply, third baseman Ehire Adrianza to first baseman Brandon Drury.",ground_ball,75.8,-3.0,2.0,20.0,LAA,PHI,3,Top,R,3,3,1,1,2024,0.689,0.72,0.882,1.254,1.59,2.05,-47.66731610000002,85.20220794000004,Pull,True,0,746236-20-3
2024,2024-04-29,746236,55,7,607208,"Turner, Trea",R,R,SI,Sinker,13.0,-0.03,1.56,3.51,1.72,111.76,151.41,X,field_out,hit_into_play,"Trea Turner grounds out, shortstop Zach Neto to first baseman Brandon Drury.   Garrett Stubbs to 3rd.",ground_ball,97.2,-15.0,2.0,6.0,LAA,PHI,7,Top,R,4,4,3,2,2024,0.689,0.72,0.882,1.254,1.59,2.05,-34.090865859999994,116.94714306000004,Pull,True,0,746236-55-7
2024,2024-04-29,746236,74,4,607208,"Turner, Trea",R,R,FF,4-Seam Fastball,5.0,-0.24,2.34,3.51,1.72,108.23,71.65,X,single,hit_into_play,Trea Turner singles on a sharp line drive to center fielder Mike Trout.,line_drive,103.2,10.0,4.0,217.0,LAA,PHI,9,Top,R,4,4,1,2,2024,0.689,0.72,0.882,1.254,1.59,2.05,-42.90058449,316.00186202000003,Straightaway,False,1,746236-74-4
2024,2024-04-28,745428,18,8,607208,"Turner, Trea",R,R,FF,4-Seam Fastball,2.0,0.2,3.22,3.51,1.72,75.18,57.77,X,field_out,hit_into_play,Trea Turner flies out to left fielder Jurickson Profar.,fly_ball,96.3,34.0,3.0,370.0,SD,PHI,3,Top,R,2,2,3,2,2024,0.689,0.72,0.882,1.254,1.59,2.05,-125.38251104,350.64177550000005,Pull,False,0,745428-18-8
2024,2024-04-28,745428,2,6,607208,"Turner, Trea",R,R,ST,Sweeper,14.0,0.92,2.01,3.51,1.72,110.46,153.98,X,force_out,hit_into_play,"Trea Turner grounds into a force out, shortstop Ha-Seong Kim to second baseman Xander Bogaerts.   Kyle Schwarber out at 2nd.    Trea Turner to 1st.",ground_ball,72.7,-5.0,2.0,17.0,SD,PHI,1,Top,R,0,0,3,2,2024,0.689,0.72,0.882,1.254,1.59,2.05,-37.335238160000024,110.53326859000006,Pull,True,0,745428-2-6
2024,2024-04-28,745428,52,6,607208,"Turner, Trea",R,R,SL,Slider,4.0,-0.67,2.89,3.51,1.72,130.02,188.47,X,field_out,hit_into_play,Trea Turner pops out to catcher Kyle Higashioka.,popup,78.8,80.0,3.0,22.0,SD,PHI,7,Top,R,6,6,1,2,2024,0.689,0.72,0.882,1.254,1.59,2.05,11.480086600000023,24.45757580000003,Oppo,False,2,745428-52-6
2024,2024-04-28,745428,72,2,607208,"Turner, Trea",R,R,FC,Cutter,12.0,1.02,3.55,3.51,1.72,185.7,134.71,X,single,hit_into_play,"Trea Turner singles on a fly ball to right fielder Fernando Tatis Jr. Trea Turner out at 2nd on the throw, right fielder Fernando Tatis Jr.  to shortstop Ha-Seong Kim.",fly_ball,75.8,47.0,3.0,211.0,SD,PHI,9,Top,R,8,8,0,1,2024,0.689,0.72,0.882,1.254,1.59,2.05,150.43904787999998,158.62484876000002,Oppo,True,2,745428-72-2
2024,2024-04-27,745425,33,1,607208,"Turner, Trea",R,R,SL,Slider,6.0,0.78,2.39,3.51,1.72,109.06,178.48,X,single,hit_into_play,Trea Turner singles on a ground ball to third baseman Eguy Rosario.   Whit Merrifield to 3rd.    Kyle Schwarber to 2nd.,ground_ball,69.6,-56.0,2.0,2.0,SD,PHI,5,Top,R,2,2,0,0,2024,0.689,0.72,0.882,1.254,1.59,2.05,-40.829177560000005,49.389329090000054,Pull,False,0,745425-33-1
2024,2024-04-27,745425,64,3,607208,"Turner, Trea",L,R,SL,Slider,5.0,0.18,2.82,3.51,1.72,142.9,58.38,X,field_out,hit_into_play,Trea Turner flies out to center fielder Jackson Merrill.,fly_ball,97.7,37.0,3.0,351.0,SD,PHI,9,Top,R,5,5,1,1,2024,0.689,0.72,0.882,1.254,1.59,2.05,43.62432908000002,349.11941619000004,Straightaway,False,1,745425-64-3
2024,2024-04-27,745425,18,3,607208,"Turner, Trea",R,R,FF,4-Seam Fastball,7.0,-0.33,1.95,3.51,1.72,163.99,58.47,X,field_out,hit_into_play,Trea Turner flies out to center fielder Jackson Merrill.,fly_ball,98.4,26.0,6.0,360.0,SD,PHI,3,Top,R,2,2,1,1,2024,0.689,0.72,0.882,1.254,1.59,2.05,96.25803047000002,348.89480580000003,Oppo,False,2,745425-18-3
2024,2024-04-27,745425,48,3,607208,"Turner, Trea",L,R,ST,Sweeper,4.0,-0.41,2.6,3.51,1.72,54.92,120.98,X,double,hit_into_play,Trea Turner doubles (10) on a sharp line drive to left fielder José Azocar.,line_drive,102.6,15.0,4.0,261.0,SD,PHI,7,Top,R,5,5,1,1,2024,0.689,0.72,0.882,1.254,1.59,2.05,-175.9448055,192.89041159000004,Pull,False,0,745425-48-3
2024,2024-04-27,745425,2,3,607208,"Turner, Trea",R,R,FF,4-Seam Fastball,14.0,1.06,2.56,3.51,1.72,147.04,119.76,X,single,hit_into_play,Trea Turner singles on a line drive to right fielder Fernando Tatis Jr.,line_drive,70.4,22.0,4.0,207.0,SD,PHI,1,Top,R,0,0,1,1,2024,0.689,0.72,0.882,1.254,1.59,2.05,53.95640701999998,195.93513021000004,Oppo,True,2,745425-2-3
2024,2024-04-26,745424,33,5,607208,"Turner, Trea",R,R,FC,Cutter,2.0,0.24,3.57,3.47,1.71,156.25,103.77,X,single,hit_into_play,Trea Turner singles on a fly ball to right fielder Fernando Tatis Jr.,fly_ball,71.7,34.0,3.0,233.0,SD,PHI,4,Top,R,6,6,1,2,2024,0.689,0.72,0.882,1.254,1.59,2.05,76.94153693,235.84090950000007,Oppo,False,2,745424-33-5
2024,2024-04-26,745424,2,2,607208,"Turner, Trea",R,R,SI,Sinker,1.0,-0.57,2.95,3.47,1.71,107.51,166.08,X,field_out,hit_into_play,"Trea Turner grounds out, third baseman Manny Machado to first baseman Jake Cronenworth.",ground_ball,90.3,-25.0,2.0,6.0,SD,PHI,1,Top,R,1,1,0,1,2024,0.689,0.72,0.882,1.254,1.59,2.05,-44.69746761,80.33564949,Pull,False,0,745424-2-2
2024,2024-04-26,745424,67,5,607208,"Turner, Trea",R,R,SI,Sinker,9.0,0.51,2.15,3.47,1.71,131.98,144.75,X,double_play,hit_into_play,"Trea Turner lines into an unassisted double play, second baseman Eguy Rosario.   Johan Rojas out at 2nd.",line_drive,81.0,10.0,4.0,143.0,SD,PHI,8,Top,R,9,9,3,1,2024,0.689,0.72,0.882,1.254,1.59,2.05,16.371601759999972,133.56831192000004,Straightaway,False,1,745424-67-5
2024,2024-04-25,746724,35,1,607208,"Turner, Trea",R,R,CH,Changeup,5.0,-0.13,2.85,3.47,1.7,64.29,96.19,X,single,hit_into_play,Trea Turner singles on a sharp line drive to left fielder Spencer Steer.,line_drive,102.9,8.0,4.0,142.0,CIN,PHI,5,Top,R,4,4,0,0,2024,0.689,0.72,0.882,1.254,1.59,2.05,-152.56036823,254.75809568000005,Pull,False,0,746724-35-1
2024,2024-04-25,746724,17,1,607208,"Turner, Trea",R,R,FC,Cutter,5.0,-0.01,2.71,3.47,1.7,90.86,32.97,X,double,hit_into_play,Trea Turner hits a ground-rule double (9) on a fly ball to left-center field.,fly_ball,97.9,25.0,5.0,372.0,CIN,PHI,3,Top,R,2,2,0,0,2024,0.689,0.72,0.882,1.254,1.59,2.05,-86.25038976000002,412.53441630000003,Straightaway,False,1,746724-17-1
2024,2024-04-25,746724,68,1,607208,"Turner, Trea",R,R,SI,Sinker,7.0,-0.49,2.12,3.47,1.7,105.39,153.29,X,field_out,hit_into_play,"Trea Turner grounds out, shortstop Elly De La Cruz to first baseman Christian Encarnacion-Strand.",ground_ball,97.1,-13.0,2.0,9.0,CIN,PHI,9,Top,R,5,5,0,0,2024,0.689,0.72,0.882,1.254,1.59,2.05,-49.98829013000001,112.25528158000006,Pull,False,0,746724-68-1
2024,2024-04-25,746724,51,6,607208,"Turner, Trea",L,R,ST,Sweeper,9.0,0.33,1.65,3.47,1.7,150.43,53.82,X,field_out,hit_into_play,Trea Turner flies out to center fielder Will Benson.,fly_ball,97.2,32.0,5.0,364.0,CIN,PHI,7,Top,R,5,5,2,2,2024,0.689,0.72,0.882,1.254,1.59,2.05,62.416731710000015,360.4996759500001,Straightaway,False,1,746724-51-6
2024,2024-04-25,746724,2,4,607208,"Turner, Trea",R,R,SL,Slider,9.0,0.77,2.0,3.47,1.7,157.08,106.13,X,single,hit_into_play,Trea Turner singles on a line drive to right fielder Nick Martini.,line_drive,96.7,10.0,4.0,160.0,CIN,PHI,1,Top,R,0,0,1,2,2024,0.689,0.72,0.882,1.254,1.59,2.05,79.01294386000004,229.95112594000005,Oppo,False,2,746724-2-4
2024,2024-04-24,746725,38,3,607208,"Turner, Trea",L,R,FF,4-Seam Fastball,4.0,-0.29,2.4,3.48,1.72,107.21,172.68,X,force_out,hit_into_play,"Trea Turner grounds into a force out, third baseman Jeimer Candelario to second baseman Santiago Espinal.   Kyle Schwarber out at 2nd.    Trea Turner to 1st.",ground_ball,102.0,2.0,4.0,70.0,CIN,PHI,5,Top,R,2,2,2,0,2024,0.689,0.72,0.882,1.254,1.59,2.05,-45.446168910000026,63.86422089000001,Pull,False,0,746725-38-3
2024,2024-04-24,746725,19,4,607208,"Turner, Trea",L,R,FF,4-Seam Fastball,8.0,-0.16,2.02,3.48,1.72,104.98,66.7,X,field_out,hit_into_play,Trea Turner flies out to center fielder Stuart Fairchild.,fly_ball,86.4,29.0,3.0,332.0,CIN,PHI,3,Top,R,1,1,1,2,2024,0.689,0.72,0.882,1.254,1.59,2.05,-51.01151524,328.35543347000004,Straightaway,False,1,746725-19-4
2024,2024-04-24,746725,60,2,607208,"Turner, Trea",R,R,FF,4-Seam Fastball,8.0,0.26,2.13,3.48,1.72,168.0,111.0,X,single,hit_into_play,Trea Turner singles on a ground ball to right fielder Will Benson.,ground_ball,107.4,0.0,4.0,54.0,CIN,PHI,7,Top,R,3,3,0,1,2024,0.689,0.72,0.882,1.254,1.59,2.05,106.26567118,217.79720817000003,Oppo,False,2,746725-60-2
2024,2024-04-24,746725,80,2,607208,"Turner, Trea",R,R,SL,Slider,2.0,0.21,3.19,3.48,1.72,107.13,103.69,X,field_out,hit_into_play,Trea Turner flies out to left fielder Spencer Steer.,fly_ball,88.1,51.0,3.0,244.0,CIN,PHI,9,Top,R,4,4,1,0,2024,0.689,0.72,0.882,1.254,1.59,2.05,-45.645822590000016,236.04056318000005,Straightaway,False,1,746725-80-2
2024,2024-04-23,746722,21,5,607208,"Turner, Trea",L,R,FF,4-Seam Fastball,12.0,0.9,3.73,3.48,1.72,135.81,55.97,X,field_out,hit_into_play,Trea Turner lines out to center fielder Stuart Fairchild.,line_drive,100.0,21.0,5.0,355.0,CIN,PHI,3,Top,R,1,1,2,2,2024,0.689,0.72,0.882,1.254,1.59,2.05,25.930021690000004,355.13398330000007,Straightaway,True,1,746722-21-5
2024,2024-04-23,746722,2,4,607208,"Turner, Trea",L,R,ST,Sweeper,2.0,-0.21,3.19,3.48,1.72,152.83,177.24,X,field_out,hit_into_play,Trea Turner pops out to first baseman Christian Encarnacion-Strand.,popup,61.5,71.0,3.0,91.0,CIN,PHI,1,Top,R,0,0,1,2,2024,0.689,0.72,0.882,1.254,1.59,2.05,68.40634211000003,52.483961130000004,Oppo,False,2,746722-2-4
2024,2024-04-22,746723,49,5,607208,"Turner, Trea",R,R,FF,4-Seam Fastball,6.0,0.41,2.79,3.5,1.73,175.76,58.16,X,field_out,hit_into_play,Trea Turner flies out sharply to center fielder Bubba Thompson.,fly_ball,101.1,28.0,6.0,369.0,CIN,PHI,7,Top,R,4,4,2,2,2024,0.689,0.72,0.882,1.254,1.59,2.05,125.63207813999998,349.66846381000005,Oppo,False,2,746723-49-5
2024,2024-04-22,746723,33,3,607208,"Turner, Trea",R,R,FF,4-Seam Fastball,12.0,0.99,2.71,3.5,1.73,181.3,91.56,X,field_out,hit_into_play,Trea Turner flies out to right fielder Stuart Fairchild.,fly_ball,85.5,32.0,3.0,300.0,CIN,PHI,5,Top,R,3,3,1,1,2024,0.689,0.72,0.882,1.254,1.59,2.05,139.45809548000003,266.31305241000007,Oppo,True,2,746723-33-3
2024,2024-04-22,746723,17,1,607208,"Turner, Trea",R,R,SL,Slider,6.0,0.42,2.88,3.5,1.73,118.6,188.26,X,field_out,hit_into_play,Trea Turner pops out to third baseman Jeimer Candelario.,popup,85.0,77.0,3.0,37.0,CIN,PHI,3,Top,R,2,2,0,0,2024,0.689,0.72,0.882,1.254,1.59,2.05,-17.02047622000002,24.98166671000005,Pull,False,0,746723-17-1
2024,2024-04-22,746723,64,2,607208,"Turner, Trea",R,R,FF,4-Seam Fastball,5.0,-0.15,2.71,3.5,1.73,74.06,96.48,X,single,hit_into_play,Trea Turner singles on a sharp line drive to left fielder Spencer Steer.,line_drive,105.4,11.0,4.0,201.0,CIN,PHI,9,Top,R,7,7,1,0,2024,0.689,0.72,0.882,1.254,1.59,2.05,-128.17766256000002,254.03435109000003,Pull,False,0,746723-64-2
2024,2024-04-22,746723,2,4,607208,"Turner, Trea",R,R,FF,4-Seam Fastball,7.0,-0.37,1.98,3.5,1.73,135.57,59.92,X,field_out,hit_into_play,Trea Turner flies out to center fielder Bubba Thompson.,fly_ball,94.5,28.0,3.0,346.0,CIN,PHI,1,Top,R,0,0,0,2,2024,0.689,0.72,0.882,1.254,1.59,2.05,25.33106064999998,345.2760828500001,Straightaway,False,1,746723-2-4
2024,2024-04-21,745588,36,4,607208,"Turner, Trea",R,R,FF,4-Seam Fastball,5.0,0.01,2.63,3.48,1.71,91.84,120.14,X,single,hit_into_play,Trea Turner singles on a ground ball to left fielder Andrew Benintendi.   Johan Rojas scores.    Kyle Schwarber to 3rd.    Trea Turner to 2nd.,ground_ball,94.0,1.0,2.0,55.0,PHI,CWS,4,Bot,R,3,4,2,1,2024,0.689,0.72,0.882,1.254,1.59,2.05,-83.80463218,194.98677523000003,Pull,False,0,745588-36-4
2024,2024-04-21,745588,20,1,607208,"Turner, Trea",R,R,FF,4-Seam Fastball,7.0,-0.29,1.89,3.48,1.71,124.87,105.77,X,field_out,hit_into_play,Trea Turner flies out to center fielder Kevin Pillar.,fly_ball,86.5,54.0,3.0,234.0,PHI,CWS,2,Bot,R,3,3,0,0,2024,0.689,0.72,0.882,1.254,1.59,2.05,-1.372619049999993,230.84956750000006,Straightaway,False,1,745588-20-1
2024,2024-04-21,745588,64,5,607208,"Turner, Trea",R,R,SL,Slider,8.0,-0.24,2.04,3.48,1.71,100.47,166.46,X,field_out,hit_into_play,"Trea Turner grounds out, third baseman Braden Shewmake to first baseman Gavin Sheets.",ground_ball,96.2,-11.0,2.0,11.0,PHI,CWS,7,Bot,R,8,8,2,2,2024,0.689,0.72,0.882,1.254,1.59,2.05,-62.26699145000001,79.38729451000002,Pull,False,0,745588-64-5
2024,2024-04-21,745588,52,5,607208,"Turner, Trea",R,R,FF,4-Seam Fastball,8.0,-0.11,1.67,3.48,1.71,95.37,159.68,X,field_out,hit_into_play,"Trea Turner grounds out, third baseman Braden Shewmake to first baseman Gavin Sheets.",ground_ball,85.3,5.0,4.0,83.0,PHI,CWS,6,Bot,R,7,7,3,1,2024,0.689,0.72,0.882,1.254,1.59,2.05,-74.99491354999999,96.30794389000002,Pull,False,0,745588-52-5
2024,2024-04-20,745590,37,6,607208,"Turner, Trea",R,R,SI,Sinker,1.0,-0.31,3.48,3.49,1.72,183.93,92.4,X,field_out,hit_into_play,Trea Turner flies out to right fielder Gavin Sheets.,fly_ball,89.5,29.0,3.0,302.0,PHI,CWS,5,Bot,R,3,3,2,2,2024,0.689,0.72,0.882,1.254,1.59,2.05,146.02171021000004,264.21668877,Oppo,False,2,745590-37-6
2024,2024-04-20,745590,18,5,607208,"Turner, Trea",R,R,SL,Slider,4.0,-0.28,2.52,3.49,1.72,31.26,122.18,X,field_out,hit_into_play,Trea Turner flies out to left fielder Andrew Benintendi in foul territory.,fly_ball,95.3,44.0,3.0,330.0,PHI,CWS,2,Bot,R,3,3,2,2,2024,0.689,0.72,0.882,1.254,1.59,2.05,-234.99238136,189.89560639,Pull,False,0,745590-18-5
2024,2024-04-20,745590,49,4,607208,"Turner, Trea",L,R,FF,4-Seam Fastball,5.0,-0.1,2.55,3.49,1.72,114.57,99.27,X,single,hit_into_play,Trea Turner singles on a ground ball to center fielder Dominic Fletcher.   Johan Rojas to 3rd.,ground_ball,102.1,-2.0,2.0,37.0,PHI,CWS,6,Bot,R,5,5,2,1,2024,0.689,0.72,0.882,1.254,1.59,2.05,-27.078030350000024,247.07142900000005,Straightaway,False,1,745590-49-4
2024,2024-04-20,745590,62,3,607208,"Turner, Trea",R,R,FF,4-Seam Fastball,5.0,0.11,2.73,3.49,1.72,82.78,52.81,X,double,hit_into_play,Trea Turner doubles (8) on a sharp line drive to left fielder Andrew Benintendi.   Nick Castellanos scores.    Johan Rojas scores.,line_drive,101.2,17.0,4.0,324.0,PHI,CWS,7,Bot,R,7,9,1,1,2024,0.689,0.72,0.882,1.254,1.59,2.05,-106.41541144000001,363.02030366,Pull,False,0,745590-62-3
2024,2024-04-20,745590,6,4,607208,"Turner, Trea",R,R,SI,Sinker,1.0,-0.56,3.01,3.49,1.72,54.51,89.94,X,field_out,hit_into_play,Trea Turner lines out to left fielder Andrew Benintendi.,line_drive,88.1,26.0,3.0,321.0,PHI,CWS,1,Bot,R,0,0,2,1,2024,0.689,0.72,0.882,1.254,1.59,2.05,-176.96803061,270.35603943000007,Pull,False,0,745590-6-4
2024,2024-04-19,745592,21,6,607208,"Turner, Trea",L,R,FC,Cutter,7.0,-0.52,1.71,3.49,1.72,83.33,113.01,X,double,hit_into_play,Trea Turner doubles (7) on a ground ball to left fielder Andrew Benintendi.,ground_ball,107.3,3.0,4.0,77.0,PHI,CWS,3,Bot,R,3,3,3,2,2024,0.689,0.72,0.882,1.254,1.59,2.05,-105.04279239000002,212.78090946000003,Pull,False,0,745592-21-6
2024,2024-04-19,745592,36,6,607208,"Turner, Trea",R,R,FF,4-Seam Fastball,3.0,0.59,3.04,3.49,1.72,131.56,104.44,X,single,hit_into_play,Trea Turner singles on a ground ball to center fielder Dominic Fletcher.,ground_ball,99.1,8.0,4.0,122.0,PHI,CWS,5,Bot,R,7,7,3,2,2024,0.689,0.72,0.882,1.254,1.59,2.05,15.323419940000003,234.16880993000004,Straightaway,False,1,745592-36-6
2024,2024-04-19,745592,5,6,607208,"Turner, Trea",L,R,FC,Cutter,8.0,-0.18,2.25,3.49,1.72,108.22,159.84,X,single,hit_into_play,Trea Turner singles on a ground ball to third baseman Braden Shewmake.,ground_ball,85.3,-39.0,2.0,3.0,PHI,CWS,1,Bot,R,0,0,3,2,2024,0.689,0.72,0.882,1.254,1.59,2.05,-42.92554120000001,95.90863653000002,Pull,False,0,745592-5-6
2024,2024-04-17,745591,41,1,607208,"Turner, Trea",R,R,ST,Sweeper,6.0,0.33,2.43,3.49,1.72,30.25,99.78,X,double,hit_into_play,Trea Turner doubles (6) on a fly ball to left fielder Sean Bouchard.,fly_ball,95.7,26.0,5.0,338.0,PHI,COL,5,Bot,R,4,4,0,0,2024,0.689,0.72,0.882,1.254,1.59,2.05,-237.51300907,245.79863679000005,Pull,False,0,745591-41-1
2024,2024-04-17,745591,19,7,607208,"Turner, Trea",R,R,SL,Slider,14.0,0.83,2.21,3.49,1.72,173.74,113.01,X,single,hit_into_play,Trea Turner singles on a line drive to right fielder Michael Toglia.   Johan Rojas to 3rd.,line_drive,96.8,13.0,4.0,237.0,PHI,COL,2,Bot,R,4,4,3,2,2024,0.689,0.72,0.882,1.254,1.59,2.05,120.59082272000003,212.78090946000003,Oppo,True,2,745591-19-7
2024,2024-04-17,745591,76,2,607208,"Turner, Trea",R,R,SI,Sinker,14.0,0.19,1.27,3.49,1.72,148.26,173.06,X,field_out,hit_into_play,Trea Turner grounds out to first baseman Elehuris Montero.,ground_ball,61.0,-9.0,2.0,7.0,PHI,COL,8,Bot,R,7,7,1,0,2024,0.689,0.72,0.882,1.254,1.59,2.05,57.00112563999998,62.91586591000002,Oppo,True,2,745591-76-2
2024,2024-04-17,745591,7,1,607208,"Turner, Trea",R,R,FF,4-Seam Fastball,4.0,-0.57,2.48,3.49,1.72,8.67,73.51,X,home_run,hit_into_play,Trea Turner homers (2) on a fly ball to left field.,fly_ball,106.7,26.0,6.0,421.0,PHI,COL,1,Bot,R,1,2,0,0,2024,0.689,0.72,0.882,1.254,1.59,2.05,-291.36958925000005,311.35991396000003,Pull,False,0,745591-7-1
2024,2024-04-17,745591,53,3,607208,"Turner, Trea",R,R,SL,Slider,4.0,-0.35,2.54,3.49,1.72,104.3,151.5,X,field_out,hit_into_play,"Trea Turner grounds out, shortstop Ezequiel Tovar to first baseman Elehuris Montero.",ground_ball,81.2,-3.0,2.0,28.0,PHI,COL,6,Bot,R,7,7,1,1,2024,0.689,0.72,0.882,1.254,1.59,2.05,-52.708571520000014,116.72253267000004,Pull,False,0,745591-53-3
2024,2024-04-16,745593,41,5,607208,"Turner, Trea",L,R,FF,4-Seam Fastball,8.0,-0.01,2.14,3.51,1.74,32.22,102.04,X,double,hit_into_play,Trea Turner doubles (5) on a sharp line drive to left fielder Nolan Jones.,line_drive,105.7,15.0,5.0,235.0,PHI,COL,6,Bot,R,2,2,3,1,2024,0.689,0.72,0.882,1.254,1.59,2.05,-232.59653720000003,240.15842033000004,Pull,False,0,745593-41-5
2024,2024-04-16,745593,20,2,607208,"Turner, Trea",L,R,CH,Changeup,9.0,0.51,2.08,3.51,1.74,102.63,143.11,X,field_out,hit_into_play,"Trea Turner grounds out, shortstop Ezequiel Tovar to first baseman Elehuris Montero.",ground_ball,103.5,-2.0,4.0,31.0,PHI,COL,3,Bot,R,2,2,0,1,2024,0.689,0.72,0.882,1.254,1.59,2.05,-56.87634209000002,137.66121236,Pull,False,0,745593-20-2
2024,2024-04-16,745593,56,2,607208,"Turner, Trea",R,R,SL,Slider,5.0,0.11,2.64,3.51,1.74,145.93,161.88,X,field_out,hit_into_play,Trea Turner pops out to second baseman Alan Trejo.,popup,79.7,67.0,3.0,117.0,PHI,COL,8,Bot,R,3,3,0,1,2024,0.689,0.72,0.882,1.254,1.59,2.05,51.186212210000015,90.81746769000004,Oppo,False,2,745593-56-2
2024,2024-04-16,745593,5,4,607208,"Turner, Trea",L,R,FF,4-Seam Fastball,7.0,-0.47,2.18,3.51,1.74,95.58,140.33,X,single,hit_into_play,Trea Turner singles on a ground ball to shortstop Ezequiel Tovar.,ground_ball,87.4,8.0,4.0,108.0,PHI,COL,1,Bot,R,0,0,1,2,2024,0.689,0.72,0.882,1.254,1.59,2.05,-74.47082264000001,144.59917774000002,Pull,False,0,745593-5-4
2024,2024-04-15,745597,43,4,607208,"Turner, Trea",R,R,FS,Split-Finger,9.0,0.79,2.04,3.51,1.73,115.46,149.66,X,field_out,hit_into_play,"Trea Turner grounds out, shortstop Ezequiel Tovar to first baseman Elehuris Montero.",ground_ball,79.4,-12.0,2.0,9.0,PHI,COL,6,Bot,R,1,1,1,2,2024,0.689,0.72,0.882,1.254,1.59,2.05,-24.85688316000002,121.31456731000004,Straightaway,False,1,745597-43-4
2024,2024-04-15,745597,21,1,607208,"Turner, Trea",R,R,FC,Cutter,5.0,-0.07,2.34,3.51,1.73,34.18,104.87,X,double,hit_into_play,Trea Turner doubles (4) on a ground ball to left fielder Nolan Jones.,ground_ball,97.1,-11.0,2.0,13.0,PHI,COL,3,Bot,R,0,0,0,0,2024,0.689,0.72,0.882,1.254,1.59,2.05,-227.70502204000005,233.09567140000004,Pull,False,0,745597-21-1
2024,2024-04-15,745597,5,4,607208,"Turner, Trea",R,R,FC,Cutter,1.0,-0.3,3.19,3.51,1.73,98.76,142.23,X,field_out,hit_into_play,Trea Turner pops out to shortstop Ezequiel Tovar.,popup,81.9,62.0,3.0,161.0,PHI,COL,1,Bot,R,0,0,2,1,2024,0.689,0.72,0.882,1.254,1.59,2.05,-66.53458886,139.85740284000005,Pull,False,0,745597-5-4
2024,2024-04-14,745595,40,4,607208,"Turner, Trea",R,R,ST,Sweeper,9.0,0.57,2.24,3.52,1.74,106.93,74.69,X,single,hit_into_play,Trea Turner singles on a sharp line drive to center fielder Michael A.   Taylor.   Johan Rojas scores.,line_drive,101.9,12.0,4.0,266.0,PHI,PIT,5,Bot,R,1,2,0,2,2024,0.689,0.72,0.882,1.254,1.59,2.05,-46.14495678999999,308.41502218000005,Straightaway,False,1,745595-40-4
2024,2024-04-14,745595,23,5,607208,"Turner, Trea",R,R,SI,Sinker,4.0,-0.55,2.86,3.52,1.74,6.4,82.97,X,home_run,hit_into_play,Trea Turner homers (1) on a fly ball to left field.,fly_ball,108.3,25.0,6.0,408.0,PHI,PIT,3,Bot,R,0,1,3,1,2024,0.689,0.72,0.882,1.254,1.59,2.05,-297.03476242,287.75086630000004,Pull,False,0,745595-23-5
2024,2024-04-14,745595,7,6,607208,"Turner, Trea",R,R,SI,Sinker,5.0,-0.1,2.7,3.52,1.74,104.66,148.13,X,single,hit_into_play,Trea Turner singles on a ground ball to shortstop Oneil Cruz.,ground_ball,89.5,-25.0,2.0,6.0,PHI,PIT,1,Bot,R,0,0,3,2,2024,0.689,0.72,0.882,1.254,1.59,2.05,-51.81012996000002,125.13294394000005,Pull,False,0,745595-7-6
2024,2024-04-14,745595,67,1,607208,"Turner, Trea",L,R,CH,Changeup,9.0,0.36,2.24,3.52,1.74,105.17,151.19,X,field_error,hit_into_play,Trea Turner reaches on a fielding error by shortstop Oneil Cruz.,ground_ball,76.7,8.0,2.0,91.0,PHI,PIT,8,Bot,R,2,2,0,0,2024,0.689,0.72,0.882,1.254,1.59,2.05,-50.537337750000006,117.49619068000004,Pull,False,0,745595-67-1
2024,2024-04-13,745594,37,2,607208,"Turner, Trea",L,R,SI,Sinker,14.0,0.91,2.49,3.52,1.74,150.22,75.22,X,field_out,hit_into_play,Trea Turner lines out to center fielder Jack Suwinski.,line_drive,93.8,22.0,3.0,314.0,PHI,PIT,4,Bot,R,2,2,1,0,2024,0.689,0.72,0.882,1.254,1.59,2.05,61.892640799999995,307.0923165500001,Straightaway,True,1,745594-37-2
2024,2024-04-13,745594,19,1,607208,"Turner, Trea",L,R,CU,Curveball,9.0,0.38,1.99,3.52,1.74,78.85,55.07,X,field_out,hit_into_play,Trea Turner flies out to left fielder Bryan Reynolds.,fly_ball,98.3,26.0,6.0,373.0,PHI,PIT,2,Bot,R,2,2,0,0,2024,0.689,0.72,0.882,1.254,1.59,2.05,-116.22339847000002,357.38008720000005,Pull,False,0,745594-19-1
2024,2024-04-13,745594,59,6,607208,"Turner, Trea",L,R,FS,Split-Finger,6.0,0.48,2.47,3.52,1.74,110.76,178.16,X,field_out,hit_into_play,"Trea Turner grounds out, third baseman Ke'Bryan Hayes to first baseman Rowdy Tellez.   Kyle Schwarber to 3rd.",ground_ball,72.0,-42.0,2.0,3.0,PHI,PIT,7,Bot,R,2,2,3,2,2024,0.689,0.72,0.882,1.254,1.59,2.05,-36.586536859999995,50.187943810000036,Pull,False,0,745594-59-6
2024,2024-04-13,745594,7,5,607208,"Turner, Trea",L,R,SI,Sinker,5.0,-0.02,2.83,3.52,1.74,50.29,105.97,X,double,hit_into_play,Trea Turner doubles (3) on a sharp line drive to left fielder Bryan Reynolds.,line_drive,101.0,18.0,5.0,296.0,PHI,PIT,1,Bot,R,1,1,1,2,2024,0.689,0.72,0.882,1.254,1.59,2.05,-187.49976223000002,230.35043330000005,Pull,False,0,745594-7-5
2024,2024-04-12,745596,68,5,607208,"Turner, Trea",L,R,SI,Sinker,14.0,1.13,2.36,3.52,1.74,177.81,118.61,X,single,hit_into_play,Trea Turner singles on a ground ball to right fielder Bryan Reynolds.   Kyle Schwarber to 2nd.,ground_ball,99.6,7.0,4.0,135.0,PHI,PIT,8,Bot,R,1,1,2,2,2024,0.689,0.72,0.882,1.254,1.59,2.05,130.74820369000003,198.80515186000005,Oppo,True,2,745596-68-5
2024,2024-04-12,745596,46,3,607208,"Turner, Trea",L,R,SL,Slider,9.0,0.64,1.91,3.52,1.74,93.95,95.9,X,field_out,hit_into_play,Trea Turner flies out to left fielder Bryan Reynolds.,fly_ball,74.0,31.0,3.0,269.0,PHI,PIT,6,Bot,R,1,1,0,2,2024,0.689,0.72,0.882,1.254,1.59,2.05,-78.53876637,255.48184027000002,Pull,False,0,745596-46-3
2024,2024-04-12,745596,5,2,607208,"Turner, Trea",L,R,SI,Sinker,2.0,0.11,3.15,3.52,1.74,103.14,167.98,X,grounded_into_double_play,hit_into_play,"Trea Turner grounds into a double play, third baseman Ke'Bryan Hayes to second baseman Jared Triolo to first baseman Connor Joe.   Kyle Schwarber out at 2nd.    Trea Turner out at 1st.",ground_ball,84.5,-28.0,2.0,6.0,PHI,PIT,1,Bot,R,0,0,1,0,2024,0.689,0.72,0.882,1.254,1.59,2.05,-55.60354988000001,75.59387459000006,Pull,False,0,745596-5-2
2024,2024-04-11,745601,42,1,607208,"Turner, Trea",R,R,FF,4-Seam Fastball,5.0,0.08,2.53,3.5,1.73,101.61,161.37,X,field_out,hit_into_play,"Trea Turner grounds out, third baseman Ke'Bryan Hayes to first baseman Connor Joe.",ground_ball,97.7,-3.0,2.0,34.0,PHI,PIT,6,Bot,R,1,1,0,0,2024,0.689,0.72,0.882,1.254,1.59,2.05,-59.42192651000001,92.09025990000002,Pull,False,0,745601-42-1
2024,2024-04-11,745601,6,1,607208,"Turner, Trea",R,R,FF,4-Seam Fastball,12.0,1.11,2.87,3.5,1.73,119.65,92.91,X,single,hit_into_play,Trea Turner singles on a line drive to center fielder Michael A.   Taylor.   Kyle Schwarber to 2nd.,line_drive,80.2,23.0,4.0,258.0,PHI,PIT,1,Bot,R,0,0,0,0,2024,0.689,0.72,0.882,1.254,1.59,2.05,-14.40002166999999,262.94389656000004,Straightaway,True,1,745601-6-1
2024,2024-04-11,745601,59,2,607208,"Turner, Trea",R,R,FF,4-Seam Fastball,9.0,0.76,1.97,3.5,1.73,105.02,156.16,X,field_out,hit_into_play,"Trea Turner grounds out, third baseman Ke'Bryan Hayes to first baseman Rowdy Tellez.",ground_ball,79.7,-10.0,2.0,10.0,PHI,PIT,8,Bot,R,5,5,0,1,2024,0.689,0.72,0.882,1.254,1.59,2.05,-50.91168840000002,105.09270581000004,Pull,False,0,745601-59-2
2024,2024-04-09,745195,22,2,607208,"Turner, Trea",R,R,FC,Cutter,14.0,0.95,2.58,3.49,1.73,114.71,146.32,X,single,hit_into_play,Trea Turner singles on a ground ball to shortstop Masyn Winn.,ground_ball,90.0,-17.0,2.0,8.0,STL,PHI,4,Top,R,0,0,1,0,2024,0.689,0.72,0.882,1.254,1.59,2.05,-26.72863641000002,129.65010845000006,Straightaway,True,1,745195-22-2
2024,2024-04-09,745195,57,6,607208,"Turner, Trea",L,R,CH,Changeup,8.0,-0.01,1.69,3.49,1.73,108.62,182.43,X,single,hit_into_play,Trea Turner singles on a ground ball to third baseman Nolan Arenado.,ground_ball,75.9,-43.0,2.0,2.0,STL,PHI,8,Top,R,0,0,2,2,2024,0.689,0.72,0.882,1.254,1.59,2.05,-41.9272728,39.53142864000001,Pull,False,0,745195-57-6
2024,2024-04-09,745195,2,1,607208,"Turner, Trea",R,R,FF,4-Seam Fastball,2.0,-0.06,3.18,3.49,1.73,109.69,119.72,X,field_out,hit_into_play,Trea Turner pops out to shortstop Masyn Winn.,popup,93.5,59.0,3.0,205.0,STL,PHI,1,Top,R,0,0,0,0,2024,0.689,0.72,0.882,1.254,1.59,2.05,-39.25690483000001,196.03495705000003,Straightaway,False,1,745195-2-1
2024,2024-04-08,745194,35,1,607208,"Turner, Trea",R,R,SI,Sinker,4.0,-0.39,2.39,3.49,1.73,129.54,90.68,X,single,hit_into_play,Trea Turner singles on a line drive to center fielder Victor Scott II.   Garrett Stubbs scores.    Johan Rojas to 2nd.,line_drive,96.7,12.0,4.0,200.0,STL,PHI,5,Top,R,1,2,0,0,2024,0.689,0.72,0.882,1.254,1.59,2.05,10.282164519999977,268.50924289000005,Straightaway,False,1,745194-35-1
2024,2024-04-08,745194,19,6,607208,"Turner, Trea",R,R,CU,Curveball,14.0,0.87,2.56,3.49,1.73,105.58,172.26,X,single,hit_into_play,Trea Turner singles on a ground ball to third baseman Nolan Arenado.,ground_ball,59.5,-46.0,2.0,3.0,STL,PHI,3,Top,R,0,0,2,2,2024,0.689,0.72,0.882,1.254,1.59,2.05,-49.514112640000015,64.91240271000005,Pull,True,0,745194-19-6
2024,2024-04-08,745194,55,6,607208,"Turner, Trea",L,R,FC,Cutter,5.0,0.21,2.52,3.49,1.73,119.57,144.29,X,single,hit_into_play,Trea Turner singles on a ground ball to shortstop Masyn Winn.,ground_ball,91.4,-24.0,2.0,5.0,STL,PHI,8,Top,R,2,2,3,2,2024,0.689,0.72,0.882,1.254,1.59,2.05,-14.599675350000023,134.71632058000006,Straightaway,False,1,745194-55-6
2024,2024-04-08,745194,74,5,607208,"Turner, Trea",R,R,FF,4-Seam Fastball,5.0,0.26,2.67,3.49,1.73,105.58,169.21,X,field_out,hit_into_play,"Trea Turner grounds out, third baseman Nolan Arenado to first baseman Paul Goldschmidt.",ground_ball,80.3,-9.0,2.0,15.0,STL,PHI,10,Top,R,3,3,2,2,2024,0.689,0.72,0.882,1.254,1.59,2.05,-49.514112640000015,72.52419926000002,Pull,False,0,745194-74-5
2024,2024-04-08,745194,2,3,607208,"Turner, Trea",R,R,SL,Slider,6.0,0.65,2.47,3.49,1.73,103.59,145.41,X,field_out,hit_into_play,Trea Turner lines out to shortstop Masyn Winn.,line_drive,87.1,11.0,4.0,149.0,STL,PHI,1,Top,R,0,0,1,1,2024,0.689,0.72,0.882,1.254,1.59,2.05,-54.48049793,131.92116906000004,Pull,False,0,745194-2-3
2024,2024-04-07,744871,66,2,607208,"Turner, Trea",R,R,FF,4-Seam Fastball,1.0,-0.43,2.99,3.47,1.72,35.9,82.86,X,field_out,hit_into_play,Trea Turner flies out sharply to left fielder Jesse Winker.,fly_ball,106.0,23.0,6.0,361.0,WSH,PHI,9,Top,R,2,2,0,1,2024,0.689,0.72,0.882,1.254,1.59,2.05,-223.41246792000004,288.02539011000005,Pull,False,0,744871-66-2
2024,2024-04-06,744873,19,2,607208,"Turner, Trea",R,R,SI,Sinker,5.0,-0.22,2.53,3.47,1.73,47.05,124.19,X,double,hit_into_play,Trea Turner doubles (2) on a sharp line drive to left fielder Jesse Winker.,line_drive,107.9,9.0,4.0,180.0,WSH,PHI,3,Top,R,1,1,1,0,2024,0.689,0.72,0.882,1.254,1.59,2.05,-195.58573627000004,184.87930768000004,Pull,False,0,744873-19-2
2024,2024-04-06,744873,55,5,607208,"Turner, Trea",L,R,CH,Changeup,14.0,0.69,1.47,3.47,1.73,118.27,148.86,X,single,hit_into_play,Trea Turner singles on a ground ball to shortstop Nasim Nuñez.,ground_ball,78.2,-4.0,2.0,16.0,WSH,PHI,8,Top,R,4,4,2,2,2024,0.689,0.72,0.882,1.254,1.59,2.05,-17.844047650000014,123.31110411,Straightaway,True,1,744873-55-5
2024,2024-04-06,744873,2,4,607208,"Turner, Trea",R,R,SI,Sinker,4.0,-0.66,2.62,3.47,1.73,99.99,164.63,X,field_out,hit_into_play,"Trea Turner grounds out, third baseman Trey Lipscomb to first baseman Joey Gallo.",ground_ball,96.3,-2.0,2.0,36.0,WSH,PHI,1,Top,R,0,0,2,1,2024,0.689,0.72,0.882,1.254,1.59,2.05,-63.464913530000025,83.95437244000004,Pull,False,0,744873-2-4
2024,2024-04-05,744874,52,1,607208,"Turner, Trea",L,R,FF,4-Seam Fastball,6.0,0.57,2.54,3.47,1.73,141.33,132.46,X,double,hit_into_play,Trea Turner doubles (1) on a sharp line drive to right fielder Lane Thomas.   Kyle Schwarber to 3rd.,line_drive,104.6,20.0,6.0,349.0,WSH,PHI,7,Top,R,3,3,0,0,2024,0.689,0.72,0.882,1.254,1.59,2.05,39.70612561000003,164.24010851000003,Oppo,False,2,744874-52-1
2024,2024-04-05,744874,36,1,607208,"Turner, Trea",L,R,FF,4-Seam Fastball,14.0,0.88,2.14,3.47,1.73,120.3,160.05,X,field_out,hit_into_play,"Trea Turner grounds out, shortstop CJ Abrams to first baseman Joey Gallo.",ground_ball,83.3,-26.0,2.0,4.0,WSH,PHI,5,Top,R,3,3,0,0,2024,0.689,0.72,0.882,1.254,1.59,2.05,-12.777835520000012,95.38454562000001,Straightaway,True,1,744874-36-1
2024,2024-04-05,744874,14,3,607208,"Turner, Trea",L,R,SI,Sinker,6.0,0.3,2.88,3.47,1.73,109.64,174.8,X,field_out,hit_into_play,"Trea Turner grounds out, third baseman Trey Lipscomb to first baseman Joey Gallo.",ground_ball,81.5,-44.0,2.0,3.0,WSH,PHI,2,Top,R,3,3,0,2,2024,0.689,0.72,0.882,1.254,1.59,2.05,-39.38168838000001,58.57339837,Pull,False,0,744874-14-3
2024,2024-04-05,744874,64,2,607208,"Turner, Trea",R,R,FF,4-Seam Fastball,9.0,0.83,1.82,3.47,1.73,142.13,158.53,X,grounded_into_double_play,hit_into_play,"Trea Turner grounds into a double play, second baseman Luis García Jr.  to first baseman Joey Gallo.   Kyle Schwarber out at 2nd.    Trea Turner out at 1st.",ground_ball,65.2,-27.0,2.0,4.0,WSH,PHI,8,Top,R,4,4,1,0,2024,0.689,0.72,0.882,1.254,1.59,2.05,41.70266240999999,99.17796554000003,Oppo,False,2,744874-64-2
2024,2024-04-05,744874,2,5,607208,"Turner, Trea",L,R,SL,Slider,9.0,0.7,2.05,3.47,1.73,114.71,158.02,X,field_out,hit_into_play,Trea Turner pops out to shortstop CJ Abrams.,popup,67.3,63.0,3.0,105.0,WSH,PHI,1,Top,R,0,0,2,2,2024,0.689,0.72,0.882,1.254,1.59,2.05,-26.72863641000002,100.45075775000001,Pull,False,0,744874-2-5
2024,2024-04-03,745603,25,2,607208,"Turner, Trea",R,R,SI,Sinker,1.0,-0.46,3.13,3.46,1.72,59.04,83.59,X,field_out,hit_into_play,Trea Turner flies out sharply to left fielder Spencer Steer.,fly_ball,101.6,46.0,3.0,329.0,PHI,CIN,3,Bot,R,0,0,0,1,2024,0.689,0.72,0.882,1.254,1.59,2.05,-165.66264098,286.20355028000006,Pull,False,0,745603-25-2
2024,2024-04-03,745603,6,4,607208,"Turner, Trea",R,R,SI,Sinker,2.0,-0.19,3.55,3.46,1.72,97.35,194.64,X,field_out,hit_into_play,Trea Turner pops out to third baseman Jeimer Candelario in foul territory.,popup,93.0,72.0,3.0,72.0,PHI,CIN,1,Bot,R,0,0,2,1,2024,0.689,0.72,0.882,1.254,1.59,2.05,-70.05348497000003,9.05928573000006,Pull,False,0,745603-6-4
2024,2024-04-02,745598,42,2,607208,"Turner, Trea",R,R,SI,Sinker,1.0,-0.41,3.27,3.45,1.71,78.27,98.95,X,single,hit_into_play,Trea Turner singles on a line drive to left fielder Spencer Steer.,line_drive,99.8,12.0,4.0,194.0,PHI,CIN,6,Bot,R,2,2,0,1,2024,0.689,0.72,0.882,1.254,1.59,2.05,-117.67088765000003,247.87004372000004,Pull,False,0,745598-42-2
2024,2024-04-02,745598,23,2,607208,"Turner, Trea",R,R,SL,Slider,9.0,0.48,2.03,3.45,1.71,104.57,147.62,X,field_out,hit_into_play,"Trea Turner grounds out, shortstop Elly De La Cruz to first baseman Christian Encarnacion-Strand.",ground_ball,100.2,-1.0,2.0,40.0,PHI,CIN,3,Bot,R,1,1,1,0,2024,0.689,0.72,0.882,1.254,1.59,2.05,-52.03474035000003,126.40573615000002,Pull,False,0,745598-23-2
2024,2024-04-01,745600,38,4,607208,"Turner, Trea",L,R,CU,Curveball,9.0,0.45,2.01,3.44,1.71,159.13,83.1,X,field_out,hit_into_play,Trea Turner flies out to right fielder Will Benson.,fly_ball,90.9,39.0,3.0,299.0,PHI,CIN,5,Bot,R,2,2,1,2,2024,0.689,0.72,0.882,1.254,1.59,2.05,84.12906940999999,287.42642907000004,Oppo,False,2,745600-38-4
2024,2024-04-01,745600,23,3,607208,"Turner, Trea",L,R,CU,Curveball,9.0,0.7,2.0,3.44,1.71,96.31,166.46,X,field_out,hit_into_play,"Trea Turner grounds out, third baseman Jeimer Candelario to first baseman Christian Encarnacion-Strand.",ground_ball,94.7,4.0,4.0,77.0,PHI,CIN,3,Bot,R,2,2,1,1,2024,0.689,0.72,0.882,1.254,1.59,2.05,-72.64898281,79.38729451000002,Pull,False,0,745600-23-3
2024,2024-04-01,745600,80,6,607208,"Turner, Trea",R,R,SL,Slider,14.0,1.3,1.97,3.44,1.71,117.56,179.69,X,single,hit_into_play,Trea Turner singles on a ground ball to pitcher Tejay Antone.   Bryson Stott scores.    Johan Rojas to 3rd.,ground_ball,79.3,-8.0,2.0,13.0,PHI,CIN,10,Bot,R,2,3,2,2,2024,0.689,0.72,0.882,1.254,1.59,2.05,-19.61597406,46.36956718000003,Pull,True,0,745600-80-6
2024,2024-04-01,745600,60,1,607208,"Turner, Trea",L,R,FF,4-Seam Fastball,5.0,0.04,2.66,3.44,1.71,135.09,100.8,X,single,hit_into_play,Trea Turner singles on a sharp line drive to center fielder Stuart Fairchild.   Kyle Schwarber to 2nd.,line_drive,103.4,14.0,4.0,280.0,PHI,CIN,8,Bot,R,2,2,0,0,2024,0.689,0.72,0.882,1.254,1.59,2.05,24.133138570000007,243.25305237000006,Straightaway,False,1,745600-60-1
2024,2024-03-31,745602,22,4,607208,"Turner, Trea",L,R,SL,Slider,7.0,-0.51,1.96,3.44,1.71,95.24,167.83,X,field_out,hit_into_play,"Trea Turner grounds out, third baseman Austin Riley to first baseman Matt Olson.",ground_ball,98.4,2.0,4.0,67.0,PHI,ATL,3,Bot,R,1,1,1,2,2024,0.689,0.72,0.882,1.254,1.59,2.05,-75.31935078000002,75.96822524,Pull,False,0,745602-22-4
2024,2024-03-31,745602,54,3,607208,"Turner, Trea",L,R,SI,Sinker,9.0,0.57,2.17,3.44,1.71,171.71,114.03,X,single,hit_into_play,Trea Turner singles on a ground ball to right fielder Ronald Acuña Jr.  Johan Rojas scores.    Kyle Schwarber to 3rd.,ground_ball,98.8,3.0,4.0,84.0,PHI,ATL,7,Bot,R,2,3,0,2,2024,0.689,0.72,0.882,1.254,1.59,2.05,115.52461059000002,210.23532504000005,Oppo,False,2,745602-54-3
2024,2024-03-30,745599,23,4,607208,"Turner, Trea",R,R,FC,Cutter,5.0,0.09,2.65,3.45,1.71,115.71,151.19,X,field_out,hit_into_play,"Trea Turner grounds out, shortstop Orlando Arcia to first baseman Matt Olson.",ground_ball,71.4,-12.0,2.0,12.0,PHI,ATL,2,Bot,R,3,3,2,1,2024,0.689,0.72,0.882,1.254,1.59,2.05,-24.232965410000023,117.49619068000004,Straightaway,False,1,745599-23-4
2024,2024-03-30,745599,46,2,607208,"Turner, Trea",L,R,SL,Slider,8.0,-0.18,2.22,3.45,1.71,76.09,112.5,X,single,hit_into_play,Trea Turner singles on a ground ball to left fielder Jarred Kelenic.,ground_ball,100.6,5.0,4.0,96.0,PHI,ATL,5,Bot,R,4,4,0,1,2024,0.689,0.72,0.882,1.254,1.59,2.05,-123.11145043,214.05370167000004,Pull,False,0,745599-46-2
2024,2024-03-29,745604,39,4,607208,"Turner, Trea",R,R,FF,4-Seam Fastball,5.0,-0.1,2.41,3.45,1.71,115.02,144.11,X,field_out,hit_into_play,"Trea Turner grounds out, shortstop Orlando Arcia to first baseman Matt Olson.",ground_ball,96.8,-1.0,2.0,38.0,PHI,ATL,5,Bot,R,2,2,1,2,2024,0.689,0.72,0.882,1.254,1.59,2.05,-25.954978400000016,135.16554136,Straightaway,False,1,745604-39-4
2024,2024-03-29,745604,25,2,607208,"Turner, Trea",R,R,FF,4-Seam Fastball,8.0,-0.04,2.19,3.45,1.71,74.16,84.16,X,field_out,hit_into_play,Trea Turner lines out sharply to left fielder Jarred Kelenic.,line_drive,102.8,17.0,5.0,312.0,PHI,ATL,4,Bot,R,0,0,0,1,2024,0.689,0.72,0.882,1.254,1.59,2.05,-127.92809546000002,284.78101781000004,Pull,False,0,745604-25-2
2024,2024-03-29,745604,6,6,607208,"Turner, Trea",R,R,FF,4-Seam Fastball,4.0,-0.36,2.27,3.45,1.71,189.71,132.35,X,field_out,hit_into_play,Trea Turner flies out to right fielder Ronald Acuña Jr.,fly_ball,91.6,57.0,3.0,229.0,PHI,ATL,1,Bot,R,0,0,3,2,2024,0.689,0.72,0.882,1.254,1.59,2.05,160.44668859000004,164.51463232000006,Oppo,False,2,745604-6-6
2025,2025-09-28,776141,19,4,607208,"Turner, Trea",R,R,SL,Slider,7.0,-0.37,1.87,3.49,1.69,106.23,169.77,X,field_out,hit_into_play,"Trea Turner grounds out, third baseman Royce Lewis to first baseman Kody Clemens.",ground_ball,90.0,-38.0,2.0,2.0,PHI,MIN,3,Bot,R,0,0,0,2,2025,0.691,0.722,0.882,1.252,1.584,2.037,-47.891926489999996,71.12662350000001,Pull,False,0,776141-19-4
2025,2025-09-28,776141,4,5,607208,"Turner, Trea",R,R,SL,Slider,6.0,0.52,2.41,3.49,1.69,112.82,151.52,X,field_out,hit_into_play,"Trea Turner grounds out, shortstop Brooks Lee to first baseman Kody Clemens.",ground_ball,94.4,-1.0,2.0,42.0,PHI,MIN,1,Bot,R,0,0,1,2,2025,0.691,0.722,0.882,1.252,1.584,2.037,-31.445454600000023,116.67261925000001,Pull,False,0,776141-4-5
2025,2025-09-07,776426,24,4,607208,"Turner, Trea",R,R,SI,Sinker,4.0,-0.8,2.24,3.47,1.68,92.58,169.8,X,field_out,hit_into_play,"Trea Turner grounds out, third baseman Maximo Acosta to first baseman Troy Johnston.",ground_ball,81.8,-22.0,2.0,6.0,MIA,PHI,3,Top,R,1,1,2,1,2025,0.691,0.722,0.882,1.252,1.584,2.037,-81.95783564000001,71.05175337,Pull,False,0,776426-24-4
2025,2025-09-07,776426,43,8,607208,"Turner, Trea",R,R,ST,Sweeper,7.0,-0.5,2.05,3.47,1.68,53.88,61.09,X,home_run,hit_into_play,Trea Turner homers (15) on a fly ball to left center field.,fly_ball,101.5,35.0,6.0,384.0,MIA,PHI,6,Top,R,1,2,3,2,2025,0.691,0.722,0.882,1.252,1.584,2.037,-178.54030333999998,342.3561477800001,Pull,False,0,776426-43-8
2025,2025-09-07,776426,56,4,607208,"Turner, Trea",R,R,ST,Sweeper,8.0,-0.19,1.62,3.47,1.68,108.31,151.64,X,field_error,hit_into_play,"Marlins challenged (stadium boundary call), call on the field was overturned: Trea Turner reaches on a throwing error by shortstop Otto Lopez. Bryson Stott to 3rd.",ground_ball,102.3,-20.0,2.0,4.0,MIA,PHI,7,Top,R,3,3,0,2,2025,0.691,0.722,0.882,1.252,1.584,2.037,-42.70093081,116.37313873000006,Pull,False,0,776426-56-4
2025,2025-09-05,776456,17,4,607208,"Turner, Trea",R,R,FF,4-Seam Fastball,6.0,0.7,2.26,3.49,1.7,150.06,171.01,X,field_out,hit_into_play,Trea Turner grounds out to first baseman Eric Wagaman.,ground_ball,98.1,-2.0,2.0,32.0,MIA,PHI,3,Top,R,2,2,0,2,2025,0.691,0.722,0.882,1.252,1.584,2.037,61.49333344000001,68.03199146000006,Oppo,False,2,776456-17-4
2025,2025-09-05,776456,48,2,607208,"Turner, Trea",L,R,FF,4-Seam Fastball,5.0,0.12,2.91,3.49,1.7,173.66,117.15,X,single,hit_into_play,Trea Turner singles on a line drive to right fielder Joey Wiemer. Alec Bohm to 3rd. Bryson Stott to 2nd.,line_drive,105.9,8.0,4.0,168.0,MIA,PHI,6,Top,R,5,5,0,1,2025,0.691,0.722,0.882,1.252,1.584,2.037,120.39116904,202.44883152000003,Oppo,False,2,776456-48-2
2025,2025-09-05,776456,60,5,607208,"Turner, Trea",R,R,CH,Changeup,5.0,-0.07,2.33,3.49,1.7,176.39,90.35,X,single,hit_into_play,Trea Turner singles on a sharp line drive to right fielder Joey Wiemer.,line_drive,104.5,11.0,4.0,234.0,MIA,PHI,7,Top,R,9,9,2,2,2025,0.691,0.722,0.882,1.252,1.584,2.037,127.20435086999997,269.33281432000007,Oppo,False,2,776456-60-5
2025,2025-09-05,776456,1,6,607208,"Turner, Trea",R,R,FC,Cutter,5.0,-0.15,2.51,3.49,1.7,190.61,132.28,X,single,hit_into_play,Trea Turner singles on a ground ball to right fielder Joey Wiemer.,ground_ball,101.1,-5.0,2.0,23.0,MIA,PHI,1,Top,R,0,0,2,2,2025,0.691,0.722,0.882,1.252,1.584,2.037,162.69279249000004,164.68932929000005,Oppo,False,2,776456-1-6
2025,2025-09-05,776456,36,4,607208,"Turner, Trea",L,R,FF,4-Seam Fastball,5.0,0.07,2.34,3.49,1.7,125.83,150.98,X,single,hit_into_play,"Marlins challenged (play at 1st), call on the field was upheld: Trea Turner singles on a ground ball to second baseman Maximo Acosta.",ground_ball,77.7,-42.0,2.0,3.0,MIA,PHI,5,Top,R,5,5,1,2,2025,0.691,0.722,0.882,1.252,1.584,2.037,1.0232251099999916,118.02028159000007,Straightaway,False,1,776456-36-4
2025,2025-09-04,776459,36,1,607208,"Turner, Trea",R,R,CU,Curveball,9.0,0.3,2.15,3.49,1.7,126.13,200.66,X,field_out,hit_into_play,"Trea Turner grounds out softly, catcher Danny Jansen to first baseman Andrew Vaughn.",ground_ball,44.9,-66.0,1.0,1.0,MIL,PHI,5,Top,R,0,0,0,0,2025,0.691,0.722,0.882,1.252,1.584,2.037,1.7719264099999845,-5.964653689999967,Oppo,False,2,776459-36-1
2025,2025-09-04,776459,18,6,607208,"Turner, Trea",R,R,CU,Curveball,8.0,0.02,1.58,3.49,1.7,117.82,150.23,X,field_out,hit_into_play,"Trea Turner grounds out, shortstop Joey Ortiz to first baseman Andrew Vaughn.",ground_ball,71.2,2.0,2.0,41.0,MIL,PHI,3,Top,R,0,0,2,2,2025,0.691,0.722,0.882,1.252,1.584,2.037,-18.967099600000022,119.89203484000006,Straightaway,False,1,776459-18-6
2025,2025-09-04,776459,53,5,607208,"Turner, Trea",R,R,FS,Split-Finger,14.0,0.14,1.14,3.49,1.7,97.95,106.1,X,single,hit_into_play,Trea Turner singles on a line drive to left fielder Jackson Chourio. Alec Bohm scores.,line_drive,76.0,16.0,4.0,203.0,MIL,PHI,7,Top,R,0,1,0,2,2025,0.691,0.722,0.882,1.252,1.584,2.037,-68.55608237,230.02599607000005,Pull,True,0,776459-53-5
2025,2025-09-04,776459,69,3,607208,"Turner, Trea",R,R,SL,Slider,8.0,-0.15,1.7,3.49,1.7,139.65,144.08,X,field_out,hit_into_play,"Trea Turner grounds out, second baseman Brice Turang to first baseman Jake Bauers.",ground_ball,107.3,-5.0,2.0,16.0,MIL,PHI,9,Top,R,2,2,1,1,2025,0.691,0.722,0.882,1.252,1.584,2.037,35.513398330000015,135.24041149,Oppo,False,2,776459-69-3
2025,2025-09-03,776471,39,2,607208,"Turner, Trea",L,R,SI,Sinker,4.0,-0.56,2.5,3.49,1.71,160.94,104.56,X,single,hit_into_play,Trea Turner singles on a ground ball to right fielder Sal Frelick. Nick Castellanos scores. Edmundo Sosa to 3rd.,ground_ball,99.6,1.0,4.0,62.0,MIL,PHI,5,Top,R,0,1,0,1,2025,0.691,0.722,0.882,1.252,1.584,2.037,88.64623392,233.86932941000003,Oppo,False,2,776471-39-2
2025,2025-09-03,776471,1,5,607208,"Turner, Trea",L,R,CU,Curveball,13.0,-0.45,1.19,3.49,1.71,104.18,165.36,X,field_out,hit_into_play,"Trea Turner grounds out, third baseman Anthony Seigler to first baseman Jake Bauers.",ground_ball,88.5,7.0,4.0,107.0,MIL,PHI,1,Top,R,0,0,2,2,2025,0.691,0.722,0.882,1.252,1.584,2.037,-53.00805203999999,82.13253261,Pull,True,0,776471-1-5
2025,2025-09-03,776471,55,4,607208,"Turner, Trea",L,R,SI,Sinker,13.0,-0.15,1.54,3.49,1.71,118.34,127.64,X,single,hit_into_play,Trea Turner singles on a ground ball to second baseman Brice Turang.,ground_ball,105.3,-21.0,2.0,4.0,MIL,PHI,7,Top,R,3,3,2,1,2025,0.691,0.722,0.882,1.252,1.584,2.037,-17.669350679999997,176.26924273000003,Straightaway,True,1,776471-55-4
2025,2025-09-01,776500,40,1,607208,"Turner, Trea",R,R,SL,Slider,4.0,-0.3,2.77,3.5,1.71,207.1,111.71,X,triple,hit_into_play,Trea Turner triples (7) on a line drive to right fielder Sal Frelick. Max Kepler scores. Bryson Stott scores.,line_drive,95.3,21.0,3.0,295.0,MIL,PHI,5,Top,R,1,3,0,0,2025,0.691,0.722,0.882,1.252,1.584,2.037,203.84640728,216.02528176000007,Oppo,False,2,776500-40-1
2025,2025-09-01,776500,22,1,607208,"Turner, Trea",R,R,SL,Slider,8.0,-0.21,2.12,3.5,1.71,138.64,151.68,X,grounded_into_double_play,hit_into_play,"Trea Turner grounds into a double play, second baseman Brice Turang to shortstop Joey Ortiz to first baseman Jake Bauers. Bryson Stott out at 2nd. Trea Turner out at 1st.",ground_ball,98.7,-23.0,2.0,5.0,MIL,PHI,3,Top,R,0,0,0,0,2025,0.691,0.722,0.882,1.252,1.584,2.037,32.992770619999966,116.27331189000002,Oppo,False,2,776500-22-1
2025,2025-09-01,776500,72,5,607208,"Turner, Trea",L,R,FF,4-Seam Fastball,1.0,-0.32,3.05,3.5,1.71,90.15,81.4,X,field_out,hit_into_play,Trea Turner flies out to center fielder Blake Perkins.,fly_ball,98.2,44.0,3.0,305.0,MIL,PHI,8,Top,R,8,8,3,1,2025,0.691,0.722,0.882,1.252,1.584,2.037,-88.02231617,291.66906977,Pull,False,0,776500-72-5
2025,2025-09-01,776500,1,8,607208,"Turner, Trea",R,R,CU,Curveball,14.0,0.17,1.51,3.5,1.71,145.96,80.09,X,field_out,hit_into_play,Trea Turner lines out to center fielder Blake Perkins.,line_drive,87.1,22.0,3.0,300.0,MIL,PHI,1,Top,R,0,0,3,2,2025,0.691,0.722,0.882,1.252,1.584,2.037,51.26108234000002,294.93839878000006,Straightaway,True,1,776500-1-8
2025,2025-09-01,776500,58,3,607208,"Turner, Trea",L,R,CH,Changeup,6.0,0.65,2.39,3.5,1.71,96.08,151.68,X,single,hit_into_play,Trea Turner singles on a ground ball to shortstop Joey Ortiz.,ground_ball,82.6,1.0,2.0,45.0,MIL,PHI,7,Top,R,6,6,1,1,2025,0.691,0.722,0.882,1.252,1.584,2.037,-73.22298714000001,116.27331189000002,Pull,False,0,776500-58-3
2025,2025-08-31,776522,36,4,607208,"Turner, Trea",R,R,FS,Split-Finger,8.0,0.11,1.59,3.5,1.7,105.38,158.62,X,force_out,hit_into_play,"Trea Turner grounds into a force out, shortstop Nick Allen to second baseman Ozzie Albies. Bryson Stott out at 2nd. Trea Turner to 1st.",ground_ball,74.8,-10.0,2.0,9.0,PHI,ATL,5,Bot,R,1,1,1,2,2025,0.691,0.722,0.882,1.252,1.584,2.037,-50.01324684000002,98.95335515000002,Pull,False,0,776522-36-4
2025,2025-08-31,776522,19,7,607208,"Turner, Trea",R,R,FC,Cutter,7.0,-0.36,1.76,3.5,1.7,143.22,92.46,X,single,hit_into_play,Trea Turner singles on a line drive to center fielder Michael Harris II. Nick Castellanos to 3rd. Harrison Bader to 2nd.,line_drive,86.4,12.0,4.0,197.0,PHI,ATL,3,Bot,R,0,0,3,2,2025,0.691,0.722,0.882,1.252,1.584,2.037,44.4229438,264.0669485100001,Straightaway,False,1,776522-19-7
2025,2025-08-31,776522,53,2,607208,"Turner, Trea",R,R,FF,4-Seam Fastball,3.0,0.28,3.04,3.5,1.7,205.71,97.22,X,field_out,hit_into_play,Trea Turner lines out sharply to right fielder Jake Fraley.,line_drive,103.5,19.0,5.0,319.0,PHI,ATL,7,Bot,R,1,1,0,1,2025,0.691,0.722,0.882,1.252,1.584,2.037,200.37742459000003,252.18755455000004,Oppo,False,2,776522-53-2
2025,2025-08-30,776532,42,5,607208,"Turner, Trea",L,R,SL,Slider,4.0,-0.31,2.56,3.49,1.7,41.43,98.7,X,double,hit_into_play,Trea Turner doubles (31) on a sharp line drive to left fielder Jurickson Profar.,line_drive,101.3,20.0,5.0,323.0,PHI,ATL,6,Bot,R,1,1,2,2,2025,0.691,0.722,0.882,1.252,1.584,2.037,-209.61140729000005,248.49396147000004,Pull,False,0,776532-42-5
2025,2025-08-30,776532,21,1,607208,"Turner, Trea",L,R,FF,4-Seam Fastball,5.0,-0.18,2.47,3.49,1.7,169.71,68.99,X,double,hit_into_play,Trea Turner doubles (30) on a sharp line drive to right fielder Ronald Acuña Jr.,line_drive,100.9,15.0,4.0,304.0,PHI,ATL,3,Bot,R,1,1,0,0,2025,0.691,0.722,0.882,1.252,1.584,2.037,110.53326859000002,322.6403468800001,Oppo,False,2,776532-21-1
2025,2025-08-30,776532,74,3,607208,"Turner, Trea",L,R,FF,4-Seam Fastball,5.0,0.26,2.43,3.49,1.7,179.35,116.53,X,single,hit_into_play,Trea Turner singles on a ground ball to right fielder Ronald Acuña Jr. Alec Bohm scores. Nick Castellanos scores. Bryson Stott to 3rd.,ground_ball,101.7,-5.0,2.0,22.0,PHI,ATL,10,Bot,R,1,3,0,2,2025,0.691,0.722,0.882,1.252,1.584,2.037,134.59153702999998,203.99614754000004,Oppo,False,2,776532-74-3
2025,2025-08-29,776552,42,3,607208,"Turner, Trea",R,R,SI,Sinker,8.0,-0.05,2.19,3.48,1.69,107.75,157.1,X,field_error,hit_into_play,Trea Turner reaches on a throwing error by third baseman Nacho Alvarez Jr. Trea Turner to 2nd.,ground_ball,97.0,-21.0,2.0,6.0,PHI,ATL,5,Bot,R,1,1,2,0,2025,0.691,0.722,0.882,1.252,1.584,2.037,-44.098506570000005,102.74677507000004,Pull,False,0,776552-42-3
2025,2025-08-29,776552,25,2,607208,"Turner, Trea",R,R,SI,Sinker,5.0,-0.03,2.77,3.48,1.69,158.97,204.26,X,field_out,hit_into_play,Trea Turner pops out to first baseman Matt Olson in foul territory.,popup,83.7,78.0,3.0,63.0,PHI,ATL,3,Bot,R,0,0,0,1,2025,0.691,0.722,0.882,1.252,1.584,2.037,83.72976205,-14.949069289999953,Oppo,False,2,776552-25-2
2025,2025-08-29,776552,63,5,607208,"Turner, Trea",L,R,CH,Changeup,14.0,0.27,1.45,3.48,1.69,126.34,197.97,X,field_out,hit_into_play,"Trea Turner grounds out softly, catcher Drake Baldwin to first baseman Matt Olson.",ground_ball,58.2,-72.0,1.0,1.0,PHI,ATL,8,Bot,R,1,1,0,2,2025,0.691,0.722,0.882,1.252,1.584,2.037,2.2960173200000042,0.7487013000000284,Oppo,True,2,776552-63-5
2025,2025-08-29,776552,7,3,607208,"Turner, Trea",R,R,SI,Sinker,9.0,0.67,2.18,3.48,1.69,140.03,142.11,X,field_out,hit_into_play,"Trea Turner grounds out sharply, second baseman Ozzie Albies to first baseman Matt Olson.",ground_ball,100.8,-10.0,2.0,11.0,PHI,ATL,1,Bot,R,0,0,1,1,2025,0.691,0.722,0.882,1.252,1.584,2.037,36.46175331,140.15688336,Oppo,False,2,776552-7-3
2025,2025-08-28,776560,36,2,607208,"Turner, Trea",R,R,FS,Split-Finger,1.0,-0.36,3.19,3.48,1.69,38.11,100.81,X,double,hit_into_play,Trea Turner doubles (29) on a line drive to left fielder Jurickson Profar. Bryson Stott scores.,line_drive,93.8,13.0,4.0,220.0,PHI,ATL,4,Bot,R,7,8,1,0,2025,0.691,0.722,0.882,1.252,1.584,2.037,-217.89703501000002,243.22809566000004,Pull,False,0,776560-36-2
2025,2025-08-28,776560,48,1,607208,"Turner, Trea",L,R,SL,Slider,7.0,-0.49,2.01,3.48,1.69,129.38,142.9,X,single,hit_into_play,Trea Turner singles on a ground ball to second baseman Ozzie Albies. Harrison Bader to 2nd.,ground_ball,86.5,3.0,2.0,59.0,PHI,ATL,5,Bot,R,12,12,0,0,2025,0.691,0.722,0.882,1.252,1.584,2.037,9.882857159999984,138.18530327000002,Straightaway,False,1,776560-48-1
2025,2025-08-28,776560,21,2,607208,"Turner, Trea",R,R,SI,Sinker,11.0,-0.96,2.65,3.48,1.69,128.37,144.93,X,field_out,hit_into_play,"Trea Turner grounds out, second baseman Ozzie Albies to first baseman Matt Olson.",ground_ball,71.9,12.0,2.0,146.0,PHI,ATL,2,Bot,R,5,5,1,0,2025,0.691,0.722,0.882,1.252,1.584,2.037,7.362229450000008,133.11909114000002,Straightaway,True,1,776560-21-2
2025,2025-08-28,776560,9,5,607208,"Turner, Trea",R,R,SI,Sinker,8.0,-0.27,2.09,3.48,1.69,200.84,113.21,X,field_out,hit_into_play,Trea Turner flies out to right fielder Ronald Acuña Jr.,fly_ball,84.5,34.0,3.0,282.0,PHI,ATL,1,Bot,R,0,0,2,2,2025,0.691,0.722,0.882,1.252,1.584,2.037,188.22350682,212.28177526000005,Oppo,False,2,776560-9-5
2025,2025-08-27,776566,47,4,607208,"Turner, Trea",R,R,CU,Curveball,9.0,0.42,1.74,3.48,1.7,103.17,169.42,X,field_out,hit_into_play,"Trea Turner grounds out, third baseman Mark Vientos to first baseman Pete Alonso.",ground_ball,81.1,-26.0,2.0,4.0,NYM,PHI,7,Top,R,0,0,1,2,2025,0.691,0.722,0.882,1.252,1.584,2.037,-55.52867975,72.00010835000006,Pull,False,0,776566-47-4
2025,2025-08-27,776566,24,5,607208,"Turner, Trea",R,R,SI,Sinker,8.0,-0.24,2.02,3.48,1.7,140.67,151.68,X,field_out,hit_into_play,"Trea Turner grounds out, second baseman Brett Baty to first baseman Pete Alonso.",ground_ball,100.5,-25.0,2.0,4.0,NYM,PHI,4,Top,R,0,0,1,2,2025,0.691,0.722,0.882,1.252,1.584,2.037,38.05898274999997,116.27331189000002,Oppo,False,2,776566-24-5
2025,2025-08-27,776566,64,3,607208,"Turner, Trea",L,R,CH,Changeup,6.0,0.47,2.4,3.48,1.7,98.1,164.35,X,single,hit_into_play,Trea Turner singles on a ground ball to third baseman Brett Baty.,ground_ball,90.7,7.0,4.0,112.0,NYM,PHI,9,Top,R,0,0,0,2,2025,0.691,0.722,0.882,1.252,1.584,2.037,-68.18173172000003,84.65316032000004,Pull,False,0,776566-64-3
2025,2025-08-26,776585,36,2,607208,"Turner, Trea",L,R,FF,4-Seam Fastball,12.0,0.89,2.63,3.5,1.71,160.43,89.86,X,single,hit_into_play,Trea Turner singles on a ground ball to right fielder Juan Soto. Weston Wilson to 3rd.,ground_ball,104.0,2.0,4.0,74.0,NYM,PHI,5,Top,R,0,0,0,1,2025,0.691,0.722,0.882,1.252,1.584,2.037,87.37344171000002,270.55569311000005,Oppo,True,2,776585-36-2
2025,2025-08-26,776585,55,1,607208,"Turner, Trea",R,R,CH,Changeup,8.0,0.12,1.9,3.5,1.71,111.78,158.27,X,force_out,hit_into_play,"Trea Turner grounds into a force out, shortstop Francisco Lindor to second baseman Jeff McNeil. Weston Wilson out at 2nd.",ground_ball,79.1,0.0,2.0,39.0,NYM,PHI,6,Top,R,3,3,0,0,2025,0.691,0.722,0.882,1.252,1.584,2.037,-34.040952440000005,99.82684,Pull,False,0,776585-55-1
2025,2025-08-25,776598,29,3,607208,"Turner, Trea",R,R,FO,Forkball,7.0,-0.45,2.25,3.49,1.71,73.95,95.21,X,field_out,hit_into_play,Trea Turner flies out to left fielder Brandon Nimmo.,fly_ball,84.7,41.0,3.0,288.0,NYM,PHI,4,Top,R,3,3,0,2,2025,0.691,0.722,0.882,1.252,1.584,2.037,-128.45218637000002,257.2038532600001,Pull,False,0,776598-29-3
2025,2025-08-25,776598,83,4,607208,"Turner, Trea",R,R,FF,4-Seam Fastball,11.0,-1.08,3.44,3.49,1.71,135.84,156.09,X,field_out,hit_into_play,"Trea Turner grounds out, second baseman Brett Baty to first baseman Pete Alonso.",ground_ball,51.7,8.0,1.0,62.0,NYM,PHI,9,Top,R,3,3,1,2,2025,0.691,0.722,0.882,1.252,1.584,2.037,26.004891820000005,105.26740278000003,Oppo,True,2,776598-83-4
2025,2025-08-25,776598,1,7,607208,"Turner, Trea",R,R,FF,4-Seam Fastball,4.0,-0.31,2.32,3.49,1.71,109.82,58.88,X,triple,hit_into_play,Trea Turner triples (6) on a sharp line drive to center fielder Tyrone Taylor.,line_drive,109.3,14.0,5.0,349.0,NYM,PHI,1,Top,R,0,0,3,2,2025,0.691,0.722,0.882,1.252,1.584,2.037,-38.932467600000024,347.8715806900001,Straightaway,False,1,776598-1-7
2025,2025-08-25,776598,59,4,607208,"Turner, Trea",L,R,ST,Sweeper,2.0,0.06,3.26,3.49,1.71,214.2,109.24,X,field_out,hit_into_play,Trea Turner flies out to right fielder Juan Soto.,fly_ball,95.0,36.0,3.0,310.0,NYM,PHI,7,Top,R,3,3,2,1,2025,0.691,0.722,0.882,1.252,1.584,2.037,221.56567138,222.18958913000006,Oppo,False,2,776598-59-4
2025,2025-08-24,776613,16,4,607208,"Turner, Trea",R,R,CH,Changeup,6.0,0.3,2.48,3.5,1.71,99.3,144.29,X,single,hit_into_play,Trea Turner singles on a ground ball to shortstop CJ Abrams. Rafael Marchán to 3rd.,ground_ball,90.7,4.0,4.0,74.0,PHI,WSH,2,Bot,R,2,2,2,1,2025,0.691,0.722,0.882,1.252,1.584,2.037,-65.18692652000001,134.71632058000006,Pull,False,0,776613-16-4
2025,2025-08-24,776613,29,1,607208,"Turner, Trea",L,R,CH,Changeup,5.0,-0.19,2.81,3.5,1.71,168.7,87.98,X,field_out,hit_into_play,Trea Turner lines out to right fielder Dylan Crews.,line_drive,99.7,17.0,4.0,296.0,PHI,WSH,3,Bot,R,3,3,0,0,2025,0.691,0.722,0.882,1.252,1.584,2.037,108.01264087999998,275.24755459000005,Oppo,False,2,776613-29-1
2025,2025-08-24,776613,48,4,607208,"Turner, Trea",R,R,SL,Slider,4.0,-0.31,2.78,3.5,1.71,109.0,149.0,X,field_out,hit_into_play,"Trea Turner grounds out sharply, shortstop CJ Abrams to first baseman Andrés Chaparro.",ground_ball,103.0,5.0,4.0,105.0,PHI,WSH,6,Bot,R,3,3,1,2,2025,0.691,0.722,0.882,1.252,1.584,2.037,-40.97891782000001,122.96171017000003,Pull,False,0,776613-48-4
2025,2025-08-24,776613,4,3,607208,"Turner, Trea",R,R,CU,Curveball,6.0,0.64,2.44,3.5,1.71,116.54,160.14,X,field_error,hit_into_play,Trea Turner reaches on a throwing error by shortstop CJ Abrams.,ground_ball,73.0,-14.0,2.0,10.0,PHI,WSH,1,Bot,R,0,0,1,1,2025,0.691,0.722,0.882,1.252,1.584,2.037,-22.16155847999999,95.15993523000007,Pull,False,0,776613-4-3
2025,2025-08-23,776628,39,6,607208,"Turner, Trea",L,R,SL,Slider,5.0,0.1,2.61,3.53,1.7,17.1,95.29,X,home_run,hit_into_play,Trea Turner homers (14) on a fly ball to left field.,fly_ball,97.1,33.0,5.0,369.0,PHI,WSH,5,Bot,R,5,6,3,2,2025,0.691,0.722,0.882,1.252,1.584,2.037,-270.33108272,257.00419958000003,Pull,False,0,776628-39-6
2025,2025-08-23,776628,22,6,607208,"Turner, Trea",L,R,FF,4-Seam Fastball,8.0,-0.14,2.11,3.53,1.7,120.87,59.62,X,field_out,hit_into_play,Trea Turner lines out sharply to center fielder Robert Hassell III.,line_drive,103.2,19.0,5.0,346.0,PHI,WSH,3,Bot,R,0,0,2,2,2025,0.691,0.722,0.882,1.252,1.584,2.037,-11.355303049999995,346.02478415,Straightaway,False,1,776628-22-6
2025,2025-08-23,776628,4,2,607208,"Turner, Trea",L,R,SL,Slider,13.0,-1.26,1.86,3.53,1.7,103.69,167.24,X,field_out,hit_into_play,"Trea Turner grounds out, third baseman Brady House to first baseman Josh Bell.",ground_ball,83.3,4.0,2.0,65.0,PHI,WSH,1,Bot,R,0,0,1,0,2025,0.691,0.722,0.882,1.252,1.584,2.037,-54.23093083000001,77.44067113000001,Pull,True,0,776628-4-2
2025,2025-08-22,776648,19,5,607208,"Turner, Trea",R,R,SI,Sinker,11.0,-1.16,2.67,3.53,1.71,128.79,129.68,X,force_out,hit_into_play,"Trea Turner grounds into a force out, second baseman Luis García Jr. to shortstop CJ Abrams. Nick Castellanos scores. Bryson Stott out at 2nd. Trea Turner to 1st.",ground_ball,70.0,14.0,2.0,137.0,PHI,WSH,2,Bot,R,0,1,2,2,2025,0.691,0.722,0.882,1.252,1.584,2.037,8.410411269999976,171.17807389000004,Straightaway,True,1,776648-19-5
2025,2025-08-22,776648,7,2,607208,"Turner, Trea",R,R,SI,Sinker,11.0,-1.11,2.77,3.53,1.71,98.65,160.65,X,field_out,hit_into_play,"Trea Turner grounds out, third baseman Brady House to first baseman Josh Bell.",ground_ball,77.7,-17.0,2.0,9.0,PHI,WSH,1,Bot,R,0,0,0,1,2025,0.691,0.722,0.882,1.252,1.584,2.037,-66.80911266999999,93.88714302000002,Pull,True,0,776648-7-2
2025,2025-08-20,776662,33,1,607208,"Turner, Trea",R,R,SI,Sinker,7.0,-0.43,1.72,3.5,1.68,99.8,164.7,X,grounded_into_double_play,hit_into_play,"Trea Turner grounds into a double play, third baseman Eugenio Suárez to second baseman Cole Young to first baseman Donovan Solano. Bryson Stott out at 2nd. Trea Turner out at 1st.",ground_ball,104.4,-2.0,4.0,29.0,PHI,SEA,4,Bot,R,3,3,0,0,2025,0.691,0.722,0.882,1.252,1.584,2.037,-63.93909102000001,83.77967547000006,Pull,False,0,776662-33-1
2025,2025-08-20,776662,18,3,607208,"Turner, Trea",R,R,SI,Sinker,11.0,-0.85,2.86,3.5,1.68,65.14,100.92,X,single,hit_into_play,Trea Turner singles on a line drive to left fielder Randy Arozarena. Bryson Stott to 3rd.,line_drive,97.2,11.0,4.0,239.0,PHI,SEA,2,Bot,R,2,2,1,1,2025,0.691,0.722,0.882,1.252,1.584,2.037,-150.43904788,242.95357185000003,Pull,True,0,776662-18-3
2025,2025-08-20,776662,75,4,607208,"Turner, Trea",R,R,SL,Slider,9.0,0.83,2.02,3.5,1.68,121.61,154.05,X,single,hit_into_play,Trea Turner singles on a ground ball to second baseman Cole Young. Max Kepler scores.,ground_ball,72.0,-23.0,2.0,4.0,PHI,SEA,8,Bot,R,8,9,1,2,2025,0.691,0.722,0.882,1.252,1.584,2.037,-9.508506510000007,110.35857162,Straightaway,False,1,776662-75-4
2025,2025-08-20,776662,63,6,607208,"Turner, Trea",L,R,CH,Changeup,14.0,1.07,2.19,3.5,1.68,113.5,162.68,X,single,hit_into_play,"Trea Turner singles on a ground ball to shortstop J.P. Crawford, deflected by second baseman Cole Young. Harrison Bader scores. Bryson Stott to 3rd.",ground_ball,71.8,-26.0,2.0,4.0,PHI,SEA,7,Bot,R,4,5,2,2,2025,0.691,0.722,0.882,1.252,1.584,2.037,-29.748398320000007,88.82093089000001,Pull,True,0,776662-63-6
2025,2025-08-20,776662,49,5,607208,"Turner, Trea",L,R,FF,4-Seam Fastball,1.0,-0.49,3.39,3.5,1.68,147.12,81.78,X,single,hit_into_play,Trea Turner singles on a line drive to center fielder Julio Rodríguez.,line_drive,81.8,24.0,3.0,273.0,PHI,SEA,6,Bot,R,3,3,2,2,2025,0.691,0.722,0.882,1.252,1.584,2.037,54.15606070000001,290.72071479000005,Straightaway,False,1,776662-49-5
2025,2025-08-20,776662,5,4,607208,"Turner, Trea",R,R,FF,4-Seam Fastball,5.0,0.25,2.28,3.5,1.68,168.2,55.52,X,triple,hit_into_play,Trea Turner triples (5) on a sharp fly ball to center fielder Julio Rodríguez.,fly_ball,102.5,23.0,6.0,370.0,PHI,SEA,1,Bot,R,0,0,2,1,2025,0.691,0.722,0.882,1.252,1.584,2.037,106.76480537999997,356.25703525,Oppo,False,2,776662-5-4
2025,2025-08-19,776680,35,4,607208,"Turner, Trea",R,R,ST,Sweeper,8.0,0.26,2.14,3.48,1.65,117.32,149.49,X,field_out,hit_into_play,"Trea Turner grounds out, shortstop J.P. Crawford to first baseman Josh Naylor.",ground_ball,103.0,-5.0,2.0,20.0,PHI,SEA,4,Bot,R,4,4,1,2,2025,0.691,0.722,0.882,1.252,1.584,2.037,-20.214935100000023,121.73883138000001,Straightaway,False,1,776680-35-4
2025,2025-08-19,776680,23,3,607208,"Turner, Trea",R,R,SL,Slider,2.0,0.18,3.05,3.48,1.65,148.76,104.36,X,single,hit_into_play,Trea Turner singles on a line drive to center fielder Julio Rodríguez. Bryson Stott to 3rd.,line_drive,103.1,14.0,4.0,271.0,PHI,SEA,3,Bot,R,1,1,0,2,2025,0.691,0.722,0.882,1.252,1.584,2.037,58.24896113999998,234.36846361000005,Oppo,False,2,776680-23-3
2025,2025-08-19,776680,60,6,607208,"Turner, Trea",L,R,FF,4-Seam Fastball,11.0,-0.97,2.7,3.48,1.65,105.15,169.27,X,field_out,hit_into_play,"Trea Turner grounds out, third baseman Eugenio Suárez to first baseman Josh Naylor.",ground_ball,66.9,-22.0,2.0,6.0,PHI,SEA,7,Bot,R,4,4,2,2,2025,0.691,0.722,0.882,1.252,1.584,2.037,-50.587251169999995,72.374459,Pull,True,0,776680-60-6
2025,2025-08-18,776689,17,7,607208,"Turner, Trea",R,R,SL,Slider,5.0,-0.1,2.42,3.47,1.64,52.24,67.34,X,home_run,hit_into_play,Trea Turner homers (13) on a fly ball to left field. Max Kepler scores. Bryson Stott scores.,fly_ball,99.1,32.0,5.0,365.0,PHI,SEA,2,Bot,R,2,5,3,2,2025,0.691,0.722,0.882,1.252,1.584,2.037,-182.63320378000003,326.75820403000006,Pull,False,0,776689-17-7
2025,2025-08-18,776689,46,2,607208,"Turner, Trea",R,R,SL,Slider,11.0,-0.98,2.66,3.47,1.64,148.71,167.5,X,field_out,hit_into_play,Trea Turner grounds out to first baseman Josh Naylor.,ground_ball,81.2,-27.0,2.0,5.0,PHI,SEA,5,Bot,R,6,6,0,1,2025,0.691,0.722,0.882,1.252,1.584,2.037,58.12417759000002,76.79179667000002,Oppo,True,2,776689-46-2
2025,2025-08-18,776689,65,1,607208,"Turner, Trea",R,R,SI,Sinker,6.0,0.45,2.72,3.47,1.64,179.52,132.76,X,double,hit_into_play,Trea Turner doubles (28) on a sharp ground ball to right fielder Dominic Canzone. Max Kepler scores.,ground_ball,101.5,5.0,4.0,136.0,PHI,SEA,7,Bot,R,7,8,0,0,2025,0.691,0.722,0.882,1.252,1.584,2.037,135.01580110000003,163.49140721000006,Oppo,False,2,776689-65-1
2025,2025-08-18,776689,77,4,607208,"Turner, Trea",R,R,SL,Slider,5.0,0.16,2.29,3.47,1.64,97.88,108.42,X,single,hit_into_play,Trea Turner singles on a sharp ground ball to left fielder Randy Arozarena. Nick Castellanos scores. Bryson Stott to 2nd.,ground_ball,104.2,7.0,4.0,163.0,PHI,SEA,8,Bot,R,11,12,2,1,2025,0.691,0.722,0.882,1.252,1.584,2.037,-68.73077934000003,224.23603935000003,Pull,False,0,776689-77-4
2025,2025-08-18,776689,29,2,607208,"Turner, Trea",R,R,SI,Sinker,11.0,-1.02,2.69,3.47,1.64,180.03,124.64,X,single,hit_into_play,Trea Turner singles on a ground ball to right fielder Dominic Canzone. Max Kepler to 3rd.,ground_ball,69.7,9.0,2.0,108.0,PHI,SEA,3,Bot,R,6,6,0,1,2025,0.691,0.722,0.882,1.252,1.584,2.037,136.28859331,183.75625573000005,Oppo,True,2,776689-29-2
2025,2025-08-18,776689,5,2,607208,"Turner, Trea",R,R,FF,4-Seam Fastball,2.0,-0.19,3.5,3.47,1.64,203.14,124.01,X,field_out,hit_into_play,Trea Turner flies out to right fielder Dominic Canzone.,fly_ball,94.1,45.0,3.0,266.0,PHI,SEA,1,Bot,R,0,0,1,0,2025,0.691,0.722,0.882,1.252,1.584,2.037,193.96355011999998,185.32852846000003,Oppo,False,2,776689-5-2
2025,2025-08-17,776708,14,1,607208,"Turner, Trea",L,R,FF,4-Seam Fastball,8.0,-0.05,1.58,3.46,1.66,68.91,104.96,X,single,hit_into_play,Trea Turner singles on a line drive to left fielder Daylen Lile. Rafael Marchán to 3rd.,line_drive,87.0,15.0,4.0,220.0,WSH,PHI,2,Top,R,1,1,0,0,2025,0.691,0.722,0.882,1.252,1.584,2.037,-141.03036821000003,232.87106101000006,Pull,False,0,776708-14-1
2025,2025-08-17,776708,49,2,607208,"Turner, Trea",R,R,CH,Changeup,5.0,0.17,2.87,3.46,1.66,128.51,178.03,X,single,hit_into_play,Trea Turner singles on a ground ball to pitcher Orlando Ribalta.,ground_ball,89.4,-10.0,2.0,15.0,WSH,PHI,5,Top,R,8,8,0,1,2025,0.691,0.722,0.882,1.252,1.584,2.037,7.711623389999974,50.51238104000003,Straightaway,False,1,776708-49-2
2025,2025-08-17,776708,26,2,607208,"Turner, Trea",R,R,SI,Sinker,4.0,-0.39,2.42,3.46,1.66,176.81,96.39,X,single,hit_into_play,"Trea Turner singles on a line drive to right fielder Dylan Crews. Harrison Bader out at home on the throw, right fielder Dylan Crews to catcher Drew Millas. Bryson Stott to 2nd.",line_drive,95.8,15.0,4.0,245.0,WSH,PHI,3,Top,R,6,6,0,1,2025,0.691,0.722,0.882,1.252,1.584,2.037,128.25253269,254.25896148000004,Oppo,False,2,776708-26-2
2025,2025-08-17,776708,81,5,607208,"Turner, Trea",R,R,FF,4-Seam Fastball,13.0,-0.86,2.3,3.46,1.66,106.72,174.99,X,field_out,hit_into_play,"Trea Turner grounds out, third baseman Brady House to first baseman Paul DeJong.",ground_ball,93.9,-8.0,2.0,15.0,WSH,PHI,9,Top,R,11,11,3,1,2025,0.691,0.722,0.882,1.252,1.584,2.037,-46.66904770000001,58.099220880000004,Pull,True,0,776708-81-5
2025,2025-08-16,776725,33,3,607208,"Turner, Trea",R,R,SI,Sinker,5.0,0.25,2.79,3.46,1.68,130.03,88.34,X,single,hit_into_play,Trea Turner singles on a ground ball to center fielder Jacob Young.,ground_ball,107.2,7.0,4.0,174.0,WSH,PHI,5,Top,R,0,0,2,0,2025,0.691,0.722,0.882,1.252,1.584,2.037,11.50504331,274.34911303,Straightaway,False,1,776725-33-3
2025,2025-08-16,776725,16,4,607208,"Turner, Trea",R,R,KC,Knuckle Curve,7.0,-0.48,1.76,3.46,1.68,96.58,164.35,X,single,hit_into_play,Trea Turner singles on a ground ball to third baseman Brady House. Edmundo Sosa to 2nd.,ground_ball,104.8,-19.0,2.0,5.0,WSH,PHI,3,Top,R,0,0,0,2,2025,0.691,0.722,0.882,1.252,1.584,2.037,-71.97515164,84.65316032000004,Pull,False,0,776725-16-4
2025,2025-08-16,776725,1,5,607208,"Turner, Trea",R,R,FF,4-Seam Fastball,9.0,0.59,2.22,3.46,1.68,196.25,133.56,X,double,hit_into_play,Trea Turner doubles (27) on a line drive to right fielder Daylen Lile.,line_drive,91.1,12.0,4.0,203.0,WSH,PHI,1,Top,R,0,0,3,1,2025,0.691,0.722,0.882,1.252,1.584,2.037,176.76837693000002,161.49487041000003,Oppo,False,2,776725-1-5
2025,2025-08-15,776739,35,4,607208,"Turner, Trea",L,R,CU,Curveball,2.0,0.08,3.36,3.49,1.71,76.42,78.17,X,single,hit_into_play,Trea Turner singles on a sharp line drive to left fielder Daylen Lile.,line_drive,101.1,14.0,4.0,253.0,WSH,PHI,5,Top,R,2,2,2,1,2025,0.691,0.722,0.882,1.252,1.584,2.037,-122.287879,299.73008710000005,Pull,False,0,776739-35-4
2025,2025-08-15,776739,15,2,607208,"Turner, Trea",L,R,FF,4-Seam Fastball,9.0,0.32,1.84,3.49,1.71,206.83,93.33,X,field_out,hit_into_play,Trea Turner flies out to right fielder Dylan Crews.,fly_ball,97.8,24.0,5.0,328.0,WSH,PHI,2,Top,R,2,2,1,0,2025,0.691,0.722,0.882,1.252,1.584,2.037,203.17257611000005,261.8957147400001,Oppo,False,2,776739-15-2
2025,2025-08-15,776739,67,1,607208,"Turner, Trea",L,R,FF,4-Seam Fastball,5.0,-0.27,2.44,3.49,1.71,107.15,83.86,X,field_out,hit_into_play,Trea Turner lines out to center fielder Jacob Young.,line_drive,83.8,23.0,3.0,291.0,WSH,PHI,9,Top,R,6,6,0,0,2025,0.691,0.722,0.882,1.252,1.584,2.037,-45.59590916999999,285.52971911000003,Straightaway,False,1,776739-67-1
2025,2025-08-15,776739,1,5,607208,"Turner, Trea",L,R,CH,Changeup,6.0,0.7,2.55,3.49,1.71,115.63,139.37,X,single,hit_into_play,Trea Turner singles on a ground ball to center fielder Robert Hassell III.,ground_ball,95.7,-1.0,2.0,41.0,WSH,PHI,1,Top,R,0,0,2,2,2025,0.691,0.722,0.882,1.252,1.584,2.037,-24.432619090000017,146.9950219,Straightaway,False,1,776739-1-5
2025,2025-08-15,776739,51,3,607208,"Turner, Trea",L,R,FF,4-Seam Fastball,8.0,-0.21,2.06,3.49,1.71,141.39,183.97,X,field_out,hit_into_play,Trea Turner pops out to first baseman Josh Bell on the infield fly rule.,popup,75.7,78.0,3.0,50.0,WSH,PHI,7,Top,R,2,2,2,0,2025,0.691,0.722,0.882,1.252,1.584,2.037,39.85586586999997,35.68809530000003,Oppo,False,2,776739-51-3
2025,2025-08-14,776743,34,5,607208,"Turner, Trea",R,R,SI,Sinker,11.0,-1.47,3.14,3.52,1.74,117.05,162.68,X,single,hit_into_play,Trea Turner singles on a ground ball to shortstop Paul DeJong.,ground_ball,46.8,-11.0,1.0,13.0,WSH,PHI,5,Top,R,1,1,2,2,2025,0.691,0.722,0.882,1.252,1.584,2.037,-20.888766270000012,88.82093089000001,Pull,True,0,776743-34-5
2025,2025-08-14,776743,17,1,607208,"Turner, Trea",R,R,SI,Sinker,7.0,-0.7,2.25,3.52,1.74,116.1,183.23,X,single,hit_into_play,Trea Turner singles on a ground ball to shortstop Paul DeJong. Bryson Stott to 3rd.,ground_ball,70.6,-59.0,2.0,1.0,WSH,PHI,3,Top,R,0,0,0,0,2025,0.691,0.722,0.882,1.252,1.584,2.037,-23.25965372000002,37.53489184000006,Pull,False,0,776743-17-1
2025,2025-08-14,776743,49,5,607208,"Turner, Trea",R,R,FS,Split-Finger,8.0,-0.2,2.05,3.52,1.74,115.83,163.42,X,single,hit_into_play,Trea Turner singles on a ground ball to shortstop Paul DeJong.,ground_ball,62.2,-50.0,2.0,2.0,WSH,PHI,7,Top,R,2,2,2,2,2025,0.691,0.722,0.882,1.252,1.584,2.037,-23.93348489000001,86.97413435000006,Pull,False,0,776743-49-5
2025,2025-08-14,776743,1,5,607208,"Turner, Trea",R,R,CH,Changeup,13.0,-1.46,2.54,3.52,1.74,105.89,155.07,X,field_out,hit_into_play,"Trea Turner grounds out, shortstop Paul DeJong to first baseman Josh Bell.",ground_ball,65.8,-6.0,2.0,20.0,WSH,PHI,1,Top,R,0,0,2,2,2025,0.691,0.722,0.882,1.252,1.584,2.037,-48.74045463000001,107.81298720000005,Pull,True,0,776743-1-5
2025,2025-08-13,776765,38,3,607208,"Turner, Trea",R,R,FS,Split-Finger,8.0,-0.1,2.02,3.52,1.74,135.75,142.49,X,field_out,hit_into_play,Trea Turner lines out to second baseman Santiago Espinal.,line_drive,72.5,16.0,4.0,148.0,CIN,PHI,6,Top,R,0,0,1,1,2025,0.691,0.722,0.882,1.252,1.584,2.037,25.78028143,139.20852838000002,Straightaway,False,1,776765-38-3
2025,2025-08-13,776765,17,3,607208,"Turner, Trea",R,R,SL,Slider,8.0,0.02,2.15,3.52,1.74,81.68,126.23,X,single,hit_into_play,Trea Turner singles on a line drive to left fielder Austin Hays. Bryson Stott to 2nd.,line_drive,72.8,27.0,4.0,243.0,CIN,PHI,3,Top,R,0,0,1,1,2025,0.691,0.722,0.882,1.252,1.584,2.037,-109.16064954,179.78813884000002,Pull,False,0,776765-17-3
2025,2025-08-13,776765,60,2,607208,"Turner, Trea",R,R,SI,Sinker,11.0,-1.12,2.88,3.52,1.74,106.79,154.97,X,force_out,hit_into_play,"Trea Turner grounds into a force out, shortstop Elly De La Cruz to second baseman Santiago Espinal. Bryson Stott to 3rd. Otto Kemp out at 2nd. Trea Turner to 1st.",ground_ball,49.0,18.0,1.0,102.0,CIN,PHI,8,Top,R,0,0,0,1,2025,0.691,0.722,0.882,1.252,1.584,2.037,-46.494350729999994,108.06255430000003,Pull,True,0,776765-60-2
2025,2025-08-13,776765,1,6,607208,"Turner, Trea",R,R,FF,4-Seam Fastball,9.0,0.43,1.7,3.52,1.74,162.17,169.8,X,field_out,hit_into_play,"Trea Turner grounds out, first baseman Spencer Steer to pitcher Hunter Greene.",ground_ball,67.9,-31.0,2.0,3.0,CIN,PHI,1,Top,R,0,0,3,2,2025,0.691,0.722,0.882,1.252,1.584,2.037,91.71590924999997,71.05175337,Oppo,False,2,776765-1-6
2025,2025-08-12,776777,41,2,607208,"Turner, Trea",R,R,SI,Sinker,9.0,0.39,2.14,3.51,1.74,196.66,85.69,X,double,hit_into_play,Trea Turner doubles (26) on a sharp line drive to right fielder Noelvi Marte. Rafael Marchán to 3rd.,line_drive,101.4,22.0,5.0,356.0,CIN,PHI,6,Top,R,0,0,0,1,2025,0.691,0.722,0.882,1.252,1.584,2.037,177.79160204000001,280.96264118000005,Oppo,False,2,776777-41-2
2025,2025-08-12,776777,22,5,607208,"Turner, Trea",R,R,SL,Slider,5.0,-0.23,2.88,3.51,1.74,110.73,149.22,X,field_out,hit_into_play,"Trea Turner grounds out, shortstop Elly De La Cruz to first baseman Spencer Steer.",ground_ball,96.8,-14.0,2.0,11.0,CIN,PHI,4,Top,R,0,0,2,2,2025,0.691,0.722,0.882,1.252,1.584,2.037,-36.661406989999996,122.41266255000004,Pull,False,0,776777-22-5
2025,2025-08-12,776777,64,5,607208,"Turner, Trea",L,R,FF,4-Seam Fastball,7.0,-0.74,1.95,3.51,1.74,104.68,163.75,X,field_out,hit_into_play,"Trea Turner grounds out, third baseman Ke'Bryan Hayes to first baseman Spencer Steer.",ground_ball,106.9,-9.0,2.0,12.0,CIN,PHI,9,Top,R,0,0,2,2,2025,0.691,0.722,0.882,1.252,1.584,2.037,-51.760216539999995,86.15056292000003,Pull,False,0,776777-64-5
2025,2025-08-11,776792,56,5,607208,"Turner, Trea",L,R,ST,Sweeper,4.0,-0.39,2.94,3.52,1.74,74.52,110.25,X,single,hit_into_play,"Trea Turner singles on a line drive to left fielder Gavin Lux. Weston Wilson scores. Trea Turner to 3rd. Trea Turner advances to 3rd, on a throwing error by left fielder Gavin Lux.",line_drive,82.9,16.0,4.0,219.0,CIN,PHI,8,Top,R,1,2,2,2,2025,0.691,0.722,0.882,1.252,1.584,2.037,-127.02965390000003,219.66896142000004,Pull,False,0,776792-56-5
2025,2025-08-11,776792,40,1,607208,"Turner, Trea",L,R,CH,Changeup,8.0,0.21,1.79,3.52,1.74,73.53,85.12,X,field_out,hit_into_play,Trea Turner flies out to left fielder Gavin Lux.,fly_ball,90.5,38.0,3.0,310.0,CIN,PHI,6,Top,R,0,0,0,0,2025,0.691,0.722,0.882,1.252,1.584,2.037,-129.50036819000002,282.38517365,Pull,False,0,776792-40-1
2025,2025-08-11,776792,25,2,607208,"Turner, Trea",L,R,FF,4-Seam Fastball,2.0,-0.16,2.99,3.52,1.74,154.75,120.61,X,field_out,hit_into_play,Trea Turner flies out to right fielder Noelvi Marte.,fly_ball,92.1,61.0,3.0,211.0,CIN,PHI,4,Top,R,0,0,0,1,2025,0.691,0.722,0.882,1.252,1.584,2.037,73.19803043,193.81380986000005,Oppo,False,2,776792-25-2
2025,2025-08-11,776792,1,2,607208,"Turner, Trea",L,R,FF,4-Seam Fastball,4.0,-0.43,2.66,3.52,1.74,115.93,67.04,X,field_out,hit_into_play,Trea Turner flies out to center fielder TJ Friedl.,fly_ball,89.9,25.0,3.0,329.0,CIN,PHI,1,Top,R,0,0,0,1,2025,0.691,0.722,0.882,1.252,1.584,2.037,-23.683917789999988,327.50690533000005,Straightaway,False,1,776792-1-2
2025,2025-08-10,776800,53,1,607208,"Turner, Trea",R,R,FC,Cutter,9.0,0.43,1.74,3.52,1.73,112.0,149.0,X,field_out,hit_into_play,Trea Turner lines out to shortstop Corey Seager.,line_drive,85.7,13.0,4.0,179.0,TEX,PHI,7,Top,R,3,3,0,0,2025,0.691,0.722,0.882,1.252,1.584,2.037,-33.49190482000001,122.96171017000003,Pull,False,0,776800-53-1
2025,2025-08-10,776800,70,1,607208,"Turner, Trea",R,R,CU,Curveball,5.0,-0.1,2.92,3.52,1.73,125.97,104.48,X,field_out,hit_into_play,Trea Turner flies out to center fielder Wyatt Langford.,fly_ball,91.0,54.0,3.0,238.0,TEX,PHI,9,Top,R,4,4,0,0,2025,0.691,0.722,0.882,1.252,1.584,2.037,1.372619049999993,234.06898309000005,Straightaway,False,1,776800-70-1
2025,2025-08-10,776800,1,3,607208,"Turner, Trea",L,R,FC,Cutter,1.0,-0.82,3.13,3.52,1.73,103.58,164.98,X,field_out,hit_into_play,"Trea Turner grounds out, third baseman Josh Jung to first baseman Rowdy Tellez.",ground_ball,64.1,-3.0,2.0,26.0,TEX,PHI,1,Top,R,0,0,0,2,2025,0.691,0.722,0.882,1.252,1.584,2.037,-54.50545464000001,83.08088759000006,Pull,False,0,776800-1-3
2025,2025-08-09,776810,1,1,607208,"Turner, Trea",R,R,FF,4-Seam Fastball,11.0,-0.94,2.87,3.5,1.69,34.96,114.47,X,field_out,hit_into_play,Trea Turner flies out to left fielder Sam Haggerty in foul territory.,fly_ball,89.3,44.0,3.0,305.0,TEX,PHI,1,Top,R,0,0,0,0,2025,0.691,0.722,0.882,1.252,1.584,2.037,-225.75839866000004,209.13722980000006,Pull,True,0,776810-1-1
2025,2025-08-08,776821,32,2,607208,"Turner, Trea",R,R,SI,Sinker,4.0,-0.82,2.9,3.49,1.69,42.12,114.97,X,double,hit_into_play,Trea Turner doubles (25) on a line drive to left fielder Sam Haggerty. Otto Kemp scores. Bryson Stott scores.,line_drive,99.5,16.0,4.0,292.0,TEX,PHI,4,Top,R,2,4,0,1,2025,0.691,0.722,0.882,1.252,1.584,2.037,-207.88939430000005,207.88939430000005,Pull,False,0,776821-32-2
2025,2025-08-08,776821,16,5,607208,"Turner, Trea",R,R,SI,Sinker,9.0,0.73,2.2,3.49,1.69,118.56,186.56,X,field_out,hit_into_play,"Trea Turner grounds out, pitcher Merrill Kelly to first baseman Ezequiel Duran.",ground_ball,50.8,-54.0,1.0,2.0,TEX,PHI,2,Top,R,1,1,2,2,2025,0.691,0.722,0.882,1.252,1.584,2.037,-17.12030306,29.224307410000023,Pull,False,0,776821-16-5
2025,2025-08-08,776821,80,3,607208,"Turner, Trea",R,R,SL,Slider,2.0,-0.13,3.05,3.49,1.69,93.33,33.33,X,home_run,hit_into_play,Trea Turner homers (12) on a fly ball to center field. Edmundo Sosa scores. Bryson Stott scores.,fly_ball,104.0,26.0,6.0,417.0,TEX,PHI,9,Top,R,6,9,1,1,2025,0.691,0.722,0.882,1.252,1.584,2.037,-80.08608239000002,411.63597474000005,Straightaway,False,1,776821-80-3
2025,2025-08-08,776821,1,2,607208,"Turner, Trea",R,R,CU,Curveball,6.0,0.45,2.58,3.49,1.69,103.5,45.31,X,field_out,hit_into_play,Trea Turner flies out sharply to center fielder Wyatt Langford.,fly_ball,105.7,22.0,6.0,383.0,TEX,PHI,1,Top,R,0,0,0,1,2025,0.691,0.722,0.882,1.252,1.584,2.037,-54.70510832000001,381.73783616000003,Straightaway,False,1,776821-1-2
2025,2025-08-06,776851,41,2,607208,"Turner, Trea",L,R,CH,Changeup,9.0,0.66,1.74,3.49,1.68,117.59,87.98,X,single,hit_into_play,Trea Turner singles on a line drive to center fielder Dylan Carlson. Weston Wilson scores. Rafael Marchán to 2nd.,line_drive,78.5,23.0,4.0,259.0,PHI,BAL,5,Bot,R,0,1,0,1,2025,0.691,0.722,0.882,1.252,1.584,2.037,-19.54110393,275.24755459000005,Straightaway,False,1,776851-41-2
2025,2025-08-06,776851,21,3,607208,"Turner, Trea",L,R,FF,4-Seam Fastball,1.0,-0.38,2.95,3.49,1.68,111.24,69.33,X,triple,hit_into_play,Trea Turner triples (4) on a sharp line drive to left fielder Colton Cowser.,line_drive,101.4,16.0,4.0,324.0,PHI,BAL,3,Bot,R,0,0,0,2,2025,0.691,0.722,0.882,1.252,1.584,2.037,-35.38861478000002,321.79181874,Straightaway,False,1,776851-21-3
2025,2025-08-06,776851,73,5,607208,"Turner, Trea",L,R,CH,Changeup,8.0,0.2,1.95,3.49,1.68,112.99,146.45,X,grounded_into_double_play,hit_into_play,"Trea Turner grounds into a double play, shortstop Gunnar Henderson to second baseman Jackson Holliday to first baseman Coby Mayo. Rafael Marchán out at 2nd. Trea Turner out at 1st.",ground_ball,78.8,3.0,2.0,52.0,PHI,BAL,9,Bot,R,1,1,1,2,2025,0.691,0.722,0.882,1.252,1.584,2.037,-31.02119053000002,129.32567122000006,Pull,False,0,776851-73-5
2025,2025-08-06,776851,57,3,607208,"Turner, Trea",L,R,FC,Cutter,7.0,-0.29,2.08,3.49,1.68,56.37,124.0,X,double,hit_into_play,Trea Turner doubles (24) on a line drive to left fielder Colton Cowser.,line_drive,96.5,9.0,4.0,151.0,PHI,BAL,7,Bot,R,1,1,1,1,2025,0.691,0.722,0.882,1.252,1.584,2.037,-172.32608255000005,185.35348517000003,Pull,False,0,776851-57-3
2025,2025-08-05,776868,34,4,607208,"Turner, Trea",R,R,FS,Split-Finger,8.0,0.2,2.25,3.49,1.69,144.44,169.67,X,field_out,hit_into_play,Trea Turner pops out to second baseman Jackson Holliday.,popup,78.6,72.0,3.0,92.0,PHI,BAL,4,Bot,R,4,4,1,2,2025,0.691,0.722,0.882,1.252,1.584,2.037,47.467662419999996,71.37619060000006,Oppo,False,2,776868-34-4
2025,2025-08-05,776868,18,4,607208,"Turner, Trea",R,R,FS,Split-Finger,7.0,-0.41,2.07,3.49,1.69,99.3,162.17,X,single,hit_into_play,Trea Turner singles on a ground ball to third baseman Jordan Westburg. Bryson Stott to 2nd.,ground_ball,94.2,-31.0,2.0,3.0,PHI,BAL,2,Bot,R,3,3,1,2,2025,0.691,0.722,0.882,1.252,1.584,2.037,-65.18692652000001,90.09372310000006,Pull,False,0,776868-18-4
2025,2025-08-05,776868,5,3,607208,"Turner, Trea",R,R,CU,Curveball,9.0,0.32,1.94,3.49,1.69,74.06,65.4,X,field_out,hit_into_play,Trea Turner lines out to left fielder Colton Cowser.,line_drive,97.3,20.0,4.0,354.0,PHI,BAL,1,Bot,R,0,0,0,2,2025,0.691,0.722,0.882,1.252,1.584,2.037,-128.17766256000002,331.59980577000005,Pull,False,0,776868-5-3
2025,2025-08-04,776877,39,1,607208,"Turner, Trea",L,R,FF,4-Seam Fastball,8.0,0.12,1.91,3.5,1.69,191.69,142.31,X,field_out,hit_into_play,Trea Turner flies out to right fielder Jeremiah Jackson in foul territory.,fly_ball,86.2,59.0,3.0,215.0,PHI,BAL,5,Bot,R,3,3,0,0,2025,0.691,0.722,0.882,1.252,1.584,2.037,165.38811717000002,139.65774916000004,Oppo,False,2,776877-39-1
2025,2025-08-04,776877,24,7,607208,"Turner, Trea",L,R,FF,4-Seam Fastball,5.0,-0.13,2.49,3.5,1.69,148.49,63.79,X,field_out,hit_into_play,Trea Turner lines out sharply to center fielder Dylan Carlson.,line_drive,105.7,18.0,6.0,368.0,PHI,BAL,3,Bot,R,1,1,3,2,2025,0.691,0.722,0.882,1.252,1.584,2.037,57.57512997000002,335.6178360800001,Straightaway,False,1,776877-24-7
2025,2025-08-04,776877,66,2,607208,"Turner, Trea",R,R,ST,Sweeper,8.0,0.05,1.82,3.5,1.69,100.0,167.0,X,field_out,hit_into_play,"Trea Turner grounds out, third baseman Jordan Westburg to first baseman Coby Mayo.",ground_ball,80.5,-10.0,2.0,11.0,PHI,BAL,8,Bot,R,13,13,0,1,2025,0.691,0.722,0.882,1.252,1.584,2.037,-63.439956820000006,78.03963217000003,Pull,False,0,776877-66-2
2025,2025-08-04,776877,4,2,607208,"Turner, Trea",L,R,CH,Changeup,8.0,-0.18,2.19,3.5,1.69,103.33,148.27,X,field_out,hit_into_play,"Trea Turner grounds out sharply, shortstop Gunnar Henderson to first baseman Coby Mayo.",ground_ball,107.4,5.0,4.0,88.0,PHI,BAL,1,Bot,R,0,0,0,1,2025,0.691,0.722,0.882,1.252,1.584,2.037,-55.129372390000015,124.78355,Pull,False,0,776877-4-2
2025,2025-08-03,776890,39,2,607208,"Turner, Trea",R,R,CU,Curveball,6.0,0.38,2.32,3.5,1.69,103.17,162.17,X,field_out,hit_into_play,"Trea Turner grounds out, third baseman Andy Ibáñez to first baseman Spencer Torkelson.",ground_ball,72.3,-15.0,2.0,9.0,PHI,DET,6,Bot,R,1,1,1,0,2025,0.691,0.722,0.882,1.252,1.584,2.037,-55.52867975,90.09372310000006,Pull,False,0,776890-39-2
2025,2025-08-03,776890,4,2,607208,"Turner, Trea",R,R,SI,Sinker,13.0,-0.19,1.31,3.5,1.69,96.53,166.73,X,field_out,hit_into_play,"Trea Turner grounds out, third baseman Andy Ibáñez to first baseman Spencer Torkelson.",ground_ball,86.6,-30.0,2.0,2.0,PHI,DET,1,Bot,R,0,0,1,0,2025,0.691,0.722,0.882,1.252,1.584,2.037,-72.09993519000001,78.71346334000006,Pull,True,0,776890-4-2
2025,2025-08-02,776912,45,1,607208,"Turner, Trea",L,R,SL,Slider,7.0,-0.43,1.85,3.49,1.69,105.72,164.7,X,field_out,hit_into_play,"Trea Turner grounds out, third baseman Zach McKinstry to first baseman Spencer Torkelson.",ground_ball,94.5,-11.0,2.0,9.0,PHI,DET,6,Bot,R,0,0,0,0,2025,0.691,0.722,0.882,1.252,1.584,2.037,-49.16471870000001,83.77967547000006,Pull,False,0,776912-45-1
2025,2025-08-02,776912,23,1,607208,"Turner, Trea",L,R,SI,Sinker,1.0,-0.33,2.96,3.49,1.69,70.5,106.15,X,field_out,hit_into_play,Trea Turner flies out to left fielder Riley Greene.,fly_ball,93.6,48.0,3.0,269.0,PHI,DET,3,Bot,R,0,0,0,0,2025,0.691,0.722,0.882,1.252,1.584,2.037,-137.06225132,229.90121252000003,Pull,False,0,776912-23-1
2025,2025-08-01,776913,38,2,607208,"Turner, Trea",R,R,FF,4-Seam Fastball,5.0,-0.02,2.75,3.49,1.69,110.15,126.16,X,field_out,hit_into_play,Trea Turner pops out to shortstop Javier Báez.,popup,96.7,61.0,3.0,186.0,PHI,DET,5,Bot,R,0,0,1,0,2025,0.691,0.722,0.882,1.252,1.584,2.037,-38.108896169999994,179.96283581000006,Straightaway,False,1,776913-38-2
2025,2025-08-01,776913,22,1,607208,"Turner, Trea",R,R,KC,Knuckle Curve,4.0,-0.29,2.42,3.49,1.69,110.66,155.07,X,force_out,hit_into_play,"Trea Turner grounds into a force out, shortstop Javier Báez to second baseman Gleyber Torres. Bryson Stott out at 2nd.",ground_ball,99.1,-9.0,2.0,13.0,PHI,DET,3,Bot,R,0,0,0,0,2025,0.691,0.722,0.882,1.252,1.584,2.037,-36.83610396000002,107.81298720000005,Pull,False,0,776913-22-1
2025,2025-08-01,776913,4,5,607208,"Turner, Trea",R,R,SL,Slider,8.0,0.18,2.1,3.49,1.69,147.17,173.32,X,field_out,hit_into_play,Trea Turner grounds out to first baseman Spencer Torkelson.,ground_ball,92.5,-33.0,2.0,3.0,PHI,DET,1,Bot,R,0,0,2,2,2025,0.691,0.722,0.882,1.252,1.584,2.037,54.280844249999966,62.26699145000005,Oppo,False,2,776913-4-5
2025,2025-08-01,776913,53,2,607208,"Turner, Trea",R,R,FF,4-Seam Fastball,6.0,0.73,2.44,3.49,1.69,156.29,115.01,X,single,hit_into_play,Trea Turner singles on a ground ball to right fielder Wenceel Pérez. Otto Kemp scores. Harrison Bader to 2nd.,ground_ball,105.3,2.0,4.0,94.0,PHI,DET,7,Bot,R,1,2,0,1,2025,0.691,0.722,0.882,1.252,1.584,2.037,77.04136376999998,207.78956746000003,Oppo,False,2,776913-53-2
2025,2025-07-30,776939,64,2,607208,"Turner, Trea",R,R,CU,Curveball,5.0,-0.19,2.4,3.5,1.7,101.48,56.84,X,field_out,hit_into_play,Trea Turner flies out to center fielder Luis Robert Jr. Johan Rojas to 3rd.,fly_ball,95.3,32.0,3.0,357.0,CWS,PHI,8,Top,R,2,2,0,1,2025,0.691,0.722,0.882,1.252,1.584,2.037,-59.74636374,352.96274953000005,Straightaway,False,1,776939-64-2
2025,2025-07-30,776939,19,2,607208,"Turner, Trea",L,R,SI,Sinker,3.0,0.41,3.42,3.5,1.7,139.04,120.72,X,field_out,hit_into_play,Trea Turner flies out to second baseman Chase Meidroth.,fly_ball,89.1,58.0,3.0,202.0,CWS,PHI,3,Top,R,0,0,1,0,2025,0.691,0.722,0.882,1.252,1.584,2.037,33.99103901999998,193.53928605000004,Straightaway,False,1,776939-19-2
2025,2025-07-30,776939,36,5,607208,"Turner, Trea",R,R,FF,4-Seam Fastball,5.0,-0.23,2.91,3.5,1.7,186.88,83.28,X,field_out,hit_into_play,Trea Turner flies out to right fielder Mike Tauchman.,fly_ball,94.2,28.0,3.0,324.0,CWS,PHI,5,Top,R,2,2,2,2,2025,0.691,0.722,0.882,1.252,1.584,2.037,153.38393966,286.97720829,Oppo,False,2,776939-36-5
2025,2025-07-30,776939,1,4,607208,"Turner, Trea",L,R,CH,Changeup,2.0,0.27,3.02,3.5,1.7,110.45,157.66,X,field_out,hit_into_play,"Trea Turner grounds out, shortstop Colson Montgomery to first baseman Miguel Vargas.",ground_ball,68.2,-22.0,2.0,7.0,CWS,PHI,1,Top,R,0,0,2,1,2025,0.691,0.722,0.882,1.252,1.584,2.037,-37.36019487,101.34919931000005,Pull,False,0,776939-1-4
2025,2025-07-29,776952,31,5,607208,"Turner, Trea",R,R,CH,Changeup,13.0,-0.09,1.54,3.5,1.7,80.03,115.01,X,single,hit_into_play,"Trea Turner singles on a ground ball to left fielder Michael A. Taylor, deflected by third baseman Colson Montgomery.",ground_ball,88.8,7.0,4.0,97.0,CWS,PHI,4,Top,R,6,6,2,2,2025,0.691,0.722,0.882,1.252,1.584,2.037,-113.27850669000001,207.78956746000003,Pull,True,0,776952-31-5
2025,2025-07-29,776952,19,6,607208,"Turner, Trea",R,R,ST,Sweeper,1.0,-0.38,2.94,3.5,1.7,91.41,67.71,X,double,hit_into_play,Trea Turner doubles (23) on a line drive to left fielder Michael A. Taylor.,line_drive,95.7,22.0,3.0,337.0,CWS,PHI,3,Top,R,2,2,1,2,2025,0.691,0.722,0.882,1.252,1.584,2.037,-84.87777071000002,325.83480576000005,Pull,False,0,776952-19-6
2025,2025-07-29,776952,51,1,607208,"Turner, Trea",L,R,SI,Sinker,8.0,0.13,1.94,3.5,1.7,108.04,179.74,X,field_out,hit_into_play,"Trea Turner grounds out, third baseman Colson Montgomery to first baseman Miguel Vargas.",ground_ball,82.9,-2.0,2.0,26.0,CWS,PHI,7,Top,R,6,6,0,0,2025,0.691,0.722,0.882,1.252,1.584,2.037,-43.374761979999995,46.24478363000001,Pull,False,0,776952-51-1
2025,2025-07-29,776952,1,1,607208,"Turner, Trea",R,R,SI,Sinker,8.0,0.11,2.15,3.5,1.7,69.38,68.36,X,field_out,hit_into_play,Trea Turner flies out to left fielder Michael A. Taylor.,fly_ball,95.1,32.0,3.0,363.0,CWS,PHI,1,Top,R,0,0,0,0,2025,0.691,0.722,0.882,1.252,1.584,2.037,-139.85740284000002,324.2126196100001,Pull,False,0,776952-1-1
2025,2025-07-28,776972,36,1,607208,"Turner, Trea",R,R,SI,Sinker,4.0,-0.47,2.39,3.49,1.7,101.14,168.91,X,grounded_into_double_play,hit_into_play,"Trea Turner grounds into a double play, third baseman Colson Montgomery to second baseman Lenyn Sosa to first baseman Miguel Vargas. Bryson Stott out at 2nd. Trea Turner out at 1st.",ground_ball,109.4,-19.0,2.0,7.0,CWS,PHI,5,Top,R,2,2,0,0,2025,0.691,0.722,0.882,1.252,1.584,2.037,-60.594891880000006,73.27290056000004,Pull,False,0,776972-36-1
2025,2025-07-28,776972,52,2,607208,"Turner, Trea",R,R,FF,4-Seam Fastball,3.0,0.72,2.96,3.49,1.7,169.11,98.9,X,field_out,hit_into_play,Trea Turner flies out to right fielder Austin Slater.,fly_ball,90.4,47.0,3.0,272.0,CWS,PHI,7,Top,R,2,2,1,0,2025,0.691,0.722,0.882,1.252,1.584,2.037,109.03586599000003,247.99482727000003,Oppo,False,2,776972-52-2
2025,2025-07-27,776988,38,3,607208,"Turner, Trea",L,R,CH,Changeup,9.0,0.57,1.72,3.5,1.7,113.81,174.99,X,field_out,hit_into_play,"Trea Turner grounds out, third baseman Ryan McMahon to first baseman Ben Rice. Edmundo Sosa to 3rd. Weston Wilson to 2nd.",ground_ball,78.9,3.0,2.0,60.0,NYY,PHI,5,Top,R,3,3,1,1,2025,0.691,0.722,0.882,1.252,1.584,2.037,-28.97474031,58.099220880000004,Pull,False,0,776988-38-3
2025,2025-07-27,776988,21,3,607208,"Turner, Trea",L,R,FF,4-Seam Fastball,8.0,0.06,2.24,3.5,1.7,196.95,112.21,X,field_out,hit_into_play,Trea Turner flies out to right fielder Cody Bellinger.,fly_ball,90.1,48.0,3.0,278.0,NYY,PHI,3,Top,R,2,2,2,0,2025,0.691,0.722,0.882,1.252,1.584,2.037,178.51534662999998,214.77744626000006,Oppo,False,2,776988-21-3
2025,2025-07-27,776988,59,2,607208,"Turner, Trea",L,R,SI,Sinker,8.0,0.09,1.83,3.5,1.7,211.42,105.55,X,field_out,hit_into_play,Trea Turner flies out to right fielder Cody Bellinger.,fly_ball,90.2,27.0,3.0,313.0,NYY,PHI,8,Top,R,3,3,0,1,2025,0.691,0.722,0.882,1.252,1.584,2.037,214.627706,231.39861512000004,Oppo,False,2,776988-59-2
2025,2025-07-26,777001,32,4,607208,"Turner, Trea",R,R,SV,Slurve,14.0,1.19,2.2,3.48,1.71,139.15,150.16,X,force_out,hit_into_play,"Trea Turner grounds into a force out, second baseman Jazz Chisholm Jr. to shortstop Anthony Volpe. Max Kepler scores. Bryson Stott to 3rd. Johan Rojas out at 2nd. Trea Turner to 1st.",ground_ball,89.6,-19.0,2.0,6.0,NYY,PHI,4,Top,R,3,4,1,2,2025,0.691,0.722,0.882,1.252,1.584,2.037,34.265562830000015,120.06673181000005,Oppo,True,2,777001-32-4
2025,2025-07-26,777001,84,3,607208,"Turner, Trea",R,R,SI,Sinker,11.0,-1.17,2.98,3.48,1.71,122.01,148.73,X,field_out,hit_into_play,"Trea Turner grounds out, shortstop Anthony Volpe to first baseman Paul Goldschmidt.",ground_ball,57.7,20.0,1.0,133.0,NYY,PHI,9,Top,R,9,9,1,1,2025,0.691,0.722,0.882,1.252,1.584,2.037,-8.510238109999992,123.63554134000006,Straightaway,True,1,777001-84-3
2025,2025-07-26,777001,50,2,607208,"Turner, Trea",R,R,SI,Sinker,6.0,0.4,2.46,3.48,1.71,209.58,110.64,X,double,hit_into_play,Trea Turner doubles (22) on a line drive to right fielder Cody Bellinger. Bryson Stott scores.,line_drive,104.2,7.0,4.0,189.0,NYY,PHI,6,Top,R,4,5,1,0,2025,0.691,0.722,0.882,1.252,1.584,2.037,210.03567136000004,218.69564973000004,Oppo,False,2,777001-50-2
2025,2025-07-26,777001,64,5,607208,"Turner, Trea",R,R,CH,Changeup,4.0,-0.54,2.34,3.48,1.71,138.13,143.57,X,fielders_choice,hit_into_play,"Trea Turner reaches on a fielder's choice. Johan Rojas to 2nd. Johan Rojas advances to 2nd, on a fielding error by second baseman Jazz Chisholm Jr.",ground_ball,101.8,2.0,4.0,72.0,NYY,PHI,7,Top,R,7,7,1,2,2025,0.691,0.722,0.882,1.252,1.584,2.037,31.719978409999985,136.51320370000005,Oppo,False,2,777001-64-5
2025,2025-07-26,777001,1,7,607208,"Turner, Trea",R,R,SV,Slurve,8.0,0.18,1.94,3.48,1.71,48.71,126.06,X,double,hit_into_play,Trea Turner hits a ground-rule double (21) on a line drive down the left-field line.,line_drive,77.2,29.0,3.0,262.0,NYY,PHI,1,Top,R,0,0,3,2,2025,0.691,0.722,0.882,1.252,1.584,2.037,-191.44292241000002,180.21240291000004,Pull,False,0,777001-1-7
2025,2025-07-25,777015,35,3,607208,"Turner, Trea",R,R,FF,4-Seam Fastball,3.0,0.36,2.95,3.48,1.71,166.4,86.11,X,single,hit_into_play,Trea Turner singles on a sharp line drive to right fielder Aaron Judge.,line_drive,101.9,12.0,4.0,244.0,NYY,PHI,5,Top,R,0,0,0,2,2025,0.691,0.722,0.882,1.252,1.584,2.037,102.27259758000002,279.91445936,Oppo,False,2,777015-35-3
2025,2025-07-25,777015,18,2,607208,"Turner, Trea",R,R,ST,Sweeper,8.0,0.07,2.1,3.48,1.71,105.2,182.59,X,single,hit_into_play,Trea Turner singles on a ground ball to third baseman Oswald Peraza.,ground_ball,82.9,-18.0,2.0,7.0,NYY,PHI,3,Top,R,0,0,0,1,2025,0.691,0.722,0.882,1.252,1.584,2.037,-50.46246762,39.13212128000002,Pull,False,0,777015-18-2
2025,2025-07-25,777015,80,3,607208,"Turner, Trea",R,R,SI,Sinker,3.0,0.41,2.98,3.48,1.71,152.55,42.28,X,triple,hit_into_play,Trea Turner triples (3) on a sharp fly ball to right fielder Aaron Judge. Bryson Stott scores.,fly_ball,101.3,33.0,6.0,381.0,NYY,PHI,9,Top,R,11,12,2,0,2025,0.691,0.722,0.882,1.252,1.584,2.037,67.70755423000003,389.29971929000004,Straightaway,False,1,777015-80-3
2025,2025-07-25,777015,53,5,607208,"Turner, Trea",L,R,SI,Sinker,14.0,1.02,2.19,3.48,1.71,183.35,114.02,X,single,hit_into_play,Trea Turner singles on a sharp line drive to right fielder Aaron Judge.,line_drive,100.7,13.0,4.0,256.0,NYY,PHI,7,Top,R,2,2,3,1,2025,0.691,0.722,0.882,1.252,1.584,2.037,144.57422103,210.26028175000005,Oppo,True,2,777015-53-5
2025,2025-07-23,777038,32,1,607208,"Turner, Trea",R,R,FF,4-Seam Fastball,6.0,0.51,2.3,3.47,1.71,150.51,167.24,X,field_out,hit_into_play,"Trea Turner grounds out, first baseman Romy Gonzalez to pitcher Lucas Giolito.",ground_ball,101.0,-13.0,2.0,9.0,PHI,BOS,4,Bot,R,5,5,0,0,2025,0.691,0.722,0.882,1.252,1.584,2.037,62.61638538999998,77.44067113000001,Oppo,False,2,777038-32-1
2025,2025-07-23,777038,58,8,607208,"Turner, Trea",R,R,SI,Sinker,9.0,0.63,1.84,3.47,1.71,178.4,134.79,X,double,hit_into_play,Trea Turner doubles (20) on a ground ball to right fielder Wilyer Abreu.,ground_ball,74.3,5.0,2.0,79.0,PHI,BOS,7,Bot,R,5,5,3,2,2025,0.691,0.722,0.882,1.252,1.584,2.037,132.22064958,158.42519508000007,Oppo,False,2,777038-58-8
2025,2025-07-23,777038,4,1,607208,"Turner, Trea",R,R,FF,4-Seam Fastball,5.0,-0.1,2.87,3.47,1.71,84.52,132.94,X,single,hit_into_play,Trea Turner singles on a ground ball to left fielder Rob Refsnyder.,ground_ball,104.9,0.0,4.0,53.0,PHI,BOS,1,Bot,R,0,0,0,0,2025,0.691,0.722,0.882,1.252,1.584,2.037,-102.07294390000003,163.04218643000004,Pull,False,0,777038-4-1
2025,2025-07-23,777038,79,1,607208,"Turner, Trea",R,R,FF,4-Seam Fastball,5.0,0.16,2.75,3.47,1.71,188.68,99.34,X,field_out,hit_into_play,Trea Turner flies out to right fielder Wilyer Abreu. Bryson Stott to 3rd.,fly_ball,92.1,40.0,3.0,292.0,PHI,BOS,10,Bot,R,6,6,0,0,2025,0.691,0.722,0.882,1.252,1.584,2.037,157.87614746000003,246.89673203000004,Oppo,False,2,777038-79-1
2025,2025-07-22,777045,16,3,607208,"Turner, Trea",R,R,FF,4-Seam Fastball,6.0,0.42,2.39,3.44,1.7,189.02,79.07,X,field_out,hit_into_play,Trea Turner flies out to right fielder Roman Anthony.,fly_ball,96.1,28.0,5.0,335.0,PHI,BOS,2,Bot,R,3,3,2,0,2025,0.691,0.722,0.882,1.252,1.584,2.037,158.72467560000004,297.48398320000007,Oppo,False,2,777045-16-3
2025,2025-07-22,777045,33,1,607208,"Turner, Trea",L,R,SI,Sinker,2.0,0.04,2.9,3.44,1.7,171.19,109.42,X,single,hit_into_play,Trea Turner singles on a ground ball to right fielder Roman Anthony. Otto Kemp to 2nd.,ground_ball,99.3,-15.0,2.0,10.0,PHI,BOS,4,Bot,R,4,4,0,0,2025,0.691,0.722,0.882,1.252,1.584,2.037,114.22686167,221.74036835000004,Oppo,False,2,777045-33-1
2025,2025-07-22,777045,4,3,607208,"Turner, Trea",R,R,SI,Sinker,4.0,-0.64,2.41,3.44,1.7,116.5,95.19,X,single,hit_into_play,Trea Turner singles on a ground ball to left fielder Rob Refsnyder.,ground_ball,92.4,6.0,4.0,105.0,PHI,BOS,1,Bot,R,0,0,1,1,2025,0.691,0.722,0.882,1.252,1.584,2.037,-22.261385320000006,257.25376668000007,Straightaway,False,1,777045-4-3
2025,2025-07-21,777063,22,1,607208,"Turner, Trea",R,R,SL,Slider,6.0,0.58,2.67,3.44,1.7,120.53,149.49,X,grounded_into_double_play,hit_into_play,"Trea Turner grounds into a double play, shortstop Trevor Story to second baseman Marcelo Mayer to first baseman Abraham Toro. Max Kepler out at 2nd. Trea Turner out at 1st.",ground_ball,74.8,-3.0,2.0,28.0,PHI,BOS,3,Bot,R,0,0,0,0,2025,0.691,0.722,0.882,1.252,1.584,2.037,-12.203831190000002,121.73883138000001,Straightaway,False,1,777063-22-1
2025,2025-07-21,777063,61,9,607208,"Turner, Trea",L,R,FF,4-Seam Fastball,1.0,-0.59,2.98,3.44,1.7,100.24,89.65,X,field_out,hit_into_play,Trea Turner lines out to left fielder Jarren Duran.,line_drive,90.3,25.0,3.0,306.0,PHI,BOS,8,Bot,R,2,2,2,2,2025,0.691,0.722,0.882,1.252,1.584,2.037,-62.84099578000002,271.07978402000003,Pull,False,0,777063-61-9
2025,2025-07-21,777063,5,2,607208,"Turner, Trea",R,R,SL,Slider,12.0,1.15,2.6,3.44,1.7,122.05,147.46,X,field_out,hit_into_play,"Trea Turner grounds out, shortstop Trevor Story to first baseman Abraham Toro.",ground_ball,77.5,-7.0,2.0,17.0,PHI,BOS,1,Bot,R,0,0,0,1,2025,0.691,0.722,0.882,1.252,1.584,2.037,-8.410411270000012,126.80504351000002,Straightaway,True,1,777063-5-2
2025,2025-07-20,777078,69,1,607208,"Turner, Trea",R,R,KC,Knuckle Curve,4.0,-0.5,2.25,3.45,1.71,104.88,163.18,X,grounded_into_double_play,hit_into_play,"Trea Turner grounds into a double play, third baseman Kevin Newman to second baseman Luis Rengifo to first baseman LaMonte Wade Jr. Bryson Stott out at 2nd. Trea Turner out at 1st.",ground_ball,99.8,-7.0,2.0,17.0,PHI,LAA,7,Bot,R,2,2,0,0,2025,0.691,0.722,0.882,1.252,1.584,2.037,-51.26108234000002,87.57309539000002,Pull,False,0,777078-69-1
2025,2025-07-20,777078,47,1,607208,"Turner, Trea",R,R,SI,Sinker,4.0,-0.35,2.41,3.45,1.71,168.26,106.39,X,single,hit_into_play,Trea Turner singles on a ground ball to right fielder Jorge Soler.,ground_ball,106.7,-3.0,4.0,31.0,PHI,LAA,5,Bot,R,1,1,0,0,2025,0.691,0.722,0.882,1.252,1.584,2.037,106.91454563999999,229.30225148000005,Oppo,False,2,777078-47-1
2025,2025-07-20,777078,24,4,607208,"Turner, Trea",R,R,SI,Sinker,2.0,-0.09,3.0,3.45,1.71,155.58,164.2,X,field_out,hit_into_play,Trea Turner grounds out to first baseman LaMonte Wade Jr.,ground_ball,100.2,-15.0,2.0,10.0,PHI,LAA,2,Bot,R,1,1,1,2,2025,0.691,0.722,0.882,1.252,1.584,2.037,75.26943736000003,85.02751097000007,Oppo,False,2,777078-24-4
2025,2025-07-19,777089,42,9,607208,"Turner, Trea",L,R,SL,Slider,9.0,0.41,2.19,3.44,1.7,112.79,100.3,X,single,hit_into_play,Trea Turner singles on a ground ball to center fielder Jo Adell. Johan Rojas scores.,ground_ball,91.3,6.0,4.0,119.0,PHI,LAA,5,Bot,R,1,2,3,2,2025,0.691,0.722,0.882,1.252,1.584,2.037,-31.52032472999999,244.50088787000004,Straightaway,False,1,777089-42-9
2025,2025-07-19,777089,21,1,607208,"Turner, Trea",L,R,SL,Slider,8.0,-0.24,1.84,3.44,1.7,168.6,65.47,X,field_out,hit_into_play,Trea Turner flies out to center fielder Jo Adell.,fly_ball,98.6,32.0,5.0,347.0,PHI,LAA,3,Bot,R,1,1,0,0,2025,0.691,0.722,0.882,1.252,1.584,2.037,107.76307377999998,331.42510880000003,Oppo,False,2,777089-21-1
2025,2025-07-19,777089,72,2,607208,"Turner, Trea",R,R,CH,Changeup,8.0,0.16,2.0,3.44,1.7,108.11,156.35,X,field_out,hit_into_play,"Trea Turner grounds out, shortstop Zach Neto to first baseman Nolan Schanuel.",ground_ball,101.4,-33.0,2.0,3.0,PHI,LAA,8,Bot,R,7,7,1,0,2025,0.691,0.722,0.882,1.252,1.584,2.037,-43.20006501000001,104.61852832000005,Pull,False,0,777089-72-2
2025,2025-07-18,777106,35,3,607208,"Turner, Trea",L,R,CH,Changeup,14.0,1.16,2.41,3.44,1.7,124.92,161.66,X,field_out,hit_into_play,"Trea Turner grounds out, second baseman Luis Rengifo to first baseman Nolan Schanuel.",ground_ball,87.2,-37.0,2.0,3.0,PHI,LAA,4,Bot,R,4,4,0,2,2025,0.691,0.722,0.882,1.252,1.584,2.037,-1.2478355,91.36651531000004,Straightaway,True,1,777106-35-3
2025,2025-07-18,777106,21,2,607208,"Turner, Trea",L,R,SL,Slider,5.0,-0.14,2.88,3.44,1.7,61.21,102.29,X,single,hit_into_play,Trea Turner singles on a sharp line drive to left fielder Taylor Ward.,line_drive,100.5,15.0,4.0,243.0,PHI,LAA,3,Bot,R,1,1,0,1,2025,0.691,0.722,0.882,1.252,1.584,2.037,-160.24703491000002,239.53450258000004,Pull,False,0,777106-21-2
2025,2025-07-18,777106,60,4,607208,"Turner, Trea",L,R,CU,Curveball,1.0,-0.38,3.05,3.44,1.7,93.24,163.06,X,field_out,hit_into_play,"Trea Turner grounds out, third baseman Kevin Newman to first baseman Nolan Schanuel.",ground_ball,67.8,-24.0,2.0,7.0,PHI,LAA,7,Bot,R,4,4,2,1,2025,0.691,0.722,0.882,1.252,1.584,2.037,-80.31069278000002,87.87257591000002,Pull,False,0,777106-60-4
2025,2025-07-13,777117,58,1,607208,"Turner, Trea",L,R,SI,Sinker,3.0,0.32,3.43,3.48,1.72,143.13,71.01,X,field_out,hit_into_play,Trea Turner lines out sharply to center fielder Jackson Merrill.,line_drive,103.7,21.0,6.0,321.0,SD,PHI,8,Top,R,1,1,0,0,2025,0.691,0.722,0.882,1.252,1.584,2.037,44.19833340999999,317.59909146,Straightaway,False,1,777117-58-1
2025,2025-07-12,777126,38,4,607208,"Turner, Trea",R,R,SL,Slider,8.0,-0.18,2.2,3.51,1.75,55.52,82.02,X,field_out,hit_into_play,Trea Turner flies out to left fielder Gavin Sheets.,fly_ball,99.0,44.0,3.0,336.0,SD,PHI,5,Top,R,2,2,2,1,2025,0.691,0.722,0.882,1.252,1.584,2.037,-174.44740290000001,290.12175375000004,Pull,False,0,777126-38-4
2025,2025-07-12,777126,1,6,607208,"Turner, Trea",R,R,SI,Sinker,11.0,-0.92,3.04,3.51,1.75,98.12,161.66,X,field_out,hit_into_play,"Trea Turner grounds out, third baseman Manny Machado to first baseman Luis Arraez.",ground_ball,87.3,3.0,2.0,63.0,SD,PHI,1,Top,R,0,0,2,2,2025,0.691,0.722,0.882,1.252,1.584,2.037,-68.13181829999999,91.36651531000004,Pull,True,0,777126-1-6
2025,2025-07-12,777126,54,2,607208,"Turner, Trea",L,R,SI,Sinker,4.0,-0.55,2.43,3.51,1.75,113.64,61.26,X,double,hit_into_play,Trea Turner doubles (19) on a line drive to center fielder Jackson Merrill.,line_drive,99.3,13.0,4.0,,SD,PHI,7,Top,R,4,4,1,0,2025,0.691,0.722,0.882,1.252,1.584,2.037,-29.399004380000004,341.9318837100001,Straightaway,False,1,777126-54-2
2025,2025-07-11,777139,21,3,607208,"Turner, Trea",R,R,SI,Sinker,2.0,-0.25,3.23,3.51,1.74,151.6,65.84,X,field_out,hit_into_play,Trea Turner flies out to center fielder Jackson Merrill.,fly_ball,93.0,26.0,3.0,337.0,SD,PHI,3,Top,R,1,1,1,1,2025,0.691,0.722,0.882,1.252,1.584,2.037,65.33666677999999,330.50171053,Straightaway,False,1,777139-21-3
2025,2025-07-11,777139,1,2,607208,"Turner, Trea",R,R,SL,Slider,9.0,0.52,1.99,3.51,1.74,125.59,129.28,X,field_out,hit_into_play,"Trea Turner grounds out, second baseman Jake Cronenworth to first baseman Luis Arraez.",ground_ball,77.0,10.0,4.0,130.0,SD,PHI,1,Top,R,0,0,0,1,2025,0.691,0.722,0.882,1.252,1.584,2.037,0.42426407000000427,172.17634229000004,Straightaway,False,1,777139-1-2
2025,2025-07-09,777163,34,5,607208,"Turner, Trea",R,R,ST,Sweeper,6.0,0.29,2.71,3.53,1.75,97.65,163.34,X,force_out,hit_into_play,"Trea Turner grounds into a force out, fielded by third baseman Matt Chapman. Bryson Stott out at 3rd. Brandon Marsh to 3rd. Trea Turner to 1st. Throwing error by third baseman Matt Chapman.",ground_ball,84.8,-27.0,2.0,5.0,SF,PHI,5,Top,R,2,2,2,2,2025,0.691,0.722,0.882,1.252,1.584,2.037,-69.30478366999999,87.17378803000003,Pull,False,0,777163-34-5
2025,2025-07-09,777163,1,5,607208,"Turner, Trea",R,R,FF,4-Seam Fastball,5.0,0.13,2.54,3.53,1.75,145.79,163.34,X,field_out,hit_into_play,"Trea Turner grounds out, first baseman Wilmer Flores to pitcher Justin Verlander.",ground_ball,94.6,-6.0,2.0,18.0,SF,PHI,1,Top,R,0,0,2,2,2025,0.691,0.722,0.882,1.252,1.584,2.037,50.83681826999998,87.17378803000003,Oppo,False,2,777163-1-5
2025,2025-07-09,777163,61,2,607208,"Turner, Trea",L,R,SI,Sinker,3.0,0.74,3.17,3.53,1.75,115.86,153.47,X,force_out,hit_into_play,"Trea Turner grounds into a force out, shortstop Willy Adames to second baseman Casey Schmitt. Johan Rojas scores. J.T. Realmuto to 3rd. Brandon Marsh out at 2nd. Trea Turner to 1st.",ground_ball,74.5,-3.0,2.0,29.0,SF,PHI,8,Top,R,7,8,1,0,2025,0.691,0.722,0.882,1.252,1.584,2.037,-23.85861476000001,111.80606080000004,Pull,False,0,777163-61-2
2025,2025-07-08,777186,34,3,607208,"Turner, Trea",L,R,FF,4-Seam Fastball,3.0,0.37,3.36,3.54,1.76,172.54,168.99,X,field_out,hit_into_play,Trea Turner pops out to first baseman Dominic Smith in foul territory.,popup,86.7,65.0,3.0,154.0,SF,PHI,5,Top,R,0,0,0,2,2025,0.691,0.722,0.882,1.252,1.584,2.037,117.59601751999999,73.07324688000001,Oppo,False,2,777186-34-3
2025,2025-07-08,777186,19,10,607208,"Turner, Trea",L,R,FF,4-Seam Fastball,7.0,-0.49,2.14,3.54,1.76,91.98,122.96,X,single,hit_into_play,Trea Turner singles on a ground ball to left fielder Heliot Ramos. Johan Rojas to 2nd.,ground_ball,100.0,7.0,4.0,118.0,SF,PHI,3,Top,R,0,0,3,2,2025,0.691,0.722,0.882,1.252,1.584,2.037,-83.45523824,187.94898301000006,Pull,False,0,777186-19-10
2025,2025-07-08,777186,52,1,607208,"Turner, Trea",R,R,SI,Sinker,5.0,0.07,2.6,3.54,1.76,129.53,177.47,X,field_out,hit_into_play,"Trea Turner grounds out, pitcher Spencer Bivens to first baseman Dominic Smith. Brandon Marsh to 3rd.",ground_ball,90.4,-39.0,2.0,3.0,SF,PHI,7,Top,R,1,1,0,0,2025,0.691,0.722,0.882,1.252,1.584,2.037,10.257207809999999,51.90995680000003,Straightaway,False,1,777186-52-1
2025,2025-07-08,777186,69,1,607208,"Turner, Trea",L,R,SI,Sinker,6.0,0.45,2.82,3.54,1.76,131.46,109.29,X,field_out,hit_into_play,Trea Turner flies out to center fielder Jung Hoo Lee.,fly_ball,95.9,55.0,3.0,227.0,SF,PHI,9,Top,R,3,3,0,0,2025,0.691,0.722,0.882,1.252,1.584,2.037,15.073852840000017,222.06480558000004,Straightaway,False,1,777186-69-1
2025,2025-07-08,777186,1,3,607208,"Turner, Trea",L,R,SL,Slider,5.0,-0.11,2.32,3.54,1.76,49.83,77.29,X,field_out,hit_into_play,Trea Turner flies out to left fielder Heliot Ramos.,fly_ball,99.0,30.0,6.0,353.0,SF,PHI,1,Top,R,0,0,1,1,2025,0.691,0.722,0.882,1.252,1.584,2.037,-188.64777089000003,301.92627758000003,Pull,False,0,777186-1-3
2025,2025-07-07,777199,37,5,607208,"Turner, Trea",R,R,SI,Sinker,2.0,-0.06,3.2,3.53,1.74,124.98,94.36,X,single,hit_into_play,Trea Turner singles on a ground ball to center fielder Jung Hoo Lee.,ground_ball,102.2,-3.0,2.0,35.0,SF,PHI,5,Top,R,1,1,2,2,2025,0.691,0.722,0.882,1.252,1.584,2.037,-1.0980952399999944,259.32517361000004,Straightaway,False,1,777199-37-5
2025,2025-07-07,777199,19,6,607208,"Turner, Trea",R,R,CU,Curveball,7.0,-0.64,2.04,3.53,1.74,79.41,162.83,X,field_out,hit_into_play,Trea Turner pops out to third baseman Matt Chapman in foul territory.,popup,78.7,58.0,3.0,177.0,SF,PHI,3,Top,R,0,0,3,2,2025,0.691,0.722,0.882,1.252,1.584,2.037,-114.82582271000003,88.44658024,Pull,False,0,777199-19-6
2025,2025-07-07,777199,1,3,607208,"Turner, Trea",R,R,CU,Curveball,9.0,0.83,1.64,3.53,1.74,116.91,150.16,X,field_out,hit_into_play,"Trea Turner grounds out, shortstop Willy Adames to first baseman Wilmer Flores.",ground_ball,69.9,-2.0,2.0,22.0,SF,PHI,1,Top,R,0,0,0,2,2025,0.691,0.722,0.882,1.252,1.584,2.037,-21.238160210000014,120.06673181000005,Straightaway,False,1,777199-1-3
2025,2025-07-06,777217,36,5,607208,"Turner, Trea",R,R,SL,Slider,9.0,0.62,1.99,3.52,1.74,178.03,106.9,X,field_out,hit_into_play,Trea Turner flies out to right fielder Will Benson.,fly_ball,85.7,24.0,3.0,291.0,PHI,CIN,5,Bot,R,0,0,2,2,2025,0.691,0.722,0.882,1.252,1.584,2.037,131.29725131,228.02945927000002,Oppo,False,2,777217-36-5
2025,2025-07-06,777217,16,7,607208,"Turner, Trea",R,R,FF,4-Seam Fastball,8.0,-0.25,2.18,3.52,1.74,166.19,64.44,X,field_out,hit_into_play,Trea Turner lines out to center fielder TJ Friedl.,line_drive,98.7,23.0,5.0,348.0,PHI,CIN,2,Bot,R,0,0,1,2,2025,0.691,0.722,0.882,1.252,1.584,2.037,101.74850667,333.99564993000007,Oppo,False,2,777217-16-7
2025,2025-07-06,777217,63,2,607208,"Turner, Trea",R,R,SV,Slurve,4.0,-0.63,2.51,3.52,1.74,108.56,151.01,X,field_out,hit_into_play,"Trea Turner grounds out, shortstop Elly De La Cruz to first baseman Spencer Steer.",ground_ball,89.3,-2.0,2.0,34.0,PHI,CIN,8,Bot,R,3,3,0,1,2025,0.691,0.722,0.882,1.252,1.584,2.037,-42.07701306,117.94541146000006,Pull,False,0,777217-63-2
2025,2025-07-06,777217,4,5,607208,"Turner, Trea",R,R,FF,4-Seam Fastball,7.0,-0.42,1.78,3.52,1.74,79.66,111.46,X,single,hit_into_play,Trea Turner singles on a ground ball to left fielder Gavin Lux.,ground_ball,106.1,1.0,4.0,62.0,PHI,CIN,1,Bot,R,0,0,3,1,2025,0.691,0.722,0.882,1.252,1.584,2.037,-114.20190496000002,216.64919951000005,Pull,False,0,777217-4-5
2025,2025-07-06,777217,51,2,607208,"Turner, Trea",R,R,SL,Slider,9.0,0.62,1.85,3.52,1.74,110.08,152.03,X,field_out,hit_into_play,"Trea Turner grounds out, shortstop Elly De La Cruz to first baseman Spencer Steer.",ground_ball,81.0,-10.0,2.0,10.0,PHI,CIN,7,Bot,R,1,1,0,1,2025,0.691,0.722,0.882,1.252,1.584,2.037,-38.283593140000015,115.39982704000003,Pull,False,0,777217-51-2
2025,2025-07-05,777233,41,2,607208,"Turner, Trea",L,R,CU,Curveball,4.0,-0.59,2.4,3.52,1.74,106.04,178.92,X,field_out,hit_into_play,"Trea Turner grounds out, third baseman Noelvi Marte to first baseman Spencer Steer.",ground_ball,108.4,3.0,4.0,76.0,PHI,CIN,5,Bot,R,1,1,1,0,2025,0.691,0.722,0.882,1.252,1.584,2.037,-48.36610397999999,48.29123385000006,Pull,False,0,777233-41-2
2025,2025-07-05,777233,20,4,607208,"Turner, Trea",L,R,FF,4-Seam Fastball,6.0,0.28,2.47,3.52,1.74,156.43,79.02,X,single,hit_into_play,Trea Turner singles on a sharp line drive to center fielder Will Benson.,line_drive,100.1,12.0,4.0,246.0,PHI,CIN,3,Bot,R,0,0,1,2,2025,0.691,0.722,0.882,1.252,1.584,2.037,77.39075771000002,297.6087667500001,Oppo,False,2,777233-20-4
2025,2025-07-05,777233,61,3,607208,"Turner, Trea",L,R,FF,4-Seam Fastball,2.0,0.0,3.18,3.52,1.74,140.37,140.36,X,field_error,hit_into_play,Trea Turner reaches on a fielding error by second baseman Matt McLain.,ground_ball,105.2,3.0,4.0,94.0,PHI,CIN,8,Bot,R,3,3,1,1,2025,0.691,0.722,0.882,1.252,1.584,2.037,37.31028145000001,144.52430761,Oppo,False,2,777233-61-3
2025,2025-07-05,777233,5,3,607208,"Turner, Trea",L,R,SI,Sinker,4.0,-0.55,2.33,3.52,1.74,64.63,116.77,X,double,hit_into_play,Trea Turner doubles (18) on a sharp line drive to left fielder Santiago Espinal.,line_drive,107.8,9.0,4.0,161.0,PHI,CIN,1,Bot,R,0,0,2,0,2025,0.691,0.722,0.882,1.252,1.584,2.037,-151.71184009000004,203.39718650000006,Pull,False,0,777233-5-3
2025,2025-07-04,777255,41,2,607208,"Turner, Trea",L,R,CH,Changeup,5.0,0.25,2.38,3.5,1.72,102.87,164.72,X,field_out,hit_into_play,Trea Turner pops out to shortstop Elly De La Cruz.,popup,86.7,68.0,3.0,108.0,PHI,CIN,4,Bot,R,4,4,1,0,2025,0.691,0.722,0.882,1.252,1.584,2.037,-56.277381049999995,83.72976205000003,Pull,False,0,777255-41-2
2025,2025-07-04,777255,19,4,607208,"Turner, Trea",L,R,CU,Curveball,4.0,-0.68,2.61,3.5,1.72,65.54,88.51,X,field_out,hit_into_play,Trea Turner lines out to left fielder Austin Hays.,line_drive,84.2,25.0,3.0,312.0,PHI,CIN,2,Bot,R,3,3,0,2,2025,0.691,0.722,0.882,1.252,1.584,2.037,-149.44077948,273.92484896,Pull,False,0,777255-19-4
2025,2025-07-04,777255,59,2,607208,"Turner, Trea",R,R,CH,Changeup,4.0,-0.42,2.51,3.5,1.72,130.05,183.69,X,field_out,hit_into_play,"Trea Turner grounds out, pitcher Lyon Richardson to first baseman Spencer Steer. Edmundo Sosa to 3rd. Brandon Marsh to 2nd.",ground_ball,70.6,-60.0,2.0,1.0,PHI,CIN,6,Bot,R,4,4,1,0,2025,0.691,0.722,0.882,1.252,1.584,2.037,11.554956730000026,36.386883180000034,Oppo,False,2,777255-59-2
2025,2025-07-04,777255,75,3,607208,"Turner, Trea",R,R,FF,4-Seam Fastball,4.0,-0.62,2.81,3.5,1.72,149.61,88.35,X,single,hit_into_play,Trea Turner singles on a line drive to center fielder TJ Friedl. Brandon Marsh to 2nd.,line_drive,86.5,18.0,4.0,253.0,PHI,CIN,8,Bot,R,6,6,1,1,2025,0.691,0.722,0.882,1.252,1.584,2.037,60.37028149000003,274.32415632000004,Oppo,False,2,777255-75-3
2025,2025-07-04,777255,4,8,607208,"Turner, Trea",L,R,CH,Changeup,9.0,0.39,2.03,3.5,1.72,90.46,94.35,X,single,hit_into_play,Trea Turner singles on a line drive to left fielder Austin Hays.,line_drive,78.1,20.0,4.0,250.0,PHI,CIN,1,Bot,R,0,0,2,2,2025,0.691,0.722,0.882,1.252,1.584,2.037,-87.24865816000003,259.35013032000006,Pull,False,0,777255-4-8
2025,2025-07-02,777273,46,3,607208,"Turner, Trea",R,R,FC,Cutter,8.0,0.02,1.92,3.47,1.69,101.11,162.68,X,grounded_into_double_play,hit_into_play,"Trea Turner grounds into a double play, third baseman Manny Machado to second baseman Jake Cronenworth to first baseman Luis Arraez. Johan Rojas out at 2nd. Trea Turner out at 1st.",ground_ball,102.4,-18.0,2.0,6.0,PHI,SD,5,Bot,R,0,0,2,0,2025,0.691,0.722,0.882,1.252,1.584,2.037,-60.669762010000014,88.82093089000001,Pull,False,0,777273-46-3
2025,2025-07-02,777290,37,6,607208,"Turner, Trea",R,R,FF,4-Seam Fastball,13.0,-0.12,1.38,3.47,1.69,106.18,177.14,X,single,hit_into_play,Trea Turner singles on a soft ground ball to third baseman Jose Iglesias.,ground_ball,56.1,-51.0,1.0,1.0,PHI,SD,5,Bot,R,3,3,3,2,2025,0.691,0.722,0.882,1.252,1.584,2.037,-48.01671003999999,52.73352823000006,Pull,True,0,777290-37-6
2025,2025-07-02,777290,19,4,607208,"Turner, Trea",R,R,FF,4-Seam Fastball,5.0,-0.12,2.3,3.47,1.69,153.92,81.34,X,field_out,hit_into_play,Trea Turner flies out to center fielder Jackson Merrill.,fly_ball,95.8,48.0,3.0,301.0,PHI,SD,3,Bot,R,0,0,2,1,2025,0.691,0.722,0.882,1.252,1.584,2.037,71.12662349999997,291.81881003000007,Oppo,False,2,777290-19-4
2025,2025-07-02,777273,78,2,607208,"Turner, Trea",R,R,FF,4-Seam Fastball,5.0,0.05,2.41,3.47,1.69,112.35,75.38,X,single,hit_into_play,"Phillies challenged (tag play), call on the field was overturned: Trea Turner singles on a line drive to center fielder Jackson Merrill. Brandon Marsh to 3rd.",line_drive,86.5,21.0,3.0,284.0,PHI,SD,9,Bot,R,4,4,1,0,2025,0.691,0.722,0.882,1.252,1.584,2.037,-32.61841997000002,306.69300919000005,Straightaway,False,1,777273-78-2
2025,2025-07-02,777290,4,3,607208,"Turner, Trea",R,R,SL,Slider,4.0,-0.38,2.45,3.47,1.69,171.21,84.41,X,field_out,hit_into_play,Trea Turner lines out to right fielder Fernando Tatis Jr.,line_drive,95.5,18.0,4.0,307.0,PHI,SD,1,Bot,R,0,0,1,1,2025,0.691,0.722,0.882,1.252,1.584,2.037,114.27677509000003,284.15710006000006,Oppo,False,2,777290-4-3
2025,2025-07-02,777273,5,2,607208,"Turner, Trea",R,R,ST,Sweeper,6.0,0.7,2.58,3.47,1.69,144.11,98.69,X,single,hit_into_play,Trea Turner singles on a fly ball to center fielder Jackson Merrill.,fly_ball,72.1,26.0,4.0,221.0,PHI,SD,1,Bot,R,0,0,0,1,2025,0.691,0.722,0.882,1.252,1.584,2.037,46.64409099000003,248.51891818000004,Straightaway,False,1,777273-5-2
2025,2025-06-30,777306,33,6,607208,"Turner, Trea",R,R,KN,Knuckleball,14.0,0.97,2.05,3.48,1.7,116.03,189.55,X,single,hit_into_play,Trea Turner singles on a ground ball to third baseman Manny Machado. Brandon Marsh scores.,ground_ball,62.8,-64.0,2.0,1.0,PHI,SD,4,Bot,R,2,3,2,2,2025,0.691,0.722,0.882,1.252,1.584,2.037,-23.434350690000002,21.76225112,Pull,True,0,777306-33-6
2025,2025-06-30,777306,18,2,607208,"Turner, Trea",R,R,KN,Knuckleball,9.0,0.77,1.98,3.48,1.7,122.1,185.82,X,field_out,hit_into_play,"Trea Turner grounds out softly, pitcher Matt Waldron to first baseman Luis Arraez.",ground_ball,56.4,-68.0,1.0,1.0,PHI,SD,2,Bot,R,1,1,0,1,2025,0.691,0.722,0.882,1.252,1.584,2.037,-8.285627720000019,31.071103950000044,Pull,False,0,777306-18-2
2025,2025-06-30,777306,51,1,607208,"Turner, Trea",L,R,SI,Sinker,5.0,0.14,2.3,3.48,1.7,119.7,47.45,X,field_out,hit_into_play,Trea Turner flies out to center fielder Jackson Merrill.,fly_ball,98.1,32.0,5.0,375.0,PHI,SD,6,Bot,R,4,4,0,0,2025,0.691,0.722,0.882,1.252,1.584,2.037,-14.27523812,376.39710022,Straightaway,False,1,777306-51-1
2025,2025-06-30,777306,5,6,607208,"Turner, Trea",R,R,FF,4-Seam Fastball,5.0,0.24,2.57,3.48,1.7,142.47,137.21,X,field_out,hit_into_play,"Trea Turner grounds out, second baseman Jake Cronenworth to first baseman Luis Arraez.",ground_ball,97.8,-10.0,2.0,13.0,PHI,SD,1,Bot,R,0,0,3,2,2025,0.691,0.722,0.882,1.252,1.584,2.037,42.551190549999994,152.38567126,Oppo,False,2,777306-5-6
2025,2025-06-29,777316,35,1,607208,"Turner, Trea",R,R,SL,Slider,1.0,-0.42,3.13,3.47,1.7,155.56,68.81,X,sac_fly,hit_into_play,Trea Turner out on a sacrifice fly to center fielder Eli White. Otto Kemp scores.,fly_ball,91.5,37.0,3.0,332.0,ATL,PHI,5,Top,R,1,2,0,0,2025,0.691,0.722,0.882,1.252,1.584,2.037,75.21952394,323.08956766000006,Oppo,False,2,777316-35-1
2025,2025-06-29,777316,18,3,607208,"Turner, Trea",R,R,FF,4-Seam Fastball,6.0,0.72,2.4,3.47,1.7,145.22,161.96,X,field_out,hit_into_play,"Trea Turner grounds out, first baseman Matt Olson to pitcher Spencer Strider.",ground_ball,88.6,-43.0,2.0,2.0,ATL,PHI,3,Top,R,0,0,1,1,2025,0.691,0.722,0.882,1.252,1.584,2.037,49.414285799999995,90.61781401000002,Oppo,False,2,777316-18-3
2025,2025-06-29,777316,1,2,607208,"Turner, Trea",R,R,FF,4-Seam Fastball,8.0,0.23,1.92,3.47,1.7,102.26,148.01,X,field_out,hit_into_play,"Trea Turner grounds out, shortstop Nick Allen to first baseman Matt Olson.",ground_ball,98.4,-27.0,2.0,4.0,ATL,PHI,1,Top,R,0,0,1,0,2025,0.691,0.722,0.882,1.252,1.584,2.037,-57.799740359999994,125.43242446000006,Pull,False,0,777316-1-2
2025,2025-06-28,777333,42,5,607208,"Turner, Trea",R,R,SI,Sinker,5.0,-0.05,2.62,3.46,1.7,164.59,180.09,X,field_out,hit_into_play,Trea Turner pops out to first baseman Matt Olson in foul territory.,popup,85.3,68.0,3.0,129.0,ATL,PHI,6,Top,R,0,0,3,1,2025,0.691,0.722,0.882,1.252,1.584,2.037,97.75543307000001,45.37129878000002,Oppo,False,2,777333-42-5
2025,2025-06-28,777333,1,4,607208,"Turner, Trea",R,R,SI,Sinker,7.0,-0.81,2.19,3.46,1.7,111.94,162.54,X,field_out,hit_into_play,"Trea Turner grounds out, third baseman Austin Riley to first baseman Matt Olson.",ground_ball,70.5,-24.0,2.0,5.0,ATL,PHI,1,Top,R,0,0,1,2,2025,0.691,0.722,0.882,1.252,1.584,2.037,-33.64164508000001,89.17032483000006,Pull,False,0,777333-1-4
2025,2025-06-27,777342,27,3,607208,"Turner, Trea",R,R,SL,Slider,8.0,-0.13,2.11,3.46,1.7,104.07,169.8,X,field_error,hit_into_play,Trea Turner reaches on a throwing error by third baseman Austin Riley. Brandon Marsh scores. Trea Turner to 2nd.,ground_ball,92.9,-20.0,2.0,6.0,ATL,PHI,3,Top,R,8,9,2,0,2025,0.691,0.722,0.882,1.252,1.584,2.037,-53.28257585000002,71.05175337,Pull,False,0,777342-27-3
2025,2025-06-27,777342,14,2,607208,"Turner, Trea",R,R,CH,Changeup,4.0,-0.57,2.29,3.46,1.7,58.1,53.17,X,home_run,hit_into_play,Trea Turner homers (10) on a fly ball to left center field.,fly_ball,100.9,34.0,6.0,397.0,ATL,PHI,2,Top,R,1,2,0,1,2025,0.691,0.722,0.882,1.252,1.584,2.037,-168.00857172,362.1218621000001,Pull,False,0,777342-14-2
2025,2025-06-27,777342,40,2,607208,"Turner, Trea",R,R,FF,4-Seam Fastball,6.0,0.36,2.35,3.46,1.7,98.57,77.5,X,single,hit_into_play,Trea Turner singles on a sharp line drive to left fielder Alex Verdugo.,line_drive,102.2,9.0,4.0,221.0,ATL,PHI,4,Top,R,11,11,0,1,2025,0.691,0.722,0.882,1.252,1.584,2.037,-67.00876635000003,301.40218667000005,Pull,False,0,777342-40-2
2025,2025-06-27,777342,58,1,607208,"Turner, Trea",R,R,SL,Slider,8.0,0.27,1.79,3.46,1.7,147.04,147.41,X,field_out,hit_into_play,"Trea Turner grounds out, pitcher Enyel De Los Santos to second baseman Ozzie Albies to first baseman Matt Olson.",ground_ball,105.0,-12.0,2.0,8.0,ATL,PHI,6,Top,R,11,11,0,0,2025,0.691,0.722,0.882,1.252,1.584,2.037,53.95640701999998,126.92982706000005,Oppo,False,2,777342-58-1
2025,2025-06-27,777342,80,3,607208,"Turner, Trea",R,R,EP,Eephus,11.0,-1.01,3.03,3.46,1.7,51.34,58.08,X,home_run,hit_into_play,Trea Turner homers (11) on a fly ball to left center field.,fly_ball,95.8,32.0,5.0,393.0,ATL,PHI,9,Top,R,11,12,0,2,2025,0.691,0.722,0.882,1.252,1.584,2.037,-184.87930768,349.86811749000003,Pull,True,0,777342-80-3
2025,2025-06-27,777342,1,2,607208,"Turner, Trea",R,R,SI,Sinker,4.0,-0.58,2.29,3.46,1.7,58.33,54.63,X,double,hit_into_play,Trea Turner doubles (17) on a sharp line drive to left fielder Alex Verdugo.,line_drive,104.2,21.0,6.0,392.0,ATL,PHI,1,Top,R,0,0,0,1,2025,0.691,0.722,0.882,1.252,1.584,2.037,-167.43456739,358.47818244000007,Pull,False,0,777342-1-2
2025,2025-06-26,777350,19,6,607208,"Turner, Trea",R,R,FC,Cutter,9.0,0.29,1.98,3.48,1.7,118.56,123.7,X,field_out,hit_into_play,Trea Turner pops out to second baseman Mauricio Dubón.,popup,73.1,47.0,3.0,215.0,HOU,PHI,3,Top,R,0,0,3,2,2025,0.691,0.722,0.882,1.252,1.584,2.037,-17.12030306,186.10218647000002,Straightaway,False,1,777350-19-6
2025,2025-06-25,777366,20,4,607208,"Turner, Trea",L,R,ST,Sweeper,4.0,-0.41,2.26,3.47,1.7,101.32,167.3,X,force_out,hit_into_play,"Trea Turner grounds into a force out, third baseman Isaac Paredes to second baseman Jose Altuve. Brandon Marsh out at 2nd. Trea Turner to 1st.",ground_ball,94.4,-6.0,2.0,19.0,HOU,PHI,3,Top,R,0,0,2,1,2025,0.691,0.722,0.882,1.252,1.584,2.037,-60.14567110000002,77.29093087,Pull,False,0,777366-20-4
2025,2025-06-25,777366,56,4,607208,"Turner, Trea",L,R,FF,4-Seam Fastball,4.0,-0.29,2.85,3.47,1.7,123.12,112.04,X,single,hit_into_play,Trea Turner singles on a ground ball to center fielder Jake Meyers. Brandon Marsh to 3rd.,ground_ball,99.9,-5.0,2.0,25.0,HOU,PHI,8,Top,R,0,0,1,2,2025,0.691,0.722,0.882,1.252,1.584,2.037,-5.740043299999994,215.20171033000003,Straightaway,False,1,777366-56-4
2025,2025-06-25,777366,1,6,607208,"Turner, Trea",L,R,CU,Curveball,8.0,0.2,2.15,3.47,1.7,134.03,136.02,X,field_out,hit_into_play,Trea Turner pops out to second baseman Jose Altuve.,popup,76.1,58.0,3.0,163.0,HOU,PHI,1,Top,R,0,0,2,2,2025,0.691,0.722,0.882,1.252,1.584,2.037,21.48772731,155.35551975,Straightaway,False,1,777366-1-6
2025,2025-06-24,777377,48,6,607208,"Turner, Trea",L,R,SI,Sinker,5.0,-0.11,2.85,3.47,1.7,111.03,81.88,X,single,hit_into_play,Trea Turner singles on a ground ball to left fielder Cooper Hummel.,ground_ball,103.6,8.0,4.0,138.0,HOU,PHI,7,Top,R,0,0,3,2,2025,0.691,0.722,0.882,1.252,1.584,2.037,-35.91270569,290.47114769000007,Straightaway,False,1,777377-48-6
2025,2025-06-24,777377,31,2,607208,"Turner, Trea",L,R,CU,Curveball,6.0,0.52,2.26,3.47,1.7,109.43,157.16,X,field_out,hit_into_play,"Trea Turner grounds out, shortstop Jeremy Peña to first baseman Christian Walker.",ground_ball,93.6,-3.0,2.0,29.0,HOU,PHI,5,Top,R,0,0,1,0,2025,0.691,0.722,0.882,1.252,1.584,2.037,-39.90577928999999,102.59703481000004,Pull,False,0,777377-31-2
2025,2025-06-24,777377,13,1,607208,"Turner, Trea",L,R,CH,Changeup,9.0,0.62,2.13,3.47,1.7,186.87,75.32,X,field_out,hit_into_play,Trea Turner flies out to right fielder Cam Smith.,fly_ball,95.2,32.0,3.0,341.0,HOU,PHI,2,Top,R,0,0,0,0,2025,0.691,0.722,0.882,1.252,1.584,2.037,153.35898295,306.84274945000004,Oppo,False,2,777377-13-1
2025,2025-06-24,777377,1,2,607208,"Turner, Trea",L,R,SI,Sinker,9.0,0.28,1.83,3.47,1.7,156.92,84.31,X,field_out,hit_into_play,Trea Turner lines out to center fielder Jake Meyers.,line_drive,99.2,18.0,4.0,296.0,HOU,PHI,1,Top,R,0,0,0,1,2025,0.691,0.722,0.882,1.252,1.584,2.037,78.61363649999997,284.40666716000004,Oppo,False,2,777377-1-2
2025,2025-06-22,777405,34,2,607208,"Turner, Trea",L,R,SI,Sinker,9.0,0.37,1.97,3.46,1.69,116.83,138.0,X,single,hit_into_play,Trea Turner singles on a ground ball to shortstop Francisco Lindor. Johan Rojas to 2nd.,ground_ball,77.8,9.0,2.0,106.0,PHI,NYM,4,Bot,R,5,5,1,0,2025,0.691,0.722,0.882,1.252,1.584,2.037,-21.43781389000001,150.41409117000003,Straightaway,False,1,777405-34-2
2025,2025-06-22,777405,53,5,607208,"Turner, Trea",R,R,ST,Sweeper,5.0,-0.03,2.25,3.46,1.69,86.96,107.91,X,single,hit_into_play,Trea Turner singles on a line drive to left fielder Brandon Nimmo.,line_drive,104.7,7.0,4.0,146.0,PHI,NYM,7,Bot,R,5,5,2,2,2025,0.691,0.722,0.882,1.252,1.584,2.037,-95.98350666000003,225.50883156000006,Pull,False,0,777405-53-5
2025,2025-06-22,777405,5,1,607208,"Turner, Trea",L,R,SI,Sinker,9.0,0.43,2.2,3.46,1.69,107.37,68.11,X,field_out,hit_into_play,Trea Turner lines out to center fielder Tyrone Taylor.,line_drive,88.2,23.0,3.0,328.0,PHI,NYM,1,Bot,R,0,0,0,0,2025,0.691,0.722,0.882,1.252,1.584,2.037,-45.046861549999996,324.8365373600001,Straightaway,False,1,777405-5-1
2025,2025-06-21,777423,42,5,607208,"Turner, Trea",R,R,CH,Changeup,9.0,0.41,2.09,3.46,1.69,98.83,83.28,X,field_error,hit_into_play,Trea Turner reaches on a fielding error by center fielder Jeff McNeil. Trea Turner to 2nd.,line_drive,80.9,27.0,3.0,296.0,PHI,NYM,5,Bot,R,3,3,2,2,2025,0.691,0.722,0.882,1.252,1.584,2.037,-66.35989189000001,286.97720829,Pull,False,0,777423-42-5
2025,2025-06-21,777423,19,5,607208,"Turner, Trea",R,R,SL,Slider,14.0,0.82,1.57,3.46,1.69,116.47,162.17,X,field_out,hit_into_play,"Trea Turner grounds out, shortstop Francisco Lindor to first baseman Pete Alonso.",ground_ball,75.7,-15.0,2.0,6.0,PHI,NYM,2,Bot,R,3,3,2,2,2025,0.691,0.722,0.882,1.252,1.584,2.037,-22.33625545000001,90.09372310000006,Pull,True,0,777423-19-5
2025,2025-06-21,777423,57,5,607208,"Turner, Trea",R,R,CH,Changeup,7.0,-0.41,1.67,3.46,1.69,149.43,154.56,X,field_out,hit_into_play,"Trea Turner grounds out, second baseman Jeff McNeil to first baseman Pete Alonso.",ground_ball,62.8,-13.0,2.0,7.0,PHI,NYM,6,Bot,R,4,4,3,1,2025,0.691,0.722,0.882,1.252,1.584,2.037,59.92106071000002,109.08577941000003,Oppo,False,2,777423-57-5
2025,2025-06-21,777423,7,3,607208,"Turner, Trea",R,R,CH,Changeup,7.0,-0.4,1.77,3.46,1.69,105.31,146.45,X,field_out,hit_into_play,"Trea Turner grounds out, shortstop Francisco Lindor to first baseman Pete Alonso.",ground_ball,109.8,4.0,4.0,117.0,PHI,NYM,1,Bot,R,0,0,1,1,2025,0.691,0.722,0.882,1.252,1.584,2.037,-50.18794381,129.32567122000006,Pull,False,0,777423-7-3
2025,2025-06-20,777437,23,1,607208,"Turner, Trea",R,R,SI,Sinker,4.0,-0.42,2.79,3.46,1.7,142.4,149.49,X,grounded_into_double_play,hit_into_play,"Trea Turner grounds into a double play, second baseman Jeff McNeil to shortstop Francisco Lindor to first baseman Pete Alonso. Brandon Marsh out at 2nd. Trea Turner out at 1st.",ground_ball,89.7,-5.0,2.0,24.0,PHI,NYM,3,Bot,R,0,0,0,0,2025,0.691,0.722,0.882,1.252,1.584,2.037,42.376493580000016,121.73883138000001,Oppo,False,2,777437-23-1
2025,2025-06-20,777437,70,2,607208,"Turner, Trea",R,R,FC,Cutter,6.0,0.65,2.5,3.46,1.7,126.9,87.43,X,single,hit_into_play,Trea Turner singles on a line drive to center fielder Tyrone Taylor.,line_drive,80.0,20.0,4.0,251.0,PHI,NYM,8,Bot,R,8,8,0,1,2025,0.691,0.722,0.882,1.252,1.584,2.037,3.69359308000001,276.62017364,Straightaway,False,1,777437-70-2
2025,2025-06-20,777437,58,5,607208,"Turner, Trea",R,R,ST,Sweeper,9.0,0.76,1.9,3.46,1.7,199.19,127.18,X,double,hit_into_play,Trea Turner doubles (16) on a line drive to right fielder Juan Soto. Brandon Marsh scores.,line_drive,73.8,26.0,4.0,225.0,PHI,NYM,7,Bot,R,2,3,2,2,2025,0.691,0.722,0.882,1.252,1.584,2.037,184.10564967,177.41725139000002,Oppo,False,2,777437-58-5
2025,2025-06-20,777437,36,1,607208,"Turner, Trea",L,R,SI,Sinker,8.0,0.07,2.03,3.46,1.7,106.9,150.51,X,force_out,hit_into_play,"Trea Turner grounds into a force out, shortstop Francisco Lindor to second baseman Jeff McNeil. Brandon Marsh out at 2nd.",ground_ball,111.7,-5.0,4.0,19.0,PHI,NYM,4,Bot,R,2,2,0,0,2025,0.691,0.722,0.882,1.252,1.584,2.037,-46.219826919999996,119.19324696000005,Pull,False,0,777437-36-1
2025,2025-06-19,777444,39,5,607208,"Turner, Trea",R,R,CU,Curveball,14.0,0.43,1.54,3.45,1.69,108.35,160.75,X,field_out,hit_into_play,"Trea Turner grounds out, shortstop Otto Lopez to first baseman Eric Wagaman.",ground_ball,77.4,3.0,2.0,58.0,MIA,PHI,6,Top,R,0,0,2,2,2025,0.691,0.722,0.882,1.252,1.584,2.037,-42.60110397000002,93.63757592000003,Pull,True,0,777444-39-5
2025,2025-06-19,777444,17,3,607208,"Turner, Trea",R,R,SI,Sinker,4.0,-0.44,2.86,3.45,1.69,165.96,77.74,X,field_out,hit_into_play,Trea Turner flies out to right fielder Jesús Sánchez.,fly_ball,91.8,35.0,3.0,317.0,MIA,PHI,3,Top,R,0,0,2,0,2025,0.691,0.722,0.882,1.252,1.584,2.037,101.17450234000002,300.80322563000004,Oppo,False,2,777444-17-3
2025,2025-06-19,777444,54,5,607208,"Turner, Trea",R,R,SI,Sinker,4.0,-0.37,2.62,3.45,1.69,108.92,150.43,X,field_out,hit_into_play,"Trea Turner grounds out, shortstop Otto Lopez to first baseman Eric Wagaman.",ground_ball,99.7,-7.0,2.0,19.0,MIA,PHI,8,Top,R,1,1,1,2,2025,0.691,0.722,0.882,1.252,1.584,2.037,-41.178571500000004,119.39290064000002,Pull,False,0,777444-54-5
2025,2025-06-19,777444,1,3,607208,"Turner, Trea",R,R,CH,Changeup,7.0,-0.5,1.78,3.45,1.69,93.01,165.7,X,field_out,hit_into_play,"Trea Turner grounds out, third baseman Connor Norby to first baseman Eric Wagaman.",ground_ball,102.3,-22.0,2.0,4.0,MIA,PHI,1,Top,R,0,0,1,1,2025,0.691,0.722,0.882,1.252,1.584,2.037,-80.88469711,81.28400447000006,Pull,False,0,777444-1-3
2025,2025-06-18,777465,31,4,607208,"Turner, Trea",R,R,SI,Sinker,7.0,-0.55,1.85,3.45,1.7,130.68,159.24,X,field_out,hit_into_play,"Trea Turner grounds out, second baseman Xavier Edwards to first baseman Eric Wagaman.",ground_ball,73.8,-37.0,2.0,2.0,MIA,PHI,4,Top,R,4,4,2,1,2025,0.691,0.722,0.882,1.252,1.584,2.037,13.127229460000013,97.40603913000001,Straightaway,False,1,777465-31-4
2025,2025-06-18,777465,63,2,607208,"Turner, Trea",R,R,ST,Sweeper,9.0,0.38,1.66,3.45,1.7,149.82,180.45,X,field_out,hit_into_play,Trea Turner grounds out to first baseman Eric Wagaman.,ground_ball,63.1,-27.0,2.0,3.0,MIA,PHI,8,Top,R,4,4,1,0,2025,0.691,0.722,0.882,1.252,1.584,2.037,60.89437239999998,44.47285722000006,Oppo,False,2,777465-63-2
2025,2025-06-18,777465,18,4,607208,"Turner, Trea",R,R,CU,Curveball,8.0,0.26,1.62,3.45,1.7,95.81,166.98,X,field_out,hit_into_play,"Trea Turner grounds out, third baseman Connor Norby to first baseman Eric Wagaman.",ground_ball,76.2,-13.0,2.0,7.0,MIA,PHI,3,Top,R,0,0,2,1,2025,0.691,0.722,0.882,1.252,1.584,2.037,-73.89681831,78.08954559000006,Pull,False,0,777465-18-4
2025,2025-06-18,777465,1,4,607208,"Turner, Trea",R,R,CU,Curveball,13.0,-0.13,1.19,3.45,1.7,112.53,80.81,X,field_out,hit_into_play,Trea Turner flies out to center fielder Dane Myers.,fly_ball,82.0,32.0,3.0,296.0,MIA,PHI,1,Top,R,0,0,1,2,2025,0.691,0.722,0.882,1.252,1.584,2.037,-32.16919919,293.14151566000004,Straightaway,True,1,777465-1-4
2025,2025-06-17,777481,22,2,607208,"Turner, Trea",R,R,SL,Slider,7.0,-0.45,2.25,3.47,1.7,5.93,80.55,X,home_run,hit_into_play,Trea Turner homers (9) on a fly ball to left field.,fly_ball,106.4,28.0,6.0,413.0,MIA,PHI,4,Top,R,0,1,0,1,2025,0.691,0.722,0.882,1.252,1.584,2.037,-298.20772779000004,293.79039012000004,Pull,False,0,777481-22-2
2025,2025-06-17,777481,36,4,607208,"Turner, Trea",R,R,ST,Sweeper,5.0,-0.11,2.78,3.47,1.7,175.41,144.35,X,field_out,hit_into_play,Trea Turner flies out to second baseman Xavier Edwards.,fly_ball,73.7,54.0,3.0,185.0,MIA,PHI,5,Top,R,2,2,2,1,2025,0.691,0.722,0.882,1.252,1.584,2.037,124.75859329,134.56658032000004,Oppo,False,2,777481-36-4
2025,2025-06-17,777481,1,3,607208,"Turner, Trea",R,R,SI,Sinker,13.0,-0.85,2.53,3.47,1.7,63.07,118.24,X,field_out,hit_into_play,Trea Turner flies out to left fielder Heriberto Hernandez.,fly_ball,85.7,50.0,3.0,254.0,MIA,PHI,1,Top,R,0,0,1,1,2025,0.691,0.722,0.882,1.252,1.584,2.037,-155.60508685000002,199.72855013000006,Pull,True,0,777481-1-3
2025,2025-06-17,777481,62,2,607208,"Turner, Trea",R,R,SI,Sinker,5.0,-0.12,2.43,3.47,1.7,142.78,71.43,X,single,hit_into_play,Trea Turner singles on a sharp line drive to center fielder Javier Sanoja.,line_drive,103.0,13.0,4.0,273.0,MIA,PHI,8,Top,R,3,3,1,0,2025,0.691,0.722,0.882,1.252,1.584,2.037,43.32484856,316.55090964000004,Straightaway,False,1,777481-62-2
2025,2025-06-16,777483,20,8,607208,"Turner, Trea",R,R,SI,Sinker,5.0,-0.27,2.28,3.46,1.68,169.78,89.84,X,single,hit_into_play,Trea Turner singles on a line drive to right fielder Jesús Sánchez.,line_drive,95.3,10.0,4.0,193.0,MIA,PHI,3,Top,R,1,1,2,2,2025,0.691,0.722,0.882,1.252,1.584,2.037,110.70796556,270.60560653000005,Oppo,False,2,777483-20-8
2025,2025-06-16,777483,51,1,607208,"Turner, Trea",R,R,FC,Cutter,6.0,0.5,2.33,3.46,1.68,63.21,110.59,X,single,hit_into_play,Trea Turner singles on a line drive to left fielder Heriberto Hernández. Brandon Marsh scores.,line_drive,79.4,17.0,4.0,207.0,MIA,PHI,7,Top,R,2,3,0,0,2025,0.691,0.722,0.882,1.252,1.584,2.037,-155.25569291000002,218.82043328000003,Pull,False,0,777483-51-1
2025,2025-06-16,777483,69,3,607208,"Turner, Trea",L,R,CH,Changeup,6.0,0.65,2.24,3.46,1.68,180.89,109.47,X,field_out,hit_into_play,Trea Turner lines out to right fielder Kyle Stowers.,line_drive,94.2,16.0,4.0,262.0,MIA,PHI,9,Top,R,3,3,0,2,2025,0.691,0.722,0.882,1.252,1.584,2.037,138.43487036999997,221.61558480000005,Oppo,False,2,777483-69-3
2025,2025-06-16,777483,1,2,607208,"Turner, Trea",R,R,SI,Sinker,8.0,0.07,2.06,3.46,1.68,145.14,35.87,X,home_run,hit_into_play,Trea Turner homers (8) on a line drive to center field.,line_drive,109.3,20.0,6.0,406.0,MIA,PHI,1,Top,R,0,1,0,1,2025,0.691,0.722,0.882,1.252,1.584,2.037,49.21463211999997,405.2969704,Straightaway,False,1,777483-1-2
2025,2025-06-15,777499,39,2,607208,"Turner, Trea",R,R,CH,Changeup,7.0,-0.53,2.19,3.46,1.68,107.75,160.14,X,field_out,hit_into_play,"Trea Turner grounds out, third baseman Addison Barger to first baseman Vladimir Guerrero Jr.",ground_ball,100.1,-27.0,2.0,4.0,PHI,TOR,5,Bot,R,4,4,0,1,2025,0.691,0.722,0.882,1.252,1.584,2.037,-44.098506570000005,95.15993523000007,Pull,False,0,777499-39-2
2025,2025-06-15,777499,20,5,607208,"Turner, Trea",R,R,CH,Changeup,7.0,-0.3,2.08,3.46,1.68,121.95,99.8,X,field_out,hit_into_play,Trea Turner lines out to center fielder Jonatan Clase.,line_drive,99.3,17.0,4.0,305.0,PHI,TOR,3,Bot,R,1,1,1,2,2025,0.691,0.722,0.882,1.252,1.584,2.037,-8.659978369999997,245.74872337000005,Straightaway,False,1,777499-20-5
2025,2025-06-15,777499,67,3,607208,"Turner, Trea",R,R,SI,Sinker,13.0,-0.29,1.3,3.46,1.68,100.65,167.24,X,single,hit_into_play,Trea Turner singles on a ground ball to third baseman Addison Barger. Otto Kemp to 3rd. Brandon Marsh to 2nd.,ground_ball,85.6,-37.0,2.0,2.0,PHI,TOR,7,Bot,R,10,10,1,1,2025,0.691,0.722,0.882,1.252,1.584,2.037,-61.817770669999994,77.44067113000001,Pull,True,0,777499-67-3
2025,2025-06-15,777499,4,1,607208,"Turner, Trea",R,R,SI,Sinker,4.0,-0.45,2.45,3.46,1.68,72.25,134.79,X,double,hit_into_play,Trea Turner doubles (15) on a ground ball to left fielder Alan Roden.,ground_ball,92.7,1.0,2.0,48.0,PHI,TOR,1,Bot,R,0,0,0,0,2025,0.691,0.722,0.882,1.252,1.584,2.037,-132.69482707,158.42519508000007,Pull,False,0,777499-4-1
2025,2025-06-14,777509,22,4,607208,"Turner, Trea",R,R,FS,Split-Finger,8.0,-0.24,1.59,3.48,1.67,107.61,154.05,X,field_out,hit_into_play,"Trea Turner grounds out, shortstop Bo Bichette to first baseman Vladimir Guerrero Jr.",ground_ball,97.4,-16.0,2.0,6.0,PHI,TOR,3,Bot,R,0,0,1,2,2025,0.691,0.722,0.882,1.252,1.584,2.037,-44.44790051000001,110.35857162,Pull,False,0,777509-22-4
2025,2025-06-14,777509,41,7,607208,"Turner, Trea",L,R,SI,Sinker,6.0,0.59,2.73,3.48,1.67,187.51,77.52,X,field_out,hit_into_play,Trea Turner flies out to right fielder George Springer. Brandon Marsh to 3rd.,fly_ball,96.3,29.0,5.0,337.0,PHI,TOR,5,Bot,R,2,2,3,2,2025,0.691,0.722,0.882,1.252,1.584,2.037,154.95621239,301.35227325000005,Oppo,False,2,777509-41-7
2025,2025-06-14,777509,4,3,607208,"Turner, Trea",R,R,SL,Slider,5.0,-0.27,2.29,3.48,1.67,103.88,41.83,X,field_out,hit_into_play,Trea Turner flies out sharply to center fielder Myles Straw.,fly_ball,101.7,25.0,6.0,392.0,PHI,TOR,1,Bot,R,0,0,0,2,2025,0.691,0.722,0.882,1.252,1.584,2.037,-53.75675334000002,390.42277124000003,Straightaway,False,1,777509-4-3
2025,2025-06-13,777531,33,2,607208,"Turner, Trea",R,R,FS,Split-Finger,14.0,0.27,1.41,3.47,1.67,136.82,144.93,X,field_out,hit_into_play,"Trea Turner grounds out, second baseman Andrés Giménez to first baseman Vladimir Guerrero Jr.",ground_ball,75.5,-6.0,2.0,12.0,PHI,TOR,4,Bot,R,4,4,1,0,2025,0.691,0.722,0.882,1.252,1.584,2.037,28.450649399999982,133.11909114000002,Oppo,True,2,777531-33-2
2025,2025-06-13,777531,68,2,607208,"Turner, Trea",R,R,FF,4-Seam Fastball,5.0,-0.27,2.35,3.47,1.67,67.6,111.18,X,single,hit_into_play,Trea Turner singles on a sharp line drive to left fielder Davis Schneider. Bryson Stott scores.,line_drive,107.7,9.0,4.0,180.0,PHI,TOR,8,Bot,R,7,8,0,1,2025,0.691,0.722,0.882,1.252,1.584,2.037,-144.29969722000004,217.34798739000001,Pull,False,0,777531-68-2
2025,2025-06-13,777531,49,1,607208,"Turner, Trea",L,R,FC,Cutter,4.0,-0.59,2.6,3.47,1.67,82.48,149.13,X,field_out,hit_into_play,"Trea Turner grounds out, third baseman Ernie Clement to first baseman Vladimir Guerrero Jr.",ground_ball,88.9,7.0,4.0,106.0,PHI,TOR,6,Bot,R,5,5,0,0,2025,0.691,0.722,0.882,1.252,1.584,2.037,-107.16411274000001,122.63727294000005,Pull,False,0,777531-49-1
2025,2025-06-13,777531,5,3,607208,"Turner, Trea",R,R,FF,4-Seam Fastball,7.0,-0.71,2.16,3.47,1.67,154.23,113.01,X,field_out,hit_into_play,Trea Turner flies out to right fielder Addison Barger.,fly_ball,90.8,52.0,3.0,228.0,PHI,TOR,1,Bot,R,0,0,1,1,2025,0.691,0.722,0.882,1.252,1.584,2.037,71.90028150999997,212.78090946000003,Oppo,False,2,777531-5-3
2025,2025-06-11,777553,36,2,607208,"Turner, Trea",R,R,FF,4-Seam Fastball,8.0,-0.1,2.13,3.47,1.66,196.02,88.64,X,double,hit_into_play,Trea Turner doubles (14) on a line drive to right fielder Kyle Tucker. Otto Kemp to 3rd.,line_drive,102.7,21.0,6.0,346.0,PHI,CHC,4,Bot,R,4,4,1,0,2025,0.691,0.722,0.882,1.252,1.584,2.037,176.19437260000004,273.60041173,Oppo,False,2,777553-36-2
2025,2025-06-11,777553,19,5,607208,"Turner, Trea",R,R,KC,Knuckle Curve,1.0,-0.42,3.0,3.47,1.66,95.0,189.0,X,field_out,hit_into_play,Trea Turner pops out to third baseman Matt Shaw in foul territory.,popup,84.7,70.0,3.0,117.0,PHI,CHC,2,Bot,R,3,3,2,2,2025,0.691,0.722,0.882,1.252,1.584,2.037,-75.91831182000001,23.134870170000028,Pull,False,0,777553-19-5
2025,2025-06-11,777553,5,3,607208,"Turner, Trea",R,R,FF,4-Seam Fastball,5.0,-0.24,2.91,3.47,1.66,90.54,92.7,X,single,hit_into_play,Trea Turner singles on a ground ball to left fielder Ian Happ.,ground_ball,102.8,6.0,4.0,125.0,PHI,CHC,1,Bot,R,0,0,2,0,2025,0.691,0.722,0.882,1.252,1.584,2.037,-87.04900448,263.46798747,Pull,False,0,777553-5-3
2025,2025-06-10,777571,43,2,607208,"Turner, Trea",R,R,CU,Curveball,5.0,-0.13,2.77,3.48,1.67,72.3,102.45,X,single,hit_into_play,Trea Turner singles on a line drive to left fielder Ian Happ. Brandon Marsh to 3rd.,line_drive,98.0,10.0,4.0,179.0,PHI,CHC,5,Bot,R,2,2,1,0,2025,0.691,0.722,0.882,1.252,1.584,2.037,-132.57004352,239.13519522000004,Pull,False,0,777571-43-2
2025,2025-06-10,777571,19,2,607208,"Turner, Trea",R,R,FF,4-Seam Fastball,11.0,-0.85,2.79,3.48,1.67,150.98,154.56,X,field_out,hit_into_play,Trea Turner pops out to second baseman Nico Hoerner.,popup,66.3,66.0,3.0,119.0,PHI,CHC,2,Bot,R,2,2,0,1,2025,0.691,0.722,0.882,1.252,1.584,2.037,63.78935075999998,109.08577941000003,Oppo,True,2,777571-19-2
2025,2025-06-10,777571,61,6,607208,"Turner, Trea",R,R,FF,4-Seam Fastball,5.0,0.25,2.5,3.48,1.67,162.46,82.77,X,field_out,hit_into_play,Trea Turner lines out to right fielder Seiya Suzuki.,line_drive,85.5,28.0,3.0,303.0,PHI,CHC,7,Bot,R,4,4,2,2,2025,0.691,0.722,0.882,1.252,1.584,2.037,92.43965384000002,288.25000050000006,Oppo,False,2,777571-61-6
2025,2025-06-10,777571,5,1,607208,"Turner, Trea",R,R,FF,4-Seam Fastball,1.0,-0.29,3.19,3.48,1.67,79.36,89.65,X,field_out,hit_into_play,Trea Turner lines out sharply to left fielder Ian Happ.,line_drive,107.2,13.0,5.0,295.0,PHI,CHC,1,Bot,R,0,0,0,0,2025,0.691,0.722,0.882,1.252,1.584,2.037,-114.95060626000001,271.07978402000003,Pull,False,0,777571-5-1
2025,2025-06-09,777578,39,2,607208,"Turner, Trea",L,R,FF,4-Seam Fastball,7.0,-0.47,2.16,3.49,1.69,106.9,160.14,X,field_out,hit_into_play,"Trea Turner grounds out, third baseman Matt Shaw to first baseman Michael Busch.",ground_ball,103.7,-6.0,2.0,17.0,PHI,CHC,5,Bot,R,2,2,0,1,2025,0.691,0.722,0.882,1.252,1.584,2.037,-46.219826919999996,95.15993523000007,Pull,False,0,777578-39-2
2025,2025-06-09,777578,22,5,607208,"Turner, Trea",L,R,CU,Curveball,9.0,0.37,2.22,3.49,1.69,194.22,123.55,X,single,hit_into_play,Trea Turner singles on a line drive to right fielder Kyle Tucker.,line_drive,77.7,26.0,4.0,235.0,PHI,CHC,3,Bot,R,0,0,1,2,2025,0.691,0.722,0.882,1.252,1.584,2.037,171.70216480000002,186.47653712000005,Oppo,False,2,777578-22-5
2025,2025-06-09,777578,73,5,607208,"Turner, Trea",L,R,KC,Knuckle Curve,4.0,-0.43,2.68,3.49,1.69,106.9,152.53,X,force_out,hit_into_play,"Trea Turner grounds into a force out, shortstop Dansby Swanson to second baseman Nico Hoerner. Brandon Marsh out at 2nd.",ground_ball,85.7,9.0,4.0,111.0,PHI,CHC,9,Bot,R,2,2,1,2,2025,0.691,0.722,0.882,1.252,1.584,2.037,-46.219826919999996,114.15199154000003,Pull,False,0,777578-73-5
2025,2025-06-09,777578,5,4,607208,"Turner, Trea",L,R,FF,4-Seam Fastball,3.0,0.61,3.51,3.49,1.69,111.47,153.55,X,field_out,hit_into_play,Trea Turner pops out to shortstop Dansby Swanson.,popup,87.7,66.0,3.0,134.0,PHI,CHC,1,Bot,R,0,0,2,1,2025,0.691,0.722,0.882,1.252,1.584,2.037,-34.81461045000001,111.60640712,Pull,False,0,777578-5-4
2025,2025-06-08,777595,21,4,607208,"Turner, Trea",R,R,FS,Split-Finger,7.0,-0.46,2.17,3.49,1.69,104.69,162.83,X,field_out,hit_into_play,"Trea Turner grounds out, shortstop Isiah Kiner-Falefa to first baseman Jared Triolo.",ground_ball,95.7,3.0,4.0,99.0,PIT,PHI,3,Top,R,1,1,2,1,2025,0.691,0.722,0.882,1.252,1.584,2.037,-51.73525983000001,88.44658024,Pull,False,0,777595-21-4
2025,2025-06-08,777595,63,1,607208,"Turner, Trea",R,R,SL,Slider,5.0,0.0,2.49,3.49,1.69,46.0,100.0,X,double,hit_into_play,Trea Turner doubles (13) on a sharp line drive to left fielder Tommy Pham.,line_drive,102.6,10.0,4.0,163.0,PIT,PHI,9,Top,R,1,1,0,0,2025,0.691,0.722,0.882,1.252,1.584,2.037,-198.20619082000002,245.24958917000004,Pull,False,0,777595-63-1
2025,2025-06-08,777595,2,2,607208,"Turner, Trea",R,R,ST,Sweeper,8.0,-0.2,1.92,3.49,1.69,141.56,98.06,X,field_out,hit_into_play,Trea Turner flies out to center fielder Oneil Cruz.,fly_ball,91.3,47.0,3.0,256.0,PIT,PHI,1,Top,R,0,0,0,1,2025,0.691,0.722,0.882,1.252,1.584,2.037,40.28012994,250.09119091000005,Straightaway,False,1,777595-2-2
2025,2025-06-07,777607,19,1,607208,"Turner, Trea",L,R,FF,4-Seam Fastball,4.0,-0.3,2.57,3.49,1.69,132.56,145.6,X,double_play,hit_into_play,"Trea Turner lines into a double play, second baseman Nick Gonzales to first baseman Jared Triolo. Johan Rojas out at 1st.",line_drive,100.8,8.0,4.0,170.0,PIT,PHI,3,Top,R,1,1,0,0,2025,0.691,0.722,0.882,1.252,1.584,2.037,17.819090940000002,131.44699157000005,Straightaway,False,1,777607-19-1
2025,2025-06-07,777607,1,2,607208,"Turner, Trea",L,R,CS,Slow Curve,8.0,-0.25,1.82,3.49,1.69,152.07,169.73,X,field_out,hit_into_play,Trea Turner lines out softly to first baseman Jared Triolo.,line_drive,48.1,29.0,1.0,102.0,PIT,PHI,1,Top,R,0,0,0,1,2025,0.691,0.722,0.882,1.252,1.584,2.037,66.50963214999999,71.22645034000006,Oppo,False,2,777607-1-2
2025,2025-06-07,777607,59,1,607208,"Turner, Trea",R,R,FF,4-Seam Fastball,6.0,0.46,2.58,3.49,1.69,153.34,167.39,X,field_out,hit_into_play,Trea Turner grounds out to first baseman Jared Triolo.,ground_ball,104.0,-8.0,2.0,15.0,PIT,PHI,9,Top,R,1,1,0,0,2025,0.691,0.722,0.882,1.252,1.584,2.037,69.67913432,77.06632048000006,Oppo,False,2,777607-59-1
2025,2025-06-06,777621,19,4,607208,"Turner, Trea",L,R,FF,4-Seam Fastball,6.0,0.35,2.68,3.49,1.71,224.39,104.55,X,double,hit_into_play,Trea Turner doubles (12) on a fly ball to right fielder Adam Frazier.,fly_ball,96.4,29.0,5.0,335.0,PIT,PHI,3,Top,R,1,1,2,1,2025,0.691,0.722,0.882,1.252,1.584,2.037,246.99655886999997,233.89428612000006,Oppo,False,2,777621-19-4
2025,2025-06-06,777621,49,3,607208,"Turner, Trea",L,R,FC,Cutter,7.0,-0.33,1.83,3.49,1.71,117.36,156.24,X,field_out,hit_into_play,"Trea Turner grounds out, shortstop Isiah Kiner-Falefa to first baseman Spencer Horwitz.",ground_ball,88.4,-36.0,2.0,2.0,PIT,PHI,6,Top,R,4,4,0,2,2025,0.691,0.722,0.882,1.252,1.584,2.037,-20.115108260000007,104.89305213000002,Straightaway,False,1,777621-49-3
2025,2025-06-06,777621,32,5,607208,"Turner, Trea",R,R,FC,Cutter,8.0,0.22,2.19,3.49,1.71,119.39,91.89,X,single,hit_into_play,Trea Turner singles on a ground ball to center fielder Oneil Cruz. J.T. Realmuto scores. Edmundo Sosa scores. Bryson Stott to 2nd.,ground_ball,78.6,7.0,2.0,110.0,PIT,PHI,4,Top,R,2,4,2,2,2025,0.691,0.722,0.882,1.252,1.584,2.037,-15.048896130000005,265.48948098000005,Straightaway,False,1,777621-32-5
2025,2025-06-06,777621,1,2,607208,"Turner, Trea",L,R,FF,4-Seam Fastball,4.0,-0.48,2.37,3.49,1.71,85.28,138.45,X,single,hit_into_play,Trea Turner singles on a line drive to shortstop Isiah Kiner-Falefa.,line_drive,106.3,8.0,4.0,163.0,PIT,PHI,1,Top,R,0,0,1,0,2025,0.691,0.722,0.882,1.252,1.584,2.037,-100.17623394,149.29103922000007,Pull,False,0,777621-1-2
2025,2025-06-05,777637,47,3,607208,"Turner, Trea",R,R,SI,Sinker,5.0,0.03,2.71,3.49,1.71,108.03,39.37,X,double,hit_into_play,Trea Turner doubles (11) on a sharp line drive to center fielder Myles Straw.,line_drive,106.3,22.0,6.0,396.0,TOR,PHI,6,Top,R,0,0,1,1,2025,0.691,0.722,0.882,1.252,1.584,2.037,-43.39971869000001,396.5621219,Straightaway,False,1,777637-47-3
2025,2025-06-05,777637,22,2,607208,"Turner, Trea",R,R,FC,Cutter,2.0,0.14,3.33,3.49,1.71,206.54,89.01,X,field_out,hit_into_play,Trea Turner flies out to right fielder George Springer.,fly_ball,94.3,34.0,3.0,336.0,TOR,PHI,3,Top,R,0,0,0,1,2025,0.691,0.722,0.882,1.252,1.584,2.037,202.44883152,272.67701346,Oppo,False,2,777637-22-2
2025,2025-06-05,777637,2,4,607208,"Turner, Trea",R,R,SI,Sinker,4.0,-0.81,2.71,3.49,1.71,121.46,167.98,X,field_out,hit_into_play,"Trea Turner grounds out, shortstop Bo Bichette to first baseman Vladimir Guerrero Jr.",ground_ball,68.6,3.0,2.0,50.0,TOR,PHI,1,Top,R,0,0,2,1,2025,0.691,0.722,0.882,1.252,1.584,2.037,-9.88285716000002,75.59387459000006,Straightaway,False,1,777637-2-4
2025,2025-06-05,777637,64,4,607208,"Turner, Trea",L,R,FC,Cutter,2.0,0.09,3.35,3.49,1.71,107.02,143.89,X,field_out,hit_into_play,"Trea Turner grounds out sharply, shortstop Ernie Clement to first baseman Vladimir Guerrero Jr.",ground_ball,103.5,1.0,4.0,63.0,TOR,PHI,8,Top,R,1,1,2,1,2025,0.691,0.722,0.882,1.252,1.584,2.037,-45.92034640000002,135.71458898000006,Pull,False,0,777637-64-4
2025,2025-06-04,777651,33,3,607208,"Turner, Trea",R,R,SI,Sinker,4.0,-0.51,2.64,3.5,1.72,187.37,137.3,X,field_out,hit_into_play,Trea Turner flies out to right fielder Nathan Lukes.,fly_ball,77.6,48.0,3.0,218.0,TOR,PHI,5,Top,R,1,1,1,1,2025,0.691,0.722,0.882,1.252,1.584,2.037,154.60681845000002,152.16106087,Oppo,False,2,777651-33-3
2025,2025-06-04,777651,17,5,607208,"Turner, Trea",R,R,SV,Slurve,9.0,0.68,1.92,3.5,1.72,111.34,155.88,X,field_out,hit_into_play,"Trea Turner grounds out, shortstop Bo Bichette to first baseman Vladimir Guerrero Jr.",ground_ball,100.3,-20.0,2.0,5.0,TOR,PHI,3,Top,R,1,1,2,2,2025,0.691,0.722,0.882,1.252,1.584,2.037,-35.13904768,105.79149369000004,Pull,False,0,777651-17-5
2025,2025-06-03,777665,11,4,607208,"Turner, Trea",R,R,FS,Split-Finger,8.0,0.17,2.23,3.5,1.72,124.27,49.08,X,field_out,hit_into_play,Trea Turner flies out to center fielder Myles Straw.,fly_ball,99.0,23.0,5.0,370.0,TOR,PHI,1,Top,R,6,6,1,2,2025,0.691,0.722,0.882,1.252,1.584,2.037,-2.870021650000014,372.32915649,Straightaway,False,1,777665-11-4
2025,2025-06-03,777665,28,4,607208,"Turner, Trea",L,R,CH,Changeup,14.0,0.88,2.26,3.5,1.72,151.88,174.03,X,field_out,hit_into_play,Trea Turner lines out to first baseman Vladimir Guerrero Jr.,line_drive,92.3,3.0,4.0,97.0,TOR,PHI,3,Top,R,7,7,1,2,2025,0.691,0.722,0.882,1.252,1.584,2.037,66.03545465999998,60.49506504000003,Oppo,True,2,777665-28-4
2025,2025-06-03,777665,67,6,607208,"Turner, Trea",R,R,FS,Split-Finger,4.0,-0.64,2.81,3.5,1.72,44.61,71.68,X,home_run,hit_into_play,Trea Turner homers (7) on a fly ball to left field.,fly_ball,100.1,25.0,6.0,373.0,TOR,PHI,8,Top,R,7,8,3,2,2025,0.691,0.722,0.882,1.252,1.584,2.037,-201.67517351,315.92699189,Pull,False,0,777665-67-6
2025,2025-06-03,777665,2,4,607208,"Turner, Trea",R,R,FF,4-Seam Fastball,3.0,0.43,3.28,3.5,1.72,192.74,61.87,X,home_run,hit_into_play,Trea Turner homers (6) on a fly ball to right center field. Bryson Stott scores.,fly_ball,100.3,31.0,6.0,377.0,TOR,PHI,1,Top,R,0,2,1,2,2025,0.691,0.722,0.882,1.252,1.584,2.037,168.00857172000002,340.40952440000007,Oppo,False,2,777665-2-4
2025,2025-06-03,777665,51,2,607208,"Turner, Trea",R,R,SL,Slider,6.0,0.45,2.57,3.5,1.72,101.65,171.61,X,single,hit_into_play,"Phillies challenged (play at 1st), call on the field was overturned: Trea Turner singles on a ground ball to third baseman Ernie Clement.",ground_ball,103.7,-29.0,2.0,5.0,TOR,PHI,6,Top,R,7,7,0,1,2025,0.691,0.722,0.882,1.252,1.584,2.037,-59.32209966999999,66.53458886,Pull,False,0,777665-51-2
2025,2025-06-01,777688,34,1,607208,"Turner, Trea",L,R,SI,Sinker,4.0,-0.57,2.55,3.5,1.71,168.14,99.6,X,field_out,hit_into_play,Trea Turner flies out to right fielder Sal Frelick.,fly_ball,84.5,47.0,3.0,270.0,PHI,MIL,4,Bot,R,2,2,0,0,2025,0.691,0.722,0.882,1.252,1.584,2.037,106.61506511999997,246.24785757000006,Oppo,False,2,777688-34-1
2025,2025-06-01,777688,19,3,607208,"Turner, Trea",L,R,CU,Curveball,6.0,0.67,2.39,3.5,1.71,183.33,92.21,X,field_out,hit_into_play,Trea Turner flies out to right fielder Sal Frelick. Bryson Stott to 3rd.,fly_ball,92.1,37.0,3.0,300.0,PHI,MIL,2,Bot,R,1,1,1,1,2025,0.691,0.722,0.882,1.252,1.584,2.037,144.52430761000005,264.69086626000006,Oppo,False,2,777688-19-3
2025,2025-06-01,777688,75,5,607208,"Turner, Trea",R,R,FF,4-Seam Fastball,11.0,-0.38,3.75,3.5,1.71,165.73,179.92,X,field_out,hit_into_play,Trea Turner pops out to first baseman Rhys Hoskins in foul territory.,popup,85.2,70.0,3.0,113.0,PHI,MIL,9,Bot,R,2,2,1,2,2025,0.691,0.722,0.882,1.252,1.584,2.037,100.60049800999998,45.79556285000006,Oppo,True,2,777688-75-5
2025,2025-06-01,777688,59,1,607208,"Turner, Trea",L,R,FC,Cutter,6.0,0.46,2.9,3.5,1.71,210.55,112.92,X,double,hit_into_play,Trea Turner doubles (10) on a line drive to right fielder Sal Frelick.,line_drive,92.4,18.0,4.0,264.0,PHI,MIL,7,Bot,R,2,2,0,0,2025,0.691,0.722,0.882,1.252,1.584,2.037,212.45647223000003,213.00551985000004,Oppo,False,2,777688-59-1
2025,2025-05-31,777702,58,2,607208,"Turner, Trea",R,R,SL,Slider,12.0,0.15,3.62,3.5,1.7,60.59,109.79,X,field_out,hit_into_play,Trea Turner lines out to left fielder Daz Cameron.,line_drive,82.5,24.0,3.0,274.0,PHI,MIL,6,Bot,R,1,1,1,0,2025,0.691,0.722,0.882,1.252,1.584,2.037,-161.79435093,220.81697008000003,Pull,True,0,777702-58-2
2025,2025-05-31,777702,9,5,607208,"Turner, Trea",R,R,SI,Sinker,6.0,0.42,2.78,3.5,1.7,178.82,103.35,X,single,hit_into_play,Trea Turner singles on a ground ball to right fielder Sal Frelick.,ground_ball,100.6,-2.0,2.0,38.0,PHI,MIL,1,Bot,R,0,0,1,2,2025,0.691,0.722,0.882,1.252,1.584,2.037,133.26883139999998,236.88909132000006,Oppo,False,2,777702-9-5
2025,2025-05-31,777702,76,3,607208,"Turner, Trea",R,R,ST,Sweeper,8.0,-0.2,2.19,3.5,1.7,124.98,160.14,X,field_out,hit_into_play,Trea Turner pops out to shortstop Andruw Monasterio.,popup,73.5,64.0,3.0,125.0,PHI,MIL,8,Bot,R,2,2,1,1,2025,0.691,0.722,0.882,1.252,1.584,2.037,-1.0980952399999944,95.15993523000007,Straightaway,False,1,777702-76-3
2025,2025-05-30,777715,67,4,607208,"Turner, Trea",R,R,SI,Sinker,5.0,-0.24,2.43,3.5,1.69,107.75,165.72,X,field_out,hit_into_play,"Trea Turner grounds out, third baseman Caleb Durbin to first baseman Rhys Hoskins.",ground_ball,97.1,-50.0,2.0,2.0,PHI,MIL,8,Bot,R,2,2,2,1,2025,0.691,0.722,0.882,1.252,1.584,2.037,-44.098506570000005,81.23409105000003,Pull,False,0,777715-67-4
2025,2025-05-30,777715,48,3,607208,"Turner, Trea",R,R,SL,Slider,14.0,0.83,1.86,3.5,1.69,107.24,172.82,X,field_out,hit_into_play,"Trea Turner grounds out, third baseman Caleb Durbin to first baseman Rhys Hoskins.",ground_ball,79.2,-49.0,2.0,2.0,PHI,MIL,6,Bot,R,1,1,1,1,2025,0.691,0.722,0.882,1.252,1.584,2.037,-45.37129878000002,63.51482695000005,Pull,True,0,777715-48-3
2025,2025-05-30,777715,8,7,607208,"Turner, Trea",L,R,CH,Changeup,6.0,0.8,2.34,3.5,1.69,195.87,123.81,X,field_out,hit_into_play,Trea Turner flies out to right fielder Sal Frelick.,fly_ball,85.9,51.0,3.0,254.0,PHI,MIL,1,Bot,R,0,0,3,2,2025,0.691,0.722,0.882,1.252,1.584,2.037,175.82002195,185.82766266000004,Oppo,False,2,777715-8-7
2025,2025-05-30,777715,29,7,607208,"Turner, Trea",R,R,SL,Slider,5.0,0.26,2.46,3.5,1.69,70.42,107.95,X,single,hit_into_play,Trea Turner singles on a ground ball to left fielder Isaac Collins.,ground_ball,98.0,2.0,4.0,60.0,PHI,MIL,4,Bot,R,0,0,3,2,2025,0.691,0.722,0.882,1.252,1.584,2.037,-137.261905,225.40900472000004,Pull,False,0,777715-29-7
2025,2025-05-29,777735,41,4,607208,"Turner, Trea",R,R,SL,Slider,5.0,0.1,2.52,3.48,1.67,106.6,171.3,X,single,hit_into_play,Trea Turner singles on a ground ball to third baseman Austin Riley. Rafael Marchán scores. Bryson Stott to 2nd.,ground_ball,87.1,3.0,2.0,67.0,PHI,ATL,5,Bot,R,2,3,2,1,2025,0.691,0.722,0.882,1.252,1.584,2.037,-46.968528220000024,67.30824687,Pull,False,0,777735-41-4
2025,2025-05-29,777735,24,4,607208,"Turner, Trea",R,R,FF,4-Seam Fastball,2.0,-0.16,3.3,3.48,1.67,79.72,58.21,X,field_out,hit_into_play,Trea Turner flies out to left fielder Eli White.,fly_ball,100.1,31.0,6.0,379.0,PHI,ATL,3,Bot,R,2,2,2,1,2025,0.691,0.722,0.882,1.252,1.584,2.037,-114.05216470000002,349.54368026000003,Pull,False,0,777735-24-4
2025,2025-05-29,777723,80,3,607208,"Turner, Trea",R,R,SI,Sinker,4.0,-0.42,2.36,3.5,1.68,117.05,104.87,X,single,hit_into_play,Trea Turner singles on a ground ball to center fielder Michael Harris II. Bryson Stott scores.,ground_ball,84.1,7.0,4.0,105.0,PHI,ATL,9,Bot,R,2,3,1,1,2025,0.691,0.722,0.882,1.252,1.584,2.037,-20.888766270000012,233.09567140000004,Straightaway,False,1,777723-80-3
2025,2025-05-29,777735,61,9,607208,"Turner, Trea",R,R,FF,4-Seam Fastball,2.0,-0.19,3.37,3.48,1.67,124.99,36.43,X,field_out,hit_into_play,Trea Turner flies out sharply to center fielder Michael Harris II.,fly_ball,100.3,31.0,6.0,401.0,PHI,ATL,7,Bot,R,3,3,3,2,2025,0.691,0.722,0.882,1.252,1.584,2.037,-1.0731385300000171,403.89939464,Straightaway,False,1,777735-61-9
2025,2025-05-29,777735,76,2,607208,"Turner, Trea",L,R,FC,Cutter,9.0,0.29,1.92,3.48,1.67,172.56,65.82,X,field_out,hit_into_play,Trea Turner flies out to right fielder Ronald Acuña Jr.,fly_ball,99.1,32.0,5.0,349.0,PHI,ATL,8,Bot,R,5,5,0,1,2025,0.691,0.722,0.882,1.252,1.584,2.037,117.64593094000001,330.5516239500001,Oppo,False,2,777735-76-2
2025,2025-05-29,777735,6,3,607208,"Turner, Trea",R,R,FF,4-Seam Fastball,7.0,-0.63,2.07,3.48,1.67,143.56,147.53,X,field_out,hit_into_play,"Trea Turner grounds out, second baseman Ozzie Albies to first baseman Matt Olson.",ground_ball,80.9,-7.0,2.0,13.0,PHI,ATL,1,Bot,R,0,0,0,2,2025,0.691,0.722,0.882,1.252,1.584,2.037,45.271471940000005,126.63034654000003,Oppo,False,2,777735-6-3
2025,2025-05-29,777723,5,1,607208,"Turner, Trea",L,R,FF,4-Seam Fastball,2.0,-0.16,3.11,3.5,1.68,124.44,73.07,X,field_out,hit_into_play,Trea Turner flies out to center fielder Michael Harris II.,fly_ball,98.9,45.0,3.0,313.0,PHI,ATL,1,Bot,R,0,0,0,0,2025,0.691,0.722,0.882,1.252,1.584,2.037,-2.44575758000001,312.45800920000005,Straightaway,False,1,777723-5-1
2025,2025-05-27,777748,23,1,607208,"Turner, Trea",R,R,FF,4-Seam Fastball,1.0,-0.31,3.04,3.48,1.68,102.34,204.26,X,field_out,hit_into_play,Trea Turner pops out to third baseman Austin Riley in foul territory.,popup,87.7,84.0,3.0,43.0,PHI,ATL,3,Bot,R,1,1,0,0,2025,0.691,0.722,0.882,1.252,1.584,2.037,-57.60008668,-14.949069289999953,Pull,False,0,777748-23-1
2025,2025-05-27,777748,6,3,607208,"Turner, Trea",R,R,FF,4-Seam Fastball,2.0,0.0,3.26,3.48,1.68,139.71,66.18,X,field_out,hit_into_play,Trea Turner lines out to center fielder Michael Harris II.,line_drive,93.8,22.0,3.0,332.0,PHI,ATL,1,Bot,R,0,0,0,2,2025,0.691,0.722,0.882,1.252,1.584,2.037,35.66313859000002,329.65318239000004,Straightaway,False,1,777748-6-3
2025,2025-05-27,777748,59,1,607208,"Turner, Trea",R,R,FF,4-Seam Fastball,6.0,0.59,2.74,3.48,1.68,192.06,106.94,X,field_out,hit_into_play,Trea Turner lines out sharply to right fielder Ronald Acuña Jr.,line_drive,103.1,15.0,4.0,282.0,PHI,ATL,7,Bot,R,1,1,0,0,2025,0.691,0.722,0.882,1.252,1.584,2.037,166.31151544000002,227.92963243000005,Oppo,False,2,777748-59-1
2025,2025-05-25,777765,40,3,607208,"Turner, Trea",R,R,FF,4-Seam Fastball,1.0,-0.65,3.31,3.46,1.7,108.41,75.8,X,sac_fly,hit_into_play,Trea Turner out on a sacrifice fly to center fielder Denzel Clarke. Alec Bohm scores.,fly_ball,92.0,46.0,3.0,310.0,ATH,PHI,5,Top,R,2,3,1,1,2025,0.691,0.722,0.882,1.252,1.584,2.037,-42.45136371000002,305.64482737000003,Straightaway,False,1,777765-40-3
2025,2025-05-25,777765,23,4,607208,"Turner, Trea",R,R,SI,Sinker,8.0,-0.18,1.94,3.46,1.7,124.34,124.57,X,single,hit_into_play,Trea Turner singles on a ground ball to center fielder Denzel Clarke. Brandon Marsh scores.,ground_ball,110.5,-2.0,4.0,31.0,ATH,PHI,3,Top,R,1,2,2,1,2025,0.691,0.722,0.882,1.252,1.584,2.037,-2.695324679999996,183.93095270000006,Straightaway,False,1,777765-23-4
2025,2025-05-25,777765,60,1,607208,"Turner, Trea",L,R,CU,Curveball,2.0,0.21,3.04,3.46,1.7,25.59,102.59,X,home_run,hit_into_play,Trea Turner homers (5) on a fly ball to left field.,fly_ball,91.8,27.0,3.0,343.0,ATH,PHI,8,Top,R,3,4,0,0,2025,0.691,0.722,0.882,1.252,1.584,2.037,-249.14283593000002,238.78580128000004,Pull,False,0,777765-60-1
2025,2025-05-25,777765,2,1,607208,"Turner, Trea",R,R,FF,4-Seam Fastball,5.0,0.06,2.84,3.46,1.7,150.51,53.73,X,field_out,hit_into_play,Trea Turner flies out to center fielder Denzel Clarke.,fly_ball,97.8,34.0,5.0,364.0,ATH,PHI,1,Top,R,0,0,0,0,2025,0.691,0.722,0.882,1.252,1.584,2.037,62.61638538999998,360.7242863400001,Straightaway,False,1,777765-2-1
2025,2025-05-24,777784,38,4,607208,"Turner, Trea",L,R,CH,Changeup,14.0,0.61,1.46,3.45,1.7,125.96,77.49,X,field_out,hit_into_play,Trea Turner flies out to center fielder Denzel Clarke.,fly_ball,83.3,27.0,3.0,303.0,ATH,PHI,5,Top,R,3,3,1,2,2025,0.691,0.722,0.882,1.252,1.584,2.037,1.3476623399999803,301.4271433800001,Straightaway,True,1,777784-38-4
2025,2025-05-24,777784,14,8,607208,"Turner, Trea",L,R,SL,Slider,8.0,0.17,1.87,3.45,1.7,186.41,134.71,X,field_out,hit_into_play,Trea Turner flies out to right fielder Miguel Andujar.,fly_ball,74.0,42.0,3.0,220.0,ATH,PHI,2,Top,R,2,2,3,2,2025,0.691,0.722,0.882,1.252,1.584,2.037,152.21097429,158.62484876000002,Oppo,False,2,777784-14-8
2025,2025-05-24,777784,59,2,607208,"Turner, Trea",R,R,SI,Sinker,5.0,0.04,2.79,3.45,1.7,112.3,145.96,X,grounded_into_double_play,hit_into_play,"Trea Turner grounds into a double play, shortstop Jacob Wilson to second baseman Luis Urías to first baseman Nick Kurtz. Brandon Marsh to 3rd. Max Kepler out at 2nd. Trea Turner out at 1st.",ground_ball,110.1,4.0,4.0,89.0,ATH,PHI,7,Top,R,4,4,1,0,2025,0.691,0.722,0.882,1.252,1.584,2.037,-32.743203520000016,130.54855001,Pull,False,0,777784-59-2
2025,2025-05-23,777804,33,3,607208,"Turner, Trea",L,R,SL,Slider,7.0,-0.58,1.95,3.45,1.71,57.41,126.84,X,field_out,hit_into_play,Trea Turner flies out to left fielder Tyler Soderstrom.,fly_ball,87.1,52.0,3.0,246.0,ATH,PHI,5,Top,R,1,1,1,1,2025,0.691,0.722,0.882,1.252,1.584,2.037,-169.73058471000002,178.26577953000003,Pull,False,0,777804-33-3
2025,2025-05-23,777804,13,3,607208,"Turner, Trea",L,R,SL,Slider,8.0,0.08,1.63,3.45,1.71,148.32,89.98,X,field_out,hit_into_play,Trea Turner flies out to right fielder Lawrence Butler.,fly_ball,88.8,47.0,3.0,278.0,ATH,PHI,2,Top,R,1,1,1,1,2025,0.691,0.722,0.882,1.252,1.584,2.037,57.150865899999985,270.25621259,Straightaway,False,1,777804-13-3
2025,2025-05-23,777804,67,7,607208,"Turner, Trea",R,R,SL,Slider,6.0,0.54,2.39,3.45,1.71,112.23,83.78,X,single,hit_into_play,Trea Turner singles on a ground ball to center fielder Denzel Clarke. Johan Rojas scores.,ground_ball,97.0,7.0,4.0,137.0,ATH,PHI,9,Top,R,3,4,2,2,2025,0.691,0.722,0.882,1.252,1.584,2.037,-32.917900489999994,285.72937279000007,Straightaway,False,1,777804-67-7
2025,2025-05-23,777804,54,3,607208,"Turner, Trea",R,R,FC,Cutter,5.0,0.22,2.38,3.45,1.71,73.6,112.0,X,single,hit_into_play,Trea Turner singles on a line drive to left fielder Tyler Soderstrom.,line_drive,78.3,13.0,4.0,177.0,ATH,PHI,8,Top,R,1,1,2,0,2025,0.691,0.722,0.882,1.252,1.584,2.037,-129.32567122000003,215.30153717000005,Pull,False,0,777804-54-3
2025,2025-05-23,777804,1,4,607208,"Turner, Trea",L,R,FF,4-Seam Fastball,5.0,-0.06,2.76,3.45,1.71,108.42,27.58,X,home_run,hit_into_play,Trea Turner homers (4) on a fly ball to center field.,fly_ball,104.4,32.0,6.0,426.0,ATH,PHI,1,Top,R,0,1,2,1,2025,0.691,0.722,0.882,1.252,1.584,2.037,-42.426407000000005,425.98608299,Straightaway,False,1,777804-1-4
2025,2025-05-22,777817,2,3,607208,"Turner, Trea",R,R,KC,Knuckle Curve,8.0,0.15,2.04,3.47,1.73,77.76,69.16,X,field_out,hit_into_play,Trea Turner flies out to left fielder Jordan Beck.,fly_ball,89.5,31.0,3.0,342.0,COL,PHI,1,Top,R,0,0,0,2,2025,0.691,0.722,0.882,1.252,1.584,2.037,-118.94367986,322.21608281000005,Pull,False,0,777817-2-3
2025,2025-05-21,777823,33,4,607208,"Turner, Trea",L,R,CH,Changeup,14.0,1.19,2.01,3.47,1.72,118.37,154.22,X,force_out,hit_into_play,"Trea Turner grounds into a force out, shortstop Ezequiel Tovar to second baseman Adael Amador. Johan Rojas out at 2nd. Trea Turner to 1st.",ground_ball,69.1,-19.0,2.0,6.0,COL,PHI,4,Top,R,6,6,2,1,2025,0.691,0.722,0.882,1.252,1.584,2.037,-17.594480549999993,109.93430755000004,Straightaway,True,1,777823-33-4
2025,2025-05-21,777823,63,5,607208,"Turner, Trea",R,R,SL,Slider,8.0,0.05,1.95,3.47,1.72,102.98,174.91,X,fielders_choice_out,hit_into_play,"Trea Turner reaches on a fielder's choice out, third baseman Ryan McMahon to catcher Hunter Goodman to third baseman Ryan McMahon to pitcher Angel Chivilli. Edmundo Sosa out at home. Johan Rojas to 3rd. Trea Turner to 2nd.",ground_ball,77.8,-4.0,2.0,21.0,COL,PHI,7,Top,R,9,9,1,2,2025,0.691,0.722,0.882,1.252,1.584,2.037,-56.00285724,58.29887456000004,Pull,False,0,777823-63-5
2025,2025-05-21,777823,21,5,607208,"Turner, Trea",L,R,FF,4-Seam Fastball,5.0,-0.11,2.77,3.47,1.72,61.87,39.49,X,home_run,hit_into_play,Trea Turner homers (3) on a fly ball to left center field.,fly_ball,103.8,33.0,6.0,424.0,COL,PHI,3,Top,R,2,3,3,1,2025,0.691,0.722,0.882,1.252,1.584,2.037,-158.59989205000002,396.26264138000005,Pull,False,0,777823-21-5
2025,2025-05-21,777823,1,3,607208,"Turner, Trea",L,R,FF,4-Seam Fastball,3.0,0.79,2.99,3.47,1.72,114.73,89.76,X,single,hit_into_play,Trea Turner singles on a line drive to center fielder Brenton Doyle.,line_drive,76.1,26.0,4.0,260.0,COL,PHI,1,Top,R,0,0,1,1,2025,0.691,0.722,0.882,1.252,1.584,2.037,-26.678722989999997,270.80526021000003,Straightaway,False,1,777823-1-3
2025,2025-05-20,777842,19,3,607208,"Turner, Trea",R,R,FF,4-Seam Fastball,2.0,-0.02,3.13,3.48,1.73,68.61,120.7,X,single,hit_into_play,Trea Turner singles on a line drive to left fielder Jordan Beck.,line_drive,92.3,12.0,4.0,189.0,COL,PHI,3,Top,R,3,3,2,0,2025,0.691,0.722,0.882,1.252,1.584,2.037,-141.77906951000003,193.58919947000004,Pull,False,0,777842-19-3
2025,2025-05-20,777842,66,1,607208,"Turner, Trea",R,R,SI,Sinker,8.0,-0.25,2.22,3.48,1.73,41.98,80.74,X,field_out,hit_into_play,Trea Turner flies out to left fielder Jordan Beck.,fly_ball,90.7,30.0,3.0,356.0,COL,PHI,8,Top,R,7,7,0,0,2025,0.691,0.722,0.882,1.252,1.584,2.037,-208.23878824000002,293.31621263000005,Pull,False,0,777842-66-1
2025,2025-05-20,777842,2,1,607208,"Turner, Trea",R,R,FF,4-Seam Fastball,5.0,-0.09,2.51,3.48,1.73,219.81,125.35,X,double,hit_into_play,Trea Turner hits a ground-rule double (9) on a fly ball down the right-field line. Bryson Stott to 3rd.,fly_ball,80.5,42.0,3.0,271.0,COL,PHI,1,Top,R,0,0,0,0,2025,0.691,0.722,0.882,1.252,1.584,2.037,235.56638569000003,181.98432932000006,Oppo,False,2,777842-2-1
2025,2025-05-19,777852,35,8,607208,"Turner, Trea",L,R,FF,4-Seam Fastball,6.0,0.69,2.93,3.48,1.73,209.0,116.0,X,triple,hit_into_play,Trea Turner triples (2) on a line drive to right fielder Tyler Freeman.,line_drive,83.7,21.0,4.0,251.0,COL,PHI,5,Top,R,0,0,3,2,2025,0.691,0.722,0.882,1.252,1.584,2.037,208.58818218000002,205.31885317000004,Oppo,False,2,777852-35-8
2025,2025-05-19,777852,17,4,607208,"Turner, Trea",L,R,KC,Knuckle Curve,14.0,0.04,1.36,3.48,1.73,129.76,104.15,X,single,hit_into_play,Trea Turner singles on a fly ball to center fielder Brenton Doyle.,fly_ball,69.2,30.0,4.0,223.0,COL,PHI,3,Top,R,0,0,1,2,2025,0.691,0.722,0.882,1.252,1.584,2.037,10.831212139999973,234.89255452000003,Straightaway,True,1,777852-17-4
2025,2025-05-19,777852,52,3,607208,"Turner, Trea",R,R,ST,Sweeper,14.0,0.94,1.67,3.48,1.73,125.36,183.94,X,fielders_choice,hit_into_play,"Trea Turner reaches on a fielder's choice, fielded by pitcher Jake Bird. Brandon Marsh to 3rd. Brandon Marsh advances to 3rd, on a throwing error by pitcher Jake Bird.",ground_ball,48.4,-49.0,1.0,1.0,COL,PHI,7,Top,R,1,1,0,2,2025,0.691,0.722,0.882,1.252,1.584,2.037,-0.14974026000000568,35.76296543000004,Straightaway,True,1,777852-52-3
2025,2025-05-19,777852,65,2,607208,"Turner, Trea",R,R,SL,Slider,2.0,0.26,3.52,3.48,1.73,157.94,64.97,X,double,hit_into_play,Trea Turner doubles (8) on a line drive to right fielder Mickey Moniak. Edmundo Sosa scores. Brandon Marsh scores.,line_drive,92.7,19.0,4.0,310.0,COL,PHI,8,Top,R,4,6,0,1,2025,0.691,0.722,0.882,1.252,1.584,2.037,81.15922092,332.67294430000004,Oppo,False,2,777852-65-2
2025,2025-05-19,777852,1,2,607208,"Turner, Trea",L,R,FC,Cutter,7.0,-0.49,1.96,3.48,1.73,100.13,170.94,X,field_out,hit_into_play,"Trea Turner grounds out, third baseman Ryan McMahon to first baseman Michael Toglia.",ground_ball,71.7,-30.0,2.0,4.0,COL,PHI,1,Top,R,0,0,0,1,2025,0.691,0.722,0.882,1.252,1.584,2.037,-63.11551959000002,68.20668843000004,Pull,False,0,777852-1-2
2025,2025-05-18,777880,42,2,607208,"Turner, Trea",R,R,ST,Sweeper,11.0,-0.9,2.79,3.49,1.73,140.51,149.35,X,field_out,hit_into_play,Trea Turner lines out to second baseman Adam Frazier.,line_drive,58.8,21.0,1.0,136.0,PHI,PIT,6,Bot,R,1,1,0,1,2025,0.691,0.722,0.882,1.252,1.584,2.037,37.659675389999975,122.08822532000005,Oppo,True,2,777880-42-2
2025,2025-05-18,777880,7,2,607208,"Turner, Trea",R,R,SI,Sinker,11.0,-0.88,2.64,3.49,1.73,105.31,167.24,X,field_out,hit_into_play,"Trea Turner grounds out, third baseman Ke'Bryan Hayes to first baseman Spencer Horwitz.",ground_ball,86.4,1.0,2.0,51.0,PHI,PIT,1,Bot,R,0,0,0,1,2025,0.691,0.722,0.882,1.252,1.584,2.037,-50.18794381,77.44067113000001,Pull,True,0,777880-7-2
2025,2025-05-17,777894,22,4,607208,"Turner, Trea",R,R,ST,Sweeper,4.0,-0.44,2.4,3.47,1.73,142.11,175.94,X,field_out,hit_into_play,Trea Turner grounds out softly to first baseman Spencer Horwitz.,ground_ball,39.7,-21.0,1.0,6.0,PHI,PIT,3,Bot,R,2,2,1,2,2025,0.691,0.722,0.882,1.252,1.584,2.037,41.652748990000035,55.728333430000035,Oppo,False,2,777894-22-4
2025,2025-05-17,777894,6,8,607208,"Turner, Trea",R,R,SL,Slider,9.0,0.83,1.98,3.47,1.73,105.84,177.32,X,single,hit_into_play,Trea Turner singles on a ground ball to third baseman Ke'Bryan Hayes.,ground_ball,78.5,-59.0,2.0,1.0,PHI,PIT,1,Bot,R,0,0,3,2,2025,0.691,0.722,0.882,1.252,1.584,2.037,-48.86523818,52.28430745000005,Pull,False,0,777894-6-8
2025,2025-05-17,777894,50,8,607208,"Turner, Trea",L,R,FF,4-Seam Fastball,14.0,0.09,1.42,3.47,1.73,117.48,60.38,X,field_out,hit_into_play,Trea Turner flies out to center fielder Oneil Cruz.,fly_ball,92.4,30.0,3.0,344.0,PHI,PIT,6,Bot,R,5,5,3,2,2025,0.691,0.722,0.882,1.252,1.584,2.037,-19.815627739999996,344.12807419000006,Straightaway,True,1,777894-50-8
2025,2025-05-17,777894,34,3,607208,"Turner, Trea",L,R,CU,Curveball,8.0,0.13,1.92,3.47,1.73,100.31,164.7,X,field_out,hit_into_play,Trea Turner lines out to third baseman Ke'Bryan Hayes.,line_drive,86.6,10.0,4.0,141.0,PHI,PIT,4,Bot,R,4,4,1,1,2025,0.691,0.722,0.882,1.252,1.584,2.037,-62.66629881,83.77967547000006,Pull,False,0,777894-34-3
2025,2025-05-16,777905,37,4,607208,"Turner, Trea",L,R,SI,Sinker,7.0,-0.36,1.76,3.47,1.73,106.87,168.25,X,fielders_choice_out,hit_into_play,"Trea Turner reaches on a fielder's choice out, third baseman Ke'Bryan Hayes to catcher Joey Bart to third baseman Ke'Bryan Hayes to pitcher Andrew Heaney. Edmundo Sosa out at home. Johan Rojas to 3rd.",ground_ball,109.5,-28.0,2.0,3.0,PHI,PIT,5,Bot,R,0,0,1,2,2025,0.691,0.722,0.882,1.252,1.584,2.037,-46.294697049999996,74.92004342000003,Pull,False,0,777905-37-4
2025,2025-05-16,777905,22,3,607208,"Turner, Trea",L,R,CU,Curveball,7.0,-0.5,1.79,3.47,1.73,63.67,101.95,X,field_out,hit_into_play,Trea Turner lines out to left fielder Tommy Pham.,line_drive,79.5,25.0,3.0,285.0,PHI,PIT,3,Bot,R,0,0,1,1,2025,0.691,0.722,0.882,1.252,1.584,2.037,-154.10768425,240.38303072000005,Pull,False,0,777905-22-3
2025,2025-05-16,777905,56,4,607208,"Turner, Trea",R,R,ST,Sweeper,9.0,0.69,2.25,3.47,1.73,89.59,131.36,X,single,hit_into_play,Trea Turner singles on a fly ball to left fielder Tommy Pham. Johan Rojas to 2nd.,fly_ball,65.2,41.0,4.0,208.0,PHI,PIT,7,Bot,R,1,1,1,2,2025,0.691,0.722,0.882,1.252,1.584,2.037,-89.41989193,166.98534661,Pull,False,0,777905-56-4
2025,2025-05-16,777905,68,1,607208,"Turner, Trea",L,R,FF,4-Seam Fastball,6.0,0.76,2.41,3.47,1.73,215.04,113.11,X,triple,hit_into_play,Trea Turner triples (1) on a line drive to right fielder Alexander Canario. Johan Rojas scores.,line_drive,94.3,22.0,3.0,305.0,PHI,PIT,8,Bot,R,5,6,0,0,2025,0.691,0.722,0.882,1.252,1.584,2.037,223.66203502,212.53134236000005,Oppo,False,2,777905-68-1
2025,2025-05-16,777905,4,2,607208,"Turner, Trea",L,R,CH,Changeup,13.0,-0.39,1.17,3.47,1.73,80.33,72.65,X,field_out,hit_into_play,Trea Turner flies out to left fielder Tommy Pham.,fly_ball,88.8,34.0,3.0,332.0,PHI,PIT,1,Bot,R,0,0,0,1,2025,0.691,0.722,0.882,1.252,1.584,2.037,-112.52980539000002,313.50619102,Pull,True,0,777905-4-2
2025,2025-05-14,777933,45,4,607208,"Turner, Trea",R,R,SI,Sinker,8.0,-0.17,2.02,3.49,1.73,129.62,197.37,X,field_out,hit_into_play,"Trea Turner grounds out softly, catcher Iván Herrera to first baseman Willson Contreras. Bryson Stott to 2nd.",ground_ball,54.5,-64.0,1.0,1.0,PHI,STL,4,Bot,R,7,7,2,1,2025,0.691,0.722,0.882,1.252,1.584,2.037,10.481818200000008,2.2461039000000143,Oppo,False,2,777933-45-4
2025,2025-05-14,777933,20,7,607208,"Turner, Trea",R,R,SI,Sinker,5.0,0.26,2.66,3.49,1.73,189.45,116.51,X,field_out,hit_into_play,Trea Turner flies out to right fielder Alec Burleson.,fly_ball,92.3,49.0,3.0,259.0,PHI,STL,2,Bot,R,5,5,3,2,2025,0.691,0.722,0.882,1.252,1.584,2.037,159.79781412999998,204.04606096000003,Oppo,False,2,777933-20-7
2025,2025-05-14,777922,22,4,607208,"Turner, Trea",R,R,SI,Sinker,5.0,0.12,2.59,3.49,1.75,148.99,151.52,X,field_out,hit_into_play,"Trea Turner grounds out, second baseman Brendan Donovan to first baseman Willson Contreras.",ground_ball,102.2,-12.0,2.0,11.0,PHI,STL,3,Bot,R,0,0,1,2,2025,0.691,0.722,0.882,1.252,1.584,2.037,58.82296547000002,116.67261925000001,Oppo,False,2,777922-22-4
2025,2025-05-14,777922,56,3,607208,"Turner, Trea",L,R,CH,Changeup,4.0,-0.35,2.38,3.49,1.75,114.58,139.33,X,field_out,hit_into_play,Trea Turner pops out to shortstop Masyn Winn.,popup,87.5,58.0,3.0,157.0,PHI,STL,7,Bot,R,1,1,1,1,2025,0.691,0.722,0.882,1.252,1.584,2.037,-27.05307364000001,147.09484874,Straightaway,False,1,777922-56-3
2025,2025-05-14,777933,7,1,607208,"Turner, Trea",R,R,FC,Cutter,9.0,0.54,1.93,3.49,1.73,108.93,181.94,X,single,hit_into_play,Trea Turner singles on a ground ball to third baseman Nolan Gorman.,ground_ball,69.3,-67.0,2.0,1.0,PHI,STL,1,Bot,R,0,0,0,0,2025,0.691,0.722,0.882,1.252,1.584,2.037,-41.15361478999999,40.75430743000003,Pull,False,0,777933-7-1
2025,2025-05-14,777922,5,1,607208,"Turner, Trea",R,R,SI,Sinker,5.0,-0.11,2.52,3.49,1.75,130.73,128.32,X,field_out,hit_into_play,"Trea Turner grounds out sharply, second baseman Brendan Donovan to first baseman Willson Contreras.",ground_ball,102.5,2.0,4.0,182.0,PHI,STL,1,Bot,R,0,0,0,0,2025,0.691,0.722,0.882,1.252,1.584,2.037,13.25201300999997,174.57218645000006,Straightaway,False,1,777922-5-1
2025,2025-05-12,777953,22,2,607208,"Turner, Trea",L,R,FF,4-Seam Fastball,7.0,-0.35,1.96,3.49,1.75,79.28,106.39,X,single,hit_into_play,Trea Turner singles on a ground ball to left fielder Lars Nootbaar.,ground_ball,96.0,7.0,4.0,121.0,PHI,STL,3,Bot,R,0,0,1,0,2025,0.691,0.722,0.882,1.252,1.584,2.037,-115.15025994000001,229.30225148000005,Pull,False,0,777953-22-2
2025,2025-05-12,777953,58,2,607208,"Turner, Trea",R,R,CU,Curveball,5.0,-0.09,2.35,3.49,1.75,151.08,52.57,X,field_out,hit_into_play,Trea Turner flies out to center fielder Victor Scott II.,fly_ball,99.6,27.0,6.0,367.0,PHI,STL,7,Bot,R,2,2,0,1,2025,0.691,0.722,0.882,1.252,1.584,2.037,64.03891786000003,363.6192647000001,Straightaway,False,1,777953-58-2
2025,2025-05-12,777953,73,6,607208,"Turner, Trea",R,R,FF,4-Seam Fastball,14.0,0.45,1.54,3.49,1.75,153.38,90.5,X,field_out,hit_into_play,Trea Turner lines out to right fielder Jordan Walker.,line_drive,80.0,29.0,3.0,280.0,PHI,STL,9,Bot,R,2,2,3,2,2025,0.691,0.722,0.882,1.252,1.584,2.037,69.77896116,268.95846367000007,Oppo,True,2,777953-73-6
2025,2025-05-11,777971,2,2,607208,"Turner, Trea",R,R,CH,Changeup,4.0,-0.55,2.33,3.49,1.75,101.46,157.0,X,grounded_into_double_play,hit_into_play,"Trea Turner grounds into a double play, shortstop Gabriel Arias to second baseman Daniel Schneemann to first baseman Carlos Santana. Bryson Stott out at 2nd. Trea Turner out at 1st.",ground_ball,99.2,-1.0,2.0,42.0,CLE,PHI,1,Top,R,0,0,0,1,2025,0.691,0.722,0.882,1.252,1.584,2.037,-59.796277160000024,102.99634217000003,Pull,False,0,777971-2-2
2025,2025-05-10,777983,37,3,607208,"Turner, Trea",R,R,ST,Sweeper,5.0,0.17,2.35,3.49,1.76,105.7,166.68,X,field_out,hit_into_play,"Trea Turner grounds out, third baseman José Ramírez to first baseman Kyle Manzardo.",ground_ball,75.5,-15.0,2.0,9.0,CLE,PHI,6,Top,R,1,1,0,2,2025,0.691,0.722,0.882,1.252,1.584,2.037,-49.214632120000005,78.83824689000001,Pull,False,0,777983-37-3
2025,2025-05-10,777983,22,2,607208,"Turner, Trea",R,R,SI,Sinker,5.0,0.12,2.68,3.49,1.76,150.72,115.63,X,single,hit_into_play,Trea Turner singles on a sharp ground ball to right fielder Jhonkensy Noel.,ground_ball,101.4,-12.0,2.0,12.0,CLE,PHI,4,Top,R,0,0,1,0,2025,0.691,0.722,0.882,1.252,1.584,2.037,63.140476299999996,206.24225144000005,Oppo,False,2,777983-22-2
2025,2025-05-10,777983,53,2,607208,"Turner, Trea",R,R,SI,Sinker,4.0,-0.32,2.79,3.49,1.76,83.82,129.09,X,single,hit_into_play,Trea Turner singles on a sharp line drive to left fielder Steven Kwan.,line_drive,105.5,9.0,4.0,205.0,CLE,PHI,8,Top,R,1,1,0,1,2025,0.691,0.722,0.882,1.252,1.584,2.037,-103.81991360000004,172.65051978000002,Pull,False,0,777983-53-2
2025,2025-05-10,777983,2,1,607208,"Turner, Trea",R,R,FF,4-Seam Fastball,1.0,-0.34,3.17,3.49,1.76,120.71,62.2,X,field_out,hit_into_play,Trea Turner lines out sharply to center fielder Angel Martínez.,line_drive,105.5,19.0,6.0,340.0,CLE,PHI,1,Top,R,0,0,0,0,2025,0.691,0.722,0.882,1.252,1.584,2.037,-11.754610410000021,339.58595297,Straightaway,False,1,777983-2-1
2025,2025-05-09,777997,35,1,607208,"Turner, Trea",R,R,FF,4-Seam Fastball,8.0,-0.2,2.27,3.49,1.75,119.62,90.4,X,single,hit_into_play,Trea Turner singles on a ground ball to center fielder Angel Martínez.,ground_ball,105.9,2.0,4.0,65.0,CLE,PHI,5,Top,R,0,0,0,0,2025,0.691,0.722,0.882,1.252,1.584,2.037,-14.474891799999995,269.20803077000005,Straightaway,False,1,777997-35-1
2025,2025-05-09,777997,18,5,607208,"Turner, Trea",R,R,CU,Curveball,8.0,0.15,2.24,3.49,1.75,105.09,152.15,X,field_out,hit_into_play,"Trea Turner grounds out, shortstop Gabriel Arias to first baseman Carlos Santana.",ground_ball,93.8,0.0,2.0,42.0,CLE,PHI,3,Top,R,0,0,1,2,2025,0.691,0.722,0.882,1.252,1.584,2.037,-50.736991429999996,115.10034652000002,Pull,False,0,777997-18-5
2025,2025-05-09,777997,55,6,607208,"Turner, Trea",R,R,SL,Slider,8.0,-0.1,2.0,3.49,1.75,86.97,69.19,X,field_out,hit_into_play,Trea Turner flies out to left fielder Steven Kwan.,fly_ball,93.2,32.0,3.0,335.0,CLE,PHI,7,Top,R,0,0,2,2,2025,0.691,0.722,0.882,1.252,1.584,2.037,-95.95854995000002,322.1412126800001,Pull,False,0,777997-55-6
2025,2025-05-09,777997,2,5,607208,"Turner, Trea",R,R,FF,4-Seam Fastball,9.0,0.36,2.06,3.49,1.75,117.2,171.52,X,single,hit_into_play,Trea Turner singles on a ground ball to third baseman José Ramírez. Bryson Stott to 2nd.,ground_ball,65.2,-71.0,2.0,1.0,CLE,PHI,1,Top,R,0,0,3,1,2025,0.691,0.722,0.882,1.252,1.584,2.037,-20.514415619999998,66.75919925000001,Pull,False,0,777997-2-5
2025,2025-05-08,778005,41,5,607208,"Turner, Trea",R,R,FF,4-Seam Fastball,14.0,0.89,2.4,3.48,1.75,131.04,144.59,X,field_out,hit_into_play,"Trea Turner grounds out, second baseman Curtis Mead to first baseman Jonathan Aranda.",ground_ball,78.8,8.0,2.0,111.0,TB,PHI,6,Top,R,1,1,3,1,2025,0.691,0.722,0.882,1.252,1.584,2.037,14.025671019999978,133.96761928000004,Straightaway,True,1,778005-41-5
2025,2025-05-08,778005,25,3,607208,"Turner, Trea",R,R,FF,4-Seam Fastball,1.0,-0.57,2.95,3.48,1.75,116.34,177.02,X,field_out,hit_into_play,Trea Turner pops out to third baseman Junior Caminero.,popup,89.4,75.0,3.0,68.0,TB,PHI,4,Top,R,1,1,2,0,2025,0.691,0.722,0.882,1.252,1.584,2.037,-22.660692679999997,53.03300875000001,Pull,False,0,778005-25-3
2025,2025-05-08,778005,61,3,607208,"Turner, Trea",R,R,FC,Cutter,4.0,-0.46,2.53,3.48,1.75,51.85,71.5,X,double,hit_into_play,"Umpire reviewed (home run), call on the field was upheld: Trea Turner doubles (7) on a fly ball to left fielder Christopher Morel.",fly_ball,98.2,31.0,5.0,361.0,TB,PHI,8,Top,R,4,4,1,1,2025,0.691,0.722,0.882,1.252,1.584,2.037,-183.60651547,316.37621267000003,Pull,False,0,778005-61-3
2025,2025-05-08,778005,2,1,607208,"Turner, Trea",R,R,SL,Slider,2.0,-0.2,3.15,3.48,1.75,132.01,53.85,X,field_out,hit_into_play,Trea Turner flies out sharply to center fielder Kameron Misner. Bryson Stott to 3rd.,fly_ball,103.9,22.0,6.0,360.0,TB,PHI,1,Top,R,0,0,0,0,2025,0.691,0.722,0.882,1.252,1.584,2.037,16.446471889999973,360.4248058200001,Straightaway,False,1,778005-2-1
2025,2025-05-08,778005,78,2,607208,"Turner, Trea",R,R,SI,Sinker,8.0,-0.09,2.27,3.48,1.75,126.48,91.89,X,single,hit_into_play,Trea Turner singles on a sharp ground ball to center fielder Kameron Misner. Brandon Marsh scores.,ground_ball,100.8,-16.0,2.0,7.0,TB,PHI,10,Top,R,6,7,0,1,2025,0.691,0.722,0.882,1.252,1.584,2.037,2.6454112600000057,265.48948098000005,Straightaway,False,1,778005-78-2
2025,2025-05-07,778021,32,1,607208,"Turner, Trea",R,R,FF,4-Seam Fastball,2.0,0.0,3.46,3.48,1.75,168.03,116.72,X,single,hit_into_play,Trea Turner singles on a ground ball to right fielder José Caballero. Johan Rojas scores. Bryson Stott to 2nd.,ground_ball,100.6,-12.0,2.0,15.0,TB,PHI,4,Top,R,3,4,0,0,2025,0.691,0.722,0.882,1.252,1.584,2.037,106.34054131,203.52197005000005,Oppo,False,2,778021-32-1
2025,2025-05-07,778021,19,4,607208,"Turner, Trea",R,R,SL,Slider,4.0,-0.54,2.57,3.48,1.75,55.73,51.59,X,home_run,hit_into_play,Trea Turner homers (2) on a fly ball to left center field.,fly_ball,107.9,22.0,6.0,403.0,TB,PHI,3,Top,R,0,1,2,1,2025,0.691,0.722,0.882,1.252,1.584,2.037,-173.92331199,366.06502228000005,Pull,False,0,778021-19-4
2025,2025-05-07,778021,2,10,607208,"Turner, Trea",R,R,FF,4-Seam Fastball,8.0,-0.16,1.91,3.48,1.75,149.28,165.87,X,field_out,hit_into_play,Trea Turner grounds out to first baseman Curtis Mead.,ground_ball,70.8,8.0,2.0,99.0,TB,PHI,1,Top,R,0,0,3,2,2025,0.691,0.722,0.882,1.252,1.584,2.037,59.54671006,80.85974040000002,Oppo,False,2,778021-2-10
2025,2025-05-07,778021,48,3,607208,"Turner, Trea",R,R,SL,Slider,9.0,0.53,2.11,3.48,1.75,104.18,163.84,X,force_out,hit_into_play,"Trea Turner grounds into a force out, third baseman Junior Caminero to second baseman Brandon Lowe. Bryson Stott out at 2nd. Trea Turner to 1st.",ground_ball,70.8,-21.0,2.0,5.0,TB,PHI,6,Top,R,7,7,1,1,2025,0.691,0.722,0.882,1.252,1.584,2.037,-53.00805203999999,85.92595253000002,Pull,False,0,778021-48-3
2025,2025-05-06,778040,35,2,607208,"Turner, Trea",R,R,SI,Sinker,7.0,-0.46,1.76,3.47,1.75,113.3,151.68,X,fielders_choice,hit_into_play,"Trea Turner reaches on a fielder's choice, fielded by shortstop Taylor Walls. Brandon Marsh to 2nd.",ground_ball,86.2,-37.0,2.0,2.0,TB,PHI,5,Top,R,3,3,1,0,2025,0.691,0.722,0.882,1.252,1.584,2.037,-30.247532520000014,116.27331189000002,Pull,False,0,778040-35-2
2025,2025-05-06,778040,18,4,607208,"Turner, Trea",R,R,ST,Sweeper,9.0,0.47,2.24,3.47,1.75,106.61,113.12,X,single,hit_into_play,Trea Turner singles on a ground ball to left fielder Chandler Simpson.,ground_ball,98.0,6.0,4.0,114.0,TB,PHI,3,Top,R,3,3,1,2,2025,0.691,0.722,0.882,1.252,1.584,2.037,-46.94357151000001,212.50638565000003,Pull,False,0,778040-18-4
2025,2025-05-06,778040,2,2,607208,"Turner, Trea",R,R,FC,Cutter,9.0,0.6,2.02,3.47,1.75,109.25,160.3,X,field_out,hit_into_play,"Trea Turner grounds out, shortstop Taylor Walls to first baseman Jonathan Aranda.",ground_ball,65.5,-38.0,2.0,3.0,TB,PHI,1,Top,R,0,0,1,0,2025,0.691,0.722,0.882,1.252,1.584,2.037,-40.35500007000001,94.76062787000001,Pull,False,0,778040-2-2
2025,2025-05-06,778040,67,1,607208,"Turner, Trea",R,R,CH,Changeup,1.0,-0.5,2.96,3.47,1.75,104.69,150.16,X,field_out,hit_into_play,"Trea Turner grounds out, shortstop Taylor Walls to first baseman Jonathan Aranda.",ground_ball,96.8,-15.0,2.0,10.0,TB,PHI,9,Top,R,7,7,0,0,2025,0.691,0.722,0.882,1.252,1.584,2.037,-51.73525983000001,120.06673181000005,Pull,False,0,778040-67-1
2025,2025-05-06,778040,53,2,607208,"Turner, Trea",R,R,FC,Cutter,6.0,0.75,2.63,3.47,1.75,127.09,113.41,X,single,hit_into_play,Trea Turner singles on a line drive to center fielder Kameron Misner.,line_drive,74.6,18.0,4.0,187.0,TB,PHI,8,Top,R,3,3,1,0,2025,0.691,0.722,0.882,1.252,1.584,2.037,4.1677705700000045,211.78264106000006,Straightaway,False,1,778040-53-2
2025,2025-05-04,778059,40,3,607208,"Turner, Trea",L,R,FF,4-Seam Fastball,4.0,-0.52,2.34,3.47,1.75,110.28,149.49,X,field_out,hit_into_play,"Trea Turner grounds out, shortstop Geraldo Perdomo to first baseman Josh Naylor.",ground_ball,88.7,-9.0,2.0,13.0,PHI,AZ,4,Bot,R,2,2,2,0,2025,0.691,0.722,0.882,1.252,1.584,2.037,-37.78445894000001,121.73883138000001,Pull,False,0,778059-40-3
2025,2025-05-04,778059,23,1,607208,"Turner, Trea",L,R,FF,4-Seam Fastball,2.0,-0.03,3.04,3.47,1.75,162.05,82.12,X,field_out,hit_into_play,Trea Turner flies out to right fielder Corbin Carroll.,fly_ball,93.4,44.0,3.0,304.0,PHI,AZ,3,Bot,R,1,1,0,0,2025,0.691,0.722,0.882,1.252,1.584,2.037,91.41642873000004,289.87218665000006,Oppo,False,2,778059-23-1
2025,2025-05-04,778059,94,7,607208,"Turner, Trea",L,R,CH,Changeup,3.0,0.37,3.27,3.47,1.75,43.33,97.13,X,single,hit_into_play,Trea Turner singles on a line drive to left fielder Lourdes Gurriel Jr. Weston Wilson to 2nd.,line_drive,98.5,16.0,4.0,282.0,PHI,AZ,10,Bot,R,9,9,2,2,2025,0.691,0.722,0.882,1.252,1.584,2.037,-204.86963239000002,252.41216494000005,Pull,False,0,778059-94-7
2025,2025-05-04,778059,57,1,607208,"Turner, Trea",R,R,SI,Sinker,5.0,-0.22,2.52,3.47,1.75,120.46,136.18,X,field_out,hit_into_play,"Trea Turner grounds out, shortstop Geraldo Perdomo to first baseman Josh Naylor.",ground_ball,96.6,-9.0,2.0,15.0,PHI,AZ,6,Bot,R,5,5,0,0,2025,0.691,0.722,0.882,1.252,1.584,2.037,-12.378528160000021,154.95621239000002,Straightaway,False,1,778059-57-1
2025,2025-05-03,778078,35,5,607208,"Turner, Trea",R,R,FF,4-Seam Fastball,2.0,-0.01,3.0,3.44,1.72,168.54,69.1,X,double,hit_into_play,Trea Turner doubles (6) on a sharp line drive to right fielder Corbin Carroll.,line_drive,102.2,21.0,5.0,339.0,PHI,AZ,4,Bot,R,6,6,3,1,2025,0.691,0.722,0.882,1.252,1.584,2.037,107.61333351999998,322.3658230700001,Oppo,False,2,778078-35-5
2025,2025-05-03,778078,69,8,607208,"Turner, Trea",R,R,SL,Slider,8.0,0.22,2.18,3.44,1.72,170.05,95.82,X,field_out,hit_into_play,Trea Turner flies out to right fielder Corbin Carroll.,fly_ball,88.4,41.0,3.0,280.0,PHI,AZ,8,Bot,R,7,7,3,2,2025,0.691,0.722,0.882,1.252,1.584,2.037,111.38179673000003,255.68149395000006,Oppo,False,2,778078-69-8
2025,2025-05-03,778078,49,1,607208,"Turner, Trea",L,R,SL,Slider,8.0,0.23,1.94,3.44,1.72,111.81,154.56,X,field_out,hit_into_play,"Trea Turner grounds out, shortstop Geraldo Perdomo to first baseman Josh Naylor.",ground_ball,92.1,-25.0,2.0,4.0,PHI,AZ,5,Bot,R,7,7,0,0,2025,0.691,0.722,0.882,1.252,1.584,2.037,-33.966082310000004,109.08577941000003,Pull,False,0,778078-49-1
2025,2025-05-03,778078,6,1,607208,"Turner, Trea",R,R,SI,Sinker,5.0,-0.11,2.71,3.44,1.72,159.98,82.67,X,single,hit_into_play,Trea Turner singles on a sharp line drive to right fielder Corbin Carroll.,line_drive,106.6,9.0,4.0,219.0,PHI,AZ,1,Bot,R,0,0,0,0,2025,0.691,0.722,0.882,1.252,1.584,2.037,86.25038975999998,288.49956760000003,Oppo,False,2,778078-6-1
2025,2025-05-02,778086,26,1,607208,"Turner, Trea",R,R,FC,Cutter,9.0,0.39,1.91,3.44,1.72,141.83,161.61,X,field_out,hit_into_play,"Trea Turner grounds out, first baseman Josh Naylor to pitcher Merrill Kelly.",ground_ball,58.1,-13.0,1.0,8.0,PHI,AZ,3,Bot,R,1,1,0,0,2025,0.691,0.722,0.882,1.252,1.584,2.037,40.95396111000003,91.49129886,Oppo,False,2,778086-26-1
2025,2025-05-02,778086,48,4,607208,"Turner, Trea",R,R,SI,Sinker,8.0,-0.23,1.92,3.44,1.72,105.21,172.82,X,field_out,hit_into_play,"Trea Turner grounds out, third baseman Eugenio Suárez to first baseman Josh Naylor.",ground_ball,95.3,-45.0,2.0,2.0,PHI,AZ,6,Bot,R,1,1,2,1,2025,0.691,0.722,0.882,1.252,1.584,2.037,-50.43751091000002,63.51482695000005,Pull,False,0,778086-48-4
2025,2025-05-02,778086,7,2,607208,"Turner, Trea",R,R,FC,Cutter,14.0,1.01,2.3,3.44,1.72,154.22,116.3,X,single,hit_into_play,Trea Turner singles on a fly ball to right fielder Corbin Carroll.,fly_ball,68.9,29.0,4.0,220.0,PHI,AZ,1,Bot,R,0,0,1,0,2025,0.691,0.722,0.882,1.252,1.584,2.037,71.8753248,204.57015187000005,Oppo,True,2,778086-7-2
2025,2025-05-01,778099,46,2,607208,"Turner, Trea",R,R,FF,4-Seam Fastball,1.0,-0.81,3.0,3.44,1.72,78.67,108.28,X,single,hit_into_play,Trea Turner singles on a line drive to left fielder James Wood.,line_drive,80.6,19.0,4.0,229.0,PHI,WSH,6,Bot,R,1,1,1,0,2025,0.691,0.722,0.882,1.252,1.584,2.037,-116.67261925000001,224.58543329000005,Pull,False,0,778099-46-2
2025,2025-05-01,778099,26,5,607208,"Turner, Trea",R,R,CH,Changeup,4.0,-0.28,2.31,3.44,1.72,99.06,169.27,X,field_out,hit_into_play,"Trea Turner grounds out, third baseman José Tena to first baseman Nathaniel Lowe.",ground_ball,101.5,0.0,4.0,48.0,PHI,WSH,4,Bot,R,0,0,2,2,2025,0.691,0.722,0.882,1.252,1.584,2.037,-65.78588756,72.374459,Pull,False,0,778099-26-5
2025,2025-05-01,778099,7,2,607208,"Turner, Trea",R,R,FF,4-Seam Fastball,12.0,0.22,3.62,3.44,1.72,167.62,113.05,X,single,hit_into_play,Trea Turner singles on a ground ball to right fielder Dylan Crews.,ground_ball,96.4,-13.0,2.0,15.0,PHI,WSH,1,Bot,R,0,0,0,1,2025,0.691,0.722,0.882,1.252,1.584,2.037,105.31731620000002,212.68108262000004,Oppo,True,2,778099-7-2
2025,2025-05-01,778099,64,2,607208,"Turner, Trea",R,R,KC,Knuckle Curve,9.0,0.55,2.1,3.44,1.72,108.96,107.46,X,single,hit_into_play,Trea Turner singles on a line drive to center fielder Jacob Young.,line_drive,68.3,19.0,4.0,182.0,PHI,WSH,8,Bot,R,2,2,0,1,2025,0.691,0.722,0.882,1.252,1.584,2.037,-41.07874466000003,226.63188351000005,Straightaway,False,1,778099-64-2
2025,2025-04-30,778118,55,1,607208,"Turner, Trea",R,R,CU,Curveball,14.0,0.89,2.33,3.43,1.7,148.49,162.17,X,field_out,hit_into_play,"Trea Turner grounds out, second baseman Amed Rosario to first baseman Nathaniel Lowe.",ground_ball,61.0,-32.0,2.0,4.0,PHI,WSH,6,Bot,R,6,6,0,0,2025,0.691,0.722,0.882,1.252,1.584,2.037,57.57512997000002,90.09372310000006,Oppo,True,2,778118-55-1
2025,2025-04-30,778118,37,4,607208,"Turner, Trea",R,R,CU,Curveball,3.0,0.42,2.96,3.43,1.7,103.35,161.66,X,field_out,hit_into_play,"Trea Turner grounds out, third baseman José Tena to first baseman Nathaniel Lowe.",ground_ball,82.6,-6.0,2.0,24.0,PHI,WSH,4,Bot,R,4,4,1,2,2025,0.691,0.722,0.882,1.252,1.584,2.037,-55.079458970000026,91.36651531000004,Pull,False,0,778118-37-4
2025,2025-04-29,778131,39,7,607208,"Turner, Trea",L,R,FF,4-Seam Fastball,2.0,-0.15,3.01,3.41,1.69,120.9,102.33,X,single,hit_into_play,Trea Turner singles on a ground ball to center fielder Jacob Young.,ground_ball,92.2,-10.0,2.0,15.0,PHI,WSH,5,Bot,R,3,3,2,2,2025,0.691,0.722,0.882,1.252,1.584,2.037,-11.28043291999999,239.43467574000005,Straightaway,False,1,778131-39-7
2025,2025-04-29,778131,23,4,607208,"Turner, Trea",L,R,FC,Cutter,6.0,0.3,2.87,3.41,1.69,179.21,118.05,X,single,hit_into_play,Trea Turner singles on a ground ball to right fielder Dylan Crews.,ground_ball,100.9,5.0,4.0,125.0,PHI,WSH,3,Bot,R,3,3,1,2,2025,0.691,0.722,0.882,1.252,1.584,2.037,134.24214309,200.20272762000005,Oppo,False,2,778131-23-4
2025,2025-04-29,778131,4,6,607208,"Turner, Trea",L,R,FF,4-Seam Fastball,5.0,-0.1,2.54,3.41,1.69,153.29,94.7,X,single,hit_into_play,Trea Turner singles on a line drive to right fielder Dylan Crews.,line_drive,87.6,18.0,4.0,270.0,PHI,WSH,1,Bot,R,0,0,2,2,2025,0.691,0.722,0.882,1.252,1.584,2.037,69.55435076999999,258.47664547000005,Oppo,False,2,778131-4-6
2025,2025-04-29,778131,63,2,607208,"Turner, Trea",L,R,SI,Sinker,3.0,0.61,3.31,3.41,1.69,209.13,108.92,X,double,hit_into_play,Trea Turner doubles (5) on a fly ball to right fielder Dylan Crews. Johan Rojas scores.,fly_ball,93.0,35.0,3.0,331.0,PHI,WSH,8,Bot,R,3,4,1,0,2025,0.691,0.722,0.882,1.252,1.584,2.037,208.91261941,222.98820385000005,Oppo,False,2,778131-63-2
2025,2025-04-27,778158,38,5,607208,"Turner, Trea",R,R,SI,Sinker,9.0,0.41,2.11,3.43,1.7,99.23,128.23,X,field_out,hit_into_play,"Trea Turner grounds out, shortstop Dansby Swanson to first baseman Michael Busch.",ground_ball,100.0,-25.0,2.0,4.0,CHC,PHI,6,Top,R,1,1,2,2,2025,0.691,0.722,0.882,1.252,1.584,2.037,-65.36162349,174.79679684000007,Pull,False,0,778158-38-5
2025,2025-04-27,778158,19,3,607208,"Turner, Trea",R,R,FF,4-Seam Fastball,8.0,-0.25,1.89,3.43,1.7,87.12,115.8,X,single,hit_into_play,Trea Turner singles on a ground ball to left fielder Ian Happ. Bryson Stott scores.,ground_ball,103.5,-10.0,2.0,10.0,CHC,PHI,3,Top,R,0,1,1,1,2025,0.691,0.722,0.882,1.252,1.584,2.037,-95.5841993,205.81798737000005,Pull,False,0,778158-19-3
2025,2025-04-27,778158,68,4,607208,"Turner, Trea",R,R,SL,Slider,7.0,-0.34,2.19,3.43,1.7,124.4,202.42,X,single,hit_into_play,Trea Turner singles on a ground ball to third baseman Vidal Bruján. Max Kepler scores. Johan Rojas to 3rd. Bryson Stott to 2nd.,ground_ball,83.7,-23.0,2.0,5.0,CHC,PHI,10,Top,R,2,3,1,2,2025,0.691,0.722,0.882,1.252,1.584,2.037,-2.54558441999999,-10.357034649999944,Pull,False,0,778158-68-4
2025,2025-04-27,778158,2,2,607208,"Turner, Trea",R,R,ST,Sweeper,5.0,0.1,2.28,3.43,1.7,118.01,105.08,X,single,hit_into_play,Trea Turner singles on a fly ball to center fielder Pete Crow-Armstrong.,fly_ball,72.0,30.0,4.0,236.0,CHC,PHI,1,Top,R,0,0,0,1,2025,0.691,0.722,0.882,1.252,1.584,2.037,-18.49292210999999,232.57158049000006,Straightaway,False,1,778158-2-2
2025,2025-04-27,778158,56,4,607208,"Turner, Trea",R,R,CU,Curveball,14.0,0.04,1.46,3.43,1.7,104.85,163.92,X,field_out,hit_into_play,"Trea Turner grounds out, third baseman Vidal Bruján to first baseman Michael Busch.",ground_ball,95.7,-5.0,2.0,15.0,CHC,PHI,9,Top,R,1,1,1,2,2025,0.691,0.722,0.882,1.252,1.584,2.037,-51.335952470000024,85.72629885000006,Pull,True,0,778158-56-4
2025,2025-04-26,778174,31,3,607208,"Turner, Trea",R,R,FF,4-Seam Fastball,2.0,0.17,2.93,3.43,1.71,166.84,50.34,X,field_out,hit_into_play,Trea Turner flies out sharply to center fielder Pete Crow-Armstrong.,fly_ball,104.1,24.0,6.0,381.0,CHC,PHI,4,Top,R,4,4,2,0,2025,0.691,0.722,0.882,1.252,1.584,2.037,103.37069282000002,369.18461103000004,Oppo,False,2,778174-31-3
2025,2025-04-26,778174,18,1,607208,"Turner, Trea",R,R,KC,Knuckle Curve,14.0,0.86,1.62,3.43,1.71,109.77,162.56,X,field_out,hit_into_play,"Trea Turner grounds out, third baseman Jon Berti to first baseman Justin Turner. Bryson Stott to 2nd.",ground_ball,81.8,-36.0,2.0,2.0,CHC,PHI,3,Top,R,0,0,0,0,2025,0.691,0.722,0.882,1.252,1.584,2.037,-39.05725115000002,89.12041141000003,Pull,True,0,778174-18-1
2025,2025-04-26,778174,50,2,607208,"Turner, Trea",R,R,ST,Sweeper,14.0,0.5,1.55,3.43,1.71,115.2,97.09,X,single,hit_into_play,Trea Turner singles on a line drive to center fielder Pete Crow-Armstrong. Johan Rojas scores. Bryson Stott to 2nd.,line_drive,104.5,7.0,4.0,179.0,CHC,PHI,6,Top,R,6,7,0,1,2025,0.691,0.722,0.882,1.252,1.584,2.037,-25.50575762,252.51199178000005,Straightaway,True,1,778174-50-2
2025,2025-04-26,778174,70,5,607208,"Turner, Trea",R,R,FF,4-Seam Fastball,4.0,-0.39,2.88,3.43,1.71,172.03,112.53,X,field_out,hit_into_play,Trea Turner flies out to right fielder Kyle Tucker.,fly_ball,94.8,50.0,3.0,245.0,CHC,PHI,8,Top,R,10,10,3,1,2025,0.691,0.722,0.882,1.252,1.584,2.037,116.32322531000001,213.97883154000004,Oppo,False,2,778174-70-5
2025,2025-04-25,778182,22,2,607208,"Turner, Trea",R,R,FF,4-Seam Fastball,3.0,0.76,3.0,3.44,1.72,178.72,106.93,X,single,hit_into_play,Trea Turner singles on a line drive to right fielder Kyle Tucker.,line_drive,94.6,9.0,4.0,153.0,CHC,PHI,3,Top,R,0,0,1,0,2025,0.691,0.722,0.882,1.252,1.584,2.037,133.0192643,227.95458914000002,Oppo,False,2,778182-22-2
2025,2025-04-25,778182,60,4,607208,"Turner, Trea",R,R,FF,4-Seam Fastball,5.0,0.1,2.51,3.44,1.72,125.91,140.93,X,force_out,hit_into_play,"Trea Turner grounds into a force out, shortstop Dansby Swanson to second baseman Nico Hoerner. Alec Bohm out at 2nd.",ground_ball,105.8,-6.0,2.0,20.0,CHC,PHI,7,Top,R,0,0,2,1,2025,0.691,0.722,0.882,1.252,1.584,2.037,1.2228787899999873,143.10177514000003,Straightaway,False,1,778182-60-4
2025,2025-04-23,778203,32,2,607208,"Turner, Trea",L,R,FF,4-Seam Fastball,5.0,-0.05,2.71,3.44,1.72,163.33,102.3,X,single,hit_into_play,Trea Turner singles on a ground ball to right fielder Juan Soto. Weston Wilson scores. Johan Rojas to 2nd.,ground_ball,97.8,5.0,4.0,119.0,NYM,PHI,4,Top,R,1,2,0,1,2025,0.691,0.722,0.882,1.252,1.584,2.037,94.61088761000003,239.50954587000004,Oppo,False,2,778203-32-2
2025,2025-04-23,778203,14,2,607208,"Turner, Trea",L,R,CH,Changeup,9.0,0.36,1.72,3.44,1.72,106.42,153.71,X,force_out,hit_into_play,"Trea Turner grounds into a force out, shortstop Francisco Lindor to second baseman Brett Baty. Weston Wilson out at 2nd.",ground_ball,104.8,-2.0,4.0,30.0,NYM,PHI,2,Top,R,0,0,1,0,2025,0.691,0.722,0.882,1.252,1.584,2.037,-47.417749,111.20709976000002,Pull,False,0,778203-14-2
2025,2025-04-23,778203,53,2,607208,"Turner, Trea",R,R,SI,Sinker,4.0,-0.62,2.4,3.44,1.72,122.43,144.59,X,field_out,hit_into_play,"Trea Turner grounds out, second baseman Brett Baty to first baseman Pete Alonso.",ground_ball,82.7,-3.0,2.0,29.0,NYM,PHI,7,Top,R,2,2,0,1,2025,0.691,0.722,0.882,1.252,1.584,2.037,-7.462056289999988,133.96761928000004,Straightaway,False,1,778203-53-2
2025,2025-04-23,778203,1,7,607208,"Turner, Trea",L,R,SL,Slider,8.0,-0.03,2.17,3.44,1.72,100.33,163.88,X,field_out,hit_into_play,"Trea Turner grounds out, third baseman Mark Vientos to first baseman Pete Alonso.",ground_ball,98.2,-15.0,2.0,8.0,NYM,PHI,1,Top,R,0,0,3,2,2025,0.691,0.722,0.882,1.252,1.584,2.037,-62.61638539000001,85.82612569000004,Pull,False,0,778203-1-7
2025,2025-04-22,778223,17,3,607208,"Turner, Trea",R,R,SL,Slider,14.0,0.78,1.58,3.47,1.73,105.7,167.9,X,field_out,hit_into_play,"Trea Turner grounds out, third baseman Mark Vientos to first baseman Pete Alonso.",ground_ball,73.5,-15.0,2.0,6.0,NYM,PHI,2,Top,R,1,1,1,1,2025,0.691,0.722,0.882,1.252,1.584,2.037,-49.214632120000005,75.79352827000002,Pull,True,0,778223-17-3
2025,2025-04-22,778223,2,5,607208,"Turner, Trea",R,R,FF,4-Seam Fastball,6.0,0.72,2.41,3.47,1.73,181.21,103.04,X,field_out,hit_into_play,Trea Turner lines out to right fielder Juan Soto.,line_drive,99.4,17.0,4.0,298.0,NYM,PHI,1,Top,R,0,0,2,2,2025,0.691,0.722,0.882,1.252,1.584,2.037,139.23348509000002,237.66274933000003,Oppo,False,2,778223-2-5
2025,2025-04-22,778223,55,4,607208,"Turner, Trea",L,R,FF,4-Seam Fastball,9.0,0.54,2.16,3.47,1.73,180.57,70.33,X,field_out,hit_into_play,Trea Turner flies out to right fielder Juan Soto.,fly_ball,96.4,26.0,5.0,346.0,NYM,PHI,7,Top,R,1,1,2,1,2025,0.691,0.722,0.882,1.252,1.584,2.037,137.63625564999998,319.29614774000004,Oppo,False,2,778223-55-4
2025,2025-04-21,778225,58,5,607208,"Turner, Trea",R,R,FF,4-Seam Fastball,6.0,0.34,2.79,3.49,1.72,182.29,90.7,X,field_out,hit_into_play,Trea Turner flies out to right fielder Juan Soto.,fly_ball,90.0,34.0,3.0,303.0,NYM,PHI,8,Top,R,0,0,3,1,2025,0.691,0.722,0.882,1.252,1.584,2.037,141.92880977,268.45932947000006,Oppo,False,2,778225-58-5
2025,2025-04-20,778248,24,4,607208,"Turner, Trea",R,R,FC,Cutter,6.0,0.34,2.74,3.48,1.72,110.45,156.08,X,field_out,hit_into_play,"Trea Turner grounds out, shortstop Xavier Edwards to first baseman Eric Wagaman.",ground_ball,68.3,-24.0,2.0,6.0,PHI,MIA,3,Bot,R,3,3,1,2,2025,0.691,0.722,0.882,1.252,1.584,2.037,-37.36019487,105.29235949,Pull,False,0,778248-24-4
2025,2025-04-20,778248,59,8,607208,"Turner, Trea",L,R,CH,Changeup,8.0,0.08,1.91,3.48,1.72,95.24,165.21,X,single,hit_into_play,Trea Turner singles on a ground ball to third baseman Connor Norby.,ground_ball,96.3,-7.0,2.0,15.0,PHI,MIA,7,Bot,R,4,4,3,2,2025,0.691,0.722,0.882,1.252,1.584,2.037,-75.31935078000002,82.50688326000001,Pull,False,0,778248-59-8
2025,2025-04-20,778248,6,4,607208,"Turner, Trea",R,R,ST,Sweeper,9.0,0.4,2.13,3.48,1.72,86.62,116.53,X,single,hit_into_play,Trea Turner singles on a line drive to left fielder Javier Sanoja. Bryson Stott to 3rd.,line_drive,81.9,18.0,4.0,235.0,PHI,MIA,1,Bot,R,0,0,1,2,2025,0.691,0.722,0.882,1.252,1.584,2.037,-96.8320348,203.99614754000004,Pull,False,0,778248-6-4
2025,2025-04-19,778252,37,5,607208,"Turner, Trea",R,R,SL,Slider,5.0,-0.14,2.36,3.49,1.72,38.53,111.41,X,double,hit_into_play,Trea Turner doubles (4) on a sharp line drive to left fielder Griffin Conine. Bryson Stott scores.,line_drive,101.6,12.0,4.0,212.0,PHI,MIA,4,Bot,R,6,7,2,2,2025,0.691,0.722,0.882,1.252,1.584,2.037,-216.84885319000003,216.77398306000006,Pull,False,0,778252-37-5
2025,2025-04-19,778252,70,3,607208,"Turner, Trea",L,R,CU,Curveball,4.0,-0.56,2.85,3.49,1.72,56.06,91.56,X,single,hit_into_play,Trea Turner singles on a sharp line drive to left fielder Javier Sanoja. Bryson Stott to 3rd.,line_drive,104.8,17.0,5.0,266.0,PHI,MIA,7,Bot,R,9,9,1,1,2025,0.691,0.722,0.882,1.252,1.584,2.037,-173.09974056000001,266.31305241000007,Pull,False,0,778252-70-3
2025,2025-04-19,778252,50,6,607208,"Turner, Trea",L,R,CU,Curveball,6.0,0.28,2.84,3.49,1.72,123.64,139.35,X,single,hit_into_play,Trea Turner singles on a ground ball to second baseman Otto Lopez. Bryson Stott to 2nd.,ground_ball,95.2,-2.0,2.0,34.0,PHI,MIA,5,Bot,R,9,9,2,2,2025,0.691,0.722,0.882,1.252,1.584,2.037,-4.442294380000003,147.04493532000006,Straightaway,False,1,778252-50-6
2025,2025-04-19,778252,23,3,607208,"Turner, Trea",R,R,CU,Curveball,6.0,0.41,2.28,3.49,1.72,91.69,104.87,X,single,hit_into_play,Trea Turner singles on a line drive to left fielder Griffin Conine. Johan Rojas scores.,line_drive,89.9,10.0,4.0,150.0,PHI,MIA,3,Bot,R,0,1,0,2,2025,0.691,0.722,0.882,1.252,1.584,2.037,-84.17898283000001,233.09567140000004,Pull,False,0,778252-23-3
2025,2025-04-19,778252,6,1,607208,"Turner, Trea",R,R,FC,Cutter,5.0,-0.16,2.94,3.49,1.72,62.94,76.08,X,field_out,hit_into_play,Trea Turner flies out to left fielder Griffin Conine.,fly_ball,93.8,40.0,3.0,341.0,PHI,MIA,1,Bot,R,0,0,0,0,2025,0.691,0.722,0.882,1.252,1.584,2.037,-155.92952408000002,304.94603949000003,Pull,False,0,778252-6-1
2025,2025-04-18,778274,17,4,607208,"Turner, Trea",R,R,CH,Changeup,8.0,-0.03,1.98,3.49,1.71,134.01,163.18,X,field_out,hit_into_play,"Trea Turner grounds out, second baseman Otto Lopez to first baseman Eric Wagaman.",ground_ball,69.3,-3.0,2.0,22.0,PHI,MIA,2,Bot,R,5,5,1,2,2025,0.691,0.722,0.882,1.252,1.584,2.037,21.437813889999976,87.57309539000002,Oppo,False,2,778274-17-4
2025,2025-04-18,778274,34,7,607208,"Turner, Trea",L,R,FF,4-Seam Fastball,1.0,-0.49,3.15,3.49,1.71,68.9,73.49,X,field_out,hit_into_play,Trea Turner flies out to left fielder Griffin Conine.,fly_ball,96.7,42.0,3.0,341.0,PHI,MIA,4,Bot,R,6,6,3,2,2025,0.691,0.722,0.882,1.252,1.584,2.037,-141.05532492,311.4098273800001,Pull,False,0,778274-34-7
2025,2025-04-18,778274,55,2,607208,"Turner, Trea",R,R,SI,Sinker,5.0,-0.16,2.92,3.49,1.71,181.61,139.74,X,field_out,hit_into_play,Trea Turner flies out to right fielder Kyle Stowers.,fly_ball,73.9,50.0,3.0,204.0,PHI,MIA,7,Bot,R,7,7,1,0,2025,0.691,0.722,0.882,1.252,1.584,2.037,140.23175349000005,146.07162363,Oppo,False,2,778274-55-2
2025,2025-04-17,778279,57,4,607208,"Turner, Trea",R,R,SI,Sinker,4.0,-0.63,2.31,3.44,1.71,138.78,151.52,X,grounded_into_double_play,hit_into_play,"Trea Turner grounds into a double play, second baseman Tyler Fitzgerald to first baseman Casey Schmitt. Bryson Stott out at 2nd. Trea Turner out at 1st.",ground_ball,89.8,4.0,4.0,77.0,PHI,SF,7,Bot,R,5,5,2,1,2025,0.691,0.722,0.882,1.252,1.584,2.037,33.34216456,116.67261925000001,Oppo,False,2,778279-57-4
2025,2025-04-17,778279,39,2,607208,"Turner, Trea",R,R,SI,Sinker,4.0,-0.74,2.49,3.44,1.71,107.34,150.51,X,field_error,hit_into_play,Trea Turner reaches on a fielding error by shortstop Christian Koss.,ground_ball,85.0,1.0,2.0,49.0,PHI,SF,5,Bot,R,5,5,1,0,2025,0.691,0.722,0.882,1.252,1.584,2.037,-45.121731679999996,119.19324696000005,Pull,False,0,778279-39-2
2025,2025-04-17,778279,7,2,607208,"Turner, Trea",R,R,SI,Sinker,5.0,0.15,2.68,3.44,1.71,161.09,147.97,X,single,hit_into_play,Trea Turner singles on a ground ball to second baseman Tyler Fitzgerald. Bryson Stott to 2nd.,ground_ball,106.1,-2.0,4.0,36.0,PHI,SF,1,Bot,R,0,0,1,0,2025,0.691,0.722,0.882,1.252,1.584,2.037,89.02058457000001,125.53225130000004,Oppo,False,2,778279-7-2
2025,2025-04-16,778296,38,7,607208,"Turner, Trea",L,R,CH,Changeup,5.0,-0.04,2.75,3.43,1.69,148.68,85.87,X,field_out,hit_into_play,Trea Turner flies out to right fielder Mike Yastrzemski. Johan Rojas to 3rd.,fly_ball,83.0,34.0,3.0,288.0,PHI,SF,4,Bot,R,2,2,2,2,2025,0.691,0.722,0.882,1.252,1.584,2.037,58.049307460000016,280.51342040000003,Straightaway,False,1,778296-38-7
2025,2025-04-16,778296,81,4,607208,"Turner, Trea",R,R,SI,Sinker,5.0,0.06,2.5,3.43,1.69,143.92,146.45,X,field_out,hit_into_play,"Trea Turner grounds out, second baseman Tyler Fitzgerald to first baseman LaMonte Wade Jr.",ground_ball,103.5,-4.0,2.0,25.0,PHI,SF,8,Bot,R,4,4,2,1,2025,0.691,0.722,0.882,1.252,1.584,2.037,46.16991349999997,129.32567122000006,Oppo,False,2,778296-81-4
2025,2025-04-16,778296,10,4,607208,"Turner, Trea",L,R,CH,Changeup,7.0,-0.43,1.87,3.43,1.69,100.82,153.55,X,single,hit_into_play,Trea Turner singles on a ground ball to shortstop Willy Adames.,ground_ball,108.7,-24.0,2.0,4.0,PHI,SF,1,Bot,R,0,0,1,2,2025,0.691,0.722,0.882,1.252,1.584,2.037,-61.39350660000002,111.60640712,Pull,False,0,778296-10-4
2025,2025-04-15,778313,39,3,607208,"Turner, Trea",R,R,ST,Sweeper,6.0,0.48,2.7,3.41,1.69,151.74,75.14,X,field_out,hit_into_play,Trea Turner lines out sharply to center fielder Jung Hoo Lee.,line_drive,100.2,17.0,4.0,315.0,PHI,SF,5,Bot,R,2,2,0,2,2025,0.691,0.722,0.882,1.252,1.584,2.037,65.68606072000003,307.29197023000006,Oppo,False,2,778313-39-3
2025,2025-04-15,778313,5,6,607208,"Turner, Trea",R,R,SL,Slider,2.0,0.18,2.91,3.41,1.69,68.37,74.44,X,field_out,hit_into_play,Trea Turner flies out to left fielder Heliot Ramos.,fly_ball,95.2,31.0,5.0,352.0,PHI,SF,1,Bot,R,0,0,3,2,2025,0.691,0.722,0.882,1.252,1.584,2.037,-142.37803055,309.0389399300001,Pull,False,0,778313-5-6
2025,2025-04-15,778313,56,5,607208,"Turner, Trea",R,R,CH,Changeup,14.0,0.1,1.42,3.41,1.69,116.35,164.93,X,field_out,hit_into_play,"Trea Turner grounds out sharply, shortstop Willy Adames to first baseman Casey Schmitt.",ground_ball,108.6,-19.0,2.0,4.0,PHI,SF,7,Bot,R,4,4,2,2,2025,0.691,0.722,0.882,1.252,1.584,2.037,-22.63573597000002,83.20567114000002,Pull,True,0,778313-56-5
2025,2025-04-14,778320,39,1,607208,"Turner, Trea",R,R,CU,Curveball,6.0,0.73,2.82,3.41,1.69,129.29,177.51,X,field_out,hit_into_play,"Trea Turner grounds out, pitcher Landen Roupp to first baseman LaMonte Wade Jr.",ground_ball,62.4,-13.0,2.0,12.0,PHI,SF,4,Bot,R,3,3,0,0,2025,0.691,0.722,0.882,1.252,1.584,2.037,9.658246769999977,51.810129960000054,Straightaway,False,1,778320-39-1
2025,2025-04-14,778320,60,5,607208,"Turner, Trea",L,R,FF,4-Seam Fastball,11.0,-0.56,3.73,3.41,1.69,120.67,85.96,X,field_out,hit_into_play,Trea Turner flies out to center fielder Jung Hoo Lee.,fly_ball,85.6,43.0,3.0,283.0,PHI,SF,7,Bot,R,4,4,2,2,2025,0.691,0.722,0.882,1.252,1.584,2.037,-11.85443725,280.2888100100001,Straightaway,True,1,778320-60-5
2025,2025-04-14,778320,5,1,607208,"Turner, Trea",R,R,SI,Sinker,2.0,0.03,2.98,3.41,1.69,93.56,54.75,X,double,hit_into_play,Trea Turner doubles (3) on a fly ball to left fielder Heliot Ramos. Bryson Stott scores.,fly_ball,95.4,24.0,5.0,365.0,PHI,SF,1,Bot,R,0,1,0,0,2025,0.691,0.722,0.882,1.252,1.584,2.037,-79.51207806000001,358.17870192000004,Pull,False,0,778320-5-1
2025,2025-04-13,778336,36,1,607208,"Turner, Trea",L,R,FF,4-Seam Fastball,8.0,0.27,1.61,3.41,1.7,168.31,75.71,X,field_out,hit_into_play,Trea Turner flies out to right fielder Jordan Walker.,fly_ball,90.0,26.0,3.0,323.0,STL,PHI,5,Top,R,0,0,0,0,2025,0.691,0.722,0.882,1.252,1.584,2.037,107.03932919,305.86943776000004,Oppo,False,2,778336-36-1
2025,2025-04-13,778336,16,2,607208,"Turner, Trea",L,R,FF,4-Seam Fastball,5.0,-0.06,2.55,3.41,1.7,138.97,67.36,X,field_out,hit_into_play,Trea Turner lines out to center fielder Victor Scott II.,line_drive,93.3,21.0,3.0,329.0,STL,PHI,3,Top,R,0,0,1,0,2025,0.691,0.722,0.882,1.252,1.584,2.037,33.816342049999996,326.70829061000006,Straightaway,False,1,778336-16-2
2025,2025-04-13,778336,59,3,607208,"Turner, Trea",L,R,CH,Changeup,14.0,1.0,2.4,3.41,1.7,153.69,68.98,X,field_out,hit_into_play,Trea Turner flies out to center fielder Victor Scott II.,fly_ball,90.7,26.0,3.0,330.0,STL,PHI,8,Top,R,0,0,1,1,2025,0.691,0.722,0.882,1.252,1.584,2.037,70.55261917,322.66530359000006,Oppo,True,2,778336-59-3
2025,2025-04-13,778336,1,3,607208,"Turner, Trea",L,R,CH,Changeup,5.0,-0.06,2.44,3.41,1.7,169.96,61.92,X,field_out,hit_into_play,Trea Turner flies out to center fielder Victor Scott II.,fly_ball,98.1,27.0,6.0,356.0,STL,PHI,1,Top,R,0,0,1,1,2025,0.691,0.722,0.882,1.252,1.584,2.037,111.15718634000002,340.2847408500001,Oppo,False,2,778336-1-3
2025,2025-04-12,778347,17,3,607208,"Turner, Trea",R,R,CH,Changeup,8.0,-0.19,1.86,3.41,1.69,94.63,155.2,X,field_out,hit_into_play,"Trea Turner grounds out, third baseman Nolan Arenado to first baseman Willson Contreras.",ground_ball,82.3,-21.0,2.0,5.0,STL,PHI,3,Top,R,2,2,0,2,2025,0.691,0.722,0.882,1.252,1.584,2.037,-76.84171009000002,107.48854997000007,Pull,False,0,778347-17-3
2025,2025-04-12,778347,52,3,607208,"Turner, Trea",L,R,CH,Changeup,5.0,0.09,2.28,3.41,1.69,91.45,79.63,X,single,hit_into_play,Trea Turner singles on a sharp line drive to left fielder Lars Nootbaar. Alec Bohm scores.,line_drive,107.0,11.0,4.0,215.0,STL,PHI,7,Top,R,3,4,2,0,2025,0.691,0.722,0.882,1.252,1.584,2.037,-84.77794387,296.0864074400001,Pull,False,0,778347-52-3
2025,2025-04-12,778347,69,7,607208,"Turner, Trea",L,R,SL,Slider,5.0,0.18,2.46,3.41,1.69,90.78,166.95,X,field_out,hit_into_play,"Trea Turner grounds out, third baseman Nolan Arenado to first baseman Willson Contreras.",ground_ball,80.9,2.0,2.0,54.0,STL,PHI,9,Top,R,4,4,3,2,2025,0.691,0.722,0.882,1.252,1.584,2.037,-86.45004344,78.16441572000006,Pull,False,0,778347-69-7
2025,2025-04-12,778347,2,2,607208,"Turner, Trea",R,R,SL,Slider,5.0,-0.26,2.39,3.41,1.69,130.85,105.72,X,field_out,hit_into_play,Trea Turner flies out to center fielder Victor Scott II.,fly_ball,88.7,45.0,3.0,235.0,STL,PHI,1,Top,R,0,0,0,1,2025,0.691,0.722,0.882,1.252,1.584,2.037,13.551493529999982,230.97435105000005,Straightaway,False,1,778347-2-2
2025,2025-04-11,778365,44,3,607208,"Turner, Trea",R,R,SI,Sinker,4.0,-0.47,2.59,3.43,1.7,197.77,142.98,X,field_out,hit_into_play,Trea Turner flies out to right fielder Jordan Walker in foul territory.,fly_ball,81.3,51.0,3.0,226.0,STL,PHI,6,Top,R,0,0,1,1,2025,0.691,0.722,0.882,1.252,1.584,2.037,180.56179685000004,137.98564959000007,Oppo,False,2,778365-44-3
2025,2025-04-11,778365,20,6,607208,"Turner, Trea",R,R,SL,Slider,8.0,0.15,1.87,3.43,1.7,194.32,93.81,X,field_out,hit_into_play,Trea Turner lines out to right fielder Jordan Walker.,line_drive,93.3,23.0,3.0,311.0,STL,PHI,3,Top,R,0,0,3,2,2025,0.691,0.722,0.882,1.252,1.584,2.037,171.9517319,260.69779266000006,Oppo,False,2,778365-20-6
2025,2025-04-11,778365,2,4,607208,"Turner, Trea",R,R,SL,Slider,14.0,0.64,1.55,3.43,1.7,123.44,150.16,X,field_out,hit_into_play,"Trea Turner grounds out, shortstop Masyn Winn to first baseman Alec Burleson.",ground_ball,91.6,-25.0,2.0,3.0,STL,PHI,1,Top,R,0,0,1,2,2025,0.691,0.722,0.882,1.252,1.584,2.037,-4.94142858000001,120.06673181000005,Straightaway,True,1,778365-2-4
2025,2025-04-11,778365,66,1,607208,"Turner, Trea",R,R,FF,4-Seam Fastball,8.0,0.04,1.68,3.43,1.7,115.84,91.89,X,single,hit_into_play,Trea Turner singles on a ground ball to center fielder Victor Scott II.,ground_ball,92.8,6.0,4.0,152.0,STL,PHI,9,Top,R,0,0,0,0,2025,0.691,0.722,0.882,1.252,1.584,2.037,-23.908528179999998,265.48948098000005,Straightaway,False,1,778365-66-1
2025,2025-04-10,778384,37,1,607208,"Turner, Trea",R,R,SL,Slider,11.0,-0.89,2.65,3.42,1.7,56.87,135.31,X,double,hit_into_play,Trea Turner doubles (2) on a ground ball to left fielder Bryan De La Cruz. Kyle Schwarber to 3rd.,ground_ball,66.4,8.0,2.0,86.0,ATL,PHI,5,Top,R,1,1,0,0,2025,0.691,0.722,0.882,1.252,1.584,2.037,-171.07824705000004,157.12744616000003,Pull,True,0,778384-37-1
2025,2025-04-10,778384,20,6,607208,"Turner, Trea",R,R,SL,Slider,11.0,-1.06,3.03,3.42,1.7,111.05,170.54,X,field_out,hit_into_play,"Trea Turner grounds out softly, third baseman Austin Riley to first baseman Matt Olson.",ground_ball,53.3,-38.0,1.0,4.0,ATL,PHI,3,Top,R,1,1,2,2,2025,0.691,0.722,0.882,1.252,1.584,2.037,-35.862792270000014,69.20495683000006,Pull,True,0,778384-20-6
2025,2025-04-10,778384,52,2,607208,"Turner, Trea",L,R,SI,Sinker,5.0,-0.1,2.27,3.42,1.7,147.04,145.59,X,force_out,hit_into_play,"Trea Turner grounds into a force out, fielded by second baseman Ozzie Albies. Kyle Schwarber out at 2nd.",ground_ball,101.2,-24.0,2.0,5.0,ATL,PHI,7,Top,R,1,1,0,1,2025,0.691,0.722,0.882,1.252,1.584,2.037,53.95640701999998,131.47194828000002,Oppo,False,2,778384-52-2
2025,2025-04-09,778393,58,4,607208,"Turner, Trea",L,R,CH,Changeup,9.0,0.82,1.61,3.42,1.71,182.7,137.53,X,single,hit_into_play,Trea Turner singles on a fly ball to right fielder Jarred Kelenic.,fly_ball,62.2,35.0,4.0,183.0,ATL,PHI,7,Top,R,1,1,1,2,2025,0.691,0.722,0.882,1.252,1.584,2.037,142.95203487999999,151.58705654000005,Oppo,False,2,778393-58-4
2025,2025-04-09,778393,75,1,607208,"Turner, Trea",R,R,SL,Slider,5.0,0.16,2.49,3.42,1.71,42.12,58.94,X,home_run,hit_into_play,Trea Turner homers (1) on a fly ball to left center field.,fly_ball,101.4,26.0,6.0,402.0,ATL,PHI,9,Top,R,3,4,0,0,2025,0.691,0.722,0.882,1.252,1.584,2.037,-207.88939430000005,347.72184043000004,Pull,False,0,778393-75-1
2025,2025-04-08,778406,32,3,607208,"Turner, Trea",L,R,SL,Slider,9.0,0.42,1.92,3.38,1.68,126.01,74.6,X,field_out,hit_into_play,Trea Turner flies out to center fielder Michael Harris II.,fly_ball,84.4,35.0,3.0,309.0,ATL,PHI,4,Top,R,4,4,0,2,2025,0.691,0.722,0.882,1.252,1.584,2.037,1.4724458900000086,308.63963257000006,Straightaway,False,1,778406-32-3
2025,2025-04-08,778406,19,4,607208,"Turner, Trea",L,R,FF,4-Seam Fastball,12.0,0.58,3.63,3.38,1.68,162.66,92.14,X,single,hit_into_play,Trea Turner singles on a line drive to right fielder Jarred Kelenic.,line_drive,90.9,9.0,4.0,149.0,ATL,PHI,3,Top,R,1,1,1,2,2025,0.691,0.722,0.882,1.252,1.584,2.037,92.93878803999999,264.86556323,Oppo,True,2,778406-19-4
2025,2025-04-08,778406,50,6,607208,"Turner, Trea",R,R,FF,4-Seam Fastball,4.0,-0.28,2.51,3.38,1.68,166.4,186.14,X,field_out,hit_into_play,Trea Turner pops out to first baseman Matt Olson in foul territory.,popup,77.8,72.0,3.0,104.0,ATL,PHI,6,Top,R,5,5,3,2,2025,0.691,0.722,0.882,1.252,1.584,2.037,102.27259758000002,30.272489230000062,Oppo,False,2,778406-50-6
2025,2025-04-08,778406,78,5,607208,"Turner, Trea",R,R,FF,4-Seam Fastball,5.0,0.26,2.6,3.38,1.68,136.96,83.18,X,field_out,hit_into_play,Trea Turner flies out to center fielder Michael Harris II.,fly_ball,87.4,38.0,3.0,290.0,ATL,PHI,9,Top,R,5,5,1,2,2025,0.691,0.722,0.882,1.252,1.584,2.037,28.800043340000016,287.22677539000006,Straightaway,False,1,778406-78-5
2025,2025-04-06,778434,74,3,607208,"Turner, Trea",R,R,ST,Sweeper,5.0,-0.04,2.37,3.38,1.69,51.45,99.15,X,field_out,hit_into_play,Trea Turner lines out sharply to left fielder Michael Conforto.,line_drive,106.3,16.0,5.0,307.0,PHI,LAD,8,Bot,R,8,8,1,1,2025,0.691,0.722,0.882,1.252,1.584,2.037,-184.60478387,247.37090952000003,Pull,False,0,778434-74-3
2025,2025-04-06,778434,55,1,607208,"Turner, Trea",R,R,FS,Split-Finger,14.0,0.33,1.47,3.38,1.69,123.72,147.17,X,field_out,hit_into_play,"Trea Turner grounds out, second baseman Tommy Edman to first baseman Enrique Hernández.",ground_ball,87.3,-29.0,2.0,3.0,PHI,LAD,6,Bot,R,6,6,0,0,2025,0.691,0.722,0.882,1.252,1.584,2.037,-4.242640700000007,127.52878810000007,Straightaway,True,1,778434-55-1
2025,2025-04-05,778448,24,3,607208,"Turner, Trea",R,R,FS,Split-Finger,8.0,-0.22,2.06,3.37,1.66,72.46,84.29,X,field_out,hit_into_play,Trea Turner flies out to left fielder Michael Conforto.,fly_ball,91.6,36.0,3.0,313.0,PHI,LAD,3,Bot,R,1,1,1,1,2025,0.691,0.722,0.882,1.252,1.584,2.037,-132.17073616000002,284.45658058000004,Pull,False,0,778448-24-3
2025,2025-04-05,778448,6,1,607208,"Turner, Trea",R,R,FF,4-Seam Fastball,8.0,0.07,2.12,3.37,1.66,182.9,120.0,X,single,hit_into_play,Trea Turner singles on a sharp line drive to right fielder Teoscar Hernández. Kyle Schwarber to 3rd.,line_drive,100.0,12.0,4.0,243.0,PHI,LAD,1,Bot,R,0,0,0,0,2025,0.691,0.722,0.882,1.252,1.584,2.037,143.45116908000003,195.33616917000003,Oppo,False,2,778448-6-1
2025,2025-04-05,778448,45,3,607208,"Turner, Trea",R,R,ST,Sweeper,9.0,0.32,1.64,3.37,1.66,93.31,167.75,X,field_out,hit_into_play,"Trea Turner grounds out, third baseman Max Muncy to first baseman Enrique Hernández.",ground_ball,84.2,-21.0,2.0,4.0,PHI,LAD,6,Bot,R,1,1,1,1,2025,0.691,0.722,0.882,1.252,1.584,2.037,-80.13599581000001,76.16787892000004,Pull,False,0,778448-45-3
2025,2025-04-04,778459,21,3,607208,"Turner, Trea",R,R,FF,4-Seam Fastball,5.0,0.21,2.25,3.39,1.67,112.98,55.33,X,field_out,hit_into_play,Trea Turner lines out sharply to center fielder Andy Pages.,line_drive,101.7,20.0,5.0,357.0,PHI,LAD,3,Bot,R,1,1,2,0,2025,0.691,0.722,0.882,1.252,1.584,2.037,-31.046147239999996,356.73121274000005,Straightaway,False,1,778459-21-3
2025,2025-04-04,778459,5,3,607208,"Turner, Trea",R,R,ST,Sweeper,13.0,-0.14,1.37,3.39,1.67,59.74,145.43,X,double,hit_into_play,"Trea Turner doubles (1) on a ground ball to left fielder Michael Conforto, deflected by third baseman Miguel Rojas.",ground_ball,81.1,-8.0,2.0,10.0,PHI,LAD,1,Bot,R,0,0,0,2,2025,0.691,0.722,0.882,1.252,1.584,2.037,-163.91567128000003,131.87125564000002,Pull,True,0,778459-5-3
2025,2025-04-03,778467,40,3,607208,"Turner, Trea",R,R,SI,Sinker,4.0,-0.8,2.69,3.4,1.68,116.07,146.96,X,field_out,hit_into_play,"Trea Turner grounds out, shortstop Ezequiel Tovar to first baseman Michael Toglia. Kyle Schwarber to 3rd.",ground_ball,72.8,2.0,2.0,47.0,PHI,COL,5,Bot,R,0,0,1,1,2025,0.691,0.722,0.882,1.252,1.584,2.037,-23.33452385000002,128.05287901000003,Straightaway,False,1,778467-40-3
2025,2025-04-03,778467,21,2,607208,"Turner, Trea",R,R,SL,Slider,6.0,0.58,2.48,3.4,1.68,146.49,159.63,X,field_out,hit_into_play,Trea Turner pops out to second baseman Tyler Freeman.,popup,79.2,72.0,3.0,100.0,PHI,COL,3,Bot,R,0,0,0,1,2025,0.691,0.722,0.882,1.252,1.584,2.037,52.583787970000024,96.43272744000005,Oppo,False,2,778467-21-2
2025,2025-04-03,778467,5,5,607208,"Turner, Trea",R,R,FF,4-Seam Fastball,9.0,0.82,2.15,3.4,1.68,122.49,144.07,X,single,hit_into_play,Trea Turner singles on a ground ball to second baseman Tyler Freeman.,ground_ball,83.6,-28.0,2.0,4.0,PHI,COL,1,Bot,R,0,0,1,2,2025,0.691,0.722,0.882,1.252,1.584,2.037,-7.312316030000018,135.26536820000004,Straightaway,False,1,778467-5-5
2025,2025-04-02,778482,52,1,607208,"Turner, Trea",L,R,SI,Sinker,6.0,0.6,2.65,3.39,1.68,119.34,108.42,X,single,hit_into_play,Trea Turner singles on a line drive to center fielder Brenton Doyle. Edmundo Sosa scores.,line_drive,86.3,9.0,4.0,145.0,PHI,COL,7,Bot,R,2,3,0,0,2025,0.691,0.722,0.882,1.252,1.584,2.037,-15.173679679999998,224.23603935000003,Straightaway,False,1,778482-52-1
2025,2025-04-02,778482,36,6,607208,"Turner, Trea",L,R,KC,Knuckle Curve,14.0,0.22,1.32,3.39,1.68,96.53,172.31,X,single,hit_into_play,Trea Turner singles on a ground ball to third baseman Ryan McMahon.,ground_ball,67.0,-16.0,2.0,5.0,PHI,COL,5,Bot,R,2,2,2,2,2025,0.691,0.722,0.882,1.252,1.584,2.037,-72.09993519000001,64.78761916000002,Pull,True,0,778482-36-6
2025,2025-04-02,778482,20,2,607208,"Turner, Trea",L,R,ST,Sweeper,4.0,-0.33,2.71,3.39,1.68,96.53,113.99,X,single,hit_into_play,Trea Turner singles on a line drive to left fielder Mickey Moniak. Johan Rojas to 2nd.,line_drive,96.4,15.0,4.0,241.0,PHI,COL,3,Bot,R,0,0,0,1,2025,0.691,0.722,0.882,1.252,1.584,2.037,-72.09993519000001,210.33515188000004,Pull,False,0,778482-20-2
2025,2025-04-02,778482,4,3,607208,"Turner, Trea",L,R,SI,Sinker,6.0,0.36,2.36,3.39,1.68,123.15,76.54,X,field_out,hit_into_play,Trea Turner lines out to center fielder Brenton Doyle.,line_drive,94.1,17.0,4.0,305.0,PHI,COL,1,Bot,R,0,0,2,0,2025,0.691,0.722,0.882,1.252,1.584,2.037,-5.66517316999999,303.79803083,Straightaway,False,1,778482-4-3
2025,2025-03-27,778555,19,8,607208,"Turner, Trea",L,R,FF,4-Seam Fastball,4.0,-0.32,2.43,3.43,1.69,104.36,172.87,X,field_out,hit_into_play,"Trea Turner grounds out, third baseman Paul DeJong to first baseman Nathaniel Lowe.",ground_ball,78.5,-9.0,2.0,13.0,WSH,PHI,4,Top,R,0,0,2,2,2025,0.691,0.722,0.882,1.252,1.584,2.037,-52.55883126000001,63.39004340000002,Pull,False,0,778555-19-8
2025,2025-03-27,778555,71,3,607208,"Turner, Trea",L,R,SL,Slider,11.0,-1.27,2.79,3.43,1.69,127.38,179.81,X,field_out,hit_into_play,Trea Turner pops out softly to pitcher Colin Poche.,popup,30.2,41.0,1.0,58.0,WSH,PHI,10,Top,R,3,3,1,1,2025,0.691,0.722,0.882,1.252,1.584,2.037,4.891515159999985,46.07008666000002,Straightaway,True,1,778555-71-3
2025,2025-03-27,778555,39,6,607208,"Turner, Trea",R,R,ST,Sweeper,9.0,0.59,2.1,3.43,1.69,123.2,89.35,X,field_out,hit_into_play,Trea Turner lines out to center fielder Jacob Young.,line_drive,83.8,21.0,4.0,274.0,WSH,PHI,7,Top,R,0,0,2,2,2025,0.691,0.722,0.882,1.252,1.584,2.037,-5.540389619999997,271.8284853200001,Straightaway,False,1,778555-39-6
2026,2026-06-25,822717,40,1,607208,"Turner, Trea",R,R,KC,Knuckle Curve,6.0,0.6217477900093654,2.164853730695703,3.244578412,1.637450787,144.4,147.52,X,field_out,hit_into_play,"Trea Turner grounds out, second baseman Jorbit Vivas to first baseman Andrés Chaparro.",ground_ball,73.2,-10.0,2.0,11.0,WSH,PHI,5,Top,R,0,0,0,0,2026,0.698,0.729,0.89,1.262,1.597,2.052,47.36783558000001,126.65530325,Oppo,False,2,822717-40-1
2026,2026-06-25,822717,21,2,607208,"Turner, Trea",R,R,ST,Sweeper,9.0,0.4983277736901381,2.0061828886651187,3.244578412,1.637450787,109.45,186.16,X,single,hit_into_play,Trea Turner singles on a ground ball to third baseman Curtis Mead.,ground_ball,60.2,-65.0,2.0,1.0,WSH,PHI,3,Top,R,0,0,0,1,2026,0.698,0.729,0.89,1.262,1.597,2.052,-39.85586587,30.222575810000038,Pull,False,0,822717-21-2
2026,2026-06-25,822717,56,1,607208,"Turner, Trea",L,R,FF,4-Seam Fastball,5.0,0.1758042414329357,2.1904799937303703,3.244578412,1.637450787,177.36,100.38,X,single,hit_into_play,Trea Turner singles on a ground ball to right fielder Dylan Crews. Justin Crawford to 2nd.,ground_ball,103.2,1.0,4.0,68.0,WSH,PHI,7,Top,R,2,2,0,0,2026,0.698,0.729,0.89,1.262,1.597,2.052,129.62515174000004,244.30123419000006,Oppo,False,2,822717-56-1
2026,2026-06-24,822719,56,5,607208,"Turner, Trea",R,R,SL,Slider,9.0,0.5623814914849818,2.1055815979944024,3.244578412,1.637450787,163.67,56.78,X,double,hit_into_play,Trea Turner doubles (13) on a line drive to right fielder James Wood.,line_drive,99.3,17.0,4.0,318.0,WSH,PHI,7,Top,R,3,3,2,2,2026,0.698,0.729,0.89,1.262,1.597,2.052,95.45941574999998,353.11248979000004,Oppo,False,2,822719-56-5
2026,2026-06-24,822719,37,6,607208,"Turner, Trea",R,R,SI,Sinker,2.0,0.0162518150375166,3.0835404285034347,3.244578412,1.637450787,156.56,100.86,X,single,hit_into_play,Trea Turner singles on a line drive to right fielder James Wood.,line_drive,85.6,13.0,4.0,190.0,WSH,PHI,5,Top,R,3,3,3,2,2026,0.698,0.729,0.89,1.262,1.597,2.052,77.71519494,243.10331211000005,Oppo,False,2,822719-37-6
2026,2026-06-24,822719,1,7,607208,"Turner, Trea",L,R,SI,Sinker,7.0,-0.3105696571555938,1.742341717199508,3.244578412,1.637450787,102.85,45.7,X,field_out,hit_into_play,Trea Turner flies out to center fielder Dylan Crews.,fly_ball,96.3,25.0,5.0,383.0,WSH,PHI,1,Top,R,0,0,3,2,2026,0.698,0.729,0.89,1.262,1.597,2.052,-56.32729447000002,380.76452447,Straightaway,False,1,822719-1-7
2026,2026-06-24,822719,73,1,607208,"Turner, Trea",L,R,SI,Sinker,14.0,0.8490010800341821,2.3852094430942787,3.244578412,1.637450787,125.14,187.07,X,field_out,hit_into_play,"Trea Turner grounds out, pitcher Richard Lovelady to first baseman Luis García Jr.",ground_ball,68.0,-61.0,2.0,1.0,WSH,PHI,9,Top,R,5,5,0,0,2026,0.698,0.729,0.89,1.262,1.597,2.052,-0.6987878800000029,27.951515200000046,Straightaway,True,1,822719-73-1
2026,2026-06-23,822718,37,4,607208,"Turner, Trea",R,R,ST,Sweeper,14.0,0.0782253119310174,1.4286015744874967,3.244578412,1.637450787,126.15,194.99,X,field_out,hit_into_play,Trea Turner pops out to catcher Keibert Ruiz.,popup,64.7,81.0,3.0,21.0,WSH,PHI,5,Top,R,2,2,1,2,2026,0.698,0.729,0.89,1.262,1.597,2.052,1.82183983000001,8.185800880000004,Oppo,True,2,822718-37-4
2026,2026-06-23,822718,20,2,607208,"Turner, Trea",R,R,SI,Sinker,7.0,-0.3702023034161179,1.8089331816214989,3.244578412,1.637450787,125.78,140.91,X,field_out,hit_into_play,"Trea Turner grounds out, second baseman Jorbit Vivas to first baseman Andrés Chaparro.",ground_ball,95.9,-3.0,2.0,23.0,WSH,PHI,4,Top,R,0,0,0,1,2026,0.698,0.729,0.89,1.262,1.597,2.052,0.8984415599999986,143.15168856000005,Straightaway,False,1,822718-20-2
2026,2026-06-23,822718,82,3,607208,"Turner, Trea",R,R,FF,4-Seam Fastball,14.0,1.035487205759688,2.0010657588109373,3.244578412,1.637450787,189.33,119.97,X,single,hit_into_play,Trea Turner singles on a line drive to right fielder James Wood. Edmundo Sosa scores. Justin Crawford to 3rd.,line_drive,87.2,17.0,4.0,252.0,WSH,PHI,9,Top,R,13,14,0,2,2026,0.698,0.729,0.89,1.262,1.597,2.052,159.49833361000003,195.41103930000006,Oppo,True,2,822718-82-3
2026,2026-06-23,822718,73,5,607208,"Turner, Trea",R,R,FF,4-Seam Fastball,2.0,0.0694605476338472,2.8549759443572675,3.244578412,1.637450787,98.83,97.21,X,single,hit_into_play,Trea Turner singles on a sharp line drive to center fielder Jacob Young.,line_drive,103.8,11.0,4.0,264.0,WSH,PHI,9,Top,R,6,6,2,2,2026,0.698,0.729,0.89,1.262,1.597,2.052,-66.35989189000001,252.21251126000007,Pull,False,0,822718-73-5
2026,2026-06-22,822720,38,1,607208,"Turner, Trea",L,R,CU,Curveball,13.0,-0.1257104531120574,1.00526543525178,3.244578412,1.637450787,103.16,163.84,X,field_out,hit_into_play,"Trea Turner grounds out, third baseman Curtis Mead to first baseman Luis García Jr.",ground_ball,101.6,5.0,4.0,114.0,WSH,PHI,5,Top,R,0,0,0,0,2026,0.698,0.729,0.89,1.262,1.597,2.052,-55.553636460000014,85.92595253000002,Pull,True,0,822720-38-1
2026,2026-06-22,822720,21,3,607208,"Turner, Trea",L,R,CU,Curveball,14.0,0.3083157149812846,1.254403835408116,3.244578412,1.637450787,106.2,164.86,X,force_out,hit_into_play,"Trea Turner grounds into a force out, third baseman Curtis Mead to second baseman Nasim Nuñez. Rafael Marchán out at 2nd. Trea Turner to 1st.",ground_ball,88.2,-16.0,2.0,5.0,WSH,PHI,3,Top,R,0,0,1,1,2026,0.698,0.729,0.89,1.262,1.597,2.052,-47.966796620000004,83.38036810999999,Pull,True,0,822720-21-3
2026,2026-06-21,823449,34,5,607208,"Turner, Trea",L,R,SI,Sinker,3.0,0.6146077717913128,2.965144792753695,3.244578412,1.637450787,110.77,147.46,X,field_out,hit_into_play,"Trea Turner grounds out, shortstop Bo Bichette to first baseman Jared Young.",ground_ball,74.2,-7.0,2.0,19.0,PHI,NYM,4,Bot,R,5,5,3,1,2026,0.698,0.729,0.89,1.262,1.597,2.052,-36.56158015000002,126.80504351000002,Pull,False,0,823449-34-5
2026,2026-06-21,823449,18,6,607208,"Turner, Trea",L,R,CH,Changeup,14.0,0.4835129725793842,1.391754539012608,3.244578412,1.637450787,119.15,93.71,X,single,hit_into_play,Trea Turner singles on a line drive to center fielder A.J. Ewing. Bryson Stott to 2nd.,line_drive,90.5,14.0,4.0,252.0,PHI,NYM,2,Bot,R,2,2,3,2,2026,0.698,0.729,0.89,1.262,1.597,2.052,-15.647857169999991,260.94735976000004,Straightaway,True,1,823449-18-6
2026,2026-06-21,823449,52,6,607208,"Turner, Trea",R,R,SI,Sinker,5.0,-0.194526261604093,2.348711831970941,3.244578412,1.637450787,141.67,154.05,X,field_out,hit_into_play,"Trea Turner grounds out, second baseman Marcus Semien to first baseman Jared Young.",ground_ball,98.5,-23.0,2.0,5.0,PHI,NYM,6,Bot,R,6,6,3,2,2026,0.698,0.729,0.89,1.262,1.597,2.052,40.554653749999964,110.35857162,Oppo,False,2,823449-52-6
2026,2026-06-20,823447,32,2,607208,"Turner, Trea",R,R,CH,Changeup,14.0,0.1317212047694684,1.442049605246742,3.244578412,1.637450787,88.67,114.5,X,single,hit_into_play,Trea Turner singles on a ground ball to left fielder Juan Soto. J.T. Realmuto scores. Justin Crawford to 2nd.,ground_ball,84.1,6.0,4.0,85.0,PHI,NYM,3,Bot,R,7,8,1,0,2026,0.698,0.729,0.89,1.262,1.597,2.052,-91.71590925000001,209.06235967000003,Pull,True,0,823447-32-2
2026,2026-06-20,823447,18,5,607208,"Turner, Trea",R,R,FF,4-Seam Fastball,1.0,-0.6047038160652173,3.046894534725616,3.244578412,1.637450787,74.98,174.85,X,field_out,hit_into_play,Trea Turner pops out to third baseman Bo Bichette in foul territory.,popup,95.1,66.0,3.0,166.0,PHI,NYM,2,Bot,R,3,3,3,1,2026,0.698,0.729,0.89,1.262,1.597,2.052,-125.88164524,58.448614820000046,Pull,False,0,823447-18-5
2026,2026-06-20,823447,66,6,607208,"Turner, Trea",R,R,FF,4-Seam Fastball,9.0,0.7751935703556141,1.9703959442315095,3.244578412,1.637450787,150.54,155.07,X,force_out,hit_into_play,"Trea Turner grounds into a force out, second baseman Marcus Semien to shortstop Zack Short. Justin Crawford out at 2nd. Trea Turner to 1st.",ground_ball,101.0,-5.0,2.0,18.0,PHI,NYM,7,Bot,R,13,13,3,2,2026,0.698,0.729,0.89,1.262,1.597,2.052,62.69125551999998,107.81298720000005,Oppo,False,2,823447-66-6
2026,2026-06-20,823447,49,1,607208,"Turner, Trea",L,R,SI,Sinker,7.0,-0.2860213302854191,1.8455770088075187,3.244578412,1.637450787,90.97,129.45,X,single,hit_into_play,Trea Turner singles on a ground ball to left fielder Juan Soto.,ground_ball,109.2,-3.0,4.0,25.0,PHI,NYM,5,Bot,R,11,11,0,0,2026,0.698,0.729,0.89,1.262,1.597,2.052,-85.97586595000001,171.75207822000007,Pull,False,0,823447-49-1
2026,2026-06-20,823447,4,4,607208,"Turner, Trea",R,R,FF,4-Seam Fastball,6.0,0.3787496081918594,2.2146915965082434,3.244578412,1.637450787,156.62,202.23,X,field_out,hit_into_play,Trea Turner pops out to first baseman Mark Vientos in foul territory.,popup,81.1,77.0,3.0,64.0,PHI,NYM,1,Bot,R,0,0,2,1,2026,0.698,0.729,0.89,1.262,1.597,2.052,77.86493520000002,-9.882857159999949,Oppo,False,2,823447-4-4
2026,2026-06-17,823450,40,4,607208,"Turner, Trea",R,R,ST,Sweeper,6.0,0.82170023739276,2.200222507095598,3.244578412,1.637450787,139.57,157.95,X,field_out,hit_into_play,"Trea Turner grounds out, second baseman Xavier Edwards to first baseman Kyle Stowers.",ground_ball,74.6,-7.0,2.0,14.0,PHI,MIA,4,Bot,R,4,4,1,2,2026,0.698,0.729,0.89,1.262,1.597,2.052,35.31374464999998,100.62545472000006,Oppo,False,2,823450-40-4
2026,2026-06-17,823450,24,7,607208,"Turner, Trea",R,R,SI,Sinker,1.0,-0.7999233170892766,2.9268682621502498,3.244578412,1.637450787,94.0,87.09,X,single,hit_into_play,Trea Turner singles on a line drive to left fielder Esteury Ruiz. Justin Crawford to 3rd. Garrett Stubbs to 2nd.,line_drive,83.4,20.0,4.0,258.0,PHI,MIA,2,Bot,R,2,2,2,2,2026,0.698,0.729,0.89,1.262,1.597,2.052,-78.41398282000002,277.46870178000006,Pull,False,0,823450-24-7
2026,2026-06-17,823450,84,1,607208,"Turner, Trea",L,R,SI,Sinker,4.0,-0.3082144142481677,2.199031645434271,3.244578412,1.637450787,91.11,48.04,X,double,hit_into_play,Trea Turner doubles (12) on a line drive to left fielder Esteury Ruiz.,line_drive,99.3,22.0,5.0,382.0,PHI,MIA,9,Bot,R,4,4,0,0,2026,0.698,0.729,0.89,1.262,1.597,2.052,-85.62647201000001,374.92465433000007,Pull,False,0,823450-84-1
2026,2026-06-17,823450,6,3,607208,"Turner, Trea",R,R,FC,Cutter,14.0,0.3900665027200962,1.3143539239388964,3.244578412,1.637450787,172.24,135.84,X,single,hit_into_play,Trea Turner singles on a fly ball to right fielder Owen Caissie.,fly_ball,63.0,32.0,4.0,181.0,PHI,MIA,1,Bot,R,0,0,1,1,2026,0.698,0.729,0.89,1.262,1.597,2.052,116.84731622000002,155.80474053000003,Oppo,True,2,823450-6-3
2026,2026-06-15,823452,36,4,607208,"Turner, Trea",R,R,SI,Sinker,11.0,-0.9337213949649976,2.497905822472391,3.244578412,1.637450787,108.41,156.27,X,field_out,hit_into_play,"Trea Turner grounds out, shortstop Otto Lopez to first baseman Kyle Stowers.",ground_ball,63.4,-8.0,2.0,15.0,PHI,MIA,4,Bot,R,3,3,2,1,2026,0.698,0.729,0.89,1.262,1.597,2.052,-42.45136371000002,104.81818200000001,Pull,True,0,823452-36-4
2026,2026-06-15,823452,20,1,607208,"Turner, Trea",R,R,SI,Sinker,7.0,-0.3556850661663377,2.049279573319472,3.244578412,1.637450787,94.01,164.7,X,force_out,hit_into_play,"Trea Turner grounds into a force out, fielded by third baseman Javier Sanoja. Edmundo Sosa out at 3rd.",ground_ball,96.5,-23.0,2.0,5.0,PHI,MIA,2,Bot,R,1,1,0,0,2026,0.698,0.729,0.89,1.262,1.597,2.052,-78.38902611,83.77967547000006,Pull,False,0,823452-20-1
2026,2026-06-15,823452,7,3,607208,"Turner, Trea",R,R,ST,Sweeper,9.0,0.4139026663121929,2.074612008930776,3.244578412,1.637450787,157.79,60.89,X,field_out,hit_into_play,Trea Turner flies out to center fielder Jakob Marsee.,fly_ball,96.4,24.0,5.0,351.0,PHI,MIA,1,Bot,R,0,0,0,2,2026,0.698,0.729,0.89,1.262,1.597,2.052,80.78487026999998,342.85528198000003,Oppo,False,2,823452-7-3
2026,2026-06-14,823777,22,5,607208,"Turner, Trea",L,R,FF,4-Seam Fastball,8.0,0.1622396955157337,1.7852251335958154,3.244578412,1.637450787,204.77,113.19,X,field_out,hit_into_play,Trea Turner flies out to right fielder Blake Perkins.,fly_ball,86.0,34.0,3.0,288.0,MIL,PHI,4,Top,R,0,0,2,2,2026,0.698,0.729,0.89,1.262,1.597,2.052,198.03149385000003,212.33168868000004,Oppo,False,2,823777-22-5
2026,2026-06-14,823777,2,3,607208,"Turner, Trea",L,R,FF,4-Seam Fastball,6.0,0.6708711968233974,2.7199517898152403,3.244578412,1.637450787,139.65,142.05,X,field_out,hit_into_play,"Trea Turner grounds out, second baseman David Hamilton to first baseman Andrew Vaughn.",ground_ball,83.2,0.0,2.0,43.0,MIL,PHI,1,Top,R,0,0,1,1,2026,0.698,0.729,0.89,1.262,1.597,2.052,35.513398330000015,140.30662362,Oppo,False,2,823777-2-3
2026,2026-06-13,823776,38,3,607208,"Turner, Trea",L,R,SI,Sinker,4.0,-0.4732976354684903,2.2912871524857064,3.244578412,1.637450787,98.14,127.71,X,field_out,hit_into_play,Trea Turner pops out to shortstop Joey Ortiz.,popup,84.7,60.0,3.0,194.0,MIL,PHI,5,Top,R,3,3,1,1,2026,0.698,0.729,0.89,1.262,1.597,2.052,-68.08190488000001,176.09454576000005,Pull,False,0,823776-38-3
2026,2026-06-13,823776,19,2,607208,"Turner, Trea",L,R,SI,Sinker,6.0,0.4957192000945201,2.2944758674084857,3.244578412,1.637450787,127.49,180.06,X,single,hit_into_play,Trea Turner singles on a ground ball to pitcher Shane Drohan. Kyle Schwarber to 2nd.,ground_ball,87.8,-8.0,2.0,15.0,MIL,PHI,3,Top,R,1,1,1,0,2026,0.698,0.729,0.89,1.262,1.597,2.052,5.166038969999984,45.446168910000026,Straightaway,False,1,823776-19-2
2026,2026-06-13,823776,70,1,607208,"Turner, Trea",L,R,FF,4-Seam Fastball,5.0,-0.2044642868843127,2.288800695464372,3.244578412,1.637450787,138.45,57.77,X,field_out,hit_into_play,Trea Turner lines out to center fielder Garrett Mitchell.,line_drive,92.0,25.0,3.0,351.0,MIL,PHI,8,Top,R,8,8,0,0,2026,0.698,0.729,0.89,1.262,1.597,2.052,32.51859312999997,350.64177550000005,Straightaway,False,1,823776-70-1
2026,2026-06-13,823776,2,3,607208,"Turner, Trea",L,R,SI,Sinker,14.0,0.8484865057396551,1.7045070187171931,3.244578412,1.637450787,128.5,153.2,X,field_out,hit_into_play,"Trea Turner grounds out, second baseman Brice Turang to first baseman Jake Bauers.",ground_ball,80.8,-34.0,2.0,2.0,MIL,PHI,1,Top,R,0,0,2,0,2026,0.698,0.729,0.89,1.262,1.597,2.052,7.6866666799999965,112.47989197000007,Straightaway,True,1,823776-2-3
2026,2026-06-12,823778,50,2,607208,"Turner, Trea",R,R,FF,4-Seam Fastball,5.0,0.0607382832739927,2.7432223581303994,3.244578412,1.637450787,110.26,166.88,X,field_out,hit_into_play,"Trea Turner grounds out, third baseman David Hamilton to first baseman Andrew Vaughn.",ground_ball,82.1,-55.0,2.0,2.0,MIL,PHI,7,Top,R,0,0,0,1,2026,0.698,0.729,0.89,1.262,1.597,2.052,-37.834372359999996,78.33911269000005,Pull,False,0,823778-50-2
2026,2026-06-10,822804,18,5,607208,"Turner, Trea",R,R,SL,Slider,9.0,0.4703834669746418,1.791586267958814,3.244578412,1.637450787,113.0,93.0,X,single,hit_into_play,Trea Turner singles on a ground ball to center fielder Myles Straw. Kyle Schwarber to 2nd.,ground_ball,97.4,2.0,4.0,77.0,TOR,PHI,3,Top,R,1,1,1,2,2026,0.698,0.729,0.89,1.262,1.597,2.052,-30.996233820000008,262.71928617000003,Straightaway,False,1,822804-18-5
2026,2026-06-10,822804,71,4,607208,"Turner, Trea",R,R,SL,Slider,9.0,0.4737953436881946,1.8974824224750175,3.244578412,1.637450787,200.98,114.73,X,field_out,hit_into_play,Trea Turner lines out to right fielder Nathan Lukes.,line_drive,88.0,21.0,3.0,279.0,TOR,PHI,8,Top,R,7,7,1,2,2026,0.698,0.729,0.89,1.262,1.597,2.052,188.57290075999998,208.48835534000003,Oppo,False,2,822804-71-4
2026,2026-06-09,822805,40,3,607208,"Turner, Trea",R,R,SL,Slider,9.0,0.3113581278369946,1.895690663508821,3.244578412,1.637450787,117.8,167.39,X,field_out,hit_into_play,"Trea Turner grounds out, shortstop Andrés Giménez to first baseman Charles McAdoo.",ground_ball,67.7,-17.0,2.0,6.0,TOR,PHI,6,Top,R,1,1,1,1,2026,0.698,0.729,0.89,1.262,1.597,2.052,-19.017013020000014,77.06632048000006,Pull,False,0,822805-40-3
2026,2026-06-09,822805,20,1,607208,"Turner, Trea",R,R,SI,Sinker,5.0,-0.2678641939103399,2.320869605713773,3.244578412,1.637450787,119.12,151.13,X,field_out,hit_into_play,"Trea Turner grounds out, shortstop Andrés Giménez to first baseman Charles McAdoo.",ground_ball,71.4,-37.0,2.0,3.0,TOR,PHI,3,Top,R,1,1,0,0,2026,0.698,0.729,0.89,1.262,1.597,2.052,-15.722727299999994,117.64593094000004,Straightaway,False,1,822805-20-1
2026,2026-06-09,822805,2,1,607208,"Turner, Trea",R,R,SL,Slider,9.0,0.6500101936698095,1.908471066821713,3.244578412,1.637450787,187.43,144.39,X,double,hit_into_play,Trea Turner doubles (11) on a fly ball to right fielder Yohendrick Piñango.,fly_ball,64.4,27.0,4.0,179.0,TOR,PHI,1,Top,R,0,0,0,0,2026,0.698,0.729,0.89,1.262,1.597,2.052,154.75655871000004,134.46675348000008,Oppo,False,2,822805-2-1
2026,2026-06-08,822806,50,2,607208,"Turner, Trea",R,R,SL,Slider,8.0,0.152177082543597,1.9892303436621628,3.244578412,1.637450787,118.44,141.39,X,field_out,hit_into_play,Trea Turner pops out to shortstop Andrés Giménez.,popup,87.0,62.0,3.0,150.0,TOR,PHI,7,Top,R,5,5,0,1,2026,0.698,0.729,0.89,1.262,1.597,2.052,-17.41978358000001,141.95376648000007,Straightaway,False,1,822806-50-2
2026,2026-06-08,822806,30,6,607208,"Turner, Trea",L,R,SL,Slider,8.0,-0.1521581005110747,1.6326769922491469,3.244578412,1.637450787,102.77,167.02,X,force_out,hit_into_play,"Trea Turner grounds into a force out, third baseman Kazuma Okamoto to second baseman Ernie Clement. Kyle Schwarber out at 2nd. Trea Turner to 1st.",ground_ball,86.0,-27.0,2.0,3.0,TOR,PHI,4,Top,R,5,5,3,2,2026,0.698,0.729,0.89,1.262,1.597,2.052,-56.52694815000002,77.98971875000001,Pull,False,0,822806-30-6
2026,2026-06-08,822806,69,3,607208,"Turner, Trea",R,R,CU,Curveball,4.0,-0.289276436428444,2.2431170166005545,3.244578412,1.637450787,124.33,135.02,X,grounded_into_double_play,hit_into_play,"Trea Turner grounds into a double play, second baseman Ernie Clement to first baseman Vladimir Guerrero Jr. Kyle Schwarber out at 2nd. Trea Turner out at 1st.",ground_ball,100.4,-13.0,2.0,9.0,TOR,PHI,9,Top,R,5,5,0,2,2026,0.698,0.729,0.89,1.262,1.597,2.052,-2.7202813900000087,157.85119075,Straightaway,False,1,822806-69-3
2026,2026-06-08,822806,2,4,607208,"Turner, Trea",L,R,SL,Slider,6.0,0.6229089486565117,2.1632912834071543,3.244578412,1.637450787,105.09,153.08,X,field_out,hit_into_play,"Trea Turner grounds out, shortstop Andrés Giménez to first baseman Vladimir Guerrero Jr.",ground_ball,77.7,-18.0,2.0,8.0,TOR,PHI,1,Top,R,0,0,2,1,2026,0.698,0.729,0.89,1.262,1.597,2.052,-50.736991429999996,112.77937249,Pull,False,0,822806-2-4
2026,2026-06-07,823453,40,4,607208,"Turner, Trea",R,R,FF,4-Seam Fastball,12.0,1.210769291179736,2.8594920158322763,3.244578412,1.637450787,158.48,164.7,X,field_out,hit_into_play,Trea Turner grounds out to first baseman Jacob Gonzalez.,ground_ball,69.6,-21.0,2.0,7.0,PHI,CWS,4,Bot,R,4,4,1,2,2026,0.698,0.729,0.89,1.262,1.597,2.052,82.50688325999998,83.77967547000006,Oppo,True,2,823453-40-4
2026,2026-06-07,823453,77,3,607208,"Turner, Trea",R,R,FF,4-Seam Fastball,9.0,0.6723933409104416,1.7619869806600907,3.244578412,1.637450787,133.35,94.41,X,single,hit_into_play,Trea Turner singles on a line drive to center fielder Tristan Peters.,line_drive,74.2,21.0,4.0,234.0,PHI,CWS,8,Bot,R,9,9,2,0,2026,0.698,0.729,0.89,1.262,1.597,2.052,19.790671029999984,259.2003900600001,Straightaway,False,1,823453-77-3
2026,2026-06-07,823453,60,4,607208,"Turner, Trea",L,R,FF,4-Seam Fastball,2.0,-0.1607177231472649,2.7532598609122143,3.244578412,1.637450787,152.4,43.51,X,field_out,hit_into_play,Trea Turner flies out to center fielder Tristan Peters.,fly_ball,102.6,19.0,5.0,388.0,PHI,CWS,6,Bot,R,7,7,1,2,2026,0.698,0.729,0.89,1.262,1.597,2.052,67.33320358000002,386.2300439600001,Straightaway,False,1,823453-60-4
2026,2026-06-07,823453,7,6,607208,"Turner, Trea",L,R,FC,Cutter,1.0,-0.4839370629663731,2.857233635660068,3.244578412,1.637450787,66.49,73.61,X,double,hit_into_play,Trea Turner doubles (10) on a sharp line drive to left fielder Sam Antonacci.,line_drive,105.9,16.0,5.0,342.0,PHI,CWS,1,Bot,R,0,0,3,2,2026,0.698,0.729,0.89,1.262,1.597,2.052,-147.06989203000003,311.11034686000005,Pull,False,0,823453-7-6
2026,2026-06-06,823454,10,6,607208,"Turner, Trea",L,R,SL,Slider,8.0,0.1545072685990209,1.980505596576962,3.244578412,1.637450787,64.15,118.98,X,single,hit_into_play,Trea Turner singles on a ground ball to left fielder Sam Antonacci.,ground_ball,90.5,8.0,4.0,133.0,PHI,CWS,1,Bot,R,0,0,3,2,2026,0.698,0.729,0.89,1.262,1.597,2.052,-152.90976217,197.88175359000005,Pull,False,0,823454-10-6
2026,2026-06-06,823454,62,4,607208,"Turner, Trea",L,R,CU,Curveball,6.0,0.4661078384011147,2.522020551459943,3.244578412,1.637450787,156.59,166.73,X,field_out,hit_into_play,Trea Turner grounds out to first baseman Jacob Gonzalez.,ground_ball,97.3,1.0,4.0,70.0,PHI,CWS,7,Bot,R,3,3,1,2,2026,0.698,0.729,0.89,1.262,1.597,2.052,77.79006507000001,78.71346334000006,Oppo,False,2,823454-62-4
2026,2026-06-05,823455,38,2,607208,"Turner, Trea",L,R,SI,Sinker,6.0,0.6857014799653274,2.491295621169421,3.244578412,1.637450787,108.66,89.45,X,field_out,hit_into_play,Trea Turner lines out to center fielder Tristan Peters.,line_drive,77.5,28.0,3.0,277.0,PHI,CWS,4,Bot,R,6,6,1,0,2026,0.698,0.729,0.89,1.262,1.597,2.052,-41.82744596000001,271.57891822000005,Straightaway,False,1,823455-38-2
2026,2026-06-05,823455,21,5,607208,"Turner, Trea",L,R,CH,Changeup,14.0,1.2239789896250366,2.427498146910698,3.244578412,1.637450787,145.18,173.83,X,fielders_choice,hit_into_play,"Trea Turner reaches on a fielder's choice, fielded by first baseman Miguel Vargas. Adolis García scores. Kyle Schwarber to 2nd.",ground_ball,76.6,-47.0,2.0,2.0,PHI,CWS,2,Bot,R,2,3,2,2,2026,0.698,0.729,0.89,1.262,1.597,2.052,49.31445896000002,60.99419924,Oppo,True,2,823455-21-5
2026,2026-06-05,823455,74,1,607208,"Turner, Trea",R,R,FF,4-Seam Fastball,5.0,0.0441748062919526,2.644082428260883,3.244578412,1.637450787,99.37,66.51,X,field_out,hit_into_play,Trea Turner flies out to center fielder Tristan Peters.,fly_ball,97.0,40.0,3.0,335.0,PHI,CWS,8,Bot,R,8,8,0,0,2026,0.698,0.729,0.89,1.262,1.597,2.052,-65.01222955,328.82961096,Straightaway,False,1,823455-74-1
2026,2026-06-05,823455,6,2,607208,"Turner, Trea",L,R,ST,Sweeper,9.0,0.480653294151333,2.098878847613307,3.244578412,1.637450787,101.65,151.27,X,force_out,hit_into_play,"Trea Turner grounds into a force out, shortstop Luisangel Acuña to second baseman Chase Meidroth. Kyle Schwarber out at 2nd. Trea Turner to 1st.",ground_ball,79.0,-26.0,2.0,5.0,PHI,CWS,1,Bot,R,0,0,0,1,2026,0.698,0.729,0.89,1.262,1.597,2.052,-59.32209966999999,117.29653700000001,Pull,False,0,823455-6-2
2026,2026-06-04,823457,54,5,607208,"Turner, Trea",L,R,FF,4-Seam Fastball,5.0,-0.0055091475258551,2.520411066894244,3.244578412,1.637450787,197.63,117.66,X,single,hit_into_play,Trea Turner singles on a line drive to right fielder Bryce Johnson. Justin Crawford scores.,line_drive,98.0,11.0,4.0,228.0,PHI,SD,7,Bot,R,3,4,2,2,2026,0.698,0.729,0.89,1.262,1.597,2.052,180.21240291,201.17603931000005,Oppo,False,2,823457-54-5
2026,2026-06-04,823457,36,6,607208,"Turner, Trea",L,R,SL,Slider,7.0,-0.6167259527572194,1.5722853496806035,3.244578412,1.637450787,105.16,151.52,X,force_out,hit_into_play,"Trea Turner grounds into a force out, shortstop Xander Bogaerts to second baseman Fernando Tatis Jr. Justin Crawford to 3rd. Kyle Schwarber out at 2nd. Trea Turner to 1st.",ground_ball,96.3,-26.0,2.0,3.0,PHI,SD,5,Bot,R,2,2,1,2,2026,0.698,0.729,0.89,1.262,1.597,2.052,-50.56229446000002,116.67261925000001,Pull,False,0,823457-36-6
2026,2026-06-04,823457,5,3,607208,"Turner, Trea",R,R,CU,Curveball,9.0,0.6336665928667589,2.0487192778713776,3.244578412,1.637450787,104.1,156.86,X,force_out,hit_into_play,"Trea Turner grounds into a force out, shortstop Xander Bogaerts to second baseman Fernando Tatis Jr. Kyle Schwarber out at 2nd. Trea Turner to 1st.",ground_ball,77.1,-11.0,2.0,11.0,PHI,SD,1,Bot,R,0,0,0,2,2026,0.698,0.729,0.89,1.262,1.597,2.052,-53.20770572000002,103.34573611,Pull,False,0,823457-5-3
2026,2026-06-03,823456,21,3,607208,"Turner, Trea",R,R,ST,Sweeper,12.0,0.915494225556806,2.8805369970718715,3.244578412,1.637450787,103.17,159.35,X,field_out,hit_into_play,"Trea Turner grounds out, third baseman Manny Machado to first baseman Ty France.",ground_ball,61.5,-43.0,2.0,3.0,PHI,SD,3,Bot,R,0,0,0,2,2026,0.698,0.729,0.89,1.262,1.597,2.052,-55.52867975,97.13151532000005,Pull,True,0,823456-21-3
2026,2026-06-03,823456,55,4,607208,"Turner, Trea",R,R,ST,Sweeper,12.0,1.1259733925287918,3.317482889429888,3.244578412,1.637450787,124.14,143.91,X,single,hit_into_play,"Trea Turner singles on a ground ball to shortstop Xander Bogaerts, deflected by second baseman Fernando Tatis Jr.",ground_ball,82.5,5.0,2.0,80.0,PHI,SD,7,Bot,R,3,3,1,2,2026,0.698,0.729,0.89,1.262,1.597,2.052,-3.194458880000003,135.66467556000003,Straightaway,True,1,823456-55-4
2026,2026-06-03,823456,5,2,607208,"Turner, Trea",R,R,FC,Cutter,6.0,0.3374048036423243,2.359685263462842,3.244578412,1.637450787,103.09,157.05,X,field_out,hit_into_play,"Trea Turner grounds out, shortstop Xander Bogaerts to first baseman Ty France.",ground_ball,76.7,4.0,2.0,69.0,PHI,SD,1,Bot,R,0,0,0,1,2026,0.698,0.729,0.89,1.262,1.597,2.052,-55.72833343,102.87155862,Pull,False,0,823456-5-2
2026,2026-06-02,823460,39,2,607208,"Turner, Trea",R,R,SL,Slider,6.0,0.5205874831066658,2.463098240044853,3.244578412,1.637450787,62.2,116.25,X,field_out,hit_into_play,Trea Turner flies out to left fielder Jase Bowen.,fly_ball,74.9,28.0,4.0,259.0,PHI,SD,5,Bot,R,2,2,1,0,2026,0.698,0.729,0.89,1.262,1.597,2.052,-157.77632062,204.69493542000004,Pull,False,0,823460-39-2
2026,2026-06-02,823460,27,3,607208,"Turner, Trea",R,R,FF,4-Seam Fastball,5.0,-0.0351880019332357,2.2614018924135184,3.244578412,1.637450787,162.0,124.15,X,single,hit_into_play,Trea Turner singles on a ground ball to right fielder Fernando Tatis Jr.,ground_ball,98.4,-2.0,2.0,36.0,PHI,SD,4,Bot,R,0,0,1,1,2026,0.698,0.729,0.89,1.262,1.597,2.052,91.29164518,184.97913452000003,Oppo,False,2,823460-27-3
2026,2026-06-02,823460,56,1,607208,"Turner, Trea",R,R,ST,Sweeper,5.0,0.1569909575482763,2.614092821422181,3.244578412,1.637450787,115.89,187.44,X,single,hit_into_play,Trea Turner singles on a soft ground ball to pitcher Jason Adam. Garrett Stubbs to 3rd. Kyle Schwarber to 2nd.,ground_ball,50.2,-83.0,1.0,0.0,PHI,SD,7,Bot,R,3,3,0,0,2026,0.698,0.729,0.89,1.262,1.597,2.052,-23.783744630000005,27.028116930000035,Pull,False,0,823460-56-1
2026,2026-05-31,823944,26,4,607208,"Turner, Trea",R,R,CU,Curveball,7.0,-0.4170064096557525,1.529276620852463,3.244578412,1.637450787,109.12,115.58,X,single,hit_into_play,Trea Turner singles on a fly ball to shortstop Mookie Betts.,fly_ball,68.5,37.0,4.0,213.0,LAD,PHI,4,Top,R,0,0,2,1,2026,0.698,0.729,0.89,1.262,1.597,2.052,-40.6794373,206.36703499000004,Straightaway,False,1,823944-26-4
2026,2026-05-31,823944,60,3,607208,"Turner, Trea",R,R,FF,4-Seam Fastball,2.0,-0.0929476271016565,3.258945847260658,3.244578412,1.637450787,187.37,93.45,X,field_out,hit_into_play,Trea Turner lines out to right fielder Kyle Tucker.,line_drive,99.0,17.0,4.0,303.0,LAD,PHI,7,Top,R,0,0,0,2,2026,0.698,0.729,0.89,1.262,1.597,2.052,154.60681845000002,261.59623422000004,Oppo,False,2,823944-60-3
2026,2026-05-31,823944,2,1,607208,"Turner, Trea",R,R,SI,Sinker,11.0,-0.9814381123360147,2.516912341463839,3.244578412,1.637450787,117.58,150.3,X,field_out,hit_into_play,"Trea Turner grounds out, shortstop Mookie Betts to first baseman Freddie Freeman.",ground_ball,63.2,-15.0,2.0,9.0,LAD,PHI,1,Top,R,0,0,0,0,2026,0.698,0.729,0.89,1.262,1.597,2.052,-19.56606064000001,119.71733787000001,Straightaway,True,1,823944-2-1
2026,2026-05-30,823945,43,5,607208,"Turner, Trea",R,R,FS,Split-Finger,4.0,-0.3776176116466537,2.283164808249309,3.244578412,1.637450787,159.37,113.31,X,single,hit_into_play,Trea Turner singles on a line drive to right fielder Kyle Tucker. Kyle Schwarber to 2nd.,line_drive,85.0,10.0,4.0,150.0,LAD,PHI,6,Top,R,1,1,3,1,2026,0.698,0.729,0.89,1.262,1.597,2.052,84.72803045000002,212.03220816000004,Oppo,False,2,823945-43-5
2026,2026-05-30,823945,2,3,607208,"Turner, Trea",R,R,FF,4-Seam Fastball,3.0,0.333147415233428,2.7863037203199124,3.244578412,1.637450787,165.67,62.52,X,field_out,hit_into_play,Trea Turner flies out to center fielder Andy Pages.,fly_ball,98.5,38.0,3.0,351.0,LAD,PHI,1,Top,R,0,0,1,1,2026,0.698,0.729,0.89,1.262,1.597,2.052,100.45075774999997,338.78733825,Oppo,False,2,823945-2-3
2026,2026-05-30,823945,61,1,607208,"Turner, Trea",L,R,FF,4-Seam Fastball,3.0,0.683333532694179,2.8388741070748496,3.244578412,1.637450787,188.01,101.08,X,field_out,hit_into_play,Trea Turner flies out to right fielder Kyle Tucker.,fly_ball,83.1,40.0,3.0,288.0,LAD,PHI,8,Top,R,1,1,0,0,2026,0.698,0.729,0.89,1.262,1.597,2.052,156.20404789,242.55426449000004,Oppo,False,2,823945-61-1
2026,2026-05-29,823946,40,1,607208,"Turner, Trea",L,R,SL,Slider,5.0,0.1040029168350236,2.183456876139267,3.244578412,1.637450787,175.14,76.02,X,field_out,hit_into_play,Trea Turner flies out to right fielder Kyle Tucker.,fly_ball,96.7,32.0,5.0,346.0,LAD,PHI,6,Top,R,1,1,0,0,2026,0.698,0.729,0.89,1.262,1.597,2.052,124.08476211999997,305.0957797500001,Oppo,False,2,823946-40-1
2026,2026-05-29,823946,23,2,607208,"Turner, Trea",L,R,SL,Slider,6.0,0.3865254326538452,2.239598077571498,3.244578412,1.637450787,169.24,65.55,X,field_error,hit_into_play,Trea Turner reaches on a fielding error by right fielder Kyle Tucker. Trea Turner to 2nd.,fly_ball,95.3,30.0,5.0,347.0,LAD,PHI,4,Top,R,0,0,0,1,2026,0.698,0.729,0.89,1.262,1.597,2.052,109.36030322000002,331.2254551200001,Oppo,False,2,823946-23-2
2026,2026-05-29,823946,59,3,607208,"Turner, Trea",L,R,SL,Slider,2.0,0.2463990046801569,3.14195613299123,3.244578412,1.637450787,190.77,100.47,X,field_out,hit_into_play,Trea Turner flies out to right fielder Kyle Tucker.,fly_ball,90.2,41.0,3.0,292.0,LAD,PHI,9,Top,R,2,2,0,2,2026,0.698,0.729,0.89,1.262,1.597,2.052,163.09209985000004,244.07662380000005,Oppo,False,2,823946-59-3
2026,2026-05-27,823295,23,2,607208,"Turner, Trea",R,R,FF,4-Seam Fastball,2.0,0.1497309336824643,3.2104187253037,3.244578412,1.637450787,182.99,63.08,X,field_out,hit_into_play,Trea Turner flies out to right fielder Nick Castellanos.,fly_ball,99.2,26.0,6.0,364.0,SD,PHI,4,Top,R,0,0,0,1,2026,0.698,0.729,0.89,1.262,1.597,2.052,143.67577947000004,337.38976249,Oppo,False,2,823295-23-2
2026,2026-05-27,823295,2,6,607208,"Turner, Trea",R,R,SI,Sinker,6.0,0.6224492154380936,2.145542765698372,3.244578412,1.637450787,116.84,143.41,X,field_out,hit_into_play,"Trea Turner grounds out, second baseman Fernando Tatis Jr. to first baseman Gavin Sheets.",ground_ball,94.1,-20.0,2.0,6.0,SD,PHI,1,Top,R,0,0,3,2,2026,0.698,0.729,0.89,1.262,1.597,2.052,-21.412857179999996,136.91251106000004,Straightaway,False,1,823295-2-6
2026,2026-05-27,823295,40,1,607208,"Turner, Trea",L,R,CH,Changeup,9.0,0.8133963312513053,2.1045076364980906,3.244578412,1.637450787,113.52,153.55,X,force_out,hit_into_play,"Trea Turner grounds into a force out, shortstop Xander Bogaerts to second baseman Fernando Tatis Jr. Edmundo Sosa scores. Kyle Schwarber out at 2nd. Trea Turner to 1st.",ground_ball,77.2,-33.0,2.0,3.0,SD,PHI,6,Top,R,1,2,0,0,2026,0.698,0.729,0.89,1.262,1.597,2.052,-29.698484900000018,111.60640712,Pull,False,0,823295-40-1
2026,2026-05-27,823295,59,1,607208,"Turner, Trea",R,R,FF,4-Seam Fastball,13.0,-0.8707890197617283,2.117498121169244,3.244578412,1.637450787,20.36,84.73,X,home_run,hit_into_play,Trea Turner homers (7) on a fly ball to left field.,fly_ball,103.5,38.0,6.0,382.0,SD,PHI,9,Top,R,2,3,0,0,2026,0.698,0.729,0.89,1.262,1.597,2.052,-262.19519526000005,283.35848534,Pull,True,0,823295-59-1
2026,2026-05-26,823294,35,6,607208,"Turner, Trea",R,R,FC,Cutter,14.0,0.3915365176276716,1.1934831915503077,3.244578412,1.637450787,106.76,104.8,X,single,hit_into_play,Trea Turner singles on a line drive to center fielder Jackson Merrill.,line_drive,79.4,15.0,4.0,212.0,SD,PHI,5,Top,R,4,4,3,2,2026,0.698,0.729,0.89,1.262,1.597,2.052,-46.569220859999994,233.27036837000006,Straightaway,True,1,823294-35-6
2026,2026-05-26,823294,18,3,607208,"Turner, Trea",R,R,SI,Sinker,11.0,-0.6920837470716812,3.602232078358857,3.244578412,1.637450787,17.35,59.52,X,home_run,hit_into_play,Trea Turner homers (6) on a fly ball to left field.,fly_ball,109.1,30.0,6.0,434.0,SD,PHI,3,Top,R,2,3,1,1,2026,0.698,0.729,0.89,1.262,1.597,2.052,-269.70716497,346.27435125000005,Pull,True,0,823294-18-3
2026,2026-05-26,823294,70,3,607208,"Turner, Trea",L,R,FF,4-Seam Fastball,11.0,-0.8612118346443198,2.626807757914348,3.244578412,1.637450787,137.85,144.02,X,double_play,hit_into_play,"Trea Turner lines into a double play, second baseman Fernando Tatis Jr. to first baseman Ty France. Kyle Schwarber out at 1st.",line_drive,67.9,16.0,2.0,147.0,SD,PHI,9,Top,R,4,4,1,1,2026,0.698,0.729,0.89,1.262,1.597,2.052,31.021190529999984,135.39015175,Oppo,True,2,823294-70-3
2026,2026-05-26,823294,2,2,607208,"Turner, Trea",R,R,SI,Sinker,8.0,-0.0841437872259938,1.7727517675726758,3.244578412,1.637450787,171.96,107.13,X,field_out,hit_into_play,Trea Turner flies out to right fielder Ramón Laureano.,fly_ball,87.2,44.0,3.0,256.0,SD,PHI,1,Top,R,0,0,0,1,2026,0.698,0.729,0.89,1.262,1.597,2.052,116.14852834000003,227.45545494000007,Oppo,False,2,823294-2-2
2026,2026-05-25,823296,40,1,607208,"Turner, Trea",R,R,SL,Slider,4.0,-0.5449127248568134,2.548532786534142,3.244578412,1.637450787,147.45,196.7,X,field_out,hit_into_play,Trea Turner pops out to catcher Rodolfo Durán in foul territory.,popup,72.9,81.0,3.0,27.0,SD,PHI,6,Top,R,1,1,0,0,2026,0.698,0.729,0.89,1.262,1.597,2.052,54.97963212999997,3.918203470000054,Oppo,False,2,823296-40-1
2026,2026-05-25,823296,19,3,607208,"Turner, Trea",R,R,SI,Sinker,8.0,-0.1127118170345333,2.0595035237410384,3.244578412,1.637450787,109.42,152.59,X,field_out,hit_into_play,"Trea Turner grounds out, shortstop Xander Bogaerts to first baseman Ty France.",ground_ball,97.4,-21.0,2.0,5.0,SD,PHI,3,Top,R,1,1,1,1,2026,0.698,0.729,0.89,1.262,1.597,2.052,-39.930736,114.00225128000002,Pull,False,0,823296-19-3
2026,2026-05-25,823296,55,3,607208,"Turner, Trea",L,R,FF,4-Seam Fastball,12.0,0.6968724710984653,3.5380474956251007,3.244578412,1.637450787,137.81,146.51,X,field_out,hit_into_play,"Trea Turner grounds out, second baseman Fernando Tatis Jr. to first baseman Ty France.",ground_ball,74.6,-2.0,2.0,38.0,SD,PHI,8,Top,R,3,3,1,1,2026,0.698,0.729,0.89,1.262,1.597,2.052,30.921363690000003,129.17593096000004,Oppo,True,2,823296-55-3
2026,2026-05-24,823459,19,4,607208,"Turner, Trea",L,R,CH,Changeup,9.0,0.3713415689114172,2.106974114827828,3.244578412,1.637450787,129.34,190.77,X,field_out,hit_into_play,"Phillies challenged (play at 1st), call on the field was upheld: Trea Turner grounds out, pitcher Parker Messick to first baseman Rhys Hoskins. Brandon Marsh to 2nd.",ground_ball,64.0,-79.0,2.0,0.0,PHI,CLE,3,Bot,R,0,0,1,2,2026,0.698,0.729,0.89,1.262,1.597,2.052,9.783030320000005,18.7175325,Oppo,False,2,823459-19-4
2026,2026-05-23,823458,37,4,607208,"Turner, Trea",R,R,CH,Changeup,7.0,-0.4674850029743643,2.1103946384000825,3.244578412,1.637450787,133.19,203.08,X,field_out,hit_into_play,"Trea Turner grounds out, third baseman José Ramírez to first baseman Kyle Manzardo.",ground_ball,98.2,-6.0,2.0,20.0,PHI,CLE,5,Bot,R,2,2,1,2,2026,0.698,0.729,0.89,1.262,1.597,2.052,19.39136366999999,-12.004177510000007,Oppo,False,2,823458-37-4
2026,2026-05-23,823458,52,6,607208,"Turner, Trea",R,R,FF,4-Seam Fastball,5.0,-0.0881520211482957,2.2035701531675222,3.244578412,1.637450787,147.36,89.05,X,field_out,hit_into_play,Trea Turner lines out to center fielder Steven Kwan.,line_drive,87.8,18.0,4.0,280.0,PHI,CLE,7,Bot,R,3,3,2,2,2026,0.698,0.729,0.89,1.262,1.597,2.052,54.75502174000003,272.5771866200001,Straightaway,False,1,823458-52-6
2026,2026-05-23,823458,4,5,607208,"Turner, Trea",R,R,SI,Sinker,1.0,-0.6571443512915853,3.0100637381999507,3.244578412,1.637450787,108.18,161.66,X,field_out,hit_into_play,"Trea Turner grounds out, third baseman José Ramírez to first baseman Kyle Manzardo.",ground_ball,103.4,-31.0,2.0,5.0,PHI,CLE,1,Bot,R,0,0,2,2,2026,0.698,0.729,0.89,1.262,1.597,2.052,-43.02536803999999,91.36651531000004,Pull,False,0,823458-4-5
2026,2026-05-22,823461,20,3,607208,"Turner, Trea",R,R,ST,Sweeper,8.0,0.2318530895640296,2.0741001441902696,3.244578412,1.637450787,200.1,98.54,X,field_out,hit_into_play,Trea Turner lines out to right fielder Angel Martínez.,line_drive,93.3,21.0,3.0,309.0,PHI,CLE,3,Bot,R,0,0,1,1,2026,0.698,0.729,0.89,1.262,1.597,2.052,186.37671028,248.89326883000004,Oppo,False,2,823461-20-3
2026,2026-05-22,823461,60,1,607208,"Turner, Trea",R,R,ST,Sweeper,1.0,-0.5995800254492025,2.856609127784971,3.244578412,1.637450787,107.96,119.49,X,field_out,hit_into_play,Trea Turner flies out to shortstop Brayan Rocchio.,fly_ball,84.5,53.0,3.0,206.0,PHI,CLE,9,Bot,R,0,0,0,0,2026,0.698,0.729,0.89,1.262,1.597,2.052,-43.57441566000002,196.60896138000007,Pull,False,0,823461-60-1
2026,2026-05-22,823461,4,1,607208,"Turner, Trea",R,R,SI,Sinker,2.0,0.1806226648505162,3.0523297832473126,3.244578412,1.637450787,174.41,69.03,X,field_out,hit_into_play,Trea Turner flies out to center fielder Petey Halpin.,fly_ball,98.2,31.0,5.0,343.0,PHI,CLE,1,Bot,R,0,0,0,0,2026,0.698,0.729,0.89,1.262,1.597,2.052,122.26292228999999,322.54052004000005,Oppo,False,2,823461-4-1
2026,2026-05-20,823462,42,5,607208,"Turner, Trea",L,R,CH,Changeup,9.0,0.6496050838091421,2.1309020210936818,3.244578412,1.637450787,177.25,118.05,X,single,hit_into_play,Trea Turner singles on a ground ball to right fielder Will Benson.,ground_ball,100.0,5.0,4.0,115.0,PHI,CIN,5,Bot,R,1,1,2,2,2026,0.698,0.729,0.89,1.262,1.597,2.052,129.35062793,200.20272762000005,Oppo,False,2,823462-42-5
2026,2026-05-20,823462,63,5,607208,"Turner, Trea",R,R,FF,4-Seam Fastball,1.0,-0.5533154241004313,2.916386463766721,3.244578412,1.637450787,189.37,76.54,X,field_out,hit_into_play,Trea Turner flies out to right fielder Blake Dunn.,fly_ball,97.3,43.0,3.0,341.0,PHI,CIN,7,Bot,R,4,4,3,1,2026,0.698,0.729,0.89,1.262,1.597,2.052,159.59816045000002,303.79803083,Oppo,False,2,823462-63-5
2026,2026-05-19,823464,42,5,607208,"Turner, Trea",R,R,SL,Slider,1.0,-0.6581654527740307,3.213615962428457,3.244578412,1.637450787,100.08,94.22,X,field_out,hit_into_play,Trea Turner flies out to left fielder JJ Bleday.,fly_ball,83.4,45.0,3.0,270.0,PHI,CIN,6,Bot,R,1,1,2,2,2026,0.698,0.729,0.89,1.262,1.597,2.052,-63.240303140000016,259.67456755000006,Pull,False,0,823464-42-5
2026,2026-05-19,823464,20,2,607208,"Turner, Trea",R,R,SL,Slider,4.0,-0.3391729262394871,2.386841620000449,3.244578412,1.637450787,16.66,73.31,X,home_run,hit_into_play,Trea Turner homers (5) on a fly ball to left field.,fly_ball,104.2,29.0,6.0,409.0,PHI,CIN,3,Bot,R,0,1,1,0,2026,0.698,0.729,0.89,1.262,1.597,2.052,-271.42917796000006,311.85904816000004,Pull,False,0,823464-20-2
2026,2026-05-19,823464,65,1,607208,"Turner, Trea",R,R,FF,4-Seam Fastball,5.0,0.2227688573146218,2.4154041969322866,3.244578412,1.637450787,192.25,152.8,X,field_out,hit_into_play,Trea Turner flies out to right fielder Blake Dunn in foul territory.,fly_ball,85.5,59.0,3.0,200.0,PHI,CIN,9,Bot,R,1,1,0,0,2026,0.698,0.729,0.89,1.262,1.597,2.052,166.78569293,113.47816037000001,Oppo,False,2,823464-65-1
2026,2026-05-18,823465,23,2,607208,"Turner, Trea",L,R,CH,Changeup,9.0,0.419377820284561,2.087189108719961,3.244578412,1.637450787,92.13,169.7,X,field_out,hit_into_play,"Trea Turner grounds out, third baseman Ke'Bryan Hayes to first baseman Sal Stewart.",ground_ball,72.5,-45.0,2.0,2.0,PHI,CIN,3,Bot,R,2,2,1,0,2026,0.698,0.729,0.89,1.262,1.597,2.052,-83.08088759000002,71.30132047000006,Pull,False,0,823465-23-2
2026,2026-05-18,823465,54,2,607208,"Turner, Trea",R,R,SL,Slider,6.0,0.6809121990157763,2.6390765278472816,3.244578412,1.637450787,133.77,129.62,X,field_out,hit_into_play,"Trea Turner grounds out, second baseman Matt McLain to first baseman Sal Stewart.",ground_ball,83.4,9.0,4.0,123.0,PHI,CIN,7,Bot,R,3,3,0,1,2026,0.698,0.729,0.89,1.262,1.597,2.052,20.838852850000023,171.32781415000002,Straightaway,False,1,823465-54-2
2026,2026-05-18,823465,5,1,607208,"Turner, Trea",L,R,SI,Sinker,8.0,-0.18355826521038,2.0166326905976995,3.244578412,1.637450787,53.59,71.76,X,double,hit_into_play,Trea Turner doubles (9) on a sharp line drive to left fielder JJ Bleday.,line_drive,108.6,16.0,6.0,360.0,PHI,CIN,1,Bot,R,0,0,0,0,2026,0.698,0.729,0.89,1.262,1.597,2.052,-179.26404793,315.72733821,Pull,False,0,823465-5-1
2026,2026-05-17,823381,32,4,607208,"Turner, Trea",R,R,FF,4-Seam Fastball,5.0,-0.2223223892737446,2.502791998084395,3.244578412,1.637450787,193.36,125.33,X,single,hit_into_play,Trea Turner singles on a ground ball to right fielder Jared Triolo. J.T. Realmuto scores.,ground_ball,102.1,-5.0,2.0,24.0,PIT,PHI,5,Top,R,1,2,2,1,2026,0.698,0.729,0.89,1.262,1.597,2.052,169.55588774000003,182.03424274000005,Oppo,False,2,823381-32-4
2026,2026-05-17,823381,17,7,607208,"Turner, Trea",R,R,CH,Changeup,5.0,-0.1361945607619166,2.3213580096552704,3.244578412,1.637450787,62.0,80.0,X,field_out,hit_into_play,Trea Turner flies out to left fielder Bryan Reynolds.,fly_ball,92.3,32.0,3.0,348.0,PIT,PHI,3,Top,R,0,0,2,2,2026,0.698,0.729,0.89,1.262,1.597,2.052,-158.27545482000002,295.16300917000007,Pull,False,0,823381-17-7
2026,2026-05-17,823381,45,4,607208,"Turner, Trea",R,R,SL,Slider,9.0,0.4110445470935691,1.877592880767448,3.244578412,1.637450787,106.71,150.16,X,field_out,hit_into_play,"Trea Turner grounds out, shortstop Konnor Griffin to first baseman Spencer Horwitz.",ground_ball,89.4,0.0,2.0,45.0,PIT,PHI,6,Top,R,5,5,1,2,2026,0.698,0.729,0.89,1.262,1.597,2.052,-46.694004410000026,120.06673181000005,Pull,False,0,823381-45-4
2026,2026-05-17,823381,66,1,607208,"Turner, Trea",R,R,SI,Sinker,4.0,-0.7027284393043087,2.257481086775522,3.244578412,1.637450787,126.06,74.94,X,field_out,hit_into_play,Trea Turner lines out to center fielder Jake Mangum.,line_drive,97.7,16.0,4.0,309.0,PIT,PHI,9,Top,R,6,6,0,0,2026,0.698,0.729,0.89,1.262,1.597,2.052,1.5972294400000016,307.7911044300001,Straightaway,False,1,823381-66-1
2026,2026-05-16,823382,28,9,607208,"Turner, Trea",L,R,SI,Sinker,5.0,-0.2086324317370891,2.6476794468301232,3.244578412,1.637450787,138.94,141.75,X,field_out,hit_into_play,"Trea Turner grounds out, second baseman Brandon Lowe to first baseman Jared Triolo. Justin Crawford to 3rd.",ground_ball,100.7,-12.0,2.0,12.0,PIT,PHI,4,Top,R,5,5,3,2,2026,0.698,0.729,0.89,1.262,1.597,2.052,33.741471919999995,141.05532492000003,Oppo,False,2,823382-28-9
2026,2026-05-16,823382,60,1,607208,"Turner, Trea",R,R,FF,4-Seam Fastball,5.0,0.1726589975919277,2.3024257290023806,3.244578412,1.637450787,220.48,105.62,X,double,hit_into_play,Trea Turner doubles (8) on a line drive to right fielder Nick Yorke. Justin Crawford scores.,line_drive,99.6,21.0,5.0,327.0,PIT,PHI,8,Top,R,5,6,0,0,2026,0.698,0.729,0.89,1.262,1.597,2.052,237.23848525999998,231.22391815000003,Oppo,False,2,823382-60-1
2026,2026-05-16,823382,1,1,607208,"Turner, Trea",R,R,FF,4-Seam Fastball,6.0,0.5879324402614912,2.57631106589844,3.244578412,1.637450787,170.24,107.98,X,single,hit_into_play,Trea Turner singles on a line drive to right fielder Jared Triolo.,line_drive,94.3,15.0,4.0,253.0,PIT,PHI,1,Top,R,0,0,0,0,2026,0.698,0.729,0.89,1.262,1.597,2.052,111.85597422000002,225.33413459000002,Oppo,False,2,823382-1-1
2026,2026-05-15,823384,57,2,607208,"Turner, Trea",R,R,SL,Slider,5.0,0.2387287955599725,2.34965456827665,3.244578412,1.637450787,112.28,149.66,X,force_out,hit_into_play,"Trea Turner grounds into a force out, shortstop Konnor Griffin to second baseman Brandon Lowe. Justin Crawford out at 2nd. Trea Turner to 1st.",ground_ball,100.8,-29.0,2.0,4.0,PIT,PHI,7,Top,R,3,3,0,1,2026,0.698,0.729,0.89,1.262,1.597,2.052,-32.793116940000004,121.31456731000004,Pull,False,0,823384-57-2
2026,2026-05-15,823384,16,2,607208,"Turner, Trea",R,R,SL,Slider,8.0,0.0497523946888562,1.7349810617496564,3.244578412,1.637450787,103.16,164.35,X,force_out,hit_into_play,"Trea Turner grounds into a force out, third baseman Jared Triolo to second baseman Brandon Lowe. Garrett Stubbs out at 2nd. Trea Turner to 1st.",ground_ball,84.5,2.0,2.0,50.0,PIT,PHI,3,Top,R,0,0,0,1,2026,0.698,0.729,0.89,1.262,1.597,2.052,-55.553636460000014,84.65316032000004,Pull,False,0,823384-16-2
2026,2026-05-15,823384,73,2,607208,"Turner, Trea",L,R,SI,Sinker,6.0,0.6160053821234146,2.3799008278772686,3.244578412,1.637450787,175.12,115.2,X,single,hit_into_play,Trea Turner singles on a ground ball to right fielder Bryan Reynolds. Edmundo Sosa to 3rd. Adolis García to 2nd.,ground_ball,87.1,9.0,4.0,151.0,PIT,PHI,9,Top,R,5,5,0,1,2026,0.698,0.729,0.89,1.262,1.597,2.052,124.03484870000001,207.31538997000004,Oppo,False,2,823384-73-2
2026,2026-05-15,823384,1,2,607208,"Turner, Trea",R,R,SI,Sinker,7.0,-0.6748264531655661,1.9542676677555333,3.244578412,1.637450787,104.97,170.23,X,field_out,hit_into_play,"Trea Turner grounds out, third baseman Jared Triolo to first baseman Spencer Horwitz.",ground_ball,106.8,-3.0,4.0,26.0,PIT,PHI,1,Top,R,0,0,0,1,2026,0.698,0.729,0.89,1.262,1.597,2.052,-51.03647195000001,69.97861484000006,Pull,False,0,823384-1-2
2026,2026-05-14,824762,20,2,607208,"Turner, Trea",L,R,FC,Cutter,4.0,-0.6600445895342226,2.3897320194283647,3.244578412,1.637450787,112.28,159.28,X,field_out,hit_into_play,"Trea Turner grounds out, shortstop Trevor Story to first baseman Willson Contreras.",ground_ball,86.6,-21.0,2.0,6.0,BOS,PHI,4,Top,R,0,0,1,0,2026,0.698,0.729,0.89,1.262,1.597,2.052,-32.793116940000004,97.30621229000003,Pull,False,0,824762-20-2
2026,2026-05-14,824762,1,5,607208,"Turner, Trea",L,R,CH,Changeup,6.0,0.5991252875728572,2.2103483934223687,3.244578412,1.637450787,103.16,163.84,X,field_out,hit_into_play,"Red Sox challenged (play at 1st), call on the field was overturned: Trea Turner grounds out, third baseman Caleb Durbin to first baseman Willson Contreras.",ground_ball,81.9,-10.0,2.0,12.0,BOS,PHI,1,Top,R,0,0,2,2,2026,0.698,0.729,0.89,1.262,1.597,2.052,-55.553636460000014,85.92595253000002,Pull,False,0,824762-1-5
2026,2026-05-14,824762,55,1,607208,"Turner, Trea",L,R,SI,Sinker,9.0,0.4429084958126328,1.8325783081232048,3.244578412,1.637450787,183.23,103.54,X,single,hit_into_play,Trea Turner singles on a ground ball to right fielder Wilyer Abreu.,ground_ball,94.8,3.0,4.0,69.0,BOS,PHI,8,Top,R,0,0,0,0,2026,0.698,0.729,0.89,1.262,1.597,2.052,144.27474051,236.41491383000002,Oppo,False,2,824762-55-1
2026,2026-05-12,824764,53,3,607208,"Turner, Trea",R,R,ST,Sweeper,8.0,0.2070372367030437,1.6477106336290746,3.244578412,1.637450787,104.18,172.46,X,field_out,hit_into_play,"Trea Turner grounds out, third baseman Caleb Durbin to first baseman Mickey Gasper.",ground_ball,87.5,-31.0,2.0,3.0,BOS,PHI,8,Top,R,2,2,0,2,2026,0.698,0.729,0.89,1.262,1.597,2.052,-53.00805203999999,64.41326851000001,Pull,False,0,824764-53-3
2026,2026-05-12,824764,32,1,607208,"Turner, Trea",R,R,FC,Cutter,5.0,-0.1289304234968627,2.2868668831562124,3.244578412,1.637450787,136.69,191.4,X,field_out,hit_into_play,Trea Turner grounds out softly to pitcher Brayan Bello.,ground_ball,45.8,-40.0,1.0,3.0,BOS,PHI,5,Top,R,2,2,0,0,2026,0.698,0.729,0.89,1.262,1.597,2.052,28.12621216999999,17.145259770000013,Oppo,False,2,824764-32-1
2026,2026-05-12,824764,1,6,607208,"Turner, Trea",L,R,CH,Changeup,8.0,0.2295465416771198,1.8723718762215111,3.244578412,1.637450787,101.14,172.97,X,field_out,hit_into_play,"Trea Turner grounds out, third baseman Caleb Durbin to first baseman Mickey Gasper.",ground_ball,95.2,2.0,4.0,66.0,BOS,PHI,1,Top,R,0,0,2,2,2026,0.698,0.729,0.89,1.262,1.597,2.052,-60.594891880000006,63.14047630000003,Pull,False,0,824764-1-6
2026,2026-05-10,823463,34,1,607208,"Turner, Trea",R,R,CU,Curveball,2.0,-0.2612610211669693,2.7730813153931706,3.244578412,1.637450787,96.0,167.0,X,field_out,hit_into_play,"Trea Turner grounds out, third baseman Kyle Karros to first baseman Willi Castro.",ground_ball,64.0,-20.0,2.0,8.0,PHI,COL,4,Bot,R,5,5,0,0,2026,0.698,0.729,0.89,1.262,1.597,2.052,-73.42264082000001,78.03963217000003,Pull,False,0,823463-34-1
2026,2026-05-10,823463,17,7,607208,"Turner, Trea",R,R,SI,Sinker,7.0,-0.3742904736561647,1.5923100698734254,3.244578412,1.637450787,116.33,74.95,X,sac_fly,hit_into_play,Trea Turner out on a sacrifice fly to center fielder Brenton Doyle. Alec Bohm scores.,line_drive,100.4,16.0,4.0,346.0,PHI,COL,2,Bot,R,3,4,3,2,2026,0.698,0.729,0.89,1.262,1.597,2.052,-22.68564939000001,307.76614772000005,Straightaway,False,1,823463-17-7
2026,2026-05-10,823463,50,3,607208,"Turner, Trea",R,R,FF,4-Seam Fastball,7.0,-0.3340275662234475,2.004534009591264,3.244578412,1.637450787,106.69,162.17,X,field_out,hit_into_play,"Trea Turner grounds out, third baseman Kyle Karros to first baseman Willi Castro.",ground_ball,83.1,-22.0,2.0,5.0,PHI,COL,6,Bot,R,6,6,2,0,2026,0.698,0.729,0.89,1.262,1.597,2.052,-46.743917830000015,90.09372310000006,Pull,False,0,823463-50-3
2026,2026-05-09,823468,37,2,607208,"Turner, Trea",L,R,KC,Knuckle Curve,9.0,0.3609841867822826,1.7274211020757595,3.244578412,1.637450787,118.32,140.87,X,single,hit_into_play,Trea Turner singles on a ground ball to shortstop Willi Castro.,ground_ball,89.9,6.0,4.0,101.0,PHI,COL,4,Bot,R,6,6,1,0,2026,0.698,0.729,0.89,1.262,1.597,2.052,-17.71926410000002,143.25151540000002,Straightaway,False,1,823468-37-2
2026,2026-05-09,823468,71,1,607208,"Turner, Trea",R,R,CU,Curveball,2.0,-0.0018087370030359,3.3229876078460725,3.244578412,1.637450787,82.79,95.02,X,field_out,hit_into_play,Trea Turner flies out to left fielder Jake McCarthy.,fly_ball,90.2,44.0,3.0,280.0,PHI,COL,8,Bot,R,9,9,0,0,2026,0.698,0.729,0.89,1.262,1.597,2.052,-106.39045473,257.67803075000006,Pull,False,0,823468-71-1
2026,2026-05-09,823468,22,1,607208,"Turner, Trea",L,R,KC,Knuckle Curve,9.0,0.3710447999634509,1.646312045326343,3.244578412,1.637450787,117.28,95.95,X,single,hit_into_play,Trea Turner singles on a line drive to center fielder Mickey Moniak. Bryson Stott to 2nd.,line_drive,75.6,17.0,4.0,201.0,PHI,COL,3,Bot,R,1,1,0,0,2026,0.698,0.729,0.89,1.262,1.597,2.052,-20.314761940000004,255.35705672000003,Straightaway,False,1,823468-22-1
2026,2026-05-09,823468,55,6,607208,"Turner, Trea",R,R,FF,4-Seam Fastball,13.0,-0.5014206097436702,1.2187309405399325,3.244578412,1.637450787,71.7,105.42,X,single,hit_into_play,Trea Turner singles on a line drive to left fielder Jake McCarthy.,line_drive,89.9,8.0,4.0,169.0,PHI,COL,6,Bot,R,7,7,3,2,2026,0.698,0.729,0.89,1.262,1.597,2.052,-134.06744612,231.72305235000005,Pull,True,0,823468-55-6
2026,2026-05-09,823468,5,2,607208,"Turner, Trea",L,R,FF,4-Seam Fastball,5.0,0.2111772617760954,2.5974575811580003,3.244578412,1.637450787,120.86,85.6,X,single,hit_into_play,Trea Turner singles on a ground ball to center fielder Mickey Moniak.,ground_ball,100.7,-9.0,2.0,15.0,PHI,COL,1,Bot,R,0,0,1,0,2026,0.698,0.729,0.89,1.262,1.597,2.052,-11.380259760000007,281.18725157000006,Straightaway,False,1,823468-5-2
2026,2026-05-08,823466,21,3,607208,"Turner, Trea",R,R,SI,Sinker,2.0,0.1179809352129694,2.8439341714190656,3.244578412,1.637450787,157.21,56.67,X,field_out,hit_into_play,Trea Turner flies out sharply to center fielder Brenton Doyle.,fly_ball,101.2,37.0,5.0,360.0,PHI,COL,3,Bot,R,0,0,1,1,2026,0.698,0.729,0.89,1.262,1.597,2.052,79.33738109000002,353.3870136000001,Oppo,False,2,823466-21-3
2026,2026-05-08,823466,59,2,607208,"Turner, Trea",R,R,SI,Sinker,5.0,-0.0762584537726838,2.7166869802618745,3.244578412,1.637450787,135.29,63.27,X,field_out,hit_into_play,Trea Turner flies out to center fielder Brenton Doyle.,fly_ball,98.8,40.0,3.0,337.0,PHI,COL,7,Bot,R,2,2,0,1,2026,0.698,0.729,0.89,1.262,1.597,2.052,24.63227276999998,336.915585,Straightaway,False,1,823466-59-2
2026,2026-05-08,823466,95,4,607208,"Turner, Trea",R,R,SI,Sinker,3.0,0.6486940727856696,2.779559429135261,3.244578412,1.637450787,202.66,89.56,X,field_out,hit_into_play,Trea Turner flies out to right fielder Tyler Freeman. Edmundo Sosa to 3rd.,fly_ball,93.0,29.0,3.0,330.0,PHI,COL,11,Bot,R,7,7,2,1,2026,0.698,0.729,0.89,1.262,1.597,2.052,192.76562804,271.30439441000004,Oppo,False,2,823466-95-4
2026,2026-05-08,823466,5,2,607208,"Turner, Trea",R,R,SI,Sinker,2.0,-0.0347262176809128,2.995653342382308,3.244578412,1.637450787,148.44,163.69,X,field_out,hit_into_play,Trea Turner grounds out to first baseman TJ Rumfield.,ground_ball,105.9,-14.0,2.0,11.0,PHI,COL,1,Bot,R,0,0,0,1,2026,0.698,0.729,0.89,1.262,1.597,2.052,57.450346419999995,86.30030318000004,Oppo,False,2,823466-5-2
2026,2026-05-07,823467,52,3,607208,"Turner, Trea",R,R,SI,Sinker,4.0,-0.6792355276426671,2.276865563989096,3.244578412,1.637450787,118.35,54.43,X,field_out,hit_into_play,Trea Turner lines out to center fielder Lawrence Butler.,line_drive,97.1,22.0,5.0,358.0,PHI,ATH,6,Bot,R,1,1,1,1,2026,0.698,0.729,0.89,1.262,1.597,2.052,-17.64439397000002,358.97731664,Straightaway,False,1,823467-52-3
2026,2026-05-07,823467,33,1,607208,"Turner, Trea",R,R,FC,Cutter,6.0,0.6001486746890186,2.588298924389775,3.244578412,1.637450787,132.89,151.11,X,field_out,hit_into_play,"Trea Turner grounds out, second baseman Jeff McNeil to first baseman Nick Kurtz.",ground_ball,86.6,-1.0,2.0,38.0,PHI,ATH,4,Bot,R,0,0,0,0,2026,0.698,0.729,0.89,1.262,1.597,2.052,18.642662369999965,117.69584436,Straightaway,False,1,823467-33-1
2026,2026-05-06,823470,40,2,607208,"Turner, Trea",L,R,CH,Changeup,3.0,0.7311635034018322,2.7873203127426547,3.244578412,1.637450787,178.16,113.36,X,single,hit_into_play,Trea Turner singles on a line drive to right fielder Carlos Cortes.,line_drive,96.5,10.0,4.0,191.0,PHI,ATH,5,Bot,R,1,1,1,0,2026,0.698,0.729,0.89,1.262,1.597,2.052,131.62168854,211.90742461000005,Oppo,False,2,823470-40-2
2026,2026-05-06,823470,22,6,607208,"Turner, Trea",L,R,SL,Slider,7.0,-0.3481462254004933,1.8455109404175687,3.244578412,1.637450787,185.1,107.43,X,field_out,hit_into_play,Trea Turner flies out to right fielder Carlos Cortes.,fly_ball,85.0,42.0,3.0,271.0,PHI,ATH,3,Bot,R,0,0,2,2,2026,0.698,0.729,0.89,1.262,1.597,2.052,148.94164528,226.70675364000002,Oppo,False,2,823470-22-6
2026,2026-05-06,823470,56,4,607208,"Turner, Trea",R,R,CH,Changeup,13.0,-0.3483960928288701,1.3950314340383412,3.244578412,1.637450787,104.36,162.17,X,field_out,hit_into_play,"Trea Turner grounds out, third baseman Zack Gelof to first baseman Nick Kurtz.",ground_ball,88.7,-25.0,2.0,3.0,PHI,ATH,7,Bot,R,2,2,1,2,2026,0.698,0.729,0.89,1.262,1.597,2.052,-52.55883126000001,90.09372310000006,Pull,True,0,823470-56-4
2026,2026-05-06,823470,70,2,607208,"Turner, Trea",L,R,CU,Curveball,8.0,-0.0135890831191547,1.6112431293318812,3.244578412,1.637450787,134.45,183.89,X,field_out,hit_into_play,"Trea Turner grounds out softly, pitcher Hogan Harris to first baseman Nick Kurtz.",ground_ball,53.9,-66.0,1.0,1.0,PHI,ATH,8,Bot,R,6,6,1,0,2026,0.698,0.729,0.89,1.262,1.597,2.052,22.53590912999997,35.88774898000006,Oppo,False,2,823470-70-2
2026,2026-05-05,823469,33,6,607208,"Turner, Trea",R,R,SI,Sinker,4.0,-0.3473815857524047,2.648939915846265,3.244578412,1.637450787,202.17,83.54,X,field_out,hit_into_play,Trea Turner flies out to right fielder Colby Thomas.,fly_ball,97.3,31.0,5.0,342.0,PHI,ATH,4,Bot,R,1,1,3,2,2026,0.698,0.729,0.89,1.262,1.597,2.052,191.54274924999999,286.32833383,Oppo,False,2,823469-33-6
2026,2026-05-05,823469,66,4,607208,"Turner, Trea",R,R,ST,Sweeper,14.0,0.6607221392598865,1.3880063792233155,3.244578412,1.637450787,128.19,110.44,X,single,hit_into_play,Trea Turner singles on a ground ball to center fielder Zack Gelof. Justin Crawford scores.,ground_ball,83.4,2.0,2.0,49.0,PHI,ATH,8,Bot,R,6,7,1,2,2026,0.698,0.729,0.89,1.262,1.597,2.052,6.91300866999999,219.19478393000006,Straightaway,True,1,823469-66-4
2026,2026-05-05,823469,4,2,607208,"Turner, Trea",R,R,ST,Sweeper,3.0,0.4330309768240035,2.952651229300985,3.244578412,1.637450787,82.09,108.05,X,field_out,hit_into_play,Trea Turner lines out to left fielder Tyler Soderstrom.,line_drive,74.8,25.0,4.0,252.0,PHI,ATH,1,Bot,R,0,0,0,1,2026,0.698,0.729,0.89,1.262,1.597,2.052,-108.13742443000001,225.15943762000006,Pull,False,0,823469-4-2
2026,2026-05-05,823469,54,1,607208,"Turner, Trea",R,R,FF,4-Seam Fastball,1.0,-0.5368383990532447,3.0505896637036978,3.244578412,1.637450787,37.07,93.3,X,double,hit_into_play,Trea Turner doubles (7) on a sharp line drive to left fielder Tyler Soderstrom.,line_drive,101.8,15.0,4.0,273.0,PHI,ATH,7,Bot,R,1,1,0,0,2026,0.698,0.729,0.89,1.262,1.597,2.052,-220.49253285,261.97058487000004,Pull,False,0,823469-54-1
2026,2026-05-04,823874,18,3,607208,"Turner, Trea",R,R,SI,Sinker,7.0,-0.608896675896644,1.9695299086246476,3.244578412,1.637450787,106.49,183.72,X,field_out,hit_into_play,"Trea Turner grounds out, third baseman Graham Pauley to first baseman Christopher Morel.",ground_ball,91.4,-33.0,2.0,3.0,MIA,PHI,3,Top,R,0,0,1,1,2026,0.698,0.729,0.89,1.262,1.597,2.052,-47.24305203000002,36.31201305000003,Pull,False,0,823874-18-3
2026,2026-05-04,823874,50,3,607208,"Turner, Trea",R,R,CU,Curveball,5.0,0.0661979871712621,2.4102352037035137,3.244578412,1.637450787,108.3,158.91,X,field_out,hit_into_play,"Trea Turner grounds out, shortstop Otto Lopez to first baseman Christopher Morel.",ground_ball,95.1,4.0,4.0,92.0,MIA,PHI,7,Top,R,1,1,0,2,2026,0.698,0.729,0.89,1.262,1.597,2.052,-42.725887520000015,98.22961056000004,Pull,False,0,823874-50-3
2026,2026-05-03,823875,14,1,607208,"Turner, Trea",R,R,CH,Changeup,8.0,0.1790211233723166,1.898397028218349,3.244578412,1.637450787,164.47,92.04,X,field_out,hit_into_play,Trea Turner lines out sharply to right fielder Kyle Stowers.,line_drive,101.7,15.0,4.0,283.0,MIA,PHI,2,Top,R,6,6,0,0,2026,0.698,0.729,0.89,1.262,1.597,2.052,97.45595255,265.11513033000006,Oppo,False,2,823875-14-1
2026,2026-05-03,823875,28,6,607208,"Turner, Trea",L,R,SL,Slider,7.0,-0.3040511516322852,2.0858814389813705,3.244578412,1.637450787,98.62,164.35,X,field_out,hit_into_play,"Trea Turner grounds out, third baseman Leo Jiménez to first baseman Connor Norby.",ground_ball,100.2,-3.0,2.0,29.0,MIA,PHI,3,Top,R,7,7,2,2,2026,0.698,0.729,0.89,1.262,1.597,2.052,-66.8839828,84.65316032000004,Pull,False,0,823875-28-6
2026,2026-05-03,823875,66,2,607208,"Turner, Trea",R,R,FF,4-Seam Fastball,9.0,0.5147577124441153,2.0021766070068274,3.244578412,1.637450787,142.19,147.41,X,field_out,hit_into_play,"Trea Turner grounds out, second baseman Leo Jiménez to first baseman Connor Norby.",ground_ball,98.8,-1.0,2.0,34.0,MIA,PHI,8,Top,R,7,7,1,0,2026,0.698,0.729,0.89,1.262,1.597,2.052,41.85240267,126.92982706000005,Oppo,False,2,823875-66-2
2026,2026-05-03,823875,1,2,607208,"Turner, Trea",R,R,SI,Sinker,1.0,-0.2989852162535928,3.0821519652734928,3.244578412,1.637450787,121.62,41.51,X,double,hit_into_play,Trea Turner hits a ground-rule double (6) on a line drive to center field.,line_drive,103.6,20.0,6.0,388.0,MIA,PHI,1,Top,R,0,0,1,0,2026,0.698,0.729,0.89,1.262,1.597,2.052,-9.483549799999993,391.2213859600001,Straightaway,False,1,823875-1-2
2026,2026-05-02,823876,44,2,607208,"Turner, Trea",R,R,FF,4-Seam Fastball,6.0,0.3153331209986357,2.7453356086606324,3.244578412,1.637450787,159.48,114.24,X,field_out,hit_into_play,Trea Turner flies out to right fielder Kyle Stowers.,fly_ball,91.8,55.0,3.0,229.0,MIA,PHI,6,Top,R,0,0,0,1,2026,0.698,0.729,0.89,1.262,1.597,2.052,85.00255425999998,209.71123413000007,Oppo,False,2,823876-44-2
2026,2026-05-02,823876,27,6,607208,"Turner, Trea",R,R,ST,Sweeper,9.0,0.4951872186105415,1.7292264233624426,3.244578412,1.637450787,111.01,172.29,X,field_out,hit_into_play,"Trea Turner grounds out, third baseman Graham Pauley to first baseman Connor Norby.",ground_ball,78.9,-35.0,2.0,3.0,MIA,PHI,4,Top,R,0,0,2,2,2026,0.698,0.729,0.89,1.262,1.597,2.052,-35.96261910999999,64.83753258000004,Pull,False,0,823876-27-6
2026,2026-05-02,823876,67,2,607208,"Turner, Trea",L,R,FF,4-Seam Fastball,1.0,-0.3653377411455808,2.9197576939781134,3.244578412,1.637450787,124.16,90.17,X,field_out,hit_into_play,Trea Turner flies out to center fielder Jakob Marsee.,fly_ball,88.2,46.0,3.0,272.0,MIA,PHI,9,Top,R,0,0,0,1,2026,0.698,0.729,0.89,1.262,1.597,2.052,-3.144545460000013,269.78203510000003,Straightaway,False,1,823876-67-2
2026,2026-05-02,823876,1,2,607208,"Turner, Trea",R,R,SI,Sinker,4.0,-0.4143445416074433,2.231279844152523,3.244578412,1.637450787,112.92,172.38,X,field_out,hit_into_play,"Trea Turner grounds out, third baseman Graham Pauley to first baseman Connor Norby.",ground_ball,97.0,-10.0,2.0,12.0,MIA,PHI,1,Top,R,0,0,0,1,2026,0.698,0.729,0.89,1.262,1.597,2.052,-31.1958875,64.61292219000005,Pull,False,0,823876-1-2
2026,2026-04-30,823471,43,2,607208,"Turner, Trea",R,R,SI,Sinker,5.0,-0.0039011774395205,2.3463237161266,3.244578412,1.637450787,121.94,82.55,X,single,hit_into_play,Trea Turner singles on a ground ball to center fielder Drew Gilbert.,ground_ball,109.1,0.0,4.0,51.0,PHI,SF,5,Bot,R,2,2,1,0,2026,0.698,0.729,0.89,1.262,1.597,2.052,-8.684935080000011,288.79904812000007,Straightaway,False,1,823471-43-2
2026,2026-04-30,823471,25,6,607208,"Turner, Trea",R,R,SI,Sinker,6.0,0.3441463243711304,2.2366065157898407,3.244578412,1.637450787,117.38,159.13,X,field_out,hit_into_play,"Trea Turner grounds out, shortstop Willy Adames to first baseman Casey Schmitt.",ground_ball,75.4,-23.0,2.0,5.0,PHI,SF,3,Bot,R,2,2,2,2,2026,0.698,0.729,0.89,1.262,1.597,2.052,-20.065194840000018,97.68056294000004,Straightaway,False,1,823471-25-6
2026,2026-04-30,823472,24,3,607208,"Turner, Trea",R,R,SI,Sinker,13.0,-0.2725377940786213,1.464050435008713,3.244578412,1.637450787,148.89,133.83,X,field_out,hit_into_play,"Trea Turner grounds out, second baseman Luis Arraez to first baseman Rafael Devers.",ground_ball,107.8,-35.0,2.0,2.0,PHI,SF,3,Bot,R,1,1,0,2,2026,0.698,0.729,0.89,1.262,1.597,2.052,58.573398369999964,160.82103924,Oppo,True,2,823472-24-3
2026,2026-04-30,823471,82,5,607208,"Turner, Trea",R,R,FS,Split-Finger,5.0,0.0690177687707827,2.3884025806215634,3.244578412,1.637450787,105.2,164.2,X,grounded_into_double_play,hit_into_play,"Trea Turner grounds into a double play, third baseman Matt Chapman to second baseman Luis Arraez to first baseman Casey Schmitt. Brandon Marsh to 3rd. Garrett Stubbs out at 2nd. Trea Turner out at 1st.",ground_ball,76.3,-3.0,2.0,28.0,PHI,SF,9,Bot,R,4,4,2,2,2026,0.698,0.729,0.89,1.262,1.597,2.052,-50.46246762,85.02751097000007,Pull,False,0,823471-82-5
2026,2026-04-30,823471,5,1,607208,"Turner, Trea",R,R,SI,Sinker,5.0,0.259136079819142,2.5902407078678085,3.244578412,1.637450787,184.78,60.29,X,home_run,hit_into_play,Trea Turner homers (4) on a fly ball to right center field.,fly_ball,102.3,31.0,6.0,373.0,PHI,SF,1,Bot,R,0,1,0,0,2026,0.698,0.729,0.89,1.262,1.597,2.052,148.14303056,344.3526845800001,Oppo,False,2,823471-5-1
2026,2026-04-28,823473,39,3,607208,"Turner, Trea",R,R,FF,4-Seam Fastball,6.0,0.5207213655221772,2.3834124864643744,3.244578412,1.637450787,125.91,138.84,X,single,hit_into_play,Trea Turner singles on a ground ball to shortstop Willy Adames.,ground_ball,99.8,-15.0,2.0,9.0,PHI,SF,6,Bot,R,1,1,2,0,2026,0.698,0.729,0.89,1.262,1.597,2.052,1.2228787899999873,148.31772753000004,Straightaway,False,1,823473-39-3
2026,2026-04-28,823473,63,3,607208,"Turner, Trea",R,R,ST,Sweeper,6.0,0.6645797042859966,2.2187346399368986,3.244578412,1.637450787,122.21,83.57,X,single,hit_into_play,Trea Turner singles on a ground ball to center fielder Drew Gilbert. Justin Crawford scores. Rafael Marchán to 2nd.,ground_ball,86.2,10.0,4.0,139.0,PHI,SF,8,Bot,R,6,7,1,1,2026,0.698,0.729,0.89,1.262,1.597,2.052,-8.01110391000002,286.25346370000005,Straightaway,False,1,823473-63-3
2026,2026-04-28,823473,24,4,607208,"Turner, Trea",R,R,FC,Cutter,5.0,0.0472573300850615,2.593065035446097,3.244578412,1.637450787,50.81,100.54,X,single,hit_into_play,Trea Turner singles on a line drive to left fielder Heliot Ramos.,line_drive,92.9,18.0,4.0,269.0,PHI,SF,4,Bot,R,0,0,2,1,2026,0.698,0.729,0.89,1.262,1.597,2.052,-186.20201331,243.90192683000004,Pull,False,0,823473-24-4
2026,2026-04-28,823473,4,5,607208,"Turner, Trea",R,R,FF,4-Seam Fastball,3.0,0.6202982269740651,2.902755159086269,3.244578412,1.637450787,177.24,108.92,X,single,hit_into_play,Trea Turner singles on a ground ball to right fielder Jung Hoo Lee.,ground_ball,101.1,-2.0,2.0,43.0,PHI,SF,1,Bot,R,0,0,2,2,2026,0.698,0.729,0.89,1.262,1.597,2.052,129.32567122000003,222.98820385000005,Oppo,False,2,823473-4-5
2026,2026-04-26,824934,41,5,607208,"Turner, Trea",L,R,SL,Slider,5.0,-0.0596246623039534,2.7195190965872813,3.244578412,1.637450787,94.33,95.85,X,field_out,hit_into_play,Trea Turner flies out to left fielder Mauricio Dubón.,fly_ball,86.0,46.0,3.0,269.0,ATL,PHI,5,Top,R,0,0,2,2,2026,0.698,0.729,0.89,1.262,1.597,2.052,-77.59041139000001,255.60662382000007,Pull,False,0,824934-41-5
2026,2026-04-26,824934,23,5,607208,"Turner, Trea",L,R,FF,4-Seam Fastball,6.0,0.3568171314407384,2.412329445242784,3.244578412,1.637450787,78.05,82.66,X,single,hit_into_play,Trea Turner singles on a ground ball to left fielder Mauricio Dubón. Rafael Marchán to 2nd.,ground_ball,105.2,2.0,4.0,66.0,ATL,PHI,3,Top,R,0,0,3,1,2026,0.698,0.729,0.89,1.262,1.597,2.052,-118.21993527000002,288.52452431000006,Pull,False,0,824934-23-5
2026,2026-04-26,824934,61,3,607208,"Turner, Trea",L,R,FC,Cutter,5.0,0.0236333223936607,2.4077720472615725,3.244578412,1.637450787,139.77,151.04,X,field_out,hit_into_play,"Trea Turner grounds out, second baseman Ozzie Albies to first baseman Matt Olson. Rafael Marchán to 3rd.",ground_ball,93.6,-26.0,2.0,5.0,ATL,PHI,8,Top,R,0,0,1,1,2026,0.698,0.729,0.89,1.262,1.597,2.052,35.812878850000025,117.87054133000005,Oppo,False,2,824934-61-3
2026,2026-04-25,824933,54,4,607208,"Turner, Trea",R,R,SI,Sinker,9.0,0.7323590061744361,2.104283009618481,3.244578412,1.637450787,153.69,171.01,X,field_out,hit_into_play,Trea Turner grounds out to first baseman Matt Olson.,ground_ball,78.0,-28.0,2.0,4.0,ATL,PHI,7,Top,R,3,3,1,2,2026,0.698,0.729,0.89,1.262,1.597,2.052,70.55261917,68.03199146000006,Oppo,False,2,824933-54-4
2026,2026-04-25,824933,36,1,607208,"Turner, Trea",R,R,SL,Slider,8.0,0.0316557411572827,2.012403399829929,3.244578412,1.637450787,81.42,130.14,X,single,hit_into_play,Trea Turner singles on a ground ball to left fielder Mike Yastrzemski. Rafael Marchán to 2nd.,ground_ball,104.0,1.0,4.0,51.0,ATL,PHI,5,Top,R,2,2,0,0,2026,0.698,0.729,0.89,1.262,1.597,2.052,-109.80952400000001,170.03006523000008,Pull,False,0,824933-36-1
2026,2026-04-25,824933,17,3,607208,"Turner, Trea",R,R,SI,Sinker,4.0,-0.5049789811093668,2.332500004086931,3.244578412,1.637450787,112.54,150.43,X,field_out,hit_into_play,"Trea Turner grounds out, shortstop Mauricio Dubón to first baseman Matt Olson.",ground_ball,105.5,-1.0,4.0,41.0,ATL,PHI,3,Top,R,1,1,2,0,2026,0.698,0.729,0.89,1.262,1.597,2.052,-32.14424247999999,119.39290064000002,Pull,False,0,824933-17-3
2026,2026-04-25,824933,1,4,607208,"Turner, Trea",R,R,SL,Slider,8.0,-0.0947348152310828,1.8801502407920028,3.244578412,1.637450787,107.7,149.22,X,field_out,hit_into_play,"Trea Turner grounds out, shortstop Mauricio Dubón to first baseman Matt Olson.",ground_ball,95.7,-5.0,2.0,19.0,ATL,PHI,1,Top,R,0,0,1,2,2026,0.698,0.729,0.89,1.262,1.597,2.052,-44.22329012,122.41266255000004,Pull,False,0,824933-1-4
2026,2026-04-24,824932,18,1,607208,"Turner, Trea",R,R,FF,4-Seam Fastball,5.0,0.269085856034978,2.709313964496764,3.244578412,1.637450787,206.99,70.61,X,home_run,hit_into_play,Trea Turner homers (3) on a fly ball to right field. Garrett Stubbs scores.,fly_ball,102.5,25.0,6.0,375.0,ATL,PHI,3,Top,R,0,2,0,0,2026,0.698,0.729,0.89,1.262,1.597,2.052,203.57188347000005,318.59735986000004,Oppo,False,2,824932-18-1
2026,2026-04-24,824932,1,3,607208,"Turner, Trea",R,R,SL,Slider,11.0,-0.933325725990048,3.240084353877776,3.244578412,1.637450787,119.05,156.86,X,field_out,hit_into_play,Trea Turner pops out to shortstop Mauricio Dubón.,popup,65.7,62.0,3.0,114.0,ATL,PHI,1,Top,R,0,0,1,1,2026,0.698,0.729,0.89,1.262,1.597,2.052,-15.897424270000013,103.34573611,Straightaway,True,1,824932-1-3
2026,2026-04-23,824689,62,1,607208,"Turner, Trea",R,R,CU,Curveball,6.0,0.3367039781128954,2.651587399095616,3.244578412,1.637450787,101.74,76.18,X,field_out,hit_into_play,Trea Turner flies out to center fielder Matt Shaw.,fly_ball,83.1,29.0,3.0,311.0,CHC,PHI,7,Top,R,5,5,0,0,2026,0.698,0.729,0.89,1.262,1.597,2.052,-59.09748928000002,304.69647239000005,Straightaway,False,1,824689-62-1
2026,2026-04-23,824689,21,2,607208,"Turner, Trea",R,R,SI,Sinker,11.0,-0.3868244259976534,3.4774785995774358,3.244578412,1.637450787,167.28,104.64,X,field_out,hit_into_play,Trea Turner flies out to right fielder Seiya Suzuki.,fly_ball,91.3,52.0,3.0,258.0,CHC,PHI,3,Top,R,1,1,1,0,2026,0.698,0.729,0.89,1.262,1.597,2.052,104.46878806000001,233.66967573000005,Oppo,True,2,824689-21-2
2026,2026-04-23,824689,1,6,607208,"Turner, Trea",R,R,SI,Sinker,13.0,-0.1519647430402537,1.491709896553307,3.244578412,1.637450787,179.87,98.33,X,field_out,hit_into_play,Trea Turner flies out to right fielder Seiya Suzuki.,fly_ball,90.7,35.0,3.0,284.0,CHC,PHI,1,Top,R,0,0,3,2,2026,0.698,0.729,0.89,1.262,1.597,2.052,135.88928595000002,249.41735974000005,Oppo,True,2,824689-1-6
2026,2026-04-22,824688,21,4,607208,"Turner, Trea",L,R,FF,4-Seam Fastball,7.0,-0.4524389589668831,1.6466232826417049,3.244578412,1.637450787,108.42,154.05,X,field_error,hit_into_play,Trea Turner reaches on a throwing error by shortstop Dansby Swanson.,ground_ball,104.2,-24.0,2.0,4.0,CHC,PHI,3,Top,R,2,2,1,2,2026,0.698,0.729,0.89,1.262,1.597,2.052,-42.426407000000005,110.35857162,Pull,False,0,824688-21-4
2026,2026-04-22,824688,2,4,607208,"Turner, Trea",L,R,FF,4-Seam Fastball,11.0,-0.2743265691719623,3.527115363304476,3.244578412,1.637450787,195.74,80.01,X,field_out,hit_into_play,Trea Turner flies out to right fielder Seiya Suzuki.,fly_ball,96.8,29.0,5.0,341.0,CHC,PHI,1,Top,R,0,0,1,2,2026,0.698,0.729,0.89,1.262,1.597,2.052,175.49558472000004,295.13805246000004,Oppo,True,2,824688-2-4
2026,2026-04-22,824688,39,5,607208,"Turner, Trea",R,R,KC,Knuckle Curve,1.0,-0.5659991328963973,2.884198870468368,3.244578412,1.637450787,58.21,129.33,X,double,hit_into_play,Trea Turner doubles (5) on a ground ball to left fielder Ian Happ.,ground_ball,96.4,10.0,4.0,167.0,CHC,PHI,5,Top,R,2,2,2,2,2026,0.698,0.729,0.89,1.262,1.597,2.052,-167.73404791000004,172.05155874000002,Pull,False,0,824688-39-5
2026,2026-04-21,824690,46,5,607208,"Turner, Trea",L,R,FF,4-Seam Fastball,6.0,0.4707832499239981,2.724964558611595,3.244578412,1.637450787,98.74,88.04,X,field_out,hit_into_play,Trea Turner lines out to left fielder Ian Happ.,line_drive,82.1,25.0,3.0,285.0,CHC,PHI,6,Top,R,0,0,3,1,2026,0.698,0.729,0.89,1.262,1.597,2.052,-66.58450228000002,275.09781433,Pull,False,0,824690-46-5
2026,2026-04-21,824690,19,5,607208,"Turner, Trea",L,R,SI,Sinker,6.0,0.5041495865559156,2.728774356620655,3.244578412,1.637450787,106.42,70.24,X,field_out,hit_into_play,Trea Turner flies out to center fielder Pete Crow-Armstrong.,fly_ball,90.1,35.0,3.0,323.0,CHC,PHI,3,Top,R,0,0,3,1,2026,0.698,0.729,0.89,1.262,1.597,2.052,-47.417749,319.5207581300001,Straightaway,False,1,824690-19-5
2026,2026-04-21,824690,85,2,607208,"Turner, Trea",L,R,FF,4-Seam Fastball,11.0,-0.112128968017765,3.8282582437321326,3.244578412,1.637450787,85.26,152.82,X,field_out,hit_into_play,Trea Turner pops out to shortstop Dansby Swanson.,popup,86.5,66.0,3.0,156.0,CHC,PHI,9,Top,R,4,4,1,0,2026,0.698,0.729,0.89,1.262,1.597,2.052,-100.22614736,113.42824695000004,Pull,True,0,824690-85-2
2026,2026-04-20,824692,55,4,607208,"Turner, Trea",R,R,ST,Sweeper,6.0,0.5308038327530956,2.581332101933125,3.244578412,1.637450787,134.67,69.65,X,field_out,hit_into_play,Trea Turner flies out to center fielder Pete Crow-Armstrong.,fly_ball,88.8,31.0,3.0,322.0,CHC,PHI,7,Top,R,1,1,1,2,2026,0.698,0.729,0.89,1.262,1.597,2.052,23.084956749999968,320.99320402000006,Straightaway,False,1,824692-55-4
2026,2026-04-20,824692,38,1,607208,"Turner, Trea",R,R,SI,Sinker,5.0,-0.1952397011713025,2.3239959697489825,3.244578412,1.637450787,197.13,107.48,X,field_out,hit_into_play,Trea Turner flies out to right fielder Michael Conforto.,fly_ball,92.3,40.0,3.0,287.0,CHC,PHI,5,Top,R,1,1,0,0,2026,0.698,0.729,0.89,1.262,1.597,2.052,178.96456741,226.58197009000003,Oppo,False,2,824692-38-1
2026,2026-04-20,824692,73,2,607208,"Turner, Trea",R,R,SI,Sinker,5.0,0.0441930206951326,2.6820162439417627,3.244578412,1.637450787,165.65,98.16,X,field_out,hit_into_play,Trea Turner lines out to right fielder Matt Shaw.,line_drive,97.4,15.0,4.0,271.0,CHC,PHI,9,Top,R,1,1,0,1,2026,0.698,0.729,0.89,1.262,1.597,2.052,100.40084433000001,249.84162381000004,Oppo,False,2,824692-73-2
2026,2026-04-20,824692,1,3,607208,"Turner, Trea",R,R,SI,Sinker,4.0,-0.7856670215691173,2.521902700214532,3.244578412,1.637450787,96.17,53.26,X,field_out,hit_into_play,Trea Turner flies out to center fielder Pete Crow-Armstrong.,fly_ball,99.4,26.0,6.0,367.0,CHC,PHI,1,Top,R,0,0,1,1,2026,0.698,0.729,0.89,1.262,1.597,2.052,-72.99837675,361.8972517100001,Straightaway,False,1,824692-1-3
2026,2026-04-19,823475,44,7,607208,"Turner, Trea",R,R,FF,4-Seam Fastball,4.0,-0.2871828935969398,2.1901271963003124,3.244578412,1.637450787,141.88,152.53,X,force_out,hit_into_play,"Trea Turner grounds into a force out, fielded by second baseman Ozzie Albies. Justin Crawford out at 2nd. Trea Turner to 1st.",ground_ball,97.1,-13.0,2.0,9.0,PHI,ATL,5,Bot,R,2,2,3,2,2026,0.698,0.729,0.89,1.262,1.597,2.052,41.07874465999999,114.15199154000003,Oppo,False,2,823475-44-7
2026,2026-04-19,823475,22,4,607208,"Turner, Trea",R,R,SI,Sinker,7.0,-0.6654766925220299,1.992800747501744,3.244578412,1.637450787,117.02,160.42,X,field_out,hit_into_play,"Trea Turner grounds out sharply, shortstop Mauricio Dubón to first baseman Matt Olson.",ground_ball,103.6,-1.0,4.0,41.0,PHI,ATL,3,Bot,R,2,2,2,1,2026,0.698,0.729,0.89,1.262,1.597,2.052,-20.963636400000016,94.46114735000006,Pull,False,0,823475-22-4
2026,2026-04-19,823475,61,1,607208,"Turner, Trea",L,R,SL,Slider,9.0,0.3387050961213997,2.0311569329690915,3.244578412,1.637450787,99.78,136.81,X,field_out,hit_into_play,"Trea Turner grounds out, shortstop Mauricio Dubón to first baseman Matt Olson.",ground_ball,80.0,10.0,4.0,119.0,PHI,ATL,7,Bot,R,2,2,0,0,2026,0.698,0.729,0.89,1.262,1.597,2.052,-63.98900444000001,153.38393966000004,Pull,False,0,823475-61-1
2026,2026-04-19,823475,4,4,607208,"Turner, Trea",R,R,FF,4-Seam Fastball,9.0,0.4579000564262143,1.877995203732861,3.244578412,1.637450787,184.13,98.38,X,single,hit_into_play,Trea Turner singles on a line drive to right fielder Ronald Acuña Jr.,line_drive,95.1,9.0,4.0,191.0,PHI,ATL,1,Bot,R,0,0,2,1,2026,0.698,0.729,0.89,1.262,1.597,2.052,146.52084441,249.29257619000006,Oppo,False,2,823475-4-4
2026,2026-04-18,823474,43,6,607208,"Turner, Trea",L,R,SL,Slider,6.0,0.519439690782642,2.381662239290649,3.244578412,1.637450787,179.92,173.46,X,field_out,hit_into_play,Trea Turner pops out to first baseman Matt Olson in foul territory.,popup,67.6,61.0,3.0,148.0,PHI,ATL,5,Bot,R,1,1,3,2,2026,0.698,0.729,0.89,1.262,1.597,2.052,136.01406949999998,61.91759751000001,Oppo,False,2,823474-43-6
2026,2026-04-18,823474,26,3,607208,"Turner, Trea",L,R,SL,Slider,8.0,-0.0094879648755386,1.5746363608874692,3.244578412,1.637450787,93.13,85.28,X,field_out,hit_into_play,Trea Turner flies out to left fielder Mauricio Dubón.,fly_ball,81.7,30.0,3.0,294.0,PHI,ATL,3,Bot,R,1,1,0,2,2026,0.698,0.729,0.89,1.262,1.597,2.052,-80.58521659000002,281.98586629000005,Pull,False,0,823474-26-3
2026,2026-04-18,823474,66,6,607208,"Turner, Trea",L,R,SL,Slider,8.0,-0.0969661122189951,1.6832386369052132,3.244578412,1.637450787,121.69,71.55,X,field_out,hit_into_play,Trea Turner lines out to center fielder Michael Harris II.,line_drive,86.5,27.0,3.0,317.0,PHI,ATL,8,Bot,R,1,1,2,2,2026,0.698,0.729,0.89,1.262,1.597,2.052,-9.30885283000001,316.25142912000007,Straightaway,False,1,823474-66-6
2026,2026-04-18,823474,5,3,607208,"Turner, Trea",L,R,FF,4-Seam Fastball,9.0,0.5362338935403461,1.773392439985272,3.244578412,1.637450787,146.93,85.02,X,single,hit_into_play,Trea Turner singles on a line drive to center fielder Eli White.,line_drive,84.0,17.0,4.0,259.0,PHI,ATL,1,Bot,R,0,0,1,1,2026,0.698,0.729,0.89,1.262,1.597,2.052,53.68188321000002,282.63474075000005,Straightaway,False,1,823474-5-3
2026,2026-04-17,823476,45,2,607208,"Turner, Trea",L,R,CH,Changeup,8.0,-0.1718157006802998,1.9074384817797256,3.244578412,1.637450787,208.11,110.65,X,field_out,hit_into_play,Trea Turner flies out to right fielder Ronald Acuña Jr.,fly_ball,91.0,36.0,3.0,298.0,PHI,ATL,5,Bot,R,0,0,0,1,2026,0.698,0.729,0.89,1.262,1.597,2.052,206.36703499000004,218.67069302000002,Oppo,False,2,823476-45-2
2026,2026-04-17,823476,80,9,607208,"Turner, Trea",L,R,FF,4-Seam Fastball,8.0,-0.1935570052086647,1.7811345580011184,3.244578412,1.637450787,106.7,88.64,X,single,hit_into_play,Trea Turner singles on a ground ball to left fielder Eli White.,ground_ball,105.7,-2.0,4.0,27.0,PHI,ATL,9,Bot,R,0,0,3,2,2026,0.698,0.729,0.89,1.262,1.597,2.052,-46.71896112,273.60041173,Straightaway,False,1,823476-80-9
2026,2026-04-17,823476,24,3,607208,"Turner, Trea",L,R,SI,Sinker,8.0,0.0875138397644281,1.953990577406376,3.244578412,1.637450787,175.86,64.81,X,field_out,hit_into_play,Trea Turner lines out sharply to right fielder Ronald Acuña Jr.,line_drive,102.2,20.0,5.0,354.0,PHI,ATL,2,Bot,R,0,0,1,1,2026,0.698,0.729,0.89,1.262,1.597,2.052,125.88164524000004,333.07225166000006,Oppo,False,2,823476-24-3
2026,2026-04-17,823476,8,6,607208,"Turner, Trea",L,R,SI,Sinker,4.0,-0.698506528027034,2.5899560008164824,3.244578412,1.637450787,97.33,162.17,X,field_out,hit_into_play,"Trea Turner grounds out, third baseman Austin Riley to first baseman Matt Olson.",ground_ball,96.6,-17.0,2.0,9.0,PHI,ATL,1,Bot,R,0,0,2,2,2026,0.698,0.729,0.89,1.262,1.597,2.052,-70.10339839000001,90.09372310000006,Pull,False,0,823476-8-6
2026,2026-04-15,823477,4,2,607208,"Turner, Trea",L,R,FF,4-Seam Fastball,4.0,-0.2903209057906195,2.3587692784446834,3.244578412,1.637450787,109.08,28.52,X,home_run,hit_into_play,Trea Turner homers (2) on a fly ball to center field.,fly_ball,105.2,28.0,6.0,423.0,PHI,CHC,1,Bot,R,0,1,0,1,2026,0.698,0.729,0.89,1.262,1.597,2.052,-40.77926414000001,423.64015225,Straightaway,False,1,823477-4-2
2026,2026-04-14,823478,42,6,607208,"Turner, Trea",R,R,FF,4-Seam Fastball,2.0,-0.0514892766333656,2.815728996545639,3.244578412,1.637450787,152.7,157.1,X,field_out,hit_into_play,"Trea Turner grounds out, second baseman Nico Hoerner to first baseman Michael Busch.",ground_ball,97.1,-25.0,2.0,6.0,PHI,CHC,5,Bot,R,3,3,2,2,2026,0.698,0.729,0.89,1.262,1.597,2.052,68.08190487999997,102.74677507000004,Oppo,False,2,823478-42-6
2026,2026-04-14,823478,68,6,607208,"Turner, Trea",R,R,CH,Changeup,7.0,-0.4968161201615384,1.649388680541382,3.244578412,1.637450787,148.91,95.77,X,single,hit_into_play,Trea Turner singles on a line drive to right fielder Seiya Suzuki. Edmundo Sosa scores.,line_drive,75.2,17.0,4.0,206.0,PHI,CHC,8,Bot,R,3,4,3,2,2026,0.698,0.729,0.89,1.262,1.597,2.052,58.62331178999999,255.80627750000005,Oppo,False,2,823478-68-6
2026,2026-04-14,823478,4,2,607208,"Turner, Trea",L,R,FF,4-Seam Fastball,2.0,0.1911112894584135,3.084501952090873,3.244578412,1.637450787,190.11,136.46,X,field_out,hit_into_play,Trea Turner flies out to right fielder Seiya Suzuki.,fly_ball,88.0,59.0,3.0,223.0,PHI,CHC,1,Bot,R,0,0,0,1,2026,0.698,0.729,0.89,1.262,1.597,2.052,161.44495699000004,154.25742451000002,Oppo,False,2,823478-4-2
2026,2026-04-13,823481,37,2,607208,"Turner, Trea",R,R,SL,Slider,2.0,-0.1254832609602323,3.258702782972114,3.244578412,1.637450787,66.11,101.44,X,field_out,hit_into_play,Trea Turner flies out to left fielder Ian Happ.,fly_ball,94.4,49.0,3.0,284.0,PHI,CHC,4,Bot,R,4,4,1,0,2026,0.698,0.729,0.89,1.262,1.597,2.052,-148.01824701,241.65582293000006,Pull,False,0,823481-37-2
2026,2026-04-13,823481,23,3,607208,"Turner, Trea",R,R,SI,Sinker,4.0,-0.6272460917001577,2.255873209896702,3.244578412,1.637450787,172.83,105.87,X,single,hit_into_play,Trea Turner singles on a line drive to right fielder Matt Shaw.,line_drive,87.0,10.0,4.0,169.0,PHI,CHC,3,Bot,R,2,2,1,1,2026,0.698,0.729,0.89,1.262,1.597,2.052,118.31976211000004,230.60000040000003,Oppo,False,2,823481-23-3
2026,2026-04-13,823481,50,3,607208,"Turner, Trea",R,R,FF,4-Seam Fastball,2.0,0.2391227712147499,3.097122496006027,3.244578412,1.637450787,192.92,148.48,X,field_out,hit_into_play,Trea Turner flies out to right fielder Matt Shaw in foul territory.,fly_ball,87.5,62.0,3.0,193.0,PHI,CHC,5,Bot,R,9,9,1,1,2026,0.698,0.729,0.89,1.262,1.597,2.052,168.45779249999998,124.25945909000006,Oppo,False,2,823481-50-3
2026,2026-04-13,823481,4,2,607208,"Turner, Trea",R,R,SL,Slider,9.0,0.5412377798507196,1.919877640172228,3.244578412,1.637450787,109.82,155.58,X,field_out,hit_into_play,"Trea Turner grounds out, shortstop Dansby Swanson to first baseman Carson Kelly.",ground_ball,90.3,-6.0,2.0,16.0,PHI,CHC,1,Bot,R,0,0,0,1,2026,0.698,0.729,0.89,1.262,1.597,2.052,-38.932467600000024,106.54019499,Pull,False,0,823481-4-2
2026,2026-04-12,823479,43,2,607208,"Turner, Trea",R,R,SI,Sinker,1.0,-0.3284394741896126,2.97241190925035,3.244578412,1.637450787,193.61,71.91,X,home_run,hit_into_play,"Umpire reviewed (home run), call on the field was overturned: Trea Turner homers (1) on a fly ball to right center field. Justin Crawford scores.",fly_ball,97.5,33.0,5.0,359.0,PHI,AZ,6,Bot,R,0,2,1,0,2026,0.698,0.729,0.89,1.262,1.597,2.052,170.17980549000004,315.35298756000003,Oppo,False,2,823479-43-2
2026,2026-04-12,823479,22,3,607208,"Turner, Trea",R,R,SL,Slider,7.0,-0.2961099491917407,1.757163422527232,3.244578412,1.637450787,108.92,148.98,X,field_out,hit_into_play,"Trea Turner grounds out, shortstop Geraldo Perdomo to first baseman Jose Fernandez.",ground_ball,92.2,-16.0,2.0,6.0,PHI,AZ,3,Bot,R,0,0,1,1,2026,0.698,0.729,0.89,1.262,1.597,2.052,-41.178571500000004,123.01162359000006,Pull,False,0,823479-22-3
2026,2026-04-12,823479,56,5,607208,"Turner, Trea",R,R,FF,4-Seam Fastball,12.0,0.724820136156715,3.593139879407899,3.244578412,1.637450787,130.22,140.36,X,single,hit_into_play,Trea Turner singles on a ground ball to second baseman Ildemaro Vargas.,ground_ball,77.6,-14.0,2.0,14.0,PHI,AZ,7,Bot,R,3,3,1,2,2026,0.698,0.729,0.89,1.262,1.597,2.052,11.979220799999993,144.52430761,Straightaway,True,1,823479-56-5
2026,2026-04-12,823479,5,2,607208,"Turner, Trea",R,R,FF,4-Seam Fastball,3.0,0.5342286651048154,2.856287906575073,3.244578412,1.637450787,182.47,79.15,X,field_out,hit_into_play,Trea Turner lines out to right fielder Jorge Barrosa.,line_drive,99.1,19.0,4.0,328.0,PHI,AZ,1,Bot,R,0,0,0,1,2026,0.698,0.729,0.89,1.262,1.597,2.052,142.37803055,297.28432952000003,Oppo,False,2,823479-5-2
2026,2026-04-11,823480,52,8,607208,"Turner, Trea",R,R,FC,Cutter,6.0,0.4535630710237879,2.211781436968164,3.244578412,1.637450787,137.59,99.53,X,field_out,hit_into_play,Trea Turner flies out to center fielder Alek Thomas.,fly_ball,73.1,31.0,3.0,251.0,PHI,AZ,6,Bot,R,4,4,2,2,2026,0.698,0.729,0.89,1.262,1.597,2.052,30.372316070000007,246.42255454000005,Straightaway,False,1,823480-52-8
2026,2026-04-11,823480,36,2,607208,"Turner, Trea",R,R,SI,Sinker,4.0,-0.489275618910965,2.299914074614567,3.244578412,1.637450787,105.81,151.52,X,force_out,hit_into_play,"Trea Turner grounds into a force out, shortstop Geraldo Perdomo to second baseman Ketel Marte. Justin Crawford out at 2nd. Trea Turner to 1st.",ground_ball,89.6,-21.0,2.0,6.0,PHI,AZ,4,Bot,R,4,4,0,1,2026,0.698,0.729,0.89,1.262,1.597,2.052,-48.94010831,116.67261925000001,Pull,False,0,823480-36-2
2026,2026-04-10,823482,34,2,607208,"Turner, Trea",R,R,FF,4-Seam Fastball,5.0,-0.194254833785759,2.1713520244289475,3.244578412,1.637450787,153.73,65.66,X,field_out,hit_into_play,Trea Turner flies out to center fielder Alek Thomas.,fly_ball,97.1,38.0,3.0,338.0,PHI,AZ,4,Bot,R,4,4,0,1,2026,0.698,0.729,0.89,1.262,1.597,2.052,70.65244600999998,330.95093131000004,Oppo,False,2,823482-34-2
2026,2026-04-10,823482,75,4,607208,"Turner, Trea",R,R,FF,4-Seam Fastball,11.0,-0.9294155245177448,3.30805079734422,3.244578412,1.637450787,75.63,83.18,X,field_out,hit_into_play,Trea Turner flies out to left fielder Tim Tawa.,fly_ball,86.4,35.0,3.0,313.0,PHI,AZ,9,Bot,R,4,4,0,2,2026,0.698,0.729,0.89,1.262,1.597,2.052,-124.25945909000002,287.22677539000006,Pull,True,0,823482-75-4
2026,2026-04-10,823482,5,3,607208,"Turner, Trea",R,R,SV,Slurve,4.0,-0.3052337690776644,2.733205332162667,3.244578412,1.637450787,78.03,134.89,X,single,hit_into_play,Trea Turner singles on a line drive to left fielder Tim Tawa.,line_drive,76.1,14.0,4.0,151.0,PHI,AZ,1,Bot,R,0,0,0,2,2026,0.698,0.729,0.89,1.262,1.597,2.052,-118.26984869000002,158.17562798000006,Pull,False,0,823482-5-3
2026,2026-04-08,823234,33,2,607208,"Turner, Trea",R,R,FC,Cutter,14.0,1.1134764452306796,2.078823961655207,3.244578412,1.637450787,130.96,191.57,X,field_out,hit_into_play,"Trea Turner grounds out softly, pitcher Tyler Mahle to first baseman Rafael Devers.",ground_ball,52.9,-55.0,1.0,1.0,SF,PHI,5,Top,R,0,0,0,1,2026,0.698,0.729,0.89,1.262,1.597,2.052,13.826017340000016,16.720995700000042,Oppo,True,2,823234-33-2
2026,2026-04-08,823234,17,2,607208,"Turner, Trea",R,R,SL,Slider,12.0,0.4680477000886985,3.384926413166592,3.244578412,1.637450787,110.76,159.79,X,field_out,hit_into_play,"Trea Turner grounds out, shortstop Willy Adames to first baseman Rafael Devers.",ground_ball,82.8,-8.0,2.0,21.0,SF,PHI,3,Top,R,0,0,0,1,2026,0.698,0.729,0.89,1.262,1.597,2.052,-36.586536859999995,96.03342008000006,Pull,True,0,823234-17-2
2026,2026-04-07,823235,41,5,607208,"Turner, Trea",L,R,FF,4-Seam Fastball,5.0,-0.2320713008877787,2.654508635846988,3.244578412,1.637450787,101.14,151.68,X,field_out,hit_into_play,"Trea Turner grounds out, shortstop Willy Adames to first baseman Rafael Devers.",ground_ball,96.8,-20.0,2.0,7.0,SF,PHI,6,Top,R,0,0,1,2,2026,0.698,0.729,0.89,1.262,1.597,2.052,-60.594891880000006,116.27331189000002,Pull,False,0,823235-41-5
2026,2026-04-07,823235,19,5,607208,"Turner, Trea",L,R,FF,4-Seam Fastball,1.0,-0.5110955710082752,2.979371183290564,3.244578412,1.637450787,147.76,108.19,X,field_out,hit_into_play,Trea Turner flies out to right fielder Jerar Encarnacion.,fly_ball,73.3,42.0,3.0,235.0,SF,PHI,3,Top,R,0,0,2,2,2026,0.698,0.729,0.89,1.262,1.597,2.052,55.753290139999976,224.81004368000004,Oppo,False,2,823235-19-5
2026,2026-04-07,823235,58,3,607208,"Turner, Trea",R,R,SI,Sinker,5.0,0.2182502935232757,2.550045882817649,3.244578412,1.637450787,142.69,177.02,X,single,hit_into_play,Trea Turner singles on a ground ball to first baseman Rafael Devers.,ground_ball,80.0,-42.0,2.0,3.0,SF,PHI,8,Top,R,0,0,0,2,2026,0.698,0.729,0.89,1.262,1.597,2.052,43.10023816999999,53.03300875000001,Oppo,False,2,823235-58-3
2026,2026-04-07,823235,1,2,607208,"Turner, Trea",L,R,FF,4-Seam Fastball,12.0,0.838189959609323,2.870282531741635,3.244578412,1.637450787,150.66,166.51,X,field_out,hit_into_play,Trea Turner grounds out to first baseman Rafael Devers.,ground_ball,79.0,-1.0,2.0,36.0,SF,PHI,1,Top,R,0,0,1,0,2026,0.698,0.729,0.89,1.262,1.597,2.052,62.990736039999994,79.26251096000006,Oppo,True,2,823235-1-2
2026,2026-04-06,823237,55,1,607208,"Turner, Trea",R,R,SI,Sinker,4.0,-0.7341196579332734,2.6396977953223217,3.244578412,1.637450787,144.88,103.08,X,single,hit_into_play,Trea Turner singles on a fly ball to right fielder Jung Hoo Lee. Justin Crawford to 2nd.,fly_ball,78.9,43.0,3.0,234.0,SF,PHI,7,Top,R,2,2,0,0,2026,0.698,0.729,0.89,1.262,1.597,2.052,48.56575765999999,237.56292249000006,Straightaway,False,1,823237-55-1
2026,2026-04-06,823237,40,1,607208,"Turner, Trea",R,R,SI,Sinker,8.0,-0.1521813446579956,1.7970293150458023,3.244578412,1.637450787,136.61,143.57,X,field_out,hit_into_play,"Trea Turner grounds out, second baseman Luis Arraez to first baseman Rafael Devers. J.T. Realmuto scores. Justin Crawford to 3rd.",ground_ball,108.9,-5.0,2.0,18.0,SF,PHI,5,Top,R,0,1,0,0,2026,0.698,0.729,0.89,1.262,1.597,2.052,27.926558490000033,136.51320370000005,Straightaway,False,1,823237-40-1
2026,2026-04-06,823237,1,7,607208,"Turner, Trea",R,R,SI,Sinker,1.0,-0.5618089914130473,3.189313789530663,3.244578412,1.637450787,119.48,115.38,X,field_out,hit_into_play,Trea Turner flies out to center fielder Harrison Bader.,fly_ball,90.4,58.0,3.0,212.0,SF,PHI,1,Top,R,0,0,3,2,2026,0.698,0.729,0.89,1.262,1.597,2.052,-14.824285739999995,206.86616919000005,Straightaway,False,1,823237-1-7
2026,2026-04-06,823237,67,3,607208,"Turner, Trea",L,R,SL,Slider,5.0,-0.2063134690421263,2.298313295598808,3.244578412,1.637450787,179.68,167.9,X,field_out,hit_into_play,Trea Turner pops out to first baseman Rafael Devers in foul territory.,popup,72.9,68.0,3.0,138.0,SF,PHI,8,Top,R,6,6,1,1,2026,0.698,0.729,0.89,1.262,1.597,2.052,135.41510846000003,75.79352827000002,Oppo,False,2,823237-67-3
2026,2026-04-05,824379,37,1,607208,"Turner, Trea",R,R,SL,Slider,5.0,0.1511364651555541,2.2904017536533177,3.244578412,1.637450787,186.64,137.63,X,double,hit_into_play,Trea Turner doubles (4) on a fly ball to right fielder Mickey Moniak. Justin Crawford to 3rd.,fly_ball,84.7,57.0,3.0,215.0,COL,PHI,5,Top,R,1,1,0,0,2026,0.698,0.729,0.89,1.262,1.597,2.052,152.78497861999998,151.33748944000004,Oppo,False,2,824379-37-1
2026,2026-04-05,824379,20,1,607208,"Turner, Trea",R,R,FS,Split-Finger,7.0,-0.3923419953015905,1.866726931436032,3.244578412,1.637450787,98.6,172.97,X,field_out,hit_into_play,"Trea Turner grounds out, third baseman Willi Castro to first baseman Troy Johnston.",ground_ball,87.7,-23.0,2.0,5.0,COL,PHI,3,Top,R,1,1,0,0,2026,0.698,0.729,0.89,1.262,1.597,2.052,-66.93389622000002,63.14047630000003,Pull,False,0,824379-20-1
2026,2026-04-05,824379,1,4,607208,"Turner, Trea",R,R,FS,Split-Finger,13.0,-0.2832969508175299,1.0945785623325472,3.244578412,1.637450787,107.72,156.75,X,field_out,hit_into_play,"Trea Turner grounds out, shortstop Ezequiel Tovar to first baseman Troy Johnston.",ground_ball,84.4,-22.0,2.0,3.0,COL,PHI,1,Top,R,0,0,1,2,2026,0.698,0.729,0.89,1.262,1.597,2.052,-44.17337670000001,103.62025992000004,Pull,True,0,824379-1-4
2026,2026-04-04,824378,34,2,607208,"Turner, Trea",R,R,SL,Slider,6.0,0.3243927543180106,2.658731801796871,3.244578412,1.637450787,100.86,119.82,X,double,hit_into_play,Trea Turner doubles (3) on a sharp line drive to left fielder Jordan Beck. Brandon Marsh scores. Justin Crawford to 3rd.,line_drive,100.2,11.0,4.0,210.0,COL,PHI,5,Top,R,1,2,0,1,2026,0.698,0.729,0.89,1.262,1.597,2.052,-61.29367976000001,195.78538995000005,Pull,False,0,824378-34-2
2026,2026-04-04,824378,68,5,607208,"Turner, Trea",R,R,FF,4-Seam Fastball,11.0,-0.0422166234052572,3.567885869632746,3.244578412,1.637450787,131.42,77.77,X,single,hit_into_play,Trea Turner singles on a line drive to center fielder Jake McCarthy.,line_drive,83.0,20.0,4.0,269.0,COL,PHI,9,Top,R,2,2,3,1,2026,0.698,0.729,0.89,1.262,1.597,2.052,14.974025999999967,300.7283555000001,Straightaway,True,1,824378-68-5
2026,2026-04-03,824377,27,4,607208,"Turner, Trea",R,R,CU,Curveball,7.0,-0.3201766997823293,1.6286098268874445,3.244578412,1.637450787,170.31,98.35,X,single,hit_into_play,Trea Turner singles on a ground ball to right fielder Mickey Moniak.,ground_ball,98.9,-1.0,2.0,34.0,COL,PHI,3,Top,R,8,8,1,2,2026,0.698,0.729,0.89,1.262,1.597,2.052,112.03067119,249.36744632000006,Oppo,False,2,824377-27-4
2026,2026-04-03,824377,10,7,607208,"Turner, Trea",R,R,CH,Changeup,9.0,0.5375075078507948,1.687134728348565,3.244578412,1.637450787,158.98,89.99,X,single,hit_into_play,Trea Turner singles on a line drive to right fielder Mickey Moniak. J.T. Realmuto scores.,line_drive,78.6,20.0,4.0,240.0,COL,PHI,1,Top,R,6,7,2,2,2026,0.698,0.729,0.89,1.262,1.597,2.052,83.75471875999997,270.23125588000005,Oppo,False,2,824377-10-7
2026,2026-04-03,824377,1,4,607208,"Turner, Trea",R,R,CU,Curveball,11.0,-0.9114467162168164,3.394631682641907,3.244578412,1.637450787,67.68,146.29,X,double,hit_into_play,Trea Turner doubles (2) on a ground ball to left fielder Jake McCarthy.,ground_ball,106.6,3.0,4.0,94.0,COL,PHI,1,Top,R,0,0,2,1,2026,0.698,0.729,0.89,1.262,1.597,2.052,-144.10004354,129.72497858000006,Pull,True,0,824377-1-4
2026,2026-04-01,823483,37,1,607208,"Turner, Trea",R,R,SI,Sinker,11.0,-1.2097130276941184,3.3876313587848457,3.244578412,1.637450787,91.06,127.71,X,field_out,hit_into_play,Trea Turner flies out to shortstop CJ Abrams.,fly_ball,69.8,48.0,3.0,200.0,PHI,WSH,4,Bot,R,1,1,0,0,2026,0.698,0.729,0.89,1.262,1.597,2.052,-85.75125556,176.09454576000005,Pull,True,0,823483-37-1
2026,2026-04-01,823483,20,1,607208,"Turner, Trea",R,R,ST,Sweeper,6.0,0.2966626668293476,2.6389079583987183,3.244578412,1.637450787,123.6,91.11,X,field_out,hit_into_play,Trea Turner lines out to center fielder Jacob Young.,line_drive,93.3,16.0,4.0,270.0,PHI,WSH,2,Bot,R,1,1,0,0,2026,0.698,0.729,0.89,1.262,1.597,2.052,-4.542121220000019,267.43610436000006,Straightaway,False,1,823483-20-1
2026,2026-04-01,823483,78,3,607208,"Turner, Trea",R,R,FF,4-Seam Fastball,4.0,-0.7383448834552826,2.5213997823046506,3.244578412,1.637450787,170.28,114.5,X,single,hit_into_play,Trea Turner singles on a ground ball to right fielder Joey Wiemer.,ground_ball,96.3,-9.0,2.0,15.0,PHI,WSH,9,Bot,R,3,3,0,2,2026,0.698,0.729,0.89,1.262,1.597,2.052,111.95580106000001,209.06235967000003,Oppo,False,2,823483-78-3
2026,2026-04-01,823483,62,4,607208,"Turner, Trea",R,R,SL,Slider,2.0,0.2210477794056896,3.0300199278193443,3.244578412,1.637450787,108.71,141.06,X,field_out,hit_into_play,"Trea Turner grounds out, shortstop CJ Abrams to first baseman Luis García Jr.",ground_ball,94.9,4.0,4.0,78.0,PHI,WSH,7,Bot,R,2,2,2,1,2026,0.698,0.729,0.89,1.262,1.597,2.052,-41.70266241000002,142.77733791000003,Pull,False,0,823483-62-4
2026,2026-03-31,823485,38,4,607208,"Turner, Trea",R,R,FF,4-Seam Fastball,2.0,0.2099591642560468,3.1743115088566656,3.244578412,1.637450787,116.97,78.5,X,single,hit_into_play,Trea Turner singles on a ground ball to center fielder Joey Wiemer. Justin Crawford to 2nd.,ground_ball,102.7,0.0,4.0,55.0,PHI,WSH,5,Bot,R,2,2,1,2,2026,0.698,0.729,0.89,1.262,1.597,2.052,-21.08841995000001,298.90651567000003,Straightaway,False,1,823485-38-4
2026,2026-03-31,823485,21,2,607208,"Turner, Trea",R,R,SI,Sinker,1.0,-0.6075779936236233,3.0515045355852184,3.244578412,1.637450787,99.28,63.11,X,field_out,hit_into_play,Trea Turner flies out to center fielder Joey Wiemer.,fly_ball,94.2,40.0,3.0,343.0,PHI,WSH,3,Bot,R,0,0,0,1,2026,0.698,0.729,0.89,1.262,1.597,2.052,-65.23683994000001,337.3148923600001,Straightaway,False,1,823485-21-2
2026,2026-03-31,823485,57,7,607208,"Turner, Trea",L,R,CU,Curveball,6.0,0.5373862700069347,2.199952710847408,3.244578412,1.637450787,106.32,160.65,X,field_out,hit_into_play,"Trea Turner grounds out, third baseman Curtis Mead to first baseman Luis García Jr.",ground_ball,87.8,-2.0,2.0,33.0,PHI,WSH,7,Bot,R,3,3,3,2,2026,0.698,0.729,0.89,1.262,1.597,2.052,-47.66731610000002,93.88714302000002,Pull,False,0,823485-57-7
2026,2026-03-31,823485,4,1,607208,"Turner, Trea",L,R,FF,4-Seam Fastball,7.0,-0.5694086274048886,1.961287299246346,3.244578412,1.637450787,136.5,188.72,X,field_out,hit_into_play,"Trea Turner grounds out softly, pitcher PJ Poulin to first baseman Luis García Jr.",ground_ball,38.7,-47.0,1.0,2.0,PHI,WSH,1,Bot,R,0,0,0,0,2026,0.698,0.729,0.89,1.262,1.597,2.052,27.652034679999996,23.83365805000003,Oppo,False,2,823485-4-1
2026,2026-03-30,823484,49,4,607208,"Turner, Trea",L,R,FC,Cutter,4.0,-0.5469082476317731,2.624108628428716,3.244578412,1.637450787,20.21,84.91,X,double,hit_into_play,Trea Turner doubles (1) on a sharp line drive to left fielder Daylen Lile.,line_drive,109.7,18.0,6.0,321.0,PHI,WSH,5,Bot,R,2,2,2,1,2026,0.698,0.729,0.89,1.262,1.597,2.052,-262.56954591000004,282.90926456000005,Pull,False,0,823484-49-4
2026,2026-03-30,823484,67,4,607208,"Turner, Trea",R,R,ST,Sweeper,4.0,-0.378168362714211,2.195176713272653,3.244578412,1.637450787,129.94,59.15,X,field_out,hit_into_play,Trea Turner flies out to center fielder Joey Wiemer. Brandon Marsh to 3rd.,fly_ball,94.4,33.0,3.0,347.0,PHI,WSH,7,Bot,R,2,2,1,2,2026,0.698,0.729,0.89,1.262,1.597,2.052,11.28043291999999,347.19774952000006,Straightaway,False,1,823484-67-4
2026,2026-03-30,823484,11,8,607208,"Turner, Trea",L,R,FC,Cutter,1.0,-0.3599893773140663,2.9167045663484914,3.244578412,1.637450787,64.71,110.2,X,field_out,hit_into_play,Trea Turner flies out to left fielder Daylen Lile.,fly_ball,87.4,48.0,3.0,267.0,PHI,WSH,1,Bot,R,0,0,3,2,2026,0.698,0.729,0.89,1.262,1.597,2.052,-151.51218641000003,219.79374497000003,Pull,False,0,823484-11-8
2026,2026-03-29,823487,21,4,607208,"Turner, Trea",L,R,FC,Cutter,5.0,-0.1778669488764571,2.473625470642672,3.244578412,1.637450787,131.75,105.4,X,field_out,hit_into_play,Trea Turner flies out to center fielder Wyatt Langford.,fly_ball,88.7,55.0,3.0,236.0,PHI,TEX,3,Bot,R,0,0,2,1,2026,0.698,0.729,0.89,1.262,1.597,2.052,15.797597429999996,231.77296577000004,Straightaway,False,1,823487-21-4
2026,2026-03-29,823487,59,4,607208,"Turner, Trea",R,R,CU,Curveball,2.0,-0.0893475704719786,2.8262784759997626,3.244578412,1.637450787,103.04,169.77,X,grounded_into_double_play,hit_into_play,"Trea Turner grounds into a double play, third baseman Josh Jung to second baseman Ezequiel Duran to first baseman Jake Burger. Brandon Marsh out at 2nd. Trea Turner out at 1st.",ground_ball,78.1,4.0,2.0,72.0,PHI,TEX,7,Bot,R,2,2,1,2,2026,0.698,0.729,0.89,1.262,1.597,2.052,-55.853116979999996,71.12662350000001,Pull,False,0,823487-59-4
2026,2026-03-29,823487,76,3,607208,"Turner, Trea",L,R,FF,4-Seam Fastball,5.0,0.1412544505086639,2.71237433347176,3.244578412,1.637450787,140.06,153.04,X,grounded_into_double_play,hit_into_play,"Trea Turner grounds into a double play, second baseman Ezequiel Duran to first baseman Jake Burger. Dylan Moore out at 2nd. Trea Turner out at 1st.",ground_ball,100.7,-10.0,2.0,14.0,PHI,TEX,9,Bot,R,3,3,0,2,2026,0.698,0.729,0.89,1.262,1.597,2.052,36.53662344000001,112.87919933000005,Oppo,False,2,823487-76-3
2026,2026-03-28,823488,24,4,607208,"Turner, Trea",L,R,CU,Curveball,7.0,-0.3474978216586406,2.0007395652542703,3.244578412,1.637450787,49.37,94.12,X,field_out,hit_into_play,Trea Turner flies out to left fielder Wyatt Langford.,fly_ball,89.8,32.0,3.0,320.0,PHI,TEX,3,Bot,R,0,0,1,2,2026,0.698,0.729,0.89,1.262,1.597,2.052,-189.79577955000005,259.92413465000004,Pull,False,0,823488-24-4
2026,2026-03-28,823488,62,4,607208,"Turner, Trea",R,R,SI,Sinker,8.0,0.0916456472425553,1.916478193983022,3.244578412,1.637450787,171.79,97.06,X,field_out,hit_into_play,Trea Turner lines out to right fielder Brandon Nimmo.,line_drive,98.9,14.0,4.0,279.0,PHI,TEX,8,Bot,R,0,0,1,2,2026,0.698,0.729,0.89,1.262,1.597,2.052,115.72426426999999,252.58686191000004,Oppo,False,2,823488-62-4
2026,2026-03-28,823488,79,5,607208,"Turner, Trea",L,R,CH,Changeup,12.0,0.9497609940459388,3.426210627094829,3.244578412,1.637450787,108.29,139.14,X,field_out,hit_into_play,Trea Turner pops out to shortstop Corey Seager on the infield fly rule.,popup,73.8,56.0,3.0,161.0,PHI,TEX,10,Bot,R,3,3,2,2,2026,0.698,0.729,0.89,1.262,1.597,2.052,-42.75084422999999,147.56902623000008,Pull,True,0,823488-79-5
2026,2026-03-26,823486,37,4,607208,"Turner, Trea",R,R,FC,Cutter,12.0,0.3744093999022566,3.83028264365226,3.244578412,1.637450787,158.62,105.43,X,single,hit_into_play,Trea Turner singles on a ground ball to right fielder Brandon Nimmo. Justin Crawford to 2nd.,ground_ball,82.0,11.0,4.0,134.0,PHI,TEX,5,Bot,R,2,2,0,2,2026,0.698,0.729,0.89,1.262,1.597,2.052,82.85627720000001,231.69809564000002,Oppo,True,2,823486-37-4
2026,2026-03-26,823486,18,1,607208,"Turner, Trea",R,R,SI,Sinker,11.0,-1.0779825384952333,2.7653612175192563,3.244578412,1.637450787,51.52,112.97,X,field_out,hit_into_play,Trea Turner lines out to left fielder Sam Haggerty.,line_drive,79.0,26.0,3.0,281.0,PHI,TEX,2,Bot,R,2,2,0,0,2026,0.698,0.729,0.89,1.262,1.597,2.052,-184.43008690000002,212.88073630000005,Pull,True,0,823486-18-1
2026,2026-03-26,823486,53,3,607208,"Turner, Trea",L,R,SI,Sinker,6.0,0.2963861593735919,2.6535172934578544,3.244578412,1.637450787,86.79,108.97,X,field_out,hit_into_play,Trea Turner flies out to left fielder Sam Haggerty.,fly_ball,90.6,55.0,3.0,245.0,PHI,TEX,7,Bot,R,5,5,2,0,2026,0.698,0.729,0.89,1.262,1.597,2.052,-96.40777073,222.86342030000006,Pull,False,0,823486-53-3
2026,2026-03-26,823486,6,1,607208,"Turner, Trea",R,R,FF,4-Seam Fastball,1.0,-0.4764987855165771,3.1510851011429173,3.244578412,1.637450787,117.14,139.35,X,single,hit_into_play,Trea Turner singles on a sharp ground ball to second baseman Josh Smith.,ground_ball,104.3,-2.0,4.0,40.0,PHI,TEX,1,Bot,R,0,0,0,0,2026,0.698,0.729,0.89,1.262,1.597,2.052,-20.664155880000003,147.04493532000006,Straightaway,False,1,823486-6-1
2026,2026-06-26,823610,35,1,607208,"Turner, Trea",L,R,SI,Sinker,5.0,0.1295426541836055,2.6222506818531466,3.244578412,1.637450787,148.27,40.99,X,field_out,hit_into_play,Trea Turner flies out sharply to center fielder A.J. Ewing.,fly_ball,101.2,30.0,6.0,394.0,NYM,PHI,5,Top,R,1,1,0,0,2026,0.698,0.729,0.89,1.262,1.597,2.052,57.026082350000024,392.51913488,Straightaway,False,1,823610-35-1
2026,2026-06-26,823610,18,2,607208,"Turner, Trea",L,R,FC,Cutter,4.0,-0.7473241106417863,2.506157022234782,3.244578412,1.637450787,106.71,173.47,X,field_error,hit_into_play,Trea Turner reaches on a throwing error by third baseman Brett Baty.,ground_ball,84.3,-28.0,2.0,5.0,NYM,PHI,3,Top,R,1,1,1,0,2026,0.698,0.729,0.89,1.262,1.597,2.052,-46.694004410000026,61.89264080000003,Pull,False,0,823610-18-2
2026,2026-06-26,823610,50,4,607208,"Turner, Trea",R,R,SI,Sinker,5.0,0.0192646786355905,2.476962817809108,3.244578412,1.637450787,84.12,100.05,X,single,hit_into_play,Trea Turner singles on a sharp line drive to left fielder Juan Soto. Derek Hill scores. Bryson Stott to 2nd.,line_drive,104.0,9.0,4.0,187.0,NYM,PHI,7,Top,R,1,2,1,2,2026,0.698,0.729,0.89,1.262,1.597,2.052,-103.0712123,245.12480562000005,Pull,False,0,823610-50-4
2026,2026-06-26,823610,1,1,607208,"Turner, Trea",L,R,FF,4-Seam Fastball,11.0,-0.8821688081178827,2.827450505649173,3.244578412,1.637450787,29.33,93.17,X,double,hit_into_play,Trea Turner doubles (14) on a fly ball to left fielder Juan Soto.,fly_ball,93.8,26.0,3.0,351.0,NYM,PHI,1,Top,R,0,0,0,0,2026,0.698,0.729,0.89,1.262,1.597,2.052,-239.80902639,262.29502210000004,Pull,True,0,823610-1-1
2026,2026-06-28,823608,78,5,607208,"Turner, Trea",R,R,SL,Slider,11.0,-0.911799092992528,2.7501396361134858,3.244578412,1.637450787,101.11,133.48,X,field_out,hit_into_play,Trea Turner pops out to shortstop Bo Bichette.,popup,59.4,36.0,1.0,179.0,NYM,PHI,9,Top,R,5,5,2,2,2026,0.698,0.729,0.89,1.262,1.597,2.052,-60.669762010000014,161.69452409000007,Pull,True,0,823608-78-5
2026,2026-06-28,823608,58,8,607208,"Turner, Trea",R,R,FC,Cutter,2.0,-0.2483883047782875,3.0168761623313616,3.244578412,1.637450787,152.82,204.38,X,field_out,hit_into_play,Trea Turner pops out to catcher Luis Torrens in foul territory.,popup,72.7,82.0,3.0,44.0,NYM,PHI,7,Top,R,3,3,3,2,2026,0.698,0.729,0.89,1.262,1.597,2.052,68.38138539999998,-15.248549809999965,Oppo,False,2,823608-58-8
2026,2026-06-28,823608,16,2,607208,"Turner, Trea",R,R,FC,Cutter,6.0,0.7603017568553675,2.1562314559446545,3.244578412,1.637450787,162.66,88.01,X,single,hit_into_play,Trea Turner singles on a line drive to right fielder Carson Benge.,line_drive,86.7,17.0,4.0,253.0,NYM,PHI,3,Top,R,0,0,0,1,2026,0.698,0.729,0.89,1.262,1.597,2.052,92.93878803999999,275.17268446,Oppo,False,2,823608-16-2
2026,2026-06-28,823608,34,3,607208,"Turner, Trea",R,R,FO,Forkball,8.0,-0.1337261484834332,1.7048932737042215,3.244578412,1.637450787,111.23,64.66,X,field_out,hit_into_play,Trea Turner flies out to center fielder Tyrone Taylor.,fly_ball,92.9,35.0,3.0,335.0,NYM,PHI,5,Top,R,3,3,0,2,2026,0.698,0.729,0.89,1.262,1.597,2.052,-35.413571489999995,333.44660231000006,Straightaway,False,1,823608-34-3
2026,2026-06-28,823608,1,2,607208,"Turner, Trea",L,R,SV,Slurve,4.0,-0.4664305825292322,2.531071569199071,3.244578412,1.637450787,47.67,87.46,X,field_out,hit_into_play,Trea Turner lines out sharply to left fielder Juan Soto.,line_drive,107.6,19.0,6.0,335.0,NYM,PHI,1,Top,R,0,0,0,1,2026,0.698,0.729,0.89,1.262,1.597,2.052,-194.03842025,276.54530351000005,Pull,False,0,823608-1-2
2026,2026-06-27,823609,34,7,607208,"Turner, Trea",L,R,FC,Cutter,5.0,0.014359666462439,2.2218812840655886,3.244578412,1.637450787,119.38,54.9,X,field_out,hit_into_play,Trea Turner flies out to center fielder A.J. Ewing.,fly_ball,97.3,33.0,5.0,364.0,NYM,PHI,5,Top,R,2,2,3,2,2026,0.698,0.729,0.89,1.262,1.597,2.052,-15.073852840000017,357.80435127000004,Straightaway,False,1,823609-34-7
2026,2026-06-29,823444,45,2,607208,"Turner, Trea",R,R,SI,Sinker,8.0,0.1345131990938854,1.6197531834981045,3.244578412,1.637450787,112.81,152.53,X,field_out,hit_into_play,"Trea Turner grounds out, shortstop Jared Triolo to first baseman Ryan O'Hearn.",ground_ball,98.6,-14.0,2.0,6.0,PHI,PIT,5,Bot,R,5,5,0,1,2026,0.698,0.729,0.89,1.262,1.597,2.052,-31.47041131,114.15199154000003,Pull,False,0,823444-45-2
2026,2026-06-29,823444,21,3,607208,"Turner, Trea",R,R,CU,Curveball,5.0,-0.2738003153713427,2.209730030246745,3.244578412,1.637450787,110.28,104.87,X,single,hit_into_play,"Trea Turner singles on a ground ball to left fielder Bryan Reynolds, deflected by third baseman Tyler Callihan. Justin Crawford to 3rd.",ground_ball,100.0,-8.0,2.0,16.0,PHI,PIT,3,Bot,R,2,2,0,2,2026,0.698,0.729,0.89,1.262,1.597,2.052,-37.78445894000001,233.09567140000004,Straightaway,False,1,823444-21-3
2026,2026-06-29,823444,4,4,607208,"Turner, Trea",R,R,CU,Curveball,1.0,-0.7116960253478032,2.9226577977107304,3.244578412,1.637450787,29.15,56.18,X,home_run,hit_into_play,Trea Turner homers (8) on a fly ball to left field.,fly_ball,104.0,32.0,6.0,424.0,PHI,PIT,1,Bot,R,0,1,1,2,2026,0.698,0.729,0.89,1.262,1.597,2.052,-240.25824717000003,354.60989239,Pull,False,0,823444-4-4
2026,2026-07-01,823446,38,3,607208,"Turner, Trea",R,R,SI,Sinker,7.0,-0.587426108903488,1.8978252995424445,3.244578412,1.637450787,82.25,102.84,X,single,hit_into_play,Trea Turner singles on a ground ball to left fielder Tyler Callihan. Gabriel Rincones Jr. to 2nd.,ground_ball,103.8,3.0,4.0,84.0,PHI,PIT,4,Bot,R,6,6,2,0,2026,0.698,0.729,0.89,1.262,1.597,2.052,-107.73811707000002,238.16188353000004,Pull,False,0,823446-38-3
2026,2026-07-01,823446,18,2,607208,"Turner, Trea",R,R,ST,Sweeper,4.0,-0.6077598383235803,2.401457782977826,3.244578412,1.637450787,30.61,81.75,X,home_run,hit_into_play,Trea Turner homers (10) on a fly ball to left field. Gabriel Rincones Jr. scores. Justin Crawford scores.,fly_ball,93.8,35.0,3.0,372.0,PHI,PIT,2,Bot,R,2,5,0,1,2026,0.698,0.729,0.89,1.262,1.597,2.052,-236.61456751000003,290.79558492000007,Pull,False,0,823446-18-2
2026,2026-07-01,823446,59,6,607208,"Turner, Trea",R,R,CH,Changeup,11.0,-1.378079398568881,2.6721235544118964,3.244578412,1.637450787,144.62,173.32,X,field_out,hit_into_play,"Trea Turner grounds out, first baseman Ryan O'Hearn to pitcher Cam Sanders.",ground_ball,41.7,-14.0,1.0,9.0,PHI,PIT,6,Bot,R,8,8,2,2,2026,0.698,0.729,0.89,1.262,1.597,2.052,47.91688320000001,62.26699145000005,Oppo,True,2,823446-59-6
2026,2026-07-01,823446,5,3,607208,"Turner, Trea",R,R,ST,Sweeper,6.0,0.3173225027884803,2.5438709767977543,3.244578412,1.637450787,119.03,122.66,X,field_out,hit_into_play,Trea Turner flies out to shortstop Konnor Griffin.,fly_ball,80.0,58.0,3.0,195.0,PHI,PIT,1,Bot,R,0,0,1,1,2026,0.698,0.729,0.89,1.262,1.597,2.052,-15.947337690000003,188.69768431000006,Straightaway,False,1,823446-5-3
2026,2026-06-30,823445,54,4,607208,"Turner, Trea",R,R,FF,4-Seam Fastball,4.0,-0.5277157725378278,2.483285203012781,3.244578412,1.637450787,31.34,108.92,X,double,hit_into_play,Trea Turner doubles (15) on a ground ball to left fielder Bryan Reynolds. Derek Hill scores.,ground_ball,105.0,-3.0,2.0,31.0,PHI,PIT,7,Bot,R,2,3,1,2,2026,0.698,0.729,0.89,1.262,1.597,2.052,-234.79272768,222.98820385000005,Pull,False,0,823445-54-4
2026,2026-06-30,823445,16,1,607208,"Turner, Trea",R,R,FF,4-Seam Fastball,11.0,-0.9062667927412634,3.0069910625091048,3.244578412,1.637450787,115.49,124.26,X,field_out,hit_into_play,Trea Turner flies out to shortstop Konnor Griffin.,fly_ball,78.1,56.0,3.0,192.0,PHI,PIT,2,Bot,R,2,2,0,0,2026,0.698,0.729,0.89,1.262,1.597,2.052,-24.78201303000002,184.70461071000003,Straightaway,True,1,823445-16-1
2026,2026-06-30,823445,68,1,607208,"Turner, Trea",R,R,FF,4-Seam Fastball,5.0,0.0851385049279004,2.261258381672746,3.244578412,1.637450787,193.28,62.77,X,home_run,hit_into_play,Trea Turner homers (9) on a fly ball to right center field. Justin Crawford scores.,fly_ball,97.7,29.0,6.0,376.0,PHI,PIT,8,Bot,R,6,8,0,0,2026,0.698,0.729,0.89,1.262,1.597,2.052,169.35623406000002,338.16342050000003,Oppo,False,2,823445-68-1
2026,2026-06-30,823445,4,5,607208,"Turner, Trea",R,R,SL,Slider,5.0,0.1482667044967351,2.22731367381846,3.244578412,1.637450787,209.81,96.27,X,field_out,hit_into_play,Trea Turner flies out to right fielder Esmerlyn Valdez.,fly_ball,92.7,37.0,3.0,327.0,PHI,PIT,1,Bot,R,0,0,2,2,2026,0.698,0.729,0.89,1.262,1.597,2.052,210.60967569000002,254.55844200000004,Oppo,False,2,823445-4-5
2026,2026-07-04,824092,29,5,607208,"Turner, Trea",R,R,FC,Cutter,6.0,0.3938752698957404,2.481426526826766,3.244578412,1.637450787,134.77,48.67,X,double_play,hit_into_play,"Trea Turner flies into a double play, center fielder Lane Thomas to shortstop Bobby Witt Jr. to first baseman Jac Caglianone. Justin Crawford out at 1st.",fly_ball,97.9,27.0,6.0,390.0,KC,PHI,4,Top,R,3,3,3,1,2026,0.698,0.729,0.89,1.262,1.597,2.052,23.33452385000002,373.35238160000006,Straightaway,False,1,824092-29-5
2026,2026-07-04,824092,16,1,607208,"Turner, Trea",R,R,FC,Cutter,9.0,0.4716865299074658,1.657820056382029,3.244578412,1.637450787,133.87,78.19,X,field_out,hit_into_play,Trea Turner flies out to center fielder Lane Thomas.,fly_ball,84.1,37.0,3.0,301.0,KC,PHI,3,Top,R,0,0,0,0,2026,0.698,0.729,0.89,1.262,1.597,2.052,21.08841995000001,299.68017368000005,Straightaway,False,1,824092-16-1
2026,2026-07-04,824092,51,3,607208,"Turner, Trea",R,R,SI,Sinker,2.0,0.1021382223355162,2.8362094357178247,3.244578412,1.637450787,147.02,88.92,X,single,hit_into_play,Trea Turner singles on a sharp line drive to center fielder Lane Thomas.,line_drive,104.0,10.0,4.0,212.0,KC,PHI,7,Top,R,4,4,2,0,2026,0.698,0.729,0.89,1.262,1.597,2.052,53.906493600000026,272.90162385,Straightaway,False,1,824092-51-3
2026,2026-07-04,824092,67,3,607208,"Turner, Trea",R,R,SI,Sinker,8.0,0.2011252209615648,1.667575288786216,3.244578412,1.637450787,153.02,164.25,X,field_out,hit_into_play,"Trea Turner grounds out, first baseman Jac Caglianone to pitcher Beck Way.",ground_ball,98.5,-13.0,2.0,7.0,KC,PHI,9,Top,R,6,6,1,1,2026,0.698,0.729,0.89,1.262,1.597,2.052,68.88051960000003,84.90272742000003,Oppo,False,2,824092-67-3
2026,2026-07-02,823442,42,3,607208,"Turner, Trea",R,R,SI,Sinker,7.0,-0.3620760889549026,1.8530726223428269,3.244578412,1.637450787,151.76,156.38,X,single,hit_into_play,Trea Turner singles on a ground ball to first baseman Ryan O'Hearn.,ground_ball,91.2,-31.0,2.0,3.0,PHI,PIT,5,Bot,R,1,1,1,1,2026,0.698,0.729,0.89,1.262,1.597,2.052,65.73597413999998,104.54365819000004,Oppo,False,2,823442-42-3
2026,2026-07-02,823442,69,3,607208,"Turner, Trea",L,R,SL,Slider,13.0,-0.1290770148838231,1.5156874628781711,3.244578412,1.637450787,131.36,59.19,X,field_out,hit_into_play,Trea Turner flies out to center fielder Billy Cook.,fly_ball,91.9,35.0,3.0,346.0,PHI,PIT,8,Bot,R,1,1,0,2,2026,0.698,0.729,0.89,1.262,1.597,2.052,14.82428574000003,347.09792268000007,Straightaway,True,1,823442-69-3
2026,2026-07-05,824091,21,3,607208,"Turner, Trea",R,R,SL,Slider,9.0,0.7577570333609869,2.075925175110951,3.244578412,1.637450787,104.0,160.0,X,field_out,hit_into_play,"Trea Turner grounds out, shortstop Bobby Witt Jr. to first baseman Jac Caglianone.",ground_ball,68.9,-3.0,2.0,25.0,KC,PHI,3,Top,R,0,0,0,2,2026,0.698,0.729,0.89,1.262,1.597,2.052,-53.45727282000001,95.50932917000003,Pull,False,0,824091-21-3
2026,2026-07-05,824091,1,6,607208,"Turner, Trea",R,R,SI,Sinker,1.0,-0.8069943322545248,2.791905850897341,3.244578412,1.637450787,112.97,154.12,X,field_out,hit_into_play,"Trea Turner grounds out, shortstop Bobby Witt Jr. to first baseman Jac Caglianone.",ground_ball,87.8,-17.0,2.0,9.0,KC,PHI,1,Top,R,0,0,3,2,2026,0.698,0.729,0.89,1.262,1.597,2.052,-31.07110395000001,110.18387465000002,Pull,False,0,824091-1-6
2026,2026-07-05,824091,41,3,607208,"Turner, Trea",L,R,CH,Changeup,5.0,-0.1203086103550197,2.4291754911823493,3.244578412,1.637450787,118.55,131.81,X,field_out,hit_into_play,Trea Turner pops out to shortstop Bobby Witt Jr.,popup,88.3,60.0,3.0,181.0,KC,PHI,6,Top,R,1,1,0,2,2026,0.698,0.729,0.89,1.262,1.597,2.052,-17.145259770000013,165.86229466000003,Straightaway,False,1,824091-41-3
2026,2026-07-07,824495,32,1,607208,"Turner, Trea",L,R,FF,4-Seam Fastball,8.0,-0.2321779732610637,2.10789721059825,3.244578412,1.637450787,138.03,39.06,X,field_out,hit_into_play,Trea Turner flies out sharply to center fielder TJ Friedl.,fly_ball,101.3,27.0,6.0,396.0,CIN,PHI,5,Top,R,3,3,0,0,2026,0.698,0.729,0.89,1.262,1.597,2.052,31.47041131,397.33577991000004,Straightaway,False,1,824495-32-1
2026,2026-07-07,824495,17,5,607208,"Turner, Trea",L,R,CH,Changeup,5.0,0.156273518561367,2.3964116671339752,3.244578412,1.637450787,119.06,155.14,X,field_out,hit_into_play,"Trea Turner grounds out, shortstop Elly De La Cruz to first baseman Sal Stewart. Derek Hill scores. Justin Crawford to 2nd.",ground_ball,61.4,-51.0,2.0,2.0,CIN,PHI,3,Top,R,0,1,0,2,2026,0.698,0.729,0.89,1.262,1.597,2.052,-15.87246756,107.63829023000007,Straightaway,False,1,824495-17-5
2026,2026-07-07,824495,68,2,607208,"Turner, Trea",L,R,SI,Sinker,6.0,0.2933233052004478,2.444485665240403,3.244578412,1.637450787,146.65,70.13,X,field_out,hit_into_play,Trea Turner lines out to center fielder TJ Friedl.,line_drive,98.8,18.0,4.0,325.0,CIN,PHI,9,Top,R,4,4,1,0,2026,0.698,0.729,0.89,1.262,1.597,2.052,52.98309533000001,319.79528194000005,Straightaway,False,1,824495-68-2
2026,2026-07-07,824495,53,2,607208,"Turner, Trea",L,R,SV,Slurve,7.0,-0.7546021017396389,1.6641719000906807,3.244578412,1.637450787,138.07,187.75,X,single,hit_into_play,Trea Turner singles on a soft ground ball to first baseman Sal Stewart.,ground_ball,29.9,-49.0,1.0,2.0,CIN,PHI,8,Top,R,3,3,0,1,2026,0.698,0.729,0.89,1.262,1.597,2.052,31.57023814999998,26.254458920000026,Oppo,False,2,824495-53-2
2026,2026-07-06,824089,36,3,607208,"Turner, Trea",L,R,SL,Slider,9.0,0.474772526786216,1.79144445745001,3.244578412,1.637450787,149.98,162.73,X,field_out,hit_into_play,Trea Turner grounds out to first baseman Salvador Perez.,ground_ball,100.7,-3.0,2.0,26.0,KC,PHI,4,Top,R,1,1,1,1,2026,0.698,0.729,0.89,1.262,1.597,2.052,61.293679759999975,88.69614734000005,Oppo,False,2,824089-36-3
2026,2026-07-06,824089,19,2,607208,"Turner, Trea",L,R,FC,Cutter,1.0,-0.4861005968398976,2.840251328904814,3.244578412,1.637450787,167.47,111.3,X,single,hit_into_play,Trea Turner singles on a ground ball to right fielder Jac Caglianone. Derek Hill to 2nd.,ground_ball,87.4,6.0,4.0,118.0,KC,PHI,2,Top,R,1,1,0,1,2026,0.698,0.729,0.89,1.262,1.597,2.052,104.94296555,217.04850687000004,Oppo,False,2,824089-19-2
2026,2026-07-06,824089,56,2,607208,"Turner, Trea",R,R,FF,4-Seam Fastball,8.0,-0.2333671843463396,1.7112016104993113,3.244578412,1.637450787,118.04,176.42,X,single,hit_into_play,"Trea Turner singles on a ground ball to shortstop Tyler Tolbert, deflected by third baseman Josh Rojas.",ground_ball,68.9,-50.0,2.0,1.0,KC,PHI,6,Top,R,1,1,0,1,2026,0.698,0.729,0.89,1.262,1.597,2.052,-18.41805197999999,54.53041135000006,Pull,False,0,824089-56-2
2026,2026-07-06,824089,1,2,607208,"Turner, Trea",L,R,CU,Curveball,6.0,0.5420535862456928,2.5485057627315504,3.244578412,1.637450787,96.58,37.49,X,double,hit_into_play,Trea Turner doubles (16) on a fly ball to center fielder Lane Thomas.,fly_ball,99.9,24.0,6.0,404.0,KC,PHI,1,Top,R,0,0,0,1,2026,0.698,0.729,0.89,1.262,1.597,2.052,-71.97515164,401.25398338,Straightaway,False,1,824089-1-2
2026,2026-07-11,824249,30,6,607208,"Turner, Trea",R,R,SL,Slider,2.0,-0.0826928221301032,2.7999635723430387,3.244578412,1.637450787,112.62,151.68,X,field_out,hit_into_play,"Trea Turner grounds out, shortstop Zach McKinstry to first baseman Spencer Torkelson.",ground_ball,88.2,-22.0,2.0,7.0,DET,PHI,4,Top,R,4,4,2,2,2026,0.698,0.729,0.89,1.262,1.597,2.052,-31.944588799999995,116.27331189000002,Pull,False,0,824249-30-6
2026,2026-07-11,824249,16,6,607208,"Turner, Trea",R,R,SI,Sinker,8.0,0.1523371994796449,1.812030035424128,3.244578412,1.637450787,153.87,69.6,X,sac_fly,hit_into_play,Trea Turner out on a sacrifice fly to center fielder Matt Vierling. Derek Hill scores.,line_drive,100.1,17.0,4.0,329.0,DET,PHI,3,Top,R,0,1,3,2,2026,0.698,0.729,0.89,1.262,1.597,2.052,71.00183995000002,321.1179875700001,Oppo,False,2,824249-16-6
2026,2026-07-10,824252,35,2,607208,"Turner, Trea",R,R,SL,Slider,1.0,-0.2942473868830936,3.0448742033394005,3.244578412,1.637450787,53.19,104.73,X,field_out,hit_into_play,Trea Turner lines out sharply to left fielder Riley Greene.,line_drive,100.1,16.0,4.0,294.0,DET,PHI,5,Top,R,2,2,0,1,2026,0.698,0.729,0.89,1.262,1.597,2.052,-180.26231633000003,233.44506534000004,Pull,False,0,824252-35-2
2026,2026-07-10,824252,17,1,607208,"Turner, Trea",R,R,SI,Sinker,5.0,0.224987740320316,2.2663652881442307,3.244578412,1.637450787,189.11,93.78,X,field_out,hit_into_play,Trea Turner lines out to right fielder Kerry Carpenter.,line_drive,97.0,18.0,4.0,304.0,DET,PHI,3,Top,R,1,1,0,0,2026,0.698,0.729,0.89,1.262,1.597,2.052,158.94928599000005,260.77266279,Oppo,False,2,824252-17-1
2026,2026-07-10,824252,56,3,607208,"Turner, Trea",R,R,CH,Changeup,11.0,-1.029701993324228,2.6210325719848755,3.244578412,1.637450787,155.36,151.68,X,field_error,hit_into_play,Trea Turner reaches on a fielding error by second baseman Zach McKinstry. Derek Hill to 2nd.,ground_ball,57.6,13.0,1.0,86.0,DET,PHI,7,Top,R,2,2,1,1,2026,0.698,0.729,0.89,1.262,1.597,2.052,74.72038974000003,116.27331189000002,Oppo,True,2,824252-56-3
2026,2026-07-10,824252,1,2,607208,"Turner, Trea",R,R,FF,4-Seam Fastball,14.0,0.729178164129319,1.3895095216397355,3.244578412,1.637450787,128.5,140.03,X,field_out,hit_into_play,"Trea Turner grounds out, second baseman Zach McKinstry to first baseman Spencer Torkelson.",ground_ball,78.1,-15.0,2.0,5.0,DET,PHI,1,Top,R,0,0,0,1,2026,0.698,0.729,0.89,1.262,1.597,2.052,7.6866666799999965,145.34787904000004,Straightaway,True,1,824252-1-2
2026,2026-07-09,824494,38,2,607208,"Turner, Trea",R,R,SI,Sinker,5.0,0.1055299468503101,2.165072795389496,3.244578412,1.637450787,145.03,73.77,X,field_out,hit_into_play,Trea Turner lines out sharply to center fielder TJ Friedl.,line_drive,103.1,16.0,5.0,315.0,CIN,PHI,6,Top,R,0,0,1,0,2026,0.698,0.729,0.89,1.262,1.597,2.052,48.94010831,310.7110395000001,Straightaway,False,1,824494-38-2
2026,2026-07-09,824494,17,1,607208,"Turner, Trea",R,R,FC,Cutter,6.0,0.5031791489690309,2.344370526408613,3.244578412,1.637450787,147.3,93.92,X,field_out,hit_into_play,Trea Turner flies out to center fielder TJ Friedl.,fly_ball,75.8,34.0,3.0,268.0,CIN,PHI,3,Top,R,0,0,0,0,2026,0.698,0.729,0.89,1.262,1.597,2.052,54.60528148000003,260.42326885000006,Straightaway,False,1,824494-17-1
2026,2026-07-09,824494,1,4,607208,"Turner, Trea",R,R,SI,Sinker,8.0,0.1915576790356739,1.7656072354382937,3.244578412,1.637450787,130.53,143.57,X,field_out,hit_into_play,"Trea Turner grounds out, second baseman Edwin Arroyo to first baseman Spencer Steer.",ground_ball,96.8,3.0,4.0,86.0,CIN,PHI,1,Top,R,0,0,2,1,2026,0.698,0.729,0.89,1.262,1.597,2.052,12.75287881,136.51320370000005,Straightaway,False,1,824494-1-4
2026,2026-07-12,824250,16,2,607208,"Turner, Trea",L,R,SI,Sinker,6.0,0.4847572103816961,2.247895875154968,3.244578412,1.637450787,189.5,115.66,X,field_out,hit_into_play,Trea Turner lines out to right fielder Matt Vierling.,line_drive,82.4,24.0,3.0,261.0,DET,PHI,3,Top,R,0,0,0,1,2026,0.698,0.729,0.89,1.262,1.597,2.052,159.92259768,206.16738131000005,Oppo,False,2,824250-16-2
2026,2026-07-12,824250,45,4,607208,"Turner, Trea",R,R,SL,Slider,6.0,0.7475224350753502,2.2726188120533743,3.244578412,1.637450787,182.21,109.12,X,single,hit_into_play,Trea Turner singles on a ground ball to right fielder Matt Vierling. Bryson Stott to 2nd.,ground_ball,89.3,-2.0,2.0,32.0,DET,PHI,6,Top,R,5,5,1,2,2026,0.698,0.729,0.89,1.262,1.597,2.052,141.72915609000003,222.48906965000003,Oppo,False,2,824250-45-4
2026,2026-07-12,824250,1,4,607208,"Turner, Trea",L,R,FF,4-Seam Fastball,4.0,-0.4859488828705888,2.6132712029499734,3.244578412,1.637450787,116.86,46.44,X,field_out,hit_into_play,Trea Turner flies out to center fielder James Outman.,fly_ball,97.3,32.0,5.0,378.0,DET,PHI,1,Top,R,0,0,2,1,2026,0.698,0.729,0.89,1.262,1.597,2.052,-21.362943760000007,378.91772793000007,Straightaway,False,1,824250-1-4
2026,2026-07-16,823440,44,5,607208,"Turner, Trea",R,R,FC,Cutter,6.0,0.5066035358192014,2.425362172165981,3.244578412,1.637450787,147.7,142.63,X,field_out,hit_into_play,Trea Turner lines out to second baseman Brett Baty.,line_drive,68.4,17.0,4.0,154.0,PHI,NYM,6,Bot,R,0,0,3,1,2026,0.698,0.729,0.89,1.262,1.597,2.052,55.603549879999974,138.85913444000005,Oppo,False,2,823440-44-5
2026,2026-07-16,823440,61,2,607208,"Turner, Trea",R,R,FF,4-Seam Fastball,4.0,-0.7529307194891364,2.6326818941391714,3.244578412,1.637450787,34.38,73.2,X,home_run,hit_into_play,Trea Turner homers (11) on a fly ball to left field.,fly_ball,101.2,35.0,5.0,383.0,PHI,NYM,8,Bot,R,0,1,0,1,2026,0.698,0.729,0.89,1.262,1.597,2.052,-227.20588784,312.13357197000005,Pull,False,0,823440-61-2
2026,2026-07-16,823440,4,2,607208,"Turner, Trea",R,R,ST,Sweeper,6.0,0.3493882824208303,2.54567352809973,3.244578412,1.637450787,151.05,66.27,X,field_out,hit_into_play,Trea Turner lines out to center fielder A.J. Ewing.,line_drive,92.0,23.0,3.0,335.0,PHI,NYM,1,Bot,R,0,0,0,1,2026,0.698,0.729,0.89,1.262,1.597,2.052,63.964047730000026,329.42857200000003,Straightaway,False,1,823440-4-2
2026,2026-07-18,823441,39,4,607208,"Turner, Trea",L,R,SI,Sinker,5.0,0.2361635828255226,2.138678609180591,3.244578412,1.637450787,66.6,42.07,X,home_run,hit_into_play,Trea Turner homers (12) on a fly ball to left center field.,fly_ball,106.1,22.0,6.0,414.0,PHI,NYM,5,Bot,R,2,3,2,1,2026,0.698,0.729,0.89,1.262,1.597,2.052,-146.79536822000003,389.8238102000001,Pull,False,0,823441-39-4
2026,2026-07-18,823441,20,2,607208,"Turner, Trea",L,R,SI,Sinker,6.0,0.3483526955042408,2.3367335445970783,3.244578412,1.637450787,148.48,151.01,X,field_out,hit_into_play,Trea Turner lines out sharply to second baseman Marcus Semien.,line_drive,106.7,7.0,4.0,171.0,PHI,NYM,2,Bot,R,2,2,1,0,2026,0.698,0.729,0.89,1.262,1.597,2.052,57.55017325999997,117.94541146000006,Oppo,False,2,823441-20-2
2026,2026-07-18,823441,64,2,607208,"Turner, Trea",R,R,SL,Slider,14.0,1.0362020899187694,1.9259243661380576,3.244578412,1.637450787,131.24,137.83,X,single,hit_into_play,Trea Turner singles on a ground ball to second baseman Marcus Semien. J.T. Realmuto to 2nd.,ground_ball,75.0,3.0,2.0,53.0,PHI,NYM,7,Bot,R,6,6,0,1,2026,0.698,0.729,0.89,1.262,1.597,2.052,14.524805220000019,150.83835524,Straightaway,True,1,823441-64-2
2026,2026-07-18,823441,6,3,607208,"Turner, Trea",L,R,SI,Sinker,7.0,-0.4082839124442385,1.824347833873449,3.244578412,1.637450787,110.43,175.35,X,single,hit_into_play,"Trea Turner singles on a ground ball to shortstop Francisco Lindor, deflected by third baseman Bo Bichette.",ground_ball,77.4,-51.0,2.0,2.0,PHI,NYM,1,Bot,R,0,0,2,0,2026,0.698,0.729,0.89,1.262,1.597,2.052,-37.41010828999999,57.200779320000045,Pull,False,0,823441-6-3
2026,2026-07-19,823439,52,1,607208,"Turner, Trea",R,R,CU,Curveball,1.0,-0.8229688151859287,2.8732071033500706,3.244578412,1.637450787,32.98,103.85,X,double,hit_into_play,Trea Turner doubles (17) on a ground ball to left fielder Tyrone Taylor.,ground_ball,102.4,-4.0,2.0,32.0,PHI,NYM,6,Bot,R,0,0,0,0,2026,0.698,0.729,0.89,1.262,1.597,2.052,-230.69982724000002,235.64125582000005,Pull,False,0,823439-52-1
2026,2026-07-20,823436,19,2,607208,"Turner, Trea",R,R,SL,Slider,5.0,0.0444909425448826,2.3737919783205483,3.244578412,1.637450787,34.57,62.88,X,home_run,hit_into_play,Trea Turner homers (13) on a fly ball to left field. Gabriel Rincones Jr. scores.,fly_ball,101.1,34.0,6.0,404.0,PHI,LAD,2,Bot,R,2,4,1,0,2026,0.698,0.729,0.89,1.262,1.597,2.052,-226.73171035000001,337.8888966900001,Pull,False,0,823436-19-2
2026,2026-07-20,823436,58,1,607208,"Turner, Trea",L,R,CH,Changeup,5.0,-0.0797737552403187,2.2104382262947224,3.244578412,1.637450787,23.33,102.65,X,home_run,hit_into_play,Trea Turner homers (14) on a line drive to left field. Bryson Stott scores. Derek Hill scores.,line_drive,95.2,23.0,3.0,346.0,PHI,LAD,6,Bot,R,5,8,0,0,2026,0.698,0.729,0.89,1.262,1.597,2.052,-254.78305239000002,238.63606102000003,Pull,False,0,823436-58-1
2026,2026-07-20,823436,7,1,607208,"Turner, Trea",R,R,FF,4-Seam Fastball,5.0,-0.1847093742410119,2.703440654794389,3.244578412,1.637450787,74.35,36.61,X,double,hit_into_play,Trea Turner doubles (18) on a sharp line drive to center fielder Andy Pages.,line_drive,110.1,15.0,6.0,367.0,PHI,LAD,1,Bot,R,0,0,0,0,2026,0.698,0.729,0.89,1.262,1.597,2.052,-127.45391797000003,403.4501738600001,Pull,False,0,823436-7-1
2026,2026-07-22,823438,39,13,607208,"Turner, Trea",L,R,CU,Curveball,5.0,0.1819390216605303,2.272977720108427,3.244578412,1.637450787,101.35,161.66,X,fielders_choice_out,hit_into_play,"Trea Turner reaches on a fielder's choice out, third baseman Max Muncy unassisted. Bryson Stott out at 3rd.",ground_ball,84.0,6.0,4.0,90.0,PHI,LAD,5,Bot,R,3,3,3,2,2026,0.698,0.729,0.89,1.262,1.597,2.052,-60.07080097000002,91.36651531000004,Pull,False,0,823438-39-13
2026,2026-07-22,823438,20,8,607208,"Turner, Trea",L,R,FF,4-Seam Fastball,3.0,0.3479012315448824,2.9391406959393933,3.244578412,1.637450787,131.78,153.55,X,field_out,hit_into_play,Trea Turner pops out to second baseman Tommy Edman.,popup,87.7,65.0,3.0,130.0,PHI,LAD,3,Bot,R,2,2,3,2,2026,0.698,0.729,0.89,1.262,1.597,2.052,15.87246756,111.60640712,Straightaway,False,1,823438-20-8
2026,2026-07-22,823438,4,5,607208,"Turner, Trea",L,R,CH,Changeup,9.0,0.7447625392042726,1.7856616855684193,3.244578412,1.637450787,121.98,165.43,X,field_out,hit_into_play,"Trea Turner grounds out, pitcher Eric Lauer to first baseman Freddie Freeman.",ground_ball,96.4,-4.0,2.0,21.0,PHI,LAD,1,Bot,R,0,0,2,2,2026,0.698,0.729,0.89,1.262,1.597,2.052,-8.585108239999995,81.95783564000001,Straightaway,False,1,823438-4-5
2026,2026-07-21,823437,37,6,607208,"Turner, Trea",L,R,FF,4-Seam Fastball,5.0,-0.0380568083802735,2.4781558820588927,3.244578412,1.637450787,112.13,149.24,X,grounded_into_double_play,hit_into_play,"Trea Turner grounds into a double play, shortstop Mookie Betts to second baseman Tommy Edman to first baseman Freddie Freeman. Bryson Stott out at 2nd. Trea Turner out at 1st.",ground_ball,99.2,-6.0,2.0,21.0,PHI,LAD,5,Bot,R,1,1,3,2,2026,0.698,0.729,0.89,1.262,1.597,2.052,-33.167467590000015,122.36274913000001,Pull,False,0,823437-37-6
2026,2026-07-21,823437,20,1,607208,"Turner, Trea",L,R,CH,Changeup,8.0,0.2493594707021784,1.8334834677046583,3.244578412,1.637450787,65.44,98.16,X,single,hit_into_play,Trea Turner singles on a sharp line drive to left fielder Alex Call.,line_drive,102.9,10.0,4.0,241.0,PHI,LAD,3,Bot,R,1,1,0,0,2026,0.698,0.729,0.89,1.262,1.597,2.052,-149.69034658,249.84162381000004,Pull,False,0,823437-20-1
2026,2026-07-21,823437,56,2,607208,"Turner, Trea",R,R,ST,Sweeper,5.0,0.1420259853041178,2.2595178162475835,3.244578412,1.637450787,107.33,142.61,X,field_out,hit_into_play,"Trea Turner grounds out, shortstop Mookie Betts to first baseman Freddie Freeman.",ground_ball,91.9,-15.0,2.0,9.0,PHI,LAD,8,Bot,R,1,1,1,0,2026,0.698,0.729,0.89,1.262,1.597,2.052,-45.146688390000016,138.90904786000002,Pull,False,0,823437-56-2
2026,2026-07-29,823837,34,1,607208,"Turner, Trea",R,R,CH,Changeup,4.0,-0.6093595834242724,2.352678702672812,3.244578412,1.637450787,49.02,50.32,X,home_run,hit_into_play,Trea Turner homers (15) on a fly ball to left center field.,fly_ball,103.8,27.0,6.0,413.0,MIA,PHI,5,Top,R,3,4,0,0,2026,0.698,0.729,0.89,1.262,1.597,2.052,-190.66926440000003,369.2345244500001,Pull,False,0,823837-34-1
2026,2026-07-29,823837,17,3,607208,"Turner, Trea",R,R,CH,Changeup,11.0,-1.187511736095689,2.6989428619879865,3.244578412,1.637450787,124.12,187.42,X,field_out,hit_into_play,"Trea Turner grounds out softly, pitcher Ryan Gusto to first baseman Liam Hicks. Justin Crawford to 3rd. Edmundo Sosa to 2nd.",ground_ball,35.7,-79.0,1.0,1.0,MIA,PHI,3,Top,R,0,0,0,2,2026,0.698,0.729,0.89,1.262,1.597,2.052,-3.244372299999993,27.07803035000006,Straightaway,True,1,823837-17-3
2026,2026-07-29,823837,52,2,607208,"Turner, Trea",L,R,FF,4-Seam Fastball,5.0,-0.2347973853415997,2.4963029684852334,3.244578412,1.637450787,172.66,78.3,X,field_out,hit_into_play,Trea Turner lines out to right fielder Esteury Ruiz.,line_drive,89.8,26.0,3.0,321.0,MIA,PHI,7,Top,R,6,6,1,0,2026,0.698,0.729,0.89,1.262,1.597,2.052,117.89549803999999,299.40564987000005,Oppo,False,2,823837-52-2
2026,2026-07-29,823837,74,4,607208,"Turner, Trea",R,R,SL,Slider,6.0,0.4633826166468738,2.38918722287193,3.244578412,1.637450787,158.42,60.17,X,field_out,hit_into_play,Trea Turner flies out to center fielder Jakob Marsee.,fly_ball,93.1,27.0,3.0,353.0,MIA,PHI,9,Top,R,6,6,1,2,2026,0.698,0.729,0.89,1.262,1.597,2.052,82.35714299999997,344.6521651000001,Oppo,False,2,823837-74-4
2026,2026-07-29,823837,1,5,607208,"Turner, Trea",R,R,ST,Sweeper,2.0,0.2180122564891466,2.801217526151078,3.244578412,1.637450787,119.39,96.45,X,single,hit_into_play,Trea Turner singles on a ground ball to center fielder Jakob Marsee.,ground_ball,104.2,1.0,4.0,58.0,MIA,PHI,1,Top,R,0,0,2,2,2026,0.698,0.729,0.89,1.262,1.597,2.052,-15.048896130000005,254.10922122000005,Straightaway,False,1,823837-1-5
2026,2026-07-28,823838,38,2,607208,"Turner, Trea",R,R,CH,Changeup,9.0,0.3112084631747449,1.9364059603279975,3.244578412,1.637450787,93.71,143.36,X,field_out,hit_into_play,Trea Turner lines out to shortstop Otto Lopez.,line_drive,77.6,12.0,4.0,163.0,MIA,PHI,6,Top,R,0,0,1,0,2026,0.698,0.729,0.89,1.262,1.597,2.052,-79.13772741000002,137.03729461,Pull,False,0,823838-38-2
2026,2026-07-28,823838,18,6,607208,"Turner, Trea",R,R,FC,Cutter,5.0,0.0566474370384348,2.3164888499150504,3.244578412,1.637450787,60.24,68.78,X,field_out,hit_into_play,Trea Turner lines out sharply to left fielder Heriberto Hernández.,line_drive,101.7,18.0,5.0,359.0,MIA,PHI,3,Top,R,0,0,3,2,2026,0.698,0.729,0.89,1.262,1.597,2.052,-162.66783578000002,323.16443779,Pull,False,0,823838-18-6
2026,2026-07-28,823838,56,2,607208,"Turner, Trea",R,R,SI,Sinker,4.0,-0.5979471918223074,2.481399790602885,3.244578412,1.637450787,113.14,154.67,X,field_out,hit_into_play,"Trea Turner grounds out, shortstop Otto Lopez to first baseman Kyle Stowers.",ground_ball,80.0,-23.0,2.0,6.0,MIA,PHI,8,Top,R,0,0,0,1,2026,0.698,0.729,0.89,1.262,1.597,2.052,-30.646839880000005,108.81125560000007,Pull,False,0,823838-56-2
2026,2026-07-27,823839,22,3,607208,"Turner, Trea",R,R,CU,Curveball,9.0,0.6196071279969046,1.7212367337479808,3.244578412,1.637450787,123.43,143.17,X,single,hit_into_play,Trea Turner singles on a ground ball to second baseman Xavier Edwards.,ground_ball,93.8,-13.0,2.0,8.0,MIA,PHI,3,Top,R,2,2,1,1,2026,0.698,0.729,0.89,1.262,1.597,2.052,-4.966385289999987,137.51147210000008,Straightaway,False,1,823839-22-3
2026,2026-07-27,823839,53,1,607208,"Turner, Trea",R,R,ST,Sweeper,11.0,-0.8545898446400622,2.843637532468001,3.244578412,1.637450787,96.29,79.52,X,field_out,hit_into_play,Trea Turner flies out to center fielder Jakob Marsee.,fly_ball,89.7,40.0,3.0,306.0,MIA,PHI,6,Top,R,6,6,0,0,2026,0.698,0.729,0.89,1.262,1.597,2.052,-72.69889622999999,296.3609312500001,Pull,True,0,823839-53-1
2026,2026-07-27,823839,72,5,607208,"Turner, Trea",R,R,ST,Sweeper,3.0,0.2864804165047054,2.8936197902094087,3.244578412,1.637450787,163.97,157.7,X,field_out,hit_into_play,Trea Turner pops out to first baseman Kyle Stowers.,popup,82.7,65.0,3.0,144.0,MIA,PHI,9,Top,R,7,7,2,2,2026,0.698,0.729,0.89,1.262,1.597,2.052,96.20811705,101.24937247000007,Oppo,False,2,823839-72-5
2026,2026-07-26,823433,69,1,607208,"Turner, Trea",L,R,CH,Changeup,9.0,0.4993620033818657,1.976930696996407,3.244578412,1.637450787,112.95,151.01,X,grounded_into_double_play,hit_into_play,"Trea Turner grounds into a double play, shortstop Anthony Volpe to second baseman José Caballero to first baseman Paul Goldschmidt. Bryan De La Cruz out at 2nd. Trea Turner out at 1st.",ground_ball,95.3,-9.0,2.0,12.0,PHI,NYY,7,Bot,R,11,11,0,0,2026,0.698,0.729,0.89,1.262,1.597,2.052,-31.12101737,117.94541146000006,Pull,False,0,823433-69-1
2026,2026-07-26,823433,56,2,607208,"Turner, Trea",L,R,CH,Changeup,9.0,0.3904170937044371,1.8056015849221527,3.244578412,1.637450787,83.81,108.22,X,single,hit_into_play,Trea Turner singles on a line drive to left fielder Max Schuemann. Bryan De La Cruz scores. Justin Crawford to 2nd.,line_drive,76.6,16.0,4.0,207.0,PHI,NYY,6,Bot,R,6,7,1,0,2026,0.698,0.729,0.89,1.262,1.597,2.052,-103.84487031,224.73517355000004,Pull,False,0,823433-56-2
2026,2026-07-26,823433,36,3,607208,"Turner, Trea",L,R,SI,Sinker,6.0,0.429866146832693,2.695879698757784,3.244578412,1.637450787,148.95,153.04,X,grounded_into_double_play,hit_into_play,"Trea Turner grounds into a double play, second baseman José Caballero to first baseman Paul Goldschmidt. Gabriel Rincones Jr. to 3rd. Justin Crawford out at 2nd. Trea Turner out at 1st.",ground_ball,106.3,-5.0,2.0,24.0,PHI,NYY,4,Bot,R,6,6,1,1,2026,0.698,0.729,0.89,1.262,1.597,2.052,58.72313862999997,112.87919933000005,Oppo,False,2,823433-36-3
2026,2026-07-26,823433,5,2,607208,"Turner, Trea",R,R,SI,Sinker,9.0,0.3964000195239934,1.9186178935062812,3.244578412,1.637450787,152.64,65.01,X,triple,hit_into_play,Trea Turner triples (1) on a line drive to center fielder Trent Grisham.,line_drive,95.7,16.0,4.0,295.0,PHI,NYY,1,Bot,R,0,0,1,0,2026,0.698,0.729,0.89,1.262,1.597,2.052,67.93216461999997,332.57311746,Straightaway,False,1,823433-5-2
2026,2026-07-25,823435,20,2,607208,"Turner, Trea",L,R,SI,Sinker,6.0,0.4145885854189775,2.466577309583096,3.244578412,1.637450787,176.3,118.05,X,single,hit_into_play,Trea Turner singles on a ground ball to right fielder Jasson Domínguez.,ground_ball,103.1,3.0,4.0,87.0,PHI,NYY,3,Bot,R,1,1,0,1,2026,0.698,0.729,0.89,1.262,1.597,2.052,126.97974048000003,200.20272762000005,Oppo,False,2,823435-20-2
2026,2026-07-25,823435,56,5,607208,"Turner, Trea",R,R,SI,Sinker,8.0,-0.2337608755283962,1.8042885354837688,3.244578412,1.637450787,111.9,154.56,X,field_out,hit_into_play,"Trea Turner grounds out, shortstop José Caballero to first baseman Paul Goldschmidt.",ground_ball,102.4,-23.0,2.0,4.0,PHI,NYY,7,Bot,R,1,1,3,1,2026,0.698,0.729,0.89,1.262,1.597,2.052,-33.741471919999995,109.08577941000003,Pull,False,0,823435-56-5
2026,2026-07-24,823434,24,5,607208,"Turner, Trea",R,R,CU,Curveball,11.0,-0.9516299780774056,2.6851400967988406,3.244578412,1.637450787,110.05,147.77,X,field_out,hit_into_play,"Trea Turner grounds out, shortstop Anthony Volpe to first baseman Paul Goldschmidt.",ground_ball,70.9,3.0,2.0,56.0,PHI,NYY,4,Bot,R,0,0,1,2,2026,0.698,0.729,0.89,1.262,1.597,2.052,-38.358463270000016,126.03138550000001,Pull,True,0,823434-24-5
2026,2026-07-24,823434,58,9,607208,"Turner, Trea",L,R,FS,Split-Finger,9.0,0.3326524083896336,1.5352862705647432,3.244578412,1.637450787,79.44,101.44,X,field_out,hit_into_play,Trea Turner lines out to left fielder Cody Bellinger.,line_drive,95.5,15.0,4.0,269.0,PHI,NYY,8,Bot,R,0,0,2,2,2026,0.698,0.729,0.89,1.262,1.597,2.052,-114.75095258000002,241.65582293000006,Pull,False,0,823434-58-9
2026,2026-08-02,824807,31,1,607208,"Turner, Trea",R,R,ST,Sweeper,1.0,-0.4632161613804472,2.7964804435242128,3.244578412,1.637450787,59.44,70.37,X,field_out,hit_into_play,Trea Turner lines out to left fielder Dylan Beavers.,line_drive,96.1,22.0,3.0,357.0,BAL,PHI,4,Top,R,4,4,0,0,2026,0.698,0.729,0.89,1.262,1.597,2.052,-164.66437258000002,319.19632090000005,Pull,False,0,824807-31-1
2026,2026-08-02,824807,47,3,607208,"Turner, Trea",R,R,FF,4-Seam Fastball,5.0,0.1479644157295622,2.486777815569244,3.244578412,1.637450787,118.55,152.28,X,single,hit_into_play,Trea Turner singles on a ground ball to shortstop Gunnar Henderson. Justin Crawford to 3rd.,ground_ball,89.7,-10.0,2.0,13.0,BAL,PHI,6,Top,R,7,7,1,1,2026,0.698,0.729,0.89,1.262,1.597,2.052,-17.145259770000013,114.77590929000003,Straightaway,False,1,824807-47-3
2026,2026-08-02,824807,1,1,607208,"Turner, Trea",R,R,SI,Sinker,11.0,-1.404312905488406,2.925573871925641,3.244578412,1.637450787,98.98,173.53,X,field_out,hit_into_play,"Trea Turner grounds out, third baseman Christian Encarnacion-Strand to first baseman Pete Alonso.",ground_ball,48.3,-4.0,1.0,22.0,BAL,PHI,1,Top,R,0,0,0,0,2026,0.698,0.729,0.89,1.262,1.597,2.052,-65.98554124,61.74290054000003,Pull,True,0,824807-1-1
2026,2026-08-01,824808,35,3,607208,"Turner, Trea",R,R,KC,Knuckle Curve,4.0,-0.3128876295384776,2.291272251485492,3.244578412,1.637450787,72.25,113.68,X,single,hit_into_play,Trea Turner singles on a ground ball to left fielder Taylor Ward. Bryan De La Cruz to 2nd.,ground_ball,106.2,3.0,4.0,85.0,BAL,PHI,5,Top,R,1,1,0,2,2026,0.698,0.729,0.89,1.262,1.597,2.052,-132.69482707,211.10880989000003,Pull,False,0,824808-35-3
2026,2026-08-01,824808,17,6,607208,"Turner, Trea",R,R,SI,Sinker,4.0,-0.355382344731172,2.148739347353815,3.244578412,1.637450787,102.01,139.13,X,field_out,hit_into_play,"Trea Turner grounds out, shortstop Gunnar Henderson to first baseman Pete Alonso.",ground_ball,104.4,-14.0,2.0,8.0,BAL,PHI,3,Top,R,0,0,3,2,2026,0.698,0.729,0.89,1.262,1.597,2.052,-58.42365811,147.59398294000005,Pull,False,0,824808-17-6
2026,2026-08-01,824808,70,3,607208,"Turner, Trea",R,R,FS,Split-Finger,4.0,-0.3517478703428863,2.284904200418531,3.244578412,1.637450787,86.65,164.77,X,double,hit_into_play,Trea Turner doubles (19) on a ground ball to left fielder Taylor Ward.,ground_ball,84.4,3.0,2.0,70.0,BAL,PHI,9,Top,R,5,5,0,2,2026,0.698,0.729,0.89,1.262,1.597,2.052,-96.75716467,83.6049785,Pull,False,0,824808-70-3
2026,2026-08-01,824808,1,6,607208,"Turner, Trea",R,R,SI,Sinker,1.0,-0.6051009304288404,3.1100613472127985,3.244578412,1.637450787,167.12,99.34,X,field_out,hit_into_play,Trea Turner lines out to right fielder Tyler O'Neill.,line_drive,84.2,22.0,3.0,270.0,BAL,PHI,1,Top,R,0,0,2,2,2026,0.698,0.729,0.89,1.262,1.597,2.052,104.06948070000001,246.89673203000004,Oppo,False,2,824808-1-6
2026,2026-08-01,824808,58,4,607208,"Turner, Trea",L,R,CU,Curveball,7.0,-0.4665690714766348,1.559465265783207,3.244578412,1.637450787,112.28,175.5,X,field_out,hit_into_play,"Trea Turner grounds out, third baseman Christian Encarnacion-Strand to first baseman Pete Alonso.",ground_ball,68.7,-49.0,2.0,2.0,BAL,PHI,8,Top,R,1,1,1,2,2026,0.698,0.729,0.89,1.262,1.597,2.052,-32.793116940000004,56.82642867000003,Pull,False,0,824808-58-4
2026,2026-07-31,824809,36,4,607208,"Turner, Trea",R,R,FS,Split-Finger,11.0,-0.8516814177148717,2.945410800343484,3.244578412,1.637450787,89.88,110.89,X,single,hit_into_play,Trea Turner singles on a fly ball to left fielder Dylan Beavers.,fly_ball,68.9,37.0,4.0,233.0,BAL,PHI,5,Top,R,3,3,1,2,2026,0.698,0.729,0.89,1.262,1.597,2.052,-88.69614734000002,218.07173198000004,Pull,True,0,824809-36-4
2026,2026-07-31,824809,19,4,607208,"Turner, Trea",R,R,SI,Sinker,4.0,-0.7997243114961564,2.619788105378489,3.244578412,1.637450787,51.49,58.09,X,home_run,hit_into_play,Trea Turner homers (16) on a fly ball to left center field.,fly_ball,103.9,38.0,6.0,393.0,BAL,PHI,3,Top,R,2,3,2,1,2026,0.698,0.729,0.89,1.262,1.597,2.052,-184.50495703000004,349.84316078000006,Pull,False,0,824809-19-4
2026,2026-07-31,824809,51,4,607208,"Turner, Trea",R,R,FC,Cutter,9.0,0.3766487111700426,1.9262659034965888,3.244578412,1.637450787,108.23,156.75,X,field_out,hit_into_play,"Trea Turner grounds out, shortstop Gunnar Henderson to first baseman Pete Alonso. Justin Crawford to 3rd.",ground_ball,73.3,-14.0,2.0,8.0,BAL,PHI,7,Top,R,4,4,2,1,2026,0.698,0.729,0.89,1.262,1.597,2.052,-42.90058449,103.62025992000004,Pull,False,0,824809-51-4
2026,2026-07-31,824809,1,2,607208,"Turner, Trea",R,R,SI,Sinker,13.0,-0.9273080277254132,2.281850039301249,3.244578412,1.637450787,111.98,188.26,X,single,hit_into_play,Trea Turner singles on a soft ground ball to third baseman Coby Mayo.,ground_ball,70.7,-52.0,2.0,2.0,BAL,PHI,1,Top,R,0,0,0,1,2026,0.698,0.729,0.89,1.262,1.597,2.052,-33.54181824,24.98166671000005,Pull,True,0,824809-1-2
2026,2026-08-04,823432,54,4,607208,"Turner, Trea",R,R,SL,Slider,12.0,0.9485852074235188,2.8038873920306884,3.244578412,1.637450787,161.51,89.89,X,single,hit_into_play,Trea Turner singles on a line drive to right fielder Dylan Crews. Justin Crawford scores.,line_drive,92.4,14.0,4.0,220.0,PHI,WSH,7,Bot,R,4,5,1,2,2026,0.698,0.729,0.89,1.262,1.597,2.052,90.06876638999998,270.48082298,Oppo,True,2,823432-54-4
2026,2026-08-04,823432,35,1,607208,"Turner, Trea",R,R,SI,Sinker,8.0,0.1085252683152364,1.92273931693554,3.244578412,1.637450787,94.43,140.62,X,field_out,hit_into_play,"Trea Turner grounds out, shortstop Nasim Nuñez to first baseman Andrés Chaparro.",ground_ball,82.8,9.0,4.0,120.0,PHI,WSH,4,Bot,R,4,4,0,0,2026,0.698,0.729,0.89,1.262,1.597,2.052,-77.34084428999999,143.87543315000002,Pull,False,0,823432-35-1
2026,2026-08-04,823432,21,2,607208,"Turner, Trea",R,R,FS,Split-Finger,5.0,-0.1592966571348756,2.4005811480220887,3.244578412,1.637450787,109.19,173.32,X,single,hit_into_play,Trea Turner singles on a ground ball to third baseman Brady House.,ground_ball,85.4,-51.0,2.0,2.0,PHI,WSH,3,Bot,R,1,1,1,0,2026,0.698,0.729,0.89,1.262,1.597,2.052,-40.50474033000001,62.26699145000005,Pull,False,0,823432-21-2
2026,2026-08-04,823432,5,5,607208,"Turner, Trea",L,R,ST,Sweeper,14.0,0.3399791563281539,1.4454994215071273,3.244578412,1.637450787,132.13,101.68,X,single,hit_into_play,Trea Turner singles on a fly ball to center fielder Jacob Young.,fly_ball,69.6,26.0,4.0,220.0,PHI,WSH,1,Bot,R,0,0,2,2,2026,0.698,0.729,0.89,1.262,1.597,2.052,16.745952409999987,241.05686189000002,Straightaway,True,1,823432-5-5
2026,2026-08-03,823431,44,1,607208,"Turner, Trea",L,R,FF,4-Seam Fastball,5.0,0.0154992307697927,2.309146633476823,3.244578412,1.637450787,129.91,123.12,X,field_out,hit_into_play,Trea Turner lines out to second baseman Nasim Nuñez.,line_drive,99.8,8.0,4.0,194.0,PHI,WSH,6,Bot,R,0,0,0,0,2026,0.698,0.729,0.89,1.262,1.597,2.052,11.205562789999988,187.54967565000004,Straightaway,False,1,823431-44-1
2026,2026-08-03,823431,24,2,607208,"Turner, Trea",L,R,CU,Curveball,9.0,0.3974617238416572,1.636452068513936,3.244578412,1.637450787,118.6,83.73,X,field_out,hit_into_play,Trea Turner lines out to center fielder Jacob Young.,line_drive,98.4,14.0,4.0,288.0,PHI,WSH,3,Bot,R,0,0,0,1,2026,0.698,0.729,0.89,1.262,1.597,2.052,-17.02047622000002,285.85415634000003,Straightaway,False,1,823431-24-2
2026,2026-08-03,823431,5,3,607208,"Turner, Trea",L,R,SI,Sinker,5.0,-0.2407567844152971,2.3606290307829694,3.244578412,1.637450787,107.04,165.95,X,field_out,hit_into_play,"Trea Turner grounds out sharply, shortstop CJ Abrams to first baseman Abimelec Ortiz.",ground_ball,106.4,-5.0,2.0,22.0,PHI,WSH,1,Bot,R,0,0,2,0,2026,0.698,0.729,0.89,1.262,1.597,2.052,-45.87043297999999,80.66008672000007,Pull,False,0,823431-5-3
2026,2026-08-06,823430,37,3,607208,"Turner, Trea",R,R,SL,Slider,5.0,0.1459329990384397,2.5497711056069545,3.244578412,1.637450787,105.37,154.56,X,grounded_into_double_play,hit_into_play,"Trea Turner grounds into a double play, shortstop CJ Abrams to second baseman Nasim Nuñez to first baseman Andrés Chaparro. Kyle Schwarber out at 2nd. Trea Turner out at 1st.",ground_ball,76.2,2.0,2.0,52.0,PHI,WSH,4,Bot,R,6,6,2,0,2026,0.698,0.729,0.89,1.262,1.597,2.052,-50.03820355,109.08577941000003,Pull,False,0,823430-37-3
2026,2026-08-06,823430,19,4,607208,"Turner, Trea",R,R,CU,Curveball,4.0,-0.3716263531383361,2.5839364761169143,3.244578412,1.637450787,30.09,97.87,X,double,hit_into_play,"Trea Turner doubles (20) on a sharp line drive to left fielder Andrew Pinckney. Justin Crawford out at home on the throw, left fielder Andrew Pinckney to shortstop CJ Abrams to catcher Keibert Ruiz.",line_drive,104.6,16.0,5.0,341.0,PHI,WSH,2,Bot,R,3,3,0,2,2026,0.698,0.729,0.89,1.262,1.597,2.052,-237.91231643,250.56536840000004,Pull,False,0,823430-19-4
2026,2026-08-06,823430,58,4,607208,"Turner, Trea",R,R,SL,Slider,5.0,0.1526751384842659,2.286782481852062,3.244578412,1.637450787,187.48,129.23,X,field_out,hit_into_play,Trea Turner flies out to right fielder Dylan Crews.,fly_ball,83.0,54.0,3.0,232.0,PHI,WSH,6,Bot,R,7,7,2,1,2026,0.698,0.729,0.89,1.262,1.597,2.052,154.88134225999997,172.30112584000005,Oppo,False,2,823430-58-4
2026,2026-08-06,823430,73,4,607208,"Turner, Trea",R,R,ST,Sweeper,9.0,0.3608583143474049,1.8023201407958915,3.244578412,1.637450787,149.49,148.48,X,field_out,hit_into_play,"Trea Turner grounds out, second baseman Nasim Nuñez to first baseman Andrés Chaparro.",ground_ball,100.2,-4.0,2.0,21.0,PHI,WSH,8,Bot,R,7,7,1,2,2026,0.698,0.729,0.89,1.262,1.597,2.052,60.07080097000002,124.25945909000006,Oppo,False,2,823430-73-4
2026,2026-08-06,823430,5,2,607208,"Turner, Trea",R,R,SL,Slider,8.0,0.2668839397012137,2.084696169173056,3.244578412,1.637450787,104.36,151.01,X,single,hit_into_play,Trea Turner singles on a ground ball to shortstop CJ Abrams.,ground_ball,95.2,-2.0,2.0,31.0,PHI,WSH,1,Bot,R,0,0,0,1,2026,0.698,0.729,0.89,1.262,1.597,2.052,-52.55883126000001,117.94541146000006,Pull,False,0,823430-5-2
2026,2026-08-05,823429,43,4,607208,"Turner, Trea",R,R,FC,Cutter,12.0,1.021979876410048,3.0523964689730487,3.244578412,1.637450787,144.95,158.88,X,field_out,hit_into_play,"Trea Turner grounds out, first baseman Abimelec Ortiz to pitcher Jake Irvin.",ground_ball,68.1,-2.0,2.0,35.0,PHI,WSH,6,Bot,R,2,2,1,2,2026,0.698,0.729,0.89,1.262,1.597,2.052,48.740454629999974,98.30448069000005,Oppo,True,2,823429-43-4
2026,2026-08-05,823429,25,3,607208,"Turner, Trea",R,R,CU,Curveball,8.0,-0.2482429010428769,1.9362727731948917,3.244578412,1.637450787,101.81,174.16,X,field_out,hit_into_play,Trea Turner pops out to third baseman Jorbit Vivas.,popup,80.0,71.0,3.0,91.0,PHI,WSH,3,Bot,R,2,2,1,1,2026,0.698,0.729,0.89,1.262,1.597,2.052,-58.922792310000006,60.17062781000004,Pull,False,0,823429-25-3
2026,2026-08-05,823429,82,2,607208,"Turner, Trea",R,R,FF,4-Seam Fastball,9.0,0.3605952333959443,1.7943426210949724,3.244578412,1.637450787,206.89,116.72,X,sac_fly,hit_into_play,Trea Turner out on a sacrifice fly to right fielder Dylan Crews. Derek Hill scores.,line_drive,93.9,19.0,4.0,285.0,PHI,WSH,10,Bot,R,3,4,1,0,2026,0.698,0.729,0.89,1.262,1.597,2.052,203.32231636999998,203.52197005000005,Oppo,False,2,823429-82-2
2026,2026-08-05,823429,58,6,607208,"Turner, Trea",L,R,FF,4-Seam Fastball,6.0,0.6964799439428978,2.265014482184543,3.244578412,1.637450787,186.81,85.6,X,field_out,hit_into_play,Trea Turner flies out to right fielder Dylan Crews.,fly_ball,93.5,40.0,3.0,332.0,PHI,WSH,7,Bot,R,3,3,2,2,2026,0.698,0.729,0.89,1.262,1.597,2.052,153.20924269000002,281.18725157000006,Oppo,False,2,823429-58-6
2026,2026-08-07,823428,25,2,607208,"Turner, Trea",R,R,KC,Knuckle Curve,8.0,-0.1997210862456637,1.766916432326092,3.244578412,1.637450787,112.21,163.67,X,field_out,hit_into_play,"Trea Turner grounds out, third baseman Josh Smith to first baseman Kazuma Okamoto. Kyle Schwarber to 3rd.",ground_ball,64.6,-57.0,2.0,1.0,PHI,TOR,3,Bot,R,1,1,0,1,2026,0.698,0.729,0.89,1.262,1.597,2.052,-32.967813910000025,86.35021660000007,Pull,False,0,823428-25-2
2026,2026-08-07,823428,79,2,607208,"Turner, Trea",R,R,SI,Sinker,9.0,0.4504689549548588,1.8481282814075568,3.244578412,1.637450787,146.38,165.07,X,force_out,hit_into_play,"Trea Turner grounds into a force out, first baseman Kazuma Okamoto to shortstop Andrés Giménez. Bryson Stott scores. Justin Crawford to 3rd. Derek Hill out at 2nd. Trea Turner to 1st.",ground_ball,68.3,9.0,2.0,98.0,PHI,TOR,9,Bot,R,2,3,1,0,2026,0.698,0.729,0.89,1.262,1.597,2.052,52.30926415999999,82.85627720000005,Oppo,False,2,823428-79-2
2026,2026-08-07,823428,6,3,607208,"Turner, Trea",R,R,SL,Slider,6.0,0.2857460159787607,2.187972096809127,3.244578412,1.637450787,186.88,95.23,X,field_out,hit_into_play,Trea Turner lines out to right fielder Nathan Lukes.,line_drive,96.6,19.0,4.0,299.0,PHI,TOR,1,Bot,R,0,0,0,2,2026,0.698,0.729,0.89,1.262,1.597,2.052,153.38393966,257.15393984,Oppo,False,2,823428-6-3
2026,2026-08-09,823425,40,3,607208,"Turner, Trea",R,R,CH,Changeup,13.0,-0.1133068043100601,1.4623612679653473,3.244578412,1.637450787,125.4,55.91,X,field_out,hit_into_play,Trea Turner flies out to center fielder Brett Bateman.,fly_ball,94.0,34.0,3.0,354.0,PHI,TOR,5,Bot,R,4,4,1,1,2026,0.698,0.729,0.89,1.262,1.597,2.052,-0.04991341999999007,355.28372356000006,Straightaway,True,1,823425-40-3
2026,2026-08-09,823425,72,2,607208,"Turner, Trea",R,R,SL,Slider,5.0,0.1093743763355737,2.4518799667941584,3.244578412,1.637450787,156.13,156.01,X,field_out,hit_into_play,Trea Turner pops out to second baseman Ernie Clement.,popup,55.1,57.0,1.0,134.0,PHI,TOR,8,Bot,R,5,5,0,1,2026,0.698,0.729,0.89,1.262,1.597,2.052,76.64205641,105.46705646000005,Oppo,False,2,823425-72-2
2026,2026-08-09,823425,92,2,607208,"Turner, Trea",R,R,SL,Slider,1.0,-0.5383645767279298,3.045496036812624,3.244578412,1.637450787,121.81,185.49,X,force_out,hit_into_play,"Trea Turner bunt pops into a force out, pitcher Braydon Fisher to third baseman Josh Smith. Derek Hill out at 3rd. Kyle Schwarber to 2nd. Trea Turner to 1st.",popup,24.9,54.0,1.0,38.0,PHI,TOR,11,Bot,R,5,5,1,0,2026,0.698,0.729,0.89,1.262,1.597,2.052,-9.00937231,31.894675380000006,Pull,False,0,823425-92-2
2026,2026-08-08,823426,44,6,607208,"Turner, Trea",R,R,SL,Slider,8.0,0.1580777150225368,2.0530548485244293,3.244578412,1.637450787,59.39,55.56,X,home_run,hit_into_play,Trea Turner homers (17) on a fly ball to left center field.,fly_ball,99.0,26.0,6.0,391.0,PHI,TOR,6,Bot,R,0,1,2,2,2026,0.698,0.729,0.89,1.262,1.597,2.052,-164.78915613,356.15720841000007,Pull,False,0,823426-44-6
2026,2026-08-08,823426,25,1,607208,"Turner, Trea",R,R,SL,Slider,8.0,-0.0232189969015605,1.7437743831370818,3.244578412,1.637450787,120.42,168.76,X,field_out,hit_into_play,"Trea Turner grounds out, third baseman Josh Smith to first baseman Vladimir Guerrero Jr. Kyle Schwarber to 2nd.",ground_ball,78.5,-67.0,2.0,1.0,PHI,TOR,3,Bot,R,0,0,0,0,2026,0.698,0.729,0.89,1.262,1.597,2.052,-12.478355,73.64725121000005,Straightaway,False,1,823426-25-1
2026,2026-08-08,823426,57,6,607208,"Turner, Trea",R,R,ST,Sweeper,2.0,0.1642189711224113,3.159885118327756,3.244578412,1.637450787,132.24,109.73,X,field_out,hit_into_play,Trea Turner flies out to center fielder Brett Bateman.,fly_ball,81.2,53.0,3.0,226.0,PHI,TOR,7,Bot,R,4,4,1,2,2026,0.698,0.729,0.89,1.262,1.597,2.052,17.02047622000002,220.96671034000002,Straightaway,False,1,823426-57-6
2026,2026-08-08,823426,76,1,607208,"Turner, Trea",R,R,SL,Slider,5.0,-0.0857335371742759,2.595549663551878,3.244578412,1.637450787,172.14,191.58,X,field_out,hit_into_play,Trea Turner pops out to first baseman Vladimir Guerrero Jr. in foul territory.,popup,82.7,74.0,3.0,97.0,PHI,TOR,9,Bot,R,4,4,0,0,2026,0.698,0.729,0.89,1.262,1.597,2.052,116.59774911999997,16.696038989999995,Oppo,False,2,823426-76-1
2026,2026-08-08,823426,6,4,607208,"Turner, Trea",R,R,SL,Slider,9.0,0.7036624984425688,1.8806939777267897,3.244578412,1.637450787,129.11,99.62,X,single,hit_into_play,Trea Turner singles on a line drive to center fielder Brett Bateman.,line_drive,68.5,24.0,4.0,218.0,PHI,TOR,1,Bot,R,0,0,2,1,2026,0.698,0.729,0.89,1.262,1.597,2.052,9.20902599000003,246.19794415000004,Straightaway,False,1,823426-6-4
2026,2026-08-13,823669,33,1,607208,"Turner, Trea",R,R,FF,4-Seam Fastball,9.0,0.3248672405128702,2.0185066275088355,3.245,1.637,189.44,131.42,X,double,hit_into_play,Trea Turner doubles (21) on a line drive to right fielder Luke Keaschall.,line_drive,95.7,15.0,4.0,257.0,MIN,PHI,4,Top,R,4,4,0,0,2026,0.698,0.729,0.89,1.262,1.597,2.052,159.77285742,166.83560635000006,Oppo,False,2,823669-33-1
2026,2026-08-13,823669,52,3,607208,"Turner, Trea",R,R,SL,Slider,1.0,-0.5091213043125231,3.0426352004533648,3.245,1.637,158.49,162.5,X,field_out,hit_into_play,Trea Turner pops out to first baseman Royce Lewis.,popup,75.5,64.0,3.0,124.0,MIN,PHI,6,Top,R,5,5,1,1,2026,0.698,0.729,0.89,1.262,1.597,2.052,82.53183997000002,89.27015167000003,Oppo,False,2,823669-52-3
2026,2026-08-13,823669,2,5,607208,"Turner, Trea",R,R,FF,4-Seam Fastball,1.0,-0.5981954985218506,2.7594713838407525,3.245,1.637,139.25,171.1,X,field_out,hit_into_play,Trea Turner pops out to second baseman Kody Clemens.,popup,78.7,70.0,3.0,87.0,MIN,PHI,1,Top,R,1,1,3,1,2026,0.698,0.729,0.89,1.262,1.597,2.052,34.51512993,67.80738107000005,Oppo,False,2,823669-2-5
2026,2026-08-13,823669,69,1,607208,"Turner, Trea",L,R,ST,Sweeper,5.0,-0.1359069970530784,2.218905867297768,3.245,1.637,110.91,151.87,X,field_out,hit_into_play,"Trea Turner grounds out, shortstop Kaelen Culpepper to first baseman Royce Lewis.",ground_ball,90.4,0.0,2.0,39.0,MIN,PHI,8,Top,R,7,7,0,0,2026,0.698,0.729,0.89,1.262,1.597,2.052,-36.21218621000001,115.79913440000003,Pull,False,0,823669-69-1
2026,2026-08-12,823017,35,2,607208,"Turner, Trea",R,R,ST,Sweeper,3.0,0.4421845776734892,2.9344952433853355,3.244578412,1.637450787,54.86,111.26,X,field_out,hit_into_play,Trea Turner flies out to left fielder José Fermín.,fly_ball,85.8,42.0,3.0,279.0,STL,PHI,5,Top,R,1,1,0,1,2026,0.698,0.729,0.89,1.262,1.597,2.052,-176.09454576000002,217.14833371000003,Pull,False,0,823017-35-2
2026,2026-08-12,823017,19,2,607208,"Turner, Trea",R,R,SL,Slider,6.0,0.7522004633673469,2.2552026212003145,3.244578412,1.637450787,141.38,174.45,X,field_out,hit_into_play,"Trea Turner grounds out, first baseman Alec Burleson to pitcher Kyle Leahy.",ground_ball,64.8,-51.0,2.0,2.0,STL,PHI,3,Top,R,0,0,0,1,2026,0.698,0.729,0.89,1.262,1.597,2.052,39.83090915999999,59.44688322000006,Oppo,False,2,823017-19-2
2026,2026-08-12,823017,62,3,607208,"Turner, Trea",R,R,FF,4-Seam Fastball,8.0,-0.1248076994222472,2.0861781215778343,3.244578412,1.637450787,176.86,82.98,X,field_out,hit_into_play,Trea Turner flies out to right fielder Jordan Walker.,fly_ball,90.7,32.0,3.0,314.0,STL,PHI,8,Top,R,1,1,1,1,2026,0.698,0.729,0.89,1.262,1.597,2.052,128.37731624000003,287.72590959,Oppo,False,2,823017-62-3
2026,2026-08-12,823017,2,6,607208,"Turner, Trea",R,R,SL,Slider,8.0,0.191378341496817,1.999622505720648,3.244578412,1.637450787,193.35,104.52,X,field_out,hit_into_play,Trea Turner flies out to right fielder Jordan Walker.,fly_ball,84.4,33.0,3.0,288.0,STL,PHI,1,Top,R,0,0,3,2,2026,0.698,0.729,0.89,1.262,1.597,2.052,169.53093103,233.96915625000005,Oppo,False,2,823017-2-6
2026,2026-08-11,823019,37,5,607208,"Turner, Trea",R,R,SL,Slider,5.0,0.0820801730189418,2.3803855824376794,3.244578412,1.637450787,94.27,94.82,X,single,hit_into_play,Trea Turner singles on a line drive to left fielder José Fermín.,line_drive,93.2,11.0,4.0,207.0,STL,PHI,6,Top,R,0,0,2,2,2026,0.698,0.729,0.89,1.262,1.597,2.052,-77.74015165000002,258.1771649500001,Pull,False,0,823019-37-5
2026,2026-08-17,823427,37,2,607208,"Turner, Trea",R,R,CU,Curveball,5.0,-0.1013740980031808,2.4400778957284874,3.244578412,1.637450787,120.11,195.36,X,grounded_into_double_play,hit_into_play,"Trea Turner grounds into a double play, third baseman Javier Sanoja to second baseman Xavier Edwards to first baseman Leo Jiménez. Kyle Schwarber out at 2nd. Trea Turner out at 1st.",ground_ball,93.1,-5.0,2.0,24.0,PHI,MIA,4,Bot,R,2,2,1,0,2026,0.698,0.729,0.89,1.262,1.597,2.052,-13.252013010000006,7.262402609999992,Pull,False,0,823427-37-2
2026,2026-08-17,823427,23,5,607208,"Turner, Trea",R,R,CH,Changeup,4.0,-0.7774204719980007,2.3858650572057725,3.244578412,1.637450787,70.26,101.82,X,single,hit_into_play,Trea Turner singles on a ground ball to left fielder Heriberto Hernández. Justin Crawford scores.,ground_ball,102.2,2.0,4.0,77.0,PHI,MIA,3,Bot,R,0,1,2,2,2026,0.698,0.729,0.89,1.262,1.597,2.052,-137.66121236,240.70746795000005,Pull,False,0,823427-23-5
2026,2026-08-17,823427,5,1,607208,"Turner, Trea",R,R,ST,Sweeper,3.0,0.4970309741166621,2.856882217630964,3.244578412,1.637450787,132.2,210.56,X,field_out,hit_into_play,Trea Turner pops out to catcher Brian Navarreto in foul territory.,popup,62.3,87.0,3.0,23.0,PHI,MIA,1,Bot,R,0,0,0,0,2026,0.698,0.729,0.89,1.262,1.597,2.052,16.92064937999997,-30.671796589999982,Oppo,False,2,823427-5-1
2026,2026-08-17,823427,76,5,607208,"Turner, Trea",L,R,CU,Curveball,6.0,0.4059984042743862,2.706685381295421,3.244578412,1.637450787,136.82,48.23,X,field_out,hit_into_play,Trea Turner flies out to center fielder Jakob Marsee.,fly_ball,96.0,25.0,5.0,374.0,PHI,MIA,8,Bot,R,5,5,2,2,2026,0.698,0.729,0.89,1.262,1.597,2.052,28.450649399999982,374.4504768400001,Straightaway,False,1,823427-76-5
2026,2026-08-15,823671,49,2,607208,"Turner, Trea",L,R,ST,Sweeper,4.0,-0.592508889153045,2.25484806108798,3.244578412,1.637450787,75.8,113.17,X,single,hit_into_play,Trea Turner singles on a ground ball to left fielder Austin Martin. Derek Hill to 2nd.,ground_ball,91.7,4.0,4.0,81.0,MIN,PHI,6,Top,R,8,8,1,0,2026,0.698,0.729,0.89,1.262,1.597,2.052,-123.83519502000001,212.38160210000004,Pull,False,0,823671-49-2
2026,2026-08-18,823423,23,4,607208,"Turner, Trea",R,R,SI,Sinker,1.0,-0.3004361304445813,3.0507649640567145,3.244578412,1.637450787,158.83,172.35,X,field_out,hit_into_play,Trea Turner pops out to first baseman Griffin Conine.,popup,87.7,68.0,3.0,109.0,PHI,MIA,3,Bot,R,1,1,2,1,2026,0.698,0.729,0.89,1.262,1.597,2.052,83.38036811000003,64.68779232000004,Oppo,False,2,823423-23-4
2026,2026-08-18,823423,5,1,607208,"Turner, Trea",L,R,SI,Sinker,5.0,0.2085431321175614,2.171837777903776,3.244578412,1.637450787,111.46,149.49,X,field_out,hit_into_play,"Trea Turner grounds out sharply, shortstop Otto Lopez to first baseman Griffin Conine.",ground_ball,101.4,-25.0,2.0,5.0,PHI,MIA,1,Bot,R,0,0,0,0,2026,0.698,0.729,0.89,1.262,1.597,2.052,-34.83956716000002,121.73883138000001,Pull,False,0,823423-5-1
2026,2026-08-19,823424,21,3,607208,"Turner, Trea",R,R,CU,Curveball,1.0,-0.7224191184931692,2.9785882027273813,3.244578412,1.637450787,123.61,163.57,X,field_out,hit_into_play,Trea Turner pops out to shortstop Otto Lopez.,popup,81.2,69.0,3.0,96.0,PHI,MIA,3,Bot,R,1,1,1,1,2026,0.698,0.729,0.89,1.262,1.597,2.052,-4.517164510000006,86.59978370000005,Straightaway,False,1,823424-21-3
2026,2026-08-19,823424,55,2,607208,"Turner, Trea",L,R,SI,Sinker,5.0,0.112401885900482,2.270729800489624,3.244578412,1.637450787,99.69,50.59,X,double,hit_into_play,"Phillies challenged (tag play), call on the field was overturned: Trea Turner doubles (22) on a line drive to center fielder Jakob Marsee. Kyle Schwarber scores.",line_drive,104.2,13.0,4.0,287.0,PHI,MIA,7,Bot,R,3,4,1,0,2026,0.698,0.729,0.89,1.262,1.597,2.052,-64.21361483000001,368.56069328000007,Straightaway,False,1,823424-55-2
2026,2026-08-19,823424,5,4,607208,"Turner, Trea",R,R,SI,Sinker,4.0,-0.4620091515621183,2.236494086411166,3.244578412,1.637450787,114.97,85.6,X,single,hit_into_play,"Trea Turner singles on a ground ball to center fielder Jakob Marsee, deflected by second baseman Xavier Edwards.",ground_ball,107.0,-4.0,2.0,25.0,PHI,MIA,1,Bot,R,0,0,2,1,2026,0.698,0.729,0.89,1.262,1.597,2.052,-26.07976195000001,281.18725157000006,Straightaway,False,1,823424-5-4
2026,2026-08-22,823422,34,5,607208,"Turner, Trea",L,R,SL,Slider,14.0,0.0512675053622247,1.3779462768482564,3.244578412,1.637450787,195.21,95.1,X,field_out,hit_into_play,Trea Turner flies out to right fielder Jordan Walker.,fly_ball,90.6,38.0,3.0,309.0,PHI,STL,4,Bot,R,7,7,1,2,2026,0.698,0.729,0.89,1.262,1.597,2.052,174.17287909000004,257.4783770700001,Oppo,True,2,823422-34-5
2026,2026-08-22,823422,17,4,607208,"Turner, Trea",L,R,FF,4-Seam Fastball,4.0,-0.5320866065249159,2.27135372169273,3.244578412,1.637450787,109.02,167.75,X,grounded_into_double_play,hit_into_play,"Trea Turner grounds into a double play, third baseman Blaze Jordan to second baseman José Fermín to first baseman Alec Burleson. Kyle Schwarber out at 2nd. Trea Turner out at 1st.",ground_ball,104.0,-14.0,2.0,9.0,PHI,STL,2,Bot,R,3,3,1,2,2026,0.698,0.729,0.89,1.262,1.597,2.052,-40.92900440000002,76.16787892000004,Pull,False,0,823422-17-4
2026,2026-08-22,823422,51,3,607208,"Turner, Trea",R,R,FF,4-Seam Fastball,2.0,-0.1990367374972639,3.042217884874,3.244578412,1.637450787,210.05,101.46,X,single,hit_into_play,Trea Turner singles on a line drive to right fielder Jordan Walker. Justin Crawford to 3rd.,line_drive,99.3,22.0,5.0,318.0,PHI,STL,6,Bot,R,8,8,1,1,2026,0.698,0.729,0.89,1.262,1.597,2.052,211.20863673000005,241.60590951000006,Oppo,False,2,823422-51-3
2026,2026-08-22,823422,5,5,607208,"Turner, Trea",L,R,CU,Curveball,8.0,-0.0148617933309268,2.0464169655008275,3.244578412,1.637450787,94.32,108.92,X,single,hit_into_play,Trea Turner singles on a ground ball to left fielder Joshua Báez. Kyle Schwarber to 2nd.,ground_ball,104.8,7.0,4.0,119.0,PHI,STL,1,Bot,R,0,0,2,2,2026,0.698,0.729,0.89,1.262,1.597,2.052,-77.61536810000003,222.98820385000005,Pull,False,0,823422-5-5
2026,2026-08-22,823422,69,5,607208,"Turner, Trea",R,R,SL,Slider,11.0,-0.9176818839517176,2.709983415360962,3.244578412,1.637450787,63.67,91.18,X,field_out,hit_into_play,Trea Turner flies out to left fielder Joshua Báez.,fly_ball,92.0,44.0,3.0,307.0,PHI,STL,8,Bot,R,12,12,1,2,2026,0.698,0.729,0.89,1.262,1.597,2.052,-154.10768425,267.26140739000004,Pull,True,0,823422-69-5
2026,2026-08-21,823420,21,2,607208,"Turner, Trea",R,R,FF,4-Seam Fastball,2.0,-0.1285704136510921,3.21734193977874,3.244578412,1.637450787,170.4,94.77,X,field_out,hit_into_play,Trea Turner flies out to right fielder Jordan Walker.,fly_ball,96.0,46.0,3.0,282.0,PHI,STL,2,Bot,R,2,2,0,1,2026,0.698,0.729,0.89,1.262,1.597,2.052,112.25528158000002,258.30194850000004,Oppo,False,2,823420-21-2
2026,2026-08-21,823420,55,2,607208,"Turner, Trea",R,R,SL,Slider,4.0,-0.4816666095380571,2.3665371798991464,3.244578412,1.637450787,163.69,71.28,X,field_out,hit_into_play,Trea Turner flies out to center fielder Everson Pereira.,fly_ball,89.3,31.0,3.0,331.0,PHI,STL,6,Bot,R,5,5,1,0,2026,0.698,0.729,0.89,1.262,1.597,2.052,95.50932917,316.92526029000004,Oppo,False,2,823420-55-2
2026,2026-08-24,823097,22,5,607208,"Turner, Trea",R,R,SL,Slider,6.0,0.2873377150965068,2.500915597165784,3.244578412,1.637450787,171.05,112.59,X,field_out,hit_into_play,Trea Turner flies out to right fielder Dominic Canzone.,fly_ball,76.3,40.0,3.0,244.0,SEA,PHI,3,Top,R,2,2,2,2,2026,0.698,0.729,0.89,1.262,1.597,2.052,113.87746773000003,213.82909128000003,Oppo,False,2,823097-22-5
2026,2026-08-24,823097,64,5,607208,"Turner, Trea",L,R,FF,4-Seam Fastball,6.0,0.4124836560711437,2.716631541168002,3.244578412,1.637450787,106.81,155.11,X,field_out,hit_into_play,"Trea Turner grounds out sharply, shortstop Brock Rodden to first baseman Josh Naylor.",ground_ball,101.8,-3.0,2.0,33.0,SEA,PHI,8,Top,R,2,2,3,1,2026,0.698,0.729,0.89,1.262,1.597,2.052,-46.444437310000005,107.71316036,Pull,False,0,823097-64-5
2026,2026-08-23,823421,63,3,607208,"Turner, Trea",R,R,CH,Changeup,14.0,0.1848814421836069,1.444557876941702,3.244578412,1.637450787,137.08,150.51,X,field_out,hit_into_play,"Trea Turner grounds out, second baseman Ramón Urías to first baseman Alec Burleson.",ground_ball,84.6,-6.0,2.0,13.0,PHI,STL,8,Bot,R,0,0,1,1,2026,0.698,0.729,0.89,1.262,1.597,2.052,29.09952386000003,119.19324696000005,Oppo,True,2,823421-63-3
2026,2026-08-23,823421,7,5,607208,"Turner, Trea",R,R,CU,Curveball,8.0,-0.198675991913256,1.7841567647241083,3.244578412,1.637450787,154.01,80.79,X,field_out,hit_into_play,Trea Turner flies out to center fielder José Fermín.,fly_ball,87.4,41.0,3.0,302.0,PHI,STL,1,Bot,R,0,0,2,2,2026,0.698,0.729,0.89,1.262,1.597,2.052,71.35123388999997,293.19142908000003,Oppo,False,2,823421-7-5
2026,2026-08-23,823421,43,4,607208,"Turner, Trea",L,R,SI,Sinker,12.0,1.168475067281399,2.904197146167094,3.244578412,1.637450787,138.61,156.08,X,field_out,hit_into_play,"Trea Turner grounds out, second baseman Ramón Urías to first baseman Alec Burleson.",ground_ball,67.7,-18.0,2.0,8.0,PHI,STL,6,Bot,R,0,0,2,1,2026,0.698,0.729,0.89,1.262,1.597,2.052,32.91790049000003,105.29235949,Oppo,True,2,823421-43-4
2026,2026-08-26,823096,66,4,607208,"Turner, Trea",R,R,SI,Sinker,2.0,0.0711287269206737,2.85911693874848,3.244578412,1.637450787,125.65,41.02,X,field_out,hit_into_play,Trea Turner flies out sharply to center fielder Julio Rodríguez.,fly_ball,100.2,26.0,6.0,390.0,SEA,PHI,9,Top,R,6,6,1,2,2026,0.698,0.729,0.89,1.262,1.597,2.052,0.5740043300000099,392.44426475000006,Straightaway,False,1,823096-66-4
2026,2026-08-26,823096,34,6,607208,"Turner, Trea",L,R,SI,Sinker,8.0,-0.1687947593673993,2.105421637198745,3.244578412,1.637450787,128.85,147.87,X,field_out,hit_into_play,"Trea Turner grounds out, second baseman Brock Rodden to first baseman Patrick Wisdom.",ground_ball,96.9,-8.0,2.0,14.0,SEA,PHI,5,Top,R,6,6,3,2,2026,0.698,0.729,0.89,1.262,1.597,2.052,8.560151529999983,125.78181840000002,Straightaway,False,1,823096-34-6
2026,2026-08-26,823096,50,1,607208,"Turner, Trea",L,R,SI,Sinker,9.0,0.7034946378335061,1.988119571081899,3.244578412,1.637450787,109.31,154.38,X,field_out,hit_into_play,"Trea Turner grounds out, shortstop J.P. Crawford to first baseman Patrick Wisdom.",ground_ball,87.3,-18.0,2.0,7.0,SEA,PHI,7,Top,R,6,6,0,0,2026,0.698,0.729,0.89,1.262,1.597,2.052,-40.20525981,109.53500019000005,Pull,False,0,823096-50-1
2026,2026-08-25,823098,59,2,607208,"Turner, Trea",R,R,SI,Sinker,6.0,0.6452349387027754,2.527144026015738,3.244578412,1.637450787,155.95,80.16,X,field_out,hit_into_play,Trea Turner lines out to center fielder Julio Rodríguez.,line_drive,85.4,25.0,3.0,305.0,SEA,PHI,8,Top,R,1,1,1,0,2026,0.698,0.729,0.89,1.262,1.597,2.052,76.19283562999998,294.76370181000004,Oppo,False,2,823098-59-2
2026,2026-08-25,823098,35,1,607208,"Turner, Trea",R,R,FF,4-Seam Fastball,9.0,0.5231843042994474,2.0239354019795863,3.244578412,1.637450787,124.06,198.76,X,field_out,hit_into_play,"Trea Turner grounds out, catcher Cal Raleigh to first baseman Josh Naylor.",ground_ball,64.6,-66.0,2.0,1.0,SEA,PHI,5,Top,R,1,1,0,0,2026,0.698,0.729,0.89,1.262,1.597,2.052,-3.394112559999999,-1.2228787899999518,Pull,False,0,823098-35-1
2026,2026-08-25,823098,19,1,607208,"Turner, Trea",R,R,ST,Sweeper,6.0,0.5189998314829979,2.7209735174406124,3.244578412,1.637450787,172.79,168.31,X,field_out,hit_into_play,Trea Turner pops out to first baseman Josh Naylor in foul territory.,popup,71.8,60.0,3.0,155.0,SEA,PHI,3,Top,R,1,1,0,0,2026,0.698,0.729,0.89,1.262,1.597,2.052,118.21993526999998,74.77030316000003,Oppo,False,2,823098-19-1
2026,2026-08-30,823987,40,6,607208,"Turner, Trea",L,R,CU,Curveball,4.0,-0.2827910912001596,2.4105292527622137,3.244578412,1.637450787,101.56,124.47,X,field_out,hit_into_play,Trea Turner pops out to shortstop Oswald Peraza.,popup,77.2,48.0,3.0,220.0,LAA,PHI,6,Top,R,1,1,2,2,2026,0.698,0.729,0.89,1.262,1.597,2.052,-59.54671006,184.18051980000004,Pull,False,0,823987-40-6
2026,2026-08-30,823987,20,2,607208,"Turner, Trea",L,R,CU,Curveball,5.0,0.1834456488935973,2.62671203399543,3.244578412,1.637450787,133.61,145.45,X,field_out,hit_into_play,Trea Turner pops out to second baseman Christian Moore.,popup,70.7,63.0,3.0,141.0,LAA,PHI,3,Top,R,1,1,0,1,2026,0.698,0.729,0.89,1.262,1.597,2.052,20.439545490000032,131.82134222000008,Straightaway,False,1,823987-20-2
2026,2026-08-30,823987,72,3,607208,"Turner, Trea",L,R,FF,4-Seam Fastball,4.0,-0.8086697658670623,2.4897575605747786,3.244578412,1.637450787,66.93,120.43,X,field_out,hit_into_play,Trea Turner flies out to left fielder Wade Meckler.,fly_ball,85.3,50.0,3.0,244.0,LAA,PHI,9,Top,R,4,4,1,1,2026,0.698,0.729,0.89,1.262,1.597,2.052,-145.97179678999998,194.26303064,Pull,False,0,823987-72-3
2026,2026-08-30,823987,58,5,607208,"Turner, Trea",L,R,CH,Changeup,12.0,1.122040420801997,2.836442087429229,3.244578412,1.637450787,181.52,116.6,X,single,hit_into_play,Trea Turner singles on a ground ball to right fielder Josh Lowe. Kyle Schwarber to 2nd.,ground_ball,92.3,-7.0,2.0,18.0,LAA,PHI,8,Top,R,2,2,2,2,2026,0.698,0.729,0.89,1.262,1.597,2.052,140.00714310000004,203.82145057000005,Oppo,True,2,823987-58-5
2026,2026-08-29,823986,35,3,607208,"Turner, Trea",R,R,ST,Sweeper,6.0,0.5079109885187005,2.4056642287776318,3.244578412,1.637450787,53.63,64.22,X,field_out,hit_into_play,Trea Turner flies out to left fielder Jose Siri.,fly_ball,99.0,27.0,6.0,376.0,LAA,PHI,5,Top,R,1,1,1,1,2026,0.698,0.729,0.89,1.262,1.597,2.052,-179.16422108999998,334.5446975500001,Pull,False,0,823986-35-3
2026,2026-08-29,823986,14,6,607208,"Turner, Trea",R,R,FC,Cutter,5.0,-0.1423652535148934,2.5452659279951586,3.244578412,1.637450787,94.37,119.83,X,field_out,hit_into_play,Trea Turner flies out to left fielder Jose Siri.,fly_ball,84.0,55.0,3.0,215.0,LAA,PHI,2,Top,R,1,1,3,2,2026,0.698,0.729,0.89,1.262,1.597,2.052,-77.49058455,195.76043324000005,Pull,False,0,823986-14-6
2026,2026-08-29,823986,73,3,607208,"Turner, Trea",R,R,CU,Curveball,5.0,0.0075419298922314,2.4825709716040265,3.244578412,1.637450787,174.25,129.92,X,single,hit_into_play,Trea Turner singles on a soft ground ball to right fielder Wade Meckler. Justin Crawford scores. Garrett Stubbs scores.,ground_ball,56.6,10.0,1.0,72.0,LAA,PHI,10,Top,R,2,4,0,2,2026,0.698,0.729,0.89,1.262,1.597,2.052,121.86361493000001,170.57911285000006,Oppo,False,2,823986-73-3
2026,2026-08-29,823986,54,3,607208,"Turner, Trea",R,R,FF,4-Seam Fastball,9.0,0.4368167833254623,1.859005261146578,3.244578412,1.637450787,122.16,168.69,X,single,hit_into_play,"Trea Turner singles on a ground ball to pitcher Trevor Martin, deflected by shortstop Zach Neto.",ground_ball,82.7,-63.0,2.0,1.0,LAA,PHI,8,Top,R,1,1,0,2,2026,0.698,0.729,0.89,1.262,1.597,2.052,-8.135887460000014,73.82194818000004,Straightaway,False,1,823986-54-3
2026,2026-08-28,823985,39,1,607208,"Turner, Trea",L,R,FF,4-Seam Fastball,6.0,0.5893970095110196,2.4099119227140973,3.244578412,1.637450787,103.99,153.55,X,field_out,hit_into_play,"Trea Turner grounds out, shortstop Zach Neto to first baseman Vaughn Grissom.",ground_ball,87.0,-6.0,2.0,20.0,LAA,PHI,6,Top,R,1,1,0,0,2026,0.698,0.729,0.89,1.262,1.597,2.052,-53.48222953000002,111.60640712,Pull,False,0,823985-39-1
2026,2026-08-28,823985,24,3,607208,"Turner, Trea",L,R,FF,4-Seam Fastball,5.0,-0.1769895004084195,2.3010865973839625,3.244578412,1.637450787,114.43,189.62,X,single,hit_into_play,Trea Turner singles on a ground ball to pitcher Reid Detmers.,ground_ball,80.4,-66.0,2.0,1.0,LAA,PHI,4,Top,R,0,0,1,1,2026,0.698,0.729,0.89,1.262,1.597,2.052,-27.42742428999999,21.587554150000017,Pull,False,0,823985-24-3
2026,2026-08-28,823985,2,8,607208,"Turner, Trea",L,R,FF,4-Seam Fastball,4.0,-0.7106947026788875,2.3946705631194494,3.244578412,1.637450787,139.14,177.59,X,field_out,hit_into_play,Trea Turner pops out to first baseman Vaughn Grissom.,popup,64.1,75.0,3.0,71.0,LAA,PHI,1,Top,R,0,0,2,2,2026,0.698,0.729,0.89,1.262,1.597,2.052,34.24060611999997,51.61047628000002,Oppo,False,2,823985-2-8
2026,2026-08-28,823985,68,2,607208,"Turner, Trea",L,R,SI,Sinker,4.0,-0.3522520727342686,2.5512686606099826,3.244578412,1.637450787,120.06,74.26,X,single,hit_into_play,Trea Turner singles on a line drive to center fielder Mike Trout. Kyle Schwarber to 2nd.,line_drive,92.6,13.0,4.0,249.0,LAA,PHI,9,Top,R,5,5,0,1,2026,0.698,0.729,0.89,1.262,1.597,2.052,-13.376796559999999,309.48816071000005,Straightaway,False,1,823985-68-2
2026,2026-09-01,825038,34,3,607208,"Turner, Trea",L,R,FC,Cutter,4.0,-0.4091099518042326,2.68582649865329,3.244578412,1.637450787,65.45,149.25,X,field_out,hit_into_play,Trea Turner pops out to shortstop Geraldo Perdomo in foul territory.,popup,95.8,62.0,3.0,195.0,AZ,PHI,5,Top,R,2,2,2,0,2026,0.698,0.729,0.89,1.262,1.597,2.052,-149.66538987,122.33779242000004,Pull,False,0,825038-34-3
2026,2026-09-01,825038,17,5,607208,"Turner, Trea",L,R,FC,Cutter,8.0,-0.2558262590230537,2.0789399449868498,3.244578412,1.637450787,124.85,184.99,X,field_out,hit_into_play,"Trea Turner grounds out, pitcher Eduardo Rodriguez to first baseman Tim Tawa.",ground_ball,75.5,-60.0,2.0,1.0,AZ,PHI,3,Top,R,2,2,2,2,2026,0.698,0.729,0.89,1.262,1.597,2.052,-1.4225324700000186,33.14251088,Straightaway,False,1,825038-17-5
2026,2026-09-01,825038,2,5,607208,"Turner, Trea",L,R,FF,4-Seam Fastball,2.0,-0.0067677283804349,3.2747835414275475,3.244578412,1.637450787,100.51,45.54,X,double,hit_into_play,Trea Turner doubles (23) on a sharp fly ball to left fielder Ryan Waldschmidt. Kyle Schwarber scores.,fly_ball,103.1,27.0,6.0,413.0,AZ,PHI,1,Top,R,0,1,2,2,2026,0.698,0.729,0.89,1.262,1.597,2.052,-62.16716460999999,381.16383183000005,Straightaway,False,1,825038-2-5
2026,2026-09-01,825038,66,6,607208,"Turner, Trea",R,R,FF,4-Seam Fastball,11.0,-0.3805446213112866,3.5704627232190598,3.244578412,1.637450787,106.59,170.28,X,field_out,hit_into_play,"Trea Turner grounds out, third baseman Nolan Arenado to first baseman Tim Tawa. Justin Crawford to 2nd.",ground_ball,96.1,2.0,4.0,69.0,AZ,PHI,8,Top,R,5,5,3,2,2026,0.698,0.729,0.89,1.262,1.597,2.052,-46.99348493,69.85383129000003,Pull,True,0,825038-66-6
2026,2026-09-01,825038,52,3,607208,"Turner, Trea",R,R,SI,Sinker,6.0,0.3249228769734729,2.5363238852782914,3.244578412,1.637450787,112.17,155.58,X,field_out,hit_into_play,"Trea Turner grounds out, shortstop Geraldo Perdomo to first baseman Tim Tawa.",ground_ball,98.6,1.0,4.0,71.0,AZ,PHI,7,Top,R,3,3,1,1,2026,0.698,0.729,0.89,1.262,1.597,2.052,-33.06764075,106.54019499,Pull,False,0,825038-52-3
2026,2026-08-31,825040,36,2,607208,"Turner, Trea",R,R,ST,Sweeper,14.0,1.1130391360903429,2.4320887509408657,3.244578412,1.637450787,144.52,172.31,X,field_out,hit_into_play,Trea Turner grounds out to first baseman Tim Tawa.,ground_ball,65.3,-23.0,2.0,6.0,AZ,PHI,5,Top,R,2,2,1,0,2026,0.698,0.729,0.89,1.262,1.597,2.052,47.66731610000002,64.78761916000002,Oppo,True,2,825040-36-2
2026,2026-08-31,825040,19,4,607208,"Turner, Trea",R,R,FF,4-Seam Fastball,3.0,0.621016891062315,3.111457079208286,3.244578412,1.637450787,201.71,103.41,X,field_out,hit_into_play,Trea Turner flies out to right fielder Corbin Carroll. Garrett Stubbs to 3rd.,fly_ball,87.0,37.0,3.0,301.0,AZ,PHI,3,Top,R,1,1,1,2,2026,0.698,0.729,0.89,1.262,1.597,2.052,190.39474059000003,236.73935106000005,Oppo,False,2,825040-19-4
2026,2026-09-02,825037,37,5,607208,"Turner, Trea",R,R,SI,Sinker,2.0,-0.2434639366821041,2.981165107234492,3.244578412,1.637450787,131.16,147.5,X,grounded_into_double_play,hit_into_play,"Trea Turner grounds into a double play, second baseman Ildemaro Vargas to first baseman Tim Tawa. Bryan De La Cruz out at 2nd. Trea Turner out at 1st.",ground_ball,76.2,-10.0,2.0,15.0,AZ,PHI,6,Top,R,0,0,3,1,2026,0.698,0.729,0.89,1.262,1.597,2.052,14.325151539999988,126.70521667000004,Straightaway,False,1,825037-37-5
2026,2026-09-07,823415,40,2,607208,"Turner, Trea",R,R,FF,4-Seam Fastball,1.0,-0.482997187633059,3.1518976808605643,3.244578412,1.637450787,91.59,48.0,X,double,hit_into_play,Trea Turner doubles (26) on a sharp line drive to left fielder Mauricio Dubón.,line_drive,105.9,17.0,5.0,353.0,PHI,ATL,6,Bot,R,0,0,0,1,2026,0.698,0.729,0.89,1.262,1.597,2.052,-84.42854993,375.02448117000006,Pull,False,0,823415-40-2
2026,2026-09-07,823415,55,4,607208,"Turner, Trea",R,R,SL,Slider,4.0,-0.4112456387789007,2.4100299599259603,3.244578412,1.637450787,99.88,168.8,X,field_out,hit_into_play,"Trea Turner grounds out, third baseman Austin Riley to first baseman Matt Olson.",ground_ball,96.6,1.0,4.0,56.0,PHI,ATL,8,Bot,R,1,1,1,2,2026,0.698,0.729,0.89,1.262,1.597,2.052,-63.73943734000002,73.54742437,Pull,False,0,823415-55-4
2026,2026-09-07,823415,5,2,607208,"Turner, Trea",R,R,FF,4-Seam Fastball,3.0,0.3258416772881837,2.924733318270797,3.244578412,1.637450787,191.93,73.74,X,field_out,hit_into_play,Trea Turner flies out to right fielder Lane Thomas.,fly_ball,95.8,33.0,5.0,350.0,PHI,ATL,1,Bot,R,0,0,0,1,2026,0.698,0.729,0.89,1.262,1.597,2.052,165.98707821000002,310.78590963000005,Oppo,False,2,823415-5-2
2026,2026-09-06,823417,36,4,607208,"Turner, Trea",R,R,FS,Split-Finger,8.0,-0.1695534714953723,1.962448829607763,3.244578412,1.637450787,110.82,166.18,X,field_out,hit_into_play,"Trea Turner grounds out sharply, shortstop Mauricio Dubón to first baseman Matt Olson.",ground_ball,104.3,-12.0,2.0,9.0,PHI,ATL,5,Bot,R,2,2,0,2,2026,0.698,0.729,0.89,1.262,1.597,2.052,-36.43679660000002,80.08608239000002,Pull,False,0,823417-36-4
2026,2026-09-06,823417,20,4,607208,"Turner, Trea",R,R,FS,Split-Finger,5.0,-0.0397002900160714,2.4285770992966724,3.244578412,1.637450787,32.06,110.06,X,double,hit_into_play,Trea Turner doubles (25) on a line drive to left fielder Mike Yastrzemski.,line_drive,93.9,22.0,3.0,317.0,PHI,ATL,3,Bot,R,2,2,2,1,2026,0.698,0.729,0.89,1.262,1.597,2.052,-232.99584456000002,220.14313891000003,Pull,False,0,823417-20-4
2026,2026-09-06,823417,54,6,607208,"Turner, Trea",L,R,FC,Cutter,4.0,-0.3590211225231449,2.486374651000197,3.244578412,1.637450787,75.96,157.6,X,field_out,hit_into_play,Trea Turner pops out to shortstop Mauricio Dubón in foul territory.,popup,85.9,62.0,3.0,162.0,PHI,ATL,7,Bot,R,4,4,2,2,2026,0.698,0.729,0.89,1.262,1.597,2.052,-123.43588766000003,101.49893957000005,Pull,False,0,823417-54-6
2026,2026-09-06,823417,5,2,607208,"Turner, Trea",R,R,FS,Split-Finger,8.0,0.2684600156362864,1.9067438377845964,3.244578412,1.637450787,145.78,142.7,X,fielders_choice,hit_into_play,"Trea Turner reaches on a fielder's choice. Kyle Schwarber to 3rd. Trea Turner to 2nd. Kyle Schwarber advances to 3rd, on a throwing error by shortstop Mauricio Dubón.",ground_ball,97.2,-14.0,2.0,7.0,PHI,ATL,1,Bot,R,0,0,0,1,2026,0.698,0.729,0.89,1.262,1.597,2.052,50.811861560000004,138.68443747000006,Oppo,False,2,823417-5-2
2026,2026-09-05,823419,37,6,607208,"Turner, Trea",L,R,FC,Cutter,2.0,-0.076929279735104,3.0522669739403767,3.244578412,1.637450787,116.95,64.37,X,field_out,hit_into_play,Trea Turner flies out to center fielder Michael Harris II.,fly_ball,93.9,35.0,3.0,335.0,PHI,ATL,4,Bot,R,4,4,3,2,2026,0.698,0.729,0.89,1.262,1.597,2.052,-21.138333369999998,334.1703469,Straightaway,False,1,823419-37-6
2026,2026-09-05,823419,20,2,607208,"Turner, Trea",L,R,CH,Changeup,6.0,0.4721693863798613,2.1587595110765285,3.244578412,1.637450787,111.31,77.67,X,single,hit_into_play,Trea Turner singles on a line drive to center fielder Michael Harris II.,line_drive,99.0,10.0,4.0,239.0,PHI,ATL,2,Bot,R,3,3,0,1,2026,0.698,0.729,0.89,1.262,1.597,2.052,-35.21391781,300.97792260000006,Straightaway,False,1,823419-20-2
2026,2026-09-05,823419,68,3,607208,"Turner, Trea",L,R,CH,Changeup,14.0,0.9001148948963249,1.6633551616544753,3.244578412,1.637450787,128.01,166.23,X,field_out,hit_into_play,"Trea Turner grounds out, pitcher Brent Suter to first baseman Matt Olson.",ground_ball,70.2,1.0,2.0,40.0,PHI,ATL,8,Bot,R,4,4,0,2,2026,0.698,0.729,0.89,1.262,1.597,2.052,6.463787889999973,79.96129884000005,Straightaway,True,1,823419-68-3
2026,2026-09-05,823419,52,1,607208,"Turner, Trea",L,R,FF,4-Seam Fastball,12.0,0.0106494433628818,3.460311452776975,3.244578412,1.637450787,157.96,192.09,X,field_out,hit_into_play,Trea Turner pops out to first baseman Matt Olson in foul territory.,popup,87.9,77.0,3.0,77.0,PHI,ATL,6,Bot,R,4,4,0,0,2026,0.698,0.729,0.89,1.262,1.597,2.052,81.20913434000002,15.423246780000019,Oppo,True,2,823419-52-1
2026,2026-09-04,823418,42,2,607208,"Turner, Trea",L,R,FF,4-Seam Fastball,11.0,-0.0713376832182115,3.462131582082252,3.244578412,1.637450787,45.26,112.26,X,double,hit_into_play,Trea Turner doubles (24) on a sharp line drive to left fielder Lane Thomas. J.T. Realmuto to 3rd.,line_drive,101.6,12.0,4.0,189.0,PHI,ATL,5,Bot,R,2,2,0,1,2026,0.698,0.729,0.89,1.262,1.597,2.052,-200.05298736,214.65266271000002,Pull,True,0,823418-42-2
2026,2026-09-04,823418,25,2,607208,"Turner, Trea",L,R,CH,Changeup,5.0,0.1807382445300496,2.2497342938336966,3.244578412,1.637450787,105.92,41.05,X,field_out,hit_into_play,Trea Turner flies out sharply to center fielder Mauricio Dubón.,fly_ball,100.6,27.0,6.0,393.0,PHI,ATL,3,Bot,R,1,1,1,0,2026,0.698,0.729,0.89,1.262,1.597,2.052,-48.6655845,392.3693946200001,Straightaway,False,1,823418-25-2
2026,2026-09-04,823418,64,2,607208,"Turner, Trea",R,R,FF,4-Seam Fastball,11.0,-0.9238485707566578,3.3952497013899228,3.244578412,1.637450787,44.23,115.03,X,field_out,hit_into_play,Trea Turner flies out to left fielder Mike Yastrzemski.,fly_ball,80.7,41.0,3.0,287.0,PHI,ATL,8,Bot,R,2,2,1,0,2026,0.698,0.729,0.89,1.262,1.597,2.052,-202.62352849,207.73965404000003,Pull,True,0,823418-64-2
2026,2026-09-04,823418,6,3,607208,"Turner, Trea",L,R,FF,4-Seam Fastball,2.0,-0.2372378898807812,2.974130911869767,3.244578412,1.637450787,143.03,200.95,X,field_out,hit_into_play,Trea Turner pops out to first baseman Matt Olson in foul territory.,popup,85.5,82.0,3.0,42.0,PHI,ATL,1,Bot,R,0,0,1,1,2026,0.698,0.729,0.89,1.262,1.597,2.052,43.94876631,-6.688398279999946,Oppo,False,2,823418-6-3
2026,2026-09-08,823414,50,2,607208,"Turner, Trea",R,R,FC,Cutter,1.0,-0.2765090618062876,2.942180409177854,3.244578412,1.637450787,41.62,78.98,X,home_run,hit_into_play,Trea Turner homers (18) on a fly ball to left field. Kyle Schwarber scores.,fly_ball,97.0,40.0,3.0,362.0,PHI,HOU,6,Bot,R,1,3,1,0,2026,0.698,0.729,0.89,1.262,1.597,2.052,-209.13722980000006,297.70859359,Pull,False,0,823414-50-2
2026,2026-09-08,823414,33,2,607208,"Turner, Trea",R,R,FC,Cutter,9.0,0.8118603452647469,2.1171572547635416,3.244578412,1.637450787,144.97,96.11,X,field_out,hit_into_play,Trea Turner lines out to center fielder Daulton Varsho.,line_drive,76.0,27.0,4.0,262.0,PHI,HOU,4,Bot,R,0,0,0,1,2026,0.698,0.729,0.89,1.262,1.597,2.052,48.79036805,254.95774936000004,Straightaway,False,1,823414-33-2
2026,2026-09-08,823414,67,5,607208,"Turner, Trea",R,R,FF,4-Seam Fastball,5.0,0.1385833488997879,2.591693722794685,3.244578412,1.637450787,93.53,46.58,X,double,hit_into_play,Trea Turner doubles (27) on a sharp line drive to left fielder Taylor Trammell.,line_drive,102.6,20.0,5.0,384.0,PHI,HOU,8,Bot,R,4,4,3,1,2026,0.698,0.729,0.89,1.262,1.597,2.052,-79.58694819,378.56833399000004,Straightaway,False,1,823414-67-5
2026,2026-09-09,823416,43,1,607208,"Turner, Trea",R,R,SL,Slider,2.0,-0.1375112200287665,2.871402065545939,3.244578412,1.637450787,189.49,61.65,X,home_run,hit_into_play,Trea Turner homers (19) on a fly ball to right center field.,fly_ball,101.0,23.0,6.0,374.0,PHI,HOU,5,Bot,R,4,5,0,0,2026,0.698,0.729,0.89,1.262,1.597,2.052,159.89764097000003,340.95857202,Oppo,False,2,823416-43-1
2026,2026-09-09,823416,26,4,607208,"Turner, Trea",R,R,KC,Knuckle Curve,12.0,1.148895073791451,2.519976421532471,3.244578412,1.637450787,167.24,111.97,X,single,hit_into_play,Trea Turner singles on a ground ball to right fielder Cam Smith. J.T. Realmuto scores. Bryan De La Cruz to 3rd.,ground_ball,81.4,7.0,2.0,100.0,PHI,HOU,3,Bot,R,0,1,1,2,2026,0.698,0.729,0.89,1.262,1.597,2.052,104.36896122000003,215.37640730000004,Oppo,True,2,823416-26-4
2026,2026-09-09,823416,5,5,607208,"Turner, Trea",R,R,SI,Sinker,4.0,-0.3873740781683525,2.58108144113939,3.244578412,1.637450787,150.29,150.31,X,field_out,hit_into_play,"Trea Turner grounds out, second baseman Jose Altuve to first baseman Christian Walker.",ground_ball,84.9,-19.0,2.0,7.0,PHI,HOU,1,Bot,R,0,0,2,2,2026,0.698,0.729,0.89,1.262,1.597,2.052,62.06733776999998,119.69238116000002,Oppo,False,2,823416-5-5
2026,2026-09-09,823416,55,2,607208,"Turner, Trea",R,R,FF,4-Seam Fastball,6.0,0.435118624200111,2.1393879149746406,3.244578412,1.637450787,188.64,77.57,X,field_out,hit_into_play,Trea Turner lines out to right fielder Cam Smith.,line_drive,99.6,22.0,5.0,338.0,PHI,HOU,6,Bot,R,11,11,1,0,2026,0.698,0.729,0.89,1.262,1.597,2.052,157.77632061999998,301.2274897000001,Oppo,False,2,823416-55-2
