player_name,batter,game_year,stand,plate_apps,pitches,at_bats,hits,walks,unint_walks,hbp,strikeouts,sf,singles,doubles,triples,hrs,bip,ba,obp,slg,ops,iso,krate,bbrate,babip,woba,swings,whiffs,whiff_rate,chases,ooz,chase_rate,bips,hard_hits,hard_hit_rate,bips_barrel,barrels,barrel_rate,runs_created,rc_per_pa,floor,in_population
"Alfaro, Jorge",595751,2016,R,17,65,16,2,1,0,0,8,0,2,0,0,0,8,0.125,0.17647058823529413,0.125,0.30147058823529416,0.0,0.47058823529411764,0.058823529411764705,0.25,0.10975,27.0,14.0,0.5185185185185185,14.0,44.0,0.3181818181818182,8.0,1.0,0.125,8.0,0.0,0.0,0,0.0,12,True
"Alfaro, Jorge",595751,2017,R,113,391,107,34,2,2,4,33,0,23,6,0,5,74,0.3177570093457944,0.35398230088495575,0.514018691588785,0.8680009924737407,0.19626168224299062,0.2920353982300885,0.017699115044247787,0.42028985507246375,0.3693893805309734,242.0,90.0,0.371900826446281,84.0,199.0,0.4221105527638191,74.0,27.0,0.36486486486486486,74.0,7.0,0.0945945945945946,14,0.12389380530973451,12,True
"Alfaro, Jorge",595751,2018,R,371,1334,344,90,12,12,14,138,1,62,16,2,10,207,0.2616279069767442,0.31266846361185985,0.4069767441860465,0.7196452077979063,0.1453488372093023,0.3719676549865229,0.03234501347708895,0.40609137055837563,0.31357951482479784,815.0,345.0,0.4233128834355828,285.0,658.0,0.4331306990881459,207.0,91.0,0.4396135265700483,207.0,22.0,0.10628019323671498,40,0.1078167115902965,12,True
"Altherr, Aaron",571437,2015,R,161,638,137,33,16,16,5,41,2,13,11,4,5,99,0.24087591240875914,0.3375,0.48905109489051096,0.826551094890511,0.24817518248175183,0.2546583850931677,0.09937888198757763,0.3010752688172043,0.35344999999999993,263.0,67.0,0.25475285171102663,71.0,331.0,0.21450151057401812,99.0,43.0,0.43434343434343436,99.0,3.0,0.030303030303030304,24,0.14906832298136646,12,True
"Altherr, Aaron",571437,2016,R,227,929,198,39,23,21,6,69,0,29,6,0,4,129,0.19696969696969696,0.29955947136563876,0.2878787878787879,0.5874382592444267,0.09090909090909094,0.3039647577092511,0.1013215859030837,0.28,0.26582666666666666,402.0,116.0,0.2885572139303483,136.0,489.0,0.278118609406953,129.0,45.0,0.3488372093023256,129.0,4.0,0.031007751937984496,24,0.10572687224669604,12,True
"Altherr, Aaron",571437,2017,R,410,1593,372,101,30,30,7,104,1,53,24,5,19,269,0.271505376344086,0.33658536585365856,0.5161290322580645,0.8527143981117231,0.2446236559139785,0.25365853658536586,0.07317073170731707,0.328,0.35921951219512194,708.0,212.0,0.2994350282485876,207.0,811.0,0.25524044389642414,269.0,116.0,0.4312267657992565,269.0,28.0,0.10408921933085502,68,0.16585365853658537,12,True
"Altherr, Aaron",571437,2018,R,285,1155,243,44,36,36,4,91,2,24,11,1,8,154,0.18106995884773663,0.29473684210526313,0.3333333333333333,0.6280701754385964,0.15226337448559668,0.3192982456140351,0.12631578947368421,0.2465753424657534,0.2820456140350877,518.0,170.0,0.3281853281853282,132.0,581.0,0.22719449225473323,154.0,70.0,0.45454545454545453,154.0,15.0,0.09740259740259741,41,0.14385964912280702,12,True
"Altherr, Aaron",571437,2019,R,30,122,29,1,1,1,0,9,0,0,1,0,0,20,0.034482758620689655,0.06666666666666667,0.06896551724137931,0.135632183908046,0.034482758620689655,0.3,0.03333333333333333,0.05,0.06356666666666667,66.0,19.0,0.2878787878787879,18.0,56.0,0.32142857142857145,20.0,5.0,0.25,20.0,1.0,0.05,1,0.03333333333333333,12,True
"Alvarado, José",621237,2022,L,1,5,1,0,0,0,0,1,0,0,0,0,0,0,0.0,0.0,0.0,0.0,0.0,1.0,0.0,,0.0,,,,0.0,2.0,0.0,,,,,,,0,0.0,11,False
"Alvarez III, Henderson",506693,2017,R,6,17,6,0,0,0,0,2,0,0,0,0,0,4,0.0,0.0,0.0,0.0,0.0,0.3333333333333333,0.0,0.0,0.0,13.0,5.0,0.38461538461538464,8.0,10.0,0.8,4.0,2.0,0.5,4.0,0.0,0.0,1,0.16666666666666666,12,False
"Anderson, Chase",502624,2021,R,14,43,11,0,0,0,0,6,0,0,0,0,0,8,0.0,0.0,0.0,0.0,0.0,0.42857142857142855,0.0,0.0,0.0,24.0,12.0,0.5,9.0,19.0,0.47368421052631576,8.0,1.0,0.125,8.0,0.0,0.0,2,0.14285714285714285,12,True
"Anderson, Drew",623454,2018,R,4,12,3,0,0,0,0,1,0,0,0,0,0,3,0.0,0.0,0.0,0.0,0.0,0.25,0.0,0.0,0.0,8.0,3.0,0.375,3.0,5.0,0.6,3.0,1.0,0.3333333333333333,3.0,0.0,0.0,0,0.0,12,False
"Anderson, Drew",623454,2019,R,1,4,1,0,0,0,0,1,0,0,0,0,0,0,0.0,0.0,0.0,0.0,0.0,1.0,0.0,,0.0,2.0,2.0,1.0,1.0,2.0,0.5,,,,,,,0,0.0,12,False
"Araujo, Elvis",542587,2015,L,1,4,1,0,0,0,0,1,0,0,0,0,0,0,0.0,0.0,0.0,0.0,0.0,1.0,0.0,,0.0,2.0,1.0,0.5,0.0,1.0,0.0,,,,,,,0,0.0,11,False
"Arraez, Luis",650333,2026,L,62,235,59,14,2,2,0,2,1,9,4,0,1,57,0.23728813559322035,0.25806451612903225,0.3559322033898305,0.6139967195188627,0.11864406779661016,0.03225806451612903,0.03225806451612903,0.22807017543859648,0.26582258064516123,115.0,8.0,0.06956521739130435,43.0,128.0,0.3359375,57.0,9.0,0.15789473684210525,57.0,1.0,0.017543859649122806,9,0.14516129032258066,11,True
"Arrieta, Jake",453562,2018,R,50,206,45,6,3,3,0,27,0,5,0,0,1,20,0.13333333333333333,0.1875,0.2,0.3875,0.06666666666666668,0.54,0.06,0.29411764705882354,0.1771041666666667,81.0,37.0,0.4567901234567901,24.0,101.0,0.2376237623762376,20.0,5.0,0.25,20.0,0.0,0.0,3,0.06,12,True
"Arrieta, Jake",453562,2019,R,50,186,45,7,1,1,0,19,0,6,1,0,0,30,0.15555555555555556,0.17391304347826086,0.17777777777777778,0.3516908212560387,0.022222222222222227,0.38,0.02,0.2692307692307692,0.15493478260869567,82.0,29.0,0.35365853658536583,28.0,86.0,0.32558139534883723,30.0,8.0,0.26666666666666666,30.0,0.0,0.0,5,0.1,12,True
"Asche, Cody",605125,2015,L,457,1722,426,104,26,23,4,111,1,67,22,3,12,315,0.24413145539906103,0.29321663019693656,0.39436619718309857,0.6875828273800351,0.15023474178403753,0.24288840262582057,0.05689277899343545,0.3026315789473684,0.29712334801762114,835.0,207.0,0.24790419161676647,272.0,903.0,0.301218161683278,315.0,104.0,0.33015873015873015,315.0,18.0,0.05714285714285714,41,0.08971553610503283,11,True
"Asche, Cody",605125,2016,L,218,914,197,42,18,18,2,54,1,23,15,0,4,144,0.2131979695431472,0.28440366972477066,0.350253807106599,0.6346574768313696,0.13705583756345177,0.24770642201834864,0.08256880733944955,0.2714285714285714,0.2787339449541284,409.0,81.0,0.1980440097799511,126.0,486.0,0.25925925925925924,144.0,43.0,0.2986111111111111,144.0,5.0,0.034722222222222224,20,0.09174311926605505,11,True
"Asher, Alec",594742,2015,R,6,25,6,2,0,0,0,3,0,1,1,0,0,3,0.3333333333333333,0.3333333333333333,0.5,0.8333333333333333,0.16666666666666669,0.5,0.0,0.6666666666666666,0.3561666666666667,11.0,5.0,0.45454545454545453,3.0,9.0,0.3333333333333333,3.0,2.0,0.6666666666666666,3.0,0.0,0.0,0,0.0,12,False
"Asher, Alec",594742,2016,R,11,47,11,1,0,0,0,6,0,1,0,0,0,5,0.09090909090909091,0.09090909090909091,0.09090909090909091,0.18181818181818182,0.0,0.5454545454545454,0.0,0.2,0.07981818181818182,17.0,8.0,0.47058823529411764,5.0,18.0,0.2777777777777778,5.0,0.0,0.0,5.0,0.0,0.0,2,0.18181818181818182,12,False
"Aumont, Phillippe",518418,2015,L,1,6,0,0,1,1,0,0,0,0,0,0,0,0,,1.0,,,,0.0,1.0,,0.687,,,,0.0,5.0,0.0,,,,,,,0,0.0,11,False
"Bader, Harrison",664056,2025,R,198,731,179,55,12,12,5,56,2,38,11,1,5,125,0.30726256983240224,0.36363636363636365,0.46368715083798884,0.8273235144743525,0.1564245810055866,0.2828282828282828,0.06060606060606061,0.4166666666666667,0.3583787878787879,375.0,106.0,0.2826666666666667,134.0,384.0,0.3489583333333333,125.0,51.0,0.408,125.0,10.0,0.08,17,0.08585858585858586,12,True
"Bautista, José",430832,2018,R,57,262,45,11,11,11,1,15,0,5,4,0,2,30,0.24444444444444444,0.40350877192982454,0.4666666666666667,0.8701754385964913,0.22222222222222224,0.2631578947368421,0.19298245614035087,0.32142857142857145,0.3817543859649123,100.0,31.0,0.31,26.0,145.0,0.1793103448275862,30.0,13.0,0.43333333333333335,30.0,2.0,0.06666666666666667,6,0.10526315789473684,12,True
"Berroa, Steward",672642,2026,L,2,3,2,1,0,0,0,0,0,1,0,0,0,2,0.5,0.5,0.5,1.0,0.0,0.0,0.0,0.5,0.4445,2.0,0.0,0.0,1.0,1.0,1.0,2.0,0.0,0.0,2.0,0.0,0.0,1,0.5,11,False
"Berroa, Steward",672642,2026,R,5,20,5,0,0,0,0,4,0,0,0,0,0,1,0.0,0.0,0.0,0.0,0.0,0.8,0.0,0.0,0.0,11.0,1.0,0.09090909090909091,3.0,7.0,0.42857142857142855,1.0,0.0,0.0,1.0,0.0,0.0,0,0.0,12,False
"Billingsley, Chad",451532,2015,R,14,45,13,1,0,0,0,5,0,0,0,0,1,9,0.07692307692307693,0.07692307692307693,0.3076923076923077,0.38461538461538464,0.23076923076923078,0.35714285714285715,0.0,0.0,0.15884615384615383,19.0,6.0,0.3157894736842105,8.0,22.0,0.36363636363636365,9.0,2.0,0.2222222222222222,9.0,0.0,0.0,1,0.07142857142857142,12,True
"Blanco, Andrés",433217,2015,L,166,642,147,38,15,15,2,31,0,19,12,3,4,118,0.2585034013605442,0.3353658536585366,0.46258503401360546,0.7979508876721421,0.20408163265306123,0.18674698795180722,0.09036144578313253,0.30357142857142855,0.34508536585365857,295.0,71.0,0.24067796610169492,93.0,343.0,0.27113702623906705,118.0,32.0,0.2711864406779661,118.0,7.0,0.059322033898305086,17,0.10240963855421686,11,True
"Blanco, Andrés",433217,2015,R,95,366,86,30,6,6,2,13,0,17,10,0,3,74,0.3488372093023256,0.40425531914893614,0.5697674418604651,0.9740227610094012,0.22093023255813954,0.1368421052631579,0.06315789473684211,0.38571428571428573,0.4179787234042553,192.0,36.0,0.1875,69.0,192.0,0.359375,74.0,19.0,0.25675675675675674,74.0,3.0,0.04054054054054054,9,0.09473684210526316,12,True
"Blanco, Andrés",433217,2016,L,167,624,152,40,8,8,7,31,0,23,12,1,4,121,0.2631578947368421,0.32934131736526945,0.4342105263157895,0.7635518436810589,0.1710526315789474,0.18562874251497005,0.04790419161676647,0.3076923076923077,0.33114970059880244,330.0,79.0,0.23939393939393938,125.0,357.0,0.35014005602240894,121.0,44.0,0.36363636363636365,121.0,3.0,0.024793388429752067,21,0.12574850299401197,11,True
"Blanco, Andrés",433217,2016,R,42,162,38,8,3,3,0,10,1,5,3,0,0,29,0.21052631578947367,0.2619047619047619,0.2894736842105263,0.5513784461152882,0.07894736842105265,0.23809523809523808,0.07142857142857142,0.27586206896551724,0.24259523809523809,87.0,32.0,0.367816091954023,27.0,86.0,0.313953488372093,29.0,9.0,0.3103448275862069,29.0,0.0,0.0,2,0.047619047619047616,12,True
"Blanco, Andrés",433217,2017,L,102,396,89,17,11,11,0,24,2,13,2,0,2,67,0.19101123595505617,0.27450980392156865,0.2808988764044944,0.555408680326063,0.08988764044943823,0.23529411764705882,0.10784313725490197,0.23076923076923078,0.24949019607843137,209.0,64.0,0.3062200956937799,51.0,187.0,0.2727272727272727,67.0,16.0,0.23880597014925373,67.0,2.0,0.029850746268656716,12,0.11764705882352941,11,True
"Blanco, Andrés",433217,2017,R,42,157,41,8,1,1,0,10,0,5,2,0,1,31,0.1951219512195122,0.21428571428571427,0.3170731707317073,0.5313588850174216,0.12195121951219512,0.23809523809523808,0.023809523809523808,0.23333333333333334,0.22671428571428573,87.0,25.0,0.28735632183908044,29.0,75.0,0.38666666666666666,31.0,7.0,0.22580645161290322,31.0,1.0,0.03225806451612903,2,0.047619047619047616,12,True
"Bogusevic, Brian",460131,2015,L,61,246,58,15,3,3,0,21,0,10,3,0,2,37,0.25862068965517243,0.29508196721311475,0.41379310344827586,0.7088750706613907,0.15517241379310343,0.3442622950819672,0.04918032786885246,0.37142857142857144,0.3076885245901639,120.0,39.0,0.325,46.0,140.0,0.32857142857142857,37.0,12.0,0.32432432432432434,37.0,1.0,0.02702702702702703,5,0.08196721311475409,11,True
"Bohm, Alec",664761,2020,R,180,661,160,54,16,16,2,36,2,39,11,0,4,126,0.3375,0.4,0.48125,0.8812500000000001,0.14375,0.2,0.08888888888888889,0.4098360655737705,0.38117222222222225,314.0,79.0,0.2515923566878981,85.0,340.0,0.25,126.0,59.0,0.46825396825396826,126.0,13.0,0.10317460317460317,26,0.14444444444444443,12,True
"Bohm, Alec",664761,2021,R,417,1673,380,94,31,31,2,111,4,72,15,0,7,273,0.24736842105263157,0.30455635491606714,0.34210526315789475,0.6466616180739619,0.09473684210526317,0.26618705035971224,0.07434052757793765,0.32706766917293234,0.2850431654676259,818.0,218.0,0.2665036674816626,224.0,861.0,0.2601626016260163,273.0,135.0,0.4945054945054945,273.0,18.0,0.06593406593406594,52,0.12470023980815348,12,True
"Bohm, Alec",664761,2022,R,695,2518,645,177,33,33,6,126,11,131,29,3,14,529,0.2744186046511628,0.3107913669064748,0.3937984496124031,0.704589816518878,0.11937984496124032,0.18129496402877698,0.04748201438848921,0.31589147286821706,0.30682158273381294,1295.0,281.0,0.21698841698841698,417.0,1307.0,0.3190512624330528,529.0,230.0,0.43478260869565216,529.0,36.0,0.06805293005671077,86,0.1237410071942446,12,True
"Bohm, Alec",664761,2023,R,663,2436,604,164,47,47,6,103,6,109,34,0,21,507,0.271523178807947,0.3273001508295626,0.43211920529801323,0.7594193561275758,0.1605960264900662,0.15535444947209653,0.07088989441930618,0.294238683127572,0.32834841628959277,1211.0,228.0,0.18827415359207267,363.0,1206.0,0.3009950248756219,507.0,209.0,0.41222879684418146,507.0,29.0,0.05719921104536489,106,0.15987933634992457,12,True
"Bohm, Alec",664761,2024,R,619,2161,568,156,39,39,6,86,6,95,44,2,15,487,0.2746478873239437,0.3247172859450727,0.43838028169014087,0.7630975676352136,0.1637323943661972,0.13893376413570274,0.0630048465266559,0.29809725158562367,0.3297043618739903,1075.0,188.0,0.17488372093023255,290.0,1057.0,0.27436140018921473,487.0,220.0,0.4517453798767967,487.0,33.0,0.06776180698151951,99,0.15993537964458804,12,True
"Bohm, Alec",664761,2025,R,520,1861,476,137,33,33,5,83,6,105,18,3,11,399,0.28781512605042014,0.33653846153846156,0.40756302521008403,0.7441014867485456,0.11974789915966388,0.1596153846153846,0.06346153846153846,0.3247422680412371,0.32445769230769234,888.0,132.0,0.14864864864864866,221.0,862.0,0.25638051044083526,399.0,186.0,0.46616541353383456,399.0,26.0,0.06516290726817042,62,0.11923076923076924,12,True
"Bohm, Alec",664761,2026,R,495,1802,450,108,32,31,8,69,5,73,21,0,14,383,0.24,0.298989898989899,0.38,0.678989898989899,0.14,0.1393939393939394,0.06464646464646465,0.25268817204301075,0.29846761133603233,835.0,134.0,0.16047904191616766,231.0,899.0,0.25695216907675195,383.0,162.0,0.42297650130548303,383.0,22.0,0.057441253263707574,71,0.14343434343434344,12,True
"Bonifacio, Jorge",593528,2021,R,12,46,11,1,1,1,0,6,0,1,0,0,0,5,0.09090909090909091,0.16666666666666666,0.09090909090909091,0.25757575757575757,0.0,0.5,0.08333333333333333,0.2,0.13091666666666665,24.0,12.0,0.5,10.0,26.0,0.38461538461538464,5.0,1.0,0.2,5.0,0.0,0.0,2,0.16666666666666666,12,False
"Bour, Justin",571506,2018,L,54,223,49,11,4,4,1,13,0,7,3,0,1,36,0.22448979591836735,0.2962962962962963,0.3469387755102041,0.6432350718065003,0.12244897959183673,0.24074074074074073,0.07407407407407407,0.2857142857142857,0.28540740740740744,108.0,27.0,0.25,41.0,115.0,0.3565217391304348,36.0,13.0,0.3611111111111111,36.0,3.0,0.08333333333333333,5,0.09259259259259259,11,True
"Bourjos, Peter",488721,2016,R,383,1332,355,89,17,15,4,91,1,57,20,7,5,271,0.2507042253521127,0.2917771883289125,0.38873239436619716,0.6805095826951096,0.1380281690140845,0.23759791122715404,0.044386422976501305,0.3230769230769231,0.29118133333333335,722.0,206.0,0.2853185595567867,241.0,677.0,0.3559822747415066,271.0,89.0,0.3284132841328413,271.0,7.0,0.025830258302583026,26,0.06788511749347259,12,True
"Bradley, Archie",605151,2021,R,1,4,1,0,0,0,0,1,0,0,0,0,0,0,0.0,0.0,0.0,0.0,0.0,1.0,0.0,,0.0,,,,0.0,1.0,0.0,,,,,,,0,0.0,12,False
"Brantly, Rob",542963,2019,L,1,3,1,0,0,0,0,1,0,0,0,0,0,0,0.0,0.0,0.0,0.0,0.0,1.0,0.0,,0.0,2.0,2.0,1.0,2.0,2.0,1.0,,,,,,,0,0.0,11,False
"Brown, Domonic",502126,2015,L,204,773,189,43,14,14,1,36,0,31,6,1,5,153,0.2275132275132275,0.28431372549019607,0.3492063492063492,0.6335200746965453,0.12169312169312169,0.17647058823529413,0.06862745098039216,0.25675675675675674,0.27991176470588236,389.0,84.0,0.2159383033419023,135.0,412.0,0.3276699029126214,153.0,43.0,0.28104575163398693,153.0,7.0,0.0457516339869281,27,0.1323529411764706,11,True
"Bruce, Jay",457803,2019,L,149,512,145,32,3,3,0,29,1,14,6,0,12,117,0.2206896551724138,0.2348993288590604,0.5103448275862069,0.7452441564452673,0.2896551724137931,0.19463087248322147,0.020134228187919462,0.19047619047619047,0.30088590604026844,309.0,92.0,0.2977346278317152,123.0,283.0,0.43462897526501765,117.0,50.0,0.42735042735042733,117.0,11.0,0.09401709401709402,34,0.22818791946308725,11,True
"Bruce, Jay",457803,2020,L,102,413,96,19,6,6,0,24,0,7,4,2,6,72,0.19791666666666666,0.24509803921568626,0.46875,0.7138480392156863,0.27083333333333337,0.23529411764705882,0.058823529411764705,0.19696969696969696,0.2972254901960784,222.0,64.0,0.2882882882882883,61.0,220.0,0.2772727272727273,72.0,28.0,0.3888888888888889,72.0,7.0,0.09722222222222222,15,0.14705882352941177,11,True
"Buchanan, David",571527,2015,R,23,86,20,4,2,2,0,8,0,3,1,0,0,13,0.2,0.2727272727272727,0.25,0.5227272727272727,0.04999999999999999,0.34782608695652173,0.08695652173913043,0.3333333333333333,0.23968181818181816,36.0,12.0,0.3333333333333333,15.0,45.0,0.3333333333333333,13.0,0.0,0.0,13.0,0.0,0.0,2,0.08695652173913043,12,True
"Buchholz, Clay",453329,2017,L,2,10,2,0,0,0,0,2,0,0,0,0,0,0,0.0,0.0,0.0,0.0,0.0,1.0,0.0,,0.0,3.0,3.0,1.0,2.0,7.0,0.2857142857142857,,,,,,,0,0.0,11,False
"Burriss, Emmanuel",502034,2016,L,42,137,37,5,2,2,2,7,0,3,1,1,0,31,0.13513513513513514,0.21951219512195122,0.21621621621621623,0.4357284113381674,0.08108108108108109,0.16666666666666666,0.047619047619047616,0.16666666666666666,0.2016829268292683,69.0,18.0,0.2608695652173913,25.0,80.0,0.3125,31.0,8.0,0.25806451612903225,31.0,0.0,0.0,0,0.0,11,True
"Burriss, Emmanuel",502034,2016,R,8,38,8,0,0,0,0,3,0,0,0,0,0,5,0.0,0.0,0.0,0.0,0.0,0.375,0.0,0.0,0.0,25.0,7.0,0.28,7.0,17.0,0.4117647058823529,5.0,0.0,0.0,5.0,0.0,0.0,0,0.0,12,False
"Cabrera, Asdrúbal",452678,2018,L,141,504,130,30,9,9,2,31,0,15,10,0,5,99,0.23076923076923078,0.2907801418439716,0.4230769230769231,0.7138570649208946,0.1923076923076923,0.2198581560283688,0.06382978723404255,0.26595744680851063,0.30833333333333335,258.0,68.0,0.26356589147286824,78.0,256.0,0.3046875,99.0,34.0,0.3434343434343434,99.0,8.0,0.08080808080808081,14,0.09929078014184398,11,True
"Cabrera, Asdrúbal",452678,2018,R,44,162,41,9,3,3,0,7,0,6,3,0,0,34,0.21951219512195122,0.2727272727272727,0.2926829268292683,0.565410199556541,0.07317073170731705,0.1590909090909091,0.06818181818181818,0.2647058823529412,0.25206818181818186,75.0,16.0,0.21333333333333335,21.0,85.0,0.24705882352941178,34.0,13.0,0.38235294117647056,34.0,1.0,0.029411764705882353,3,0.06818181818181818,12,True
"Camargo, Johan",622666,2022,L,93,406,86,24,7,7,0,18,0,21,2,0,1,68,0.27906976744186046,0.3333333333333333,0.3372093023255814,0.6705426356589147,0.05813953488372092,0.1935483870967742,0.07526881720430108,0.34328358208955223,0.30087096774193545,195.0,47.0,0.24102564102564103,77.0,228.0,0.33771929824561403,68.0,21.0,0.3088235294117647,68.0,1.0,0.014705882352941176,9,0.0967741935483871,11,True
"Camargo, Johan",622666,2022,R,73,312,66,12,6,6,0,19,0,9,1,0,2,48,0.18181818181818182,0.25,0.2878787878787879,0.5378787878787878,0.10606060606060608,0.2602739726027397,0.0821917808219178,0.2222222222222222,0.24298611111111107,155.0,40.0,0.25806451612903225,60.0,177.0,0.3389830508474576,48.0,11.0,0.22916666666666666,48.0,2.0,0.041666666666666664,8,0.1095890410958904,12,True
"Castellanos, Nick",592206,2022,R,627,2320,589,150,32,32,4,148,2,106,31,0,13,443,0.2546689303904924,0.2966507177033493,0.3735144312393888,0.670165148942738,0.11884550084889645,0.23604465709728867,0.051036682615629984,0.3186046511627907,0.29451196172248806,1331.0,428.0,0.32156273478587527,501.0,1246.0,0.40208667736757625,443.0,151.0,0.34085778781038373,443.0,28.0,0.06320541760722348,70,0.11164274322169059,12,True
"Castellanos, Nick",592206,2023,R,721,2614,673,180,38,38,3,199,7,105,39,2,34,481,0.2674591381872214,0.3065187239944521,0.48291233283803864,0.7894310568324907,0.21545319465081725,0.27600554785020803,0.052704576976421634,0.32662192393736017,0.33443966712898754,1475.0,526.0,0.3566101694915254,578.0,1415.0,0.40848056537102473,481.0,208.0,0.43243243243243246,481.0,53.0,0.1101871101871102,117,0.1622746185852982,12,True
"Castellanos, Nick",592206,2024,R,676,2392,625,161,39,39,10,141,2,102,31,4,24,483,0.2576,0.3106508875739645,0.4352,0.7458508875739644,0.17759999999999998,0.20857988165680474,0.057692307692307696,0.29653679653679654,0.32317899408284023,1393.0,420.0,0.3015075376884422,467.0,1222.0,0.3821603927986907,483.0,187.0,0.38716356107660455,483.0,42.0,0.08695652173913043,90,0.13313609467455623,12,True
"Castellanos, Nick",592206,2025,R,605,2227,563,139,32,32,4,136,6,91,29,2,17,432,0.2468916518650089,0.2892561983471074,0.3960923623445826,0.68534856069169,0.14920071047957373,0.22479338842975208,0.05289256198347107,0.2932692307692308,0.29647438016528926,1316.0,394.0,0.2993920972644377,493.0,1201.0,0.4104912572855953,432.0,149.0,0.3449074074074074,432.0,32.0,0.07407407407407407,79,0.1305785123966942,12,True
"Castro, Rodolfo",666801,2023,L,15,65,15,2,0,0,0,6,0,2,0,0,0,9,0.13333333333333333,0.13333333333333333,0.13333333333333333,0.26666666666666666,0.0,0.4,0.0,0.2222222222222222,0.11773333333333333,30.0,11.0,0.36666666666666664,11.0,37.0,0.2972972972972973,9.0,3.0,0.3333333333333333,9.0,1.0,0.1111111111111111,3,0.2,11,True
"Castro, Rodolfo",666801,2023,R,17,76,15,1,2,2,0,6,0,1,0,0,0,9,0.06666666666666667,0.17647058823529413,0.06666666666666667,0.2431372549019608,0.0,0.35294117647058826,0.11764705882352941,0.1111111111111111,0.1338235294117647,35.0,11.0,0.3142857142857143,16.0,47.0,0.3404255319148936,9.0,1.0,0.1111111111111111,9.0,0.0,0.0,0,0.0,12,True
"Cave, Jake",595909,2023,L,206,830,187,40,15,15,1,56,2,25,9,1,5,134,0.21390374331550802,0.2731707317073171,0.35294117647058826,0.6261119081779054,0.13903743315508024,0.27184466019417475,0.07281553398058252,0.2734375,0.27329756097560975,406.0,110.0,0.270935960591133,125.0,419.0,0.29832935560859186,134.0,47.0,0.35074626865671643,134.0,10.0,0.07462686567164178,22,0.10679611650485436,11,True
"Clemens, Kody",665019,2023,L,148,609,139,32,8,8,1,40,0,21,7,0,4,99,0.2302158273381295,0.27702702702702703,0.3669064748201439,0.6439335018471709,0.13669064748201437,0.2702702702702703,0.05405405405405406,0.29473684210526313,0.2808175675675676,290.0,81.0,0.2793103448275862,87.0,289.0,0.30103806228373703,99.0,40.0,0.40404040404040403,99.0,6.0,0.06060606060606061,14,0.0945945945945946,11,True
"Clemens, Kody",665019,2024,L,125,495,119,27,5,5,1,31,0,11,10,1,5,88,0.226890756302521,0.264,0.453781512605042,0.717781512605042,0.226890756302521,0.248,0.04,0.26506024096385544,0.305976,244.0,64.0,0.26229508196721313,78.0,235.0,0.33191489361702126,88.0,37.0,0.42045454545454547,88.0,6.0,0.06818181818181818,19,0.152,11,True
"Clemens, Kody",665019,2025,L,7,29,6,0,1,1,0,0,0,0,0,0,0,6,0.0,0.14285714285714285,0.0,0.14285714285714285,0.0,0.0,0.14285714285714285,0.0,0.09871428571428571,14.0,2.0,0.14285714285714285,2.0,13.0,0.15384615384615385,6.0,1.0,0.16666666666666666,6.0,0.0,0.0,0,0.0,11,False
"Coonrod, Sam",656322,2021,R,1,3,1,0,0,0,0,1,0,0,0,0,0,0,0.0,0.0,0.0,0.0,0.0,1.0,0.0,,0.0,2.0,2.0,1.0,1.0,1.0,1.0,,,,,,,0,0.0,12,False
"Correia, Kevin",429781,2015,R,7,24,6,1,0,0,0,1,0,1,0,0,0,6,0.16666666666666666,0.16666666666666666,0.16666666666666666,0.3333333333333333,0.0,0.14285714285714285,0.0,0.2,0.14683333333333334,8.0,0.0,0.0,0.0,7.0,0.0,6.0,0.0,0.0,6.0,0.0,0.0,0,0.0,12,False
"Cozens, Dylan",622226,2018,L,44,197,38,6,6,6,0,24,0,3,2,0,1,14,0.15789473684210525,0.2727272727272727,0.2894736842105263,0.562200956937799,0.13157894736842107,0.5454545454545454,0.13636363636363635,0.38461538461538464,0.25693181818181815,89.0,46.0,0.5168539325842697,30.0,114.0,0.2631578947368421,14.0,8.0,0.5714285714285714,14.0,1.0,0.07142857142857142,2,0.045454545454545456,11,True
"Cozens, Dylan",622226,2019,L,1,4,1,0,0,0,0,0,0,0,0,0,0,1,0.0,0.0,0.0,0.0,0.0,0.0,0.0,0.0,0.0,2.0,1.0,0.5,1.0,3.0,0.3333333333333333,1.0,0.0,0.0,1.0,0.0,0.0,0,0.0,11,False
"Crawford, J.P.",641487,2017,L,87,407,70,15,16,16,0,22,1,10,4,1,0,49,0.21428571428571427,0.3563218390804598,0.3,0.6563218390804597,0.08571428571428572,0.25287356321839083,0.1839080459770115,0.30612244897959184,0.30273563218390803,167.0,36.0,0.2155688622754491,40.0,204.0,0.19607843137254902,49.0,11.0,0.22448979591836735,49.0,0.0,0.0,8,0.09195402298850575,11,True
"Crawford, J.P.",641487,2018,L,137,604,117,25,13,13,5,37,0,13,6,3,3,82,0.21367521367521367,0.31851851851851853,0.39316239316239315,0.7116809116809117,0.1794871794871795,0.27007299270072993,0.0948905109489051,0.2857142857142857,0.31347407407407407,240.0,66.0,0.275,47.0,285.0,0.1649122807017544,82.0,28.0,0.34146341463414637,82.0,4.0,0.04878048780487805,12,0.08759124087591241,11,True
"Crawford, Justin",702222,2026,L,367,1331,337,90,21,21,3,67,2,67,17,4,2,276,0.26706231454005935,0.3140495867768595,0.3590504451038576,0.6731000318807171,0.09198813056379823,0.18256130790190736,0.05722070844686648,0.32592592592592595,0.2983140495867769,716.0,132.0,0.18435754189944134,247.0,658.0,0.37537993920972645,276.0,96.0,0.34782608695652173,276.0,4.0,0.014492753623188406,35,0.09536784741144415,11,True
"Crouse, Hans",668968,2021,L,1,3,1,0,0,0,0,1,0,0,0,0,0,0,0.0,0.0,0.0,0.0,0.0,1.0,0.0,,0.0,2.0,2.0,1.0,1.0,1.0,1.0,,,,,,,0,0.0,11,False
"Dahl, David",621311,2024,L,63,266,59,12,3,3,0,21,1,7,2,0,3,38,0.2033898305084746,0.23809523809523808,0.3898305084745763,0.6279257465698144,0.1864406779661017,0.3333333333333333,0.047619047619047616,0.25,0.2682380952380952,144.0,48.0,0.3333333333333333,53.0,146.0,0.363013698630137,38.0,8.0,0.21052631578947367,38.0,3.0,0.07894736842105263,10,0.15873015873015872,11,True
"Danks, Jordan",458668,2015,L,4,13,4,0,0,0,0,2,0,0,0,0,0,2,0.0,0.0,0.0,0.0,0.0,0.5,0.0,0.0,0.0,6.0,4.0,0.6666666666666666,3.0,9.0,0.3333333333333333,2.0,0.0,0.0,2.0,0.0,0.0,0,0.0,11,False
"Davis, Austin",656354,2018,L,3,14,3,0,0,0,0,3,0,0,0,0,0,0,0.0,0.0,0.0,0.0,0.0,1.0,0.0,,0.0,8.0,5.0,0.625,3.0,5.0,0.6,,,,,,,0,0.0,11,False
"De Fratus, Justin",518603,2015,L,2,8,2,1,0,0,0,1,0,1,0,0,0,1,0.5,0.5,0.5,1.0,0.0,0.5,0.0,1.0,0.4405,6.0,2.0,0.3333333333333333,3.0,5.0,0.6,1.0,0.0,0.0,1.0,0.0,0.0,0,0.0,11,False
"De Fratus, Justin",518603,2015,R,1,1,1,0,0,0,0,0,0,0,0,0,0,1,0.0,0.0,0.0,0.0,0.0,0.0,0.0,0.0,0.0,1.0,0.0,0.0,0.0,,,1.0,0.0,0.0,1.0,0.0,0.0,0,0.0,12,False
"De La Cruz, Bryan",650559,2026,R,36,131,30,10,2,2,2,8,2,7,1,0,2,24,0.3333333333333333,0.3888888888888889,0.5666666666666667,0.9555555555555555,0.23333333333333334,0.2222222222222222,0.05555555555555555,0.36363636363636365,0.40069444444444446,73.0,22.0,0.3013698630136986,31.0,73.0,0.4246575342465753,24.0,9.0,0.375,24.0,2.0,0.08333333333333333,8,0.2222222222222222,12,True
"De Los Santos, Enyel",660853,2018,R,5,15,3,0,0,0,0,2,0,0,0,0,0,3,0.0,0.0,0.0,0.0,0.0,0.4,0.0,0.0,0.0,10.0,2.0,0.2,2.0,6.0,0.3333333333333333,3.0,0.0,0.0,3.0,0.0,0.0,0,0.0,12,False
"De Los Santos, Enyel",660853,2019,R,1,5,1,0,0,0,0,1,0,0,0,0,0,0,0.0,0.0,0.0,0.0,0.0,1.0,0.0,,0.0,,,,0.0,4.0,0.0,,,,,,,0,0.0,12,False
"Dickerson, Corey",572816,2019,L,136,583,132,39,3,3,0,32,1,19,10,2,8,101,0.29545454545454547,0.3088235294117647,0.5833333333333334,0.8921568627450981,0.2878787878787879,0.23529411764705882,0.022058823529411766,0.3333333333333333,0.3628529411764706,356.0,94.0,0.2640449438202247,161.0,323.0,0.4984520123839009,101.0,36.0,0.3564356435643564,101.0,10.0,0.09900990099009901,34,0.25,11,True
"Dickerson, Corey",572816,2019,R,1,1,1,0,0,0,0,1,0,0,0,0,0,0,0.0,0.0,0.0,0.0,0.0,1.0,0.0,,0.0,1.0,1.0,1.0,1.0,1.0,1.0,,,,,,,0,0.0,12,False
"Domínguez, Seranthony",622554,2018,R,2,12,1,0,1,1,0,1,0,0,0,0,0,0,0.0,0.5,0.0,0.5,0.0,0.5,0.5,,0.345,2.0,1.0,0.5,0.0,6.0,0.0,,,,,,,0,0.0,12,False
"Domínguez, Seranthony",622554,2019,R,1,3,1,0,0,0,0,1,0,0,0,0,0,0,0.0,0.0,0.0,0.0,0.0,1.0,0.0,,0.0,2.0,2.0,1.0,0.0,,,,,,,,,0,0.0,12,False
"Eflin, Zach",621107,2016,R,23,74,23,6,0,0,0,8,0,4,2,0,0,15,0.2608695652173913,0.2608695652173913,0.34782608695652173,0.6086956521739131,0.08695652173913043,0.34782608695652173,0.0,0.4,0.26069565217391305,48.0,15.0,0.3125,18.0,34.0,0.5294117647058824,15.0,5.0,0.3333333333333333,15.0,0.0,0.0,0,0.0,12,True
"Eflin, Zach",621107,2017,R,22,71,21,3,0,0,0,13,0,3,0,0,0,9,0.14285714285714285,0.14285714285714285,0.14285714285714285,0.2857142857142857,0.0,0.5909090909090909,0.0,0.375,0.1252857142857143,41.0,21.0,0.5121951219512195,9.0,27.0,0.3333333333333333,9.0,2.0,0.2222222222222222,9.0,0.0,0.0,2,0.09090909090909091,12,True
"Eflin, Zach",621107,2018,R,50,172,44,4,0,0,0,31,0,3,0,0,1,19,0.09090909090909091,0.09090909090909091,0.1590909090909091,0.25,0.06818181818181818,0.62,0.0,0.25,0.10615909090909091,97.0,50.0,0.5154639175257731,34.0,72.0,0.4722222222222222,19.0,4.0,0.21052631578947367,19.0,1.0,0.05263157894736842,1,0.02,12,True
"Eflin, Zach",621107,2019,R,52,180,50,8,0,0,0,27,0,7,1,0,0,25,0.16,0.16,0.18,0.33999999999999997,0.01999999999999999,0.5192307692307693,0.0,0.34782608695652173,0.14614000000000002,106.0,51.0,0.4811320754716981,31.0,77.0,0.4025974025974026,25.0,4.0,0.16,25.0,0.0,0.0,3,0.057692307692307696,12,True
"Eflin, Zach",621107,2021,R,37,128,29,0,1,1,1,15,0,0,0,0,0,20,0.0,0.06451612903225806,0.0,0.06451612903225806,0.0,0.40540540540540543,0.02702702702702703,0.0,0.045612903225806446,73.0,27.0,0.3698630136986301,20.0,45.0,0.4444444444444444,20.0,3.0,0.15,20.0,0.0,0.0,1,0.02702702702702703,12,True
"Eickhoff, Jerad",595191,2015,R,16,45,14,2,0,0,0,7,0,2,0,0,0,9,0.14285714285714285,0.14285714285714285,0.14285714285714285,0.2857142857142857,0.0,0.4375,0.0,0.2857142857142857,0.12585714285714286,33.0,11.0,0.3333333333333333,12.0,16.0,0.75,9.0,2.0,0.2222222222222222,9.0,0.0,0.0,2,0.125,12,True
"Eickhoff, Jerad",595191,2016,R,62,186,61,8,1,1,0,12,0,5,3,0,0,49,0.13114754098360656,0.14516129032258066,0.18032786885245902,0.3254891591750397,0.04918032786885246,0.1935483870967742,0.016129032258064516,0.16326530612244897,0.14204838709677417,109.0,23.0,0.21100917431192662,40.0,97.0,0.41237113402061853,49.0,13.0,0.2653061224489796,49.0,0.0,0.0,6,0.0967741935483871,12,True
"Eickhoff, Jerad",595191,2017,R,34,110,31,5,0,0,0,13,0,4,1,0,0,21,0.16129032258064516,0.16129032258064516,0.1935483870967742,0.3548387096774194,0.03225806451612903,0.38235294117647056,0.0,0.2777777777777778,0.15290322580645163,66.0,16.0,0.24242424242424243,27.0,51.0,0.5294117647058824,21.0,3.0,0.14285714285714285,21.0,0.0,0.0,0,0.0,12,True
"Eickhoff, Jerad",595191,2018,R,1,6,1,0,0,0,0,1,0,0,0,0,0,0,0.0,0.0,0.0,0.0,0.0,1.0,0.0,,0.0,4.0,2.0,0.5,3.0,5.0,0.6,,,,,,,0,0.0,12,False
"Eickhoff, Jerad",595191,2019,R,19,69,14,0,1,1,0,7,0,0,0,0,0,11,0.0,0.06666666666666667,0.0,0.06666666666666667,0.0,0.3684210526315789,0.05263157894736842,0.0,0.046,29.0,10.0,0.3448275862068966,13.0,33.0,0.3939393939393939,11.0,4.0,0.36363636363636365,11.0,0.0,0.0,0,0.0,12,True
"Ellis, A.J.",454560,2016,R,35,153,32,10,3,3,0,7,0,6,3,0,1,25,0.3125,0.37142857142857144,0.5,0.8714285714285714,0.1875,0.2,0.08571428571428572,0.375,0.3737714285714286,55.0,7.0,0.12727272727272726,12.0,72.0,0.16666666666666666,25.0,11.0,0.44,25.0,1.0,0.04,9,0.2571428571428571,12,True
"Ellis, Drew",656403,2023,R,29,128,23,5,6,6,0,7,0,3,0,0,2,16,0.21739130434782608,0.3793103448275862,0.4782608695652174,0.8575712143928036,0.26086956521739135,0.2413793103448276,0.20689655172413793,0.21428571428571427,0.37355172413793103,50.0,14.0,0.28,10.0,63.0,0.15873015873015872,16.0,6.0,0.375,16.0,3.0,0.1875,5,0.1724137931034483,12,True
"Falter, Bailey",663559,2021,R,5,23,5,0,0,0,0,5,0,0,0,0,0,0,0.0,0.0,0.0,0.0,0.0,1.0,0.0,,0.0,15.0,8.0,0.5333333333333333,5.0,10.0,0.5,,,,,,,0,0.0,12,False
"Featherston, Taylor",605227,2016,R,28,113,26,3,2,2,0,11,0,2,1,0,0,15,0.11538461538461539,0.17857142857142858,0.15384615384615385,0.33241758241758246,0.038461538461538464,0.39285714285714285,0.07142857142857142,0.2,0.15642857142857142,64.0,24.0,0.375,16.0,50.0,0.32,15.0,3.0,0.2,15.0,0.0,0.0,1,0.03571428571428571,12,True
"Florimón, Pedro",465753,2017,L,33,147,32,10,1,1,0,13,0,8,1,1,0,19,0.3125,0.3333333333333333,0.40625,0.7395833333333333,0.09375,0.3939393939393939,0.030303030303030304,0.5263157894736842,0.3179696969696969,79.0,22.0,0.27848101265822783,19.0,67.0,0.2835820895522388,19.0,5.0,0.2631578947368421,19.0,0.0,0.0,4,0.12121212121212122,11,True
"Florimón, Pedro",465753,2017,R,16,67,14,6,2,2,0,3,0,3,3,0,0,11,0.42857142857142855,0.5,0.6428571428571429,1.1428571428571428,0.21428571428571436,0.1875,0.125,0.5454545454545454,0.4820625,28.0,3.0,0.10714285714285714,10.0,38.0,0.2631578947368421,11.0,4.0,0.36363636363636365,11.0,1.0,0.09090909090909091,2,0.125,12,True
"Florimón, Pedro",465753,2018,L,62,287,58,12,4,4,0,25,0,4,5,1,2,33,0.20689655172413793,0.25806451612903225,0.43103448275862066,0.6890989988876529,0.22413793103448273,0.4032258064516129,0.06451612903225806,0.3225806451612903,0.2928225806451613,131.0,44.0,0.33587786259541985,32.0,140.0,0.22857142857142856,33.0,17.0,0.5151515151515151,33.0,2.0,0.06060606060606061,4,0.06451612903225806,11,True
"Florimón, Pedro",465753,2018,R,14,58,13,4,1,1,0,5,0,3,1,0,0,8,0.3076923076923077,0.35714285714285715,0.38461538461538464,0.7417582417582418,0.07692307692307693,0.35714285714285715,0.07142857142857142,0.5,0.3269285714285714,26.0,8.0,0.3076923076923077,7.0,26.0,0.2692307692307692,8.0,1.0,0.125,8.0,0.0,0.0,1,0.07142857142857142,12,True
"Franco, Maikel",596748,2015,R,335,1198,304,85,26,24,4,52,1,48,22,1,14,253,0.27960526315789475,0.34328358208955223,0.4967105263157895,0.8399941084053417,0.21710526315789475,0.15522388059701492,0.07761194029850746,0.29707112970711297,0.3597117117117117,572.0,137.0,0.2395104895104895,191.0,645.0,0.2961240310077519,253.0,94.0,0.3715415019762846,253.0,15.0,0.05928853754940711,53,0.1582089552238806,12,True
"Franco, Maikel",596748,2016,R,630,2246,581,148,40,33,5,106,4,99,23,1,25,479,0.2547332185886403,0.30634920634920637,0.4268502581755594,0.7331994645247657,0.1721170395869191,0.16825396825396827,0.06349206349206349,0.2709251101321586,0.3111396468699839,1155.0,280.0,0.24242424242424243,376.0,1170.0,0.3213675213675214,479.0,195.0,0.407098121085595,479.0,33.0,0.06889352818371608,93,0.14761904761904762,12,True
"Franco, Maikel",596748,2017,R,620,2334,575,132,38,38,2,95,5,78,29,1,24,485,0.22956521739130434,0.27741935483870966,0.40869565217391307,0.6861150070126227,0.17913043478260873,0.1532258064516129,0.06129032258064516,0.23427331887201736,0.29191290322580643,1174.0,262.0,0.2231686541737649,351.0,1233.0,0.2846715328467153,485.0,176.0,0.3628865979381443,485.0,29.0,0.05979381443298969,82,0.13225806451612904,12,True
"Franco, Maikel",596748,2018,R,458,1645,433,117,22,22,0,62,3,77,17,1,22,374,0.2702078521939954,0.3034934497816594,0.4665127020785219,0.7700061518601813,0.1963048498845265,0.13537117903930132,0.048034934497816595,0.26988636363636365,0.328382096069869,852.0,181.0,0.21244131455399062,271.0,844.0,0.32109004739336494,374.0,127.0,0.339572192513369,374.0,24.0,0.06417112299465241,70,0.15283842794759825,12,True
"Franco, Maikel",596748,2019,R,409,1511,389,91,17,17,0,61,3,57,17,0,17,331,0.23393316195372751,0.26405867970660146,0.4087403598971722,0.6727990396037737,0.1748071979434447,0.1491442542787286,0.04156479217603912,0.2356687898089172,0.2811466992665036,778.0,171.0,0.21979434447300772,270.0,796.0,0.3391959798994975,331.0,127.0,0.38368580060422963,331.0,23.0,0.06948640483383686,57,0.1393643031784841,12,True
"Francoeur, Jeff",425796,2015,R,343,1183,326,84,13,13,1,77,3,54,16,1,13,252,0.25766871165644173,0.2857142857142857,0.4325153374233129,0.7182296231375986,0.17484662576687116,0.22448979591836735,0.037900874635568516,0.29707112970711297,0.308332361516035,666.0,168.0,0.25225225225225223,281.0,644.0,0.4363354037267081,252.0,84.0,0.3333333333333333,252.0,12.0,0.047619047619047616,48,0.13994169096209913,12,True
"Galvis, Freddy",520471,2015,L,440,1680,402,103,26,25,3,78,3,81,10,5,7,333,0.2562189054726368,0.30414746543778803,0.3582089552238806,0.6623564206616686,0.10199004975124376,0.17727272727272728,0.05909090909090909,0.3,0.2902424942263279,843.0,175.0,0.20759193357058126,340.0,906.0,0.37527593818984545,333.0,80.0,0.24024024024024024,333.0,9.0,0.02702702702702703,44,0.1,11,True
"Galvis, Freddy",520471,2015,R,163,608,157,44,4,4,0,25,1,40,4,0,0,134,0.2802547770700637,0.2962962962962963,0.3057324840764331,0.6020287803727293,0.02547770700636942,0.15337423312883436,0.024539877300613498,0.3308270676691729,0.26550617283950617,328.0,50.0,0.1524390243902439,135.0,295.0,0.4576271186440678,134.0,23.0,0.17164179104477612,134.0,1.0,0.007462686567164179,11,0.06748466257668712,12,True
"Galvis, Freddy",520471,2016,L,476,1835,441,110,23,17,3,109,3,70,20,3,17,341,0.2494331065759637,0.28936170212765955,0.42403628117913833,0.7133979833067978,0.17460317460317462,0.22899159663865545,0.04831932773109244,0.29245283018867924,0.2999396551724138,963.0,216.0,0.22429906542056074,389.0,985.0,0.3949238578680203,341.0,96.0,0.28152492668621704,341.0,11.0,0.03225806451612903,54,0.1134453781512605,11,True
"Galvis, Freddy",520471,2016,R,148,530,143,31,2,2,0,27,1,22,6,0,3,119,0.21678321678321677,0.22602739726027396,0.32167832167832167,0.5477057189385957,0.1048951048951049,0.18243243243243243,0.013513513513513514,0.24561403508771928,0.23421232876712328,288.0,47.0,0.16319444444444445,99.0,263.0,0.376425855513308,119.0,31.0,0.2605042016806723,119.0,2.0,0.01680672268907563,15,0.10135135135135136,12,True
"Galvis, Freddy",520471,2017,L,459,1863,416,106,35,35,3,87,4,72,19,5,10,334,0.2548076923076923,0.314410480349345,0.39663461538461536,0.7110450957339604,0.14182692307692307,0.1895424836601307,0.07625272331154684,0.29721362229102166,0.3068471615720524,916.0,179.0,0.19541484716157206,298.0,963.0,0.3094496365524403,334.0,85.0,0.25449101796407186,334.0,11.0,0.03293413173652695,52,0.11328976034858387,11,True
"Galvis, Freddy",520471,2017,R,202,778,192,49,8,8,1,24,0,36,10,1,2,169,0.2552083333333333,0.2885572139303483,0.3489583333333333,0.6375155472636815,0.09375,0.1188118811881188,0.039603960396039604,0.28313253012048195,0.2769701492537313,376.0,50.0,0.13297872340425532,143.0,415.0,0.344578313253012,169.0,34.0,0.20118343195266272,169.0,1.0,0.005917159763313609,13,0.06435643564356436,12,True
"Galvis, Freddy",520471,2021,L,84,344,73,17,8,8,2,15,1,12,1,0,4,59,0.2328767123287671,0.32142857142857145,0.410958904109589,0.7323874755381605,0.1780821917808219,0.17857142857142858,0.09523809523809523,0.23636363636363636,0.31902380952380954,149.0,34.0,0.22818791946308725,43.0,175.0,0.24571428571428572,59.0,19.0,0.3220338983050847,59.0,2.0,0.03389830508474576,9,0.10714285714285714,11,True
"Galvis, Freddy",520471,2021,R,36,129,34,7,1,1,0,4,1,4,2,0,1,31,0.20588235294117646,0.2222222222222222,0.35294117647058826,0.5751633986928104,0.1470588235294118,0.1111111111111111,0.027777777777777776,0.2,0.24163888888888888,66.0,7.0,0.10606060606060606,23.0,62.0,0.3709677419354839,31.0,8.0,0.25806451612903225,31.0,1.0,0.03225806451612903,5,0.1388888888888889,12,True
"Garcia, Aramis",605244,2024,R,7,36,7,0,0,0,0,3,0,0,0,0,0,4,0.0,0.0,0.0,0.0,0.0,0.42857142857142855,0.0,0.0,0.0,19.0,6.0,0.3157894736842105,6.0,19.0,0.3157894736842105,4.0,1.0,0.25,4.0,0.0,0.0,0,0.0,12,False
"García, Adolis",666969,2026,R,259,1082,231,45,21,21,4,84,3,29,8,1,7,150,0.19480519480519481,0.2702702702702703,0.329004329004329,0.5992745992745994,0.1341991341991342,0.32432432432432434,0.08108108108108109,0.26573426573426573,0.26770656370656365,491.0,170.0,0.34623217922606925,173.0,581.0,0.2977624784853701,150.0,72.0,0.48,150.0,14.0,0.09333333333333334,21,0.08108108108108109,12,True
"García, Luis",472610,2016,R,1,1,0,0,0,0,0,0,0,0,0,0,0,1,,,,,,0.0,0.0,,,1.0,0.0,0.0,0.0,,,1.0,0.0,0.0,1.0,0.0,0.0,0,0.0,12,False
"Garlick, Kyle",664247,2020,R,23,77,22,3,0,0,1,7,0,2,1,0,0,15,0.13636363636363635,0.17391304347826086,0.18181818181818182,0.3557312252964427,0.04545454545454547,0.30434782608695654,0.0,0.2,0.16226086956521737,31.0,10.0,0.3225806451612903,7.0,40.0,0.175,15.0,6.0,0.4,15.0,0.0,0.0,3,0.13043478260869565,12,True
"Gibson, Kyle",502043,2021,R,28,88,27,4,0,0,0,9,0,3,0,0,1,19,0.14814814814814814,0.14814814814814814,0.25925925925925924,0.4074074074074074,0.1111111111111111,0.32142857142857145,0.0,0.17647058823529413,0.17200000000000001,43.0,9.0,0.20930232558139536,8.0,35.0,0.22857142857142856,19.0,4.0,0.21052631578947367,19.0,1.0,0.05263157894736842,2,0.07142857142857142,12,True
"Goeddel, Tyler",595963,2016,R,234,904,213,41,17,17,2,52,1,31,3,3,4,163,0.19248826291079812,0.2575107296137339,0.29107981220657275,0.5485905418203066,0.09859154929577463,0.2222222222222222,0.07264957264957266,0.23417721518987342,0.244206008583691,413.0,104.0,0.25181598062953997,112.0,421.0,0.2660332541567696,163.0,49.0,0.3006134969325153,163.0,3.0,0.018404907975460124,16,0.06837606837606838,12,True
"González, Severino",605894,2015,R,12,40,10,1,1,1,0,4,0,1,0,0,0,7,0.1,0.18181818181818182,0.1,0.28181818181818186,0.0,0.3333333333333333,0.08333333333333333,0.16666666666666666,0.14254545454545456,20.0,9.0,0.45,5.0,15.0,0.3333333333333333,7.0,0.0,0.0,7.0,0.0,0.0,1,0.08333333333333333,12,False
"González, Severino",605894,2016,R,1,2,1,0,0,0,0,0,0,0,0,0,0,1,0.0,0.0,0.0,0.0,0.0,0.0,0.0,0.0,0.0,1.0,0.0,0.0,0.0,1.0,0.0,1.0,0.0,0.0,1.0,0.0,0.0,0,0.0,12,False
"Gosselin, Phil",594838,2019,R,68,266,65,17,3,3,0,16,0,14,3,0,0,49,0.26153846153846155,0.29411764705882354,0.3076923076923077,0.6018099547511313,0.046153846153846156,0.23529411764705882,0.04411764705882353,0.3469387755102041,0.26325,121.0,29.0,0.2396694214876033,46.0,138.0,0.3333333333333333,49.0,18.0,0.3673469387755102,49.0,3.0,0.061224489795918366,7,0.10294117647058823,12,True
"Gosselin, Phil",594838,2020,R,101,418,92,23,9,9,0,27,0,15,5,0,3,65,0.25,0.31683168316831684,0.40217391304347827,0.7190055962117952,0.15217391304347827,0.26732673267326734,0.0891089108910891,0.3225806451612903,0.3134950495049505,170.0,43.0,0.2529411764705882,56.0,228.0,0.24561403508771928,65.0,19.0,0.2923076923076923,65.0,4.0,0.06153846153846154,12,0.1188118811881188,12,True
"Gregorius, Didi",544369,2020,L,234,902,215,61,12,12,4,28,2,39,10,2,10,190,0.2837209302325581,0.33047210300429186,0.4883720930232558,0.8188441960275477,0.20465116279069767,0.11965811965811966,0.05128205128205128,0.2849162011173184,0.3477381974248927,483.0,92.0,0.19047619047619047,150.0,452.0,0.33185840707964603,190.0,53.0,0.2789473684210526,190.0,8.0,0.042105263157894736,42,0.1794871794871795,11,True
"Gregorius, Didi",544369,2021,L,407,1580,368,77,24,24,8,67,7,46,16,2,13,308,0.20923913043478262,0.2678132678132678,0.3695652173913043,0.6373784852045721,0.1603260869565217,0.16461916461916462,0.05896805896805897,0.21694915254237288,0.274980343980344,859.0,211.0,0.24563445867287545,256.0,807.0,0.31722428748451054,308.0,82.0,0.2662337662337662,308.0,7.0,0.022727272727272728,56,0.1375921375921376,11,True
"Gregorius, Didi",544369,2022,L,232,827,214,45,13,13,3,36,2,31,9,4,1,180,0.2102803738317757,0.2629310344827586,0.3037383177570093,0.5666693522397679,0.09345794392523363,0.15517241379310345,0.05603448275862069,0.24581005586592178,0.2514913793103448,500.0,120.0,0.24,177.0,431.0,0.41067285382830626,180.0,41.0,0.22777777777777777,180.0,5.0,0.027777777777777776,19,0.08189655172413793,11,True
"Grullón, Deivy",620453,2019,R,9,29,9,1,0,0,0,2,0,0,1,0,0,7,0.1111111111111111,0.1111111111111111,0.2222222222222222,0.3333333333333333,0.1111111111111111,0.2222222222222222,0.0,0.14285714285714285,0.13522222222222224,20.0,8.0,0.4,3.0,10.0,0.3,7.0,2.0,0.2857142857142857,7.0,1.0,0.14285714285714285,1,0.1111111111111111,12,False
"Guthrie, Dalton",656495,2022,R,28,120,21,7,6,6,1,7,0,6,0,0,1,14,0.3333333333333333,0.5,0.47619047619047616,0.9761904761904762,0.14285714285714285,0.25,0.21428571428571427,0.46153846153846156,0.4367857142857143,49.0,16.0,0.32653061224489793,16.0,68.0,0.23529411764705882,14.0,2.0,0.14285714285714285,14.0,1.0,0.07142857142857142,5,0.17857142857142858,12,True
"Guthrie, Dalton",656495,2023,R,28,113,24,4,3,3,1,7,0,3,1,0,0,17,0.16666666666666666,0.2857142857142857,0.20833333333333334,0.49404761904761907,0.041666666666666685,0.25,0.10714285714285714,0.23529411764705882,0.23953571428571427,57.0,18.0,0.3157894736842105,22.0,62.0,0.3548387096774194,17.0,5.0,0.29411764705882354,17.0,0.0,0.0,1,0.03571428571428571,12,True
"Gómez, Jeanmar",491646,2015,R,1,7,1,0,0,0,0,1,0,0,0,0,0,0,0.0,0.0,0.0,0.0,0.0,1.0,0.0,,0.0,4.0,1.0,0.25,3.0,6.0,0.5,,,,,,,0,0.0,12,False
"Hall, Darick",669742,2022,L,142,543,136,34,5,5,1,44,0,16,8,1,9,92,0.25,0.28169014084507044,0.5220588235294118,0.8037489643744822,0.2720588235294118,0.30985915492957744,0.035211267605633804,0.30120481927710846,0.3425774647887324,285.0,96.0,0.3368421052631579,88.0,270.0,0.32592592592592595,92.0,41.0,0.44565217391304346,92.0,16.0,0.17391304347826086,16,0.11267605633802817,11,True
"Hall, Darick",669742,2023,L,56,205,54,9,2,2,0,18,0,7,1,0,1,36,0.16666666666666666,0.19642857142857142,0.24074074074074073,0.43716931216931215,0.07407407407407407,0.32142857142857145,0.03571428571428571,0.22857142857142856,0.19323214285714285,116.0,28.0,0.2413793103448276,32.0,97.0,0.32989690721649484,36.0,14.0,0.3888888888888889,36.0,1.0,0.027777777777777776,3,0.05357142857142857,11,True
"Hamels, Cole",430935,2015,L,43,114,39,6,0,0,0,15,0,5,1,0,0,28,0.15384615384615385,0.15384615384615385,0.1794871794871795,0.33333333333333337,0.025641025641025633,0.3488372093023256,0.0,0.25,0.14515384615384616,71.0,23.0,0.323943661971831,29.0,53.0,0.5471698113207547,28.0,7.0,0.25,28.0,0.0,0.0,0,0.0,11,True
"Hammer, JD",670456,2019,R,1,5,1,0,0,0,0,0,0,0,0,0,0,1,0.0,0.0,0.0,0.0,0.0,0.0,0.0,0.0,0.0,1.0,0.0,0.0,0.0,2.0,0.0,1.0,0.0,0.0,1.0,0.0,0.0,0,0.0,12,False
"Hammer, JD",670456,2021,R,1,4,1,0,0,0,0,1,0,0,0,0,0,0,0.0,0.0,0.0,0.0,0.0,1.0,0.0,,0.0,1.0,1.0,1.0,1.0,2.0,0.5,,,,,,,0,0.0,12,False
"Harang, Aaron",421685,2015,R,58,188,48,8,1,1,0,18,0,7,1,0,0,39,0.16666666666666666,0.1836734693877551,0.1875,0.3711734693877551,0.020833333333333343,0.3103448275862069,0.017241379310344827,0.26666666666666666,0.16551020408163264,108.0,31.0,0.28703703703703703,29.0,86.0,0.3372093023255814,39.0,5.0,0.1282051282051282,39.0,0.0,0.0,0,0.0,12,True
"Harper, Bryce",547180,2019,L,671,2787,573,149,88,88,6,178,4,77,36,1,35,399,0.2600349040139616,0.3621460506706408,0.5095986038394416,0.8717446545100824,0.24956369982547993,0.26527570789865873,0.13114754098360656,0.3131868131868132,0.36552160953800295,1358.0,459.0,0.3379970544918999,492.0,1620.0,0.3037037037037037,399.0,182.0,0.45614035087719296,399.0,59.0,0.14786967418546365,119,0.17734724292101342,11,True
"Harper, Bryce",547180,2020,L,236,973,190,51,41,41,2,43,2,27,9,2,13,150,0.26842105263157895,0.4,0.5421052631578948,0.9421052631578948,0.2736842105263158,0.18220338983050846,0.17372881355932204,0.27941176470588236,0.3997489361702128,447.0,128.0,0.28635346756152125,168.0,593.0,0.28330522765598654,150.0,76.0,0.5066666666666667,150.0,26.0,0.17333333333333334,37,0.15677966101694915,11,True
"Harper, Bryce",547180,2021,L,585,2401,488,151,86,86,5,134,4,73,42,1,35,360,0.3094262295081967,0.41509433962264153,0.6147540983606558,1.0298484379832973,0.30532786885245905,0.22905982905982905,0.147008547008547,0.3591331269349845,0.43098799313893654,1139.0,364.0,0.31957857769973663,327.0,1323.0,0.2471655328798186,360.0,179.0,0.49722222222222223,360.0,65.0,0.18055555555555555,88,0.15042735042735042,11,True
"Harper, Bryce",547180,2022,L,487,1854,433,128,42,42,4,101,7,68,35,1,24,340,0.2956120092378753,0.35802469135802467,0.5473441108545035,0.9053688022125281,0.25173210161662823,0.20739219712525667,0.08624229979466119,0.33015873015873015,0.3855843621399177,1055.0,306.0,0.2900473933649289,375.0,1032.0,0.3633720930232558,340.0,167.0,0.49117647058823527,340.0,49.0,0.14411764705882352,79,0.162217659137577,11,True
"Harper, Bryce",547180,2023,L,591,2250,499,146,83,83,5,130,4,90,29,1,26,373,0.2925851703406814,0.39593908629441626,0.5110220440881763,0.9069611303825926,0.21843687374749493,0.21996615905245348,0.1404399323181049,0.345821325648415,0.3902148900169204,1139.0,381.0,0.334503950834065,441.0,1354.0,0.3257016248153619,373.0,178.0,0.4772117962466488,373.0,61.0,0.16353887399463807,82,0.13874788494077833,11,True
"Harper, Bryce",547180,2024,L,637,2547,562,161,70,70,2,143,2,86,44,0,31,422,0.28647686832740216,0.3663522012578616,0.5302491103202847,0.8966013115781463,0.2437722419928825,0.22448979591836735,0.10989010989010989,0.3333333333333333,0.3840377358490566,1339.0,361.0,0.26960418222554144,480.0,1447.0,0.331720801658604,422.0,204.0,0.4834123222748815,422.0,46.0,0.10900473933649289,95,0.14913657770800628,11,True
"Harper, Bryce",547180,2025,L,592,2241,516,134,67,67,6,124,3,74,33,0,27,395,0.2596899224806202,0.34966216216216217,0.4806201550387597,0.8302823172009219,0.22093023255813954,0.20945945945945946,0.11317567567567567,0.2907608695652174,0.3584662162162162,1217.0,374.0,0.3073130649137223,457.0,1279.0,0.35731039874902265,395.0,187.0,0.47341772151898737,395.0,47.0,0.1189873417721519,79,0.13344594594594594,11,True
"Harper, Bryce",547180,2026,L,538,2133,442,115,88,85,1,112,7,64,23,3,25,337,0.26018099547511314,0.379182156133829,0.49547511312217196,0.874657269256001,0.23529411764705882,0.20817843866171004,0.16356877323420074,0.28846153846153844,0.37722242990654203,1049.0,315.0,0.30028598665395617,407.0,1235.0,0.32955465587044536,337.0,151.0,0.44807121661721067,337.0,37.0,0.10979228486646884,73,0.13568773234200743,11,True
"Harrison, Josh",543281,2023,R,114,392,103,21,3,3,6,20,2,16,3,0,2,85,0.20388349514563106,0.2631578947368421,0.2912621359223301,0.5544200306591722,0.08737864077669902,0.17543859649122806,0.02631578947368421,0.2289156626506024,0.24835087719298243,201.0,44.0,0.21890547263681592,54.0,175.0,0.30857142857142855,85.0,22.0,0.25882352941176473,85.0,2.0,0.023529411764705882,11,0.09649122807017543,12,True
"Haseley, Adam",656514,2019,L,241,976,222,59,13,13,5,60,0,40,14,0,5,163,0.26576576576576577,0.32083333333333336,0.3963963963963964,0.7172297297297298,0.13063063063063063,0.24896265560165975,0.05394190871369295,0.34394904458598724,0.3087625,487.0,140.0,0.2874743326488706,155.0,510.0,0.30392156862745096,163.0,47.0,0.2883435582822086,163.0,6.0,0.03680981595092025,30,0.12448132780082988,11,True
"Haseley, Adam",656514,2020,L,91,369,79,22,6,6,2,17,1,17,5,0,0,66,0.27848101265822783,0.3409090909090909,0.34177215189873417,0.682681242807825,0.06329113924050633,0.18681318681318682,0.06593406593406594,0.3492063492063492,0.305125,158.0,24.0,0.1518987341772152,54.0,195.0,0.27692307692307694,66.0,21.0,0.3181818181818182,66.0,1.0,0.015151515151515152,13,0.14285714285714285,11,True
"Haseley, Adam",656514,2021,L,21,88,21,4,0,0,0,4,0,3,1,0,0,17,0.19047619047619047,0.19047619047619047,0.23809523809523808,0.42857142857142855,0.047619047619047616,0.19047619047619047,0.0,0.23529411764705882,0.18471428571428572,45.0,12.0,0.26666666666666666,14.0,46.0,0.30434782608695654,17.0,3.0,0.17647058823529413,17.0,0.0,0.0,0,0.0,11,True
"Hays, Austin",669720,2024,R,84,281,82,20,0,0,2,22,0,13,5,0,2,60,0.24390243902439024,0.2619047619047619,0.3780487804878049,0.6399535423925669,0.13414634146341464,0.2619047619047619,0.0,0.3103448275862069,0.27709523809523806,166.0,48.0,0.2891566265060241,62.0,133.0,0.46616541353383456,60.0,18.0,0.3,60.0,3.0,0.05,6,0.07142857142857142,12,True
"Hellickson, Jeremy",476451,2016,R,66,265,54,9,4,4,0,24,0,8,1,0,0,38,0.16666666666666666,0.22413793103448276,0.18518518518518517,0.40932311621966794,0.018518518518518517,0.36363636363636365,0.06060606060606061,0.3,0.19017241379310346,116.0,24.0,0.20689655172413793,32.0,110.0,0.2909090909090909,38.0,1.0,0.02631578947368421,38.0,0.0,0.0,4,0.06060606060606061,12,True
"Hellickson, Jeremy",476451,2017,R,39,171,33,3,3,3,0,9,0,1,1,1,0,27,0.09090909090909091,0.16666666666666666,0.18181818181818182,0.3484848484848485,0.09090909090909091,0.23076923076923078,0.07692307692307693,0.125,0.15944444444444444,71.0,12.0,0.16901408450704225,22.0,86.0,0.2558139534883721,27.0,2.0,0.07407407407407407,27.0,0.0,0.0,2,0.05128205128205128,12,True
"Hernández, César",514917,2015,L,318,1183,284,72,28,28,1,59,1,55,13,3,1,230,0.2535211267605634,0.321656050955414,0.33098591549295775,0.6526419664483718,0.07746478873239437,0.18553459119496854,0.0880503144654088,0.31555555555555553,0.29166878980891714,541.0,109.0,0.20147874306839186,149.0,606.0,0.24587458745874588,230.0,62.0,0.26956521739130435,230.0,3.0,0.013043478260869565,26,0.08176100628930817,11,True
"Hernández, César",514917,2015,R,134,445,121,38,12,11,1,27,0,30,7,1,0,94,0.3140495867768595,0.3805970149253731,0.3884297520661157,0.7690267669914888,0.07438016528925617,0.20149253731343283,0.08955223880597014,0.40425531914893614,0.33903007518796996,224.0,57.0,0.2544642857142857,75.0,227.0,0.3303964757709251,94.0,25.0,0.26595744680851063,94.0,1.0,0.010638297872340425,11,0.08208955223880597,12,True
"Hernández, César",514917,2016,L,471,1897,409,114,54,52,2,86,1,89,10,9,6,329,0.2787286063569682,0.3648068669527897,0.39119804400978,0.7560049109625697,0.11246943765281175,0.18259023354564755,0.11464968152866242,0.33962264150943394,0.3322133620689655,831.0,165.0,0.19855595667870035,210.0,972.0,0.21604938271604937,329.0,97.0,0.2948328267477204,329.0,7.0,0.02127659574468085,34,0.07218683651804671,11,True
"Hernández, César",514917,2016,R,151,530,138,47,12,10,0,30,1,41,4,2,0,109,0.34057971014492755,0.39072847682119205,0.39855072463768115,0.7892792014588732,0.0579710144927536,0.1986754966887417,0.07947019867549669,0.43119266055045874,0.3423758389261744,265.0,56.0,0.21132075471698114,83.0,267.0,0.31086142322097376,109.0,31.0,0.28440366972477066,109.0,1.0,0.009174311926605505,8,0.052980132450331126,12,True
"Hernández, César",514917,2017,L,398,1649,351,105,43,43,3,83,1,83,13,2,7,269,0.29914529914529914,0.3793969849246231,0.4074074074074074,0.7868043923320305,0.10826210826210825,0.20854271356783918,0.10804020100502512,0.37404580152671757,0.34607788944723616,674.0,140.0,0.20771513353115728,175.0,825.0,0.21212121212121213,269.0,71.0,0.26394052044609667,269.0,6.0,0.022304832713754646,28,0.07035175879396985,11,True
"Hernández, César",514917,2017,R,178,667,160,45,17,17,1,21,0,26,13,4,2,139,0.28125,0.3539325842696629,0.45,0.803932584269663,0.16875,0.11797752808988764,0.09550561797752809,0.31386861313868614,0.34544943820224716,278.0,58.0,0.20863309352517986,60.0,326.0,0.18404907975460122,139.0,50.0,0.3597122302158273,139.0,6.0,0.04316546762589928,9,0.05056179775280899,12,True
"Hernández, César",514917,2018,L,528,2245,454,112,66,66,4,123,3,84,12,2,14,335,0.24669603524229075,0.34535104364326374,0.3744493392070485,0.7198003828503122,0.12775330396475773,0.23295454545454544,0.125,0.30625,0.3204819734345351,872.0,184.0,0.21100917431192662,207.0,1114.0,0.18581687612208259,335.0,83.0,0.24776119402985075,335.0,15.0,0.04477611940298507,46,0.08712121212121213,11,True
"Hernández, César",514917,2018,R,176,764,151,41,25,25,0,32,0,36,3,1,1,119,0.271523178807947,0.375,0.32450331125827814,0.6995033112582781,0.05298013245033112,0.18181818181818182,0.14204545454545456,0.3389830508474576,0.31977272727272726,278.0,49.0,0.17625899280575538,62.0,384.0,0.16145833333333334,119.0,46.0,0.3865546218487395,119.0,4.0,0.03361344537815126,17,0.09659090909090909,12,True
"Hernández, César",514917,2019,L,479,1926,441,126,30,30,6,78,2,88,22,3,13,365,0.2857142857142857,0.33820459290187893,0.4376417233560091,0.775846316257888,0.1519274376417234,0.162839248434238,0.06263048016701461,0.3210227272727273,0.33017745302713986,868.0,150.0,0.1728110599078341,262.0,976.0,0.26844262295081966,365.0,104.0,0.28493150684931506,365.0,13.0,0.03561643835616438,57,0.11899791231732777,11,True
"Hernández, César",514917,2019,R,184,674,171,45,11,11,0,22,2,35,9,0,1,151,0.2631578947368421,0.30434782608695654,0.3333333333333333,0.6376811594202898,0.07017543859649122,0.11956521739130435,0.059782608695652176,0.29333333333333333,0.27680978260869565,327.0,55.0,0.16819571865443425,100.0,333.0,0.3003003003003003,151.0,42.0,0.2781456953642384,151.0,1.0,0.006622516556291391,16,0.08695652173913043,12,True
"Herrera, Odúbel",546318,2015,L,537,2155,495,147,28,28,8,129,1,106,30,3,8,372,0.296969696969697,0.34398496240601506,0.41818181818181815,0.7621667805878332,0.12121212121212116,0.24022346368715083,0.0521415270018622,0.3871866295264624,0.33336090225563914,1077.0,274.0,0.25441039925719594,408.0,1158.0,0.35233160621761656,372.0,126.0,0.3387096774193548,372.0,12.0,0.03225806451612903,43,0.08007448789571694,11,True
"Herrera, Odúbel",546318,2016,L,656,2643,583,167,63,56,6,134,2,125,21,6,15,453,0.2864493996569468,0.36085626911314983,0.4202401372212693,0.7810964063344191,0.13379073756432247,0.20426829268292682,0.09603658536585366,0.3486238532110092,0.33770170015455947,1292.0,304.0,0.23529411764705882,524.0,1523.0,0.34405778069599474,453.0,140.0,0.3090507726269316,453.0,19.0,0.04194260485651214,55,0.08384146341463415,11,True
"Herrera, Odúbel",546318,2017,L,560,2180,527,148,27,27,4,126,2,89,42,3,14,402,0.2808349146110057,0.3196428571428571,0.45161290322580644,0.7712557603686636,0.17077798861480076,0.225,0.048214285714285716,0.3444730077120823,0.32817142857142856,1163.0,309.0,0.2656921754084265,449.0,1177.0,0.38147833474936277,402.0,131.0,0.32587064676616917,402.0,25.0,0.06218905472636816,59,0.10535714285714286,11,True
"Herrera, Odúbel",546318,2018,L,594,2319,550,140,35,35,7,122,0,96,19,3,22,430,0.2545454545454545,0.30743243243243246,0.42,0.7274324324324324,0.16545454545454547,0.2053872053872054,0.058922558922558925,0.29064039408866993,0.3155050675675676,1215.0,335.0,0.2757201646090535,474.0,1238.0,0.38287560581583197,430.0,136.0,0.31627906976744186,430.0,21.0,0.04883720930232558,75,0.12626262626262627,11,True
"Herrera, Odúbel",546318,2019,L,139,533,126,28,11,11,1,33,1,16,10,1,1,94,0.2222222222222222,0.28776978417266186,0.3412698412698413,0.6290396254425031,0.11904761904761907,0.23741007194244604,0.07913669064748201,0.2903225806451613,0.27243165467625896,277.0,79.0,0.2851985559566787,101.0,287.0,0.3519163763066202,94.0,29.0,0.30851063829787234,94.0,4.0,0.0425531914893617,17,0.1223021582733813,11,True
"Herrera, Odúbel",546318,2021,L,492,1939,450,117,29,29,6,77,5,75,27,2,13,379,0.26,0.31020408163265306,0.41555555555555557,0.7257596371882087,0.15555555555555556,0.1565040650406504,0.05894308943089431,0.28493150684931506,0.3124204081632653,975.0,195.0,0.2,327.0,1008.0,0.3244047619047619,379.0,152.0,0.40105540897097625,379.0,18.0,0.047493403693931395,53,0.10772357723577236,11,True
"Herrera, Odúbel",546318,2022,L,197,737,185,44,11,11,0,42,1,29,9,1,5,144,0.23783783783783785,0.27918781725888325,0.3783783783783784,0.6575661956372616,0.14054054054054055,0.2131979695431472,0.05583756345177665,0.2805755395683453,0.28692893401015224,388.0,93.0,0.23969072164948454,150.0,390.0,0.38461538461538464,144.0,54.0,0.375,144.0,7.0,0.04861111111111111,22,0.1116751269035533,11,True
"Herrmann, Frank",497807,2016,L,1,3,1,0,0,0,0,1,0,0,0,0,0,0,0.0,0.0,0.0,0.0,0.0,1.0,0.0,,0.0,1.0,0.0,0.0,0.0,,,,,,,,,0,0.0,11,False
"Hill, Derek",656537,2026,R,91,361,85,22,5,5,0,34,0,15,2,0,5,52,0.25882352941176473,0.3,0.4588235294117647,0.7588235294117647,0.19999999999999996,0.37362637362637363,0.054945054945054944,0.3695652173913043,0.32849999999999996,180.0,63.0,0.35,66.0,185.0,0.3567567567567568,52.0,18.0,0.34615384615384615,52.0,6.0,0.11538461538461539,17,0.18681318681318682,12,True
"Hoskins, Rhys",656555,2017,R,211,985,170,44,36,36,3,46,2,19,7,0,18,126,0.25882352941176473,0.3933649289099526,0.6176470588235294,1.011011987733482,0.3588235294117647,0.21800947867298578,0.17061611374407584,0.24074074074074073,0.41727014218009484,378.0,78.0,0.20634920634920634,95.0,498.0,0.19076305220883535,126.0,57.0,0.4523809523809524,126.0,17.0,0.1349206349206349,49,0.23222748815165878,12,True
"Hoskins, Rhys",656555,2018,L,1,1,1,0,0,0,0,1,0,0,0,0,0,0,0.0,0.0,0.0,0.0,0.0,1.0,0.0,,0.0,1.0,1.0,1.0,0.0,,,,,,,,,0,0.0,11,False
"Hoskins, Rhys",656555,2018,R,657,2919,557,137,85,85,9,149,5,65,38,0,34,413,0.2459605026929982,0.3521341463414634,0.49730700179533216,0.8494411481367956,0.251346499102334,0.2267884322678843,0.1293759512937595,0.2717678100263852,0.3639786585365854,1143.0,249.0,0.2178477690288714,294.0,1492.0,0.1970509383378016,413.0,161.0,0.3898305084745763,413.0,47.0,0.11380145278450363,99,0.1506849315068493,12,True
"Hoskins, Rhys",656555,2019,R,699,3223,570,129,110,110,11,173,6,62,33,5,29,403,0.22631578947368422,0.3586800573888092,0.4543859649122807,0.8130660223010899,0.2280701754385965,0.2474964234620887,0.15736766809728184,0.26737967914438504,0.34693687230989956,1264.0,293.0,0.23180379746835442,373.0,1691.0,0.22057953873447664,403.0,156.0,0.3870967741935484,403.0,39.0,0.0967741935483871,88,0.12589413447782546,12,True
"Hoskins, Rhys",656555,2020,R,185,769,151,37,29,29,5,43,0,18,9,0,10,108,0.24503311258278146,0.3837837837837838,0.5033112582781457,0.8870950420619295,0.2582781456953642,0.23243243243243245,0.15675675675675677,0.2755102040816326,0.3823621621621621,319.0,85.0,0.2664576802507837,86.0,387.0,0.2222222222222222,108.0,46.0,0.42592592592592593,108.0,16.0,0.14814814814814814,27,0.14594594594594595,12,True
"Hoskins, Rhys",656555,2021,R,443,1886,389,96,47,47,5,108,2,40,29,0,27,283,0.2467866323907455,0.3340857787810384,0.5295629820051414,0.8636487607861798,0.2827763496143959,0.24379232505643342,0.10609480812641084,0.26953125,0.3645620767494357,837.0,221.0,0.2640382317801673,242.0,958.0,0.25260960334029225,283.0,131.0,0.4628975265017668,283.0,48.0,0.1696113074204947,72,0.16252821670428894,12,True
"Hoskins, Rhys",656555,2022,R,745,3211,658,156,76,76,6,193,4,84,34,2,36,469,0.23708206686930092,0.31989247311827956,0.45896656534954405,0.7788590384678236,0.22188449848024314,0.25906040268456376,0.10201342281879194,0.27713625866050806,0.33818279569892473,1350.0,350.0,0.25925925925925924,375.0,1608.0,0.2332089552238806,469.0,203.0,0.43283582089552236,469.0,54.0,0.11513859275053305,93,0.12483221476510067,12,True
"Howard, Ryan",429667,2015,L,502,1897,467,107,27,25,5,138,3,54,29,1,23,332,0.2291220556745182,0.27689243027888444,0.44325481798715205,0.7201472482660365,0.21413276231263384,0.2749003984063745,0.053784860557768925,0.27184466019417475,0.30770400000000003,1036.0,330.0,0.3185328185328185,391.0,1051.0,0.3720266412940057,332.0,150.0,0.45180722891566266,332.0,39.0,0.11746987951807229,82,0.16334661354581673,11,True
"Howard, Ryan",429667,2016,L,363,1372,332,65,27,25,1,114,3,30,10,0,25,220,0.19578313253012047,0.256198347107438,0.45180722891566266,0.7080055760231007,0.2560240963855422,0.3140495867768595,0.0743801652892562,0.20408163265306123,0.2967617728531856,755.0,259.0,0.343046357615894,301.0,794.0,0.3790931989924433,220.0,105.0,0.4772727272727273,220.0,34.0,0.15454545454545454,62,0.17079889807162535,11,True
"Howard, Spencer",675921,2021,R,7,34,6,2,0,0,0,3,0,1,1,0,0,4,0.3333333333333333,0.3333333333333333,0.5,0.8333333333333333,0.16666666666666669,0.42857142857142855,0.0,0.6666666666666666,0.3535,10.0,3.0,0.3,1.0,12.0,0.08333333333333333,4.0,1.0,0.25,4.0,0.0,0.0,0,0.0,12,False
"Hunter, Cedric",501986,2016,L,36,126,34,3,2,2,0,6,0,2,0,0,1,28,0.08823529411764706,0.1388888888888889,0.17647058823529413,0.315359477124183,0.08823529411764706,0.16666666666666666,0.05555555555555555,0.07407407407407407,0.1431388888888889,69.0,10.0,0.14492753623188406,29.0,68.0,0.4264705882352941,28.0,7.0,0.25,28.0,1.0,0.03571428571428571,1,0.027777777777777776,11,True
"Hunter, Tommy",488984,2018,R,1,4,1,0,0,0,0,0,0,0,0,0,0,1,0.0,0.0,0.0,0.0,0.0,0.0,0.0,0.0,0.0,4.0,2.0,0.5,1.0,1.0,1.0,1.0,0.0,0.0,1.0,0.0,0.0,0,0.0,12,False
"Hutchison, Drew",571800,2018,L,4,19,3,1,1,1,0,1,0,1,0,0,0,2,0.3333333333333333,0.5,0.3333333333333333,0.8333333333333333,0.0,0.25,0.25,0.5,0.39249999999999996,3.0,1.0,0.3333333333333333,1.0,11.0,0.09090909090909091,2.0,1.0,0.5,2.0,0.0,0.0,0,0.0,11,False
"Irvin, Cole",608344,2019,L,8,35,6,1,2,2,0,2,0,1,0,0,0,4,0.16666666666666666,0.375,0.16666666666666666,0.5416666666666666,0.0,0.25,0.25,0.25,0.28125,16.0,4.0,0.25,7.0,17.0,0.4117647058823529,4.0,1.0,0.25,4.0,0.0,0.0,0,0.0,11,False
"Jankowski, Travis",608671,2021,L,153,583,131,33,18,18,1,29,0,24,6,2,1,104,0.25190839694656486,0.3466666666666667,0.3511450381679389,0.6978117048346055,0.09923664122137404,0.1895424836601307,0.11764705882352941,0.31683168316831684,0.31246,238.0,44.0,0.18487394957983194,43.0,270.0,0.15925925925925927,104.0,21.0,0.20192307692307693,104.0,2.0,0.019230769230769232,10,0.06535947712418301,11,True
"Joseph, Tommy",571830,2016,R,347,1322,315,81,22,22,4,75,6,45,15,0,21,246,0.2571428571428571,0.30835734870317005,0.5047619047619047,0.8131192534650749,0.24761904761904763,0.21613832853025935,0.06340057636887608,0.26666666666666666,0.34161671469740634,670.0,155.0,0.23134328358208955,239.0,710.0,0.33661971830985915,246.0,103.0,0.4186991869918699,246.0,29.0,0.11788617886178862,51,0.14697406340057637,12,True
"Joseph, Tommy",571830,2017,R,532,2026,495,119,32,32,2,129,3,69,27,1,22,369,0.2404040404040404,0.287593984962406,0.43232323232323233,0.7199172172856383,0.19191919191919193,0.2424812030075188,0.06015037593984962,0.27953890489913547,0.30547180451127826,1005.0,267.0,0.2656716417910448,378.0,1098.0,0.3442622950819672,369.0,148.0,0.4010840108401084,369.0,27.0,0.07317073170731707,71,0.13345864661654136,12,True
"Joyce, Matt",459964,2021,L,67,272,55,5,10,10,1,16,1,2,1,0,2,40,0.09090909090909091,0.23880597014925373,0.21818181818181817,0.4569877883310719,0.12727272727272726,0.23880597014925373,0.14925373134328357,0.07894736842105263,0.2187462686567164,122.0,37.0,0.30327868852459017,30.0,139.0,0.2158273381294964,40.0,11.0,0.275,40.0,4.0,0.1,9,0.13432835820895522,11,True
"Kelly, Ty",571841,2017,L,70,284,60,12,6,6,0,14,1,5,5,0,2,50,0.2,0.26865671641791045,0.38333333333333336,0.6519900497512439,0.18333333333333335,0.2,0.08571428571428572,0.2222222222222222,0.27855223880597013,111.0,27.0,0.24324324324324326,25.0,132.0,0.1893939393939394,50.0,10.0,0.2,50.0,2.0,0.04,12,0.17142857142857143,11,True
"Kelly, Ty",571841,2017,R,34,143,28,5,2,2,1,10,2,3,2,0,0,21,0.17857142857142858,0.24242424242424243,0.25,0.49242424242424243,0.07142857142857142,0.29411764705882354,0.058823529411764705,0.25,0.21830303030303033,52.0,9.0,0.17307692307692307,11.0,66.0,0.16666666666666666,21.0,2.0,0.09523809523809523,21.0,0.0,0.0,4,0.11764705882352941,12,True
"Kemp, Otto",805249,2025,R,220,827,199,46,12,12,7,69,2,27,11,0,8,132,0.23115577889447236,0.29545454545454547,0.40703517587939697,0.7024897213339425,0.1758793969849246,0.31363636363636366,0.05454545454545454,0.3064516129032258,0.3055818181818182,424.0,148.0,0.3490566037735849,121.0,413.0,0.2929782082324455,132.0,59.0,0.44696969696969696,132.0,16.0,0.12121212121212122,28,0.12727272727272726,12,True
"Kemp, Otto",805249,2026,R,27,120,25,2,1,1,1,10,0,2,0,0,0,15,0.08,0.14814814814814814,0.08,0.22814814814814816,0.0,0.37037037037037035,0.037037037037037035,0.13333333333333333,0.1187037037037037,58.0,22.0,0.3793103448275862,23.0,68.0,0.3382352941176471,15.0,2.0,0.13333333333333333,15.0,0.0,0.0,0,0.0,12,True
"Kendrick, Howie",435062,2017,R,156,620,141,48,11,11,3,30,1,37,8,1,2,112,0.3404255319148936,0.3974358974358974,0.45390070921985815,0.8513366066557555,0.11347517730496454,0.19230769230769232,0.07051282051282051,0.41818181818181815,0.36928846153846157,293.0,64.0,0.21843003412969283,94.0,313.0,0.3003194888178914,112.0,38.0,0.3392857142857143,112.0,10.0,0.08928571428571429,16,0.10256410256410256,12,True
"Kennedy, Buddy",671083,2024,R,13,58,11,2,2,2,0,3,0,1,1,0,0,8,0.18181818181818182,0.3076923076923077,0.2727272727272727,0.5804195804195804,0.09090909090909088,0.23076923076923078,0.15384615384615385,0.25,0.2703076923076923,19.0,4.0,0.21052631578947367,4.0,29.0,0.13793103448275862,8.0,4.0,0.5,8.0,0.0,0.0,2,0.15384615384615385,12,True
"Kennedy, Buddy",671083,2025,R,8,27,7,0,1,1,0,2,0,0,0,0,0,5,0.0,0.125,0.0,0.125,0.0,0.25,0.125,0.0,0.086375,11.0,5.0,0.45454545454545453,1.0,11.0,0.09090909090909091,5.0,0.0,0.0,5.0,0.0,0.0,0,0.0,12,False
"Kepler, Max",596146,2025,L,487,1890,430,92,48,48,4,95,4,53,20,1,18,339,0.21395348837209302,0.2962962962962963,0.39069767441860465,0.6869939707149009,0.17674418604651163,0.19507186858316222,0.09856262833675565,0.23052959501557632,0.3006008230452675,905.0,215.0,0.23756906077348067,251.0,952.0,0.26365546218487396,339.0,149.0,0.43952802359882004,339.0,38.0,0.11209439528023599,53,0.10882956878850103,11,True
"Kim, Hyun Soo",547957,2017,L,96,404,87,20,9,9,0,19,0,15,4,1,0,68,0.22988505747126436,0.3020833333333333,0.2988505747126437,0.600933908045977,0.06896551724137934,0.19791666666666666,0.09375,0.29411764705882354,0.2695,171.0,29.0,0.1695906432748538,37.0,201.0,0.18407960199004975,68.0,28.0,0.4117647058823529,68.0,5.0,0.07352941176470588,5,0.052083333333333336,11,True
"Kingery, Scott",664068,2018,R,483,1964,452,102,23,23,3,126,5,69,23,2,8,331,0.22566371681415928,0.2650103519668737,0.33849557522123896,0.6035059271881127,0.11283185840707968,0.2608695652173913,0.047619047619047616,0.29102167182662536,0.2625983436853002,1009.0,293.0,0.29038652130822595,332.0,907.0,0.36604189636163176,331.0,103.0,0.311178247734139,331.0,17.0,0.0513595166163142,37,0.07660455486542443,12,True
"Kingery, Scott",664068,2019,R,499,1973,458,118,33,33,5,147,2,61,34,4,19,314,0.2576419213973799,0.3132530120481928,0.4737991266375546,0.7870521386857474,0.21615720524017468,0.29458917835671344,0.06613226452905811,0.336734693877551,0.32889357429718874,998.0,318.0,0.3186372745490982,322.0,1033.0,0.3117134559535334,314.0,122.0,0.3885350318471338,314.0,25.0,0.07961783439490445,55,0.11022044088176353,12,True
"Kingery, Scott",664068,2020,R,124,468,113,18,9,9,1,35,0,10,5,0,3,79,0.1592920353982301,0.22764227642276422,0.2831858407079646,0.5108281171307288,0.12389380530973451,0.28225806451612906,0.07258064516129033,0.2,0.22744715447154473,241.0,76.0,0.3153526970954357,74.0,233.0,0.31759656652360513,79.0,25.0,0.31645569620253167,79.0,8.0,0.10126582278481013,6,0.04838709677419355,12,True
"Kingery, Scott",664068,2021,R,19,75,19,1,0,0,0,12,0,1,0,0,0,7,0.05263157894736842,0.05263157894736842,0.05263157894736842,0.10526315789473684,0.0,0.631578947368421,0.0,0.14285714285714285,0.04626315789473684,44.0,26.0,0.5909090909090909,16.0,37.0,0.43243243243243246,7.0,0.0,0.0,7.0,0.0,0.0,0,0.0,12,True
"Klein, Phil",607309,2016,R,2,9,2,0,0,0,0,2,0,0,0,0,0,0,0.0,0.0,0.0,0.0,0.0,1.0,0.0,,0.0,4.0,2.0,0.5,3.0,6.0,0.5,,,,,,,0,0.0,12,False
"Knapp, Andrew",595284,2017,L,159,652,135,36,22,22,0,44,2,27,5,1,3,92,0.26666666666666666,0.36477987421383645,0.3851851851851852,0.7499650593990217,0.11851851851851852,0.27672955974842767,0.13836477987421383,0.36666666666666664,0.3306729559748427,272.0,76.0,0.27941176470588236,65.0,331.0,0.19637462235649547,92.0,33.0,0.358695652173913,92.0,3.0,0.03260869565217391,14,0.0880503144654088,11,True
"Knapp, Andrew",595284,2017,R,42,165,37,8,5,5,0,12,0,5,3,0,0,25,0.21621621621621623,0.30952380952380953,0.2972972972972973,0.6068211068211069,0.08108108108108109,0.2857142857142857,0.11904761904761904,0.32,0.2749047619047619,72.0,19.0,0.2638888888888889,15.0,78.0,0.19230769230769232,25.0,14.0,0.56,25.0,0.0,0.0,1,0.023809523809523808,12,True
"Knapp, Andrew",595284,2018,L,173,709,157,32,15,15,0,61,1,21,6,2,3,97,0.20382165605095542,0.27167630057803466,0.3248407643312102,0.5965170649092448,0.12101910828025475,0.35260115606936415,0.08670520231213873,0.30851063829787234,0.26335838150289015,345.0,116.0,0.336231884057971,83.0,345.0,0.24057971014492754,97.0,39.0,0.4020618556701031,97.0,9.0,0.09278350515463918,11,0.06358381502890173,11,True
"Knapp, Andrew",595284,2018,R,41,181,30,5,8,8,2,14,0,4,0,0,1,17,0.16666666666666666,0.375,0.26666666666666666,0.6416666666666666,0.1,0.34146341463414637,0.1951219512195122,0.26666666666666666,0.31277499999999997,76.0,31.0,0.40789473684210525,18.0,100.0,0.18,17.0,6.0,0.35294117647058826,17.0,1.0,0.058823529411764705,4,0.0975609756097561,12,True
"Knapp, Andrew",595284,2019,L,121,514,104,21,12,12,3,40,0,12,7,0,2,66,0.20192307692307693,0.3025210084033613,0.3269230769230769,0.6294440853264383,0.125,0.3305785123966942,0.09917355371900827,0.3064516129032258,0.27963025210084036,264.0,82.0,0.3106060606060606,71.0,258.0,0.2751937984496124,66.0,25.0,0.3787878787878788,66.0,6.0,0.09090909090909091,6,0.049586776859504134,11,True
"Knapp, Andrew",595284,2019,R,37,129,32,8,4,4,0,11,0,6,2,0,0,22,0.25,0.3333333333333333,0.3125,0.6458333333333333,0.0625,0.2972972972972973,0.10810810810810811,0.38095238095238093,0.28927777777777774,69.0,22.0,0.3188405797101449,23.0,69.0,0.3333333333333333,22.0,12.0,0.5454545454545454,22.0,2.0,0.09090909090909091,2,0.05405405405405406,12,True
"Knapp, Andrew",595284,2020,L,73,292,56,15,15,15,1,17,1,9,3,1,2,40,0.26785714285714285,0.4246575342465753,0.4642857142857143,0.8889432485322897,0.19642857142857145,0.2328767123287671,0.2054794520547945,0.34210526315789475,0.3889041095890411,132.0,44.0,0.3333333333333333,32.0,153.0,0.20915032679738563,40.0,15.0,0.375,40.0,4.0,0.1,13,0.1780821917808219,11,True
"Knapp, Andrew",595284,2020,R,16,53,16,5,0,0,0,2,0,4,1,0,0,14,0.3125,0.3125,0.375,0.6875,0.0625,0.125,0.0,0.35714285714285715,0.298125,29.0,5.0,0.1724137931034483,9.0,23.0,0.391304347826087,14.0,3.0,0.21428571428571427,14.0,0.0,0.0,2,0.125,12,True
"Knapp, Andrew",595284,2021,L,109,437,97,16,8,8,2,40,1,12,2,0,2,59,0.16494845360824742,0.24074074074074073,0.24742268041237114,0.48816342115311184,0.08247422680412372,0.3669724770642202,0.07339449541284404,0.25,0.22246296296296297,244.0,97.0,0.3975409836065574,73.0,215.0,0.3395348837209302,59.0,18.0,0.3050847457627119,59.0,3.0,0.05084745762711865,9,0.08256880733944955,11,True
"Knapp, Andrew",595284,2021,R,50,182,48,6,2,2,0,21,0,5,1,0,0,27,0.125,0.16,0.14583333333333334,0.30583333333333335,0.020833333333333343,0.42,0.04,0.2222222222222222,0.14042,104.0,34.0,0.3269230769230769,42.0,97.0,0.4329896907216495,27.0,9.0,0.3333333333333333,27.0,0.0,0.0,2,0.04,12,True
"Kratz, Erik",456124,2015,R,23,87,22,5,1,1,0,3,0,3,2,0,0,19,0.22727272727272727,0.2608695652173913,0.3181818181818182,0.5790513833992095,0.09090909090909091,0.13043478260869565,0.043478260869565216,0.2631578947368421,0.254,46.0,11.0,0.2391304347826087,15.0,42.0,0.35714285714285715,19.0,1.0,0.05263157894736842,19.0,0.0,0.0,2,0.08695652173913043,12,True
"Leiter Jr., Mark",643410,2017,R,26,105,25,2,0,0,0,12,0,2,0,0,0,14,0.08,0.08,0.08,0.16,0.0,0.46153846153846156,0.0,0.15384615384615385,0.07016,59.0,15.0,0.2542372881355932,17.0,41.0,0.4146341463414634,14.0,2.0,0.14285714285714285,14.0,0.0,0.0,1,0.038461538461538464,12,True
"Leiter Jr., Mark",643410,2018,R,3,13,3,0,0,0,0,2,0,0,0,0,0,1,0.0,0.0,0.0,0.0,0.0,0.6666666666666666,0.0,0.0,0.0,3.0,2.0,0.6666666666666666,0.0,5.0,0.0,1.0,0.0,0.0,1.0,0.0,0.0,0,0.0,12,False
"Lively, Ben",594902,2017,R,26,73,26,6,0,0,0,9,0,4,0,0,2,17,0.23076923076923078,0.23076923076923078,0.46153846153846156,0.6923076923076923,0.23076923076923078,0.34615384615384615,0.0,0.26666666666666666,0.28723076923076923,46.0,18.0,0.391304347826087,9.0,26.0,0.34615384615384615,17.0,7.0,0.4117647058823529,17.0,1.0,0.058823529411764705,8,0.3076923076923077,12,True
"Lively, Ben",594902,2018,R,7,32,7,0,0,0,0,2,0,0,0,0,0,5,0.0,0.0,0.0,0.0,0.0,0.2857142857142857,0.0,0.0,0.0,18.0,4.0,0.2222222222222222,3.0,13.0,0.23076923076923078,5.0,2.0,0.4,5.0,0.0,0.0,0,0.0,12,False
"Loewen, Adam",429400,2015,L,3,9,3,1,0,0,0,0,0,1,0,0,0,3,0.3333333333333333,0.3333333333333333,0.3333333333333333,0.6666666666666666,0.0,0.0,0.0,0.3333333333333333,0.2936666666666667,4.0,1.0,0.25,1.0,5.0,0.2,3.0,1.0,0.3333333333333333,3.0,0.0,0.0,0,0.0,11,False
"Lough, David",518953,2016,L,79,290,67,16,9,8,2,8,1,12,3,1,0,60,0.23880597014925373,0.34177215189873417,0.31343283582089554,0.6552049877196298,0.07462686567164181,0.10126582278481013,0.11392405063291139,0.26666666666666666,0.2923205128205128,133.0,22.0,0.16541353383458646,55.0,166.0,0.3313253012048193,60.0,14.0,0.23333333333333334,60.0,0.0,0.0,4,0.05063291139240506,11,True
"Marchán, Rafael",665561,2020,L,9,33,8,4,1,1,0,2,0,3,0,0,1,6,0.5,0.5555555555555556,0.875,1.4305555555555556,0.375,0.2222222222222222,0.1111111111111111,0.6,0.5918888888888889,18.0,6.0,0.3333333333333333,9.0,22.0,0.4090909090909091,6.0,3.0,0.5,6.0,1.0,0.16666666666666666,3,0.3333333333333333,11,False
"Marchán, Rafael",665561,2021,L,32,117,29,5,3,3,0,5,0,4,1,0,0,24,0.1724137931034483,0.25,0.20689655172413793,0.4568965517241379,0.03448275862068964,0.15625,0.09375,0.20833333333333334,0.2135625,51.0,9.0,0.17647058823529413,19.0,60.0,0.31666666666666665,24.0,4.0,0.16666666666666666,24.0,0.0,0.0,1,0.03125,11,True
"Marchán, Rafael",665561,2021,R,24,76,23,7,1,1,0,5,0,5,0,1,1,18,0.30434782608695654,0.3333333333333333,0.5217391304347826,0.855072463768116,0.21739130434782605,0.20833333333333334,0.041666666666666664,0.35294117647058826,0.3609166666666666,37.0,5.0,0.13513513513513514,11.0,41.0,0.2682926829268293,18.0,4.0,0.2222222222222222,18.0,0.0,0.0,3,0.125,12,True
"Marchán, Rafael",665561,2024,L,32,124,29,9,2,2,1,5,0,5,3,0,1,24,0.3103448275862069,0.375,0.5172413793103449,0.8922413793103449,0.20689655172413796,0.15625,0.0625,0.34782608695652173,0.385,57.0,9.0,0.15789473684210525,16.0,57.0,0.2807017543859649,24.0,7.0,0.2916666666666667,24.0,2.0,0.08333333333333333,4,0.125,11,True
"Marchán, Rafael",665561,2024,R,24,71,22,6,1,1,0,3,0,3,1,0,2,20,0.2727272727272727,0.30434782608695654,0.5909090909090909,0.8952569169960475,0.31818181818181823,0.125,0.041666666666666664,0.23529411764705882,0.37778260869565217,33.0,5.0,0.15151515151515152,6.0,29.0,0.20689655172413793,20.0,7.0,0.35,20.0,2.0,0.1,2,0.08333333333333333,12,True
"Marchán, Rafael",665561,2025,L,84,323,76,14,6,6,1,13,1,9,3,0,2,63,0.18421052631578946,0.25,0.3026315789473684,0.5526315789473684,0.11842105263157895,0.15476190476190477,0.07142857142857142,0.1935483870967742,0.2456666666666667,153.0,35.0,0.22875816993464052,48.0,163.0,0.294478527607362,63.0,11.0,0.1746031746031746,63.0,2.0,0.031746031746031744,13,0.15476190476190477,11,True
"Marchán, Rafael",665561,2025,R,35,136,30,8,4,4,0,4,0,7,1,0,0,27,0.26666666666666666,0.35294117647058826,0.3,0.6529411764705882,0.033333333333333326,0.11428571428571428,0.11428571428571428,0.3076923076923077,0.2997058823529412,53.0,12.0,0.22641509433962265,6.0,62.0,0.0967741935483871,27.0,9.0,0.3333333333333333,27.0,0.0,0.0,1,0.02857142857142857,12,True
"Marchán, Rafael",665561,2026,L,63,253,60,6,2,2,1,9,0,5,0,0,1,51,0.1,0.14285714285714285,0.15,0.2928571428571428,0.04999999999999999,0.14285714285714285,0.031746031746031744,0.1,0.13673015873015873,128.0,24.0,0.1875,42.0,127.0,0.33070866141732286,51.0,9.0,0.17647058823529413,51.0,1.0,0.0196078431372549,4,0.06349206349206349,11,True
"Marchán, Rafael",665561,2026,R,29,109,28,3,0,0,1,5,0,2,0,0,1,23,0.10714285714285714,0.13793103448275862,0.21428571428571427,0.35221674876847286,0.10714285714285714,0.1724137931034483,0.0,0.09090909090909091,0.15693103448275864,52.0,6.0,0.11538461538461539,16.0,50.0,0.32,23.0,5.0,0.21739130434782608,23.0,1.0,0.043478260869565216,2,0.06896551724137931,12,True
"Marsh, Brandon",669016,2022,L,183,709,171,45,10,10,1,58,0,26,12,2,5,114,0.2631578947368421,0.3076923076923077,0.4444444444444444,0.7521367521367521,0.18128654970760233,0.31693989071038253,0.0546448087431694,0.37037037037037035,0.32575824175824175,344.0,89.0,0.25872093023255816,123.0,370.0,0.3324324324324324,114.0,46.0,0.40350877192982454,114.0,8.0,0.07017543859649122,21,0.11475409836065574,11,True
"Marsh, Brandon",669016,2023,L,511,2149,442,125,60,60,4,159,4,77,29,6,13,288,0.2828054298642534,0.37058823529411766,0.4638009049773756,0.8343891402714932,0.1809954751131222,0.3111545988258317,0.11741682974559686,0.40875912408759124,0.3611705882352941,915.0,256.0,0.2797814207650273,289.0,1133.0,0.25507502206531335,288.0,140.0,0.4861111111111111,288.0,29.0,0.10069444444444445,65,0.12720156555772993,11,True
"Marsh, Brandon",669016,2024,L,491,2059,433,105,50,50,2,157,5,69,17,3,16,280,0.24249422632794457,0.32040816326530613,0.4064665127020785,0.7268746759673846,0.16397228637413394,0.319755600814664,0.10183299389002037,0.33584905660377357,0.3176244897959183,854.0,235.0,0.275175644028103,263.0,1100.0,0.2390909090909091,280.0,131.0,0.46785714285714286,280.0,27.0,0.09642857142857143,60,0.12219959266802444,11,True
"Marsh, Brandon",669016,2025,L,441,1716,394,107,38,38,0,115,5,69,25,2,11,285,0.2715736040609137,0.3318077803203661,0.4289340101522843,0.7607417904726503,0.15736040609137059,0.26077097505668934,0.08616780045351474,0.3516483516483517,0.3294988558352403,809.0,193.0,0.23856613102595797,258.0,882.0,0.2925170068027211,285.0,133.0,0.4666666666666667,285.0,25.0,0.08771929824561403,46,0.10430839002267574,11,True
"Marsh, Brandon",669016,2026,L,473,1767,437,119,29,24,2,119,4,83,17,2,17,323,0.2723112128146453,0.3177966101694915,0.43707093821510296,0.7548675483845945,0.16475972540045764,0.25158562367864695,0.0613107822410148,0.3344262295081967,0.3240920770877944,921.0,233.0,0.252985884907709,350.0,933.0,0.37513397642015006,323.0,146.0,0.4520123839009288,323.0,27.0,0.08359133126934984,60,0.12684989429175475,11,True
"Maton, Nick",665155,2021,L,131,512,117,30,10,10,2,39,1,20,7,1,2,80,0.2564102564102564,0.3230769230769231,0.38461538461538464,0.7076923076923077,0.12820512820512825,0.29770992366412213,0.07633587786259542,0.36363636363636365,0.30938461538461537,260.0,81.0,0.31153846153846154,72.0,236.0,0.3050847457627119,80.0,28.0,0.35,80.0,5.0,0.0625,16,0.12213740458015267,11,True
"Maton, Nick",665155,2022,L,86,368,73,18,10,10,1,29,2,10,2,1,5,46,0.2465753424657534,0.3372093023255814,0.5068493150684932,0.8440586173940745,0.26027397260273977,0.3372093023255814,0.11627906976744186,0.3170731707317073,0.3596860465116279,179.0,63.0,0.35195530726256985,62.0,201.0,0.30845771144278605,46.0,14.0,0.30434782608695654,46.0,3.0,0.06521739130434782,17,0.19767441860465115,11,True
"McCutchen, Andrew",457705,2019,R,262,1165,219,56,43,43,0,55,0,33,12,1,10,164,0.2557077625570776,0.37786259541984735,0.45662100456621,0.8344835999860574,0.2009132420091324,0.2099236641221374,0.16412213740458015,0.2987012987012987,0.35844656488549614,413.0,106.0,0.2566585956416465,85.0,580.0,0.14655172413793102,164.0,67.0,0.40853658536585363,164.0,12.0,0.07317073170731707,30,0.11450381679389313,12,True
"McCutchen, Andrew",457705,2020,R,241,974,217,55,22,22,1,48,1,36,9,0,10,170,0.2534562211981567,0.3236514522821577,0.43317972350230416,0.7568311757844619,0.17972350230414746,0.1991701244813278,0.0912863070539419,0.28125,0.32707883817427386,395.0,87.0,0.22025316455696203,102.0,476.0,0.21428571428571427,170.0,70.0,0.4117647058823529,170.0,14.0,0.08235294117647059,34,0.14107883817427386,12,True
"McCutchen, Andrew",457705,2021,R,572,2308,482,107,79,79,4,132,7,55,24,1,27,357,0.22199170124481327,0.3321678321678322,0.44398340248962653,0.7761512346574587,0.22199170124481327,0.23076923076923078,0.1381118881118881,0.24242424242424243,0.3347307692307692,963.0,249.0,0.2585669781931464,218.0,1139.0,0.19139596136962247,357.0,141.0,0.3949579831932773,357.0,32.0,0.0896358543417367,80,0.13986013986013987,12,True
"McGowan, Dustin",430661,2015,R,3,13,3,0,0,0,0,3,0,0,0,0,0,0,0.0,0.0,0.0,0.0,0.0,1.0,0.0,,0.0,5.0,3.0,0.6,1.0,6.0,0.16666666666666666,,,,,,,0,0.0,12,False
"Medina, Adonis",658431,2021,R,1,3,1,0,0,0,0,1,0,0,0,0,0,0,0.0,0.0,0.0,0.0,0.0,1.0,0.0,,0.0,2.0,1.0,0.5,1.0,1.0,1.0,,,,,,,0,0.0,12,False
"Mercado, Óscar",640458,2022,R,1,3,1,0,0,0,0,1,0,0,0,0,0,0,0.0,0.0,0.0,0.0,0.0,1.0,0.0,,0.0,2.0,1.0,0.5,1.0,1.0,1.0,,,,,,,0,0.0,12,False
"Merrifield, Whit",593160,2024,R,175,633,157,31,15,15,2,19,0,23,4,1,3,138,0.19745222929936307,0.27586206896551724,0.2929936305732484,0.5688556995387657,0.09554140127388533,0.10857142857142857,0.08571428571428572,0.2074074074074074,0.2575689655172414,310.0,58.0,0.1870967741935484,88.0,309.0,0.284789644012945,138.0,24.0,0.17391304347826086,138.0,4.0,0.028985507246376812,12,0.06857142857142857,12,True
"Miller, Brad",543543,2019,L,130,506,118,31,11,11,1,35,0,15,3,1,12,83,0.2627118644067797,0.33076923076923076,0.6101694915254238,0.9409387222946546,0.3474576271186441,0.2692307692307692,0.08461538461538462,0.2676056338028169,0.38322307692307694,236.0,73.0,0.3093220338983051,73.0,275.0,0.26545454545454544,83.0,39.0,0.46987951807228917,83.0,12.0,0.14457831325301204,21,0.16153846153846155,11,True
"Miller, Brad",543543,2021,L,375,1525,331,75,43,43,1,112,0,43,9,3,20,219,0.22658610271903323,0.31733333333333336,0.45317220543806647,0.7705055387713998,0.22658610271903323,0.2986666666666667,0.11466666666666667,0.27638190954773867,0.3314586666666666,700.0,216.0,0.30857142857142855,185.0,760.0,0.24342105263157895,219.0,105.0,0.4794520547945205,219.0,27.0,0.1232876712328767,50,0.13333333333333333,11,True
"Milner, Hoby",571948,2017,L,2,6,2,0,0,0,0,2,0,0,0,0,0,0,0.0,0.0,0.0,0.0,0.0,1.0,0.0,,0.0,4.0,3.0,0.75,2.0,2.0,1.0,,,,,,,0,0.0,11,False
"Moniak, Mickey",666160,2020,L,18,77,14,3,4,4,0,6,0,3,0,0,0,8,0.21428571428571427,0.3888888888888889,0.21428571428571427,0.6031746031746031,0.0,0.3333333333333333,0.2222222222222222,0.375,0.3025,32.0,16.0,0.5,13.0,46.0,0.2826086956521739,8.0,3.0,0.375,8.0,0.0,0.0,0,0.0,11,True
"Moniak, Mickey",666160,2021,L,36,134,33,3,2,2,0,16,0,2,0,0,1,18,0.09090909090909091,0.14285714285714285,0.18181818181818182,0.3246753246753247,0.09090909090909091,0.4444444444444444,0.05555555555555555,0.125,0.14711428571428573,73.0,30.0,0.410958904109589,28.0,71.0,0.39436619718309857,18.0,7.0,0.3888888888888889,18.0,1.0,0.05555555555555555,3,0.08333333333333333,11,True
"Moniak, Mickey",666160,2022,L,50,182,46,6,3,3,0,19,0,5,1,0,0,28,0.13043478260869565,0.1836734693877551,0.15217391304347827,0.33584738243123335,0.021739130434782622,0.38,0.06,0.2222222222222222,0.15812244897959185,102.0,35.0,0.3431372549019608,51.0,106.0,0.4811320754716981,28.0,8.0,0.2857142857142857,28.0,1.0,0.03571428571428571,2,0.04,11,True
"Moore, Dylan",664238,2026,R,15,81,12,0,3,3,0,6,0,0,0,0,0,6,0.0,0.2,0.0,0.2,0.0,0.4,0.2,0.0,0.1396,34.0,10.0,0.29411764705882354,12.0,46.0,0.2608695652173913,6.0,2.0,0.3333333333333333,6.0,0.0,0.0,0,0.0,12,True
"Moore, Matt",519043,2021,L,20,81,19,0,0,0,0,13,0,0,0,0,0,7,0.0,0.0,0.0,0.0,0.0,0.65,0.0,0.0,0.0,36.0,14.0,0.3888888888888889,11.0,32.0,0.34375,7.0,1.0,0.14285714285714285,7.0,0.0,0.0,0,0.0,11,True
"Morgan, Adam",605388,2015,L,27,93,26,2,0,0,0,12,0,1,1,0,0,15,0.07692307692307693,0.07692307692307693,0.11538461538461539,0.19230769230769232,0.038461538461538464,0.4444444444444444,0.0,0.14285714285714285,0.08219230769230769,45.0,17.0,0.37777777777777777,14.0,44.0,0.3181818181818182,15.0,2.0,0.13333333333333333,15.0,0.0,0.0,1,0.037037037037037035,11,True
"Morgan, Adam",605388,2016,L,36,124,32,3,1,1,0,11,0,2,1,0,0,24,0.09375,0.12121212121212122,0.125,0.24621212121212122,0.03125,0.3055555555555556,0.027777777777777776,0.14285714285714285,0.11178787878787878,52.0,14.0,0.2692307692307692,23.0,63.0,0.36507936507936506,24.0,0.0,0.0,24.0,0.0,0.0,1,0.027777777777777776,11,True
"Morgan, Adam",605388,2017,L,3,18,2,1,1,1,0,1,0,1,0,0,0,1,0.5,0.6666666666666666,0.5,1.1666666666666665,0.0,0.3333333333333333,0.3333333333333333,1.0,0.5233333333333333,6.0,1.0,0.16666666666666666,1.0,9.0,0.1111111111111111,1.0,0.0,0.0,1.0,0.0,0.0,0,0.0,11,False
"Morrison, Logan",489149,2019,L,38,156,35,7,3,3,0,10,0,4,1,0,2,25,0.2,0.2631578947368421,0.4,0.6631578947368422,0.2,0.2631578947368421,0.07894736842105263,0.21739130434782608,0.28018421052631576,83.0,20.0,0.24096385542168675,20.0,72.0,0.2777777777777778,25.0,7.0,0.28,25.0,3.0,0.12,4,0.10526315789473684,11,True
"Morton, Charlie",450203,2016,R,7,22,6,1,0,0,0,3,0,1,0,0,0,4,0.16666666666666666,0.16666666666666666,0.16666666666666666,0.3333333333333333,0.0,0.42857142857142855,0.0,0.3333333333333333,0.14633333333333334,13.0,4.0,0.3076923076923077,4.0,8.0,0.5,4.0,0.0,0.0,4.0,0.0,0.0,0,0.0,12,False
"Murray, Colton",605396,2016,R,1,3,1,0,0,0,0,1,0,0,0,0,0,0,0.0,0.0,0.0,0.0,0.0,1.0,0.0,,0.0,2.0,0.0,0.0,0.0,,,,,,,,,0,0.0,12,False
"Muzziotti, Símon",665922,2022,L,9,33,7,1,0,0,1,2,0,1,0,0,0,6,0.14285714285714285,0.25,0.14285714285714285,0.39285714285714285,0.0,0.2222222222222222,0.0,0.2,0.2005,14.0,3.0,0.21428571428571427,2.0,16.0,0.125,6.0,1.0,0.16666666666666666,6.0,0.0,0.0,0,0.0,11,False
"Muñoz, Yairo",622168,2022,R,60,208,57,12,3,3,0,10,0,7,2,0,3,47,0.21052631578947367,0.25,0.40350877192982454,0.6535087719298245,0.19298245614035087,0.16666666666666666,0.05,0.20454545454545456,0.2832166666666666,123.0,32.0,0.2601626016260163,40.0,104.0,0.38461538461538464,47.0,17.0,0.3617021276595745,47.0,2.0,0.0425531914893617,7,0.11666666666666667,12,True
"Nava, Daniel",537953,2017,L,156,630,135,46,17,17,3,23,1,35,7,1,3,113,0.34074074074074073,0.4230769230769231,0.4740740740740741,0.8971509971509972,0.13333333333333336,0.14743589743589744,0.10897435897435898,0.39090909090909093,0.3894935897435897,261.0,40.0,0.1532567049808429,55.0,301.0,0.18272425249169436,113.0,32.0,0.2831858407079646,113.0,6.0,0.05309734513274336,15,0.09615384615384616,11,True
"Nava, Daniel",537953,2017,R,58,229,48,9,9,9,0,15,1,7,1,0,1,34,0.1875,0.3103448275862069,0.2708333333333333,0.5811781609195402,0.08333333333333331,0.25862068965517243,0.15517241379310345,0.24242424242424243,0.26875862068965517,94.0,23.0,0.24468085106382978,25.0,117.0,0.21367521367521367,34.0,13.0,0.38235294117647056,34.0,1.0,0.029411764705882353,8,0.13793103448275862,12,True
"Neris, Hector",593576,2015,R,1,3,1,0,0,0,0,1,0,0,0,0,0,0,0.0,0.0,0.0,0.0,0.0,1.0,0.0,,0.0,2.0,2.0,1.0,1.0,1.0,1.0,,,,,,,0,0.0,12,False
"Neris, Hector",593576,2018,R,1,3,1,0,0,0,0,1,0,0,0,0,0,0,0.0,0.0,0.0,0.0,0.0,1.0,0.0,,0.0,1.0,1.0,1.0,0.0,,,,,,,,,0,0.0,12,False
"Neris, Hector",593576,2019,R,1,6,1,0,0,0,0,1,0,0,0,0,0,0,0.0,0.0,0.0,0.0,0.0,1.0,0.0,,0.0,,,,0.0,4.0,0.0,,,,,,,0,0.0,12,False
"Neris, Hector",593576,2021,R,1,3,1,0,0,0,0,1,0,0,0,0,0,0,0.0,0.0,0.0,0.0,0.0,1.0,0.0,,0.0,1.0,1.0,1.0,0.0,,,,,,,,,0,0.0,12,False
"Nicasio, Juan",504379,2019,R,2,10,2,0,0,0,0,1,0,0,0,0,0,1,0.0,0.0,0.0,0.0,0.0,0.5,0.0,0.0,0.0,5.0,1.0,0.2,1.0,2.0,0.5,1.0,1.0,1.0,1.0,0.0,0.0,0,0.0,12,False
"Nola, Aaron",605400,2015,R,26,108,23,2,1,1,0,16,0,2,0,0,0,9,0.08695652173913043,0.125,0.08695652173913043,0.21195652173913043,0.0,0.6153846153846154,0.038461538461538464,0.2857142857142857,0.10204166666666666,40.0,15.0,0.375,9.0,42.0,0.21428571428571427,9.0,3.0,0.3333333333333333,9.0,0.0,0.0,2,0.07692307692307693,12,True
"Nola, Aaron",605400,2016,R,35,142,30,1,3,3,1,17,0,0,1,0,0,14,0.03333333333333333,0.14705882352941177,0.06666666666666667,0.21372549019607845,0.03333333333333333,0.4857142857142857,0.08571428571428572,0.07692307692307693,0.11870588235294116,46.0,15.0,0.32608695652173914,10.0,56.0,0.17857142857142858,14.0,3.0,0.21428571428571427,14.0,0.0,0.0,0,0.0,12,True
"Nola, Aaron",605400,2017,R,54,218,48,4,4,4,0,25,0,4,0,0,0,25,0.08333333333333333,0.15384615384615385,0.08333333333333333,0.23717948717948717,0.0,0.46296296296296297,0.07407407407407407,0.17391304347826086,0.12076923076923075,76.0,25.0,0.32894736842105265,10.0,80.0,0.125,25.0,2.0,0.08,25.0,0.0,0.0,1,0.018518518518518517,12,True
"Nola, Aaron",605400,2018,R,70,264,62,3,1,1,0,36,0,2,1,0,0,33,0.04838709677419355,0.06349206349206349,0.06451612903225806,0.12800819252432155,0.016129032258064516,0.5142857142857142,0.014285714285714285,0.11538461538461539,0.05868253968253968,92.0,22.0,0.2391304347826087,13.0,93.0,0.13978494623655913,33.0,2.0,0.06060606060606061,33.0,0.0,0.0,5,0.07142857142857142,12,True
"Nola, Aaron",605400,2019,R,70,286,59,7,6,6,0,35,0,5,2,0,0,29,0.11864406779661017,0.2,0.15254237288135594,0.3525423728813559,0.03389830508474577,0.5,0.08571428571428572,0.2916666666666667,0.16806153846153846,66.0,10.0,0.15151515151515152,12.0,125.0,0.096,29.0,6.0,0.20689655172413793,29.0,0.0,0.0,4,0.05714285714285714,12,True
"Nola, Aaron",605400,2021,R,63,253,49,7,6,6,0,29,1,5,2,0,0,28,0.14285714285714285,0.23214285714285715,0.1836734693877551,0.4158163265306123,0.04081632653061226,0.4603174603174603,0.09523809523809523,0.3333333333333333,0.19698214285714283,83.0,15.0,0.18072289156626506,13.0,102.0,0.12745098039215685,28.0,3.0,0.10714285714285714,28.0,0.0,0.0,4,0.06349206349206349,12,True
"O'Sullivan, Sean",457711,2015,R,23,99,20,2,1,1,0,10,0,1,1,0,0,12,0.1,0.14285714285714285,0.15,0.2928571428571428,0.04999999999999999,0.43478260869565216,0.043478260869565216,0.2,0.13447619047619047,44.0,12.0,0.2727272727272727,16.0,49.0,0.32653061224489793,12.0,2.0,0.16666666666666666,12.0,0.0,0.0,0,0.0,12,True
"Oberholtzer, Brett",519085,2016,L,7,26,7,1,0,0,0,2,0,1,0,0,0,5,0.14285714285714285,0.14285714285714285,0.14285714285714285,0.2857142857142857,0.0,0.2857142857142857,0.0,0.2,0.12542857142857142,10.0,2.0,0.2,4.0,12.0,0.3333333333333333,5.0,1.0,0.2,5.0,0.0,0.0,0,0.0,11,False
"Pache, Cristian",665506,2023,R,105,426,91,21,13,13,0,30,0,11,7,1,2,62,0.23076923076923078,0.3269230769230769,0.3956043956043956,0.7225274725274725,0.1648351648351648,0.2857142857142857,0.12380952380952381,0.3220338983050847,0.31775,200.0,73.0,0.365,56.0,216.0,0.25925925925925924,62.0,29.0,0.46774193548387094,62.0,4.0,0.06451612903225806,12,0.11428571428571428,12,True
"Pache, Cristian",665506,2024,R,117,496,103,21,13,13,0,42,1,15,5,1,0,62,0.20388349514563106,0.2905982905982906,0.27184466019417475,0.5624429507924653,0.06796116504854369,0.358974358974359,0.1111111111111111,0.3387096774193548,0.2568119658119658,231.0,78.0,0.33766233766233766,57.0,251.0,0.22709163346613545,62.0,28.0,0.45161290322580644,62.0,2.0,0.03225806451612903,10,0.08547008547008547,12,True
"Paredes, Jimmy",517370,2016,L,108,403,104,24,3,3,0,37,0,13,7,0,4,68,0.23076923076923078,0.2523364485981308,0.41346153846153844,0.6657979870596693,0.18269230769230765,0.3425925925925926,0.027777777777777776,0.31746031746031744,0.28262616822429903,239.0,90.0,0.37656903765690375,114.0,230.0,0.4956521739130435,68.0,25.0,0.36764705882352944,68.0,9.0,0.1323529411764706,15,0.1388888888888889,11,True
"Paredes, Jimmy",517370,2016,R,42,152,39,7,2,2,0,7,1,7,0,0,0,33,0.1794871794871795,0.21428571428571427,0.1794871794871795,0.39377289377289376,0.0,0.16666666666666666,0.047619047619047616,0.21212121212121213,0.17923809523809522,81.0,19.0,0.2345679012345679,35.0,88.0,0.3977272727272727,33.0,12.0,0.36363636363636365,33.0,1.0,0.030303030303030304,2,0.047619047619047616,12,True
"Parker, Blake",453284,2019,R,1,4,1,0,0,0,0,1,0,0,0,0,0,0,0.0,0.0,0.0,0.0,0.0,1.0,0.0,,0.0,1.0,1.0,1.0,0.0,1.0,0.0,,,,,,,0,0.0,12,False
"Perkins, Cameron",573088,2017,R,97,348,88,16,5,5,2,23,2,10,5,0,1,67,0.18181818181818182,0.23711340206185566,0.2727272727272727,0.5098406747891284,0.09090909090909088,0.23711340206185566,0.05154639175257732,0.22727272727272727,0.22495876288659794,159.0,39.0,0.24528301886792453,53.0,182.0,0.29120879120879123,67.0,26.0,0.3880597014925373,67.0,1.0,0.014925373134328358,8,0.08247422680412371,12,True
"Pinto, Ricardo",620982,2017,R,1,3,1,0,0,0,0,1,0,0,0,0,0,0,0.0,0.0,0.0,0.0,0.0,1.0,0.0,,0.0,2.0,1.0,0.5,0.0,,,,,,,,,0,0.0,12,False
"Pirela, José",517369,2019,R,19,70,17,4,2,2,0,4,0,2,1,0,1,13,0.23529411764705882,0.3157894736842105,0.47058823529411764,0.7863777089783281,0.23529411764705882,0.21052631578947367,0.10526315789473684,0.25,0.33036842105263153,31.0,9.0,0.2903225806451613,13.0,40.0,0.325,13.0,3.0,0.23076923076923078,13.0,2.0,0.15384615384615385,2,0.10526315789473684,12,True
"Pivetta, Nick",601713,2017,R,48,171,44,3,0,0,0,21,0,3,0,0,0,27,0.06818181818181818,0.06818181818181818,0.06818181818181818,0.13636363636363635,0.0,0.4375,0.0,0.13043478260869565,0.05979545454545455,92.0,37.0,0.40217391304347827,22.0,62.0,0.3548387096774194,27.0,3.0,0.1111111111111111,27.0,0.0,0.0,1,0.020833333333333332,12,True
"Pivetta, Nick",601713,2018,R,45,153,40,4,2,2,0,20,0,3,1,0,0,23,0.1,0.14285714285714285,0.125,0.26785714285714285,0.024999999999999994,0.4444444444444444,0.044444444444444446,0.2,0.12540476190476188,66.0,29.0,0.4393939393939394,16.0,53.0,0.3018867924528302,23.0,2.0,0.08695652173913043,23.0,0.0,0.0,1,0.022222222222222223,12,True
"Pivetta, Nick",601713,2019,R,27,112,25,2,1,1,0,19,0,2,0,0,0,7,0.08,0.11538461538461539,0.08,0.19538461538461538,0.0,0.7037037037037037,0.037037037037037035,0.3333333333333333,0.09346153846153846,41.0,26.0,0.6341463414634146,12.0,49.0,0.24489795918367346,7.0,1.0,0.14285714285714285,7.0,0.0,0.0,0,0.0,12,True
"Plouffe, Trevor",461858,2018,R,12,51,12,3,0,0,0,6,0,2,0,0,1,6,0.25,0.25,0.5,0.75,0.25,0.5,0.0,0.4,0.3159166666666667,19.0,5.0,0.2631578947368421,7.0,28.0,0.25,6.0,4.0,0.6666666666666666,6.0,2.0,0.3333333333333333,3,0.25,12,False
"Quinn, Roman",596451,2016,L,51,207,42,10,7,7,0,15,0,8,2,0,0,29,0.23809523809523808,0.3469387755102041,0.2857142857142857,0.6326530612244898,0.047619047619047616,0.29411764705882354,0.13725490196078433,0.37037037037037035,0.29275510204081634,92.0,29.0,0.31521739130434784,17.0,99.0,0.1717171717171717,29.0,6.0,0.20689655172413793,29.0,0.0,0.0,6,0.11764705882352941,11,True
"Quinn, Roman",596451,2016,R,18,61,15,5,1,1,2,4,0,3,2,0,0,11,0.3333333333333333,0.4444444444444444,0.4666666666666667,0.9111111111111111,0.13333333333333336,0.2222222222222222,0.05555555555555555,0.45454545454545453,0.4028333333333333,29.0,9.0,0.3103448275862069,11.0,34.0,0.3235294117647059,11.0,1.0,0.09090909090909091,11.0,1.0,0.09090909090909091,1,0.05555555555555555,12,True
"Quinn, Roman",596451,2018,L,100,393,88,21,10,10,1,23,0,16,2,3,0,66,0.23863636363636365,0.32323232323232326,0.32954545454545453,0.6527777777777778,0.09090909090909088,0.23,0.1,0.3230769230769231,0.2922020202020202,180.0,57.0,0.31666666666666665,47.0,204.0,0.23039215686274508,66.0,19.0,0.2878787878787879,66.0,0.0,0.0,7,0.07,11,True
"Quinn, Roman",596451,2018,R,43,167,43,13,0,0,0,12,0,6,4,1,2,31,0.3023255813953488,0.3023255813953488,0.5813953488372093,0.8837209302325582,0.2790697674418605,0.27906976744186046,0.0,0.3793103448275862,0.3699534883720931,93.0,21.0,0.22580645161290322,27.0,81.0,0.3333333333333333,31.0,8.0,0.25806451612903225,31.0,2.0,0.06451612903225806,5,0.11627906976744186,12,True
"Quinn, Roman",596451,2019,L,54,186,49,13,3,3,1,16,0,9,1,1,2,34,0.2653061224489796,0.32075471698113206,0.4489795918367347,0.7697343088178668,0.18367346938775508,0.2962962962962963,0.05555555555555555,0.3548387096774194,0.32537735849056604,90.0,33.0,0.36666666666666664,24.0,85.0,0.2823529411764706,34.0,13.0,0.38235294117647056,34.0,2.0,0.058823529411764705,5,0.09259259259259259,11,True
"Quinn, Roman",596451,2019,R,68,262,59,10,9,9,0,18,0,6,2,0,2,41,0.1694915254237288,0.27941176470588236,0.3050847457627119,0.5844965104685942,0.13559322033898308,0.2647058823529412,0.1323529411764706,0.20512820512820512,0.26094117647058823,105.0,28.0,0.26666666666666666,26.0,127.0,0.2047244094488189,41.0,14.0,0.34146341463414637,41.0,2.0,0.04878048780487805,7,0.10294117647058823,12,True
"Quinn, Roman",596451,2020,L,80,309,74,16,3,3,2,31,0,14,2,0,0,44,0.21621621621621623,0.26582278481012656,0.24324324324324326,0.5090660280533699,0.02702702702702703,0.3875,0.0375,0.37209302325581395,0.23279746835443035,162.0,54.0,0.3333333333333333,40.0,139.0,0.28776978417266186,44.0,12.0,0.2727272727272727,44.0,0.0,0.0,4,0.05,11,True
"Quinn, Roman",596451,2020,R,36,145,34,7,2,2,0,8,0,3,1,1,2,26,0.20588235294117646,0.25,0.47058823529411764,0.7205882352941176,0.2647058823529412,0.2222222222222222,0.05555555555555555,0.20833333333333334,0.3000277777777778,74.0,17.0,0.22972972972972974,15.0,64.0,0.234375,26.0,6.0,0.23076923076923078,26.0,2.0,0.07692307692307693,4,0.1111111111111111,12,True
"Quinn, Roman",596451,2021,L,34,147,26,6,4,4,4,10,0,2,2,2,0,16,0.23076923076923078,0.4117647058823529,0.46153846153846156,0.8733031674208145,0.23076923076923078,0.29411764705882354,0.11764705882352941,0.375,0.38335294117647056,60.0,19.0,0.31666666666666665,8.0,72.0,0.1111111111111111,16.0,7.0,0.4375,16.0,1.0,0.0625,2,0.058823529411764705,11,True
"Quinn, Roman",596451,2021,R,28,108,26,3,2,2,0,9,0,3,0,0,0,17,0.11538461538461539,0.17857142857142858,0.11538461538461539,0.29395604395604397,0.0,0.32142857142857145,0.07142857142857142,0.17647058823529413,0.14360714285714285,43.0,14.0,0.32558139534883723,14.0,58.0,0.2413793103448276,17.0,2.0,0.11764705882352941,17.0,0.0,0.0,0,0.0,12,True
"Quinn, Roman",596451,2022,L,16,75,15,2,1,1,0,7,0,1,1,0,0,8,0.13333333333333333,0.1875,0.2,0.3875,0.06666666666666668,0.4375,0.0625,0.25,0.17712499999999998,33.0,5.0,0.15151515151515152,9.0,35.0,0.2571428571428571,8.0,2.0,0.25,8.0,0.0,0.0,3,0.1875,11,True
"Quinn, Roman",596451,2022,R,24,93,22,4,2,2,0,8,0,4,0,0,0,14,0.18181818181818182,0.25,0.18181818181818182,0.4318181818181818,0.0,0.3333333333333333,0.08333333333333333,0.2857142857142857,0.20475,44.0,15.0,0.3409090909090909,14.0,49.0,0.2857142857142857,14.0,5.0,0.35714285714285715,14.0,1.0,0.07142857142857142,0,0.0,12,True
"Ramos, Edubray",591693,2016,R,1,7,0,0,1,1,0,0,0,0,0,0,0,0,,1.0,,,,0.0,1.0,,0.691,1.0,0.0,0.0,0.0,6.0,0.0,,,,,,,0,0.0,12,False
"Ramos, Edubray",591693,2017,R,1,3,1,0,0,0,0,1,0,0,0,0,0,0,0.0,0.0,0.0,0.0,0.0,1.0,0.0,,0.0,,,,0.0,,,,,,,,,0,0.0,12,False
"Ramos, Wilson",467092,2018,R,100,376,89,30,9,9,0,19,2,20,8,1,1,72,0.33707865168539325,0.39,0.48314606741573035,0.8731460674157303,0.1460674157303371,0.19,0.09,0.4084507042253521,0.37395,204.0,50.0,0.24509803921568626,56.0,187.0,0.2994652406417112,72.0,33.0,0.4583333333333333,72.0,2.0,0.027777777777777776,17,0.17,12,True
"Realmuto, J.T.",592663,2019,R,591,2332,538,148,39,39,5,123,8,84,36,3,25,423,0.275092936802974,0.3254237288135593,0.49256505576208176,0.8179887845756411,0.21747211895910779,0.20812182741116753,0.06598984771573604,0.30904522613065327,0.33980338983050845,1183.0,282.0,0.23837700760777683,396.0,1216.0,0.3256578947368421,423.0,174.0,0.41134751773049644,423.0,37.0,0.08747044917257683,86,0.1455160744500846,12,True
"Realmuto, J.T.",592663,2020,R,195,742,173,46,16,16,6,48,0,29,6,0,11,125,0.2658959537572254,0.3487179487179487,0.4913294797687861,0.8400474284867347,0.2254335260115607,0.24615384615384617,0.08205128205128205,0.30701754385964913,0.36079999999999995,336.0,100.0,0.2976190476190476,97.0,385.0,0.2519480519480519,125.0,53.0,0.424,125.0,17.0,0.136,34,0.17435897435897435,12,True
"Realmuto, J.T.",592663,2021,R,532,2096,476,125,43,43,11,129,2,79,25,4,17,349,0.26260504201680673,0.33646616541353386,0.43907563025210083,0.7755417956656347,0.1764705882352941,0.2424812030075188,0.08082706766917293,0.3253012048192771,0.3356766917293233,1038.0,280.0,0.2697495183044316,334.0,1089.0,0.30670339761248855,349.0,156.0,0.4469914040114613,349.0,30.0,0.08595988538681948,76,0.14285714285714285,12,True
"Realmuto, J.T.",592663,2022,R,633,2476,569,153,46,46,13,143,5,96,27,5,25,431,0.2688927943760984,0.334913112164297,0.46572934973637964,0.8006424619006767,0.19683655536028122,0.2259083728278041,0.07266982622432859,0.31527093596059114,0.3471879936808847,1211.0,319.0,0.2634186622625929,390.0,1253.0,0.3112529928172386,431.0,201.0,0.46635730858468677,431.0,49.0,0.1136890951276102,93,0.14691943127962084,12,True
"Realmuto, J.T.",592663,2023,R,589,2297,538,136,33,33,10,151,5,76,32,5,23,392,0.2527881040892193,0.3054607508532423,0.4591078066914498,0.7645685575446921,0.20631970260223048,0.2563667232597623,0.05602716468590832,0.3062330623306233,0.3260767918088737,1154.0,309.0,0.26776429809358754,350.0,1157.0,0.3025064822817632,392.0,171.0,0.4362244897959184,392.0,43.0,0.1096938775510204,80,0.13582342954159593,12,True
"Realmuto, J.T.",592663,2024,R,430,1655,393,101,29,29,7,106,1,68,18,1,14,286,0.25699745547073793,0.3186046511627907,0.41475826972010177,0.7333629208828925,0.15776081424936383,0.24651162790697675,0.06744186046511629,0.3175182481751825,0.32060232558139534,825.0,216.0,0.26181818181818184,242.0,808.0,0.2995049504950495,286.0,132.0,0.46153846153846156,286.0,29.0,0.10139860139860139,50,0.11627906976744186,12,True
"Realmuto, J.T.",592663,2025,R,566,2259,519,135,34,34,9,132,3,92,28,2,13,390,0.26011560693641617,0.31504424778761064,0.3969171483622351,0.7119613961498457,0.1368015414258189,0.2332155477031802,0.06007067137809187,0.32360742705570295,0.31122300884955756,1101.0,264.0,0.23978201634877383,371.0,1145.0,0.3240174672489083,390.0,180.0,0.46153846153846156,390.0,34.0,0.08717948717948718,57,0.10070671378091872,12,True
"Realmuto, J.T.",592663,2026,R,354,1391,314,68,26,26,9,75,5,46,14,0,8,243,0.21656050955414013,0.2909604519774011,0.3375796178343949,0.628540069811796,0.12101910828025475,0.211864406779661,0.07344632768361582,0.2542372881355932,0.2813418079096045,658.0,158.0,0.24012158054711247,218.0,717.0,0.30404463040446306,243.0,98.0,0.40329218106995884,243.0,11.0,0.04526748971193416,41,0.11581920903954802,12,True
"Revere, Ben",519184,2015,L,388,1411,366,109,19,19,1,36,0,89,13,6,1,332,0.2978142076502732,0.33419689119170987,0.3743169398907104,0.7085138310824203,0.07650273224043719,0.09278350515463918,0.04896907216494845,0.3282674772036474,0.3112357512953368,610.0,59.0,0.09672131147540984,221.0,740.0,0.29864864864864865,332.0,41.0,0.12349397590361445,332.0,0.0,0.0,26,0.06701030927835051,11,True
"Reyes, Felix",694025,2026,R,39,118,39,6,0,0,0,9,0,4,1,0,1,29,0.15384615384615385,0.15384615384615385,0.2564102564102564,0.41025641025641024,0.10256410256410253,0.23076923076923078,0.0,0.1724137931034483,0.1758974358974359,69.0,19.0,0.2753623188405797,37.0,70.0,0.5285714285714286,29.0,8.0,0.27586206896551724,29.0,2.0,0.06896551724137931,2,0.05128205128205128,12,True
"Rincones Jr., Gabriel",687282,2026,L,89,344,84,14,2,2,2,29,1,8,4,0,2,56,0.16666666666666666,0.20224719101123595,0.2857142857142857,0.48796147672552165,0.11904761904761904,0.3258426966292135,0.02247191011235955,0.2222222222222222,0.21453932584269664,198.0,60.0,0.30303030303030304,83.0,178.0,0.46629213483146065,56.0,20.0,0.35714285714285715,56.0,5.0,0.08928571428571429,7,0.07865168539325842,11,True
"Rodríguez, Sean",446481,2019,R,139,590,112,25,19,19,3,41,1,16,5,0,4,76,0.22321428571428573,0.34814814814814815,0.375,0.7231481481481481,0.15178571428571427,0.2949640287769784,0.1366906474820144,0.3088235294117647,0.3187555555555555,258.0,88.0,0.34108527131782945,77.0,328.0,0.2347560975609756,76.0,28.0,0.3684210526315789,76.0,4.0,0.05263157894736842,12,0.08633093525179857,12,True
"Rojas, Johan",679032,2023,R,209,726,192,49,6,6,4,57,0,34,10,3,2,142,0.2552083333333333,0.29207920792079206,0.3697916666666667,0.6618708745874587,0.11458333333333337,0.2727272727272727,0.028708133971291867,0.3533834586466165,0.2884009900990099,400.0,105.0,0.2625,147.0,357.0,0.4117647058823529,142.0,43.0,0.3028169014084507,142.0,3.0,0.02112676056338028,23,0.11004784688995216,12,True
"Rojas, Johan",679032,2024,R,369,1353,343,83,14,14,4,70,0,65,12,3,3,281,0.24198250728862974,0.27977839335180055,0.3206997084548105,0.600478101806611,0.07871720116618075,0.1897018970189702,0.037940379403794036,0.2962962962962963,0.2654404432132964,662.0,151.0,0.2280966767371601,241.0,673.0,0.35809806835066865,281.0,76.0,0.2704626334519573,281.0,7.0,0.02491103202846975,37,0.1002710027100271,12,True
"Rojas, Johan",679032,2025,R,172,625,152,34,13,13,0,40,3,28,3,2,1,119,0.2236842105263158,0.27976190476190477,0.2894736842105263,0.5692355889724311,0.06578947368421054,0.23255813953488372,0.0755813953488372,0.2894736842105263,0.2538095238095238,328.0,81.0,0.24695121951219512,120.0,315.0,0.38095238095238093,119.0,42.0,0.35294117647058826,119.0,4.0,0.03361344537815126,19,0.11046511627906977,12,True
"Rosso, Ramón",665759,2021,R,1,4,0,0,0,0,0,0,0,0,0,0,0,1,,,,,,0.0,0.0,,,2.0,0.0,0.0,0.0,2.0,0.0,1.0,0.0,0.0,1.0,0.0,0.0,0,0.0,12,False
"Ruf, Darin",573131,2015,R,297,1143,268,63,21,21,5,69,3,39,12,0,12,202,0.23507462686567165,0.2996632996632997,0.4141791044776119,0.7138424041409116,0.17910447761194026,0.23232323232323232,0.0707070707070707,0.26842105263157895,0.31053198653198655,551.0,146.0,0.26497277676951,165.0,570.0,0.2894736842105263,202.0,86.0,0.42574257425742573,202.0,16.0,0.07920792079207921,42,0.1414141414141414,12,True
"Ruf, Darin",573131,2016,R,89,351,83,17,4,4,0,25,1,12,2,0,3,60,0.20481927710843373,0.23863636363636365,0.3373493975903614,0.5759857612267251,0.1325301204819277,0.2808988764044944,0.0449438202247191,0.25,0.24805681818181818,166.0,44.0,0.26506024096385544,55.0,170.0,0.3235294117647059,60.0,24.0,0.4,60.0,5.0,0.08333333333333333,10,0.11235955056179775,12,True
"Ruiz, Carlos",434563,2015,R,320,1236,284,60,28,26,4,43,1,44,13,1,2,245,0.2112676056338028,0.2902208201892745,0.2852112676056338,0.5754320877949083,0.073943661971831,0.134375,0.0875,0.24166666666666667,0.2588888888888889,509.0,64.0,0.12573673870333987,120.0,567.0,0.21164021164021163,245.0,44.0,0.17959183673469387,245.0,4.0,0.0163265306122449,25,0.078125,12,True
"Ruiz, Carlos",434563,2016,R,193,828,165,43,24,23,4,28,0,34,6,0,3,137,0.2606060606060606,0.36787564766839376,0.3515151515151515,0.7193907991835453,0.09090909090909088,0.14507772020725387,0.12435233160621761,0.29850746268656714,0.32357291666666665,304.0,37.0,0.12171052631578948,75.0,412.0,0.1820388349514563,137.0,52.0,0.3795620437956204,137.0,6.0,0.043795620437956206,12,0.06217616580310881,12,True
"Rupp, Cameron",519237,2015,R,299,1138,270,63,24,19,3,71,2,44,9,1,9,201,0.23333333333333334,0.3010033444816054,0.37407407407407406,0.6750774185556794,0.14074074074074072,0.23745819397993312,0.0802675585284281,0.28125,0.29065986394557825,552.0,145.0,0.26268115942028986,158.0,578.0,0.27335640138408307,201.0,71.0,0.35323383084577115,201.0,15.0,0.07462686567164178,31,0.10367892976588629,12,True
"Rupp, Cameron",519237,2016,R,419,1583,389,98,24,24,5,114,1,55,26,1,16,276,0.2519280205655527,0.3031026252983294,0.4473007712082262,0.7504033965065555,0.1953727506426735,0.2720763723150358,0.057279236276849645,0.3153846153846154,0.3211933174224344,759.0,230.0,0.30303030303030304,230.0,800.0,0.2875,276.0,130.0,0.47101449275362317,276.0,25.0,0.09057971014492754,54,0.1288782816229117,12,True
"Rupp, Cameron",519237,2017,R,328,1370,295,64,31,31,1,114,1,33,17,0,14,182,0.21694915254237288,0.2926829268292683,0.41694915254237286,0.7096320793716411,0.19999999999999998,0.3475609756097561,0.09451219512195122,0.2976190476190476,0.30430182926829263,624.0,232.0,0.3717948717948718,188.0,716.0,0.26256983240223464,182.0,76.0,0.4175824175824176,182.0,18.0,0.0989010989010989,34,0.10365853658536585,12,True
"Ríos, Yacksel",605441,2017,R,1,5,1,0,0,0,0,1,0,0,0,0,0,0,0.0,0.0,0.0,0.0,0.0,1.0,0.0,,0.0,1.0,0.0,0.0,0.0,3.0,0.0,,,,,,,0,0.0,12,False
"Ríos, Yacksel",605441,2018,R,1,3,1,0,0,0,0,1,0,0,0,0,0,0,0.0,0.0,0.0,0.0,0.0,1.0,0.0,,0.0,2.0,2.0,1.0,1.0,1.0,1.0,,,,,,,0,0.0,12,False
"Sands, Donny",664848,2022,R,4,17,3,0,1,1,0,1,0,0,0,0,0,2,0.0,0.25,0.0,0.25,0.0,0.25,0.25,0.0,0.17225,5.0,0.0,0.0,2.0,12.0,0.16666666666666666,2.0,1.0,0.5,2.0,0.0,0.0,0,0.0,12,False
"Santana, Carlos",467793,2018,L,497,2116,407,89,82,82,0,77,8,50,22,1,16,338,0.21867321867321868,0.3440643863179074,0.3955773955773956,0.7396417818953029,0.1769041769041769,0.15492957746478872,0.16498993963782696,0.2267080745341615,0.32613279678068413,882.0,181.0,0.20521541950113378,237.0,1105.0,0.21447963800904976,338.0,136.0,0.40236686390532544,338.0,24.0,0.07100591715976332,59,0.11871227364185111,11,True
"Santana, Carlos",467793,2018,R,176,685,153,39,22,22,1,16,0,24,6,1,8,137,0.2549019607843137,0.3522727272727273,0.46405228758169936,0.8163250148544267,0.20915032679738566,0.09090909090909091,0.125,0.24031007751937986,0.35413636363636364,278.0,44.0,0.15827338129496402,67.0,346.0,0.1936416184971098,137.0,48.0,0.35036496350364965,137.0,9.0,0.06569343065693431,30,0.17045454545454544,12,True
"Saunders, Michael",459431,2017,L,212,906,200,41,11,11,1,51,0,24,9,2,6,149,0.205,0.25,0.36,0.61,0.155,0.24056603773584906,0.05188679245283019,0.24475524475524477,0.2616320754716981,438.0,105.0,0.23972602739726026,129.0,473.0,0.2727272727272727,149.0,46.0,0.3087248322147651,149.0,11.0,0.0738255033557047,20,0.09433962264150944,11,True
"Schwarber, Kyle",656941,2022,L,737,3211,632,138,95,95,6,218,4,62,21,3,52,418,0.21835443037974683,0.3242876526458616,0.5079113924050633,0.8321990450509249,0.2895569620253165,0.29579375848032563,0.12890094979647218,0.23497267759562843,0.3576811397557666,1293.0,375.0,0.2900232018561485,354.0,1651.0,0.21441550575408844,418.0,226.0,0.5406698564593302,418.0,82.0,0.19617224880382775,106,0.14382632293080055,11,True
"Schwarber, Kyle",656941,2023,L,769,3295,631,127,128,128,7,231,3,51,23,1,52,403,0.20126782884310618,0.34070221066319895,0.48811410459587956,0.8288163152590785,0.2868462757527734,0.30039011703511054,0.16644993498049415,0.21367521367521367,0.35577633289986993,1240.0,390.0,0.31451612903225806,372.0,1747.0,0.21293646250715512,403.0,201.0,0.4987593052109181,403.0,70.0,0.17369727047146402,112,0.14564369310793238,11,True
"Schwarber, Kyle",656941,2024,L,708,2936,590,144,104,104,6,203,8,83,22,0,39,394,0.2440677966101695,0.3587570621468927,0.47966101694915253,0.8384180790960452,0.23559322033898303,0.2867231638418079,0.14689265536723164,0.2949438202247191,0.3625988700564972,1179.0,379.0,0.32145886344359625,322.0,1531.0,0.21032005225342912,394.0,218.0,0.5532994923857868,394.0,62.0,0.15736040609137056,113,0.1596045197740113,11,True
"Schwarber, Kyle",656941,2025,L,737,3130,622,148,103,103,11,205,1,64,24,2,58,416,0.2379421221864952,0.35549525101763907,0.5627009646302251,0.9181962156478642,0.32475884244372993,0.2781546811397558,0.13975576662143827,0.25,0.38931478968792405,1307.0,437.0,0.3343534812547819,351.0,1637.0,0.21441661576053758,416.0,248.0,0.5961538461538461,416.0,87.0,0.2091346153846154,137,0.18588873812754408,11,True
"Schwarber, Kyle",656941,2026,L,537,2291,446,110,80,75,6,182,4,57,15,1,37,267,0.24663677130044842,0.3656716417910448,0.5336322869955157,0.8993039287865605,0.28699551569506726,0.33891992551210426,0.148975791433892,0.31601731601731603,0.38327306967984937,994.0,342.0,0.3440643863179074,313.0,1244.0,0.2516077170418006,267.0,140.0,0.5243445692883895,267.0,47.0,0.1760299625468165,74,0.1378026070763501,11,True
"Segura, Jean",516416,2019,R,617,2232,576,161,29,29,8,73,3,108,37,4,12,507,0.2795138888888889,0.32142857142857145,0.4201388888888889,0.7415674603174603,0.140625,0.11831442463533225,0.04700162074554295,0.3016194331983806,0.3151737012987013,1060.0,155.0,0.14622641509433962,424.0,1187.0,0.35720303285593935,507.0,166.0,0.32741617357001973,507.0,16.0,0.03155818540433925,62,0.10048622366288493,12,True
"Segura, Jean",516416,2020,R,215,821,192,51,21,21,1,45,0,37,5,2,7,148,0.265625,0.3411214953271028,0.421875,0.7629964953271028,0.15625,0.20930232558139536,0.09767441860465116,0.3142857142857143,0.33288317757009345,384.0,86.0,0.22395833333333334,141.0,448.0,0.31473214285714285,148.0,57.0,0.38513513513513514,148.0,9.0,0.060810810810810814,28,0.13023255813953488,12,True
"Segura, Jean",516416,2021,R,565,2182,515,149,36,36,9,78,4,105,27,3,14,441,0.28932038834951457,0.34397163120567376,0.4349514563106796,0.7789230875163533,0.14563106796116504,0.13805309734513274,0.06371681415929203,0.3161592505854801,0.3369521276595745,1062.0,184.0,0.17325800376647835,324.0,1075.0,0.3013953488372093,441.0,165.0,0.3741496598639456,441.0,26.0,0.05895691609977324,62,0.10973451327433628,12,True
"Segura, Jean",516416,2022,R,447,1625,410,110,26,26,8,72,2,89,11,0,10,341,0.2682926829268293,0.32286995515695066,0.36829268292682926,0.6911626380837799,0.09999999999999998,0.1610738255033557,0.058165548098434,0.30303030303030304,0.3070426008968609,806.0,157.0,0.19478908188585609,307.0,854.0,0.3594847775175644,341.0,129.0,0.3782991202346041,341.0,14.0,0.04105571847507331,43,0.09619686800894854,12,True
"Sizemore, Grady",429713,2015,L,104,352,98,24,6,6,0,23,0,19,5,0,0,75,0.24489795918367346,0.28846153846153844,0.29591836734693877,0.5843799058084772,0.05102040816326531,0.22115384615384615,0.057692307692307696,0.32,0.2609711538461539,185.0,42.0,0.22702702702702704,54.0,169.0,0.31952662721893493,75.0,33.0,0.44,75.0,2.0,0.02666666666666667,7,0.0673076923076923,11,True
"Smyly, Drew",592767,2019,L,19,71,18,0,1,1,0,8,0,0,0,0,0,10,0.0,0.05263157894736842,0.0,0.05263157894736842,0.0,0.42105263157894735,0.05263157894736842,0.0,0.03631578947368421,38.0,12.0,0.3157894736842105,16.0,36.0,0.4444444444444444,10.0,2.0,0.2,10.0,0.0,0.0,0,0.0,11,True
"Sosa, Edmundo",624641,2022,R,69,254,62,19,2,2,2,16,2,8,8,1,2,49,0.3064516129032258,0.3382352941176471,0.5645161290322581,0.9027514231499052,0.2580645161290323,0.2318840579710145,0.028985507246376812,0.3695652173913043,0.37827941176470586,143.0,35.0,0.24475524475524477,61.0,130.0,0.46923076923076923,49.0,16.0,0.32653061224489793,49.0,5.0,0.10204081632653061,17,0.2463768115942029,12,True
"Sosa, Edmundo",624641,2023,R,301,1130,280,70,8,8,9,74,1,43,15,2,10,209,0.25,0.29194630872483224,0.425,0.7169463087248322,0.175,0.24584717607973422,0.026578073089700997,0.30456852791878175,0.30841946308724827,671.0,191.0,0.2846497764530551,242.0,563.0,0.42984014209591476,209.0,67.0,0.32057416267942584,209.0,14.0,0.06698564593301436,30,0.09966777408637874,12,True
"Sosa, Edmundo",624641,2024,R,280,1066,254,65,13,13,9,68,2,42,12,4,7,188,0.2559055118110236,0.3129496402877698,0.41732283464566927,0.730272474933439,0.16141732283464566,0.24285714285714285,0.04642857142857143,0.32044198895027626,0.31740647482014384,605.0,190.0,0.3140495867768595,231.0,567.0,0.4074074074074074,188.0,77.0,0.4095744680851064,188.0,16.0,0.0851063829787234,32,0.11428571428571428,12,True
"Sosa, Edmundo",624641,2025,R,264,950,246,68,10,10,2,57,2,44,12,1,11,194,0.2764227642276423,0.3076923076923077,0.46747967479674796,0.7751719824890557,0.19105691056910568,0.2159090909090909,0.03787878787878788,0.31666666666666665,0.33145,543.0,140.0,0.2578268876611418,226.0,496.0,0.45564516129032256,194.0,74.0,0.38144329896907214,194.0,12.0,0.061855670103092786,39,0.14772727272727273,12,True
"Sosa, Edmundo",624641,2026,R,205,762,187,41,7,7,5,43,3,28,6,2,5,148,0.2192513368983957,0.2623762376237624,0.35294117647058826,0.6153174140943507,0.13368983957219255,0.2097560975609756,0.03414634146341464,0.2535211267605634,0.26925247524752477,466.0,127.0,0.27253218884120173,228.0,425.0,0.5364705882352941,148.0,60.0,0.40540540540540543,148.0,10.0,0.06756756756756757,31,0.15121951219512195,12,True
"Stassi, Brock",595426,2017,L,90,406,78,13,12,12,0,22,0,8,2,1,2,56,0.16666666666666666,0.2777777777777778,0.2948717948717949,0.5726495726495726,0.12820512820512822,0.24444444444444444,0.13333333333333333,0.2037037037037037,0.25897777777777775,171.0,28.0,0.16374269005847952,44.0,205.0,0.2146341463414634,56.0,14.0,0.25,56.0,3.0,0.05357142857142857,7,0.07777777777777778,11,True
"Stevenson, Cal",670276,2024,L,27,102,24,6,3,3,0,4,0,3,3,0,0,20,0.25,0.3333333333333333,0.375,0.7083333333333333,0.125,0.14814814814814814,0.1111111111111111,0.3,0.3138888888888889,38.0,6.0,0.15789473684210525,11.0,50.0,0.22,20.0,5.0,0.25,20.0,2.0,0.1,6,0.2222222222222222,11,True
"Stevenson, Cal",670276,2025,L,8,25,8,2,0,0,0,2,0,2,0,0,0,6,0.25,0.25,0.25,0.5,0.0,0.25,0.0,0.3333333333333333,0.2205,12.0,2.0,0.16666666666666666,2.0,7.0,0.2857142857142857,6.0,1.0,0.16666666666666666,6.0,0.0,0.0,1,0.125,11,False
"Stott, Bryson",681082,2022,L,517,2112,471,106,43,43,1,101,1,71,23,2,10,372,0.22505307855626328,0.29069767441860467,0.346072186836518,0.6367698612551227,0.12101910828025475,0.195357833655706,0.08317214700193423,0.2659279778393352,0.283015503875969,955.0,162.0,0.16963350785340314,301.0,1041.0,0.28914505283381364,372.0,137.0,0.3682795698924731,372.0,16.0,0.043010752688172046,54,0.10444874274661509,11,True
"Stott, Bryson",681082,2023,L,689,2881,631,175,41,41,7,114,9,124,33,2,16,527,0.277337559429477,0.3241279069767442,0.4120443740095087,0.736172280986253,0.1347068145800317,0.16545718432510886,0.059506531204644414,0.31176470588235294,0.318843023255814,1292.0,205.0,0.1586687306501548,408.0,1386.0,0.2943722943722944,527.0,183.0,0.34724857685009486,527.0,25.0,0.04743833017077799,74,0.10740203193033382,11,True
"Stott, Bryson",681082,2024,L,582,2368,517,126,53,53,3,97,9,93,19,3,11,429,0.2437137330754352,0.3127147766323024,0.35589941972920697,0.6686141963615093,0.11218568665377177,0.16666666666666666,0.09106529209621993,0.2751196172248804,0.29527319587628864,1040.0,180.0,0.17307692307692307,329.0,1177.0,0.27952421410365336,429.0,131.0,0.30536130536130535,429.0,15.0,0.03496503496503497,64,0.10996563573883161,11,True
"Stott, Bryson",681082,2025,L,576,2518,515,130,53,53,1,95,4,92,22,3,13,424,0.2524271844660194,0.32111692844677137,0.3825242718446602,0.7036412002914316,0.13009708737864079,0.16493055555555555,0.0920138888888889,0.2846715328467153,0.3093647469458988,1025.0,177.0,0.17268292682926828,280.0,1187.0,0.2358887952822241,424.0,125.0,0.294811320754717,424.0,22.0,0.05188679245283019,67,0.11631944444444445,11,True
"Stott, Bryson",681082,2026,L,473,1974,418,111,48,48,2,79,2,71,25,6,9,344,0.26555023923444976,0.3425531914893617,0.41866028708133973,0.7612134785707014,0.15311004784688997,0.16701902748414377,0.1014799154334038,0.3072289156626506,0.3351808510638297,827.0,155.0,0.18742442563482467,318.0,1033.0,0.30784123910939015,344.0,135.0,0.39244186046511625,344.0,21.0,0.061046511627906974,57,0.12050739957716702,11,True
"Stubbs, Garrett",596117,2022,L,121,505,106,28,14,14,0,30,0,18,4,1,5,77,0.2641509433962264,0.35,0.46226415094339623,0.8122641509433962,0.19811320754716982,0.24793388429752067,0.11570247933884298,0.323943661971831,0.3546916666666667,198.0,42.0,0.21212121212121213,75.0,268.0,0.2798507462686567,77.0,21.0,0.2727272727272727,77.0,4.0,0.05194805194805195,17,0.14049586776859505,11,True
"Stubbs, Garrett",596117,2023,L,125,496,113,23,9,9,2,29,0,17,4,1,1,85,0.20353982300884957,0.27419354838709675,0.2831858407079646,0.5573793890950614,0.07964601769911503,0.232,0.072,0.26506024096385544,0.25222580645161286,232.0,53.0,0.22844827586206898,79.0,254.0,0.3110236220472441,85.0,15.0,0.17647058823529413,85.0,0.0,0.0,12,0.096,11,True
"Stubbs, Garrett",596117,2024,L,187,746,164,34,17,17,4,50,1,28,4,1,1,115,0.2073170731707317,0.2956989247311828,0.2621951219512195,0.5578940466824023,0.054878048780487826,0.26737967914438504,0.09090909090909091,0.2894736842105263,0.25776881720430106,370.0,92.0,0.24864864864864866,124.0,378.0,0.328042328042328,115.0,11.0,0.09565217391304348,115.0,0.0,0.0,12,0.06417112299465241,11,True
"Stubbs, Garrett",596117,2025,L,1,4,1,0,0,0,0,0,0,0,0,0,0,1,0.0,0.0,0.0,0.0,0.0,0.0,0.0,0.0,0.0,3.0,0.0,0.0,0.0,1.0,0.0,1.0,0.0,0.0,1.0,0.0,0.0,0,0.0,11,False
"Stubbs, Garrett",596117,2026,L,46,169,41,5,2,2,2,10,1,5,0,0,0,32,0.12195121951219512,0.1956521739130435,0.12195121951219512,0.3176033934252386,0.0,0.21739130434782608,0.043478260869565216,0.15625,0.15867391304347828,91.0,19.0,0.2087912087912088,38.0,97.0,0.3917525773195876,32.0,10.0,0.3125,32.0,0.0,0.0,2,0.043478260869565216,11,True
"Suárez, Ranger",624133,2018,L,6,28,6,1,0,0,0,2,0,0,0,1,0,4,0.16666666666666666,0.16666666666666666,0.5,0.6666666666666666,0.33333333333333337,0.3333333333333333,0.0,0.25,0.263,16.0,5.0,0.3125,3.0,12.0,0.25,4.0,0.0,0.0,4.0,0.0,0.0,0,0.0,11,False
"Suárez, Ranger",624133,2019,L,5,18,4,1,0,0,0,2,0,1,0,0,0,3,0.25,0.25,0.25,0.5,0.0,0.4,0.0,0.5,0.2175,9.0,2.0,0.2222222222222222,3.0,7.0,0.42857142857142855,3.0,0.0,0.0,3.0,0.0,0.0,0,0.0,11,False
"Suárez, Ranger",624133,2021,L,23,72,16,3,1,1,1,5,0,1,2,0,0,16,0.1875,0.2777777777777778,0.3125,0.5902777777777778,0.125,0.21739130434782608,0.043478260869565216,0.2727272727272727,0.2653888888888889,40.0,8.0,0.2,13.0,33.0,0.3939393939393939,16.0,1.0,0.0625,16.0,0.0,0.0,1,0.043478260869565216,11,True
"Sweeney, Darnell",572182,2015,L,67,270,58,9,9,9,0,21,0,3,3,1,2,37,0.15517241379310345,0.26865671641791045,0.3448275862068966,0.613484302624807,0.18965517241379312,0.31343283582089554,0.13432835820895522,0.2,0.2734029850746269,120.0,41.0,0.3416666666666667,39.0,140.0,0.2785714285714286,37.0,13.0,0.35135135135135137,37.0,2.0,0.05405405405405406,9,0.13432835820895522,11,True
"Sweeney, Darnell",572182,2015,R,31,113,27,6,4,4,0,6,0,4,1,0,1,21,0.2222222222222222,0.3225806451612903,0.37037037037037035,0.6929510155316607,0.14814814814814814,0.1935483870967742,0.12903225806451613,0.25,0.3094516129032258,47.0,8.0,0.1702127659574468,16.0,59.0,0.2711864406779661,21.0,7.0,0.3333333333333333,21.0,2.0,0.09523809523809523,2,0.06451612903225806,12,True
"Therrien, Jesen",592279,2017,R,2,10,2,0,0,0,0,2,0,0,0,0,0,0,0.0,0.0,0.0,0.0,0.0,1.0,0.0,,0.0,3.0,1.0,0.3333333333333333,0.0,2.0,0.0,,,,,,,0,0.0,12,False
"Thompson, Jake",622097,2016,R,17,66,14,2,0,0,0,5,0,1,1,0,0,12,0.14285714285714285,0.14285714285714285,0.21428571428571427,0.3571428571428571,0.07142857142857142,0.29411764705882354,0.0,0.2222222222222222,0.15142857142857144,33.0,9.0,0.2727272727272727,7.0,29.0,0.2413793103448276,12.0,3.0,0.25,12.0,1.0,0.08333333333333333,0,0.0,12,True
"Thompson, Jake",622097,2017,R,14,46,12,2,1,1,0,5,0,1,1,0,0,8,0.16666666666666666,0.23076923076923078,0.25,0.4807692307692308,0.08333333333333334,0.35714285714285715,0.07142857142857142,0.2857142857142857,0.2155384615384615,22.0,7.0,0.3181818181818182,4.0,19.0,0.21052631578947367,8.0,1.0,0.125,8.0,1.0,0.125,0,0.0,12,True
"Thompson, Jake",622097,2018,R,2,10,2,0,0,0,0,2,0,0,0,0,0,0,0.0,0.0,0.0,0.0,0.0,1.0,0.0,,0.0,5.0,1.0,0.2,2.0,5.0,0.4,,,,,,,0,0.0,12,False
"Torreyes, Ronald",591720,2020,R,7,15,7,1,0,0,0,0,0,0,1,0,0,7,0.14285714285714285,0.14285714285714285,0.2857142857142857,0.42857142857142855,0.14285714285714285,0.0,0.0,0.14285714285714285,0.17685714285714285,9.0,1.0,0.1111111111111111,2.0,6.0,0.3333333333333333,7.0,2.0,0.2857142857142857,7.0,0.0,0.0,0,0.0,12,False
"Torreyes, Ronald",591720,2021,R,342,1170,318,77,17,17,1,41,1,59,10,1,7,283,0.24213836477987422,0.2818991097922849,0.34591194968553457,0.6278110594778195,0.10377358490566035,0.11988304093567251,0.049707602339181284,0.25830258302583026,0.2741364985163205,618.0,88.0,0.1423948220064725,182.0,567.0,0.32098765432098764,283.0,40.0,0.1413427561837456,283.0,1.0,0.0035335689045936395,46,0.13450292397660818,12,True
"Turner, Trea",607208,2023,R,745,2883,689,187,48,48,6,158,2,113,40,5,29,532,0.2714078374455733,0.32348993288590605,0.4702467343976778,0.7937366672835838,0.1988388969521045,0.21208053691275167,0.06442953020134229,0.3134920634920635,0.33995167785234903,1544.0,459.0,0.297279792746114,558.0,1562.0,0.35723431498079383,532.0,232.0,0.43609022556390975,532.0,47.0,0.08834586466165413,83,0.11140939597315436,12,True
"Turner, Trea",607208,2024,R,558,2121,522,152,29,29,6,103,1,106,25,0,21,418,0.29118773946360155,0.33512544802867383,0.45977011494252873,0.7948955629712026,0.16858237547892718,0.18458781362007168,0.05197132616487455,0.3283208020050125,0.34443189964157706,1132.0,302.0,0.2667844522968198,372.0,1101.0,0.33787465940054495,418.0,169.0,0.4043062200956938,418.0,28.0,0.06698564593301436,63,0.11290322580645161,12,True
"Turner, Trea",607208,2025,R,660,2479,609,183,44,44,5,112,2,130,31,7,15,496,0.30049261083743845,0.3515151515151515,0.4482758620689655,0.7997910135841171,0.14778325123152708,0.1696969696969697,0.06666666666666667,0.34710743801652894,0.3471651515151515,1272.0,322.0,0.2531446540880503,393.0,1271.0,0.3092053501180173,496.0,206.0,0.4153225806451613,496.0,28.0,0.056451612903225805,77,0.11666666666666667,12,True
"Turner, Trea",607208,2026,R,538,2028,497,123,35,34,3,115,3,84,21,1,17,385,0.24748490945674045,0.2992565055762082,0.3963782696177062,0.6956347751939145,0.14889336016096577,0.2137546468401487,0.06505576208178439,0.28804347826086957,0.3042756052141527,1033.0,279.0,0.2700871248789932,363.0,1060.0,0.3424528301886792,385.0,153.0,0.3974025974025974,385.0,24.0,0.06233766233766234,48,0.08921933085501858,12,True
"Utley, Chase",400284,2015,L,282,1060,249,54,22,18,4,35,7,36,12,1,5,221,0.21686746987951808,0.28368794326241137,0.3333333333333333,0.6170212765957447,0.11646586345381524,0.12411347517730496,0.07801418439716312,0.22685185185185186,0.2659892086330935,424.0,55.0,0.12971698113207547,134.0,560.0,0.2392857142857143,221.0,66.0,0.2986425339366516,221.0,5.0,0.02262443438914027,31,0.1099290780141844,11,True
"Valentín, Jesmuel",621044,2018,L,67,284,61,10,4,4,1,19,1,6,3,1,0,43,0.16393442622950818,0.22388059701492538,0.2459016393442623,0.4697822363591877,0.0819672131147541,0.2835820895522388,0.05970149253731343,0.23255813953488372,0.21013432835820897,112.0,34.0,0.30357142857142855,26.0,144.0,0.18055555555555555,43.0,8.0,0.18604651162790697,43.0,1.0,0.023255813953488372,5,0.07462686567164178,11,True
"Valentín, Jesmuel",621044,2018,R,22,92,18,4,4,4,0,5,0,1,2,0,1,13,0.2222222222222222,0.36363636363636365,0.5,0.8636363636363636,0.2777777777777778,0.22727272727272727,0.18181818181818182,0.25,0.37113636363636365,40.0,8.0,0.2,10.0,41.0,0.24390243902439024,13.0,1.0,0.07692307692307693,13.0,0.0,0.0,1,0.045454545454545456,12,True
"Vargas, Jason",450306,2019,L,14,47,12,1,0,0,0,6,0,1,0,0,0,8,0.08333333333333333,0.08333333333333333,0.08333333333333333,0.16666666666666666,0.0,0.42857142857142855,0.0,0.16666666666666666,0.0725,17.0,4.0,0.23529411764705882,6.0,19.0,0.3157894736842105,8.0,1.0,0.125,8.0,0.0,0.0,0,0.0,11,True
"Velasquez, Vince",592826,2016,R,44,163,40,8,1,1,0,16,0,7,1,0,0,27,0.2,0.21951219512195122,0.225,0.4445121951219512,0.024999999999999994,0.36363636363636365,0.022727272727272728,0.3333333333333333,0.1970487804878049,87.0,25.0,0.28735632183908044,19.0,68.0,0.27941176470588236,27.0,9.0,0.3333333333333333,27.0,0.0,0.0,1,0.022727272727272728,12,True
"Velasquez, Vince",592826,2017,R,25,82,24,6,1,1,0,4,0,6,0,0,0,20,0.25,0.28,0.25,0.53,0.0,0.16,0.04,0.3,0.2382,42.0,7.0,0.16666666666666666,9.0,38.0,0.23684210526315788,20.0,6.0,0.3,20.0,0.0,0.0,1,0.04,12,True
"Velasquez, Vince",592826,2018,R,45,162,40,9,0,0,0,11,0,8,1,0,0,34,0.225,0.225,0.25,0.475,0.024999999999999994,0.24444444444444444,0.0,0.3103448275862069,0.20717500000000003,88.0,17.0,0.19318181818181818,21.0,68.0,0.3088235294117647,34.0,10.0,0.29411764705882354,34.0,1.0,0.029411764705882353,1,0.022222222222222223,12,True
"Velasquez, Vince",592826,2019,R,36,135,30,7,2,2,0,9,0,6,0,0,1,25,0.23333333333333334,0.28125,0.3333333333333333,0.6145833333333333,0.09999999999999998,0.25,0.05555555555555555,0.3,0.266875,70.0,17.0,0.24285714285714285,25.0,70.0,0.35714285714285715,25.0,6.0,0.24,25.0,0.0,0.0,3,0.08333333333333333,12,True
"Velasquez, Vince",592826,2021,R,26,81,22,2,1,1,0,9,0,2,0,0,0,16,0.09090909090909091,0.13043478260869565,0.09090909090909091,0.22134387351778656,0.0,0.34615384615384615,0.038461538461538464,0.15384615384615385,0.10652173913043479,48.0,11.0,0.22916666666666666,16.0,37.0,0.43243243243243246,16.0,6.0,0.375,16.0,0.0,0.0,2,0.07692307692307693,12,True
"Vierling, Matt",663837,2021,R,76,300,71,23,3,3,1,20,1,17,3,1,2,52,0.323943661971831,0.35526315789473684,0.4788732394366197,0.8341363973313565,0.1549295774647887,0.2631578947368421,0.039473684210526314,0.42,0.3559078947368421,134.0,33.0,0.2462686567164179,38.0,142.0,0.2676056338028169,52.0,28.0,0.5384615384615384,52.0,2.0,0.038461538461538464,6,0.07894736842105263,12,True
"Vierling, Matt",663837,2022,R,372,1450,338,82,24,24,3,74,6,61,13,2,6,271,0.24260355029585798,0.29380053908355797,0.34615384615384615,0.6399543852374041,0.10355029585798817,0.1989247311827957,0.06451612903225806,0.2878787878787879,0.28206738544474397,648.0,127.0,0.19598765432098766,202.0,707.0,0.2857142857142857,271.0,129.0,0.47601476014760147,271.0,13.0,0.04797047970479705,34,0.0913978494623656,12,True
"Walding, Mitch",605520,2018,L,19,87,17,1,2,2,0,12,0,0,0,0,1,5,0.058823529411764705,0.15789473684210525,0.23529411764705882,0.3931888544891641,0.1764705882352941,0.631578947368421,0.10526315789473684,0.0,0.17952631578947367,37.0,18.0,0.4864864864864865,11.0,44.0,0.25,5.0,1.0,0.2,5.0,1.0,0.2,2,0.10526315789473684,11,True
"Walding, Mitch",605520,2019,L,2,9,2,0,0,0,0,2,0,0,0,0,0,0,0.0,0.0,0.0,0.0,0.0,1.0,0.0,,0.0,6.0,5.0,0.8333333333333334,2.0,5.0,0.4,,,,,,,0,0.0,11,False
"Walker, Neil",435522,2020,L,33,138,31,9,1,1,0,11,1,6,3,0,0,21,0.2903225806451613,0.30303030303030304,0.3870967741935484,0.6901270772238515,0.09677419354838707,0.3333333333333333,0.030303030303030304,0.42857142857142855,0.2942727272727273,65.0,21.0,0.3230769230769231,23.0,73.0,0.3150684931506849,21.0,2.0,0.09523809523809523,21.0,1.0,0.047619047619047616,3,0.09090909090909091,11,True
"Walker, Neil",435522,2020,R,8,34,8,0,0,0,0,2,0,0,0,0,0,6,0.0,0.0,0.0,0.0,0.0,0.25,0.0,0.0,0.0,13.0,1.0,0.07692307692307693,4.0,15.0,0.26666666666666666,6.0,1.0,0.16666666666666666,6.0,0.0,0.0,0,0.0,12,False
"Walton, Donovan",622268,2025,L,9,27,8,1,0,0,0,1,0,1,0,0,0,8,0.125,0.125,0.125,0.25,0.0,0.1111111111111111,0.0,0.14285714285714285,0.11025,15.0,1.0,0.06666666666666667,2.0,10.0,0.2,8.0,3.0,0.375,8.0,0.0,0.0,1,0.1111111111111111,11,False
"Wheeler, Zack",554430,2021,L,73,273,68,11,0,0,0,39,0,9,2,0,0,34,0.16176470588235295,0.16176470588235295,0.19117647058823528,0.3529411764705882,0.02941176470588233,0.5342465753424658,0.0,0.3793103448275862,0.15286764705882352,136.0,49.0,0.3602941176470588,54.0,123.0,0.43902439024390244,34.0,5.0,0.14705882352941177,34.0,0.0,0.0,3,0.0410958904109589,11,True
"Williams, Jerome",425532,2015,R,37,107,32,2,1,1,0,14,0,1,1,0,0,21,0.0625,0.09090909090909091,0.09375,0.1846590909090909,0.03125,0.3783783783783784,0.02702702702702703,0.1111111111111111,0.08557575757575757,55.0,19.0,0.34545454545454546,14.0,46.0,0.30434782608695654,21.0,4.0,0.19047619047619047,21.0,0.0,0.0,1,0.02702702702702703,12,True
"Williams, Luke",663897,2021,R,108,413,98,24,10,10,0,23,0,19,4,0,1,75,0.24489795918367346,0.3148148148148148,0.3163265306122449,0.6311413454270598,0.07142857142857145,0.21296296296296297,0.09259259259259259,0.3108108108108108,0.2832962962962963,192.0,38.0,0.19791666666666666,54.0,211.0,0.2559241706161137,75.0,19.0,0.25333333333333335,75.0,0.0,0.0,7,0.06481481481481481,12,True
"Williams, Nick",608384,2017,L,343,1217,313,90,20,20,6,97,4,60,14,4,12,220,0.28753993610223644,0.33819241982507287,0.4728434504792332,0.8110358703043061,0.18530351437699677,0.282798833819242,0.05830903790087463,0.375,0.3441224489795918,719.0,248.0,0.34492350486787204,244.0,633.0,0.3854660347551343,220.0,91.0,0.41363636363636364,220.0,17.0,0.07727272727272727,56,0.16326530612244897,11,True
"Williams, Nick",608384,2018,L,446,1704,407,104,30,30,9,111,0,72,12,3,17,296,0.25552825552825553,0.32062780269058294,0.4250614250614251,0.745689227752008,0.16953316953316955,0.24887892376681614,0.06726457399103139,0.3118279569892473,0.32458520179372197,840.0,227.0,0.2702380952380952,257.0,852.0,0.30164319248826293,296.0,111.0,0.375,296.0,20.0,0.06756756756756757,50,0.11210762331838565,11,True
"Williams, Nick",608384,2019,L,112,455,106,16,4,4,2,43,0,10,4,0,2,63,0.1509433962264151,0.19642857142857142,0.24528301886792453,0.441711590296496,0.09433962264150944,0.38392857142857145,0.03571428571428571,0.22950819672131148,0.19326785714285713,241.0,69.0,0.2863070539419087,91.0,244.0,0.3729508196721312,63.0,19.0,0.30158730158730157,63.0,4.0,0.06349206349206349,6,0.05357142857142857,11,True
"Wilson, Weston",642215,2023,R,22,96,16,5,6,6,0,5,0,4,0,0,1,11,0.3125,0.5,0.5,1.0,0.1875,0.22727272727272727,0.2727272727272727,0.4,0.44145454545454543,37.0,11.0,0.2972972972972973,8.0,52.0,0.15384615384615385,11.0,4.0,0.36363636363636365,11.0,1.0,0.09090909090909091,2,0.09090909090909091,12,True
"Wilson, Weston",642215,2024,R,102,390,92,25,8,8,1,29,1,14,7,1,3,63,0.2717391304347826,0.3333333333333333,0.4673913043478261,0.8007246376811594,0.19565217391304351,0.28431372549019607,0.0784313725490196,0.36065573770491804,0.34409803921568627,179.0,61.0,0.3407821229050279,57.0,206.0,0.2766990291262136,63.0,32.0,0.5079365079365079,63.0,9.0,0.14285714285714285,10,0.09803921568627451,12,True
"Wilson, Weston",642215,2025,R,125,536,111,22,12,12,1,34,0,13,4,0,5,78,0.1981981981981982,0.28225806451612906,0.36936936936936937,0.6516274338854984,0.17117117117117117,0.272,0.096,0.2361111111111111,0.2876854838709677,236.0,71.0,0.3008474576271186,65.0,264.0,0.24621212121212122,78.0,32.0,0.41025641025641024,78.0,8.0,0.10256410256410256,17,0.136,12,True
"Zimmer, Bradley",605548,2022,L,16,62,16,4,0,0,0,4,0,3,1,0,0,12,0.25,0.25,0.3125,0.5625,0.0625,0.25,0.0,0.3333333333333333,0.24456250000000002,36.0,10.0,0.2777777777777778,9.0,27.0,0.3333333333333333,12.0,2.0,0.16666666666666666,12.0,0.0,0.0,0,0.0,11,True
"d'Arnaud, Chase",488818,2015,R,18,59,17,3,1,1,0,7,0,2,0,1,0,10,0.17647058823529413,0.2222222222222222,0.29411764705882354,0.5163398692810457,0.11764705882352941,0.3888888888888889,0.05555555555555555,0.3,0.22461111111111112,37.0,11.0,0.2972972972972973,16.0,29.0,0.5517241379310345,10.0,2.0,0.2,10.0,0.0,0.0,0,0.0,12,True
