game_year,game_date,cum_pa,cum_ba,cum_obp,cum_slg,cum_woba
2020,2020-08-13,1,1.0,1.0,2.0,1.238
2020,2020-08-13,2,0.5,0.5,1.0,0.619
2020,2020-08-13,3,0.3333333333333333,0.3333333333333333,0.6666666666666666,0.4126666666666667
2020,2020-08-13,4,0.25,0.25,0.5,0.3095
2020,2020-08-14,5,0.4,0.4,0.6,0.4242
2020,2020-08-14,6,0.3333333333333333,0.3333333333333333,0.5,0.3535
2020,2020-08-14,7,0.2857142857142857,0.2857142857142857,0.42857142857142855,0.303
2020,2020-08-14,8,0.25,0.25,0.375,0.265125
2020,2020-08-15,9,0.2222222222222222,0.2222222222222222,0.3333333333333333,0.23566666666666666
2020,2020-08-15,10,0.2222222222222222,0.3,0.3333333333333333,0.282
2020,2020-08-15,11,0.2,0.2727272727272727,0.3,0.25636363636363635
2020,2020-08-16,12,0.18181818181818182,0.25,0.2727272727272727,0.235
2020,2020-08-16,13,0.25,0.3076923076923077,0.3333333333333333,0.28484615384615386
2020,2020-08-16,14,0.3076923076923077,0.35714285714285715,0.46153846153846156,0.3529285714285714
2020,2020-08-16,15,0.2857142857142857,0.3333333333333333,0.42857142857142855,0.32939999999999997
2020,2020-08-18,16,0.3333333333333333,0.375,0.4666666666666667,0.364
2020,2020-08-18,17,0.3333333333333333,0.4117647058823529,0.4666666666666667,0.3837058823529412
2020,2020-08-18,18,0.3125,0.3888888888888889,0.4375,0.36238888888888887
2020,2020-08-18,19,0.35294117647058826,0.42105263157894735,0.47058823529411764,0.3897894736842105
2020,2020-08-18,20,0.35294117647058826,0.45,0.47058823529411764,0.40525
2020,2020-08-19,21,0.3333333333333333,0.42857142857142855,0.4444444444444444,0.385952380952381
2020,2020-08-19,22,0.3157894736842105,0.4090909090909091,0.42105263157894735,0.3684090909090909
2020,2020-08-19,23,0.3157894736842105,0.43478260869565216,0.42105263157894735,0.38278260869565217
2020,2020-08-19,24,0.3,0.4166666666666667,0.4,0.36683333333333334
2020,2020-08-20,25,0.3333333333333333,0.44,0.42857142857142855,0.38748
2020,2020-08-20,26,0.3181818181818182,0.4230769230769231,0.4090909090909091,0.37257692307692303
2020,2020-08-20,27,0.3181818181818182,0.4444444444444444,0.4090909090909091,0.38466666666666666
2020,2020-08-20,28,0.34782608695652173,0.4642857142857143,0.4782608695652174,0.4151428571428571
2020,2020-08-20,29,0.3333333333333333,0.4482758620689655,0.4583333333333333,0.4008275862068965
2020,2020-08-20,30,0.32,0.43333333333333335,0.44,0.3874666666666666
2020,2020-08-20,31,0.3076923076923077,0.41935483870967744,0.4230769230769231,0.3749677419354838
2020,2020-08-21,32,0.2962962962962963,0.40625,0.4074074074074074,0.36324999999999996
2020,2020-08-21,33,0.2857142857142857,0.3939393939393939,0.39285714285714285,0.3522424242424242
2020,2020-08-21,34,0.2857142857142857,0.4117647058823529,0.39285714285714285,0.36244117647058827
2020,2020-08-21,35,0.27586206896551724,0.4,0.3793103448275862,0.3520857142857143
2020,2020-08-23,36,0.3,0.4166666666666667,0.5,0.3972777777777778
2020,2020-08-23,37,0.3225806451612903,0.43243243243243246,0.5161290322580645,0.4104054054054054
2020,2020-08-23,38,0.3225806451612903,0.4473684210526316,0.5161290322580645,0.418
2020,2020-08-23,39,0.34375,0.46153846153846156,0.53125,0.4299230769230769
2020,2020-08-25,40,0.3333333333333333,0.45,0.5151515151515151,0.41917499999999996
2020,2020-08-25,41,0.3235294117647059,0.43902439024390244,0.5,0.4089512195121951
2020,2020-08-25,42,0.3142857142857143,0.42857142857142855,0.4857142857142857,0.3992142857142857
2020,2020-08-25,43,0.3333333333333333,0.4418604651162791,0.5,0.41046511627906973
2020,2020-08-25,44,0.32432432432432434,0.4318181818181818,0.4864864864864865,0.4011363636363636
2020,2020-08-26,45,0.3157894736842105,0.4222222222222222,0.47368421052631576,0.3922222222222222
2020,2020-08-26,46,0.3076923076923077,0.41304347826086957,0.46153846153846156,0.383695652173913
2020,2020-08-26,47,0.325,0.425531914893617,0.475,0.39431914893617026
2020,2020-08-26,48,0.3170731707317073,0.4166666666666667,0.4634146341463415,0.3861041666666667
2020,2020-08-28,49,0.30952380952380953,0.40816326530612246,0.4523809523809524,0.3782244897959184
2020,2020-08-28,50,0.3023255813953488,0.4,0.4418604651162791,0.37066000000000004
2020,2020-08-28,51,0.29545454545454547,0.39215686274509803,0.4318181818181818,0.3633921568627451
2020,2020-08-28,52,0.28888888888888886,0.38461538461538464,0.4222222222222222,0.3564038461538462
2020,2020-08-29,53,0.2826086956521739,0.37735849056603776,0.41304347826086957,0.3496792452830189
2020,2020-08-29,54,0.2765957446808511,0.37037037037037035,0.40425531914893614,0.34320370370370373
2020,2020-08-29,55,0.2708333333333333,0.36363636363636365,0.3958333333333333,0.3369636363636364
2020,2020-08-29,56,0.2653061224489796,0.35714285714285715,0.3877551020408163,0.3309464285714286
2020,2020-08-31,57,0.26,0.3508771929824561,0.38,0.325140350877193
2020,2020-08-31,58,0.26,0.3448275862068966,0.38,0.31953448275862073
2020,2020-08-31,59,0.27450980392156865,0.3559322033898305,0.4117647058823529,0.33510169491525427
2020,2020-09-01,60,0.2692307692307692,0.35,0.40384615384615385,0.3295166666666667
2020,2020-09-01,61,0.2830188679245283,0.36065573770491804,0.4716981132075472,0.35655737704918034
2020,2020-09-01,62,0.2962962962962963,0.3709677419354839,0.5,0.3707741935483871
2020,2020-09-01,63,0.2909090909090909,0.36507936507936506,0.4909090909090909,0.3648888888888889
2020,2020-09-02,64,0.2857142857142857,0.359375,0.48214285714285715,0.3591875
2020,2020-09-02,65,0.2982456140350877,0.36923076923076925,0.49122807017543857,0.36724615384615383
2020,2020-09-02,66,0.29310344827586204,0.36363636363636365,0.4827586206896552,0.36168181818181816
2020,2020-09-02,67,0.288135593220339,0.3582089552238806,0.4745762711864407,0.35628358208955224
2020,2020-09-03,68,0.3,0.36764705882352944,0.48333333333333334,0.3640294117647058
2020,2020-09-03,69,0.3114754098360656,0.37681159420289856,0.4918032786885246,0.3715507246376812
2020,2020-09-03,70,0.3064516129032258,0.37142857142857144,0.4838709677419355,0.36624285714285715
2020,2020-09-03,71,0.31746031746031744,0.38028169014084506,0.49206349206349204,0.37352112676056337
2020,2020-09-03,72,0.31746031746031744,0.375,0.49206349206349204,0.36833333333333335
2020,2020-09-04,73,0.3125,0.3698630136986301,0.484375,0.3632876712328767
2020,2020-09-04,74,0.3076923076923077,0.36486486486486486,0.47692307692307695,0.3583783783783784
2020,2020-09-04,75,0.30303030303030304,0.36,0.4696969696969697,0.35359999999999997
2020,2020-09-04,76,0.29850746268656714,0.35526315789473684,0.4626865671641791,0.3489473684210526
2020,2020-09-05,77,0.29411764705882354,0.35064935064935066,0.45588235294117646,0.3444155844155844
2020,2020-09-05,78,0.30434782608695654,0.358974358974359,0.463768115942029,0.3513205128205128
2020,2020-09-05,79,0.3,0.35443037974683544,0.45714285714285713,0.346873417721519
2020,2020-09-05,80,0.29577464788732394,0.35,0.4507042253521127,0.3425375
2020,2020-09-06,81,0.2916666666666667,0.345679012345679,0.4444444444444444,0.33830864197530863
2020,2020-09-06,82,0.2876712328767123,0.34146341463414637,0.4383561643835616,0.33418292682926826
2020,2020-09-06,83,0.28378378378378377,0.3373493975903614,0.43243243243243246,0.33015662650602406
2020,2020-09-06,84,0.28,0.3333333333333333,0.4266666666666667,0.32622619047619045
2020,2020-09-07,85,0.27631578947368424,0.32941176470588235,0.42105263157894735,0.32238823529411764
2020,2020-09-07,86,0.2727272727272727,0.32558139534883723,0.4155844155844156,0.31863953488372093
2020,2020-09-07,87,0.2692307692307692,0.3218390804597701,0.41025641025641024,0.31497701149425283
2020,2020-09-07,88,0.27848101265822783,0.32954545454545453,0.4177215189873418,0.3214318181818182
2020,2020-09-07,89,0.275,0.3258426966292135,0.4125,0.31782022471910115
2020,2020-09-08,90,0.2839506172839506,0.3333333333333333,0.41975308641975306,0.3241
2020,2020-09-08,91,0.2926829268292683,0.34065934065934067,0.4268292682926829,0.3302417582417582
2020,2020-09-08,92,0.2891566265060241,0.33695652173913043,0.42168674698795183,0.32665217391304346
2020,2020-09-08,93,0.2976190476190476,0.34408602150537637,0.42857142857142855,0.33263440860215054
2020,2020-09-08,94,0.29411764705882354,0.3404255319148936,0.4235294117647059,0.32909574468085107
2020,2020-09-08,95,0.29411764705882354,0.3473684210526316,0.4235294117647059,0.33329473684210525
2020,2020-09-08,96,0.29069767441860467,0.34375,0.4186046511627907,0.3298229166666667
2020,2020-09-10,97,0.2988505747126437,0.35051546391752575,0.42528735632183906,0.3355257731958763
2020,2020-09-10,98,0.3068181818181818,0.35714285714285715,0.4318181818181818,0.3411122448979592
2020,2020-09-10,99,0.30337078651685395,0.35353535353535354,0.42696629213483145,0.33766666666666667
2020,2020-09-10,100,0.30337078651685395,0.36,0.42696629213483145,0.34128000000000003
2020,2020-09-11,101,0.3,0.3564356435643564,0.4222222222222222,0.3379009900990099
2020,2020-09-11,102,0.3076923076923077,0.3627450980392157,0.42857142857142855,0.3432450980392157
2020,2020-09-11,103,0.31521739130434784,0.36893203883495146,0.44565217391304346,0.3519320388349515
2020,2020-09-11,104,0.3118279569892473,0.36538461538461536,0.44086021505376344,0.34854807692307693
2020,2020-09-11,105,0.30851063829787234,0.3619047619047619,0.43617021276595747,0.34522857142857144
2020,2020-09-11,106,0.3157894736842105,0.36792452830188677,0.45263157894736844,0.35365094339622644
2020,2020-09-11,107,0.3229166666666667,0.37383177570093457,0.4583333333333333,0.35859813084112147
2020,2020-09-12,108,0.31958762886597936,0.37037037037037035,0.4536082474226804,0.35527777777777775
2020,2020-09-12,109,0.3163265306122449,0.3669724770642202,0.4489795918367347,0.3520183486238532
2020,2020-09-12,110,0.31313131313131315,0.36363636363636365,0.4444444444444444,0.3488181818181818
2020,2020-09-12,111,0.32,0.36936936936936937,0.45,0.3536306306306306
2020,2020-09-12,112,0.32673267326732675,0.375,0.46534653465346537,0.3615267857142857
2020,2020-09-13,113,0.3333333333333333,0.3805309734513274,0.4803921568627451,0.36928318584070796
2020,2020-09-13,114,0.3300970873786408,0.37719298245614036,0.47572815533980584,0.3660438596491228
2020,2020-09-13,115,0.3269230769230769,0.3739130434782609,0.47115384615384615,0.3628608695652174
2020,2020-09-13,116,0.3333333333333333,0.3793103448275862,0.5047619047619047,0.3767931034482758
2020,2020-09-13,117,0.3333333333333333,0.38461538461538464,0.5047619047619047,0.3795470085470085
2020,2020-09-13,118,0.330188679245283,0.3813559322033898,0.5,0.3763305084745762
2020,2020-09-14,119,0.32710280373831774,0.37815126050420167,0.4953271028037383,0.3731680672268907
2020,2020-09-14,120,0.32407407407407407,0.375,0.49074074074074076,0.3700583333333333
2020,2020-09-14,121,0.3211009174311927,0.371900826446281,0.48623853211009177,0.367
2020,2020-09-14,122,0.3181818181818182,0.36885245901639346,0.4818181818181818,0.3639918032786885
2020,2020-09-15,123,0.3153153153153153,0.36585365853658536,0.4774774774774775,0.3610325203252032
2020,2020-09-15,124,0.3125,0.3629032258064516,0.4732142857142857,0.35812096774193547
2020,2020-09-15,125,0.3185840707964602,0.368,0.4778761061946903,0.36232
2020,2020-09-15,126,0.3157894736842105,0.36507936507936506,0.47368421052631576,0.35944444444444446
2020,2020-09-16,127,0.3130434782608696,0.36220472440944884,0.46956521739130436,0.35661417322834643
2020,2020-09-16,128,0.3103448275862069,0.359375,0.46551724137931033,0.353828125
2020,2020-09-16,129,0.3076923076923077,0.35658914728682173,0.46153846153846156,0.35108527131782946
2020,2020-09-16,130,0.3050847457627119,0.35384615384615387,0.4576271186440678,0.3483846153846154
2020,2020-09-16,131,0.31092436974789917,0.35877862595419846,0.46218487394957986,0.35246564885496184
2020,2020-09-17,132,0.31666666666666665,0.36363636363636365,0.49166666666666664,0.36478787878787877
2020,2020-09-17,133,0.32231404958677684,0.3684210526315789,0.5041322314049587,0.3713533834586466
2020,2020-09-17,134,0.319672131147541,0.3656716417910448,0.5,0.3685820895522388
2020,2020-09-17,135,0.3170731707317073,0.362962962962963,0.4959349593495935,0.3658518518518519
2020,2020-09-17,136,0.3170731707317073,0.36764705882352944,0.4959349593495935,0.36830147058823526
2020,2020-09-18,137,0.3170731707317073,0.3722627737226277,0.4959349593495935,0.37071532846715327
2020,2020-09-18,138,0.31451612903225806,0.3695652173913043,0.49193548387096775,0.36802898550724633
2020,2020-09-18,139,0.32,0.37410071942446044,0.496,0.3717338129496403
2020,2020-09-18,140,0.3253968253968254,0.37857142857142856,0.5,0.3753857142857143
2020,2020-09-18,141,0.3253968253968254,0.3829787234042553,0.5,0.3776808510638298
2020,2020-09-18,142,0.3228346456692913,0.38028169014084506,0.49606299212598426,0.3750211267605634
2020,2020-09-18,143,0.3203125,0.3776223776223776,0.4921875,0.3723986013986014
2020,2020-09-18,144,0.32558139534883723,0.3819444444444444,0.49612403100775193,0.37594444444444447
2020,2020-09-20,145,0.32558139534883723,0.38620689655172413,0.49612403100775193,0.37817241379310346
2020,2020-09-20,146,0.33076923076923076,0.3904109589041096,0.5,0.3816301369863013
2020,2020-09-20,147,0.3282442748091603,0.3877551020408163,0.4961832061068702,0.37903401360544214
2020,2020-09-20,148,0.3333333333333333,0.3918918918918919,0.5,0.3824391891891892
2020,2020-09-20,149,0.3308270676691729,0.38926174496644295,0.49624060150375937,0.3798724832214765
2020,2020-09-21,150,0.3308270676691729,0.3933333333333333,0.49624060150375937,0.382
2020,2020-09-21,151,0.3358208955223881,0.3973509933774834,0.5,0.385317880794702
2020,2020-09-21,152,0.3358208955223881,0.40131578947368424,0.5,0.38757236842105264
2020,2020-09-21,153,0.3333333333333333,0.39869281045751637,0.4962962962962963,0.3850392156862745
2020,2020-09-22,154,0.33088235294117646,0.3961038961038961,0.49264705882352944,0.38253896103896107
2020,2020-09-22,155,0.3284671532846715,0.3935483870967742,0.48905109489051096,0.3800709677419355
2020,2020-09-22,156,0.32608695652173914,0.391025641025641,0.4855072463768116,0.3776346153846154
2020,2020-09-22,157,0.3237410071942446,0.3885350318471338,0.48201438848920863,0.3752292993630573
2020,2020-09-22,158,0.32857142857142857,0.3924050632911392,0.4857142857142857,0.37844303797468354
2020,2020-09-22,159,0.3333333333333333,0.39622641509433965,0.48936170212765956,0.38161635220125784
2020,2020-09-22,160,0.3333333333333333,0.4,0.48936170212765956,0.3836
2020,2020-09-22,161,0.3333333333333333,0.40372670807453415,0.48936170212765956,0.38555900621118017
2020,2020-09-23,162,0.33098591549295775,0.4012345679012346,0.4859154929577465,0.383179012345679
2020,2020-09-23,163,0.3356643356643357,0.4049079754601227,0.48951048951048953,0.3862453987730061
2020,2020-09-23,164,0.3333333333333333,0.4024390243902439,0.4861111111111111,0.38389024390243903
2020,2020-09-23,165,0.33793103448275863,0.40606060606060607,0.4896551724137931,0.38691515151515155
2020,2020-09-23,166,0.3356164383561644,0.4036144578313253,0.4863013698630137,0.3845843373493976
2020,2020-09-23,167,0.3333333333333333,0.40119760479041916,0.48299319727891155,0.3822814371257485
2020,2020-09-25,168,0.3310810810810811,0.39880952380952384,0.4797297297297297,0.38000595238095236
2020,2020-09-25,169,0.33557046979865773,0.40236686390532544,0.48322147651006714,0.38298224852071006
2020,2020-09-25,170,0.34,0.40588235294117647,0.4866666666666667,0.3859235294117647
2020,2020-09-25,171,0.33774834437086093,0.40350877192982454,0.48344370860927155,0.38366666666666666
2020,2020-09-26,172,0.34210526315789475,0.4069767441860465,0.4868421052631579,0.38656976744186045
2020,2020-09-26,173,0.33986928104575165,0.4046242774566474,0.48366013071895425,0.3843352601156069
2020,2020-09-26,174,0.33766233766233766,0.40229885057471265,0.4805194805194805,0.3821264367816092
2020,2020-09-26,175,0.3419354838709677,0.4057142857142857,0.4838709677419355,0.38498857142857146
2020,2020-09-26,176,0.33974358974358976,0.4034090909090909,0.4807692307692308,0.3828011363636364
2020,2020-09-27,177,0.3375796178343949,0.4011299435028249,0.47770700636942676,0.3806384180790961
2020,2020-09-27,178,0.33544303797468356,0.398876404494382,0.47468354430379744,0.3785
2020,2020-09-27,179,0.3333333333333333,0.39664804469273746,0.4716981132075472,0.37638547486033525
2020,2020-09-27,180,0.3375,0.4,0.48125,0.38117222222222225
2021,2021-04-01,1,,0.0,,0.0
2021,2021-04-01,2,,0.5,,0.346
2021,2021-04-01,3,0.0,0.3333333333333333,0.0,0.23066666666666666
2021,2021-04-01,4,0.0,0.25,0.0,0.173
2021,2021-04-01,5,0.0,0.2,0.0,0.1384
2021,2021-04-03,6,0.0,0.16666666666666666,0.0,0.11533333333333333
2021,2021-04-03,7,0.0,0.14285714285714285,0.0,0.09885714285714285
2021,2021-04-03,8,0.0,0.25,0.0,0.173
2021,2021-04-03,9,0.0,0.2222222222222222,0.0,0.15377777777777776
2021,2021-04-04,10,0.14285714285714285,0.3,0.14285714285714285,0.2263
2021,2021-04-04,11,0.125,0.2727272727272727,0.125,0.20572727272727273
2021,2021-04-04,12,0.1111111111111111,0.25,0.1111111111111111,0.18858333333333333
2021,2021-04-04,13,0.2,0.3076923076923077,0.2,0.24169230769230768
2021,2021-04-05,14,0.18181818181818182,0.2857142857142857,0.18181818181818182,0.22442857142857142
2021,2021-04-05,15,0.16666666666666666,0.26666666666666666,0.16666666666666666,0.20946666666666666
2021,2021-04-05,16,0.23076923076923078,0.3125,0.23076923076923078,0.2513125
2021,2021-04-05,17,0.21428571428571427,0.29411764705882354,0.21428571428571427,0.23652941176470588
2021,2021-04-06,18,0.2,0.2777777777777778,0.2,0.2233888888888889
2021,2021-04-06,19,0.1875,0.2631578947368421,0.1875,0.21163157894736842
2021,2021-04-06,20,0.17647058823529413,0.25,0.17647058823529413,0.20105
2021,2021-04-06,21,0.2222222222222222,0.2857142857142857,0.2222222222222222,0.23333333333333334
2021,2021-04-07,22,0.2631578947368421,0.3181818181818182,0.42105263157894735,0.31395454545454543
2021,2021-04-07,23,0.25,0.30434782608695654,0.4,0.30030434782608695
2021,2021-04-07,24,0.23809523809523808,0.2916666666666667,0.38095238095238093,0.28779166666666667
2021,2021-04-07,25,0.22727272727272727,0.28,0.36363636363636365,0.27628
2021,2021-04-09,26,0.21739130434782608,0.2692307692307692,0.34782608695652173,0.26565384615384613
2021,2021-04-09,27,0.20833333333333334,0.25925925925925924,0.3333333333333333,0.25581481481481483
2021,2021-04-09,28,0.2,0.25,0.32,0.24667857142857144
2021,2021-04-09,29,0.19230769230769232,0.2413793103448276,0.3076923076923077,0.23817241379310344
2021,2021-04-10,30,0.2222222222222222,0.26666666666666666,0.3333333333333333,0.25953333333333334
2021,2021-04-10,31,0.21428571428571427,0.25806451612903225,0.32142857142857145,0.2511612903225806
2021,2021-04-10,32,0.20689655172413793,0.25,0.3103448275862069,0.2433125
2021,2021-04-10,33,0.2,0.24242424242424243,0.3,0.23593939393939392
2021,2021-04-11,34,0.1935483870967742,0.23529411764705882,0.2903225806451613,0.22899999999999998
2021,2021-04-11,35,0.21875,0.2571428571428571,0.3125,0.24757142857142855
2021,2021-04-11,36,0.21212121212121213,0.25,0.30303030303030304,0.24069444444444443
2021,2021-04-11,37,0.23529411764705882,0.2702702702702703,0.35294117647058826,0.26775675675675675
2021,2021-04-13,38,0.2571428571428571,0.2894736842105263,0.4,0.29339473684210526
2021,2021-04-13,39,0.2571428571428571,0.3076923076923077,0.4,0.3036153846153846
2021,2021-04-13,40,0.25,0.3,0.3888888888888889,0.296025
2021,2021-04-13,41,0.24324324324324326,0.2926829268292683,0.3783783783783784,0.28880487804878047
2021,2021-04-13,42,0.23684210526315788,0.2857142857142857,0.3684210526315789,0.2819285714285714
2021,2021-04-13,43,0.23076923076923078,0.27906976744186046,0.358974358974359,0.27537209302325577
2021,2021-04-13,44,0.25,0.29545454545454547,0.375,0.2890909090909091
2021,2021-04-14,45,0.24390243902439024,0.28888888888888886,0.36585365853658536,0.2826666666666667
2021,2021-04-14,46,0.23809523809523808,0.2826086956521739,0.35714285714285715,0.2765217391304348
2021,2021-04-14,47,0.23255813953488372,0.2765957446808511,0.3488372093023256,0.27063829787234045
2021,2021-04-16,48,0.25,0.2916666666666667,0.36363636363636365,0.2833125
2021,2021-04-16,49,0.24444444444444444,0.2857142857142857,0.35555555555555557,0.27753061224489795
2021,2021-04-16,50,0.2391304347826087,0.28,0.34782608695652173,0.27198
2021,2021-04-16,51,0.23404255319148937,0.27450980392156865,0.3404255319148936,0.2666470588235294
2021,2021-04-17,52,0.25,0.28846153846153844,0.3541666666666667,0.27842307692307694
2021,2021-04-17,53,0.25,0.2830188679245283,0.3541666666666667,0.2731698113207547
2021,2021-04-17,54,0.24489795918367346,0.2777777777777778,0.3469387755102041,0.26811111111111113
2021,2021-04-17,55,0.24,0.2727272727272727,0.34,0.26323636363636366
2021,2021-04-17,56,0.23529411764705882,0.26785714285714285,0.3333333333333333,0.25853571428571426
2021,2021-04-18,57,0.23076923076923078,0.2631578947368421,0.3269230769230769,0.254
2021,2021-04-18,58,0.22641509433962265,0.25862068965517243,0.32075471698113206,0.24962068965517242
2021,2021-04-18,59,0.22641509433962265,0.2542372881355932,0.32075471698113206,0.24538983050847457
2021,2021-04-18,60,0.2222222222222222,0.25,0.3148148148148148,0.2413
2021,2021-04-19,61,0.21818181818181817,0.2459016393442623,0.3090909090909091,0.23734426229508196
2021,2021-04-19,62,0.21818181818181817,0.25806451612903225,0.3090909090909091,0.24467741935483872
2021,2021-04-19,63,0.21428571428571427,0.25396825396825395,0.30357142857142855,0.24079365079365078
2021,2021-04-19,64,0.22807017543859648,0.265625,0.3157894736842105,0.250765625
2021,2021-04-20,65,0.22413793103448276,0.26153846153846155,0.3103448275862069,0.2469076923076923
2021,2021-04-20,66,0.22033898305084745,0.25757575757575757,0.3050847457627119,0.24316666666666667
2021,2021-04-20,67,0.23333333333333334,0.26865671641791045,0.36666666666666664,0.26949253731343287
2021,2021-04-20,68,0.22950819672131148,0.2647058823529412,0.36065573770491804,0.2655294117647059
2021,2021-04-21,69,0.22580645161290322,0.2608695652173913,0.3548387096774194,0.26168115942028985
2021,2021-04-21,70,0.22580645161290322,0.2714285714285714,0.3548387096774194,0.26782857142857147
2021,2021-04-21,71,0.2222222222222222,0.2676056338028169,0.3492063492063492,0.264056338028169
2021,2021-04-21,72,0.2222222222222222,0.2777777777777778,0.3492063492063492,0.27
2021,2021-04-21,73,0.21875,0.273972602739726,0.34375,0.2663013698630137
2021,2021-04-23,74,0.23076923076923078,0.28378378378378377,0.35384615384615387,0.2745810810810811
2021,2021-04-23,75,0.22727272727272727,0.28,0.3484848484848485,0.27092
2021,2021-04-23,76,0.23880597014925373,0.2894736842105263,0.3582089552238806,0.27892105263157896
2021,2021-04-23,77,0.23529411764705882,0.2857142857142857,0.35294117647058826,0.2752987012987013
2021,2021-04-24,78,0.2318840579710145,0.28205128205128205,0.34782608695652173,0.27176923076923076
2021,2021-04-24,79,0.2318840579710145,0.27848101265822783,0.34782608695652173,0.2683291139240506
2021,2021-04-24,80,0.22857142857142856,0.275,0.34285714285714286,0.264975
2021,2021-04-24,81,0.22535211267605634,0.2716049382716049,0.3380281690140845,0.2617037037037037
2021,2021-04-25,82,0.2222222222222222,0.2682926829268293,0.3333333333333333,0.2585121951219512
2021,2021-04-25,83,0.2191780821917808,0.26506024096385544,0.3287671232876712,0.25539759036144577
2021,2021-04-25,84,0.21621621621621623,0.2619047619047619,0.32432432432432434,0.25235714285714284
2021,2021-04-25,85,0.21333333333333335,0.25882352941176473,0.32,0.24938823529411766
2021,2021-04-26,86,0.21052631578947367,0.2558139534883721,0.3157894736842105,0.24648837209302327
2021,2021-04-26,87,0.2077922077922078,0.25287356321839083,0.3116883116883117,0.24365517241379311
2021,2021-04-26,88,0.20512820512820512,0.25,0.3076923076923077,0.24088636363636365
2021,2021-04-27,89,0.20253164556962025,0.24719101123595505,0.3037974683544304,0.23817977528089887
2021,2021-04-27,90,0.2,0.24444444444444444,0.3,0.23553333333333334
2021,2021-04-27,91,0.19753086419753085,0.24175824175824176,0.2962962962962963,0.23294505494505494
2021,2021-04-28,92,0.2073170731707317,0.25,0.3170731707317073,0.24391304347826087
2021,2021-04-28,93,0.20481927710843373,0.24731182795698925,0.3132530120481928,0.24129032258064517
2021,2021-04-29,94,0.21428571428571427,0.2553191489361702,0.32142857142857145,0.2480744680851064
2021,2021-04-29,95,0.21176470588235294,0.25263157894736843,0.3176470588235294,0.24546315789473683
2021,2021-04-29,96,0.20930232558139536,0.25,0.313953488372093,0.24290625
2021,2021-04-29,97,0.21839080459770116,0.25773195876288657,0.3218390804597701,0.2494639175257732
2021,2021-04-29,98,0.2159090909090909,0.25510204081632654,0.3181818181818182,0.24691836734693878
2021,2021-04-30,99,0.21348314606741572,0.25252525252525254,0.3146067415730337,0.24442424242424243
2021,2021-04-30,100,0.2111111111111111,0.25,0.3111111111111111,0.24198
2021,2021-04-30,101,0.2087912087912088,0.24752475247524752,0.3076923076923077,0.23958415841584157
2021,2021-04-30,102,0.20652173913043478,0.24509803921568626,0.30434782608695654,0.23723529411764707
2021,2021-05-01,103,0.21505376344086022,0.2524271844660194,0.3118279569892473,0.2434660194174757
2021,2021-05-01,104,0.2127659574468085,0.25,0.30851063829787234,0.24112499999999998
2021,2021-05-01,105,0.22105263157894736,0.2571428571428571,0.3473684210526316,0.25794285714285714
2021,2021-05-01,106,0.22916666666666666,0.2641509433962264,0.3541666666666667,0.26380188679245287
2021,2021-05-02,107,0.2268041237113402,0.2616822429906542,0.35051546391752575,0.2613364485981309
2021,2021-05-02,108,0.22448979591836735,0.25925925925925924,0.3469387755102041,0.2589166666666667
2021,2021-05-02,109,0.23232323232323232,0.26605504587155965,0.35353535353535354,0.2646055045871559
2021,2021-05-02,110,0.23,0.2636363636363636,0.35,0.2622
2021,2021-05-03,111,0.22772277227722773,0.26126126126126126,0.3465346534653465,0.2598378378378378
2021,2021-05-03,112,0.22549019607843138,0.25892857142857145,0.3431372549019608,0.25751785714285713
2021,2021-05-03,113,0.22330097087378642,0.25663716814159293,0.33980582524271846,0.25523893805309733
2021,2021-05-03,114,0.22115384615384615,0.2543859649122807,0.33653846153846156,0.253
2021,2021-05-04,115,0.21904761904761905,0.25217391304347825,0.3333333333333333,0.25079999999999997
2021,2021-05-04,116,0.22641509433962265,0.25862068965517243,0.33962264150943394,0.2562155172413793
2021,2021-05-04,117,0.22429906542056074,0.2564102564102564,0.3364485981308411,0.254025641025641
2021,2021-05-04,118,0.2222222222222222,0.2542372881355932,0.3333333333333333,0.2518728813559322
2021,2021-05-05,119,0.22018348623853212,0.25210084033613445,0.3302752293577982,0.24975630252100842
2021,2021-05-05,120,0.21818181818181817,0.25,0.32727272727272727,0.247675
2021,2021-05-05,121,0.21621621621621623,0.24793388429752067,0.32432432432432434,0.24562809917355372
2021,2021-05-06,122,0.21428571428571427,0.2459016393442623,0.32142857142857145,0.24361475409836067
2021,2021-05-06,123,0.21238938053097345,0.24390243902439024,0.3185840707964602,0.2416341463414634
2021,2021-05-06,124,0.21929824561403508,0.25,0.3508771929824561,0.2558709677419355
2021,2021-05-07,125,0.22608695652173913,0.256,0.3565217391304348,0.260856
2021,2021-05-07,126,0.22413793103448276,0.25396825396825395,0.35344827586206895,0.2587857142857143
2021,2021-05-07,127,0.2222222222222222,0.25196850393700787,0.3504273504273504,0.256748031496063
2021,2021-05-07,128,0.2288135593220339,0.2578125,0.3559322033898305,0.261609375
2021,2021-05-07,129,0.226890756302521,0.2558139534883721,0.35294117647058826,0.2595813953488372
2021,2021-05-08,130,0.225,0.25384615384615383,0.35,0.25758461538461536
2021,2021-05-08,131,0.2231404958677686,0.25190839694656486,0.34710743801652894,0.255618320610687
2021,2021-05-08,132,0.22131147540983606,0.25,0.3442622950819672,0.2536818181818182
2021,2021-05-08,133,0.21951219512195122,0.24812030075187969,0.34146341463414637,0.25177443609022554
2021,2021-05-08,134,0.21774193548387097,0.2462686567164179,0.3387096774193548,0.24989552238805968
2021,2021-05-08,135,0.216,0.24444444444444444,0.336,0.24804444444444443
2021,2021-05-09,136,0.21428571428571427,0.2426470588235294,0.3333333333333333,0.2462205882352941
2021,2021-05-09,137,0.2125984251968504,0.24087591240875914,0.33070866141732286,0.24442335766423356
2021,2021-05-09,138,0.2109375,0.2391304347826087,0.328125,0.24265217391304345
2021,2021-05-09,139,0.21705426356589147,0.2446043165467626,0.3333333333333333,0.24723021582733815
2021,2021-05-11,140,0.2230769230769231,0.25,0.34615384615384615,0.2543357142857143
2021,2021-05-11,141,0.22137404580152673,0.24822695035460993,0.3435114503816794,0.25253191489361704
2021,2021-05-12,142,0.22137404580152673,0.2535211267605634,0.3435114503816794,0.2556267605633803
2021,2021-05-12,143,0.2196969696969697,0.2517482517482518,0.3409090909090909,0.25383916083916086
2021,2021-05-12,144,0.21804511278195488,0.25,0.3383458646616541,0.2520763888888889
2021,2021-05-12,145,0.21641791044776118,0.2482758620689655,0.3358208955223881,0.25033793103448276
2021,2021-05-12,146,0.21481481481481482,0.2465753424657534,0.3333333333333333,0.24862328767123287
2021,2021-05-13,147,0.21323529411764705,0.24489795918367346,0.33088235294117646,0.24693197278911563
2021,2021-05-13,148,0.2116788321167883,0.24324324324324326,0.3284671532846715,0.2452635135135135
2021,2021-05-13,149,0.21739130434782608,0.2483221476510067,0.3333333333333333,0.2495167785234899
2021,2021-05-13,150,0.2158273381294964,0.24666666666666667,0.33093525179856115,0.24785333333333331
2021,2021-05-14,151,0.21428571428571427,0.24503311258278146,0.32857142857142857,0.24621192052980131
2021,2021-05-14,152,0.2127659574468085,0.24342105263157895,0.3262411347517731,0.2445921052631579
2021,2021-05-14,153,0.2112676056338028,0.24183006535947713,0.323943661971831,0.24299346405228756
2021,2021-05-14,154,0.21678321678321677,0.24675324675324675,0.3356643356643357,0.2494805194805195
2021,2021-05-14,155,0.2152777777777778,0.24516129032258063,0.3333333333333333,0.24787096774193548
2021,2021-05-15,156,0.21379310344827587,0.24358974358974358,0.3310344827586207,0.2462820512820513
2021,2021-05-15,157,0.21232876712328766,0.24203821656050956,0.3287671232876712,0.24471337579617836
2021,2021-05-15,158,0.21768707482993196,0.2468354430379747,0.3401360544217687,0.2510253164556962
2021,2021-05-15,159,0.21768707482993196,0.25157232704402516,0.3401360544217687,0.2537987421383648
2021,2021-05-16,160,0.22297297297297297,0.25625,0.34459459459459457,0.25770624999999997
2021,2021-05-16,161,0.2214765100671141,0.2546583850931677,0.3422818791946309,0.2561055900621118
2021,2021-05-16,162,0.22666666666666666,0.25925925925925924,0.3466666666666667,0.25995061728395064
2021,2021-05-16,163,0.2251655629139073,0.25766871165644173,0.3443708609271523,0.2583558282208589
2021,2021-05-16,164,0.2236842105263158,0.25609756097560976,0.34210526315789475,0.25678048780487805
2021,2021-05-18,165,0.2222222222222222,0.2545454545454545,0.33986928104575165,0.2552242424242424
2021,2021-05-18,166,0.22077922077922077,0.25301204819277107,0.33766233766233766,0.2536867469879518
2021,2021-05-18,167,0.22580645161290322,0.25748502994011974,0.3419354838709677,0.2574311377245509
2021,2021-05-18,168,0.23076923076923078,0.2619047619047619,0.3525641025641026,0.26329166666666665
2021,2021-05-18,169,0.22929936305732485,0.2603550295857988,0.3503184713375796,0.26173372781065085
2021,2021-05-19,170,0.22784810126582278,0.25882352941176473,0.34810126582278483,0.2601941176470588
2021,2021-05-19,171,0.22641509433962265,0.2573099415204678,0.34591194968553457,0.258672514619883
2021,2021-05-19,172,0.225,0.2558139534883721,0.34375,0.25716860465116276
2021,2021-05-19,173,0.2236024844720497,0.2543352601156069,0.3416149068322981,0.25568208092485545
2021,2021-05-20,174,0.2222222222222222,0.25287356321839083,0.3395061728395062,0.2542126436781609
2021,2021-05-20,175,0.22085889570552147,0.25142857142857145,0.3374233128834356,0.25276
2021,2021-05-20,176,0.21951219512195122,0.25,0.3353658536585366,0.2513238636363636
2021,2021-05-20,177,0.21818181818181817,0.24858757062146894,0.3333333333333333,0.24990395480225988
2021,2021-05-21,178,0.22289156626506024,0.25280898876404495,0.3373493975903614,0.25343820224719105
2021,2021-05-21,179,0.2215568862275449,0.25139664804469275,0.33532934131736525,0.25202234636871507
2021,2021-05-21,180,0.2261904761904762,0.25555555555555554,0.3392857142857143,0.25550555555555554
2021,2021-05-21,181,0.22485207100591717,0.2541436464088398,0.33727810650887574,0.2540939226519337
2021,2021-05-22,182,0.2235294117647059,0.25274725274725274,0.3352941176470588,0.2526978021978022
2021,2021-05-23,183,0.2235294117647059,0.2568306010928962,0.3352941176470588,0.2550983606557377
2021,2021-05-23,184,0.2222222222222222,0.2554347826086957,0.3333333333333333,0.2537119565217391
2021,2021-05-23,185,0.22093023255813954,0.25405405405405407,0.3313953488372093,0.25234054054054056
2021,2021-05-23,186,0.21965317919075145,0.25268817204301075,0.32947976878612717,0.25098387096774194
2021,2021-05-24,187,0.21839080459770116,0.25133689839572193,0.3275862068965517,0.24964171122994652
2021,2021-05-24,188,0.21714285714285714,0.25,0.32571428571428573,0.24831382978723404
2021,2021-05-24,189,0.2159090909090909,0.24867724867724866,0.32386363636363635,0.247
2021,2021-05-24,190,0.21468926553672316,0.24736842105263157,0.3220338983050847,0.2457
2021,2021-05-25,191,0.21468926553672316,0.2513089005235602,0.3220338983050847,0.24803664921465968
2021,2021-05-25,192,0.21348314606741572,0.25,0.3202247191011236,0.24674479166666666
2021,2021-05-25,193,0.2122905027932961,0.24870466321243523,0.31843575418994413,0.24546632124352333
2021,2021-05-27,194,0.2111111111111111,0.24742268041237114,0.31666666666666665,0.24420103092783504
2021,2021-05-27,195,0.2154696132596685,0.2512820512820513,0.32044198895027626,0.24745641025641024
2021,2021-05-27,196,0.21428571428571427,0.25,0.31868131868131866,0.2461938775510204
2021,2021-05-27,197,0.21311475409836064,0.24873096446700507,0.31693989071038253,0.2449441624365482
2021,2021-05-29,198,0.21195652173913043,0.2474747474747475,0.31521739130434784,0.2437070707070707
2021,2021-05-29,199,0.21081081081081082,0.24623115577889448,0.31351351351351353,0.2424824120603015
2021,2021-05-29,200,0.20967741935483872,0.245,0.3118279569892473,0.24126999999999998
2021,2021-05-29,201,0.20855614973262032,0.24378109452736318,0.31016042780748665,0.24006965174129352
2021,2021-05-30,202,0.2074468085106383,0.24257425742574257,0.30851063829787234,0.23888118811881187
2021,2021-05-30,203,0.20634920634920634,0.2413793103448276,0.30687830687830686,0.23770443349753692
2021,2021-05-30,204,0.20526315789473684,0.24019607843137256,0.30526315789473685,0.2365392156862745
2021,2021-05-30,205,0.20526315789473684,0.24390243902439024,0.30526315789473685,0.2387609756097561
2021,2021-05-31,206,0.20526315789473684,0.24757281553398058,0.30526315789473685,0.24096116504854367
2021,2021-05-31,207,0.20526315789473684,0.25120772946859904,0.30526315789473685,0.24314009661835748
2021,2021-05-31,208,0.20418848167539266,0.25,0.3036649214659686,0.24197115384615384
2021,2021-05-31,209,0.203125,0.24880382775119617,0.3020833333333333,0.2408133971291866
2021,2021-06-01,210,0.20207253886010362,0.24761904761904763,0.3005181347150259,0.23966666666666667
2021,2021-06-01,211,0.20618556701030927,0.25118483412322273,0.30412371134020616,0.242696682464455
2021,2021-06-01,212,0.21025641025641026,0.25471698113207547,0.3076923076923077,0.24569811320754717
2021,2021-06-01,213,0.20918367346938777,0.2535211267605634,0.30612244897959184,0.24454460093896713
2021,2021-06-01,214,0.2131979695431472,0.2570093457943925,0.3096446700507614,0.24750934579439252
2021,2021-06-04,215,0.21717171717171718,0.26046511627906976,0.31313131313131315,0.250446511627907
2021,2021-06-04,216,0.21608040201005024,0.25925925925925924,0.31155778894472363,0.24928703703703703
2021,2021-06-04,217,0.215,0.25806451612903225,0.31,0.24813824884792626
2021,2021-06-05,218,0.21393034825870647,0.25688073394495414,0.30845771144278605,0.247
2021,2021-06-05,219,0.21287128712871287,0.2557077625570776,0.3069306930693069,0.24587214611872144
2021,2021-06-05,220,0.21182266009852216,0.2545454545454545,0.3054187192118227,0.24475454545454545
2021,2021-06-06,221,0.2107843137254902,0.25339366515837103,0.30392156862745096,0.24364705882352938
2021,2021-06-06,222,0.2107843137254902,0.25675675675675674,0.30392156862745096,0.24566666666666664
2021,2021-06-06,223,0.2097560975609756,0.2556053811659193,0.3024390243902439,0.24456502242152464
2021,2021-06-06,224,0.2087378640776699,0.2544642857142857,0.30097087378640774,0.24347321428571428
2021,2021-06-08,225,0.21256038647342995,0.2577777777777778,0.30434782608695654,0.24629777777777778
2021,2021-06-08,226,0.21153846153846154,0.25663716814159293,0.30288461538461536,0.2452079646017699
2021,2021-06-08,227,0.215311004784689,0.2599118942731278,0.3062200956937799,0.248
2021,2021-06-08,228,0.21428571428571427,0.25877192982456143,0.3047619047619048,0.2469122807017544
2021,2021-06-09,229,0.21800947867298578,0.26200873362445415,0.3080568720379147,0.2496724890829694
2021,2021-06-09,230,0.2169811320754717,0.2608695652173913,0.30660377358490565,0.24858695652173912
2021,2021-06-09,231,0.215962441314554,0.2597402597402597,0.3051643192488263,0.2475108225108225
2021,2021-06-10,232,0.21962616822429906,0.2629310344827586,0.308411214953271,0.25023275862068967
2021,2021-06-12,233,0.22325581395348837,0.26609442060085836,0.3116279069767442,0.252931330472103
2021,2021-06-12,234,0.2222222222222222,0.26495726495726496,0.3101851851851852,0.25185042735042734
2021,2021-06-12,235,0.22580645161290322,0.2680851063829787,0.31336405529953915,0.2545191489361702
2021,2021-06-12,236,0.22477064220183487,0.2669491525423729,0.3119266055045872,0.2534406779661017
2021,2021-06-12,237,0.2237442922374429,0.26582278481012656,0.3105022831050228,0.2523713080168776
2021,2021-06-13,238,0.22727272727272727,0.2689075630252101,0.31363636363636366,0.2550042016806723
2021,2021-06-13,239,0.22624434389140272,0.26778242677824265,0.31221719457013575,0.25393723849372385
2021,2021-06-13,240,0.22522522522522523,0.26666666666666666,0.3108108108108108,0.25287916666666665
2021,2021-06-13,241,0.2242152466367713,0.26556016597510373,0.3094170403587444,0.2518298755186722
2021,2021-06-14,242,0.22321428571428573,0.2644628099173554,0.3080357142857143,0.25078925619834713
2021,2021-06-14,243,0.22666666666666666,0.2674897119341564,0.3111111111111111,0.25337448559670783
2021,2021-06-14,244,0.22566371681415928,0.26639344262295084,0.30973451327433627,0.2523360655737705
2021,2021-06-14,245,0.22466960352422907,0.2653061224489796,0.30837004405286345,0.2513061224489796
2021,2021-06-15,246,0.2236842105263158,0.26422764227642276,0.30701754385964913,0.2502845528455285
2021,2021-06-15,247,0.22707423580786026,0.26720647773279355,0.31004366812227074,0.25282995951417003
2021,2021-06-15,248,0.23043478260869565,0.2701612903225806,0.3130434782608696,0.25535483870967746
2021,2021-06-15,249,0.22943722943722944,0.26907630522088355,0.3116883116883117,0.2543293172690763
2021,2021-06-16,250,0.22844827586206898,0.268,0.3103448275862069,0.25331200000000004
2021,2021-06-16,251,0.2317596566523605,0.27091633466135456,0.31759656652360513,0.2572509960159362
2021,2021-06-16,252,0.23076923076923078,0.2698412698412698,0.3162393162393162,0.2562301587301587
2021,2021-06-16,253,0.2297872340425532,0.26877470355731226,0.3148936170212766,0.2552173913043478
2021,2021-06-18,254,0.2288135593220339,0.2677165354330709,0.3135593220338983,0.25421259842519683
2021,2021-06-18,255,0.22784810126582278,0.26666666666666666,0.31223628691983124,0.2532156862745098
2021,2021-06-18,256,0.226890756302521,0.265625,0.31092436974789917,0.2522265625
2021,2021-06-19,257,0.226890756302521,0.26848249027237353,0.31092436974789917,0.2540544747081712
2021,2021-06-19,258,0.2301255230125523,0.2713178294573643,0.3138075313807531,0.25647674418604655
2021,2021-06-19,259,0.22916666666666666,0.2702702702702703,0.3125,0.25548648648648653
2021,2021-06-19,260,0.23236514522821577,0.27307692307692305,0.3153526970954357,0.2578846153846154
2021,2021-06-19,261,0.23553719008264462,0.27586206896551724,0.3181818181818182,0.26026436781609197
2021,2021-06-20,262,0.2345679012345679,0.2748091603053435,0.3168724279835391,0.2592709923664122
2021,2021-06-20,263,0.2336065573770492,0.2737642585551331,0.3155737704918033,0.2582851711026616
2021,2021-06-20,264,0.23265306122448978,0.2727272727272727,0.3142857142857143,0.25730681818181816
2021,2021-06-22,265,0.23170731707317074,0.27169811320754716,0.3130081300813008,0.2563358490566038
2021,2021-06-22,266,0.23076923076923078,0.2706766917293233,0.3117408906882591,0.2553721804511278
2021,2021-06-22,267,0.22983870967741934,0.2696629213483146,0.31048387096774194,0.25441573033707865
2021,2021-06-22,268,0.23293172690763053,0.27238805970149255,0.3172690763052209,0.25810074626865676
2021,2021-06-23,269,0.236,0.275092936802974,0.32,0.2604089219330855
2021,2021-06-23,270,0.2350597609561753,0.2740740740740741,0.3187250996015936,0.2594444444444444
2021,2021-06-23,271,0.23809523809523808,0.2767527675276753,0.32142857142857145,0.26173062730627306
2021,2021-06-23,272,0.24110671936758893,0.27941176470588236,0.32806324110671936,0.2653345588235294
2021,2021-06-23,273,0.2440944881889764,0.28205128205128205,0.33070866141732286,0.2675824175824176
2021,2021-06-25,274,0.24313725490196078,0.28102189781021897,0.32941176470588235,0.26660583941605837
2021,2021-06-25,275,0.2421875,0.28,0.328125,0.2656363636363636
2021,2021-06-25,276,0.24124513618677043,0.27898550724637683,0.32684824902723736,0.26467391304347826
2021,2021-06-25,277,0.24031007751937986,0.2779783393501805,0.32558139534883723,0.26371841155234654
2021,2021-06-25,278,0.23938223938223938,0.27697841726618705,0.32432432432432434,0.26276978417266184
2021,2021-06-25,279,0.23846153846153847,0.27598566308243727,0.3230769230769231,0.2618279569892473
2021,2021-06-27,280,0.23754789272030652,0.275,0.3218390804597701,0.26089285714285715
2021,2021-06-27,281,0.2366412213740458,0.27402135231316727,0.32061068702290074,0.2599644128113879
2021,2021-06-27,282,0.23574144486692014,0.2730496453900709,0.3193916349809886,0.25904255319148933
2021,2021-06-27,283,0.23484848484848486,0.27208480565371024,0.3181818181818182,0.25812720848056536
2021,2021-06-28,284,0.2339622641509434,0.2711267605633803,0.3169811320754717,0.2572183098591549
2021,2021-06-28,285,0.23684210526315788,0.2736842105263158,0.3233082706766917,0.26067368421052634
2021,2021-06-28,286,0.2397003745318352,0.2762237762237762,0.3258426966292135,0.26283566433566435
2021,2021-06-28,287,0.2397003745318352,0.2787456445993031,0.3258426966292135,0.26433101045296165
2021,2021-06-29,288,0.2397003745318352,0.28125,0.3258426966292135,0.26581597222222225
2021,2021-06-29,289,0.2397003745318352,0.2837370242214533,0.3258426966292135,0.26729065743944636
2021,2021-06-29,290,0.23880597014925373,0.2827586206896552,0.3246268656716418,0.2663689655172414
2021,2021-06-29,291,0.23880597014925373,0.2852233676975945,0.3246268656716418,0.26783161512027487
2021,2021-06-30,292,0.23880597014925373,0.2876712328767123,0.3246268656716418,0.26928424657534245
2021,2021-06-30,293,0.241635687732342,0.2901023890784983,0.3271375464684015,0.2713651877133106
2021,2021-06-30,294,0.24074074074074073,0.2891156462585034,0.32592592592592595,0.27044217687074834
2021,2021-06-30,295,0.23985239852398524,0.288135593220339,0.3247232472324723,0.26952542372881355
2021,2021-07-02,296,0.23897058823529413,0.28716216216216217,0.3235294117647059,0.26861486486486486
2021,2021-07-02,297,0.23809523809523808,0.28619528619528617,0.32234432234432236,0.26771043771043773
2021,2021-07-02,298,0.23722627737226276,0.28523489932885904,0.32116788321167883,0.26681208053691274
2021,2021-07-03,299,0.23636363636363636,0.2842809364548495,0.32,0.2659197324414716
2021,2021-07-03,300,0.23550724637681159,0.2833333333333333,0.3188405797101449,0.26503333333333334
2021,2021-07-03,301,0.23826714801444043,0.2857142857142857,0.3212996389891697,0.2670730897009967
2021,2021-07-04,302,0.23741007194244604,0.2847682119205298,0.32014388489208634,0.2661887417218543
2021,2021-07-04,303,0.23741007194244604,0.2871287128712871,0.32014388489208634,0.2675940594059406
2021,2021-07-04,304,0.23655913978494625,0.28618421052631576,0.31899641577060933,0.2667138157894737
2021,2021-07-05,305,0.2357142857142857,0.28524590163934427,0.31785714285714284,0.2658393442622951
2021,2021-07-05,306,0.23843416370106763,0.2875816993464052,0.3238434163701068,0.26902941176470585
2021,2021-07-05,307,0.2375886524822695,0.28664495114006516,0.32269503546099293,0.2681530944625407
2021,2021-07-05,308,0.2375886524822695,0.288961038961039,0.32269503546099293,0.26952922077922076
2021,2021-07-05,309,0.24028268551236748,0.2912621359223301,0.33568904593639576,0.2751521035598706
2021,2021-07-06,310,0.23943661971830985,0.2903225806451613,0.3345070422535211,0.2742645161290323
2021,2021-07-06,311,0.23859649122807017,0.28938906752411575,0.3333333333333333,0.2733826366559486
2021,2021-07-06,312,0.23776223776223776,0.28846153846153844,0.3321678321678322,0.27250641025641026
2021,2021-07-06,313,0.23693379790940766,0.28753993610223644,0.3310104529616725,0.27163578274760386
2021,2021-07-06,314,0.2361111111111111,0.28662420382165604,0.3298611111111111,0.2707707006369427
2021,2021-07-07,315,0.2361111111111111,0.28888888888888886,0.3298611111111111,0.2721079365079365
2021,2021-07-07,316,0.23875432525951557,0.2911392405063291,0.33217993079584773,0.27402848101265825
2021,2021-07-07,317,0.23793103448275862,0.2902208201892745,0.3310344827586207,0.2731640378548896
2021,2021-07-07,318,0.24054982817869416,0.29245283018867924,0.3333333333333333,0.2750691823899371
2021,2021-07-08,319,0.23972602739726026,0.29153605015673983,0.3321917808219178,0.27420689655172414
2021,2021-07-08,320,0.23890784982935154,0.290625,0.3310580204778157,0.27335
2021,2021-07-08,321,0.23809523809523808,0.2897196261682243,0.3299319727891156,0.27249844236760123
2021,2021-07-08,322,0.23728813559322035,0.2888198757763975,0.3288135593220339,0.27165217391304347
2021,2021-07-09,323,0.23986486486486486,0.29102167182662536,0.3310810810810811,0.2735325077399381
2021,2021-07-09,324,0.23986486486486486,0.2932098765432099,0.3310810810810811,0.2748240740740741
2021,2021-07-09,325,0.23986486486486486,0.2953846153846154,0.3310810810810811,0.27610769230769233
2021,2021-07-09,326,0.23905723905723905,0.294478527607362,0.32996632996632996,0.275260736196319
2021,2021-07-10,327,0.24161073825503357,0.2966360856269113,0.3422818791946309,0.2805565749235474
2021,2021-07-10,328,0.2408026755852843,0.29573170731707316,0.3411371237458194,0.2797012195121951
2021,2021-07-10,329,0.24333333333333335,0.2978723404255319,0.3433333333333333,0.2815227963525836
2021,2021-07-23,330,0.2425249169435216,0.296969696969697,0.34219269102990035,0.28066969696969696
2021,2021-07-23,331,0.24503311258278146,0.2990936555891239,0.3443708609271523,0.2824773413897281
2021,2021-07-23,332,0.24422442244224424,0.29819277108433734,0.3432343234323432,0.2816265060240964
2021,2021-07-23,333,0.24342105263157895,0.2972972972972973,0.34210526315789475,0.2807807807807808
2021,2021-07-24,334,0.2459016393442623,0.2994011976047904,0.3442622950819672,0.28257185628742515
2021,2021-07-24,335,0.2459016393442623,0.30149253731343284,0.3442622950819672,0.28379402985074625
2021,2021-07-24,336,0.24509803921568626,0.3005952380952381,0.3431372549019608,0.2829494047619048
2021,2021-07-24,337,0.24509803921568626,0.3026706231454006,0.3431372549019608,0.2841632047477745
2021,2021-07-25,338,0.247557003257329,0.3047337278106509,0.34527687296416937,0.2859230769230769
2021,2021-07-25,339,0.24675324675324675,0.30383480825958703,0.34415584415584416,0.2850796460176991
2021,2021-07-25,340,0.2459546925566343,0.3029411764705882,0.343042071197411,0.2842411764705882
2021,2021-07-26,341,0.24516129032258063,0.3020527859237537,0.3419354838709677,0.28340762463343105
2021,2021-07-27,342,0.24437299035369775,0.30116959064327486,0.3408360128617363,0.28257894736842104
2021,2021-07-29,343,0.24358974358974358,0.30029154518950435,0.33974358974358976,0.28175510204081633
2021,2021-07-29,344,0.24281150159744408,0.29941860465116277,0.33865814696485624,0.2809360465116279
2021,2021-07-29,345,0.24203821656050956,0.2985507246376812,0.3375796178343949,0.28012173913043475
2021,2021-07-29,346,0.24126984126984127,0.2976878612716763,0.33650793650793653,0.27931213872832367
2021,2021-07-29,347,0.24367088607594936,0.29971181556195964,0.34810126582278483,0.28429106628242073
2021,2021-07-29,348,0.24605678233438485,0.3017241379310345,0.3501577287066246,0.28600000000000003
2021,2021-07-29,349,0.24842767295597484,0.3037249283667622,0.3522012578616352,0.28769914040114614
2021,2021-07-30,350,0.2507836990595611,0.3057142857142857,0.3542319749216301,0.28938857142857144
2021,2021-07-30,351,0.25,0.30484330484330485,0.353125,0.2885641025641026
2021,2021-07-30,352,0.24922118380062305,0.3039772727272727,0.35202492211838005,0.28774431818181817
2021,2021-07-30,353,0.2484472049689441,0.3031161473087819,0.35093167701863354,0.28692917847025495
2021,2021-07-31,354,0.2476780185758514,0.3022598870056497,0.3498452012383901,0.28611864406779663
2021,2021-07-31,355,0.25,0.30422535211267604,0.35185185185185186,0.2877887323943662
2021,2021-07-31,356,0.25,0.3061797752808989,0.35185185185185186,0.2889241573033708
2021,2021-07-31,357,0.24923076923076923,0.30532212885154064,0.3507692307692308,0.28811484593837533
2021,2021-08-01,358,0.25153374233128833,0.30726256983240224,0.35276073619631904,0.2897653631284916
2021,2021-08-01,359,0.25076452599388377,0.3064066852367688,0.3516819571865443,0.288958217270195
2021,2021-08-01,360,0.2530487804878049,0.30833333333333335,0.35365853658536583,0.29059722222222223
2021,2021-08-01,361,0.25227963525835867,0.3074792243767313,0.3525835866261398,0.289792243767313
2021,2021-08-01,362,0.25227963525835867,0.30939226519337015,0.3525835866261398,0.29090331491712706
2021,2021-08-01,363,0.2515151515151515,0.3085399449035813,0.3515151515151515,0.29010192837465565
2021,2021-08-02,364,0.25075528700906347,0.3076923076923077,0.3504531722054381,0.2893049450549451
2021,2021-08-02,365,0.25,0.30684931506849317,0.3493975903614458,0.2885123287671233
2021,2021-08-02,366,0.25225225225225223,0.3087431693989071,0.35135135135135137,0.2901256830601093
2021,2021-08-02,367,0.25149700598802394,0.3079019073569482,0.3502994011976048,0.2893351498637602
2021,2021-08-02,368,0.2537313432835821,0.30978260869565216,0.3522388059701492,0.2909375
2021,2021-08-03,369,0.25297619047619047,0.3089430894308943,0.35119047619047616,0.2901490514905149
2021,2021-08-03,370,0.2551928783382789,0.3108108108108108,0.35311572700296734,0.29174054054054055
2021,2021-08-03,371,0.2551928783382789,0.31266846361185985,0.35311572700296734,0.29281940700808623
2021,2021-08-03,372,0.25443786982248523,0.3118279569892473,0.3520710059171598,0.2920322580645161
2021,2021-08-04,373,0.2536873156342183,0.3109919571045576,0.35103244837758113,0.29124932975871315
2021,2021-08-04,374,0.2529411764705882,0.31016042780748665,0.35,0.2904705882352941
2021,2021-08-04,375,0.2529411764705882,0.312,0.35,0.2915413333333333
2021,2021-08-05,376,0.25219941348973607,0.31117021276595747,0.3489736070381232,0.2907659574468085
2021,2021-08-05,377,0.25146198830409355,0.3103448275862069,0.347953216374269,0.2899946949602122
2021,2021-08-05,378,0.2536443148688047,0.31216931216931215,0.35276967930029157,0.2925132275132275
2021,2021-08-05,379,0.25290697674418605,0.3113456464379947,0.35174418604651164,0.2917414248021108
2021,2021-08-06,380,0.25217391304347825,0.3105263157894737,0.3507246376811594,0.2909736842105263
2021,2021-08-06,381,0.2514450867052023,0.30971128608923887,0.34971098265895956,0.29020997375328084
2021,2021-08-06,382,0.2507204610951009,0.3089005235602094,0.34870317002881845,0.2894502617801047
2021,2021-08-07,383,0.25,0.30809399477806787,0.34770114942528735,0.28869451697127935
2021,2021-08-07,384,0.2521489971346705,0.3098958333333333,0.3524355300859599,0.2911770833333333
2021,2021-08-07,385,0.25142857142857145,0.3090909090909091,0.3514285714285714,0.2904207792207792
2021,2021-08-07,386,0.2535612535612536,0.31088082901554404,0.35327635327635326,0.2919455958549223
2021,2021-08-08,387,0.2528409090909091,0.31007751937984496,0.3522727272727273,0.29119121447028423
2021,2021-08-08,388,0.2521246458923513,0.30927835051546393,0.35127478753541075,0.29044072164948453
2021,2021-08-08,389,0.2542372881355932,0.3110539845758355,0.3531073446327684,0.29195372750642673
2021,2021-08-10,390,0.2535211267605634,0.31025641025641026,0.352112676056338,0.29120512820512817
2021,2021-08-11,391,0.25280898876404495,0.309462915601023,0.351123595505618,0.29046035805626597
2021,2021-08-11,392,0.25210084033613445,0.3086734693877551,0.35014005602240894,0.28971938775510203
2021,2021-08-11,393,0.25139664804469275,0.30788804071246817,0.34916201117318435,0.28898218829516537
2021,2021-08-12,394,0.25069637883008355,0.30710659898477155,0.34818941504178275,0.288248730964467
2021,2021-08-13,395,0.25,0.30632911392405066,0.3472222222222222,0.2875189873417721
2021,2021-08-15,396,0.24930747922437674,0.3055555555555556,0.3462603878116344,0.28679292929292927
2021,2021-08-15,397,0.24930747922437674,0.30730478589420657,0.3462603878116344,0.28781360201511336
2021,2021-08-15,398,0.2513812154696133,0.30904522613065327,0.35082872928176795,0.2902110552763819
2021,2021-08-17,399,0.25068870523415976,0.3082706766917293,0.349862258953168,0.28948370927318295
2021,2021-08-18,400,0.25,0.3075,0.3489010989010989,0.28876
2021,2021-08-19,401,0.2493150684931507,0.30673316708229426,0.34794520547945207,0.2880399002493766
2021,2021-08-19,402,0.24863387978142076,0.30597014925373134,0.3469945355191257,0.2873233830845771
2021,2021-08-19,403,0.24795640326975477,0.3052109181141439,0.3460490463215259,0.2866104218362283
2021,2021-08-20,404,0.24728260869565216,0.30445544554455445,0.3451086956521739,0.28590099009900993
2021,2021-08-20,405,0.24661246612466126,0.3037037037037037,0.34417344173441733,0.2851950617283951
2021,2021-08-20,406,0.24594594594594596,0.30295566502463056,0.34324324324324323,0.28449261083743843
2021,2021-08-20,407,0.24528301886792453,0.3022113022113022,0.3423180592991914,0.2837936117936118
2021,2021-09-29,408,0.24528301886792453,0.30392156862745096,0.3423180592991914,0.2848676470588235
2021,2021-09-30,409,0.24731182795698925,0.3056234718826406,0.34408602150537637,0.28632029339853304
2021,2021-10-02,410,0.24932975871313673,0.3073170731707317,0.34584450402144773,0.2877658536585366
2021,2021-10-02,411,0.24866310160427807,0.30656934306569344,0.3449197860962567,0.2870656934306569
2021,2021-10-02,412,0.248,0.3058252427184466,0.344,0.28636893203883496
2021,2021-10-02,413,0.2473404255319149,0.3050847457627119,0.34308510638297873,0.28567554479418883
2021,2021-10-03,414,0.2493368700265252,0.30676328502415456,0.3448275862068966,0.2871086956521739
2021,2021-10-03,415,0.24867724867724866,0.3060240963855422,0.3439153439153439,0.28641686746987954
2021,2021-10-03,416,0.24802110817941952,0.30528846153846156,0.34300791556728233,0.2857283653846154
2021,2021-10-03,417,0.24736842105263157,0.30455635491606714,0.34210526315789475,0.2850431654676259
2022,2022-04-09,1,1.0,1.0,2.0,1.261
2022,2022-04-09,2,1.0,1.0,1.5,1.0725
2022,2022-04-09,3,1.0,1.0,1.5,0.9446666666666665
2022,2022-04-11,4,1.0,1.0,1.5,0.8807499999999999
2022,2022-04-11,5,1.0,1.0,1.6666666666666667,0.9568
2022,2022-04-11,6,1.0,1.0,1.6666666666666667,0.9121666666666667
2022,2022-04-12,7,0.75,0.8571428571428571,1.25,0.7818571428571428
2022,2022-04-13,8,0.75,0.75,1.25,0.684125
2022,2022-04-13,9,0.6,0.6666666666666666,1.0,0.608111111111111
2022,2022-04-14,10,0.6666666666666666,0.7,1.0,0.6356999999999999
2022,2022-04-15,11,0.7142857142857143,0.7272727272727273,1.0,0.6582727272727272
2022,2022-04-16,12,0.7142857142857143,0.6666666666666666,1.0,0.6034166666666666
2022,2022-04-16,13,0.75,0.6923076923076923,1.0,0.625
2022,2022-04-16,14,0.7777777777777778,0.7142857142857143,1.0,0.6435000000000001
2022,2022-04-16,15,0.7777777777777778,0.6666666666666666,1.0,0.6006
2022,2022-04-16,16,0.7,0.625,0.9,0.5630625
2022,2022-04-17,17,0.6363636363636364,0.5882352941176471,0.8181818181818182,0.5299411764705882
2022,2022-04-18,18,0.5833333333333334,0.5555555555555556,0.75,0.5005000000000001
2022,2022-04-18,19,0.5384615384615384,0.5263157894736842,0.6923076923076923,0.4741578947368421
2022,2022-04-18,20,0.5714285714285714,0.55,0.7142857142857143,0.49465000000000003
2022,2022-04-19,21,0.5333333333333333,0.5238095238095238,0.6666666666666666,0.4710952380952381
2022,2022-04-19,22,0.5333333333333333,0.5454545454545454,0.6666666666666666,0.4809999999999999
2022,2022-04-19,23,0.5,0.5217391304347826,0.625,0.4600869565217391
2022,2022-04-19,24,0.47058823529411764,0.5,0.5882352941176471,0.4409166666666666
2022,2022-04-20,25,0.4444444444444444,0.48,0.5555555555555556,0.42327999999999993
2022,2022-04-20,26,0.47368421052631576,0.5,0.7368421052631579,0.4866923076923077
2022,2022-04-20,27,0.5,0.5185185185185185,0.75,0.5014074074074074
2022,2022-04-20,28,0.5,0.5,0.75,0.4835
2022,2022-04-20,29,0.47619047619047616,0.4827586206896552,0.7142857142857143,0.46682758620689657
2022,2022-04-22,30,0.45454545454545453,0.4666666666666667,0.6818181818181818,0.45126666666666665
2022,2022-04-22,31,0.43478260869565216,0.45161290322580644,0.6521739130434783,0.43670967741935485
2022,2022-04-22,32,0.4166666666666667,0.4375,0.625,0.4230625
2022,2022-04-22,33,0.44,0.45454545454545453,0.64,0.43703030303030305
2022,2022-04-23,34,0.4230769230769231,0.4411764705882353,0.6153846153846154,0.4241764705882353
2022,2022-04-23,35,0.4074074074074074,0.42857142857142855,0.5925925925925926,0.4120571428571429
2022,2022-04-23,36,0.39285714285714285,0.4166666666666667,0.5714285714285714,0.40061111111111114
2022,2022-04-24,37,0.3793103448275862,0.40540540540540543,0.5517241379310345,0.3897837837837838
2022,2022-04-24,38,0.3793103448275862,0.42105263157894735,0.5517241379310345,0.3976578947368421
2022,2022-04-24,39,0.36666666666666664,0.41025641025641024,0.5333333333333333,0.38746153846153847
2022,2022-04-24,40,0.3548387096774194,0.4,0.5161290322580645,0.377775
2022,2022-04-25,41,0.34375,0.3902439024390244,0.5,0.3685609756097561
2022,2022-04-25,42,0.3333333333333333,0.38095238095238093,0.48484848484848486,0.3597857142857143
2022,2022-04-25,43,0.3235294117647059,0.37209302325581395,0.47058823529411764,0.3514186046511628
2022,2022-04-25,44,0.3142857142857143,0.36363636363636365,0.45714285714285713,0.34343181818181817
2022,2022-04-26,45,0.3055555555555556,0.35555555555555557,0.4444444444444444,0.3358
2022,2022-04-26,46,0.32432432432432434,0.3695652173913043,0.4594594594594595,0.3477173913043478
2022,2022-04-26,47,0.3157894736842105,0.3617021276595745,0.4473684210526316,0.3403191489361702
2022,2022-04-26,48,0.3157894736842105,0.375,0.4473684210526316,0.34758333333333336
2022,2022-04-27,49,0.3076923076923077,0.3673469387755102,0.4358974358974359,0.34048979591836737
2022,2022-04-27,50,0.325,0.38,0.45,0.35136
2022,2022-04-27,51,0.3170731707317073,0.37254901960784315,0.43902439024390244,0.34447058823529414
2022,2022-04-27,52,0.3333333333333333,0.38461538461538464,0.4523809523809524,0.3548461538461538
2022,2022-04-28,53,0.32558139534883723,0.37735849056603776,0.4418604651162791,0.3481509433962264
2022,2022-04-28,54,0.3409090909090909,0.3888888888888889,0.5227272727272727,0.38007407407407406
2022,2022-04-28,55,0.3333333333333333,0.38181818181818183,0.5111111111111111,0.37316363636363636
2022,2022-04-28,56,0.32608695652173914,0.375,0.5,0.3665
2022,2022-04-29,57,0.3191489361702128,0.3684210526315789,0.48936170212765956,0.3600701754385965
2022,2022-04-29,58,0.3125,0.3620689655172414,0.4791666666666667,0.35386206896551725
2022,2022-04-29,59,0.30612244897959184,0.3559322033898305,0.46938775510204084,0.347864406779661
2022,2022-04-30,60,0.32,0.36666666666666664,0.48,0.3568
2022,2022-04-30,61,0.3137254901960784,0.36065573770491804,0.47058823529411764,0.35095081967213115
2022,2022-04-30,62,0.3137254901960784,0.3709677419354839,0.47058823529411764,0.3564032258064516
2022,2022-04-30,63,0.3076923076923077,0.36507936507936506,0.46153846153846156,0.35074603174603175
2022,2022-05-01,64,0.32075471698113206,0.375,0.4716981132075472,0.359078125
2022,2022-05-01,65,0.3148148148148148,0.36923076923076925,0.46296296296296297,0.35355384615384616
2022,2022-05-01,66,0.3090909090909091,0.36363636363636365,0.45454545454545453,0.3481969696969697
2022,2022-05-01,67,0.3090909090909091,0.373134328358209,0.45454545454545453,0.35374626865671643
2022,2022-05-03,68,0.32142857142857145,0.38235294117647056,0.4642857142857143,0.36154411764705885
2022,2022-05-03,69,0.3157894736842105,0.37681159420289856,0.45614035087719296,0.35630434782608694
2022,2022-05-03,70,0.3275862068965517,0.38571428571428573,0.4827586206896552,0.3692285714285714
2022,2022-05-03,71,0.3220338983050847,0.38028169014084506,0.4745762711864407,0.3640281690140845
2022,2022-05-04,72,0.31666666666666665,0.375,0.4666666666666667,0.35897222222222225
2022,2022-05-04,73,0.3114754098360656,0.3698630136986301,0.45901639344262296,0.35405479452054794
2022,2022-05-04,74,0.3064516129032258,0.36486486486486486,0.45161290322580644,0.34927027027027024
2022,2022-05-04,75,0.30158730158730157,0.36,0.4444444444444444,0.3446133333333333
2022,2022-05-04,76,0.296875,0.35526315789473684,0.4375,0.34007894736842104
2022,2022-05-05,77,0.2923076923076923,0.35064935064935066,0.4307692307692308,0.33566233766233766
2022,2022-05-05,78,0.30303030303030304,0.358974358974359,0.4393939393939394,0.3426923076923077
2022,2022-05-05,79,0.29850746268656714,0.35443037974683544,0.43283582089552236,0.33835443037974683
2022,2022-05-05,80,0.3088235294117647,0.3625,0.45588235294117646,0.3498875
2022,2022-05-05,81,0.30434782608695654,0.35802469135802467,0.4492753623188406,0.3455679012345679
2022,2022-05-08,82,0.3,0.35365853658536583,0.44285714285714284,0.34135365853658534
2022,2022-05-08,83,0.30985915492957744,0.3614457831325301,0.4507042253521127,0.34789156626506024
2022,2022-05-08,84,0.3194444444444444,0.36904761904761907,0.4583333333333333,0.35427380952380955
2022,2022-05-08,85,0.3150684931506849,0.36470588235294116,0.4520547945205479,0.35010588235294116
2022,2022-05-08,86,0.32432432432432434,0.37209302325581395,0.4594594594594595,0.3563139534883721
2022,2022-05-08,87,0.32,0.367816091954023,0.4533333333333333,0.3522183908045977
2022,2022-05-08,88,0.3157894736842105,0.36363636363636365,0.4473684210526316,0.3482159090909091
2022,2022-05-08,89,0.3116883116883117,0.3595505617977528,0.44155844155844154,0.34430337078651685
2022,2022-05-09,90,0.3076923076923077,0.35555555555555557,0.4358974358974359,0.34047777777777777
2022,2022-05-09,91,0.3037974683544304,0.3516483516483517,0.43037974683544306,0.33673626373626375
2022,2022-05-09,92,0.3125,0.358695652173913,0.4375,0.34268478260869567
2022,2022-05-09,93,0.30864197530864196,0.3548387096774194,0.43209876543209874,0.339
2022,2022-05-09,94,0.3170731707317073,0.3617021276595745,0.43902439024390244,0.3447978723404255
2022,2022-05-10,95,0.3132530120481928,0.35789473684210527,0.43373493975903615,0.3411684210526316
2022,2022-05-10,96,0.30952380952380953,0.3541666666666667,0.42857142857142855,0.33761458333333333
2022,2022-05-10,97,0.3058823529411765,0.35051546391752575,0.4235294117647059,0.33413402061855674
2022,2022-05-10,98,0.3023255813953488,0.3469387755102041,0.4186046511627907,0.3307244897959184
2022,2022-05-11,99,0.2988505747126437,0.3434343434343434,0.41379310344827586,0.3273838383838384
2022,2022-05-11,100,0.3068181818181818,0.35,0.42045454545454547,0.33295
2022,2022-05-11,101,0.3146067415730337,0.3564356435643564,0.42696629213483145,0.33840594059405943
2022,2022-05-11,102,0.3111111111111111,0.35294117647058826,0.4222222222222222,0.3350882352941177
2022,2022-05-12,103,0.3076923076923077,0.34951456310679613,0.4175824175824176,0.3318349514563107
2022,2022-05-12,104,0.30434782608695654,0.34615384615384615,0.41304347826086957,0.32864423076923077
2022,2022-05-12,105,0.3118279569892473,0.3523809523809524,0.44086021505376344,0.34076190476190477
2022,2022-05-12,106,0.30851063829787234,0.3490566037735849,0.43617021276595747,0.33754716981132077
2022,2022-05-12,107,0.30851063829787234,0.35514018691588783,0.43617021276595747,0.3408317757009346
2022,2022-05-13,108,0.3157894736842105,0.3611111111111111,0.4421052631578947,0.3458611111111111
2022,2022-05-13,109,0.3125,0.3577981651376147,0.4375,0.3426880733944954
2022,2022-05-13,110,0.31958762886597936,0.36363636363636365,0.44329896907216493,0.3476090909090909
2022,2022-05-13,111,0.31958762886597936,0.36036036036036034,0.44329896907216493,0.3444774774774775
2022,2022-05-13,112,0.3163265306122449,0.35714285714285715,0.4387755102040816,0.34140178571428575
2022,2022-05-13,113,0.31313131313131315,0.35398230088495575,0.43434343434343436,0.33838053097345133
2022,2022-05-14,114,0.31,0.3508771929824561,0.43,0.3354122807017544
2022,2022-05-14,115,0.31683168316831684,0.3565217391304348,0.44554455445544555,0.3434608695652174
2022,2022-05-14,116,0.3137254901960784,0.35344827586206895,0.4411764705882353,0.34049999999999997
2022,2022-05-14,117,0.3106796116504854,0.3504273504273504,0.4368932038834951,0.3375897435897436
2022,2022-05-15,118,0.3076923076923077,0.3474576271186441,0.4326923076923077,0.334728813559322
2022,2022-05-15,119,0.3142857142857143,0.35294117647058826,0.4380952380952381,0.339344537815126
2022,2022-05-15,120,0.3113207547169811,0.35,0.4339622641509434,0.33651666666666663
2022,2022-05-15,121,0.308411214953271,0.34710743801652894,0.42990654205607476,0.33373553719008264
2022,2022-05-15,122,0.3148148148148148,0.3524590163934426,0.4351851851851852,0.33824590163934426
2022,2022-05-17,123,0.3119266055045872,0.34959349593495936,0.43119266055045874,0.3354959349593496
2022,2022-05-17,124,0.3181818181818182,0.3548387096774194,0.43636363636363634,0.33991935483870966
2022,2022-05-17,125,0.3153153153153153,0.352,0.43243243243243246,0.3372
2022,2022-05-17,126,0.3125,0.3492063492063492,0.42857142857142855,0.3345238095238095
2022,2022-05-18,127,0.30973451327433627,0.3464566929133858,0.4247787610619469,0.33188976377952756
2022,2022-05-18,128,0.30701754385964913,0.34375,0.42105263157894735,0.329296875
2022,2022-05-18,129,0.30434782608695654,0.34108527131782945,0.41739130434782606,0.3267441860465116
2022,2022-05-18,130,0.3017241379310345,0.3384615384615385,0.41379310344827586,0.3242307692307692
2022,2022-05-19,131,0.29914529914529914,0.33587786259541985,0.41025641025641024,0.32175572519083967
2022,2022-05-19,132,0.2966101694915254,0.3333333333333333,0.4067796610169492,0.31931818181818183
2022,2022-05-19,133,0.3025210084033613,0.3383458646616541,0.4117647058823529,0.3235639097744361
2022,2022-05-19,134,0.3,0.3358208955223881,0.4083333333333333,0.3211492537313433
2022,2022-05-20,135,0.2975206611570248,0.3333333333333333,0.4049586776859504,0.31877037037037037
2022,2022-05-20,136,0.29508196721311475,0.33088235294117646,0.4016393442622951,0.3164264705882353
2022,2022-05-20,137,0.2926829268292683,0.3284671532846715,0.3983739837398374,0.31411678832116785
2022,2022-05-20,138,0.2903225806451613,0.32608695652173914,0.3951612903225806,0.3118405797101449
2022,2022-05-21,139,0.288,0.3237410071942446,0.392,0.30959712230215825
2022,2022-05-21,140,0.29365079365079366,0.32857142857142857,0.42063492063492064,0.3221857142857143
2022,2022-05-21,141,0.29133858267716534,0.3262411347517731,0.41732283464566927,0.3199007092198582
2022,2022-05-21,142,0.2890625,0.323943661971831,0.4140625,0.31764788732394367
2022,2022-05-22,143,0.29457364341085274,0.32867132867132864,0.4186046511627907,0.3216083916083916
2022,2022-05-22,144,0.2923076923076923,0.3263888888888889,0.4153846153846154,0.319375
2022,2022-05-22,145,0.2900763358778626,0.32413793103448274,0.4122137404580153,0.31717241379310346
2022,2022-05-22,146,0.2878787878787879,0.3219178082191781,0.4090909090909091,0.315
2022,2022-05-22,147,0.2857142857142857,0.3197278911564626,0.40601503759398494,0.3128571428571429
2022,2022-05-23,148,0.291044776119403,0.32432432432432434,0.41044776119402987,0.3167162162162162
2022,2022-05-23,149,0.28888888888888886,0.3221476510067114,0.4074074074074074,0.31459060402684563
2022,2022-05-23,150,0.29411764705882354,0.32666666666666666,0.4117647058823529,0.3183866666666667
2022,2022-05-23,151,0.291970802919708,0.32450331125827814,0.40875912408759124,0.3162781456953643
2022,2022-05-23,152,0.291970802919708,0.32894736842105265,0.40875912408759124,0.31873026315789477
2022,2022-05-24,153,0.2898550724637681,0.32679738562091504,0.4057971014492754,0.31664705882352945
2022,2022-05-24,154,0.28776978417266186,0.3246753246753247,0.4028776978417266,0.3145909090909091
2022,2022-05-24,155,0.29285714285714287,0.32903225806451614,0.4142857142857143,0.32069677419354836
2022,2022-05-24,156,0.2907801418439716,0.3269230769230769,0.41134751773049644,0.31864102564102564
2022,2022-05-24,157,0.2907801418439716,0.33121019108280253,0.41134751773049644,0.321
2022,2022-05-25,158,0.29577464788732394,0.33544303797468356,0.4154929577464789,0.3245632911392405
2022,2022-05-25,159,0.2937062937062937,0.3333333333333333,0.4125874125874126,0.32252201257861635
2022,2022-05-25,160,0.2986111111111111,0.3375,0.4166666666666667,0.32603125
2022,2022-05-25,161,0.296551724137931,0.33540372670807456,0.41379310344827586,0.32400621118012424
2022,2022-05-25,162,0.2945205479452055,0.3333333333333333,0.410958904109589,0.32200617283950617
2022,2022-05-26,163,0.2925170068027211,0.3312883435582822,0.40816326530612246,0.3200306748466258
2022,2022-05-26,164,0.2905405405405405,0.32926829268292684,0.40540540540540543,0.3180792682926829
2022,2022-05-26,165,0.28859060402684567,0.32727272727272727,0.40268456375838924,0.31615151515151513
2022,2022-05-26,166,0.2866666666666667,0.3253012048192771,0.4,0.3142469879518072
2022,2022-05-27,167,0.2847682119205298,0.32335329341317365,0.3973509933774834,0.31236526946107784
2022,2022-05-27,168,0.28289473684210525,0.32142857142857145,0.39473684210526316,0.31050595238095235
2022,2022-05-27,169,0.2875816993464052,0.3254437869822485,0.39869281045751637,0.3138994082840237
2022,2022-05-27,170,0.2857142857142857,0.3235294117647059,0.3961038961038961,0.3120529411764706
2022,2022-05-27,171,0.2903225806451613,0.32748538011695905,0.4,0.31539766081871345
2022,2022-05-28,172,0.28846153846153844,0.32558139534883723,0.3974358974358974,0.31356395348837207
2022,2022-05-28,173,0.28662420382165604,0.3236994219653179,0.39490445859872614,0.3117514450867052
2022,2022-05-28,174,0.2848101265822785,0.3218390804597701,0.3924050632911392,0.3099597701149425
2022,2022-05-28,175,0.2830188679245283,0.32,0.389937106918239,0.3081885714285714
2022,2022-05-28,176,0.28125,0.3181818181818182,0.3875,0.3064375
2022,2022-05-29,177,0.2795031055900621,0.3163841807909605,0.38509316770186336,0.3047062146892655
2022,2022-05-29,178,0.2777777777777778,0.3146067415730337,0.38271604938271603,0.3029943820224719
2022,2022-05-29,179,0.27607361963190186,0.3128491620111732,0.3803680981595092,0.3013016759776536
2022,2022-05-29,180,0.27607361963190186,0.31666666666666665,0.3803680981595092,0.30345555555555553
2022,2022-05-29,181,0.27439024390243905,0.3149171270718232,0.3780487804878049,0.30177900552486187
2022,2022-05-30,182,0.2727272727272727,0.3131868131868132,0.37575757575757573,0.30012087912087915
2022,2022-05-30,183,0.2710843373493976,0.3114754098360656,0.37349397590361444,0.29848087431693987
2022,2022-05-30,184,0.2694610778443114,0.30978260869565216,0.3712574850299401,0.29685869565217393
2022,2022-05-30,185,0.2694610778443114,0.3081081081081081,0.3712574850299401,0.295254054054054
2022,2022-05-31,186,0.26785714285714285,0.3064516129032258,0.36904761904761907,0.2936666666666667
2022,2022-05-31,187,0.26627218934911245,0.3048128342245989,0.3668639053254438,0.29209625668449196
2022,2022-05-31,188,0.26627218934911245,0.30851063829787234,0.3668639053254438,0.29420744680851063
2022,2022-05-31,189,0.2647058823529412,0.30687830687830686,0.36470588235294116,0.29265079365079366
2022,2022-05-31,190,0.26900584795321636,0.3105263157894737,0.3684210526315789,0.29576315789473684
2022,2022-06-01,191,0.26744186046511625,0.3089005235602094,0.36627906976744184,0.29421465968586386
2022,2022-06-01,192,0.2658959537572254,0.3072916666666667,0.36416184971098264,0.29268229166666665
2022,2022-06-01,193,0.26436781609195403,0.30569948186528495,0.3620689655172414,0.2911658031088083
2022,2022-06-01,194,0.26285714285714284,0.30412371134020616,0.36,0.28966494845360824
2022,2022-06-03,195,0.26136363636363635,0.30256410256410254,0.35795454545454547,0.28817948717948716
2022,2022-06-03,196,0.2598870056497175,0.3010204081632653,0.3559322033898305,0.28670918367346937
2022,2022-06-03,197,0.25842696629213485,0.29949238578680204,0.3539325842696629,0.285253807106599
2022,2022-06-03,198,0.2569832402234637,0.29797979797979796,0.35195530726256985,0.2838131313131313
2022,2022-06-04,199,0.25555555555555554,0.2964824120603015,0.35,0.28238693467336684
2022,2022-06-04,200,0.2541436464088398,0.295,0.34806629834254144,0.280975
2022,2022-06-04,201,0.25274725274725274,0.2935323383084577,0.34615384615384615,0.2795771144278607
2022,2022-06-04,202,0.25136612021857924,0.29207920792079206,0.3442622950819672,0.2781930693069307
2022,2022-06-05,203,0.2554347826086957,0.2955665024630542,0.34782608695652173,0.28117733990147786
2022,2022-06-05,204,0.2554347826086957,0.29901960784313725,0.34782608695652173,0.2831764705882353
2022,2022-06-05,205,0.2594594594594595,0.3024390243902439,0.35135135135135137,0.2861073170731707
2022,2022-06-05,206,0.25806451612903225,0.30097087378640774,0.34946236559139787,0.28471844660194173
2022,2022-06-05,207,0.2620320855614973,0.30434782608695654,0.35294117647058826,0.2876135265700483
2022,2022-06-07,208,0.26063829787234044,0.30288461538461536,0.35106382978723405,0.28623076923076923
2022,2022-06-07,209,0.25925925925925924,0.3014354066985646,0.3492063492063492,0.28486124401913876
2022,2022-06-07,210,0.2578947368421053,0.3,0.3473684210526316,0.2835047619047619
2022,2022-06-07,211,0.2617801047120419,0.3033175355450237,0.36649214659685864,0.2919810426540284
2022,2022-06-08,212,0.2604166666666667,0.3018867924528302,0.3645833333333333,0.29060377358490563
2022,2022-06-08,213,0.25906735751295334,0.3004694835680751,0.3626943005181347,0.2892394366197183
2022,2022-06-08,214,0.25773195876288657,0.29906542056074764,0.36082474226804123,0.2878878504672897
2022,2022-06-08,215,0.26153846153846155,0.3023255813953488,0.36923076923076925,0.29241395348837207
2022,2022-06-09,216,0.2602040816326531,0.30092592592592593,0.3673469387755102,0.29106018518518517
2022,2022-06-09,217,0.25888324873096447,0.2995391705069124,0.36548223350253806,0.2897188940092166
2022,2022-06-09,218,0.25757575757575757,0.2981651376146789,0.36363636363636365,0.2883899082568807
2022,2022-06-09,219,0.2562814070351759,0.2968036529680365,0.36180904522613067,0.2870730593607306
2022,2022-06-09,220,0.255,0.29545454545454547,0.36,0.2857681818181818
2022,2022-06-10,221,0.255,0.2986425339366516,0.36,0.2875927601809955
2022,2022-06-10,222,0.2537313432835821,0.2972972972972973,0.3582089552238806,0.2862972972972973
2022,2022-06-10,223,0.2524752475247525,0.29596412556053814,0.3564356435643564,0.2850134529147982
2022,2022-06-10,224,0.2512315270935961,0.29464285714285715,0.35467980295566504,0.2837410714285714
2022,2022-06-11,225,0.25,0.29333333333333333,0.35294117647058826,0.28248
2022,2022-06-11,226,0.24878048780487805,0.2920353982300885,0.35121951219512193,0.28123008849557524
2022,2022-06-11,227,0.24757281553398058,0.2907488986784141,0.34951456310679613,0.27999118942731277
2022,2022-06-11,228,0.2463768115942029,0.2894736842105263,0.34782608695652173,0.2787631578947368
2022,2022-06-12,229,0.24519230769230768,0.28820960698689957,0.34615384615384615,0.2775458515283843
2022,2022-06-12,230,0.24880382775119617,0.29130434782608694,0.3492822966507177,0.28018260869565215
2022,2022-06-12,231,0.24761904761904763,0.29004329004329005,0.3476190476190476,0.2789696969696969
2022,2022-06-12,232,0.24644549763033174,0.28879310344827586,0.3459715639810427,0.2777672413793103
2022,2022-06-14,233,0.24528301886792453,0.2875536480686695,0.3443396226415094,0.2765751072961373
2022,2022-06-14,234,0.24413145539906103,0.2863247863247863,0.3427230046948357,0.27539316239316236
2022,2022-06-14,235,0.24766355140186916,0.28936170212765955,0.34579439252336447,0.2779829787234042
2022,2022-06-14,236,0.24651162790697675,0.288135593220339,0.34418604651162793,0.2768050847457627
2022,2022-06-14,237,0.25,0.2911392405063291,0.35185185185185186,0.280957805907173
2022,2022-06-15,238,0.2488479262672811,0.28991596638655465,0.35023041474654376,0.27977731092436975
2022,2022-06-15,239,0.25229357798165136,0.2928870292887029,0.3532110091743119,0.282305439330544
2022,2022-06-15,240,0.2511415525114155,0.2916666666666667,0.3515981735159817,0.2811291666666667
2022,2022-06-15,241,0.2545454545454545,0.2946058091286307,0.35454545454545455,0.2836307053941909
2022,2022-06-16,242,0.25339366515837103,0.29338842975206614,0.35294117647058826,0.28245867768595045
2022,2022-06-16,243,0.25225225225225223,0.29218106995884774,0.35135135135135137,0.2812962962962963
2022,2022-06-16,244,0.2556053811659193,0.29508196721311475,0.3542600896860987,0.28376639344262294
2022,2022-06-16,245,0.2544642857142857,0.2938775510204082,0.35267857142857145,0.28260816326530613
2022,2022-06-16,246,0.25333333333333335,0.2926829268292683,0.3511111111111111,0.28145934959349594
2022,2022-06-17,247,0.252212389380531,0.291497975708502,0.3495575221238938,0.2803198380566802
2022,2022-06-17,248,0.2511013215859031,0.2903225806451613,0.34801762114537443,0.27918951612903226
2022,2022-06-17,249,0.25,0.2891566265060241,0.34649122807017546,0.2780682730923695
2022,2022-06-17,250,0.24890829694323144,0.288,0.34497816593886466,0.27695600000000004
2022,2022-06-17,251,0.24782608695652175,0.2868525896414343,0.34347826086956523,0.2758525896414343
2022,2022-06-17,252,0.2510822510822511,0.2896825396825397,0.3463203463203463,0.278265873015873
2022,2022-06-17,253,0.2543103448275862,0.2924901185770751,0.35344827586206895,0.2821501976284585
2022,2022-06-17,254,0.2575107296137339,0.2952755905511811,0.3562231759656652,0.2845196850393701
2022,2022-06-17,255,0.2564102564102564,0.29411764705882354,0.3547008547008547,0.2834039215686274
2022,2022-06-17,256,0.2553191489361702,0.29296875,0.35319148936170214,0.282296875
2022,2022-06-18,257,0.2542372881355932,0.2918287937743191,0.3516949152542373,0.28119844357976653
2022,2022-06-18,258,0.25316455696202533,0.29069767441860467,0.350210970464135,0.28010852713178297
2022,2022-06-18,259,0.25316455696202533,0.29343629343629346,0.350210970464135,0.2816872586872587
2022,2022-06-18,260,0.25630252100840334,0.29615384615384616,0.35294117647058826,0.2840038461538461
2022,2022-06-19,261,0.25523012552301255,0.2950191570881226,0.3514644351464435,0.2829157088122605
2022,2022-06-19,262,0.25416666666666665,0.29389312977099236,0.35,0.2818358778625954
2022,2022-06-19,263,0.25311203319502074,0.29277566539923955,0.34854771784232363,0.28076425855513304
2022,2022-06-19,264,0.25206611570247933,0.2916666666666667,0.34710743801652894,0.2797007575757576
2022,2022-06-21,265,0.2551440329218107,0.2943396226415094,0.3497942386831276,0.28198113207547165
2022,2022-06-21,266,0.2540983606557377,0.2932330827067669,0.3483606557377049,0.2809210526315789
2022,2022-06-21,267,0.2571428571428571,0.2958801498127341,0.3510204081632653,0.2831797752808989
2022,2022-06-21,268,0.25609756097560976,0.2947761194029851,0.34959349593495936,0.28212313432835817
2022,2022-06-22,269,0.2591093117408907,0.29739776951672864,0.3522267206477733,0.284360594795539
2022,2022-06-22,270,0.25806451612903225,0.2962962962962963,0.35080645161290325,0.2833074074074074
2022,2022-06-22,271,0.2570281124497992,0.2952029520295203,0.3493975903614458,0.2822619926199262
2022,2022-06-22,272,0.256,0.29411764705882354,0.348,0.28122426470588235
2022,2022-06-23,273,0.2549800796812749,0.29304029304029305,0.3466135458167331,0.28019413919413916
2022,2022-06-23,274,0.25396825396825395,0.291970802919708,0.34523809523809523,0.2791715328467153
2022,2022-06-23,275,0.25296442687747034,0.2909090909090909,0.3438735177865613,0.2781563636363636
2022,2022-06-23,276,0.25196850393700787,0.2898550724637681,0.3425196850393701,0.2771485507246377
2022,2022-06-24,277,0.25098039215686274,0.2888086642599278,0.3411764705882353,0.2761480144404332
2022,2022-06-24,278,0.25390625,0.29136690647482016,0.34375,0.2783345323741007
2022,2022-06-24,279,0.2529182879377432,0.2903225806451613,0.3424124513618677,0.277336917562724
2022,2022-06-24,280,0.2558139534883721,0.29285714285714287,0.3449612403100775,0.2795035714285714
2022,2022-06-25,281,0.2548262548262548,0.2918149466192171,0.3436293436293436,0.278508896797153
2022,2022-06-25,282,0.25769230769230766,0.29432624113475175,0.35,0.28199290780141845
2022,2022-06-25,283,0.26053639846743293,0.2968197879858657,0.3563218390804598,0.285452296819788
2022,2022-06-25,284,0.2595419847328244,0.29577464788732394,0.3549618320610687,0.28444718309859157
2022,2022-06-26,285,0.2585551330798479,0.29473684210526313,0.35361216730038025,0.28344912280701756
2022,2022-06-26,286,0.25757575757575757,0.2937062937062937,0.3522727272727273,0.28245804195804197
2022,2022-06-26,287,0.25660377358490566,0.2926829268292683,0.35094339622641507,0.2814738675958188
2022,2022-06-26,288,0.2593984962406015,0.2951388888888889,0.35714285714285715,0.284875
2022,2022-06-28,289,0.25842696629213485,0.29411764705882354,0.35580524344569286,0.28388927335640135
2022,2022-06-28,290,0.26119402985074625,0.296551724137931,0.3582089552238806,0.28595862068965516
2022,2022-06-28,291,0.26394052044609667,0.29896907216494845,0.36059479553903345,0.28801374570446736
2022,2022-06-28,292,0.26296296296296295,0.2979452054794521,0.3592592592592593,0.287027397260274
2022,2022-06-29,293,0.2656826568265683,0.3003412969283277,0.36162361623616235,0.28906484641638225
2022,2022-06-29,294,0.2647058823529412,0.29931972789115646,0.3602941176470588,0.2880816326530612
2022,2022-06-29,295,0.26373626373626374,0.2983050847457627,0.358974358974359,0.2871050847457627
2022,2022-06-29,296,0.26277372262773724,0.2972972972972973,0.35766423357664234,0.2861351351351351
2022,2022-06-30,297,0.26545454545454544,0.2996632996632997,0.36,0.28814814814814815
2022,2022-06-30,298,0.2644927536231884,0.2986577181208054,0.358695652173913,0.2871812080536913
2022,2022-06-30,299,0.26353790613718414,0.2976588628762542,0.3574007220216607,0.2862207357859532
2022,2022-06-30,300,0.26258992805755393,0.2966666666666667,0.35611510791366907,0.28526666666666667
2022,2022-07-02,301,0.26523297491039427,0.29900332225913623,0.3655913978494624,0.28963787375415284
2022,2022-07-02,302,0.26785714285714285,0.30132450331125826,0.3678571428571429,0.29160596026490065
2022,2022-07-02,303,0.2669039145907473,0.30033003300330036,0.3665480427046263,0.2906435643564356
2022,2022-07-02,304,0.26595744680851063,0.2993421052631579,0.36524822695035464,0.2896875
2022,2022-07-02,305,0.26501766784452296,0.2983606557377049,0.36395759717314485,0.2887377049180328
2022,2022-07-03,306,0.2640845070422535,0.2973856209150327,0.3626760563380282,0.2877941176470588
2022,2022-07-03,307,0.26666666666666666,0.2996742671009772,0.3649122807017544,0.2897361563517915
2022,2022-07-03,308,0.26573426573426573,0.2987012987012987,0.36363636363636365,0.2887954545454545
2022,2022-07-03,309,0.26480836236933797,0.2977346278317152,0.3623693379790941,0.2878608414239482
2022,2022-07-05,310,0.2638888888888889,0.2967741935483871,0.3611111111111111,0.2869322580645161
2022,2022-07-05,311,0.2664359861591695,0.2990353697749196,0.3633217993079585,0.28885209003215434
2022,2022-07-05,312,0.2655172413793103,0.2980769230769231,0.3620689655172414,0.28792628205128207
2022,2022-07-05,313,0.26804123711340205,0.3003194888178914,0.3642611683848797,0.28983067092651754
2022,2022-07-05,314,0.26804123711340205,0.30254777070063693,0.3642611683848797,0.2912006369426752
2022,2022-07-06,315,0.2671232876712329,0.30158730158730157,0.363013698630137,0.29027619047619047
2022,2022-07-06,316,0.26621160409556316,0.30063291139240506,0.36177474402730375,0.2893575949367089
2022,2022-07-06,317,0.2653061224489796,0.2996845425867508,0.36054421768707484,0.2884447949526814
2022,2022-07-08,318,0.26440677966101694,0.29874213836477986,0.3593220338983051,0.2875377358490566
2022,2022-07-08,319,0.2668918918918919,0.30094043887147337,0.3716216216216216,0.29313166144200625
2022,2022-07-08,320,0.26936026936026936,0.303125,0.3838383838383838,0.298690625
2022,2022-07-09,321,0.27181208053691275,0.3052959501557632,0.3859060402684564,0.3005140186915888
2022,2022-07-09,322,0.2709030100334448,0.30434782608695654,0.38461538461538464,0.29958074534161494
2022,2022-07-09,323,0.2709030100334448,0.3065015479876161,0.38461538461538464,0.3007863777089783
2022,2022-07-09,324,0.2709030100334448,0.3055555555555556,0.38461538461538464,0.299858024691358
2022,2022-07-10,325,0.27,0.3046153846153846,0.38333333333333336,0.2989353846153846
2022,2022-07-10,326,0.2724252491694352,0.3067484662576687,0.3853820598006645,0.30073006134969327
2022,2022-07-10,327,0.271523178807947,0.3058103975535168,0.3841059602649007,0.2998103975535168
2022,2022-07-10,328,0.2706270627062706,0.3048780487804878,0.38283828382838286,0.29889634146341465
2022,2022-07-11,329,0.2730263157894737,0.3069908814589666,0.3848684210526316,0.30067477203647414
2022,2022-07-16,330,0.2721311475409836,0.30606060606060603,0.3836065573770492,0.29976363636363634
2022,2022-07-16,331,0.27124183006535946,0.30513595166163143,0.38235294117647056,0.29885800604229606
2022,2022-07-16,332,0.2736156351791531,0.3072289156626506,0.38436482084690554,0.30062048192771085
2022,2022-07-16,333,0.2727272727272727,0.3063063063063063,0.38311688311688313,0.2997177177177177
2022,2022-07-17,334,0.2750809061488673,0.3083832335329341,0.3851132686084142,0.30146706586826344
2022,2022-07-17,335,0.27741935483870966,0.31044776119402984,0.3903225806451613,0.3043313432835821
2022,2022-07-17,336,0.2765273311897106,0.30952380952380953,0.3890675241157556,0.3034255952380952
2022,2022-07-17,337,0.27564102564102566,0.3086053412462908,0.38782051282051283,0.30252522255192876
2022,2022-07-22,338,0.2779552715654952,0.3106508875739645,0.38977635782747605,0.3042455621301775
2022,2022-07-22,339,0.2779552715654952,0.31268436578171094,0.38977635782747605,0.3053805309734513
2022,2022-07-22,340,0.2770700636942675,0.31176470588235294,0.3885350318471338,0.3044823529411765
2022,2022-07-22,341,0.2761904761904762,0.31085043988269795,0.3873015873015873,0.30358944281524924
2022,2022-07-23,342,0.27848101265822783,0.3128654970760234,0.38924050632911394,0.30528654970760233
2022,2022-07-23,343,0.277602523659306,0.3119533527696793,0.38801261829652994,0.30439650145772595
2022,2022-07-23,344,0.27672955974842767,0.311046511627907,0.3867924528301887,0.3035116279069767
2022,2022-07-23,345,0.27586206896551724,0.3101449275362319,0.38557993730407525,0.30263188405797103
2022,2022-07-24,346,0.275,0.3092485549132948,0.384375,0.301757225433526
2022,2022-07-24,347,0.2772585669781931,0.3112391930835735,0.3862928348909657,0.3034351585014409
2022,2022-07-24,348,0.2795031055900621,0.3132183908045977,0.38819875776397517,0.30510344827586205
2022,2022-07-24,349,0.28173374613003094,0.3151862464183381,0.39009287925696595,0.3067621776504298
2022,2022-07-25,350,0.2839506172839506,0.3171428571428571,0.3950617283950617,0.30948857142857145
2022,2022-07-25,351,0.28615384615384615,0.3190883190883191,0.39692307692307693,0.31112535612535613
2022,2022-07-25,352,0.2852760736196319,0.3181818181818182,0.39570552147239263,0.3102414772727273
2022,2022-07-25,353,0.2874617737003058,0.32011331444759206,0.39755351681957185,0.31186685552407933
2022,2022-07-26,354,0.2896341463414634,0.3220338983050847,0.39939024390243905,0.31348305084745764
2022,2022-07-26,355,0.2917933130699088,0.323943661971831,0.4012158054711246,0.3150901408450704
2022,2022-07-26,356,0.2909090909090909,0.32303370786516855,0.4,0.3142050561797753
2022,2022-07-26,357,0.29003021148036257,0.32212885154061627,0.3987915407854985,0.3133249299719888
2022,2022-07-27,358,0.2891566265060241,0.32122905027932963,0.39759036144578314,0.31244972067039106
2022,2022-07-27,359,0.2912912912912913,0.3231197771587744,0.3993993993993994,0.314041782729805
2022,2022-07-27,360,0.2934131736526946,0.325,0.4041916167664671,0.3166722222222222
2022,2022-07-27,361,0.29253731343283584,0.32409972299168976,0.40298507462686567,0.3157950138504155
2022,2022-07-28,362,0.29464285714285715,0.3259668508287293,0.40476190476190477,0.31736464088397787
2022,2022-07-28,363,0.29673590504451036,0.3278236914600551,0.4065281899109792,0.31892561983471074
2022,2022-07-28,364,0.2958579881656805,0.3269230769230769,0.40532544378698226,0.31804945054945055
2022,2022-07-28,365,0.2949852507374631,0.32602739726027397,0.40412979351032446,0.3171780821917808
2022,2022-07-28,366,0.29411764705882354,0.3251366120218579,0.40294117647058825,0.31631147540983606
2022,2022-07-29,367,0.2932551319648094,0.3242506811989101,0.40175953079178883,0.3154495912806539
2022,2022-07-29,368,0.29239766081871343,0.3233695652173913,0.40058479532163743,0.3145923913043478
2022,2022-07-29,369,0.2944606413994169,0.3252032520325203,0.40233236151603496,0.31613550135501356
2022,2022-07-29,370,0.2936046511627907,0.32432432432432434,0.4011627906976744,0.31528108108108105
2022,2022-07-29,371,0.2956521739130435,0.3261455525606469,0.4028985507246377,0.3168140161725067
2022,2022-07-30,372,0.2947976878612717,0.32526881720430106,0.40173410404624277,0.31596236559139784
2022,2022-07-30,373,0.29394812680115273,0.32439678284182305,0.40057636887608067,0.3151152815013405
2022,2022-07-30,374,0.29310344827586204,0.3235294117647059,0.3994252873563218,0.31427272727272726
2022,2022-07-30,375,0.2922636103151863,0.32266666666666666,0.3982808022922636,0.31343466666666664
2022,2022-07-31,376,0.29428571428571426,0.324468085106383,0.40285714285714286,0.3159547872340425
2022,2022-07-31,377,0.2962962962962963,0.32625994694960214,0.4045584045584046,0.31746153846153846
2022,2022-07-31,378,0.29829545454545453,0.328042328042328,0.40625,0.31896031746031744
2022,2022-07-31,379,0.3002832861189802,0.32981530343007914,0.4164305949008499,0.32358575197889183
2022,2022-07-31,380,0.2994350282485876,0.32894736842105265,0.4152542372881356,0.3227342105263158
2022,2022-08-02,381,0.29859154929577464,0.32808398950131235,0.4140845070422535,0.3218871391076115
2022,2022-08-02,382,0.29775280898876405,0.32722513089005234,0.41292134831460675,0.32104450261780104
2022,2022-08-02,383,0.2969187675070028,0.3263707571801567,0.4117647058823529,0.3202062663185378
2022,2022-08-02,384,0.29608938547486036,0.3255208333333333,0.4106145251396648,0.3193723958333333
2022,2022-08-03,385,0.29526462395543174,0.3246753246753247,0.40947075208913647,0.3185428571428571
2022,2022-08-03,386,0.29444444444444445,0.3238341968911917,0.4083333333333333,0.3177176165803109
2022,2022-08-03,387,0.29362880886426596,0.32299741602067183,0.407202216066482,0.31689664082687335
2022,2022-08-03,388,0.2955801104972376,0.3247422680412371,0.4088397790055249,0.31835824742268043
2022,2022-08-04,389,0.29476584022038566,0.32390745501285345,0.40771349862258954,0.31753984575835476
2022,2022-08-04,390,0.2967032967032967,0.32564102564102565,0.4175824175824176,0.32203846153846155
2022,2022-08-05,391,0.2958904109589041,0.3248081841432225,0.41643835616438357,0.3212148337595908
2022,2022-08-05,392,0.29508196721311475,0.3239795918367347,0.41530054644808745,0.3203954081632653
2022,2022-08-05,393,0.29427792915531337,0.3231552162849873,0.4141689373297003,0.3195801526717557
2022,2022-08-05,394,0.296195652173913,0.3248730964467005,0.4157608695652174,0.3210126903553299
2022,2022-08-06,395,0.296195652173913,0.3265822784810127,0.4157608695652174,0.32194430379746836
2022,2022-08-06,396,0.2981029810298103,0.3282828282828283,0.42005420054200543,0.3243156565656566
2022,2022-08-06,397,0.2972972972972973,0.327455919395466,0.4189189189189189,0.32349874055415617
2022,2022-08-06,398,0.2972972972972973,0.32914572864321606,0.4189189189189189,0.32441708542713565
2022,2022-08-06,399,0.29649595687331537,0.3283208020050125,0.41778975741239893,0.32360401002506267
2022,2022-08-07,400,0.2956989247311828,0.3275,0.4166666666666667,0.322795
2022,2022-08-07,401,0.2956989247311828,0.32917705735660846,0.4166666666666667,0.3237082294264339
2022,2022-08-07,402,0.2949061662198391,0.3283582089552239,0.4155495978552279,0.32290298507462684
2022,2022-08-07,403,0.29411764705882354,0.32754342431761785,0.4144385026737968,0.32210173697270467
2022,2022-08-07,404,0.29333333333333333,0.32673267326732675,0.41333333333333333,0.32130445544554453
2022,2022-08-09,405,0.2925531914893617,0.32592592592592595,0.4122340425531915,0.3205111111111111
2022,2022-08-09,406,0.2917771883289125,0.3251231527093596,0.41114058355437666,0.3197216748768473
2022,2022-08-09,407,0.29365079365079366,0.32678132678132676,0.4126984126984127,0.32110810810810814
2022,2022-08-09,408,0.29365079365079366,0.3284313725490196,0.4126984126984127,0.32200980392156864
2022,2022-08-10,409,0.2928759894459103,0.3276283618581907,0.41160949868073876,0.32122249388753055
2022,2022-08-10,410,0.29210526315789476,0.32682926829268294,0.4105263157894737,0.3204390243902439
2022,2022-08-10,411,0.29133858267716534,0.3260340632603406,0.4094488188976378,0.3196593673965937
2022,2022-08-10,412,0.2931937172774869,0.3276699029126214,0.4109947643979058,0.32102912621359225
2022,2022-08-11,413,0.2950391644908616,0.32929782082324455,0.412532637075718,0.32239225181598063
2022,2022-08-11,414,0.2942708333333333,0.3285024154589372,0.4114583333333333,0.3216135265700483
2022,2022-08-11,415,0.2935064935064935,0.327710843373494,0.4103896103896104,0.32083855421686747
2022,2022-08-11,416,0.2927461139896373,0.3269230769230769,0.40932642487046633,0.3200673076923077
2022,2022-08-12,417,0.29457364341085274,0.328537170263789,0.4108527131782946,0.32141966426858515
2022,2022-08-12,418,0.29381443298969073,0.3277511961722488,0.4097938144329897,0.3206507177033493
2022,2022-08-12,419,0.2930591259640103,0.3269689737470167,0.4087403598971722,0.3198854415274463
2022,2022-08-12,420,0.2923076923076923,0.3261904761904762,0.4076923076923077,0.31912380952380953
2022,2022-08-12,421,0.2923076923076923,0.3254156769596199,0.4076923076923077,0.3183657957244656
2022,2022-08-13,422,0.2915601023017903,0.3246445497630332,0.40664961636828645,0.31761137440758297
2022,2022-08-13,423,0.29081632653061223,0.32387706855791965,0.40561224489795916,0.31686052009456267
2022,2022-08-13,424,0.2900763358778626,0.3231132075471698,0.40458015267175573,0.3161132075471698
2022,2022-08-13,425,0.2893401015228426,0.32235294117647056,0.4035532994923858,0.3153694117647059
2022,2022-08-14,426,0.28860759493670884,0.3215962441314554,0.40253164556962023,0.3146291079812207
2022,2022-08-14,427,0.2904040404040404,0.3231850117096019,0.40404040404040403,0.3159625292740047
2022,2022-08-14,428,0.28967254408060455,0.32242990654205606,0.40302267002518893,0.31522429906542054
2022,2022-08-14,429,0.2889447236180904,0.32167832167832167,0.4020100502512563,0.31448951048951046
2022,2022-08-14,430,0.2882205513784461,0.3209302325581395,0.40100250626566414,0.31375813953488374
2022,2022-08-15,431,0.29,0.3225058004640371,0.4025,0.3150812064965198
2022,2022-08-15,432,0.2892768079800499,0.32175925925925924,0.4014962593516209,0.3143518518518519
2022,2022-08-15,433,0.2885572139303483,0.3210161662817552,0.40049751243781095,0.31362586605080833
2022,2022-08-15,434,0.2878411910669975,0.32027649769585254,0.39950372208436724,0.31290322580645163
2022,2022-08-15,435,0.2871287128712871,0.3195402298850575,0.39851485148514854,0.312183908045977
2022,2022-08-16,436,0.28641975308641976,0.31880733944954126,0.39753086419753086,0.3114678899082569
2022,2022-08-16,437,0.2857142857142857,0.3180778032036613,0.39655172413793105,0.3107551487414188
2022,2022-08-16,438,0.28746928746928746,0.319634703196347,0.39803439803439805,0.3120639269406393
2022,2022-08-16,439,0.2867647058823529,0.31890660592255127,0.39705882352941174,0.3113530751708428
2022,2022-08-16,440,0.2885085574572127,0.32045454545454544,0.39853300733496333,0.31265454545454546
2022,2022-08-17,441,0.29024390243902437,0.3219954648526077,0.4024390243902439,0.3148049886621315
2022,2022-08-17,442,0.2895377128953771,0.3212669683257919,0.40145985401459855,0.31409276018099547
2022,2022-08-17,443,0.28883495145631066,0.32054176072234764,0.40048543689320387,0.31338374717832956
2022,2022-08-17,444,0.288135593220339,0.31981981981981983,0.39951573849878935,0.3126779279279279
2022,2022-08-19,445,0.28743961352657005,0.31910112359550563,0.39855072463768115,0.31197528089887644
2022,2022-08-19,446,0.28674698795180725,0.3183856502242152,0.39759036144578314,0.31127578475336326
2022,2022-08-19,447,0.2860576923076923,0.31767337807606266,0.39663461538461536,0.310579418344519
2022,2022-08-19,448,0.2853717026378897,0.3169642857142857,0.39568345323741005,0.3098861607142857
2022,2022-08-20,449,0.284688995215311,0.31625835189309576,0.39473684210526316,0.30919599109131407
2022,2022-08-20,450,0.2863961813842482,0.31777777777777777,0.39856801909307876,0.3113111111111111
2022,2022-08-20,451,0.2857142857142857,0.3170731707317073,0.3976190476190476,0.3106208425720621
2022,2022-08-20,452,0.2850356294536817,0.3163716814159292,0.39667458432304037,0.30993362831858406
2022,2022-08-20,453,0.2843601895734597,0.31567328918322296,0.3957345971563981,0.3092494481236203
2022,2022-08-20,454,0.2860520094562648,0.31718061674008813,0.3971631205673759,0.3105154185022026
2022,2022-08-20,455,0.28537735849056606,0.31648351648351647,0.39622641509433965,0.30983296703296703
2022,2022-08-20,456,0.2847058823529412,0.3157894736842105,0.3952941176470588,0.3091535087719298
2022,2022-08-20,457,0.284037558685446,0.3150984682713348,0.39436619718309857,0.30847702407002187
2022,2022-08-21,458,0.2857142857142857,0.3165938864628821,0.4028103044496487,0.31232751091703054
2022,2022-08-21,459,0.28738317757009346,0.31808278867102396,0.40420560747663553,0.31357298474945533
2022,2022-08-21,460,0.289044289044289,0.31956521739130433,0.4125874125874126,0.3173956521739131
2022,2022-08-21,461,0.28837209302325584,0.3188720173535792,0.4116279069767442,0.31670715835141
2022,2022-08-21,462,0.2877030162412993,0.3181818181818182,0.41067285382830626,0.31602164502164504
2022,2022-08-22,463,0.28935185185185186,0.31965442764578833,0.41203703703703703,0.3172483801295896
2022,2022-08-22,464,0.28868360277136257,0.31896551724137934,0.4110854503464203,0.3165646551724138
2022,2022-08-22,465,0.2903225806451613,0.3204301075268817,0.41244239631336405,0.3177849462365592
2022,2022-08-22,466,0.29195402298850576,0.3218884120171674,0.41379310344827586,0.319
2022,2022-08-23,467,0.29128440366972475,0.32119914346895073,0.41284403669724773,0.3183169164882227
2022,2022-08-23,468,0.29128440366972475,0.32264957264957267,0.41284403669724773,0.31910897435897434
2022,2022-08-23,469,0.2929061784897025,0.32409381663113007,0.41418764302059496,0.3203134328358209
2022,2022-08-23,470,0.2922374429223744,0.32340425531914896,0.4132420091324201,0.31963191489361703
2022,2022-08-24,471,0.2922374429223744,0.3248407643312102,0.4132420091324201,0.3204819532908705
2022,2022-08-24,472,0.29157175398633256,0.3241525423728814,0.4123006833712984,0.3198029661016949
2022,2022-08-24,473,0.29318181818181815,0.32558139534883723,0.41363636363636364,0.3209957716701903
2022,2022-08-24,474,0.2925170068027211,0.32489451476793246,0.4126984126984127,0.32031856540084386
2022,2022-08-24,475,0.2918552036199095,0.32421052631578945,0.4117647058823529,0.31964421052631575
2022,2022-08-26,476,0.29345372460496616,0.32563025210084034,0.41309255079006774,0.3208298319327731
2022,2022-08-26,477,0.2927927927927928,0.3249475890985325,0.41216216216216217,0.32015723270440255
2022,2022-08-26,478,0.2943820224719101,0.3263598326359833,0.4134831460674157,0.321336820083682
2022,2022-08-26,479,0.2937219730941704,0.325678496868476,0.4125560538116592,0.3206659707724426
2022,2022-08-27,480,0.2953020134228188,0.32708333333333334,0.41387024608501116,0.32183958333333335
2022,2022-08-27,481,0.29464285714285715,0.3264033264033264,0.41294642857142855,0.32117047817047817
2022,2022-08-27,482,0.29464285714285715,0.3278008298755187,0.41294642857142855,0.32193360995850623
2022,2022-08-27,483,0.29398663697104677,0.32712215320910976,0.41202672605790647,0.3212670807453416
2022,2022-08-27,484,0.29333333333333333,0.32644628099173556,0.4111111111111111,0.32060330578512397
2022,2022-08-28,485,0.2926829268292683,0.32577319587628867,0.41019955654101997,0.3199422680412371
2022,2022-08-28,486,0.2920353982300885,0.32510288065843623,0.4092920353982301,0.31928395061728393
2022,2022-08-28,487,0.2913907284768212,0.324435318275154,0.4083885209713024,0.31862833675564683
2022,2022-08-28,488,0.2907488986784141,0.3237704918032787,0.40748898678414097,0.3179754098360656
2022,2022-08-29,489,0.2923076923076923,0.32515337423312884,0.4087912087912088,0.3191329243353783
2022,2022-08-29,490,0.29385964912280704,0.32653061224489793,0.41228070175438597,0.32105510204081633
2022,2022-08-29,491,0.29321663019693656,0.3258655804480652,0.4113785557986871,0.3204012219959267
2022,2022-08-29,492,0.2925764192139738,0.3252032520325203,0.4104803493449782,0.31975000000000003
2022,2022-08-29,493,0.29193899782135074,0.32454361054766734,0.4095860566448802,0.31910141987829616
2022,2022-08-30,494,0.29130434782608694,0.32388663967611336,0.40869565217391307,0.3184554655870446
2022,2022-08-30,495,0.29067245119305857,0.32323232323232326,0.4078091106290672,0.3178121212121212
2022,2022-08-30,496,0.29004329004329005,0.3225806451612903,0.4069264069264069,0.31717137096774195
2022,2022-08-30,497,0.2894168466522678,0.32193158953722334,0.4060475161987041,0.31653319919517103
2022,2022-08-31,498,0.29094827586206895,0.3232931726907631,0.4073275862068966,0.3176726907630522
2022,2022-08-31,499,0.2924731182795699,0.3246492985971944,0.40860215053763443,0.3188076152304609
2022,2022-08-31,500,0.2918454935622318,0.324,0.40772532188841204,0.31817
2022,2022-08-31,501,0.2918454935622318,0.3253493013972056,0.40772532188841204,0.31891017964071855
2022,2022-08-31,502,0.291220556745182,0.3247011952191235,0.4068522483940043,0.3182749003984064
2022,2022-08-31,503,0.29273504273504275,0.3260437375745527,0.4081196581196581,0.3193996023856859
2022,2022-08-31,504,0.2921108742004264,0.3253968253968254,0.4072494669509595,0.318765873015873
2022,2022-09-02,505,0.29148936170212764,0.32475247524752476,0.40638297872340423,0.31813465346534653
2022,2022-09-02,506,0.2929936305732484,0.32608695652173914,0.40764331210191085,0.31925296442687745
2022,2022-09-02,507,0.2923728813559322,0.3254437869822485,0.4067796610169492,0.3186232741617357
2022,2022-09-02,508,0.2938689217758985,0.32677165354330706,0.4080338266384778,0.31973622047244094
2022,2022-09-03,509,0.29324894514767935,0.32612966601178783,0.40717299578059074,0.31910805500982314
2022,2022-09-03,510,0.2926315789473684,0.3254901960784314,0.4063157894736842,0.31848235294117644
2022,2022-09-03,511,0.2920168067226891,0.324853228962818,0.4054621848739496,0.31785909980430527
2022,2022-09-03,512,0.2914046121593291,0.32421875,0.40461215932914046,0.31723828125
2022,2022-09-03,513,0.2907949790794979,0.3235867446393762,0.40376569037656906,0.31661988304093563
2022,2022-09-04,514,0.29018789144050106,0.3229571984435798,0.40292275574112735,0.31600389105058363
2022,2022-09-04,515,0.2916666666666667,0.32427184466019415,0.4041666666666667,0.3171067961165049
2022,2022-09-04,516,0.29313929313929316,0.32558139534883723,0.40540540540540543,0.3182054263565891
2022,2022-09-04,517,0.2946058091286307,0.32688588007736946,0.4066390041493776,0.31929980657640233
2022,2022-09-06,518,0.2939958592132505,0.32625482625482627,0.4057971014492754,0.3186833976833977
2022,2022-09-06,519,0.29338842975206614,0.325626204238921,0.4049586776859504,0.3180693641618497
2022,2022-09-06,520,0.2927835051546392,0.325,0.4041237113402062,0.31745769230769233
2022,2022-09-06,521,0.2927835051546392,0.32437619961612285,0.4041237113402062,0.31684836852207293
2022,2022-09-06,522,0.29218106995884774,0.32375478927203066,0.40329218106995884,0.31624137931034485
2022,2022-09-07,523,0.2915811088295688,0.3231357552581262,0.4024640657084189,0.31563671128107074
2022,2022-09-07,524,0.29098360655737704,0.32251908396946566,0.4016393442622951,0.3150343511450382
2022,2022-09-07,525,0.2903885480572597,0.3219047619047619,0.40081799591002043,0.3144342857142857
2022,2022-09-07,526,0.29183673469387755,0.3231939163498099,0.4020408163265306,0.3155171102661597
2022,2022-09-08,527,0.29124236252545826,0.3225806451612903,0.40122199592668023,0.31491840607210625
2022,2022-09-08,528,0.2926829268292683,0.32386363636363635,0.40447154471544716,0.31671022727272724
2022,2022-09-08,529,0.29411764705882354,0.32514177693761814,0.40973630831643004,0.3191379962192817
2022,2022-09-08,530,0.2935222672064777,0.32452830188679244,0.4089068825910931,0.3185358490566038
2022,2022-09-09,531,0.29292929292929293,0.3239171374764595,0.4080808080808081,0.3179359698681733
2022,2022-09-09,532,0.29435483870967744,0.325187969924812,0.4112903225806452,0.31970864661654136
2022,2022-09-09,533,0.2937625754527163,0.324577861163227,0.4104627766599598,0.31910881801125707
2022,2022-09-09,534,0.2931726907630522,0.32397003745318353,0.40963855421686746,0.3185112359550562
2022,2022-09-11,535,0.2925851703406814,0.3233644859813084,0.4088176352705411,0.3179158878504673
2022,2022-09-11,536,0.292,0.32276119402985076,0.408,0.31732276119402986
2022,2022-09-11,537,0.29141716566866266,0.3221601489757914,0.40718562874251496,0.316731843575419
2022,2022-09-11,538,0.29282868525896416,0.32342007434944237,0.41434262948207173,0.3199944237918216
2022,2022-09-13,539,0.2922465208747515,0.3228200371057514,0.4135188866799205,0.31940074211502784
2022,2022-09-13,540,0.29365079365079366,0.32407407407407407,0.4146825396825397,0.3204462962962963
2022,2022-09-13,541,0.29306930693069305,0.3234750462107209,0.41386138613861384,0.3198539741219963
2022,2022-09-13,542,0.2924901185770751,0.32287822878228783,0.41304347826086957,0.3192638376383764
2022,2022-09-14,543,0.2924901185770751,0.3241252302025783,0.41304347826086957,0.3199447513812155
2022,2022-09-14,544,0.29191321499013806,0.3235294117647059,0.41222879684418146,0.3193566176470588
2022,2022-09-14,545,0.29133858267716534,0.3229357798165138,0.41141732283464566,0.3187706422018348
2022,2022-09-14,546,0.2907662082514735,0.32234432234432236,0.4106090373280943,0.3181868131868132
2022,2022-09-15,547,0.2901960784313726,0.3217550274223035,0.40980392156862744,0.3176051188299817
2022,2022-09-15,548,0.2896281800391389,0.32116788321167883,0.4090019569471624,0.31702554744525546
2022,2022-09-15,549,0.2890625,0.3205828779599271,0.408203125,0.31644808743169395
2022,2022-09-15,550,0.2884990253411306,0.32,0.4074074074074074,0.31587272727272725
2022,2022-09-16,551,0.28793774319066145,0.3194192377495463,0.4066147859922179,0.3152994555353902
2022,2022-09-16,552,0.287378640776699,0.3188405797101449,0.4058252427184466,0.3147282608695652
2022,2022-09-16,553,0.287378640776699,0.32007233273056057,0.4058252427184466,0.31540506329113926
2022,2022-09-16,554,0.2868217054263566,0.3194945848375451,0.4050387596899225,0.31483574007220216
2022,2022-09-17,555,0.2862669245647969,0.31891891891891894,0.40425531914893614,0.3142684684684685
2022,2022-09-17,556,0.2876447876447876,0.32014388489208634,0.40540540540540543,0.31529316546762587
2022,2022-09-17,557,0.2876447876447876,0.3213644524236984,0.40540540540540543,0.3159640933572711
2022,2022-09-17,558,0.28709055876685935,0.3207885304659498,0.4046242774566474,0.3153978494623656
2022,2022-09-17,559,0.2865384615384615,0.32021466905187834,0.40384615384615385,0.31483363148479426
2022,2022-09-18,560,0.28598848368522073,0.3196428571428571,0.40307101727447214,0.31427142857142853
2022,2022-09-18,561,0.28544061302681994,0.31907308377896615,0.40229885057471265,0.31371122994652406
2022,2022-09-18,562,0.28680688336520077,0.3202846975088968,0.4091778202676864,0.31683985765124556
2022,2022-09-18,563,0.2881679389312977,0.32149200710479575,0.41030534351145037,0.3178472468916519
2022,2022-09-20,564,0.2876190476190476,0.32092198581560283,0.4095238095238095,0.31728368794326245
2022,2022-09-20,565,0.2870722433460076,0.32035398230088497,0.40874524714828897,0.31672212389380533
2022,2022-09-20,566,0.286527514231499,0.3197879858657244,0.4079696394686907,0.3161625441696113
2022,2022-09-20,567,0.2878787878787879,0.32098765432098764,0.4090909090909091,0.31716402116402115
2022,2022-09-20,568,0.28733459357277885,0.3204225352112676,0.40831758034026466,0.31660563380281687
2022,2022-09-21,569,0.28867924528301886,0.3216168717047452,0.40943396226415096,0.3176028119507909
2022,2022-09-21,570,0.2900188323917137,0.32280701754385965,0.4105461393596987,0.31859649122807016
2022,2022-09-21,571,0.2894736842105263,0.3222416812609457,0.40977443609022557,0.3180385288966725
2022,2022-09-21,572,0.28893058161350843,0.32167832167832167,0.4090056285178236,0.3174825174825175
2022,2022-09-21,573,0.2883895131086142,0.32111692844677137,0.40823970037453183,0.3169284467713787
2022,2022-09-22,574,0.28785046728971964,0.3205574912891986,0.4074766355140187,0.31637630662020905
2022,2022-09-22,575,0.2873134328358209,0.32,0.40671641791044777,0.31582608695652176
2022,2022-09-22,576,0.28677839851024206,0.3194444444444444,0.4059590316573557,0.31527777777777777
2022,2022-09-22,577,0.28810408921933084,0.32062391681109187,0.4070631970260223,0.316263431542461
2022,2022-09-23,578,0.2894248608534323,0.3217993079584775,0.40816326530612246,0.31724567474048443
2022,2022-09-23,579,0.29074074074074074,0.3229706390328152,0.40925925925925927,0.3182245250431779
2022,2022-09-23,580,0.2920517560073937,0.32413793103448274,0.4121996303142329,0.31985
2022,2022-09-23,581,0.2920517560073937,0.3253012048192771,0.4121996303142329,0.32048537005163513
2022,2022-09-23,582,0.2915129151291513,0.3247422680412371,0.4114391143911439,0.3199347079037801
2022,2022-09-24,583,0.29097605893186,0.3241852487135506,0.4106813996316759,0.3193859348198971
2022,2022-09-24,584,0.29044117647058826,0.3236301369863014,0.4099264705882353,0.3188390410958904
2022,2022-09-24,585,0.28990825688073396,0.3230769230769231,0.4091743119266055,0.3182940170940171
2022,2022-09-24,586,0.2893772893772894,0.3225255972696246,0.4084249084249084,0.31775085324232083
2022,2022-09-25,587,0.2906764168190128,0.32367972742759793,0.40950639853747717,0.31871550255536624
2022,2022-09-25,588,0.29014598540145986,0.3231292517006803,0.40875912408759124,0.3181734693877551
2022,2022-09-25,589,0.29014598540145986,0.3225806451612903,0.40875912408759124,0.31763327674023767
2022,2022-09-25,590,0.29143897996357016,0.32372881355932204,0.4098360655737705,0.3185932203389831
2022,2022-09-25,591,0.2909090909090909,0.32318104906937395,0.4090909090909091,0.31805414551607447
2022,2022-09-27,592,0.29038112522686027,0.32263513513513514,0.40834845735027225,0.3175168918918919
2022,2022-09-27,593,0.2898550724637681,0.3220910623946037,0.4076086956521739,0.3169814502529511
2022,2022-09-27,594,0.2898550724637681,0.32323232323232326,0.4076086956521739,0.31765993265993264
2022,2022-09-27,595,0.28933092224231466,0.3226890756302521,0.40687160940325495,0.31712605042016806
2022,2022-09-28,596,0.28933092224231466,0.3238255033557047,0.40687160940325495,0.31775
2022,2022-09-28,597,0.29061371841155237,0.3249581239530988,0.40794223826714804,0.3186984924623116
2022,2022-09-28,598,0.29009009009009007,0.32441471571906355,0.4072072072072072,0.3181655518394649
2022,2022-09-28,599,0.289568345323741,0.32387312186978295,0.4064748201438849,0.3176343906510852
2022,2022-09-28,600,0.289048473967684,0.3233333333333333,0.40574506283662476,0.317105
2022,2022-09-29,601,0.2885304659498208,0.3227953410981697,0.4050179211469534,0.3165773710482529
2022,2022-09-29,602,0.2880143112701252,0.3222591362126246,0.40429338103756707,0.3160514950166113
2022,2022-09-29,603,0.2875,0.32172470978441126,0.4035714285714286,0.3155273631840796
2022,2022-09-29,604,0.28698752228163993,0.3211920529801324,0.4028520499108734,0.31500496688741725
2022,2022-09-30,605,0.28698752228163993,0.32231404958677684,0.4028520499108734,0.31562314049586776
2022,2022-09-30,606,0.28647686832740216,0.3217821782178218,0.40213523131672596,0.3151023102310231
2022,2022-09-30,607,0.28596802841918295,0.3212520593080725,0.40142095914742454,0.3145831960461285
2022,2022-09-30,608,0.2854609929078014,0.3207236842105263,0.40070921985815605,0.3140657894736842
2022,2022-09-30,609,0.2849557522123894,0.32019704433497537,0.4,0.31355008210180624
2022,2022-10-01,610,0.284452296819788,0.319672131147541,0.3992932862190813,0.3130360655737705
2022,2022-10-01,611,0.2857142857142857,0.32078559738134205,0.4056437389770723,0.3159148936170213
2022,2022-10-01,612,0.2852112676056338,0.3202614379084967,0.40492957746478875,0.3153986928104575
2022,2022-10-01,613,0.28471001757469244,0.3197389885807504,0.40421792618629176,0.314884176182708
2022,2022-10-01,614,0.28421052631578947,0.31921824104234525,0.40350877192982454,0.314371335504886
2022,2022-10-01,615,0.28371278458844135,0.31869918699186994,0.4028021015761821,0.313860162601626
2022,2022-10-01,616,0.28321678321678323,0.3181818181818182,0.4020979020979021,0.3133506493506494
2022,2022-10-01,617,0.28272251308900526,0.31766612641815234,0.4013961605584642,0.31284278768233387
2022,2022-10-01,618,0.28222996515679444,0.31715210355987056,0.40069686411149824,0.312336569579288
2022,2022-10-02,619,0.2817391304347826,0.3166397415185784,0.4,0.3118319870759289
2022,2022-10-02,620,0.28125,0.3161290322580645,0.3993055555555556,0.3113290322580645
2022,2022-10-02,621,0.2824956672443674,0.3172302737520129,0.4020797227036395,0.31285829307568436
2022,2022-10-02,622,0.2820069204152249,0.3167202572347267,0.4013840830449827,0.3123553054662379
2022,2022-10-03,623,0.2815198618307427,0.3162118780096308,0.4006908462867012,0.31185393258426963
2022,2022-10-03,624,0.2810344827586207,0.3157051282051282,0.4,0.31135416666666665
2022,2022-10-03,625,0.28055077452667815,0.3152,0.3993115318416523,0.310856
2022,2022-10-03,626,0.2800687285223368,0.3146964856230032,0.39862542955326463,0.3103594249201278
2022,2022-10-04,627,0.27958833619210977,0.3141945773524721,0.3979416809605489,0.30986443381180223
2022,2022-10-04,628,0.2791095890410959,0.31369426751592355,0.3972602739726027,0.30937101910828024
2022,2022-10-04,629,0.27863247863247864,0.31319554848966613,0.39658119658119656,0.308879173290938
2022,2022-10-04,630,0.27986348122866894,0.3142857142857143,0.39761092150170646,0.3097920634920635
2022,2022-10-05,631,0.27938671209540034,0.31378763866877973,0.3969335604770017,0.30930110935023775
2022,2022-10-07,632,0.2789115646258503,0.31329113924050633,0.39625850340136054,0.30881170886075954
2022,2022-10-07,633,0.2801358234295416,0.31437598736176936,0.398981324278438,0.31031595576619275
2022,2022-10-07,634,0.2796610169491525,0.3138801261829653,0.3983050847457627,0.3098264984227129
2022,2022-10-07,635,0.2796610169491525,0.31496062992125984,0.3983050847457627,0.3104724409448819
2022,2022-10-08,636,0.27918781725888325,0.31446540880503143,0.3976311336717428,0.30998427672955975
2022,2022-10-08,637,0.28040540540540543,0.315541601255887,0.40033783783783783,0.31147723704866564
2022,2022-10-08,638,0.28040540540540543,0.3166144200626959,0.40033783783783783,0.3120689655172414
2022,2022-10-11,639,0.28161888701517707,0.31768388106416273,0.40134907251264756,0.31296400625978094
2022,2022-10-11,640,0.28161888701517707,0.3171875,0.40134907251264756,0.312475
2022,2022-10-11,641,0.28114478114478114,0.3166926677067083,0.4006734006734007,0.31198751950078
2022,2022-10-11,642,0.280672268907563,0.3161993769470405,0.4,0.3115015576323988
2022,2022-10-11,643,0.2802013422818792,0.3157076205287714,0.39932885906040266,0.3110171073094868
2022,2022-10-12,644,0.2797319932998325,0.31521739130434784,0.39865996649916247,0.31053416149068325
2022,2022-10-12,645,0.2792642140468227,0.3147286821705426,0.3979933110367893,0.3100527131782946
2022,2022-10-12,646,0.27879799666110183,0.3142414860681115,0.3973288814691152,0.30957275541795665
2022,2022-10-14,647,0.2783333333333333,0.31375579598145287,0.39666666666666667,0.30909428129829986
2022,2022-10-14,648,0.2778702163061564,0.3132716049382716,0.39600665557404324,0.30861728395061727
2022,2022-10-14,649,0.27740863787375414,0.31278890600924497,0.3953488372093023,0.3081417565485362
2022,2022-10-14,650,0.2769485903814262,0.3123076923076923,0.3946932006633499,0.3076676923076923
2022,2022-10-15,651,0.2781456953642384,0.31336405529953915,0.3956953642384106,0.30855299539170505
2022,2022-10-15,652,0.27768595041322314,0.3128834355828221,0.3950413223140496,0.308079754601227
2022,2022-10-15,653,0.27722772277227725,0.3124042879019908,0.3943894389438944,0.3076079632465544
2022,2022-10-15,654,0.27677100494233936,0.3119266055045872,0.39373970345963755,0.30713761467889905
2022,2022-10-18,655,0.27631578947368424,0.3114503816793893,0.3930921052631579,0.3066687022900763
2022,2022-10-18,656,0.27586206896551724,0.31097560975609756,0.3924466338259442,0.3062012195121951
2022,2022-10-18,657,0.2754098360655738,0.3105022831050228,0.3918032786885246,0.3057351598173516
2022,2022-10-19,658,0.2765957446808511,0.31155015197568386,0.39279869067103107,0.30661398176291793
2022,2022-10-19,659,0.2761437908496732,0.3110773899848255,0.39215686274509803,0.3061487101669196
2022,2022-10-19,660,0.27569331158238175,0.3106060606060606,0.3915171288743883,0.3056848484848485
2022,2022-10-19,661,0.2752442996742671,0.3101361573373676,0.39087947882736157,0.3052223903177005
2022,2022-10-21,662,0.27479674796747966,0.30966767371601206,0.3902439024390244,0.30476132930513594
2022,2022-10-21,663,0.275974025974026,0.31070889894419307,0.3912337662337662,0.3056349924585219
2022,2022-10-21,664,0.2771474878444084,0.3117469879518072,0.39384116693679094,0.30707379518072286
2022,2022-10-22,665,0.2766990291262136,0.3112781954887218,0.3932038834951456,0.30661203007518795
2022,2022-10-22,666,0.2762520193861066,0.3108108108108108,0.3925686591276252,0.30615165165165165
2022,2022-10-22,667,0.27580645161290324,0.3103448275862069,0.3919354838709677,0.3056926536731634
2022,2022-10-22,668,0.2753623188405797,0.30988023952095806,0.391304347826087,0.30523502994011975
2022,2022-10-23,669,0.2753623188405797,0.3109118086696562,0.391304347826087,0.30585500747384153
2022,2022-10-23,670,0.27491961414790994,0.31044776119402984,0.39067524115755625,0.30539850746268654
2022,2022-10-23,671,0.27447833065810595,0.30998509687034276,0.3900481540930979,0.3049433681073025
2022,2022-10-23,672,0.27403846153846156,0.30952380952380953,0.3894230769230769,0.3044895833333333
2022,2022-10-28,673,0.2736,0.30906389301634474,0.3888,0.304037147102526
2022,2022-10-28,674,0.2747603833865815,0.31008902077151335,0.3913738019169329,0.30545697329376853
2022,2022-10-28,675,0.2743221690590112,0.30962962962962964,0.39074960127591707,0.3050044444444444
2022,2022-10-28,676,0.27388535031847133,0.3091715976331361,0.39012738853503187,0.3045532544378698
2022,2022-10-28,677,0.27344992050874406,0.3087149187592319,0.38950715421303655,0.3041033973412112
2022,2022-10-29,678,0.27344992050874406,0.30973451327433627,0.38950715421303655,0.30467109144542776
2022,2022-10-29,679,0.273015873015873,0.30927835051546393,0.3888888888888889,0.30422238586156114
2022,2022-10-29,680,0.27258320126782887,0.3088235294117647,0.38827258320126784,0.303775
2022,2022-10-29,681,0.2737341772151899,0.30983847283406757,0.39082278481012656,0.3051806167400881
2022,2022-11-01,682,0.27488151658767773,0.31085043988269795,0.39652448657187994,0.3077712609970675
2022,2022-11-01,683,0.2744479495268139,0.3103953147877013,0.39589905362776023,0.3073206442166911
2022,2022-11-01,684,0.2744479495268139,0.31140350877192985,0.39589905362776023,0.3078786549707602
2022,2022-11-01,685,0.2740157480314961,0.310948905109489,0.3952755905511811,0.307429197080292
2022,2022-11-02,686,0.27358490566037735,0.3104956268221574,0.3946540880503145,0.30698104956268224
2022,2022-11-02,687,0.2731554160125589,0.31004366812227074,0.3940345368916798,0.30653420669577874
2022,2022-11-02,688,0.2727272727272727,0.30959302325581395,0.3934169278996865,0.3060886627906977
2022,2022-11-03,689,0.27230046948356806,0.30914368650217705,0.39280125195618154,0.305644412191582
2022,2022-11-03,690,0.2734375,0.3101449275362319,0.39375,0.30648260869565214
2022,2022-11-03,691,0.2745709828393136,0.3111432706222865,0.39469578783151327,0.30731837916063676
2022,2022-11-03,692,0.27414330218068533,0.3106936416184971,0.3940809968847352,0.3068742774566474
2022,2022-11-05,693,0.27527216174183516,0.3116883116883117,0.39502332814930013,0.3077070707070707
2022,2022-11-05,694,0.2748447204968944,0.3112391930835735,0.3944099378881988,0.3072636887608069
2022,2022-11-05,695,0.2744186046511628,0.3107913669064748,0.3937984496124031,0.30682158273381294
2023,2023-03-30,1,1.0,1.0,4.0,2.004
2023,2023-03-30,2,1.0,1.0,3.0,1.624
2023,2023-03-30,3,1.0,1.0,2.3333333333333335,1.377
2023,2023-03-30,4,0.75,0.75,1.75,1.03275
2023,2023-04-01,5,0.6,0.6,1.4,0.8262
2023,2023-04-01,6,0.5,0.5,1.1666666666666667,0.6885
2023,2023-04-01,7,0.42857142857142855,0.42857142857142855,1.0,0.5901428571428572
2023,2023-04-01,8,0.42857142857142855,0.5,1.0,0.603375
2023,2023-04-02,9,0.375,0.4444444444444444,0.875,0.5363333333333333
2023,2023-04-02,10,0.4444444444444444,0.5,0.8888888888888888,0.571
2023,2023-04-02,11,0.4,0.45454545454545453,0.8,0.519090909090909
2023,2023-04-02,12,0.36363636363636365,0.4166666666666667,0.7272727272727273,0.47583333333333333
2023,2023-04-03,13,0.4166666666666667,0.46153846153846156,0.75,0.5071538461538462
2023,2023-04-03,14,0.46153846153846156,0.5,0.8461538461538461,0.5597857142857142
2023,2023-04-03,15,0.5,0.5333333333333333,0.8571428571428571,0.5813333333333334
2023,2023-04-03,16,0.4666666666666667,0.5,0.8,0.545
2023,2023-04-04,17,0.4375,0.47058823529411764,0.75,0.5129411764705882
2023,2023-04-04,18,0.4117647058823529,0.4444444444444444,0.7058823529411765,0.48444444444444446
2023,2023-04-04,19,0.3888888888888889,0.42105263157894735,0.6666666666666666,0.45894736842105266
2023,2023-04-04,20,0.3888888888888889,0.45,0.6666666666666666,0.4708
2023,2023-04-05,21,0.3684210526315789,0.42857142857142855,0.631578947368421,0.4483809523809524
2023,2023-04-05,22,0.3684210526315789,0.45454545454545453,0.631578947368421,0.4596363636363636
2023,2023-04-05,23,0.3684210526315789,0.4782608695652174,0.631578947368421,0.4712173913043478
2023,2023-04-05,24,0.35,0.4583333333333333,0.6,0.4515833333333333
2023,2023-04-07,25,0.3333333333333333,0.44,0.5714285714285714,0.43351999999999996
2023,2023-04-07,26,0.3181818181818182,0.4230769230769231,0.5454545454545454,0.4168461538461538
2023,2023-04-07,27,0.30434782608695654,0.4074074074074074,0.5217391304347826,0.4014074074074074
2023,2023-04-07,28,0.3333333333333333,0.42857142857142855,0.5416666666666666,0.41860714285714284
2023,2023-04-08,29,0.32,0.41379310344827586,0.52,0.4041724137931034
2023,2023-04-08,30,0.3076923076923077,0.4,0.5,0.3907
2023,2023-04-08,31,0.2962962962962963,0.3870967741935484,0.48148148148148145,0.37809677419354837
2023,2023-04-08,32,0.32142857142857145,0.40625,0.5,0.393875
2023,2023-04-09,33,0.3103448275862069,0.3939393939393939,0.4827586206896552,0.3819393939393939
2023,2023-04-09,34,0.3333333333333333,0.4117647058823529,0.6,0.42964705882352944
2023,2023-04-09,35,0.3225806451612903,0.4,0.5806451612903226,0.41737142857142856
2023,2023-04-09,36,0.3125,0.3888888888888889,0.5625,0.4057777777777778
2023,2023-04-10,37,0.30303030303030304,0.3783783783783784,0.5454545454545454,0.3948108108108108
2023,2023-04-10,38,0.3235294117647059,0.39473684210526316,0.5588235294117647,0.4076578947368421
2023,2023-04-10,39,0.34285714285714286,0.41025641025641024,0.5714285714285714,0.4198461538461538
2023,2023-04-10,40,0.3611111111111111,0.425,0.6666666666666666,0.45945
2023,2023-04-10,41,0.35135135135135137,0.4146341463414634,0.6486486486486487,0.4482439024390244
2023,2023-04-11,42,0.34210526315789475,0.40476190476190477,0.631578947368421,0.43757142857142856
2023,2023-04-11,43,0.3333333333333333,0.3953488372093023,0.6153846153846154,0.4273953488372093
2023,2023-04-11,44,0.325,0.38636363636363635,0.6,0.4176818181818182
2023,2023-04-11,45,0.34146341463414637,0.4,0.6097560975609756,0.4280222222222222
2023,2023-04-12,46,0.3333333333333333,0.391304347826087,0.5952380952380952,0.4187173913043478
2023,2023-04-12,47,0.32558139534883723,0.3829787234042553,0.5813953488372093,0.4098085106382979
2023,2023-04-12,48,0.3181818181818182,0.375,0.5681818181818182,0.4012708333333333
2023,2023-04-12,49,0.3333333333333333,0.3877551020408163,0.5777777777777777,0.4111020408163265
2023,2023-04-13,50,0.32608695652173914,0.38,0.5652173913043478,0.40287999999999996
2023,2023-04-13,51,0.3404255319148936,0.39215686274509803,0.574468085106383,0.41229411764705887
2023,2023-04-13,52,0.3333333333333333,0.38461538461538464,0.5625,0.4043653846153846
2023,2023-04-13,53,0.32653061224489793,0.37735849056603776,0.5510204081632653,0.3967358490566038
2023,2023-04-14,54,0.32653061224489793,0.3888888888888889,0.5510204081632653,0.40227777777777773
2023,2023-04-14,55,0.32,0.38181818181818183,0.54,0.39496363636363635
2023,2023-04-14,56,0.32,0.39285714285714285,0.54,0.400875
2023,2023-04-14,57,0.3137254901960784,0.38596491228070173,0.5294117647058824,0.3938421052631579
2023,2023-04-14,58,0.3269230769230769,0.39655172413793105,0.5384615384615384,0.40227586206896554
2023,2023-04-15,59,0.3269230769230769,0.4067796610169492,0.5384615384615384,0.4072542372881356
2023,2023-04-15,60,0.3269230769230769,0.4166666666666667,0.5384615384615384,0.4120666666666667
2023,2023-04-15,61,0.33962264150943394,0.4262295081967213,0.5471698113207547,0.41978688524590163
2023,2023-04-15,62,0.3333333333333333,0.41935483870967744,0.5370370370370371,0.41301612903225804
2023,2023-04-16,63,0.34545454545454546,0.42857142857142855,0.5454545454545454,0.42047619047619045
2023,2023-04-16,64,0.3392857142857143,0.421875,0.5357142857142857,0.41390625
2023,2023-04-16,65,0.3508771929824561,0.4307692307692308,0.5614035087719298,0.42667692307692306
2023,2023-04-16,66,0.3620689655172414,0.4393939393939394,0.5689655172413793,0.4335909090909091
2023,2023-04-16,67,0.3559322033898305,0.43283582089552236,0.559322033898305,0.4271194029850746
2023,2023-04-16,68,0.35,0.4264705882352941,0.55,0.4208382352941177
2023,2023-04-18,69,0.36065573770491804,0.43478260869565216,0.5573770491803278,0.427536231884058
2023,2023-04-18,70,0.36065573770491804,0.44285714285714284,0.5573770491803278,0.4313714285714285
2023,2023-04-18,71,0.3709677419354839,0.4507042253521127,0.5645161290322581,0.4377323943661972
2023,2023-04-18,72,0.36507936507936506,0.4444444444444444,0.5555555555555556,0.4316527777777778
2023,2023-04-18,73,0.359375,0.4383561643835616,0.546875,0.4257397260273973
2023,2023-04-18,74,0.35384615384615387,0.43243243243243246,0.5384615384615384,0.4199864864864865
2023,2023-04-18,75,0.3484848484848485,0.4266666666666667,0.5303030303030303,0.4143866666666667
2023,2023-04-18,76,0.34328358208955223,0.42105263157894735,0.5223880597014925,0.4089342105263158
2023,2023-04-19,77,0.3382352941176471,0.4155844155844156,0.5147058823529411,0.4036233766233766
2023,2023-04-19,78,0.3333333333333333,0.41025641025641024,0.5072463768115942,0.39844871794871795
2023,2023-04-19,79,0.32857142857142857,0.4050632911392405,0.5,0.3934050632911392
2023,2023-04-19,80,0.323943661971831,0.4,0.49295774647887325,0.3884875
2023,2023-04-20,81,0.323943661971831,0.4074074074074074,0.49295774647887325,0.39228395061728394
2023,2023-04-20,82,0.3194444444444444,0.4024390243902439,0.4861111111111111,0.38749999999999996
2023,2023-04-20,83,0.3150684931506849,0.39759036144578314,0.4794520547945205,0.3828313253012048
2023,2023-04-20,84,0.3108108108108108,0.39285714285714285,0.47297297297297297,0.3782738095238095
2023,2023-04-21,85,0.32,0.4,0.48,0.38421176470588236
2023,2023-04-21,86,0.3157894736842105,0.3953488372093023,0.47368421052631576,0.37974418604651167
2023,2023-04-21,87,0.3116883116883117,0.39080459770114945,0.4675324675324675,0.3753793103448276
2023,2023-04-21,88,0.3076923076923077,0.38636363636363635,0.46153846153846156,0.37111363636363637
2023,2023-04-22,89,0.3037974683544304,0.38202247191011235,0.45569620253164556,0.3669438202247191
2023,2023-04-22,90,0.3125,0.3888888888888889,0.4625,0.3726777777777777
2023,2023-04-22,91,0.30864197530864196,0.38461538461538464,0.4567901234567901,0.36858241758241755
2023,2023-04-22,92,0.3048780487804878,0.3804347826086957,0.45121951219512196,0.3645760869565217
2023,2023-04-23,93,0.30120481927710846,0.3763440860215054,0.4457831325301205,0.3606559139784946
2023,2023-04-23,94,0.2976190476190476,0.3723404255319149,0.44047619047619047,0.35681914893617017
2023,2023-04-23,95,0.3058823529411765,0.37894736842105264,0.4588235294117647,0.36615789473684207
2023,2023-04-23,96,0.3023255813953488,0.375,0.45348837209302323,0.36234374999999996
2023,2023-04-25,97,0.2988505747126437,0.3711340206185567,0.4482758620689655,0.3586082474226804
2023,2023-04-25,98,0.29545454545454547,0.3673469387755102,0.4431818181818182,0.3549489795918367
2023,2023-04-25,99,0.29213483146067415,0.36363636363636365,0.43820224719101125,0.3513636363636363
2023,2023-04-25,100,0.3,0.37,0.45555555555555555,0.36028999999999994
2023,2023-04-26,101,0.2967032967032967,0.36633663366336633,0.45054945054945056,0.3567227722772277
2023,2023-04-26,102,0.29347826086956524,0.3627450980392157,0.44565217391304346,0.3532254901960784
2023,2023-04-26,103,0.2903225806451613,0.3592233009708738,0.44086021505376344,0.3497961165048543
2023,2023-04-26,104,0.2978723404255319,0.36538461538461536,0.44680851063829785,0.3549230769230769
2023,2023-04-27,105,0.29473684210526313,0.3619047619047619,0.4421052631578947,0.35154285714285716
2023,2023-04-27,106,0.2916666666666667,0.3584905660377358,0.4375,0.3482264150943396
2023,2023-04-27,107,0.28865979381443296,0.35514018691588783,0.4329896907216495,0.34497196261682245
2023,2023-04-28,108,0.2857142857142857,0.35185185185185186,0.42857142857142855,0.3417777777777778
2023,2023-04-28,109,0.2828282828282828,0.3486238532110092,0.42424242424242425,0.3386422018348624
2023,2023-04-28,110,0.28,0.34545454545454546,0.42,0.33556363636363634
2023,2023-04-28,111,0.27722772277227725,0.34234234234234234,0.4158415841584158,0.33254054054054055
2023,2023-04-29,112,0.27450980392156865,0.3392857142857143,0.4117647058823529,0.32957142857142857
2023,2023-04-29,113,0.2815533980582524,0.34513274336283184,0.42718446601941745,0.3376637168141593
2023,2023-04-29,114,0.27884615384615385,0.34210526315789475,0.4230769230769231,0.3347017543859649
2023,2023-04-29,115,0.2857142857142857,0.34782608695652173,0.4380952380952381,0.3426086956521739
2023,2023-04-30,116,0.2830188679245283,0.3448275862068966,0.4339622641509434,0.3396551724137931
2023,2023-04-30,117,0.2803738317757009,0.3418803418803419,0.42990654205607476,0.3367521367521367
2023,2023-04-30,118,0.2777777777777778,0.3389830508474576,0.42592592592592593,0.3338983050847458
2023,2023-04-30,119,0.27522935779816515,0.33613445378151263,0.42201834862385323,0.3310924369747899
2023,2023-05-01,120,0.2727272727272727,0.3333333333333333,0.41818181818181815,0.3283333333333333
2023,2023-05-01,121,0.2702702702702703,0.3305785123966942,0.4144144144144144,0.3256198347107438
2023,2023-05-01,122,0.2767857142857143,0.3360655737704918,0.41964285714285715,0.33018852459016396
2023,2023-05-01,123,0.2743362831858407,0.3333333333333333,0.415929203539823,0.32750406504065044
2023,2023-05-02,124,0.2719298245614035,0.33064516129032256,0.41228070175438597,0.32486290322580647
2023,2023-05-02,125,0.26956521739130435,0.328,0.40869565217391307,0.322264
2023,2023-05-02,126,0.26956521739130435,0.3333333333333333,0.40869565217391307,0.3252301587301587
2023,2023-05-03,127,0.26956521739130435,0.33858267716535434,0.40869565217391307,0.3281496062992126
2023,2023-05-03,128,0.27586206896551724,0.34375,0.41379310344827586,0.332484375
2023,2023-05-03,129,0.27350427350427353,0.34108527131782945,0.41025641025641024,0.32990697674418606
2023,2023-05-03,130,0.2711864406779661,0.3384615384615385,0.4067796610169492,0.32736923076923075
2023,2023-05-03,131,0.2689075630252101,0.33587786259541985,0.40336134453781514,0.32487022900763357
2023,2023-05-05,132,0.2689075630252101,0.3409090909090909,0.40336134453781514,0.3276818181818182
2023,2023-05-05,133,0.275,0.3458646616541353,0.4083333333333333,0.33185714285714285
2023,2023-05-05,134,0.2727272727272727,0.34328358208955223,0.4049586776859504,0.3293805970149254
2023,2023-05-05,135,0.27049180327868855,0.34074074074074073,0.4016393442622951,0.32694074074074075
2023,2023-05-06,136,0.2764227642276423,0.34558823529411764,0.4065040650406504,0.33102941176470585
2023,2023-05-06,137,0.28225806451612906,0.35036496350364965,0.4112903225806452,0.3350583941605839
2023,2023-05-06,138,0.28,0.34782608695652173,0.408,0.3326304347826087
2023,2023-05-06,139,0.2777777777777778,0.34532374100719426,0.40476190476190477,0.33023741007194246
2023,2023-05-07,140,0.2755905511811024,0.34285714285714286,0.4015748031496063,0.3278785714285714
2023,2023-05-07,141,0.2734375,0.3404255319148936,0.3984375,0.3255531914893617
2023,2023-05-07,142,0.2713178294573643,0.3380281690140845,0.3953488372093023,0.3232605633802817
2023,2023-05-07,143,0.2692307692307692,0.3356643356643357,0.3923076923076923,0.321
2023,2023-05-09,144,0.2748091603053435,0.3402777777777778,0.3969465648854962,0.32490277777777776
2023,2023-05-09,145,0.2727272727272727,0.33793103448275863,0.3939393939393939,0.32266206896551725
2023,2023-05-09,146,0.2781954887218045,0.3424657534246575,0.39849624060150374,0.32649999999999996
2023,2023-05-09,147,0.2781954887218045,0.3469387755102041,0.39849624060150374,0.3290136054421769
2023,2023-05-10,148,0.27611940298507465,0.34459459459459457,0.39552238805970147,0.3267905405405406
2023,2023-05-10,149,0.2740740740740741,0.3422818791946309,0.3925925925925926,0.32459731543624165
2023,2023-05-10,150,0.27205882352941174,0.34,0.3897058823529412,0.32243333333333335
2023,2023-05-10,151,0.27007299270072993,0.33774834437086093,0.38686131386861317,0.32029801324503315
2023,2023-05-12,152,0.26811594202898553,0.3355263157894737,0.38405797101449274,0.31819078947368423
2023,2023-05-12,153,0.26618705035971224,0.3333333333333333,0.381294964028777,0.3161111111111111
2023,2023-05-12,154,0.2714285714285714,0.33766233766233766,0.40714285714285714,0.32707142857142857
2023,2023-05-12,155,0.2714285714285714,0.3419354838709677,0.40714285714285714,0.3294516129032258
2023,2023-05-13,156,0.2765957446808511,0.34615384615384615,0.41134751773049644,0.333
2023,2023-05-13,157,0.2746478873239437,0.34394904458598724,0.4084507042253521,0.33087898089171974
2023,2023-05-13,158,0.2727272727272727,0.34177215189873417,0.40559440559440557,0.3287848101265823
2023,2023-05-13,159,0.2708333333333333,0.33962264150943394,0.4027777777777778,0.3267169811320755
2023,2023-05-13,160,0.2689655172413793,0.3375,0.4,0.324675
2023,2023-05-14,161,0.2671232876712329,0.33540372670807456,0.3972602739726027,0.3226583850931677
2023,2023-05-14,162,0.2653061224489796,0.3333333333333333,0.3945578231292517,0.32066666666666666
2023,2023-05-14,163,0.2653061224489796,0.3374233128834356,0.3945578231292517,0.32296932515337423
2023,2023-05-14,164,0.2702702702702703,0.34146341463414637,0.39864864864864863,0.3263841463414634
2023,2023-05-15,165,0.2751677852348993,0.34545454545454546,0.4228187919463087,0.33655151515151516
2023,2023-05-15,166,0.28,0.3493975903614458,0.43333333333333335,0.3420180722891566
2023,2023-05-15,167,0.28,0.3473053892215569,0.43333333333333335,0.33997005988023954
2023,2023-05-15,168,0.2781456953642384,0.34523809523809523,0.4304635761589404,0.33794642857142854
2023,2023-05-16,169,0.27631578947368424,0.3431952662721893,0.4276315789473684,0.33594674556213017
2023,2023-05-16,170,0.27450980392156865,0.3411764705882353,0.42483660130718953,0.33397058823529413
2023,2023-05-16,171,0.2727272727272727,0.3391812865497076,0.42207792207792205,0.3320175438596491
2023,2023-05-16,172,0.2709677419354839,0.3372093023255814,0.41935483870967744,0.33008720930232555
2023,2023-05-17,173,0.2692307692307692,0.3352601156069364,0.4166666666666667,0.3281791907514451
2023,2023-05-17,174,0.2692307692307692,0.3333333333333333,0.4166666666666667,0.32629310344827583
2023,2023-05-17,175,0.27388535031847133,0.33714285714285713,0.42038216560509556,0.3294742857142857
2023,2023-05-17,176,0.2721518987341772,0.3352272727272727,0.4177215189873418,0.3276022727272727
2023,2023-05-19,177,0.27044025157232704,0.3333333333333333,0.41509433962264153,0.32575141242937855
2023,2023-05-19,178,0.26875,0.33146067415730335,0.4125,0.3239213483146067
2023,2023-05-19,179,0.2670807453416149,0.329608938547486,0.40993788819875776,0.32211173184357544
2023,2023-05-19,180,0.2654320987654321,0.3277777777777778,0.4074074074074074,0.32032222222222223
2023,2023-05-20,181,0.26380368098159507,0.3259668508287293,0.4049079754601227,0.3185524861878453
2023,2023-05-20,182,0.2682926829268293,0.32967032967032966,0.40853658536585363,0.3216538461538461
2023,2023-05-20,183,0.26666666666666666,0.32786885245901637,0.40606060606060607,0.31989617486338795
2023,2023-05-20,184,0.26506024096385544,0.32608695652173914,0.4036144578313253,0.3181576086956522
2023,2023-05-20,185,0.2634730538922156,0.32432432432432434,0.40119760479041916,0.3164378378378378
2023,2023-05-21,186,0.26785714285714285,0.3279569892473118,0.40476190476190477,0.31948387096774195
2023,2023-05-21,187,0.26627218934911245,0.32620320855614976,0.40236686390532544,0.31777540106951874
2023,2023-05-21,188,0.2647058823529412,0.324468085106383,0.4,0.3160851063829787
2023,2023-05-21,189,0.2631578947368421,0.32275132275132273,0.39766081871345027,0.3144126984126984
2023,2023-05-22,190,0.2616279069767442,0.32105263157894737,0.3953488372093023,0.3127578947368421
2023,2023-05-22,191,0.26011560693641617,0.3193717277486911,0.3930635838150289,0.31112041884816755
2023,2023-05-22,192,0.25862068965517243,0.3177083333333333,0.39080459770114945,0.3095
2023,2023-05-22,193,0.2571428571428571,0.3160621761658031,0.38857142857142857,0.3078963730569948
2023,2023-05-23,194,0.26136363636363635,0.31958762886597936,0.39204545454545453,0.31086082474226806
2023,2023-05-23,195,0.2598870056497175,0.31794871794871793,0.3898305084745763,0.3092666666666667
2023,2023-05-24,196,0.25842696629213485,0.3163265306122449,0.38764044943820225,0.30768877551020407
2023,2023-05-24,197,0.2569832402234637,0.3147208121827411,0.3854748603351955,0.3061269035532995
2023,2023-05-24,198,0.2611111111111111,0.3181818181818182,0.3888888888888889,0.309040404040404
2023,2023-05-24,199,0.2596685082872928,0.3165829145728643,0.3867403314917127,0.30748743718592964
2023,2023-05-24,200,0.26373626373626374,0.32,0.3901098901098901,0.310365
2023,2023-05-25,201,0.2677595628415301,0.32338308457711445,0.4098360655737705,0.3187910447761194
2023,2023-05-25,202,0.266304347826087,0.3217821782178218,0.4076086956521739,0.3172128712871287
2023,2023-05-25,203,0.2702702702702703,0.3251231527093596,0.41081081081081083,0.31999999999999995
2023,2023-05-25,204,0.26881720430107525,0.3235294117647059,0.40860215053763443,0.3184313725490196
2023,2023-05-26,205,0.2727272727272727,0.32682926829268294,0.41711229946524064,0.3229463414634146
2023,2023-05-26,206,0.2712765957446808,0.32524271844660196,0.4148936170212766,0.321378640776699
2023,2023-05-26,207,0.2712765957446808,0.3285024154589372,0.4148936170212766,0.32318840579710145
2023,2023-05-26,208,0.2698412698412698,0.3269230769230769,0.4126984126984127,0.3216346153846154
2023,2023-05-27,209,0.26842105263157895,0.3253588516746411,0.4105263157894737,0.3200956937799043
2023,2023-05-27,210,0.2670157068062827,0.3238095238095238,0.4083769633507853,0.3185714285714286
2023,2023-05-27,211,0.2708333333333333,0.32701421800947866,0.4114583333333333,0.3212464454976303
2023,2023-05-27,212,0.2694300518134715,0.32547169811320753,0.40932642487046633,0.3197311320754717
2023,2023-05-30,213,0.26804123711340205,0.323943661971831,0.4072164948453608,0.3182300469483568
2023,2023-05-30,214,0.26666666666666666,0.32242990654205606,0.40512820512820513,0.31674299065420564
2023,2023-05-30,215,0.2653061224489796,0.3209302325581395,0.4030612244897959,0.31526976744186047
2023,2023-06-11,216,0.2639593908629442,0.3194444444444444,0.4010152284263959,0.31381018518518516
2023,2023-06-11,217,0.26262626262626265,0.31797235023041476,0.398989898989899,0.3123640552995392
2023,2023-06-11,218,0.2613065326633166,0.3165137614678899,0.3969849246231156,0.31093119266055047
2023,2023-06-11,219,0.26,0.3150684931506849,0.395,0.3095114155251142
2023,2023-06-12,220,0.25870646766169153,0.31363636363636366,0.39303482587064675,0.30810454545454546
2023,2023-06-12,221,0.2623762376237624,0.3167420814479638,0.400990099009901,0.3123393665158371
2023,2023-06-12,222,0.26108374384236455,0.3153153153153153,0.39901477832512317,0.31093243243243246
2023,2023-06-12,223,0.2647058823529412,0.3183856502242152,0.4019607843137255,0.31349775784753364
2023,2023-06-12,224,0.2634146341463415,0.3169642857142857,0.4,0.31209821428571427
2023,2023-06-13,225,0.2621359223300971,0.31555555555555553,0.39805825242718446,0.3107111111111111
2023,2023-06-13,226,0.26570048309178745,0.3185840707964602,0.40096618357487923,0.3132433628318584
2023,2023-06-13,227,0.2644230769230769,0.31718061674008813,0.39903846153846156,0.311863436123348
2023,2023-06-13,228,0.2631578947368421,0.3157894736842105,0.39712918660287083,0.3104956140350877
2023,2023-06-13,229,0.26666666666666666,0.31877729257641924,0.4,0.31299563318777296
2023,2023-06-15,230,0.27014218009478674,0.3217391304347826,0.4028436018957346,0.31547391304347827
2023,2023-06-15,231,0.27358490566037735,0.3246753246753247,0.41037735849056606,0.3194935064935065
2023,2023-06-15,232,0.27230046948356806,0.3232758620689655,0.4084507042253521,0.3181163793103448
2023,2023-06-15,233,0.27102803738317754,0.3218884120171674,0.40654205607476634,0.3167510729613734
2023,2023-06-15,234,0.26976744186046514,0.32051282051282054,0.4046511627906977,0.3153974358974359
2023,2023-06-16,235,0.26851851851851855,0.3191489361702128,0.4027777777777778,0.31405531914893614
2023,2023-06-16,236,0.271889400921659,0.3220338983050847,0.41935483870967744,0.32121610169491527
2023,2023-06-16,237,0.2706422018348624,0.3206751054852321,0.41743119266055045,0.3198607594936709
2023,2023-06-16,238,0.273972602739726,0.3235294117647059,0.4200913242009132,0.3222268907563025
2023,2023-06-17,239,0.2727272727272727,0.32217573221757323,0.41818181818181815,0.3208786610878661
2023,2023-06-17,240,0.27149321266968324,0.32083333333333336,0.416289592760181,0.31954166666666667
2023,2023-06-17,241,0.2747747747747748,0.3236514522821577,0.4189189189189189,0.3218796680497925
2023,2023-06-17,242,0.273542600896861,0.32231404958677684,0.4170403587443946,0.32054958677685946
2023,2023-06-17,243,0.27232142857142855,0.32098765432098764,0.41517857142857145,0.3192304526748971
2023,2023-06-17,244,0.27111111111111114,0.319672131147541,0.41333333333333333,0.317922131147541
2023,2023-06-18,245,0.26991150442477874,0.3183673469387755,0.41150442477876104,0.31662448979591834
2023,2023-06-18,246,0.2687224669603524,0.3170731707317073,0.40969162995594716,0.3153373983739837
2023,2023-06-18,247,0.2675438596491228,0.3157894736842105,0.40789473684210525,0.31406072874493923
2023,2023-06-18,248,0.2675438596491228,0.3185483870967742,0.40789473684210525,0.3156008064516129
2023,2023-06-20,249,0.2663755458515284,0.3172690763052209,0.40611353711790393,0.31433333333333335
2023,2023-06-20,250,0.26521739130434785,0.316,0.4043478260869565,0.313076
2023,2023-06-20,251,0.26406926406926406,0.3147410358565737,0.4025974025974026,0.3118286852589642
2023,2023-06-20,252,0.2629310344827586,0.3134920634920635,0.40086206896551724,0.3105912698412699
2023,2023-06-22,253,0.26180257510729615,0.31225296442687744,0.39914163090128757,0.3093636363636364
2023,2023-06-22,254,0.26495726495726496,0.31496062992125984,0.4017094017094017,0.3116220472440945
2023,2023-06-22,255,0.26382978723404255,0.3137254901960784,0.4,0.3104
2023,2023-06-22,256,0.26382978723404255,0.3125,0.4,0.3091875
2023,2023-06-23,257,0.2627118644067797,0.311284046692607,0.3983050847457627,0.3079844357976654
2023,2023-06-23,258,0.2616033755274262,0.31007751937984496,0.39662447257383965,0.30679069767441863
2023,2023-06-23,259,0.2647058823529412,0.3127413127413127,0.39915966386554624,0.309015444015444
2023,2023-06-23,260,0.26359832635983266,0.31153846153846154,0.39748953974895396,0.30782692307692305
2023,2023-06-24,261,0.2625,0.3103448275862069,0.3958333333333333,0.30664750957854403
2023,2023-06-24,262,0.26141078838174275,0.30916030534351147,0.3941908713692946,0.3054770992366412
2023,2023-06-24,263,0.2603305785123967,0.30798479087452474,0.3925619834710744,0.30431558935361214
2023,2023-06-24,264,0.25925925925925924,0.3068181818181818,0.39094650205761317,0.3031628787878788
2023,2023-06-25,265,0.26229508196721313,0.30943396226415093,0.3975409836065574,0.3067132075471698
2023,2023-06-25,266,0.2653061224489796,0.31203007518796994,0.4,0.3088796992481203
2023,2023-06-25,267,0.2682926829268293,0.3146067415730337,0.4024390243902439,0.3110299625468165
2023,2023-06-25,268,0.26720647773279355,0.31343283582089554,0.4008097165991903,0.30986940298507465
2023,2023-06-27,269,0.2661290322580645,0.31226765799256506,0.39919354838709675,0.3087174721189591
2023,2023-06-27,270,0.26506024096385544,0.3111111111111111,0.39759036144578314,0.30757407407407406
2023,2023-06-27,271,0.264,0.30996309963099633,0.396,0.3064391143911439
2023,2023-06-27,272,0.26294820717131473,0.3088235294117647,0.3944223107569721,0.3053125
2023,2023-06-28,273,0.26587301587301587,0.31135531135531136,0.3968253968253968,0.30742857142857144
2023,2023-06-28,274,0.26877470355731226,0.31386861313868614,0.39920948616600793,0.3095291970802919
2023,2023-06-28,275,0.2677165354330709,0.31272727272727274,0.39763779527559057,0.3084036363636363
2023,2023-06-28,276,0.26666666666666666,0.3115942028985507,0.396078431372549,0.30728623188405796
2023,2023-06-30,277,0.26953125,0.3140794223826715,0.3984375,0.30936462093862815
2023,2023-06-30,278,0.26848249027237353,0.3129496402877698,0.3968871595330739,0.3082517985611511
2023,2023-06-30,279,0.2713178294573643,0.3154121863799283,0.40310077519379844,0.3116057347670251
2023,2023-06-30,280,0.2702702702702703,0.3142857142857143,0.4015444015444015,0.3104928571428571
2023,2023-07-01,281,0.27307692307692305,0.3167259786476868,0.40384615384615385,0.3125302491103203
2023,2023-07-01,282,0.27586206896551724,0.3191489361702128,0.41762452107279696,0.3185283687943263
2023,2023-07-01,283,0.2786259541984733,0.3215547703180212,0.4312977099236641,0.3244840989399293
2023,2023-07-01,284,0.2813688212927757,0.323943661971831,0.43346007604562736,0.3264507042253521
2023,2023-07-01,285,0.2803030303030303,0.32280701754385965,0.4318181818181818,0.32530526315789476
2023,2023-07-02,286,0.2792452830188679,0.32167832167832167,0.43018867924528303,0.3241678321678322
2023,2023-07-02,287,0.2781954887218045,0.3205574912891986,0.42857142857142855,0.32303832752613243
2023,2023-07-02,288,0.2781954887218045,0.3229166666666667,0.42857142857142855,0.32433333333333336
2023,2023-07-02,289,0.27715355805243447,0.3217993079584775,0.42696629213483145,0.3232110726643599
2023,2023-07-04,290,0.2798507462686567,0.32413793103448274,0.43283582089552236,0.32638620689655173
2023,2023-07-04,291,0.2788104089219331,0.3230240549828179,0.4312267657992565,0.32526460481099656
2023,2023-07-04,292,0.2788104089219331,0.3253424657534247,0.4312267657992565,0.32663698630136984
2023,2023-07-04,293,0.2777777777777778,0.3242320819112628,0.42962962962962964,0.3255221843003413
2023,2023-07-05,294,0.28044280442804426,0.32653061224489793,0.4317343173431734,0.32741836734693874
2023,2023-07-05,295,0.27941176470588236,0.3254237288135593,0.43014705882352944,0.32630847457627116
2023,2023-07-05,296,0.28205128205128205,0.3277027027027027,0.43223443223443225,0.3281891891891892
2023,2023-07-05,297,0.28205128205128205,0.32996632996632996,0.43223443223443225,0.32942760942760946
2023,2023-07-05,298,0.2846715328467153,0.33221476510067116,0.4343065693430657,0.3312852348993289
2023,2023-07-06,299,0.28363636363636363,0.3311036789297659,0.43272727272727274,0.3301772575250836
2023,2023-07-06,300,0.2826086956521739,0.33,0.4311594202898551,0.3290766666666667
2023,2023-07-06,301,0.2815884476534296,0.3289036544850498,0.4296028880866426,0.3279833887043189
2023,2023-07-06,302,0.2805755395683453,0.32781456953642385,0.42805755395683454,0.32689735099337747
2023,2023-07-07,303,0.27956989247311825,0.32673267326732675,0.4265232974910394,0.3258184818481848
2023,2023-07-07,304,0.2785714285714286,0.3256578947368421,0.425,0.32474671052631576
2023,2023-07-07,305,0.2775800711743772,0.32459016393442625,0.4234875444839858,0.32368196721311476
2023,2023-07-07,306,0.2801418439716312,0.32679738562091504,0.42907801418439717,0.3266895424836601
2023,2023-07-08,307,0.2826855123674912,0.3289902280130293,0.43109540636042404,0.3285016286644951
2023,2023-07-08,308,0.28169014084507044,0.32792207792207795,0.4295774647887324,0.3274350649350649
2023,2023-07-08,309,0.2807017543859649,0.3268608414239482,0.4280701754385965,0.3263754045307443
2023,2023-07-08,310,0.28321678321678323,0.32903225806451614,0.43006993006993005,0.3281709677419355
2023,2023-07-09,311,0.28222996515679444,0.3279742765273312,0.42857142857142855,0.3271157556270097
2023,2023-07-09,312,0.28125,0.3269230769230769,0.4270833333333333,0.3260673076923077
2023,2023-07-09,313,0.28027681660899656,0.3258785942492013,0.42560553633217996,0.32502555910543135
2023,2023-07-09,314,0.28027681660899656,0.32802547770700635,0.42560553633217996,0.32620700636942673
2023,2023-07-14,315,0.28027681660899656,0.33015873015873015,0.42560553633217996,0.3273809523809524
2023,2023-07-14,316,0.2827586206896552,0.3322784810126582,0.43103448275862066,0.33028164556962025
2023,2023-07-14,317,0.281786941580756,0.3312302839116719,0.42955326460481097,0.3292397476340694
2023,2023-07-14,318,0.2842465753424658,0.3333333333333333,0.4315068493150685,0.3309811320754717
2023,2023-07-15,319,0.2832764505119454,0.3322884012539185,0.4300341296928328,0.3299435736677116
2023,2023-07-15,320,0.282312925170068,0.33125,0.42857142857142855,0.3289125
2023,2023-07-15,321,0.28135593220338984,0.3302180685358255,0.4271186440677966,0.3278878504672897
2023,2023-07-15,322,0.28135593220338984,0.33229813664596275,0.4271186440677966,0.3290310559006211
2023,2023-07-15,323,0.28040540540540543,0.33126934984520123,0.42567567567567566,0.3280123839009288
2023,2023-07-15,324,0.28040540540540543,0.3333333333333333,0.42567567567567566,0.3291481481481482
2023,2023-07-15,325,0.27946127946127947,0.3323076923076923,0.42424242424242425,0.3281353846153846
2023,2023-07-15,326,0.28187919463087246,0.3343558282208589,0.4261744966442953,0.32983742331288346
2023,2023-07-15,327,0.28187919463087246,0.3363914373088685,0.4261744966442953,0.33095718654434253
2023,2023-07-15,328,0.2809364548494983,0.3353658536585366,0.42474916387959866,0.3299481707317073
2023,2023-07-16,329,0.28,0.3343465045592705,0.42333333333333334,0.3289452887537994
2023,2023-07-16,330,0.2823920265780731,0.33636363636363636,0.42524916943521596,0.33062424242424243
2023,2023-07-18,331,0.2814569536423841,0.33534743202416917,0.423841059602649,0.3296253776435045
2023,2023-07-18,332,0.2838283828382838,0.3373493975903614,0.42574257425742573,0.3312921686746988
2023,2023-07-18,333,0.28289473684210525,0.33633633633633636,0.4243421052631579,0.3302972972972973
2023,2023-07-18,334,0.28524590163934427,0.3383233532934132,0.4262295081967213,0.33195209580838325
2023,2023-07-19,335,0.28431372549019607,0.3373134328358209,0.42483660130718953,0.33096119402985075
2023,2023-07-19,336,0.28338762214983715,0.33630952380952384,0.4234527687296417,0.3299761904761905
2023,2023-07-19,337,0.2824675324675325,0.3353115727002967,0.42207792207792205,0.32899703264094954
2023,2023-07-19,338,0.2815533980582524,0.3343195266272189,0.42071197411003236,0.32802366863905325
2023,2023-07-20,339,0.2806451612903226,0.3333333333333333,0.41935483870967744,0.32705604719764014
2023,2023-07-20,340,0.2797427652733119,0.3323529411764706,0.4180064308681672,0.3260941176470588
2023,2023-07-20,341,0.27884615384615385,0.3313782991202346,0.4166666666666667,0.32513782991202345
2023,2023-07-20,342,0.2779552715654952,0.3304093567251462,0.41533546325878595,0.32418713450292397
2023,2023-07-21,343,0.2802547770700637,0.3323615160349854,0.4171974522292994,0.3258163265306122
2023,2023-07-21,344,0.28253968253968254,0.33430232558139533,0.41904761904761906,0.32743604651162794
2023,2023-07-21,345,0.28164556962025317,0.3333333333333333,0.4177215189873418,0.32648695652173915
2023,2023-07-21,346,0.2807570977917981,0.33236994219653176,0.416403785488959,0.3255433526011561
2023,2023-07-22,347,0.279874213836478,0.3314121037463977,0.41509433962264153,0.32460518731988475
2023,2023-07-22,348,0.27899686520376177,0.33045977011494254,0.41379310344827586,0.32367241379310346
2023,2023-07-22,349,0.278125,0.32951289398280803,0.4125,0.32274498567335247
2023,2023-07-23,350,0.2772585669781931,0.32857142857142857,0.411214953271028,0.32182285714285713
2023,2023-07-23,351,0.27639751552795033,0.32763532763532766,0.40993788819875776,0.32090598290598293
2023,2023-07-23,352,0.2755417956656347,0.32670454545454547,0.4086687306501548,0.31999431818181817
2023,2023-07-23,353,0.27469135802469136,0.32577903682719545,0.4074074074074074,0.31908781869688385
2023,2023-07-23,354,0.27692307692307694,0.327683615819209,0.40923076923076923,0.320680790960452
2023,2023-07-24,355,0.2791411042944785,0.3295774647887324,0.4110429447852761,0.32226478873239434
2023,2023-07-25,356,0.28134556574923547,0.33146067415730335,0.41590214067278286,0.32485393258426964
2023,2023-07-25,357,0.2804878048780488,0.33053221288515405,0.4146341463414634,0.3239439775910364
2023,2023-07-25,358,0.2796352583586626,0.329608938547486,0.4133738601823708,0.3230391061452514
2023,2023-07-25,359,0.2818181818181818,0.33147632311977715,0.41515151515151516,0.32459888579387186
2023,2023-07-26,360,0.2809667673716012,0.33055555555555555,0.41389728096676737,0.32369722222222225
2023,2023-07-26,361,0.28313253012048195,0.33240997229916897,0.41566265060240964,0.3252465373961219
2023,2023-07-26,362,0.2822822822822823,0.3314917127071823,0.4144144144144144,0.32434806629834256
2023,2023-07-26,363,0.281437125748503,0.3305785123966942,0.41317365269461076,0.32345454545454544
2023,2023-07-28,364,0.28059701492537314,0.32967032967032966,0.41194029850746267,0.3225659340659341
2023,2023-07-28,365,0.28273809523809523,0.3315068493150685,0.41369047619047616,0.3241013698630137
2023,2023-07-28,366,0.28273809523809523,0.3333333333333333,0.41369047619047616,0.3251174863387978
2023,2023-07-28,367,0.2818991097922849,0.33242506811989103,0.4124629080118694,0.32423160762942776
2023,2023-07-29,368,0.28106508875739644,0.33152173913043476,0.41124260355029585,0.32335054347826087
2023,2023-07-29,369,0.28106508875739644,0.3333333333333333,0.41124260355029585,0.32436043360433603
2023,2023-07-29,370,0.28023598820059,0.3324324324324324,0.41002949852507375,0.3234837837837838
2023,2023-07-29,371,0.27941176470588236,0.33153638814016173,0.4088235294117647,0.3226118598382749
2023,2023-07-29,372,0.27941176470588236,0.3333333333333333,0.4088235294117647,0.32361559139784946
2023,2023-07-30,373,0.2785923753665689,0.3324396782841823,0.40762463343108507,0.3227479892761394
2023,2023-07-30,374,0.2807017543859649,0.3342245989304813,0.41812865497076024,0.3272433155080214
2023,2023-07-30,375,0.27988338192419826,0.3333333333333333,0.41690962099125367,0.32637066666666664
2023,2023-07-30,376,0.2819767441860465,0.3351063829787234,0.4186046511627907,0.32785106382978724
2023,2023-07-30,377,0.28405797101449276,0.33687002652519893,0.42028985507246375,0.3293236074270557
2023,2023-07-31,378,0.28405797101449276,0.3386243386243386,0.42028985507246375,0.3302936507936508
2023,2023-07-31,379,0.28405797101449276,0.3403693931398417,0.42028985507246375,0.33125857519788915
2023,2023-07-31,380,0.2832369942196532,0.3394736842105263,0.4190751445086705,0.33038684210526315
2023,2023-07-31,381,0.28530259365994237,0.34120734908136485,0.42363112391930835,0.33278477690288716
2023,2023-07-31,382,0.28735632183908044,0.34293193717277487,0.42528735632183906,0.33422513089005235
2023,2023-08-01,383,0.28939828080229224,0.34464751958224543,0.4269340974212034,0.33565796344647514
2023,2023-08-01,384,0.2885714285714286,0.34375,0.4257142857142857,0.3347838541666666
2023,2023-08-01,385,0.28774928774928776,0.34285714285714286,0.42450142450142453,0.33391428571428566
2023,2023-08-01,386,0.2869318181818182,0.34196891191709844,0.42329545454545453,0.3330492227979274
2023,2023-08-02,387,0.28611898016997167,0.34108527131782945,0.42209631728045327,0.33218863049095604
2023,2023-08-02,388,0.288135593220339,0.3427835051546392,0.423728813559322,0.3336082474226804
2023,2023-08-02,389,0.29014084507042254,0.3444730077120823,0.4253521126760563,0.33502056555269927
2023,2023-08-02,390,0.29213483146067415,0.34615384615384615,0.4297752808988764,0.33735128205128206
2023,2023-08-02,391,0.2913165266106443,0.3452685421994885,0.42857142857142855,0.33648849104859335
2023,2023-08-02,392,0.29329608938547486,0.3469387755102041,0.4301675977653631,0.33788265306122445
2023,2023-08-03,393,0.2924791086350975,0.3460559796437659,0.42896935933147634,0.3370229007633587
2023,2023-08-03,394,0.2916666666666667,0.34517766497461927,0.42777777777777776,0.3361675126903553
2023,2023-08-03,395,0.29085872576177285,0.34430379746835443,0.4265927977839335,0.3353164556962025
2023,2023-08-03,396,0.2900552486187845,0.3434343434343434,0.425414364640884,0.3344696969696969
2023,2023-08-04,397,0.29201101928374656,0.345088161209068,0.42699724517906334,0.3358513853904282
2023,2023-08-04,398,0.29395604395604397,0.34673366834170855,0.43131868131868134,0.3381331658291457
2023,2023-08-04,399,0.29315068493150687,0.3458646616541353,0.4301369863013699,0.3372857142857143
2023,2023-08-04,400,0.2923497267759563,0.345,0.42896174863387976,0.3364425
2023,2023-08-04,401,0.29155313351498635,0.34413965087281795,0.42779291553133514,0.33560349127182043
2023,2023-08-05,402,0.29347826086956524,0.34577114427860695,0.4375,0.33975373134328357
2023,2023-08-05,403,0.29347826086956524,0.34739454094292804,0.4375,0.3406377171215881
2023,2023-08-05,404,0.2953929539295393,0.349009900990099,0.43902439024390244,0.34198019801980195
2023,2023-08-05,405,0.2945945945945946,0.34814814814814815,0.43783783783783786,0.3411358024691358
2023,2023-08-06,406,0.29649595687331537,0.3497536945812808,0.4393530997304582,0.3424704433497537
2023,2023-08-06,407,0.2956989247311828,0.3488943488943489,0.4381720430107527,0.34162899262899266
2023,2023-08-06,408,0.2949061662198391,0.3480392156862745,0.43699731903485256,0.34079166666666666
2023,2023-08-06,409,0.29411764705882354,0.3471882640586797,0.4358288770053476,0.339958435207824
2023,2023-08-08,410,0.29333333333333333,0.3463414634146341,0.43466666666666665,0.3391292682926829
2023,2023-08-08,411,0.29521276595744683,0.34793187347931875,0.4441489361702128,0.34318004866180046
2023,2023-08-08,412,0.29442970822281167,0.3470873786407767,0.44297082228116713,0.3423470873786408
2023,2023-08-08,413,0.29365079365079366,0.34624697336561744,0.4417989417989418,0.3415181598062954
2023,2023-08-09,414,0.2928759894459103,0.34541062801932365,0.44063324538258575,0.3406932367149758
2023,2023-08-09,415,0.29210526315789476,0.344578313253012,0.4394736842105263,0.3398722891566265
2023,2023-08-09,416,0.29133858267716534,0.34375,0.43832020997375326,0.33905528846153843
2023,2023-08-09,417,0.2931937172774869,0.34532374100719426,0.4397905759162304,0.3403597122302158
2023,2023-08-10,418,0.2924281984334204,0.3444976076555024,0.4386422976501306,0.33954545454545454
2023,2023-08-10,419,0.2942708333333333,0.3460620525059666,0.4427083333333333,0.3417040572792363
2023,2023-08-10,420,0.2942708333333333,0.3476190476190476,0.4427083333333333,0.34254761904761905
2023,2023-08-10,421,0.2935064935064935,0.34679334916864607,0.44155844155844154,0.3417339667458432
2023,2023-08-10,422,0.2927461139896373,0.3459715639810427,0.44041450777202074,0.34092417061611374
2023,2023-08-11,423,0.29198966408268734,0.34515366430260047,0.4392764857881137,0.34011820330969267
2023,2023-08-11,424,0.29198966408268734,0.3443396226415094,0.4392764857881137,0.33931603773584906
2023,2023-08-11,425,0.29198966408268734,0.3458823529411765,0.4392764857881137,0.34015529411764706
2023,2023-08-11,426,0.2912371134020619,0.34507042253521125,0.4381443298969072,0.3393568075117371
2023,2023-08-11,427,0.29048843187660667,0.3442622950819672,0.4370179948586118,0.33856206088992974
2023,2023-08-12,428,0.28974358974358977,0.34345794392523366,0.4358974358974359,0.3377710280373832
2023,2023-08-12,429,0.289002557544757,0.34265734265734266,0.43478260869565216,0.336983682983683
2023,2023-08-12,430,0.288265306122449,0.34186046511627904,0.4336734693877551,0.3362
2023,2023-08-12,431,0.2875318066157761,0.34106728538283065,0.43256997455470736,0.33541995359628773
2023,2023-08-13,432,0.2893401015228426,0.3425925925925926,0.434010152284264,0.33668750000000003
2023,2023-08-13,433,0.28860759493670884,0.3418013856812933,0.43291139240506327,0.3359099307159354
2023,2023-08-13,434,0.2878787878787879,0.34101382488479265,0.4318181818181818,0.3351359447004609
2023,2023-08-13,435,0.2871536523929471,0.34022988505747126,0.43073047858942065,0.33436551724137936
2023,2023-08-15,436,0.2864321608040201,0.3394495412844037,0.4296482412060301,0.33359862385321104
2023,2023-08-15,437,0.2857142857142857,0.33867276887871856,0.42857142857142855,0.3328352402745996
2023,2023-08-15,438,0.285,0.3378995433789954,0.4275,0.33207534246575343
2023,2023-08-15,439,0.28428927680798005,0.33712984054669703,0.42643391521197005,0.33131890660592256
2023,2023-08-16,440,0.2835820895522388,0.33636363636363636,0.4253731343283582,0.3305659090909091
2023,2023-08-16,441,0.28287841191067,0.3356009070294785,0.42431761786600497,0.32981632653061227
2023,2023-08-16,442,0.28217821782178215,0.334841628959276,0.42326732673267325,0.3290701357466064
2023,2023-08-16,443,0.2839506172839506,0.3363431151241535,0.4246913580246914,0.33032054176072234
2023,2023-08-16,444,0.2832512315270936,0.3355855855855856,0.4236453201970443,0.3295765765765766
2023,2023-08-18,445,0.28255528255528256,0.3348314606741573,0.4226044226044226,0.32883595505617974
2023,2023-08-18,446,0.2818627450980392,0.33408071748878926,0.4215686274509804,0.3280986547085202
2023,2023-08-18,447,0.28117359413202936,0.3333333333333333,0.42053789731051344,0.32736465324384784
2023,2023-08-18,448,0.28292682926829266,0.33482142857142855,0.4219512195121951,0.3286049107142857
2023,2023-08-18,449,0.2822384428223844,0.33407572383073497,0.4209245742092457,0.3278730512249443
2023,2023-08-19,450,0.2815533980582524,0.3333333333333333,0.4199029126213592,0.32714444444444446
2023,2023-08-19,451,0.28087167070217917,0.3325942350332594,0.4188861985472155,0.3264190687361419
2023,2023-08-19,452,0.28019323671497587,0.33185840707964603,0.4178743961352657,0.3256969026548673
2023,2023-08-19,453,0.2819277108433735,0.3333333333333333,0.41927710843373495,0.3269271523178808
2023,2023-08-19,454,0.28365384615384615,0.33480176211453744,0.4206730769230769,0.3281519823788546
2023,2023-08-19,455,0.2829736211031175,0.33406593406593404,0.4196642685851319,0.3274307692307692
2023,2023-08-20,456,0.2822966507177033,0.3333333333333333,0.41866028708133973,0.3267127192982456
2023,2023-08-20,457,0.2822966507177033,0.3347921225382932,0.41866028708133973,0.32752078774617066
2023,2023-08-20,458,0.28162291169451076,0.33406113537117904,0.41766109785202865,0.3268056768558952
2023,2023-08-20,459,0.28095238095238095,0.3333333333333333,0.4166666666666667,0.32609368191721133
2023,2023-08-21,460,0.2826603325415677,0.3347826086956522,0.4180522565320665,0.32730434782608697
2023,2023-08-21,461,0.2843601895734597,0.3362255965292842,0.4265402843601896,0.330941431670282
2023,2023-08-21,462,0.2843601895734597,0.33766233766233766,0.4265402843601896,0.33179653679653676
2023,2023-08-21,463,0.2860520094562648,0.3390928725701944,0.4302600472813239,0.3337667386609071
2023,2023-08-21,464,0.28537735849056606,0.33836206896551724,0.42924528301886794,0.33304741379310343
2023,2023-08-22,465,0.2847058823529412,0.33763440860215055,0.42823529411764705,0.3323311827956989
2023,2023-08-22,466,0.284037558685446,0.3369098712446352,0.4272300469483568,0.33161802575107296
2023,2023-08-22,467,0.28337236533957844,0.3361884368308351,0.4262295081967213,0.33090792291220555
2023,2023-08-22,468,0.2827102803738318,0.33547008547008544,0.4252336448598131,0.3302008547008547
2023,2023-08-23,469,0.28205128205128205,0.3347547974413646,0.42424242424242425,0.3294968017057569
2023,2023-08-23,470,0.2813953488372093,0.33404255319148934,0.4232558139534884,0.32879574468085104
2023,2023-08-23,471,0.28306264501160094,0.3354564755838641,0.4245939675174014,0.3299723991507431
2023,2023-08-23,472,0.28306264501160094,0.336864406779661,0.4245939675174014,0.3307478813559322
2023,2023-08-23,473,0.2824074074074074,0.3361522198731501,0.4236111111111111,0.33004862579281186
2023,2023-08-25,474,0.2840646651270208,0.33755274261603374,0.42725173210161665,0.33197679324894513
2023,2023-08-25,475,0.2834101382488479,0.3368421052631579,0.42626728110599077,0.3312778947368421
2023,2023-08-25,476,0.2850574712643678,0.3382352941176471,0.43448275862068964,0.33479201680672266
2023,2023-08-25,477,0.28440366972477066,0.33752620545073375,0.4334862385321101,0.33409014675052406
2023,2023-08-26,478,0.2837528604118993,0.3368200836820084,0.43249427917620137,0.3333912133891213
2023,2023-08-26,479,0.2831050228310502,0.33611691022964507,0.4315068493150685,0.33269519832985384
2023,2023-08-26,480,0.2831050228310502,0.33541666666666664,0.4315068493150685,0.3320020833333333
2023,2023-08-26,481,0.2831050228310502,0.3367983367983368,0.4315068493150685,0.33275883575883575
2023,2023-08-27,482,0.2824601366742597,0.3360995850622407,0.4305239179954442,0.33206846473029045
2023,2023-08-27,483,0.2818181818181818,0.33540372670807456,0.42954545454545456,0.33138095238095233
2023,2023-08-27,484,0.2811791383219955,0.3347107438016529,0.42857142857142855,0.33069628099173554
2023,2023-08-27,485,0.28054298642533937,0.334020618556701,0.4276018099547511,0.3300144329896907
2023,2023-08-28,486,0.2799097065462754,0.3333333333333333,0.42663656884875845,0.32933539094650205
2023,2023-08-28,487,0.2799097065462754,0.3347022587268994,0.42663656884875845,0.330088295687885
2023,2023-08-28,488,0.27927927927927926,0.33401639344262296,0.42567567567567566,0.3294118852459016
2023,2023-08-28,489,0.2808988764044944,0.33537832310838445,0.42921348314606744,0.331282208588957
2023,2023-08-29,490,0.2802690582959641,0.3346938775510204,0.4282511210762332,0.3306061224489796
2023,2023-08-29,491,0.2802690582959641,0.3360488798370672,0.4282511210762332,0.3313503054989817
2023,2023-08-29,492,0.28187919463087246,0.33739837398373984,0.436241610738255,0.33475
2023,2023-08-29,493,0.28348214285714285,0.33874239350912777,0.43973214285714285,0.3365943204868154
2023,2023-08-30,494,0.28348214285714285,0.340080971659919,0.43973214285714285,0.3373825910931174
2023,2023-08-30,495,0.2828507795100223,0.3393939393939394,0.43875278396436523,0.3367010101010101
2023,2023-08-30,496,0.2822222222222222,0.3387096774193548,0.43777777777777777,0.33602217741935486
2023,2023-08-30,497,0.28159645232815966,0.3380281690140845,0.43680709534368073,0.33534607645875253
2023,2023-08-30,498,0.2809734513274336,0.3373493975903614,0.4358407079646018,0.3346726907630522
2023,2023-09-01,499,0.2803532008830022,0.3366733466933868,0.434878587196468,0.33400200400801605
2023,2023-09-01,500,0.27973568281938327,0.336,0.43392070484581496,0.333334
2023,2023-09-01,501,0.27973568281938327,0.3373253493013972,0.43392070484581496,0.33405788423153693
2023,2023-09-01,502,0.27912087912087913,0.33665338645418325,0.432967032967033,0.3333924302788845
2023,2023-09-02,503,0.27850877192982454,0.3359840954274354,0.43201754385964913,0.33272962226640157
2023,2023-09-02,504,0.2778993435448578,0.3353174603174603,0.4310722100656455,0.3320694444444444
2023,2023-09-02,505,0.2794759825327511,0.33663366336633666,0.4344978165938865,0.33387524752475245
2023,2023-09-02,506,0.2788671023965142,0.3359683794466403,0.4335511982570806,0.3332154150197628
2023,2023-09-03,507,0.2782608695652174,0.33530571992110453,0.4326086956521739,0.33255818540433923
2023,2023-09-03,508,0.27765726681127983,0.3346456692913386,0.4316702819956616,0.3319035433070866
2023,2023-09-03,509,0.2792207792207792,0.33595284872298625,0.4393939393939394,0.335188605108055
2023,2023-09-03,510,0.2786177105831533,0.3352941176470588,0.43844492440604754,0.3345313725490196
2023,2023-09-04,511,0.2801724137931034,0.33659491193737767,0.4418103448275862,0.3363111545988258
2023,2023-09-04,512,0.27956989247311825,0.3359375,0.44086021505376344,0.335654296875
2023,2023-09-04,513,0.27896995708154504,0.33528265107212474,0.43991416309012876,0.33499999999999996
2023,2023-09-04,514,0.28051391862955033,0.33657587548638135,0.4411134903640257,0.33606614785992217
2023,2023-09-04,515,0.28205128205128205,0.3378640776699029,0.4423076923076923,0.33712815533980584
2023,2023-09-05,516,0.2814498933901919,0.3372093023255814,0.44136460554371004,0.3364748062015504
2023,2023-09-05,517,0.28085106382978725,0.3365570599613153,0.44042553191489364,0.33582398452611223
2023,2023-09-05,518,0.2802547770700637,0.3359073359073359,0.4394904458598726,0.3351756756756757
2023,2023-09-06,519,0.2817796610169492,0.3371868978805395,0.4427966101694915,0.3369267822736031
2023,2023-09-06,520,0.28118393234672306,0.33653846153846156,0.4418604651162791,0.3362788461538462
2023,2023-09-06,521,0.2805907172995781,0.33589251439539347,0.4409282700421941,0.3356333973128599
2023,2023-09-06,522,0.28,0.33524904214559387,0.44,0.3349904214559387
2023,2023-09-06,523,0.27941176470588236,0.33460803059273425,0.43907563025210083,0.33434990439770557
2023,2023-09-08,524,0.27882599580712786,0.33396946564885494,0.4381551362683438,0.33371183206106875
2023,2023-09-08,525,0.27824267782426776,0.3333333333333333,0.4372384937238494,0.33307619047619047
2023,2023-09-08,526,0.27824267782426776,0.33460076045627374,0.4372384937238494,0.3337661596958175
2023,2023-09-08,527,0.2776617954070981,0.33396584440227706,0.4363256784968685,0.3331328273244782
2023,2023-09-09,528,0.27708333333333335,0.3333333333333333,0.4354166666666667,0.33250189393939394
2023,2023-09-09,529,0.2765072765072765,0.332703213610586,0.43451143451143454,0.3318733459357278
2023,2023-09-09,530,0.27593360995850624,0.3320754716981132,0.4336099585062241,0.33124716981132074
2023,2023-09-09,531,0.2753623188405797,0.3314500941619586,0.432712215320911,0.3306233521657251
2023,2023-09-10,532,0.27479338842975204,0.3308270676691729,0.4318181818181818,0.33000187969924816
2023,2023-09-10,533,0.27628865979381445,0.3320825515947467,0.4350515463917526,0.33171669793621017
2023,2023-09-10,534,0.2777777777777778,0.3333333333333333,0.43621399176954734,0.33274906367041196
2023,2023-09-10,535,0.27720739219712526,0.33271028037383177,0.4353182751540041,0.3321271028037383
2023,2023-09-10,536,0.2766393442622951,0.332089552238806,0.4344262295081967,0.33150746268656717
2023,2023-09-11,537,0.2766393442622951,0.3333333333333333,0.4344262295081967,0.33218621973929235
2023,2023-09-11,538,0.278118609406953,0.3345724907063197,0.4376278118609407,0.3338810408921933
2023,2023-09-11,539,0.2795918367346939,0.3358070500927644,0.4387755102040816,0.334899814471243
2023,2023-09-11,540,0.2790224032586558,0.3351851851851852,0.4378818737270876,0.33427962962962965
2023,2023-09-11,541,0.2784552845528455,0.3345656192236599,0.4369918699186992,0.33366173752310535
2023,2023-09-12,542,0.2778904665314402,0.3339483394833948,0.43610547667342797,0.3330461254612546
2023,2023-09-12,543,0.2773279352226721,0.3333333333333333,0.4352226720647773,0.3324327808471455
2023,2023-09-12,544,0.2773279352226721,0.33455882352941174,0.4352226720647773,0.33310110294117645
2023,2023-09-12,545,0.2767676767676768,0.3339449541284404,0.43434343434343436,0.33248990825688074
2023,2023-09-12,546,0.2782258064516129,0.33516483516483514,0.43548387096774194,0.3334981684981685
2023,2023-09-13,547,0.2776659959758551,0.33455210237659966,0.4346076458752515,0.3328884826325411
2023,2023-09-13,548,0.27710843373493976,0.33394160583941607,0.43373493975903615,0.3322810218978102
2023,2023-09-13,549,0.2785571142284569,0.33515482695810567,0.4348697394789579,0.33328415300546443
2023,2023-09-13,550,0.278,0.33454545454545453,0.434,0.3326781818181818
2023,2023-09-15,551,0.27944111776447106,0.33575317604355714,0.4351297405189621,0.3336769509981851
2023,2023-09-15,552,0.2788844621513944,0.3351449275362319,0.4342629482071713,0.33307246376811595
2023,2023-09-15,553,0.2783300198807157,0.3345388788426763,0.43339960238568587,0.33247016274864377
2023,2023-09-15,554,0.2777777777777778,0.33393501805054154,0.43253968253968256,0.331870036101083
2023,2023-09-16,555,0.27920792079207923,0.33513513513513515,0.43366336633663366,0.33286306306306307
2023,2023-09-16,556,0.27865612648221344,0.3345323741007194,0.43280632411067194,0.33226438848920864
2023,2023-09-16,557,0.28007889546351084,0.3357271095152603,0.4339250493096647,0.3332531418312388
2023,2023-09-16,558,0.2795275590551181,0.33512544802867383,0.4330708661417323,0.3326559139784946
2023,2023-09-17,559,0.27897838899803534,0.334525939177102,0.43222003929273084,0.3320608228980322
2023,2023-09-17,560,0.2803921568627451,0.3357142857142857,0.43333333333333335,0.33304464285714286
2023,2023-09-17,561,0.27984344422700586,0.33511586452762926,0.4324853228962818,0.33245098039215687
2023,2023-09-17,562,0.28125,0.33629893238434166,0.439453125,0.33542526690391455
2023,2023-09-17,563,0.28125,0.33747779751332146,0.439453125,0.3360657193605684
2023,2023-09-18,564,0.2807017543859649,0.33687943262411346,0.43859649122807015,0.33546985815602837
2023,2023-09-18,565,0.2801556420233463,0.336283185840708,0.4377431906614786,0.33487610619469027
2023,2023-09-18,566,0.2796116504854369,0.33568904593639576,0.4368932038834951,0.3342844522968198
2023,2023-09-18,567,0.27906976744186046,0.3350970017636684,0.436046511627907,0.33369488536155206
2023,2023-09-19,568,0.27852998065764023,0.3345070422535211,0.43520309477756286,0.3331073943661972
2023,2023-09-19,569,0.277992277992278,0.3339191564147627,0.4343629343629344,0.33252196836555364
2023,2023-09-19,570,0.2774566473988439,0.3333333333333333,0.43352601156069365,0.3319385964912281
2023,2023-09-19,571,0.27692307692307694,0.3327495621716287,0.4326923076923077,0.33135726795096326
2023,2023-09-20,572,0.2783109404990403,0.3339160839160839,0.43378119001919385,0.3323216783216783
2023,2023-09-20,573,0.2777777777777778,0.3333333333333333,0.4329501915708812,0.3317417102966841
2023,2023-09-20,574,0.27915869980879543,0.3344947735191638,0.4340344168260038,0.3327020905923345
2023,2023-09-20,575,0.2786259541984733,0.3339130434782609,0.43320610687022904,0.3321234782608696
2023,2023-09-21,576,0.2780952380952381,0.3333333333333333,0.43238095238095237,0.331546875
2023,2023-09-21,577,0.279467680608365,0.3344887348353553,0.4391634980988593,0.33444540727902944
2023,2023-09-21,578,0.27893738140417457,0.33391003460207613,0.43833017077798864,0.3338667820069204
2023,2023-09-21,579,0.2784090909090909,0.3333333333333333,0.4375,0.3332901554404145
2023,2023-09-22,580,0.277882797731569,0.33275862068965517,0.43667296786389415,0.3327155172413793
2023,2023-09-22,581,0.27735849056603773,0.33218588640275387,0.4358490566037736,0.33214285714285713
2023,2023-09-22,582,0.2787193973634652,0.3333333333333333,0.4369114877589454,0.3330893470790378
2023,2023-09-22,583,0.2781954887218045,0.33276157804459694,0.43609022556390975,0.3325180102915952
2023,2023-09-22,584,0.2795497185741088,0.3339041095890411,0.4371482176360225,0.3334606164383561
2023,2023-09-23,585,0.27902621722846443,0.3333333333333333,0.4363295880149813,0.33289059829059825
2023,2023-09-23,586,0.2803738317757009,0.33447098976109213,0.44299065420560746,0.33574232081911265
2023,2023-09-23,587,0.2798507462686567,0.3339011925042589,0.44216417910447764,0.3351703577512777
2023,2023-09-23,588,0.2811918063314711,0.33503401360544216,0.4450651769087523,0.33671598639455785
2023,2023-09-24,589,0.28066914498141265,0.33446519524617996,0.44423791821561337,0.336144312393888
2023,2023-09-24,590,0.28014842300556586,0.3338983050847458,0.44341372912801486,0.3355745762711865
2023,2023-09-24,591,0.2796296296296296,0.3333333333333333,0.4425925925925926,0.3350067681895093
2023,2023-09-24,592,0.27911275415896486,0.3327702702702703,0.4417744916820702,0.3344408783783784
2023,2023-09-26,593,0.2785977859778598,0.33220910623946037,0.44095940959409596,0.33387689713322094
2023,2023-09-26,594,0.27808471454880296,0.33164983164983164,0.44014732965009207,0.33331481481481484
2023,2023-09-26,595,0.2775735294117647,0.3310924369747899,0.43933823529411764,0.3327546218487395
2023,2023-09-26,596,0.27706422018348625,0.33053691275167785,0.43853211009174314,0.33219630872483225
2023,2023-09-28,597,0.2765567765567766,0.32998324958123953,0.43772893772893773,0.3316398659966499
2023,2023-09-28,598,0.2760511882998172,0.3294314381270903,0.4369287020109689,0.3310852842809365
2023,2023-09-28,599,0.2755474452554745,0.328881469115192,0.43613138686131386,0.33053255425709516
2023,2023-09-28,600,0.2750455373406193,0.3283333333333333,0.4353369763205829,0.3299816666666667
2023,2023-09-30,601,0.27454545454545454,0.3277870216306156,0.43454545454545457,0.329432612312812
2023,2023-09-30,602,0.27404718693284935,0.3272425249169435,0.4337568058076225,0.32888538205980067
2023,2023-09-30,603,0.27355072463768115,0.32669983416252074,0.4329710144927536,0.32833996683250416
2023,2023-09-30,604,0.2730560578661845,0.326158940397351,0.4321880650994575,0.32779635761589404
2023,2023-09-30,605,0.27256317689530685,0.3256198347107438,0.4314079422382672,0.32725454545454546
2023,2023-10-01,606,0.27387387387387385,0.32673267326732675,0.43243243243243246,0.32817161716171617
2023,2023-10-01,607,0.2733812949640288,0.3261943986820428,0.4316546762589928,0.3276309719934102
2023,2023-10-01,608,0.2746858168761221,0.32730263157894735,0.4380610412926391,0.33038815789473686
2023,2023-10-01,609,0.27419354838709675,0.32676518883415434,0.43727598566308246,0.3298456486042693
2023,2023-10-01,610,0.27419354838709675,0.3262295081967213,0.43727598566308246,0.3293049180327869
2023,2023-10-03,611,0.2737030411449016,0.32569558101472995,0.4364937388193202,0.32876595744680853
2023,2023-10-03,612,0.275,0.32679738562091504,0.4392857142857143,0.3302614379084967
2023,2023-10-03,613,0.27450980392156865,0.3262642740619902,0.4385026737967914,0.3297226753670473
2023,2023-10-03,614,0.27402135231316727,0.3257328990228013,0.4377224199288256,0.329185667752443
2023,2023-10-04,615,0.27353463587921845,0.3252032520325203,0.4369449378330373,0.3286504065040651
2023,2023-10-04,616,0.2730496453900709,0.3246753246753247,0.43617021276595747,0.32811688311688314
2023,2023-10-04,617,0.2743362831858407,0.32576985413290116,0.4389380530973451,0.3296012965964344
2023,2023-10-04,618,0.27385159010600707,0.32524271844660196,0.4381625441696113,0.32906796116504855
2023,2023-10-07,619,0.27336860670194,0.3247172859450727,0.43738977072310403,0.32853634894991923
2023,2023-10-07,620,0.272887323943662,0.3241935483870968,0.43661971830985913,0.32800645161290326
2023,2023-10-07,621,0.27240773286467485,0.32367149758454106,0.4358523725834798,0.3274782608695652
2023,2023-10-07,622,0.2719298245614035,0.32315112540192925,0.43508771929824563,0.32695176848874596
2023,2023-10-09,623,0.2732049036777583,0.32423756019261635,0.436077057793345,0.32784430176565005
2023,2023-10-09,624,0.2727272727272727,0.32371794871794873,0.4353146853146853,0.32731891025641024
2023,2023-10-09,625,0.2727272727272727,0.3248,0.4353146853146853,0.3279088
2023,2023-10-09,626,0.2727272727272727,0.3258785942492013,0.4353146853146853,0.3284968051118211
2023,2023-10-09,627,0.27225130890052357,0.3253588516746411,0.43455497382198954,0.32797288676236047
2023,2023-10-11,628,0.27177700348432055,0.3248407643312102,0.4337979094076655,0.3274506369426752
2023,2023-10-11,629,0.27304347826086955,0.32591414944356123,0.43478260869565216,0.3283338632750397
2023,2023-10-11,630,0.27304347826086955,0.326984126984127,0.43478260869565216,0.3289174603174603
2023,2023-10-11,631,0.2725694444444444,0.3264659270998415,0.4340277777777778,0.3283961965134707
2023,2023-10-12,632,0.2720970537261698,0.3259493670886076,0.43327556325823224,0.327876582278481
2023,2023-10-12,633,0.27162629757785467,0.325434439178515,0.43252595155709345,0.3273586097946287
2023,2023-10-12,634,0.2711571675302245,0.3249211356466877,0.4317789291882556,0.3268422712933754
2023,2023-10-12,635,0.2711571675302245,0.32598425196850395,0.4317789291882556,0.32742362204724407
2023,2023-10-16,636,0.2706896551724138,0.32547169811320753,0.43103448275862066,0.32690880503144654
2023,2023-10-16,637,0.2706896551724138,0.32653061224489793,0.43103448275862066,0.32753532182103606
2023,2023-10-16,638,0.270223752151463,0.32601880877742945,0.43029259896729777,0.3270219435736677
2023,2023-10-16,639,0.2697594501718213,0.325508607198748,0.42955326460481097,0.32651017214397493
2023,2023-10-17,640,0.2692967409948542,0.325,0.4288164665523156,0.32599999999999996
2023,2023-10-17,641,0.2688356164383562,0.3244929797191888,0.4280821917808219,0.32549141965678624
2023,2023-10-17,642,0.26837606837606837,0.32398753894080995,0.42735042735042733,0.32498442367601243
2023,2023-10-17,643,0.2696245733788396,0.3250388802488336,0.4300341296928328,0.3264136858475894
2023,2023-10-19,644,0.26916524701873934,0.3245341614906832,0.4293015332197615,0.3259068322981366
2023,2023-10-19,645,0.2687074829931973,0.324031007751938,0.42857142857142855,0.3254015503875969
2023,2023-10-19,646,0.2699490662139219,0.32507739938080493,0.4295415959252971,0.32626470588235296
2023,2023-10-19,647,0.26949152542372884,0.32457496136012365,0.4288135593220339,0.32576043276661515
2023,2023-10-20,648,0.26903553299492383,0.32407407407407407,0.428087986463621,0.3252577160493827
2023,2023-10-20,649,0.2685810810810811,0.3235747303543914,0.42736486486486486,0.32475654853620955
2023,2023-10-20,650,0.26981450252951095,0.32461538461538464,0.42833052276559863,0.32561538461538464
2023,2023-10-20,651,0.27104377104377103,0.32565284178187404,0.4292929292929293,0.3264715821812596
2023,2023-10-21,652,0.27058823529411763,0.32515337423312884,0.42857142857142855,0.3259708588957055
2023,2023-10-21,653,0.2701342281879195,0.32465543644716693,0.4278523489932886,0.32547166921898923
2023,2023-10-21,654,0.2701342281879195,0.3256880733944954,0.4278523489932886,0.32603822629969414
2023,2023-10-21,655,0.2696817420435511,0.3251908396946565,0.4271356783919598,0.32554045801526715
2023,2023-10-23,656,0.2692307692307692,0.3246951219512195,0.42642140468227424,0.3250442073170732
2023,2023-10-23,657,0.2704507512520868,0.3257229832572298,0.4273789649415693,0.3258934550989345
2023,2023-10-23,658,0.27,0.3252279635258359,0.4266666666666667,0.3253981762917933
2023,2023-10-23,659,0.27121464226289516,0.3262518968133536,0.4276206322795341,0.3262443095599393
2023,2023-10-24,660,0.2724252491694352,0.32727272727272727,0.4335548172757475,0.32878636363636365
2023,2023-10-24,661,0.2724252491694352,0.32829046898638425,0.4335548172757475,0.32934190620272313
2023,2023-10-24,662,0.27197346600331673,0.32779456193353473,0.43283582089552236,0.3288444108761329
2023,2023-10-24,663,0.271523178807947,0.3273001508295626,0.43211920529801323,0.32834841628959277
2024,2024-03-29,1,1.0,1.0,1.0,0.882
2024,2024-03-29,2,0.5,0.5,0.5,0.441
2024,2024-03-29,3,0.6666666666666666,0.6666666666666666,0.6666666666666666,0.588
2024,2024-03-29,4,0.5,0.5,0.5,0.441
2024,2024-03-30,5,0.4,0.4,0.4,0.3528
2024,2024-03-30,6,0.3333333333333333,0.3333333333333333,0.3333333333333333,0.294
2024,2024-03-30,7,0.2857142857142857,0.2857142857142857,0.2857142857142857,0.252
2024,2024-03-30,8,0.25,0.25,0.25,0.2205
2024,2024-03-31,9,0.2222222222222222,0.2222222222222222,0.2222222222222222,0.196
2024,2024-03-31,10,0.2,0.2,0.2,0.1764
2024,2024-03-31,11,0.2727272727272727,0.2727272727272727,0.2727272727272727,0.24054545454545453
2024,2024-03-31,12,0.3333333333333333,0.3333333333333333,0.3333333333333333,0.294
2024,2024-04-01,13,0.38461538461538464,0.38461538461538464,0.46153846153846156,0.3678461538461538
2024,2024-04-01,14,0.38461538461538464,0.42857142857142855,0.46153846153846156,0.3907857142857143
2024,2024-04-01,15,0.35714285714285715,0.4,0.42857142857142855,0.36473333333333335
2024,2024-04-01,16,0.3333333333333333,0.375,0.4,0.3419375
2024,2024-04-02,17,0.3125,0.35294117647058826,0.375,0.32182352941176473
2024,2024-04-02,18,0.29411764705882354,0.3333333333333333,0.35294117647058826,0.30394444444444446
2024,2024-04-02,19,0.2777777777777778,0.3157894736842105,0.3333333333333333,0.2879473684210526
2024,2024-04-02,20,0.2631578947368421,0.3,0.3157894736842105,0.27355
2024,2024-04-03,21,0.25,0.2857142857142857,0.3,0.26052380952380955
2024,2024-04-03,22,0.23809523809523808,0.2727272727272727,0.2857142857142857,0.2486818181818182
2024,2024-04-05,23,0.2727272727272727,0.30434782608695654,0.3181818181818182,0.2762173913043478
2024,2024-04-05,24,0.2608695652173913,0.2916666666666667,0.30434782608695654,0.2647083333333333
2024,2024-04-05,25,0.25,0.28,0.2916666666666667,0.25412
2024,2024-04-05,26,0.25,0.3076923076923077,0.2916666666666667,0.27084615384615385
2024,2024-04-05,27,0.25,0.3333333333333333,0.2916666666666667,0.28633333333333333
2024,2024-04-06,28,0.28,0.35714285714285715,0.4,0.33289285714285716
2024,2024-04-06,29,0.2692307692307692,0.3448275862068966,0.38461538461538464,0.32141379310344825
2024,2024-04-06,30,0.25925925925925924,0.3333333333333333,0.37037037037037035,0.3107
2024,2024-04-06,31,0.25925925925925924,0.3548387096774194,0.37037037037037035,0.3229032258064516
2024,2024-04-07,32,0.25925925925925924,0.375,0.37037037037037035,0.33434375
2024,2024-04-07,33,0.25,0.36363636363636365,0.35714285714285715,0.32421212121212123
2024,2024-04-07,34,0.2413793103448276,0.35294117647058826,0.3448275862068966,0.3146764705882353
2024,2024-04-07,35,0.23333333333333334,0.34285714285714286,0.3333333333333333,0.3056857142857143
2024,2024-04-08,36,0.23333333333333334,0.3611111111111111,0.3333333333333333,0.31633333333333336
2024,2024-04-08,37,0.22580645161290322,0.35135135135135137,0.3225806451612903,0.3077837837837838
2024,2024-04-08,38,0.21875,0.34210526315789475,0.3125,0.2996842105263158
2024,2024-04-08,39,0.21212121212121213,0.3333333333333333,0.30303030303030304,0.292
2024,2024-04-08,40,0.23529411764705882,0.35,0.35294117647058826,0.31605
2024,2024-04-09,41,0.2571428571428571,0.36585365853658536,0.37142857142857144,0.3298536585365853
2024,2024-04-09,42,0.25,0.35714285714285715,0.3611111111111111,0.32199999999999995
2024,2024-04-09,43,0.24324324324324326,0.3488372093023256,0.35135135135135137,0.31451162790697673
2024,2024-04-09,44,0.23684210526315788,0.3409090909090909,0.34210526315789475,0.30736363636363634
2024,2024-04-10,45,0.2564102564102564,0.35555555555555557,0.358974358974359,0.3201333333333333
2024,2024-04-10,46,0.25,0.34782608695652173,0.35,0.31317391304347825
2024,2024-04-10,47,0.25,0.3617021276595745,0.35,0.3211702127659575
2024,2024-04-10,48,0.24390243902439024,0.3541666666666667,0.34146341463414637,0.3144791666666667
2024,2024-04-10,49,0.23809523809523808,0.3469387755102041,0.3333333333333333,0.30806122448979595
2024,2024-04-11,50,0.2558139534883721,0.36,0.3488372093023256,0.31954
2024,2024-04-11,51,0.2727272727272727,0.37254901960784315,0.4318181818181818,0.35347058823529415
2024,2024-04-11,52,0.26666666666666666,0.36538461538461536,0.4222222222222222,0.3466730769230769
2024,2024-04-12,53,0.2608695652173913,0.3584905660377358,0.41304347826086957,0.34013207547169816
2024,2024-04-12,54,0.2553191489361702,0.35185185185185186,0.40425531914893614,0.33383333333333337
2024,2024-04-12,55,0.25,0.34545454545454546,0.3958333333333333,0.32776363636363637
2024,2024-04-12,56,0.25,0.35714285714285715,0.3958333333333333,0.33421428571428574
2024,2024-04-13,57,0.24489795918367346,0.3508771929824561,0.3877551020408163,0.32835087719298245
2024,2024-04-13,58,0.24489795918367346,0.3620689655172414,0.3877551020408163,0.3345689655172414
2024,2024-04-13,59,0.24,0.3559322033898305,0.38,0.32889830508474577
2024,2024-04-13,60,0.2549019607843137,0.36666666666666664,0.39215686274509803,0.3381166666666667
2024,2024-04-14,61,0.25,0.36065573770491804,0.38461538461538464,0.33257377049180326
2024,2024-04-14,62,0.24528301886792453,0.3548387096774194,0.37735849056603776,0.3272096774193548
2024,2024-04-14,63,0.24074074074074073,0.3492063492063492,0.37037037037037035,0.322015873015873
2024,2024-04-14,64,0.23636363636363636,0.34375,0.36363636363636365,0.316984375
2024,2024-04-15,65,0.23214285714285715,0.3384615384615385,0.35714285714285715,0.3121076923076923
2024,2024-04-16,66,0.22807017543859648,0.3333333333333333,0.3508771929824561,0.30737878787878786
2024,2024-04-16,67,0.2413793103448276,0.34328358208955223,0.3620689655172414,0.31595522388059705
2024,2024-04-16,68,0.23728813559322035,0.3382352941176471,0.3559322033898305,0.31130882352941175
2024,2024-04-17,69,0.25,0.34782608695652173,0.38333333333333336,0.3249710144927536
2024,2024-04-17,70,0.2459016393442623,0.34285714285714286,0.3770491803278688,0.3203285714285714
2024,2024-04-17,71,0.2459016393442623,0.352112676056338,0.3770491803278688,0.3255211267605634
2024,2024-04-17,72,0.24193548387096775,0.3472222222222222,0.3709677419354839,0.32099999999999995
2024,2024-04-19,73,0.25396825396825395,0.3561643835616438,0.42857142857142855,0.3446849315068493
2024,2024-04-19,74,0.265625,0.36486486486486486,0.484375,0.3677297297297297
2024,2024-04-19,75,0.26153846153846155,0.36,0.47692307692307695,0.3628266666666667
2024,2024-04-19,76,0.25757575757575757,0.35526315789473684,0.4696969696969697,0.35805263157894734
2024,2024-04-20,77,0.25757575757575757,0.36363636363636365,0.4696969696969697,0.36235064935064937
2024,2024-04-20,78,0.2537313432835821,0.358974358974359,0.4626865671641791,0.3577051282051282
2024,2024-04-20,79,0.2647058823529412,0.3670886075949367,0.47058823529411764,0.3643417721518987
2024,2024-04-20,80,0.2647058823529412,0.375,0.47058823529411764,0.36839999999999995
2024,2024-04-20,81,0.2608695652173913,0.37037037037037035,0.463768115942029,0.3638518518518518
2024,2024-04-21,82,0.2571428571428571,0.36585365853658536,0.45714285714285713,0.35941463414634145
2024,2024-04-21,83,0.2676056338028169,0.37349397590361444,0.4647887323943662,0.36571084337349397
2024,2024-04-21,84,0.2777777777777778,0.38095238095238093,0.4861111111111111,0.3762857142857143
2024,2024-04-21,85,0.2876712328767123,0.38823529411764707,0.4931506849315068,0.38223529411764706
2024,2024-04-21,86,0.28378378378378377,0.38372093023255816,0.4864864864864865,0.37779069767441864
2024,2024-04-22,87,0.29333333333333333,0.39080459770114945,0.49333333333333335,0.3835862068965517
2024,2024-04-22,88,0.3026315789473684,0.3977272727272727,0.5131578947368421,0.3934772727272727
2024,2024-04-22,89,0.2987012987012987,0.39325842696629215,0.5064935064935064,0.3890561797752809
2024,2024-04-22,90,0.2948717948717949,0.3888888888888889,0.5,0.3847333333333333
2024,2024-04-23,91,0.3037974683544304,0.3956043956043956,0.5189873417721519,0.3942857142857143
2024,2024-04-23,92,0.3,0.391304347826087,0.5125,0.39
2024,2024-04-23,93,0.30864197530864196,0.3978494623655914,0.5308641975308642,0.3992903225806452
2024,2024-04-23,94,0.3048780487804878,0.39361702127659576,0.524390243902439,0.39504255319148934
2024,2024-04-24,95,0.3132530120481928,0.4,0.5301204819277109,0.40016842105263156
2024,2024-04-24,96,0.32142857142857145,0.40625,0.5476190476190477,0.40906249999999994
2024,2024-04-24,97,0.32142857142857145,0.41237113402061853,0.5476190476190477,0.4119484536082474
2024,2024-04-24,98,0.32941176470588235,0.41836734693877553,0.5529411764705883,0.4167448979591837
2024,2024-04-24,99,0.3372093023255814,0.42424242424242425,0.5581395348837209,0.42144444444444445
2024,2024-04-25,100,0.3333333333333333,0.42,0.5517241379310345,0.41723
2024,2024-04-25,101,0.3409090909090909,0.42574257425742573,0.5681818181818182,0.4255148514851485
2024,2024-04-25,102,0.33707865168539325,0.4215686274509804,0.5617977528089888,0.4213431372549019
2024,2024-04-25,103,0.3333333333333333,0.4174757281553398,0.5555555555555556,0.417252427184466
2024,2024-04-26,104,0.34065934065934067,0.4230769230769231,0.5714285714285714,0.4252980769230769
2024,2024-04-26,105,0.33695652173913043,0.41904761904761906,0.5652173913043478,0.42124761904761904
2024,2024-04-26,106,0.34408602150537637,0.42452830188679247,0.5698924731182796,0.4255943396226415
2024,2024-04-26,107,0.35106382978723405,0.42990654205607476,0.574468085106383,0.42985981308411214
2024,2024-04-26,108,0.3473684210526316,0.42592592592592593,0.5684210526315789,0.4258796296296296
2024,2024-04-27,109,0.3541666666666667,0.43119266055045874,0.6041666666666666,0.44077981651376147
2024,2024-04-27,110,0.35051546391752575,0.42727272727272725,0.5979381443298969,0.4367727272727273
2024,2024-04-27,111,0.35714285714285715,0.43243243243243246,0.6020408163265306,0.4407837837837838
2024,2024-04-27,112,0.35353535353535354,0.42857142857142855,0.5959595959595959,0.4368482142857143
2024,2024-04-28,113,0.36,0.4336283185840708,0.61,0.4440796460176991
2024,2024-04-28,114,0.3564356435643564,0.4298245614035088,0.6039603960396039,0.4401842105263158
2024,2024-04-28,115,0.3627450980392157,0.43478260869565216,0.6078431372549019,0.44402608695652174
2024,2024-04-28,116,0.3592233009708738,0.43103448275862066,0.6019417475728155,0.440198275862069
2024,2024-04-28,117,0.36538461538461536,0.4358974358974359,0.6153846153846154,0.4471538461538462
2024,2024-04-29,118,0.37142857142857144,0.4406779661016949,0.6190476190476191,0.45083898305084746
2024,2024-04-29,119,0.36792452830188677,0.4369747899159664,0.6132075471698113,0.44705042016806723
2024,2024-04-29,120,0.3644859813084112,0.43333333333333335,0.6074766355140186,0.44332499999999997
2024,2024-04-29,121,0.3644859813084112,0.4380165289256198,0.6074766355140186,0.4453553719008264
2024,2024-04-29,122,0.3644859813084112,0.4344262295081967,0.6074766355140186,0.4417049180327869
2024,2024-04-30,123,0.37037037037037035,0.43902439024390244,0.6111111111111112,0.4452845528455284
2024,2024-04-30,124,0.3669724770642202,0.43548387096774194,0.6055045871559633,0.44169354838709673
2024,2024-04-30,125,0.36363636363636365,0.432,0.6,0.43816
2024,2024-04-30,126,0.36936936936936937,0.4365079365079365,0.6036036036036037,0.4416825396825397
2024,2024-04-30,127,0.36607142857142855,0.4330708661417323,0.5982142857142857,0.43820472440944885
2024,2024-05-01,128,0.36283185840707965,0.4296875,0.5929203539823009,0.43478125
2024,2024-05-01,129,0.3684210526315789,0.43410852713178294,0.5964912280701754,0.43824806201550387
2024,2024-05-01,130,0.3652173913043478,0.4307692307692308,0.591304347826087,0.43487692307692305
2024,2024-05-01,131,0.3620689655172414,0.42748091603053434,0.5862068965517241,0.43155725190839694
2024,2024-05-03,132,0.358974358974359,0.42424242424242425,0.5811965811965812,0.4282878787878788
2024,2024-05-03,133,0.3644067796610169,0.42857142857142855,0.5847457627118644,0.43169924812030075
2024,2024-05-03,134,0.36134453781512604,0.4253731343283582,0.5798319327731093,0.4284776119402985
2024,2024-05-03,135,0.35833333333333334,0.4222222222222222,0.575,0.4253037037037037
2024,2024-05-04,136,0.35833333333333334,0.4264705882352941,0.575,0.4274705882352941
2024,2024-05-04,137,0.36363636363636365,0.4306569343065693,0.5785123966942148,0.43078832116788324
2024,2024-05-05,138,0.36065573770491804,0.427536231884058,0.5737704918032787,0.4276666666666667
2024,2024-05-05,139,0.35772357723577236,0.4244604316546763,0.5691056910569106,0.42458992805755397
2024,2024-05-05,140,0.3548387096774194,0.42142857142857143,0.5645161290322581,0.42155714285714285
2024,2024-05-05,141,0.36,0.425531914893617,0.576,0.42746099290780143
2024,2024-05-06,142,0.35714285714285715,0.4225352112676056,0.5714285714285714,0.4244507042253521
2024,2024-05-06,143,0.3543307086614173,0.4195804195804196,0.5669291338582677,0.42148251748251747
2024,2024-05-06,144,0.3515625,0.4166666666666667,0.5625,0.41855555555555557
2024,2024-05-06,145,0.3488372093023256,0.41379310344827586,0.5581395348837209,0.41566896551724136
2024,2024-05-08,146,0.34615384615384615,0.410958904109589,0.5538461538461539,0.41282191780821914
2024,2024-05-08,147,0.3435114503816794,0.40816326530612246,0.549618320610687,0.41001360544217685
2024,2024-05-08,148,0.3409090909090909,0.40540540540540543,0.5454545454545454,0.40724324324324324
2024,2024-05-08,149,0.3458646616541353,0.40939597315436244,0.5488721804511278,0.41042953020134226
2024,2024-05-10,150,0.34328358208955223,0.4066666666666667,0.5447761194029851,0.4076933333333333
2024,2024-05-10,151,0.34074074074074073,0.40397350993377484,0.5407407407407407,0.40499337748344366
2024,2024-05-10,152,0.3382352941176471,0.40131578947368424,0.5367647058823529,0.402328947368421
2024,2024-05-10,153,0.34306569343065696,0.40522875816993464,0.5474452554744526,0.4078954248366013
2024,2024-05-10,154,0.34057971014492755,0.4025974025974026,0.5434782608695652,0.40524675324675324
2024,2024-05-11,155,0.3381294964028777,0.4,0.539568345323741,0.40263225806451614
2024,2024-05-11,156,0.34285714285714286,0.40384615384615385,0.5428571428571428,0.4057051282051282
2024,2024-05-11,157,0.3475177304964539,0.40764331210191085,0.5460992907801419,0.4087388535031847
2024,2024-05-11,158,0.34507042253521125,0.4050632911392405,0.5422535211267606,0.4061518987341772
2024,2024-05-11,159,0.34265734265734266,0.4025157232704403,0.5384615384615384,0.40359748427672953
2024,2024-05-12,160,0.3472222222222222,0.40625,0.5486111111111112,0.4089125
2024,2024-05-12,161,0.3448275862068966,0.40372670807453415,0.5448275862068965,0.40637267080745343
2024,2024-05-12,162,0.3424657534246575,0.4012345679012346,0.541095890410959,0.4038641975308642
2024,2024-05-12,163,0.3401360544217687,0.3987730061349693,0.5374149659863946,0.4013865030674847
2024,2024-05-12,164,0.33783783783783783,0.39634146341463417,0.5337837837837838,0.3989390243902439
2024,2024-05-13,165,0.33557046979865773,0.3939393939393939,0.5302013422818792,0.3965212121212121
2024,2024-05-13,166,0.3333333333333333,0.39156626506024095,0.5266666666666666,0.39413253012048194
2024,2024-05-13,167,0.33112582781456956,0.38922155688622756,0.5231788079470199,0.3917724550898204
2024,2024-05-13,168,0.32894736842105265,0.3869047619047619,0.5197368421052632,0.3894404761904762
2024,2024-05-13,169,0.32894736842105265,0.3905325443786982,0.5197368421052632,0.391396449704142
2024,2024-05-14,170,0.32679738562091504,0.38823529411764707,0.5163398692810458,0.3890941176470588
2024,2024-05-14,171,0.32679738562091504,0.391812865497076,0.5163398692810458,0.3910292397660819
2024,2024-05-14,172,0.33116883116883117,0.3953488372093023,0.5194805194805194,0.3938837209302326
2024,2024-05-14,173,0.32903225806451614,0.3930635838150289,0.5161290322580645,0.391606936416185
2024,2024-05-14,174,0.3333333333333333,0.39655172413793105,0.5256410256410257,0.39656321839080455
2024,2024-05-15,175,0.3333333333333333,0.4,0.5256410256410257,0.3982342857142857
2024,2024-05-15,176,0.33121019108280253,0.3977272727272727,0.5222929936305732,0.3959715909090909
2024,2024-05-15,177,0.3291139240506329,0.3954802259887006,0.5189873417721519,0.3937344632768362
2024,2024-05-15,178,0.3333333333333333,0.398876404494382,0.5220125786163522,0.3964775280898876
2024,2024-05-15,179,0.33125,0.39664804469273746,0.51875,0.3942625698324022
2024,2024-05-16,180,0.32919254658385094,0.39444444444444443,0.515527950310559,0.3920722222222222
2024,2024-05-16,181,0.3271604938271605,0.39226519337016574,0.5123456790123457,0.38990607734806626
2024,2024-05-16,182,0.3312883435582822,0.3956043956043956,0.5153374233128835,0.3926098901098901
2024,2024-05-16,183,0.3353658536585366,0.3989071038251366,0.524390243902439,0.3973169398907104
2024,2024-05-16,184,0.3333333333333333,0.3967391304347826,0.5212121212121212,0.3951576086956522
2024,2024-05-17,185,0.3373493975903614,0.4,0.5301204819277109,0.3998
2024,2024-05-17,186,0.33532934131736525,0.3978494623655914,0.5269461077844312,0.39765053763440855
2024,2024-05-17,187,0.3333333333333333,0.39572192513368987,0.5238095238095238,0.39552406417112296
2024,2024-05-17,188,0.33136094674556216,0.39361702127659576,0.5207100591715976,0.3934202127659574
2024,2024-05-18,189,0.32941176470588235,0.3915343915343915,0.5176470588235295,0.3913386243386243
2024,2024-05-18,190,0.3333333333333333,0.39473684210526316,0.52046783625731,0.39392105263157895
2024,2024-05-18,191,0.3313953488372093,0.39267015706806285,0.5174418604651163,0.3918586387434555
2024,2024-05-18,192,0.32947976878612717,0.390625,0.5144508670520231,0.38981770833333335
2024,2024-05-19,193,0.3275862068965517,0.38860103626943004,0.5114942528735632,0.3877979274611399
2024,2024-05-19,194,0.3275862068965517,0.3865979381443299,0.5114942528735632,0.38579896907216493
2024,2024-05-19,195,0.3275862068965517,0.38461538461538464,0.5114942528735632,0.3838205128205128
2024,2024-05-19,196,0.32571428571428573,0.3826530612244898,0.5085714285714286,0.38186224489795917
2024,2024-05-19,197,0.32954545454545453,0.38578680203045684,0.5284090909090909,0.39032994923857867
2024,2024-05-21,198,0.327683615819209,0.3838383838383838,0.5254237288135594,0.38835858585858585
2024,2024-05-21,199,0.33146067415730335,0.3869346733668342,0.5280898876404494,0.3908391959798995
2024,2024-05-21,200,0.329608938547486,0.385,0.5251396648044693,0.388885
2024,2024-05-21,201,0.3333333333333333,0.3880597014925373,0.5333333333333333,0.39318905472636817
2024,2024-05-22,202,0.3314917127071823,0.38613861386138615,0.5303867403314917,0.39124257425742576
2024,2024-05-22,203,0.32967032967032966,0.3842364532019704,0.5274725274725275,0.38931527093596063
2024,2024-05-22,204,0.32786885245901637,0.38235294117647056,0.5245901639344263,0.38740686274509806
2024,2024-05-22,205,0.33152173913043476,0.3853658536585366,0.532608695652174,0.3916341463414634
2024,2024-05-22,206,0.32972972972972975,0.38349514563106796,0.5297297297297298,0.38973300970873787
2024,2024-05-23,207,0.3279569892473118,0.38164251207729466,0.5268817204301075,0.3878502415458937
2024,2024-05-23,208,0.32620320855614976,0.3798076923076923,0.5240641711229946,0.3859855769230769
2024,2024-05-23,209,0.324468085106383,0.37799043062200954,0.5212765957446809,0.3841387559808612
2024,2024-05-23,210,0.32275132275132273,0.3761904761904762,0.5185185185185185,0.38230952380952377
2024,2024-05-24,211,0.32105263157894737,0.3744075829383886,0.5157894736842106,0.38049763033175354
2024,2024-05-24,212,0.3193717277486911,0.37264150943396224,0.5130890052356021,0.37870283018867923
2024,2024-05-24,213,0.3177083333333333,0.37089201877934275,0.5104166666666666,0.37692488262910795
2024,2024-05-24,214,0.3160621761658031,0.3691588785046729,0.5077720207253886,0.37516355140186913
2024,2024-05-24,215,0.31443298969072164,0.3674418604651163,0.5051546391752577,0.3734186046511628
2024,2024-05-25,216,0.3128205128205128,0.36574074074074076,0.5025641025641026,0.3716898148148148
2024,2024-05-25,217,0.3112244897959184,0.3640552995391705,0.5,0.3699769585253456
2024,2024-05-25,218,0.3147208121827411,0.3669724770642202,0.5025380710659898,0.3723256880733945
2024,2024-05-25,219,0.31313131313131315,0.365296803652968,0.5,0.37062557077625574
2024,2024-05-25,220,0.3165829145728643,0.36818181818181817,0.507537688442211,0.3746409090909091
2024,2024-05-26,221,0.315,0.3665158371040724,0.505,0.372945701357466
2024,2024-05-26,222,0.31840796019900497,0.36936936936936937,0.5074626865671642,0.37523873873873875
2024,2024-05-26,223,0.31683168316831684,0.36771300448430494,0.504950495049505,0.3735560538116592
2024,2024-05-26,224,0.31527093596059114,0.36607142857142855,0.5024630541871922,0.37188839285714287
2024,2024-05-27,225,0.3137254901960784,0.36444444444444446,0.5,0.37023555555555554
2024,2024-05-27,226,0.3121951219512195,0.36283185840707965,0.4975609756097561,0.36859734513274334
2024,2024-05-27,227,0.3106796116504854,0.36123348017621143,0.49514563106796117,0.36697356828193833
2024,2024-05-27,228,0.3106796116504854,0.36403508771929827,0.49514563106796117,0.3683859649122807
2024,2024-05-28,229,0.30917874396135264,0.3624454148471616,0.4927536231884058,0.3667772925764192
2024,2024-05-29,230,0.3076923076923077,0.36086956521739133,0.49038461538461536,0.36518260869565217
2024,2024-05-29,231,0.3062200956937799,0.3593073593073593,0.4880382775119617,0.36360173160173165
2024,2024-05-29,232,0.30952380952380953,0.3620689655172414,0.49523809523809526,0.3674396551724138
2024,2024-05-29,233,0.3080568720379147,0.3605150214592275,0.4928909952606635,0.365862660944206
2024,2024-05-29,234,0.3080568720379147,0.36324786324786323,0.4928909952606635,0.3672435897435897
2024,2024-05-31,235,0.3113207547169811,0.3659574468085106,0.49528301886792453,0.36943404255319146
2024,2024-05-31,236,0.30985915492957744,0.3644067796610169,0.49295774647887325,0.36786864406779657
2024,2024-05-31,237,0.308411214953271,0.3628691983122363,0.49065420560747663,0.3663164556962025
2024,2024-05-31,238,0.30697674418604654,0.36134453781512604,0.4883720930232558,0.3647773109243697
2024,2024-06-01,239,0.3101851851851852,0.36401673640167365,0.49537037037037035,0.36849790794979076
2024,2024-06-01,240,0.31336405529953915,0.36666666666666664,0.4976958525345622,0.3706375
2024,2024-06-01,241,0.3119266055045872,0.3651452282157676,0.4954128440366973,0.36909958506224066
2024,2024-06-01,242,0.3105022831050228,0.36363636363636365,0.4931506849315068,0.36757438016528926
2024,2024-06-02,243,0.3090909090909091,0.36213991769547327,0.4909090909090909,0.36606172839506174
2024,2024-06-02,244,0.3076923076923077,0.36065573770491804,0.48868778280542985,0.3645614754098361
2024,2024-06-02,245,0.3063063063063063,0.35918367346938773,0.4864864864864865,0.3630734693877551
2024,2024-06-02,246,0.30493273542600896,0.35772357723577236,0.484304932735426,0.36159756097560974
2024,2024-06-02,247,0.30357142857142855,0.3562753036437247,0.48214285714285715,0.3601336032388664
2024,2024-06-03,248,0.3022222222222222,0.3548387096774194,0.48,0.3586814516129032
2024,2024-06-03,249,0.3008849557522124,0.3534136546184739,0.4778761061946903,0.3572409638554217
2024,2024-06-03,250,0.29955947136563876,0.352,0.47577092511013214,0.355812
2024,2024-06-03,251,0.2982456140350877,0.350597609561753,0.47368421052631576,0.35439442231075696
2024,2024-06-04,252,0.29694323144104806,0.3492063492063492,0.47161572052401746,0.35298809523809527
2024,2024-06-04,253,0.2956521739130435,0.34782608695652173,0.46956521739130436,0.3515928853754941
2024,2024-06-04,254,0.2943722943722944,0.3464566929133858,0.4675324675324675,0.3502086614173228
2024,2024-06-04,255,0.2974137931034483,0.34901960784313724,0.4827586206896552,0.35687450980392155
2024,2024-06-04,256,0.296137339055794,0.34765625,0.48068669527896996,0.35548046875
2024,2024-06-05,257,0.2948717948717949,0.3463035019455253,0.47863247863247865,0.3540972762645914
2024,2024-06-05,258,0.2936170212765957,0.3449612403100775,0.4765957446808511,0.3527248062015504
2024,2024-06-05,259,0.2923728813559322,0.3436293436293436,0.4745762711864407,0.35136293436293436
2024,2024-06-05,260,0.2911392405063291,0.3423076923076923,0.47257383966244726,0.3500115384615385
2024,2024-06-08,261,0.28991596638655465,0.34099616858237547,0.47058823529411764,0.3486704980842912
2024,2024-06-08,262,0.2928870292887029,0.3435114503816794,0.47280334728033474,0.350706106870229
2024,2024-06-08,263,0.2916666666666667,0.34220532319391633,0.4708333333333333,0.3493726235741445
2024,2024-06-08,264,0.29045643153526973,0.3409090909090909,0.46887966804979253,0.34804924242424246
2024,2024-06-09,265,0.2892561983471074,0.33962264150943394,0.4669421487603306,0.3467358490566038
2024,2024-06-09,266,0.2880658436213992,0.3383458646616541,0.46502057613168724,0.3454323308270677
2024,2024-06-09,267,0.29098360655737704,0.3408239700374532,0.4672131147540984,0.34744194756554303
2024,2024-06-09,268,0.29098360655737704,0.34328358208955223,0.4672131147540984,0.3487164179104478
2024,2024-06-09,269,0.29098360655737704,0.34572490706319703,0.4672131147540984,0.3499814126394052
2024,2024-06-11,270,0.2897959183673469,0.34444444444444444,0.46530612244897956,0.34868518518518515
2024,2024-06-11,271,0.2886178861788618,0.34317343173431736,0.4634146341463415,0.34739852398523985
2024,2024-06-11,272,0.291497975708502,0.34558823529411764,0.46558704453441296,0.3493639705882353
2024,2024-06-11,273,0.2903225806451613,0.3443223443223443,0.4637096774193548,0.34808424908424906
2024,2024-06-12,274,0.2891566265060241,0.34306569343065696,0.46184738955823296,0.3468138686131387
2024,2024-06-12,275,0.288,0.3418181818181818,0.46,0.3455527272727273
2024,2024-06-12,276,0.2868525896414343,0.34057971014492755,0.4581673306772908,0.3443007246376812
2024,2024-06-12,277,0.2857142857142857,0.33935018050541516,0.45634920634920634,0.34305776173285196
2024,2024-06-12,278,0.2857142857142857,0.3381294964028777,0.45634920634920634,0.34182374100719426
2024,2024-06-14,279,0.2845849802371542,0.33691756272401435,0.45454545454545453,0.34059856630824376
2024,2024-06-14,280,0.2874015748031496,0.3392857142857143,0.4566929133858268,0.3425321428571429
2024,2024-06-14,281,0.28627450980392155,0.33807829181494664,0.4549019607843137,0.3413131672597865
2024,2024-06-14,282,0.2890625,0.3404255319148936,0.45703125,0.3432304964539007
2024,2024-06-14,283,0.2918287937743191,0.34275618374558303,0.46303501945525294,0.3464487632508834
2024,2024-06-15,284,0.29457364341085274,0.34507042253521125,0.4689922480620155,0.3496443661971831
2024,2024-06-15,285,0.29343629343629346,0.34385964912280703,0.4671814671814672,0.34841754385964907
2024,2024-06-15,286,0.29615384615384616,0.34615384615384615,0.46923076923076923,0.3502832167832168
2024,2024-06-15,287,0.2950191570881226,0.34494773519163763,0.4674329501915709,0.34906271777003484
2024,2024-06-16,288,0.2950191570881226,0.3472222222222222,0.4674329501915709,0.35024305555555557
2024,2024-06-16,289,0.29770992366412213,0.3494809688581315,0.46946564885496184,0.35208304498269893
2024,2024-06-16,290,0.30038022813688214,0.35172413793103446,0.4714828897338403,0.3539103448275862
2024,2024-06-16,291,0.30303030303030304,0.3539518900343643,0.4772727272727273,0.35700343642611687
2024,2024-06-16,292,0.3018867924528302,0.3527397260273973,0.47547169811320755,0.35578082191780824
2024,2024-06-17,293,0.3007518796992481,0.3515358361774744,0.47368421052631576,0.3545665529010239
2024,2024-06-17,294,0.30337078651685395,0.35374149659863946,0.4756554307116105,0.35636054421768704
2024,2024-06-17,295,0.30223880597014924,0.3525423728813559,0.47388059701492535,0.35515254237288135
2024,2024-06-17,296,0.3048327137546468,0.3547297297297297,0.48698884758364314,0.36087837837837833
2024,2024-06-17,297,0.3074074074074074,0.3569023569023569,0.4888888888888889,0.36263299663299664
2024,2024-06-17,298,0.3062730627306273,0.35570469798657717,0.4870848708487085,0.3614161073825503
2024,2024-06-18,299,0.30514705882352944,0.35451505016722407,0.4852941176470588,0.3602073578595318
2024,2024-06-18,300,0.304029304029304,0.35333333333333333,0.4835164835164835,0.35900666666666664
2024,2024-06-18,301,0.3029197080291971,0.3521594684385382,0.48175182481751827,0.3578139534883721
2024,2024-06-18,302,0.3018181818181818,0.3509933774834437,0.48,0.35662913907284766
2024,2024-06-18,303,0.30434782608695654,0.35313531353135313,0.48188405797101447,0.35836303630363037
2024,2024-06-19,304,0.30434782608695654,0.35526315789473684,0.48188405797101447,0.3595526315789474
2024,2024-06-19,305,0.30685920577617326,0.35737704918032787,0.48375451263537905,0.3612655737704918
2024,2024-06-19,306,0.3057553956834532,0.3562091503267974,0.48201438848920863,0.3600849673202614
2024,2024-06-19,307,0.3046594982078853,0.3550488599348534,0.48028673835125446,0.35891205211726385
2024,2024-06-21,308,0.30357142857142855,0.3538961038961039,0.4785714285714286,0.3577467532467532
2024,2024-06-21,309,0.302491103202847,0.35275080906148865,0.47686832740213525,0.356588996763754
2024,2024-06-21,310,0.30141843971631205,0.35161290322580646,0.475177304964539,0.3554387096774193
2024,2024-06-21,311,0.3003533568904594,0.3504823151125402,0.4734982332155477,0.3542958199356913
2024,2024-06-22,312,0.2992957746478873,0.34935897435897434,0.47183098591549294,0.3531602564102564
2024,2024-06-22,313,0.3017543859649123,0.3514376996805112,0.4842105263157895,0.3585814696485623
2024,2024-06-22,314,0.3006993006993007,0.3503184713375796,0.4825174825174825,0.3574394904458599
2024,2024-06-22,315,0.3006993006993007,0.3523809523809524,0.4825174825174825,0.3584920634920635
2024,2024-06-22,316,0.29965156794425085,0.3512658227848101,0.4808362369337979,0.3573575949367089
2024,2024-06-23,317,0.3020833333333333,0.35331230283911674,0.4861111111111111,0.36018611987381705
2024,2024-06-23,318,0.3044982698961938,0.3553459119496855,0.48788927335640137,0.3618270440251572
2024,2024-06-23,319,0.30344827586206896,0.3542319749216301,0.4862068965517241,0.360692789968652
2024,2024-06-23,320,0.30344827586206896,0.35625,0.4862068965517241,0.36181562500000003
2024,2024-06-24,321,0.30584192439862545,0.3582554517133956,0.49828178694158076,0.3670747663551402
2024,2024-06-24,322,0.3047945205479452,0.35714285714285715,0.4965753424657534,0.36593478260869566
2024,2024-06-24,323,0.30716723549488056,0.3591331269349845,0.49829351535836175,0.36753250773993806
2024,2024-06-24,324,0.30952380952380953,0.3611111111111111,0.5,0.3691203703703704
2024,2024-06-24,325,0.31186440677966104,0.3630769230769231,0.5050847457627119,0.37184307692307694
2024,2024-06-25,326,0.3108108108108108,0.3619631901840491,0.5033783783783784,0.37070245398773005
2024,2024-06-25,327,0.30976430976430974,0.36085626911314983,0.5016835016835017,0.3695688073394496
2024,2024-06-25,328,0.3087248322147651,0.3597560975609756,0.5,0.36844207317073174
2024,2024-06-25,329,0.3076923076923077,0.3586626139817629,0.4983277591973244,0.36732218844984804
2024,2024-06-26,330,0.30666666666666664,0.3575757575757576,0.49666666666666665,0.36620909090909093
2024,2024-06-26,331,0.30564784053156147,0.3564954682779456,0.4950166112956811,0.36510271903323266
2024,2024-06-26,332,0.304635761589404,0.35542168674698793,0.49337748344370863,0.3640030120481928
2024,2024-06-26,333,0.30363036303630364,0.35435435435435436,0.49174917491749176,0.3629099099099099
2024,2024-06-26,334,0.3026315789473684,0.3532934131736527,0.4901315789473684,0.3618233532934132
2024,2024-06-27,335,0.3016393442622951,0.3522388059701492,0.4885245901639344,0.36074328358208957
2024,2024-06-27,336,0.3006535947712418,0.35119047619047616,0.4869281045751634,0.35966964285714287
2024,2024-06-27,337,0.2996742671009772,0.35014836795252224,0.48534201954397393,0.35860237388724037
2024,2024-06-27,338,0.2996742671009772,0.34911242603550297,0.48534201954397393,0.3575414201183432
2024,2024-06-28,339,0.2987012987012987,0.3480825958702065,0.4837662337662338,0.3564867256637168
2024,2024-06-28,340,0.2977346278317152,0.34705882352941175,0.48220064724919093,0.35543823529411767
2024,2024-06-28,341,0.2967741935483871,0.3460410557184751,0.4806451612903226,0.3543958944281525
2024,2024-06-28,342,0.2990353697749196,0.347953216374269,0.48231511254019294,0.35593859649122805
2024,2024-06-29,343,0.2990353697749196,0.3498542274052478,0.48231511254019294,0.3569096209912537
2024,2024-06-29,344,0.2980769230769231,0.3488372093023256,0.4807692307692308,0.35587209302325584
2024,2024-06-29,345,0.2980769230769231,0.34782608695652173,0.4807692307692308,0.35484057971014493
2024,2024-06-29,346,0.2971246006389776,0.3468208092485549,0.4792332268370607,0.3538150289017341
2024,2024-06-30,347,0.29936305732484075,0.34870317002881845,0.49044585987261147,0.35870317002881846
2024,2024-06-30,348,0.30158730158730157,0.3505747126436782,0.49206349206349204,0.36020689655172416
2024,2024-06-30,349,0.30063291139240506,0.3495702005730659,0.49050632911392406,0.35917478510028655
2024,2024-06-30,350,0.2996845425867508,0.3485714285714286,0.4889589905362776,0.3581485714285714
2024,2024-06-30,351,0.29874213836477986,0.3475783475783476,0.48742138364779874,0.35712820512820515
2024,2024-07-02,352,0.29874213836477986,0.3494318181818182,0.48742138364779874,0.3580710227272727
2024,2024-07-02,353,0.29780564263322884,0.34844192634560905,0.48589341692789967,0.35705665722379604
2024,2024-07-02,354,0.296875,0.3474576271186441,0.484375,0.35604802259887003
2024,2024-07-02,355,0.29595015576323985,0.3464788732394366,0.48286604361370716,0.3550450704225352
2024,2024-07-03,356,0.2950310559006211,0.3455056179775281,0.4813664596273292,0.35404775280898876
2024,2024-07-03,357,0.29411764705882354,0.3445378151260504,0.47987616099071206,0.35305602240896355
2024,2024-07-03,358,0.2962962962962963,0.3463687150837989,0.49074074074074076,0.35779608938547486
2024,2024-07-03,359,0.29846153846153844,0.34818941504178275,0.49230769230769234,0.3592562674094707
2024,2024-07-04,360,0.29754601226993865,0.3472222222222222,0.49079754601226994,0.3582583333333333
2024,2024-07-04,361,0.2966360856269113,0.3462603878116344,0.4892966360856269,0.3572659279778393
2024,2024-07-04,362,0.29573170731707316,0.3453038674033149,0.4878048780487805,0.35627900552486186
2024,2024-07-04,363,0.2948328267477204,0.3443526170798898,0.48632218844984804,0.355297520661157
2024,2024-07-05,364,0.296969696969697,0.34615384615384615,0.4909090909090909,0.35776648351648355
2024,2024-07-05,365,0.2990936555891239,0.34794520547945207,0.49244712990936557,0.3592027397260274
2024,2024-07-05,366,0.30120481927710846,0.34972677595628415,0.4939759036144578,0.3606311475409836
2024,2024-07-05,367,0.3003003003003003,0.34877384196185285,0.4924924924924925,0.3596485013623978
2024,2024-07-05,368,0.2994011976047904,0.34782608695652173,0.49101796407185627,0.35867119565217387
2024,2024-07-06,369,0.29850746268656714,0.34688346883468835,0.48955223880597015,0.35769918699186987
2024,2024-07-06,370,0.2976190476190476,0.34594594594594597,0.4880952380952381,0.3567324324324324
2024,2024-07-06,371,0.29673590504451036,0.3450134770889488,0.486646884272997,0.35577088948787056
2024,2024-07-06,372,0.2958579881656805,0.34408602150537637,0.48520710059171596,0.3548145161290322
2024,2024-07-07,373,0.2949852507374631,0.34316353887399464,0.4837758112094395,0.35386327077747987
2024,2024-07-07,374,0.29411764705882354,0.3422459893048128,0.4823529411764706,0.3529171122994652
2024,2024-07-07,375,0.2961876832844575,0.344,0.4868035190615836,0.35532
2024,2024-07-07,376,0.2953216374269006,0.34308510638297873,0.4853801169590643,0.354375
2024,2024-07-09,377,0.2944606413994169,0.3421750663129973,0.4839650145772595,0.35343501326259946
2024,2024-07-09,378,0.2944606413994169,0.3439153439153439,0.4839650145772595,0.3543227513227513
2024,2024-07-09,379,0.2936046511627907,0.34300791556728233,0.48255813953488375,0.35338786279683376
2024,2024-07-09,380,0.2927536231884058,0.34210526315789475,0.4811594202898551,0.3524578947368421
2024,2024-07-09,381,0.29190751445086704,0.34120734908136485,0.4797687861271676,0.3515328083989501
2024,2024-07-10,382,0.2910662824207493,0.3403141361256545,0.4783861671469741,0.35061256544502617
2024,2024-07-10,383,0.29022988505747127,0.3394255874673629,0.47701149425287354,0.3496971279373368
2024,2024-07-10,384,0.2922636103151863,0.3411458333333333,0.4813753581661891,0.3520520833333333
2024,2024-07-10,385,0.2914285714285714,0.34025974025974026,0.48,0.3511376623376623
2024,2024-07-11,386,0.2934472934472934,0.34196891191709844,0.48148148148148145,0.35251295336787564
2024,2024-07-11,387,0.29261363636363635,0.34108527131782945,0.48011363636363635,0.35160206718346254
2024,2024-07-11,388,0.29178470254957506,0.3402061855670103,0.47875354107648727,0.3506958762886598
2024,2024-07-11,389,0.2909604519774011,0.3393316195372751,0.4774011299435028,0.34979434447300767
2024,2024-07-12,390,0.29014084507042254,0.3384615384615385,0.476056338028169,0.3488974358974359
2024,2024-07-12,391,0.29014084507042254,0.340153452685422,0.476056338028169,0.34976726342710995
2024,2024-07-12,392,0.2893258426966292,0.3392857142857143,0.4747191011235955,0.348875
2024,2024-07-12,393,0.2913165266106443,0.34096692111959287,0.47619047619047616,0.35023155216284985
2024,2024-07-13,394,0.2913165266106443,0.3426395939086294,0.47619047619047616,0.3510913705583756
2024,2024-07-13,395,0.29329608938547486,0.34430379746835443,0.4776536312849162,0.35243544303797464
2024,2024-07-13,396,0.2924791086350975,0.3434343434343434,0.4763231197771588,0.3515454545454545
2024,2024-07-13,397,0.2916666666666667,0.3425692695214106,0.475,0.35065994962216623
2024,2024-07-14,398,0.29362880886426596,0.3442211055276382,0.4792243767313019,0.35292964824120604
2024,2024-07-14,399,0.292817679558011,0.3433583959899749,0.47790055248618785,0.3520451127819549
2024,2024-07-14,400,0.29476584022038566,0.345,0.4820936639118457,0.3543
2024,2024-07-14,401,0.29395604395604397,0.34413965087281795,0.4807692307692308,0.3534164588528678
2024,2024-07-19,402,0.29395604395604397,0.34577114427860695,0.4807692307692308,0.3542512437810945
2024,2024-07-19,403,0.29315068493150687,0.34491315136476425,0.4794520547945205,0.35337220843672457
2024,2024-07-19,404,0.29508196721311475,0.3465346534653465,0.4808743169398907,0.35468069306930694
2024,2024-07-19,405,0.2970027247956403,0.34814814814814815,0.4822888283378747,0.3559827160493827
2024,2024-07-19,406,0.296195652173913,0.3472906403940887,0.48097826086956524,0.35510591133004926
2024,2024-07-20,407,0.2953929539295393,0.3464373464373464,0.4796747967479675,0.3542334152334152
2024,2024-07-20,408,0.2953929539295393,0.3480392156862745,0.4796747967479675,0.3550539215686274
2024,2024-07-20,409,0.2945945945945946,0.3471882640586797,0.4783783783783784,0.35418581907090463
2024,2024-07-20,410,0.29380053908355797,0.3463414634146341,0.477088948787062,0.3533219512195122
2024,2024-07-21,411,0.2956989247311828,0.34793187347931875,0.478494623655914,0.35460827250608273
2024,2024-07-21,412,0.2949061662198391,0.3470873786407767,0.4772117962466488,0.353747572815534
2024,2024-07-21,413,0.29411764705882354,0.34624697336561744,0.47593582887700536,0.3528910411622276
2024,2024-07-21,414,0.296,0.34782608695652173,0.47733333333333333,0.3541690821256039
2024,2024-07-21,415,0.29521276595744683,0.3469879518072289,0.47606382978723405,0.35331566265060244
2024,2024-07-22,416,0.29708222811671087,0.3485576923076923,0.47745358090185674,0.3545865384615385
2024,2024-07-22,417,0.2962962962962963,0.34772182254196643,0.47619047619047616,0.3537362110311751
2024,2024-07-22,418,0.2955145118733509,0.34688995215311,0.47493403693931396,0.3528899521531101
2024,2024-07-22,419,0.29473684210526313,0.3460620525059666,0.47368421052631576,0.3520477326968974
2024,2024-07-23,420,0.29396325459317585,0.34523809523809523,0.47244094488188976,0.35120952380952386
2024,2024-07-23,421,0.2931937172774869,0.34441805225653205,0.4712041884816754,0.35037529691211405
2024,2024-07-23,422,0.2924281984334204,0.34360189573459715,0.4699738903394256,0.3495450236966825
2024,2024-07-23,423,0.2924281984334204,0.34515366430260047,0.4699738903394256,0.35034751773049644
2024,2024-07-24,424,0.2916666666666667,0.3443396226415094,0.46875,0.34952122641509437
2024,2024-07-24,425,0.2935064935064935,0.3458823529411765,0.4727272727272727,0.3516494117647059
2024,2024-07-24,426,0.29533678756476683,0.3474178403755869,0.47668393782383417,0.3537676056338028
2024,2024-07-24,427,0.29533678756476683,0.34894613583138173,0.47668393782383417,0.3545526932084309
2024,2024-07-26,428,0.29457364341085274,0.34813084112149534,0.4754521963824289,0.3537242990654206
2024,2024-07-26,429,0.2963917525773196,0.34965034965034963,0.4793814432989691,0.3558228438228438
2024,2024-07-26,430,0.29562982005141386,0.3488372093023256,0.4781491002570694,0.3549953488372093
2024,2024-07-26,431,0.2948717948717949,0.3480278422273782,0.47692307692307695,0.35417169373549884
2024,2024-07-27,432,0.29411764705882354,0.3472222222222222,0.47570332480818417,0.35335185185185186
2024,2024-07-27,433,0.29411764705882354,0.34872979214780603,0.47570332480818417,0.35412702078521935
2024,2024-07-27,434,0.29591836734693877,0.35023041474654376,0.4770408163265306,0.3553433179723502
2024,2024-07-28,435,0.2951653944020356,0.34942528735632183,0.4758269720101781,0.35452643678160917
2024,2024-07-28,436,0.2951653944020356,0.35091743119266056,0.4758269720101781,0.35529357798165134
2024,2024-07-28,437,0.29441624365482233,0.3501144164759725,0.4746192893401015,0.3544805491990846
2024,2024-07-28,438,0.29441624365482233,0.3515981735159817,0.4746192893401015,0.3552442922374429
2024,2024-07-29,439,0.2936708860759494,0.35079726651480636,0.47341772151898737,0.3544350797266515
2024,2024-07-29,440,0.29292929292929293,0.35,0.4722222222222222,0.35362954545454545
2024,2024-07-29,441,0.2947103274559194,0.35147392290249435,0.473551637279597,0.3548276643990929
2024,2024-07-29,442,0.29396984924623115,0.3506787330316742,0.4723618090452261,0.354024886877828
2024,2024-07-30,443,0.2957393483709273,0.35214446952595935,0.47619047619047616,0.3560564334085779
2024,2024-07-30,444,0.295,0.35135135135135137,0.475,0.3552545045045045
2024,2024-07-30,445,0.2942643391521197,0.350561797752809,0.47381546134663344,0.35445617977528093
2024,2024-07-30,446,0.2935323383084577,0.34977578475336324,0.472636815920398,0.35366143497757846
2024,2024-07-30,447,0.29280397022332505,0.348993288590604,0.47146401985111663,0.3528702460850112
2024,2024-07-30,448,0.29207920792079206,0.3482142857142857,0.47029702970297027,0.3520825892857143
2024,2024-07-31,449,0.291358024691358,0.34743875278396436,0.4691358024691358,0.35129844097995544
2024,2024-07-31,450,0.29064039408866993,0.3466666666666667,0.46798029556650245,0.35051777777777776
2024,2024-07-31,451,0.29238329238329236,0.34811529933481156,0.4742014742014742,0.3532660753880266
2024,2024-07-31,452,0.29411764705882354,0.3495575221238938,0.47794117647058826,0.3552588495575221
2024,2024-08-02,453,0.293398533007335,0.3487858719646799,0.4767726161369193,0.3544746136865342
2024,2024-08-02,454,0.2926829268292683,0.34801762114537443,0.47560975609756095,0.35369383259911896
2024,2024-08-02,455,0.2944038929440389,0.34945054945054943,0.4768856447688564,0.3548549450549451
2024,2024-08-02,456,0.2961165048543689,0.3508771929824561,0.48058252427184467,0.3568267543859649
2024,2024-08-03,457,0.29539951573849876,0.350109409190372,0.4794188861985472,0.35604595185995624
2024,2024-08-03,458,0.2946859903381642,0.34934497816593885,0.4782608695652174,0.3552685589519651
2024,2024-08-03,459,0.2963855421686747,0.35076252723311546,0.4795180722891566,0.3564161220043573
2024,2024-08-03,460,0.2956730769230769,0.35,0.47836538461538464,0.3556413043478261
2024,2024-08-03,461,0.2949640287769784,0.3492407809110629,0.47721822541966424,0.3548698481561822
2024,2024-08-04,462,0.2942583732057416,0.3484848484848485,0.47607655502392343,0.3541017316017316
2024,2024-08-04,463,0.2935560859188544,0.34773218142548595,0.47494033412887826,0.35333693304535635
2024,2024-08-04,464,0.29285714285714287,0.34698275862068967,0.4738095238095238,0.35257543103448274
2024,2024-08-04,465,0.29453681710213775,0.34838709677419355,0.4821852731591449,0.35622580645161295
2024,2024-08-05,466,0.2938388625592417,0.34763948497854075,0.48104265402843605,0.35546137339055794
2024,2024-08-05,467,0.29314420803782504,0.3468950749464668,0.4799054373522459,0.3547002141327623
2024,2024-08-05,468,0.29245283018867924,0.34615384615384615,0.47877358490566035,0.3539423076923077
2024,2024-08-05,469,0.29411764705882354,0.34754797441364604,0.48,0.3550682302771855
2024,2024-08-06,470,0.2934272300469484,0.3468085106382979,0.4788732394366197,0.35431276595744676
2024,2024-08-06,471,0.2927400468384075,0.346072186836518,0.477751756440281,0.3535605095541401
2024,2024-08-06,472,0.29439252336448596,0.3474576271186441,0.47897196261682246,0.3546800847457627
2024,2024-08-06,473,0.29603729603729606,0.3488372093023256,0.4801864801864802,0.3557949260042283
2024,2024-08-06,474,0.29767441860465116,0.350210970464135,0.4813953488372093,0.35690506329113925
2024,2024-08-07,475,0.29698375870069604,0.3494736842105263,0.4802784222737819,0.35615368421052634
2024,2024-08-07,476,0.2962962962962963,0.3487394957983193,0.4791666666666667,0.35540546218487395
2024,2024-08-07,477,0.2979214780600462,0.350104821802935,0.48267898383371827,0.3572893081761006
2024,2024-08-07,478,0.29723502304147464,0.3493723849372385,0.4815668202764977,0.35654184100418407
2024,2024-08-07,479,0.296551724137931,0.348643006263048,0.4804597701149425,0.3557974947807933
2024,2024-08-08,480,0.2958715596330275,0.34791666666666665,0.4793577981651376,0.35505624999999996
2024,2024-08-08,481,0.2974828375286041,0.3492723492723493,0.482837528604119,0.35692515592515595
2024,2024-08-08,482,0.2968036529680365,0.34854771784232363,0.4817351598173516,0.3561846473029046
2024,2024-08-08,483,0.296127562642369,0.34782608695652173,0.4806378132118451,0.3554472049689441
2024,2024-08-08,484,0.29545454545454547,0.34710743801652894,0.47954545454545455,0.3547128099173554
2024,2024-08-09,485,0.2947845804988662,0.3463917525773196,0.47845804988662133,0.3539814432989691
2024,2024-08-09,486,0.29638009049773756,0.3477366255144033,0.4819004524886878,0.35583333333333333
2024,2024-08-09,487,0.29571106094808125,0.3470225872689938,0.48081264108352145,0.35510266940451746
2024,2024-08-09,488,0.2972972972972973,0.3483606557377049,0.481981981981982,0.3561823770491803
2024,2024-08-10,489,0.2966292134831461,0.3476482617586912,0.48089887640449436,0.35545398773006137
2024,2024-08-10,490,0.2982062780269058,0.3489795918367347,0.4820627802690583,0.3565285714285715
2024,2024-08-10,491,0.2975391498881432,0.34826883910386963,0.4809843400447427,0.3558024439918534
2024,2024-08-10,492,0.296875,0.3475609756097561,0.4799107142857143,0.35507926829268294
2024,2024-08-11,493,0.2984409799554566,0.3488843813387424,0.48329621380846327,0.3569026369168357
2024,2024-08-11,494,0.29777777777777775,0.3481781376518219,0.4822222222222222,0.35618016194331986
2024,2024-08-11,495,0.29711751662971175,0.3474747474747475,0.4811529933481153,0.3554606060606061
2024,2024-08-11,496,0.29646017699115046,0.3467741935483871,0.48008849557522126,0.35474395161290323
2024,2024-08-13,497,0.2958057395143488,0.3460764587525151,0.47902869757174393,0.3540301810865191
2024,2024-08-13,498,0.2958057395143488,0.3473895582329317,0.47902869757174393,0.35470281124497993
2024,2024-08-13,499,0.29515418502202645,0.3466933867735471,0.4779735682819383,0.35399198396793585
2024,2024-08-13,500,0.2945054945054945,0.346,0.47692307692307695,0.353284
2024,2024-08-14,501,0.29385964912280704,0.34530938123752497,0.4758771929824561,0.35257884231536923
2024,2024-08-14,502,0.29321663019693656,0.34462151394422313,0.474835886214442,0.35187649402390436
2024,2024-08-14,503,0.29475982532751094,0.34592445328031807,0.4759825327510917,0.35293041749502985
2024,2024-08-14,504,0.2962962962962963,0.3472222222222222,0.477124183006536,0.35398015873015876
2024,2024-08-15,505,0.29782608695652174,0.3485148514851485,0.48478260869565215,0.3573386138613861
2024,2024-08-15,506,0.29718004338394793,0.34782608695652173,0.4837310195227766,0.3566324110671937
2024,2024-08-15,507,0.29653679653679654,0.34714003944773175,0.48268398268398266,0.35592899408284023
2024,2024-08-15,508,0.2958963282937365,0.3464566929133858,0.4816414686825054,0.3552283464566929
2024,2024-08-15,509,0.2958963282937365,0.3477406679764244,0.4816414686825054,0.35594499017681724
2024,2024-08-16,510,0.2974137931034483,0.34901960784313724,0.4827586206896552,0.3569764705882353
2024,2024-08-16,511,0.2967741935483871,0.34833659491193736,0.4817204301075269,0.35627788649706454
2024,2024-08-16,512,0.296137339055794,0.34765625,0.48068669527896996,0.35558203125
2024,2024-08-16,513,0.2955032119914347,0.3469785575048733,0.4796573875802998,0.35488888888888886
2024,2024-08-17,514,0.2948717948717949,0.3463035019455253,0.47863247863247865,0.35419844357976654
2024,2024-08-17,515,0.2948717948717949,0.34757281553398056,0.47863247863247865,0.35484854368932034
2024,2024-08-17,516,0.29637526652452023,0.3488372093023256,0.47974413646055436,0.3558701550387597
2024,2024-08-17,517,0.2957446808510638,0.3481624758220503,0.4787234042553192,0.35518181818181815
2024,2024-08-18,518,0.29723991507430997,0.34942084942084944,0.47983014861995754,0.3561988416988417
2024,2024-08-18,519,0.2966101694915254,0.348747591522158,0.4788135593220339,0.3555125240847784
2024,2024-08-18,520,0.2959830866807611,0.34807692307692306,0.47780126849894294,0.35482884615384613
2024,2024-08-18,521,0.29535864978902954,0.3474088291746641,0.4767932489451477,0.35414779270633395
2024,2024-08-20,522,0.2968421052631579,0.3486590038314176,0.47789473684210526,0.35515900383141763
2024,2024-08-20,523,0.29831932773109243,0.34990439770554493,0.4789915966386555,0.3561663479923518
2024,2024-08-20,524,0.2976939203354298,0.34923664122137404,0.4779874213836478,0.3554866412213741
2024,2024-08-20,525,0.29707112970711297,0.3485714285714286,0.4769874476987448,0.3548095238095238
2024,2024-08-21,526,0.2964509394572025,0.34790874524714827,0.4759916492693111,0.35413498098859314
2024,2024-08-21,527,0.29583333333333334,0.34724857685009486,0.475,0.3534629981024668
2024,2024-08-21,528,0.29521829521829523,0.3465909090909091,0.47401247401247404,0.3527935606060606
2024,2024-08-21,529,0.2946058091286307,0.34593572778827975,0.4730290456431535,0.35212665406427224
2024,2024-08-23,530,0.2939958592132505,0.3452830188679245,0.4720496894409938,0.3514622641509434
2024,2024-08-23,531,0.29338842975206614,0.3446327683615819,0.47107438016528924,0.3508003766478343
2024,2024-08-23,532,0.2927835051546392,0.34398496240601506,0.47010309278350515,0.35014097744360906
2024,2024-08-23,533,0.294238683127572,0.3452157598499062,0.4711934156378601,0.35113883677298313
2024,2024-08-24,534,0.2936344969199179,0.3445692883895131,0.4702258726899384,0.3504812734082397
2024,2024-08-24,535,0.2930327868852459,0.34392523364485983,0.4692622950819672,0.34982616822429907
2024,2024-08-24,536,0.29243353783231085,0.34328358208955223,0.46830265848670755,0.3491735074626866
2024,2024-08-24,537,0.29183673469387755,0.3426443202979516,0.4673469387755102,0.3485232774674116
2024,2024-08-24,538,0.29124236252545826,0.3420074349442379,0.4663951120162933,0.34787546468401487
2024,2024-08-25,539,0.29065040650406504,0.34137291280148424,0.4654471544715447,0.34723005565862713
2024,2024-08-25,540,0.2920892494929006,0.3425925925925926,0.4665314401622718,0.34822037037037035
2024,2024-08-25,541,0.291497975708502,0.3419593345656192,0.46558704453441296,0.3475767097966728
2024,2024-08-25,542,0.291497975708502,0.34317343173431736,0.46558704453441296,0.34820664206642066
2024,2024-08-25,543,0.29292929292929293,0.3443830570902394,0.4666666666666667,0.34918968692449354
2024,2024-08-26,544,0.2923387096774194,0.34375,0.4657258064516129,0.348547794117647
2024,2024-08-26,545,0.2917505030181087,0.3431192660550459,0.4647887323943662,0.3479082568807339
2024,2024-08-26,546,0.29116465863453816,0.3424908424908425,0.463855421686747,0.34727106227106225
2024,2024-08-26,547,0.2905811623246493,0.34186471663619744,0.46292585170340683,0.346636197440585
2024,2024-08-27,548,0.29,0.34124087591240876,0.462,0.3460036496350365
2024,2024-08-27,549,0.2894211576846307,0.3406193078324226,0.46107784431137727,0.3453734061930783
2024,2024-08-27,550,0.28884462151394424,0.34,0.4601593625498008,0.3447454545454545
2024,2024-08-27,551,0.29025844930417494,0.3411978221415608,0.46322067594433397,0.3463956442831216
2024,2024-08-28,552,0.2896825396825397,0.34057971014492755,0.4623015873015873,0.345768115942029
2024,2024-08-28,553,0.2891089108910891,0.3399638336347197,0.4613861386138614,0.34514285714285714
2024,2024-08-28,554,0.2885375494071146,0.33935018050541516,0.46047430830039526,0.3445198555956679
2024,2024-08-28,555,0.28994082840236685,0.34054054054054056,0.46153846153846156,0.3454882882882883
2024,2024-08-29,556,0.28937007874015747,0.33992805755395683,0.46062992125984253,0.34486690647482016
2024,2024-09-15,557,0.2907662082514735,0.34111310592459604,0.46168958742632615,0.3458312387791741
2024,2024-09-15,558,0.2901960784313726,0.34050179211469533,0.46078431372549017,0.34521146953405013
2024,2024-09-15,559,0.2896281800391389,0.33989266547406083,0.4598825831702544,0.34459391771019676
2024,2024-09-15,560,0.2890625,0.3392857142857143,0.458984375,0.3439785714285714
2024,2024-09-16,561,0.2884990253411306,0.33868092691622104,0.4580896686159844,0.34336541889483063
2024,2024-09-16,562,0.28793774319066145,0.33807829181494664,0.4571984435797665,0.3427544483985765
2024,2024-09-16,563,0.287378640776699,0.33747779751332146,0.4563106796116505,0.34214564831261096
2024,2024-09-16,564,0.2868217054263566,0.33687943262411346,0.45542635658914726,0.34153900709219853
2024,2024-09-18,565,0.28820116054158607,0.3380530973451327,0.4622823984526112,0.3445628318584071
2024,2024-09-18,566,0.28820116054158607,0.3392226148409894,0.4622823984526112,0.34517137809187276
2024,2024-09-18,567,0.2876447876447876,0.3386243386243386,0.4613899613899614,0.34456261022927687
2024,2024-09-18,568,0.28709055876685935,0.3380281690140845,0.4605009633911368,0.3439559859154929
2024,2024-09-19,569,0.2865384615384615,0.3374340949033392,0.4596153846153846,0.3433514938488576
2024,2024-09-19,570,0.28598848368522073,0.3368421052631579,0.45873320537428025,0.3427491228070175
2024,2024-09-19,571,0.28544061302681994,0.3362521891418564,0.4578544061302682,0.34214886164623465
2024,2024-09-19,572,0.28489483747609945,0.3356643356643357,0.4569789674952199,0.34155069930069926
2024,2024-09-20,573,0.2862595419847328,0.3368237347294939,0.4580152671755725,0.34249389179755674
2024,2024-09-20,574,0.2876190476190476,0.33797909407665505,0.45904761904761904,0.34343379790940765
2024,2024-09-20,575,0.2889733840304182,0.3391304347826087,0.46577946768060835,0.3464017391304348
2024,2024-09-20,576,0.2903225806451613,0.3402777777777778,0.4667931688804554,0.3473315972222222
2024,2024-09-20,577,0.2897727272727273,0.3396880415944541,0.4659090909090909,0.34672963604852686
2024,2024-09-21,578,0.2892249527410208,0.3391003460207612,0.46502835538752363,0.3461297577854671
2024,2024-09-21,579,0.28867924528301886,0.3385146804835924,0.4641509433962264,0.3455319516407599
2024,2024-09-21,580,0.288135593220339,0.33793103448275863,0.4632768361581921,0.3449362068965517
2024,2024-09-21,581,0.287593984962406,0.3373493975903614,0.462406015037594,0.34434251290877793
2024,2024-09-22,582,0.28893058161350843,0.3384879725085911,0.4634146341463415,0.34526632302405497
2024,2024-09-22,583,0.2883895131086142,0.3379073756432247,0.46254681647940077,0.3446740994854202
2024,2024-09-22,584,0.28785046728971964,0.3373287671232877,0.4616822429906542,0.34408390410958906
2024,2024-09-22,585,0.2873134328358209,0.3367521367521368,0.4608208955223881,0.34349572649572646
2024,2024-09-23,586,0.28677839851024206,0.3361774744027304,0.45996275605214154,0.34290955631399317
2024,2024-09-23,587,0.28677839851024206,0.3373083475298126,0.45996275605214154,0.3434991482112436
2024,2024-09-23,588,0.2862453531598513,0.336734693877551,0.4591078066914498,0.34291496598639454
2024,2024-09-23,589,0.2857142857142857,0.3361629881154499,0.4582560296846011,0.3423327674023769
2024,2024-09-24,590,0.2851851851851852,0.33559322033898303,0.45740740740740743,0.34175254237288133
2024,2024-09-24,591,0.2846580406654344,0.3350253807106599,0.4565619223659889,0.3411742808798646
2024,2024-09-24,592,0.28413284132841327,0.3344594594594595,0.45571955719557194,0.34059797297297295
2024,2024-09-24,593,0.283609576427256,0.33389544688026984,0.4548802946593002,0.3400236087689713
2024,2024-09-27,594,0.28308823529411764,0.3333333333333333,0.4540441176470588,0.33945117845117845
2024,2024-09-27,595,0.28256880733944956,0.33277310924369746,0.45321100917431195,0.33888067226890756
2024,2024-09-27,596,0.28205128205128205,0.33221476510067116,0.4523809523809524,0.33831208053691275
2024,2024-09-27,597,0.28153564899451555,0.3316582914572864,0.4515539305301645,0.33774539363484085
2024,2024-09-28,598,0.28102189781021897,0.3311036789297659,0.45072992700729925,0.3371806020066889
2024,2024-09-28,599,0.28051001821493626,0.330550918196995,0.44990892531876137,0.3366176961602671
2024,2024-09-28,600,0.28,0.33,0.4490909090909091,0.33605666666666667
2024,2024-09-28,601,0.279491833030853,0.32945091514143093,0.4482758620689655,0.33549750415973373
2024,2024-09-29,602,0.27898550724637683,0.3289036544850498,0.447463768115942,0.33494019933554814
2024,2024-09-29,603,0.27848101265822783,0.3283582089552239,0.44665461121157324,0.3343847429519071
2024,2024-09-29,604,0.2779783393501805,0.32781456953642385,0.44584837545126355,0.33383112582781455
2024,2024-09-29,605,0.27927927927927926,0.32892561983471075,0.44684684684684683,0.33473719008264463
2024,2024-10-05,606,0.2787769784172662,0.32838283828382836,0.4460431654676259,0.33418481848184817
2024,2024-10-05,607,0.27827648114901254,0.32784184514003295,0.4452423698384201,0.3336342668863262
2024,2024-10-05,608,0.2777777777777778,0.32730263157894735,0.4444444444444444,0.33308552631578947
2024,2024-10-05,609,0.2772808586762075,0.32676518883415434,0.44364937388193204,0.33253858784893264
2024,2024-10-06,610,0.2767857142857143,0.3262295081967213,0.44285714285714284,0.33199344262295083
2024,2024-10-06,611,0.27629233511586454,0.32569558101472995,0.44206773618538325,0.3314500818330605
2024,2024-10-08,612,0.27580071174377224,0.32516339869281047,0.4412811387900356,0.3309084967320261
2024,2024-10-08,613,0.27708703374777977,0.3262642740619902,0.4422735346358792,0.3318075040783034
2024,2024-10-08,614,0.2765957446808511,0.3257328990228013,0.44148936170212766,0.3312671009771987
2024,2024-10-08,615,0.2761061946902655,0.3252032520325203,0.4407079646017699,0.33072845528455286
2024,2024-10-09,616,0.2756183745583039,0.3246753246753247,0.43992932862190814,0.33019155844155845
2024,2024-10-09,617,0.2751322751322751,0.3241491085899514,0.43915343915343913,0.32965640194489465
2024,2024-10-09,618,0.2751322751322751,0.32524271844660196,0.43915343915343913,0.33023786407766986
2024,2024-10-09,619,0.2746478873239437,0.3247172859450727,0.43838028169014087,0.32970436187399027
2025,2025-03-27,1,0.0,0.0,0.0,0.0
2025,2025-03-27,2,0.0,0.0,0.0,0.0
2025,2025-03-27,3,0.0,0.0,0.0,0.0
2025,2025-03-27,4,0.25,0.25,0.25,0.2205
2025,2025-03-27,5,0.4,0.4,0.6,0.42679999999999996
2025,2025-03-29,6,0.4,0.5,0.6,0.4708333333333334
2025,2025-03-29,7,0.5,0.5714285714285714,0.6666666666666666,0.5295714285714286
2025,2025-03-29,8,0.42857142857142855,0.5,0.5714285714285714,0.463375
2025,2025-03-29,9,0.5,0.5555555555555556,0.625,0.509888888888889
2025,2025-03-29,10,0.4444444444444444,0.5,0.5555555555555556,0.45890000000000003
2025,2025-03-29,11,0.4,0.45454545454545453,0.5,0.4171818181818182
2025,2025-03-30,12,0.36363636363636365,0.4166666666666667,0.45454545454545453,0.3824166666666667
2025,2025-03-30,13,0.3333333333333333,0.38461538461538464,0.4166666666666667,0.35300000000000004
2025,2025-03-30,14,0.3076923076923077,0.35714285714285715,0.38461538461538464,0.3277857142857143
2025,2025-03-30,15,0.2857142857142857,0.3333333333333333,0.35714285714285715,0.30593333333333333
2025,2025-03-30,16,0.26666666666666666,0.3125,0.3333333333333333,0.2868125
2025,2025-03-31,17,0.25,0.29411764705882354,0.3125,0.26994117647058824
2025,2025-03-31,18,0.29411764705882354,0.3333333333333333,0.35294117647058826,0.30394444444444446
2025,2025-03-31,19,0.2777777777777778,0.3157894736842105,0.3333333333333333,0.2879473684210526
2025,2025-03-31,20,0.2631578947368421,0.3,0.3157894736842105,0.27355
2025,2025-04-02,21,0.25,0.2857142857142857,0.3,0.26052380952380955
2025,2025-04-02,22,0.2857142857142857,0.3181818181818182,0.3333333333333333,0.28877272727272724
2025,2025-04-02,23,0.2727272727272727,0.30434782608695654,0.3181818181818182,0.2762173913043478
2025,2025-04-02,24,0.2608695652173913,0.2916666666666667,0.30434782608695654,0.2647083333333333
2025,2025-04-03,25,0.25,0.28,0.2916666666666667,0.25412
2025,2025-04-03,26,0.28,0.3076923076923077,0.32,0.27826923076923077
2025,2025-04-03,27,0.2692307692307692,0.2962962962962963,0.3076923076923077,0.26796296296296296
2025,2025-04-03,28,0.25925925925925924,0.2857142857142857,0.2962962962962963,0.25839285714285715
2025,2025-04-04,29,0.25,0.27586206896551724,0.2857142857142857,0.24948275862068967
2025,2025-04-04,30,0.2413793103448276,0.26666666666666666,0.27586206896551724,0.24116666666666667
2025,2025-04-04,31,0.23333333333333334,0.25806451612903225,0.26666666666666666,0.23338709677419356
2025,2025-04-04,32,0.22580645161290322,0.25,0.25806451612903225,0.22609375
2025,2025-04-05,33,0.21875,0.24242424242424243,0.25,0.21924242424242424
2025,2025-04-05,34,0.21212121212121213,0.23529411764705882,0.24242424242424243,0.21279411764705883
2025,2025-04-05,35,0.20588235294117646,0.22857142857142856,0.23529411764705882,0.2067142857142857
2025,2025-04-05,36,0.2,0.2222222222222222,0.22857142857142856,0.20097222222222222
2025,2025-04-08,37,0.2222222222222222,0.24324324324324326,0.25,0.2193783783783784
2025,2025-04-08,38,0.21621621621621623,0.23684210526315788,0.24324324324324326,0.21360526315789477
2025,2025-04-08,39,0.21052631578947367,0.23076923076923078,0.23684210526315788,0.20812820512820515
2025,2025-04-08,40,0.20512820512820512,0.225,0.23076923076923078,0.20292500000000002
2025,2025-04-08,41,0.2,0.21951219512195122,0.225,0.19797560975609757
2025,2025-04-09,42,0.1951219512195122,0.21428571428571427,0.21951219512195122,0.19326190476190477
2025,2025-04-09,43,0.19047619047619047,0.20930232558139536,0.21428571428571427,0.18876744186046512
2025,2025-04-09,44,0.18604651162790697,0.20454545454545456,0.20930232558139536,0.18447727272727274
2025,2025-04-09,45,0.18181818181818182,0.2,0.20454545454545456,0.1803777777777778
2025,2025-04-09,46,0.17777777777777778,0.1956521739130435,0.2,0.17645652173913046
2025,2025-04-10,47,0.17391304347826086,0.19148936170212766,0.1956521739130435,0.1727021276595745
2025,2025-04-10,48,0.1702127659574468,0.1875,0.19148936170212766,0.1691041666666667
2025,2025-04-10,49,0.16666666666666666,0.1836734693877551,0.1875,0.1656530612244898
2025,2025-04-10,50,0.16326530612244897,0.18,0.1836734693877551,0.16234
2025,2025-04-10,51,0.16,0.17647058823529413,0.18,0.15915686274509805
2025,2025-04-11,52,0.1568627450980392,0.17307692307692307,0.17647058823529413,0.15609615384615386
2025,2025-04-11,53,0.15384615384615385,0.16981132075471697,0.17307692307692307,0.15315094339622642
2025,2025-04-11,54,0.1509433962264151,0.16666666666666666,0.16981132075471697,0.15031481481481482
2025,2025-04-12,55,0.14814814814814814,0.16363636363636364,0.16666666666666666,0.1475818181818182
2025,2025-04-12,56,0.14545454545454545,0.16071428571428573,0.16363636363636364,0.1449464285714286
2025,2025-04-12,57,0.16071428571428573,0.17543859649122806,0.17857142857142858,0.15787719298245614
2025,2025-04-12,58,0.15789473684210525,0.1724137931034483,0.17543859649122806,0.15515517241379312
2025,2025-04-13,59,0.15517241379310345,0.1694915254237288,0.1724137931034483,0.15252542372881356
2025,2025-04-13,60,0.15254237288135594,0.16666666666666666,0.1694915254237288,0.14998333333333333
2025,2025-04-13,61,0.15,0.16393442622950818,0.16666666666666666,0.14752459016393443
2025,2025-04-14,62,0.14754098360655737,0.16129032258064516,0.16393442622950818,0.1451451612903226
2025,2025-04-14,63,0.16129032258064516,0.1746031746031746,0.1935483870967742,0.1627142857142857
2025,2025-04-14,64,0.15873015873015872,0.171875,0.19047619047619047,0.160171875
2025,2025-04-14,65,0.15625,0.16923076923076924,0.1875,0.1577076923076923
2025,2025-04-15,66,0.15384615384615385,0.16666666666666666,0.18461538461538463,0.1553181818181818
2025,2025-04-15,67,0.15151515151515152,0.16417910447761194,0.18181818181818182,0.153
2025,2025-04-15,68,0.16417910447761194,0.17647058823529413,0.19402985074626866,0.16372058823529412
2025,2025-04-15,69,0.16176470588235295,0.17391304347826086,0.19117647058823528,0.16134782608695653
2025,2025-04-16,70,0.15942028985507245,0.17142857142857143,0.18840579710144928,0.15904285714285715
2025,2025-04-16,71,0.17142857142857143,0.18309859154929578,0.2,0.16922535211267606
2025,2025-04-16,72,0.16901408450704225,0.18055555555555555,0.19718309859154928,0.166875
2025,2025-04-16,73,0.16666666666666666,0.1780821917808219,0.19444444444444445,0.16458904109589043
2025,2025-04-17,74,0.1780821917808219,0.1891891891891892,0.2328767123287671,0.18377027027027026
2025,2025-04-17,75,0.17567567567567569,0.18666666666666668,0.22972972972972974,0.18132
2025,2025-04-17,76,0.17333333333333334,0.18421052631578946,0.22666666666666666,0.17893421052631578
2025,2025-04-18,77,0.18421052631578946,0.19480519480519481,0.23684210526315788,0.18806493506493507
2025,2025-04-18,78,0.18181818181818182,0.19230769230769232,0.23376623376623376,0.18565384615384614
2025,2025-04-18,79,0.1794871794871795,0.189873417721519,0.23076923076923078,0.18330379746835443
2025,2025-04-18,80,0.17721518987341772,0.1875,0.22784810126582278,0.1810125
2025,2025-04-19,81,0.175,0.18518518518518517,0.225,0.17877777777777779
2025,2025-04-19,82,0.18518518518518517,0.1951219512195122,0.2345679012345679,0.18735365853658537
2025,2025-04-19,83,0.1951219512195122,0.20481927710843373,0.25609756097560976,0.2001807228915663
2025,2025-04-19,84,0.1927710843373494,0.20238095238095238,0.25301204819277107,0.19779761904761908
2025,2025-04-19,85,0.1927710843373494,0.21176470588235294,0.25301204819277107,0.20396470588235294
2025,2025-04-20,86,0.19047619047619047,0.20930232558139536,0.25,0.20159302325581396
2025,2025-04-20,87,0.2,0.21839080459770116,0.27058823529411763,0.21366666666666664
2025,2025-04-20,88,0.19767441860465115,0.2159090909090909,0.26744186046511625,0.21123863636363635
2025,2025-04-20,89,0.19540229885057472,0.21348314606741572,0.26436781609195403,0.20886516853932582
2025,2025-04-20,90,0.19318181818181818,0.2111111111111111,0.26136363636363635,0.20654444444444442
2025,2025-04-21,91,0.19101123595505617,0.2087912087912088,0.25842696629213485,0.20427472527472526
2025,2025-04-21,92,0.19101123595505617,0.21739130434782608,0.25842696629213485,0.20990217391304347
2025,2025-04-21,93,0.18888888888888888,0.21505376344086022,0.25555555555555554,0.20764516129032257
2025,2025-04-21,94,0.1978021978021978,0.22340425531914893,0.26373626373626374,0.21481914893617024
2025,2025-04-22,95,0.20652173913043478,0.23157894736842105,0.2717391304347826,0.2218421052631579
2025,2025-04-22,96,0.20430107526881722,0.22916666666666666,0.26881720430107525,0.21953124999999998
2025,2025-04-22,97,0.2127659574468085,0.23711340206185566,0.2765957446808511,0.22636082474226804
2025,2025-04-22,98,0.21052631578947367,0.23469387755102042,0.2736842105263158,0.22405102040816327
2025,2025-04-23,99,0.21875,0.24242424242424243,0.28125,0.23069696969696968
2025,2025-04-23,100,0.2268041237113402,0.25,0.28865979381443296,0.23721
2025,2025-04-23,101,0.22448979591836735,0.24752475247524752,0.2857142857142857,0.23486138613861388
2025,2025-04-23,102,0.2222222222222222,0.24509803921568626,0.2828282828282828,0.23255882352941176
2025,2025-04-23,103,0.23,0.2524271844660194,0.29,0.23886407766990292
2025,2025-04-25,104,0.22772277227722773,0.25,0.2871287128712871,0.23656730769230772
2025,2025-04-25,105,0.22549019607843138,0.24761904761904763,0.28431372549019607,0.23431428571428572
2025,2025-04-25,106,0.22549019607843138,0.25471698113207547,0.28431372549019607,0.23862264150943396
2025,2025-04-25,107,0.22330097087378642,0.2523364485981308,0.2815533980582524,0.236392523364486
2025,2025-04-26,108,0.22115384615384615,0.25,0.27884615384615385,0.23420370370370372
2025,2025-04-26,109,0.22857142857142856,0.25688073394495414,0.2857142857142857,0.2401467889908257
2025,2025-04-26,110,0.22641509433962265,0.2545454545454545,0.2830188679245283,0.23796363636363638
2025,2025-04-26,111,0.22429906542056074,0.25225225225225223,0.2803738317757009,0.23581981981981984
2025,2025-04-27,112,0.2222222222222222,0.25,0.2777777777777778,0.23371428571428574
2025,2025-04-27,113,0.22018348623853212,0.24778761061946902,0.27522935779816515,0.23164601769911505
2025,2025-04-27,114,0.22018348623853212,0.2543859649122807,0.27522935779816515,0.23567543859649123
2025,2025-04-27,115,0.22018348623853212,0.25217391304347825,0.27522935779816515,0.23362608695652173
2025,2025-04-29,116,0.21818181818181817,0.25,0.2727272727272727,0.23161206896551725
2025,2025-04-29,117,0.21621621621621623,0.24786324786324787,0.2702702702702703,0.22963247863247865
2025,2025-04-29,118,0.21428571428571427,0.2457627118644068,0.26785714285714285,0.22768644067796612
2025,2025-04-29,119,0.22123893805309736,0.25210084033613445,0.2743362831858407,0.23318487394957982
2025,2025-05-01,120,0.21929824561403508,0.25,0.2719298245614035,0.23124166666666665
2025,2025-05-01,121,0.22608695652173913,0.256198347107438,0.2782608695652174,0.2366198347107438
2025,2025-05-01,122,0.22413793103448276,0.2540983606557377,0.27586206896551724,0.23468032786885246
2025,2025-05-01,123,0.2222222222222222,0.25203252032520324,0.27350427350427353,0.23277235772357724
2025,2025-05-02,124,0.22033898305084745,0.25,0.2711864406779661,0.2308951612903226
2025,2025-05-02,125,0.2184873949579832,0.248,0.2689075630252101,0.229048
2025,2025-05-02,126,0.21666666666666667,0.24603174603174602,0.26666666666666666,0.22723015873015873
2025,2025-05-03,127,0.2231404958677686,0.25196850393700787,0.2727272727272727,0.23238582677165356
2025,2025-05-03,128,0.22131147540983606,0.25,0.27049180327868855,0.2305703125
2025,2025-05-03,129,0.22131147540983606,0.2558139534883721,0.27049180327868855,0.2343798449612403
2025,2025-05-03,130,0.21951219512195122,0.25384615384615383,0.2682926829268293,0.23257692307692307
2025,2025-05-04,131,0.21951219512195122,0.2595419847328244,0.2682926829268293,0.2360763358778626
2025,2025-05-04,132,0.21774193548387097,0.25757575757575757,0.2661290322580645,0.23428787878787877
2025,2025-05-04,133,0.224,0.2631578947368421,0.28,0.24193984962406012
2025,2025-05-04,134,0.2222222222222222,0.26119402985074625,0.2777777777777778,0.24013432835820894
2025,2025-05-04,135,0.2283464566929134,0.26666666666666666,0.28346456692913385,0.2448888888888889
2025,2025-05-06,136,0.234375,0.27205882352941174,0.3125,0.25806617647058827
2025,2025-05-06,137,0.23255813953488372,0.27007299270072993,0.31007751937984496,0.25618248175182484
2025,2025-05-06,138,0.23076923076923078,0.26811594202898553,0.3076923076923077,0.25432608695652176
2025,2025-05-06,139,0.2366412213740458,0.2733812949640288,0.31297709923664124,0.258841726618705
2025,2025-05-07,140,0.24242424242424243,0.2785714285714286,0.3181818181818182,0.2632928571428571
2025,2025-05-07,141,0.24060150375939848,0.2765957446808511,0.3157894736842105,0.2614255319148936
2025,2025-05-07,142,0.23880597014925373,0.2746478873239437,0.31343283582089554,0.2595845070422535
2025,2025-05-07,143,0.23703703703703705,0.2727272727272727,0.3111111111111111,0.25776923076923075
2025,2025-05-08,144,0.2426470588235294,0.2777777777777778,0.3161764705882353,0.2621041666666667
2025,2025-05-08,145,0.24087591240875914,0.27586206896551724,0.31386861313868614,0.26029655172413796
2025,2025-05-08,146,0.2391304347826087,0.273972602739726,0.3115942028985507,0.258513698630137
2025,2025-05-08,147,0.23741007194244604,0.272108843537415,0.30935251798561153,0.25675510204081636
2025,2025-05-09,148,0.23741007194244604,0.27702702702702703,0.30935251798561153,0.25968918918918915
2025,2025-05-09,149,0.24285714285714285,0.28187919463087246,0.3142857142857143,0.26386577181208054
2025,2025-05-09,150,0.24113475177304963,0.28,0.3120567375886525,0.2621066666666667
2025,2025-05-09,151,0.23943661971830985,0.2781456953642384,0.30985915492957744,0.26037086092715234
2025,2025-05-11,152,0.23943661971830985,0.28289473684210525,0.30985915492957744,0.26320394736842107
2025,2025-05-11,153,0.24475524475524477,0.2875816993464052,0.3146853146853147,0.2672483660130719
2025,2025-05-11,154,0.25,0.2922077922077922,0.3194444444444444,0.2712402597402597
2025,2025-05-11,155,0.2482758620689655,0.2903225806451613,0.31724137931034485,0.26949032258064515
2025,2025-05-12,156,0.2465753424657534,0.28846153846153844,0.3150684931506849,0.2677628205128205
2025,2025-05-12,157,0.24489795918367346,0.28662420382165604,0.3129251700680272,0.26605732484076433
2025,2025-05-12,158,0.25,0.2911392405063291,0.31756756756756754,0.2699556962025316
2025,2025-05-12,159,0.2550335570469799,0.29559748427672955,0.3221476510067114,0.27380503144654084
2025,2025-05-14,160,0.2550335570469799,0.3,0.3221476510067114,0.2764125
2025,2025-05-14,161,0.25333333333333335,0.2981366459627329,0.32,0.27469565217391306
2025,2025-05-14,162,0.25165562913907286,0.2962962962962963,0.31788079470198677,0.273
2025,2025-05-14,163,0.25,0.294478527607362,0.3157894736842105,0.27132515337423313
2025,2025-05-14,164,0.2549019607843137,0.29878048780487804,0.33986928104575165,0.28209146341463415
2025,2025-05-14,165,0.2532467532467532,0.296969696969697,0.33766233766233766,0.2803818181818182
2025,2025-05-14,166,0.25806451612903225,0.30120481927710846,0.34838709677419355,0.28623493975903613
2025,2025-05-16,167,0.25806451612903225,0.30538922155688625,0.34838709677419355,0.28865868263473055
2025,2025-05-16,168,0.2564102564102564,0.30357142857142855,0.34615384615384615,0.2869404761904762
2025,2025-05-16,169,0.2611464968152866,0.3076923076923077,0.3503184713375796,0.2904615384615385
2025,2025-05-16,170,0.2611464968152866,0.3058823529411765,0.3503184713375796,0.2887529411764706
2025,2025-05-17,171,0.25949367088607594,0.30409356725146197,0.34810126582278483,0.28706432748538013
2025,2025-05-17,172,0.2641509433962264,0.3081395348837209,0.3522012578616352,0.2905232558139535
2025,2025-05-17,173,0.2625,0.3063583815028902,0.35,0.28884393063583813
2025,2025-05-17,174,0.2608695652173913,0.3045977011494253,0.34782608695652173,0.287183908045977
2025,2025-05-18,175,0.25925925925925924,0.3028571428571429,0.345679012345679,0.28554285714285715
2025,2025-05-18,176,0.25766871165644173,0.30113636363636365,0.34355828220858897,0.28392045454545456
2025,2025-05-18,177,0.25609756097560976,0.2994350282485876,0.34146341463414637,0.28231638418079097
2025,2025-05-19,178,0.2545454545454545,0.29775280898876405,0.3393939393939394,0.2807303370786517
2025,2025-05-19,179,0.25301204819277107,0.29608938547486036,0.3373493975903614,0.27916201117318434
2025,2025-05-19,180,0.25748502994011974,0.3,0.3413173652694611,0.2825111111111111
2025,2025-05-19,181,0.2619047619047619,0.30386740331491713,0.3630952380952381,0.2922044198895028
2025,2025-05-19,182,0.2603550295857988,0.3021978021978022,0.3609467455621302,0.29059890109890113
2025,2025-05-20,183,0.25882352941176473,0.3005464480874317,0.3588235294117647,0.2890109289617486
2025,2025-05-20,184,0.2573099415204678,0.29891304347826086,0.3567251461988304,0.2874402173913044
2025,2025-05-20,185,0.2558139534883721,0.2972972972972973,0.3546511627906977,0.2858864864864865
2025,2025-05-20,186,0.26011560693641617,0.3010752688172043,0.3583815028901734,0.28909139784946236
2025,2025-05-20,187,0.26436781609195403,0.3048128342245989,0.3620689655172414,0.2922620320855615
2025,2025-05-21,188,0.26285714285714284,0.30319148936170215,0.36,0.29070744680851063
2025,2025-05-21,189,0.26136363636363635,0.30158730158730157,0.35795454545454547,0.2891693121693122
2025,2025-05-21,190,0.2655367231638418,0.30526315789473685,0.3615819209039548,0.2922894736842105
2025,2025-05-21,191,0.2640449438202247,0.3036649214659686,0.3595505617977528,0.2907591623036649
2025,2025-05-21,192,0.26256983240223464,0.3020833333333333,0.3575418994413408,0.28924479166666667
2025,2025-05-22,193,0.2611111111111111,0.3005181347150259,0.35555555555555557,0.2877461139896373
2025,2025-05-22,194,0.26519337016574585,0.30412371134020616,0.36464088397790057,0.29271649484536083
2025,2025-05-22,195,0.26373626373626374,0.30256410256410254,0.3626373626373626,0.2912153846153846
2025,2025-05-23,196,0.2677595628415301,0.30612244897959184,0.366120218579235,0.2942295918367347
2025,2025-05-23,197,0.266304347826087,0.30456852791878175,0.3641304347826087,0.29273604060913705
2025,2025-05-23,198,0.2648648648648649,0.30303030303030304,0.3621621621621622,0.2912575757575757
2025,2025-05-23,199,0.26881720430107525,0.3065326633165829,0.3709677419354839,0.29608542713567837
2025,2025-05-24,200,0.26737967914438504,0.305,0.3689839572192513,0.294605
2025,2025-05-24,201,0.2712765957446808,0.30845771144278605,0.3882978723404255,0.30327363184079603
2025,2025-05-24,202,0.2698412698412698,0.3069306930693069,0.3862433862433862,0.30177227722772276
2025,2025-05-24,203,0.26842105263157895,0.3054187192118227,0.38421052631578945,0.30028571428571427
2025,2025-05-24,204,0.2670157068062827,0.30392156862745096,0.38219895287958117,0.2988137254901961
2025,2025-05-25,205,0.265625,0.3024390243902439,0.3802083333333333,0.2973560975609756
2025,2025-05-25,206,0.2694300518134715,0.3058252427184466,0.38341968911917096,0.30019417475728155
2025,2025-05-25,207,0.26804123711340205,0.30434782608695654,0.38144329896907214,0.29874396135265696
2025,2025-05-25,208,0.2717948717948718,0.3076923076923077,0.38461538461538464,0.30154807692307695
2025,2025-05-27,209,0.2717948717948718,0.31100478468899523,0.38461538461538464,0.3034114832535885
2025,2025-05-27,210,0.27040816326530615,0.30952380952380953,0.3826530612244898,0.30196666666666666
2025,2025-05-27,211,0.26903553299492383,0.3080568720379147,0.38071065989847713,0.30053554502369667
2025,2025-05-27,212,0.2727272727272727,0.3113207547169811,0.3838383838383838,0.30327830188679245
2025,2025-05-29,213,0.27638190954773867,0.3145539906103286,0.3869346733668342,0.3059953051643193
2025,2025-05-29,214,0.275,0.3130841121495327,0.385,0.3045654205607477
2025,2025-05-29,215,0.2736318407960199,0.3116279069767442,0.38308457711442784,0.30314883720930236
2025,2025-05-29,216,0.2722772277227723,0.3101851851851852,0.3811881188118812,0.3017453703703704
2025,2025-05-29,217,0.270935960591133,0.3087557603686636,0.3793103448275862,0.30035483870967744
2025,2025-05-29,218,0.2696078431372549,0.3073394495412844,0.37745098039215685,0.2989770642201835
2025,2025-05-29,219,0.2731707317073171,0.3105022831050228,0.3804878048780488,0.3016392694063927
2025,2025-05-29,220,0.27184466019417475,0.3090909090909091,0.3786407766990291,0.3002681818181818
2025,2025-05-29,221,0.27053140096618356,0.3076923076923077,0.37681159420289856,0.29890950226244345
2025,2025-05-30,222,0.2692307692307692,0.3063063063063063,0.375,0.29756306306306307
2025,2025-05-30,223,0.2679425837320574,0.30493273542600896,0.37320574162679426,0.2962286995515695
2025,2025-05-30,224,0.26666666666666666,0.30357142857142855,0.37142857142857144,0.29490625
2025,2025-05-30,225,0.26540284360189575,0.3022222222222222,0.3696682464454976,0.29359555555555555
2025,2025-05-31,226,0.2641509433962264,0.3008849557522124,0.36792452830188677,0.2922964601769911
2025,2025-05-31,227,0.2676056338028169,0.3039647577092511,0.38497652582159625,0.2999823788546256
2025,2025-05-31,228,0.26635514018691586,0.3026315789473684,0.38317757009345793,0.2986666666666667
2025,2025-05-31,229,0.26976744186046514,0.3056768558951965,0.386046511627907,0.3012139737991266
2025,2025-06-01,230,0.26851851851851855,0.30434782608695654,0.38425925925925924,0.29990434782608694
2025,2025-06-01,231,0.2672811059907834,0.30303030303030304,0.3824884792626728,0.2986060606060606
2025,2025-06-01,232,0.26605504587155965,0.3017241379310345,0.38073394495412843,0.29731896551724135
2025,2025-06-01,233,0.2648401826484018,0.30042918454935624,0.3789954337899543,0.2960429184549356
2025,2025-06-03,234,0.2681818181818182,0.3034188034188034,0.38181818181818183,0.29854700854700855
2025,2025-06-03,235,0.27149321266968324,0.30638297872340425,0.38461538461538464,0.30102978723404256
2025,2025-06-03,236,0.2702702702702703,0.3050847457627119,0.38288288288288286,0.2997542372881356
2025,2025-06-03,237,0.273542600896861,0.3080168776371308,0.38565022421524664,0.302210970464135
2025,2025-06-03,238,0.2767857142857143,0.31092436974789917,0.38839285714285715,0.30464705882352944
2025,2025-06-04,239,0.27555555555555555,0.30962343096234307,0.38666666666666666,0.3033723849372385
2025,2025-06-04,240,0.2743362831858407,0.30833333333333335,0.38495575221238937,0.3021083333333333
2025,2025-06-04,241,0.27312775330396477,0.3070539419087137,0.3832599118942731,0.30085477178423237
2025,2025-06-04,242,0.27631578947368424,0.30991735537190085,0.38596491228070173,0.3032561983471075
2025,2025-06-05,243,0.27510917030567683,0.30864197530864196,0.38427947598253276,0.30200823045267494
2025,2025-06-05,244,0.27510917030567683,0.3114754098360656,0.38427947598253276,0.30360245901639343
2025,2025-06-05,245,0.27391304347826084,0.31020408163265306,0.3826086956521739,0.3023632653061224
2025,2025-06-06,246,0.27391304347826084,0.3130081300813008,0.3826086956521739,0.3039430894308943
2025,2025-06-06,247,0.27705627705627706,0.3157894736842105,0.3852813852813853,0.3062834008097166
2025,2025-06-06,248,0.27586206896551724,0.31451612903225806,0.38362068965517243,0.3050483870967742
2025,2025-06-06,249,0.27467811158798283,0.3132530120481928,0.38197424892703863,0.30382329317269074
2025,2025-06-07,250,0.27350427350427353,0.312,0.3803418803418803,0.302608
2025,2025-06-07,251,0.2723404255319149,0.3107569721115538,0.37872340425531914,0.301402390438247
2025,2025-06-07,252,0.2754237288135593,0.3134920634920635,0.3855932203389831,0.30517460317460315
2025,2025-06-07,253,0.2742616033755274,0.31225296442687744,0.38396624472573837,0.3039683794466403
2025,2025-06-08,254,0.27310924369747897,0.3110236220472441,0.38235294117647056,0.3027716535433071
2025,2025-06-08,255,0.2719665271966527,0.30980392156862746,0.3807531380753138,0.30158431372549016
2025,2025-06-08,256,0.2708333333333333,0.30859375,0.37916666666666665,0.30040625
2025,2025-06-08,257,0.2697095435684647,0.30739299610894943,0.3775933609958506,0.2992373540856031
2025,2025-06-09,258,0.2727272727272727,0.31007751937984496,0.38016528925619836,0.3014961240310078
2025,2025-06-09,259,0.2757201646090535,0.3127413127413127,0.38271604938271603,0.30373745173745176
2025,2025-06-09,260,0.27459016393442626,0.31153846153846154,0.38114754098360654,0.3025692307692308
2025,2025-06-09,261,0.27346938775510204,0.3103448275862069,0.3795918367346939,0.3014099616858238
2025,2025-06-09,262,0.27235772357723576,0.30916030534351147,0.3780487804878049,0.30025954198473287
2025,2025-06-10,263,0.27530364372469635,0.311787072243346,0.3805668016194332,0.30247148288973386
2025,2025-06-10,264,0.27419354838709675,0.3106060606060606,0.3790322580645161,0.3013257575757576
2025,2025-06-10,265,0.27710843373493976,0.3132075471698113,0.3815261044176707,0.3035169811320755
2025,2025-06-10,266,0.28,0.3157894736842105,0.384,0.30569172932330824
2025,2025-06-11,267,0.2788844621513944,0.3146067415730337,0.38247011952191234,0.30454681647940074
2025,2025-06-11,268,0.2777777777777778,0.31343283582089554,0.38095238095238093,0.303410447761194
2025,2025-06-11,269,0.28063241106719367,0.3159851301115242,0.383399209486166,0.3055613382899628
2025,2025-06-11,270,0.28346456692913385,0.31851851851851853,0.39763779527559057,0.31197407407407407
2025,2025-06-13,271,0.28627450980392155,0.3210332103321033,0.4,0.3140774907749077
2025,2025-06-13,272,0.28515625,0.31985294117647056,0.3984375,0.31292279411764706
2025,2025-06-13,273,0.2840466926070039,0.31868131868131866,0.3968871595330739,0.31177655677655675
2025,2025-06-13,274,0.28294573643410853,0.3175182481751825,0.3953488372093023,0.31063868613138684
2025,2025-06-14,275,0.28185328185328185,0.31636363636363635,0.3938223938223938,0.3095090909090909
2025,2025-06-14,276,0.28076923076923077,0.31521739130434784,0.3923076923076923,0.3083876811594203
2025,2025-06-14,277,0.2796934865900383,0.3140794223826715,0.39080459770114945,0.3072743682310469
2025,2025-06-14,278,0.2786259541984733,0.3129496402877698,0.3893129770992366,0.30616906474820144
2025,2025-06-15,279,0.27756653992395436,0.3118279569892473,0.38783269961977185,0.3050716845878136
2025,2025-06-15,280,0.2803030303030303,0.3142857142857143,0.39015151515151514,0.30713214285714285
2025,2025-06-15,281,0.2830188679245283,0.3167259786476868,0.4037735849056604,0.313288256227758
2025,2025-06-15,282,0.2830188679245283,0.3191489361702128,0.4037735849056604,0.3146276595744681
2025,2025-06-15,283,0.2830188679245283,0.3215547703180212,0.4037735849056604,0.31595759717314487
2025,2025-06-16,284,0.2857142857142857,0.323943661971831,0.40977443609022557,0.3192535211267606
2025,2025-06-16,285,0.2846441947565543,0.32280701754385965,0.40823970037453183,0.3181333333333334
2025,2025-06-16,286,0.2835820895522388,0.32167832167832167,0.40671641791044777,0.31702097902097903
2025,2025-06-16,287,0.2825278810408922,0.3205574912891986,0.4052044609665427,0.31591637630662023
2025,2025-06-16,288,0.2851851851851852,0.3229166666666667,0.4074074074074074,0.31788194444444445
2025,2025-06-17,289,0.28413284132841327,0.3217993079584775,0.4059040590405904,0.3167820069204152
2025,2025-06-17,290,0.2867647058823529,0.32413793103448274,0.40808823529411764,0.31873103448275864
2025,2025-06-17,291,0.2857142857142857,0.3230240549828179,0.4065934065934066,0.3176357388316151
2025,2025-06-17,292,0.2846715328467153,0.3219178082191781,0.4051094890510949,0.31654794520547946
2025,2025-06-18,293,0.2872727272727273,0.3242320819112628,0.4109090909090909,0.319740614334471
2025,2025-06-18,294,0.2898550724637681,0.32653061224489793,0.41304347826086957,0.3216530612244898
2025,2025-06-18,295,0.2888086642599278,0.3254237288135593,0.41155234657039713,0.32056271186440677
2025,2025-06-18,296,0.2888086642599278,0.3277027027027027,0.41155234657039713,0.3218141891891892
2025,2025-06-18,297,0.29136690647482016,0.32996632996632996,0.4136690647482014,0.3237003367003367
2025,2025-06-19,298,0.2903225806451613,0.3288590604026846,0.4121863799283154,0.3226140939597315
2025,2025-06-19,299,0.2892857142857143,0.3277591973244147,0.4107142857142857,0.32153511705685617
2025,2025-06-19,300,0.2918149466192171,0.33,0.4128113879003559,0.3234033333333333
2025,2025-06-19,301,0.2907801418439716,0.3289036544850498,0.41134751773049644,0.3223289036544851
2025,2025-06-20,302,0.28975265017667845,0.32781456953642385,0.4098939929328622,0.32126158940397354
2025,2025-06-20,303,0.2887323943661972,0.32673267326732675,0.4084507042253521,0.3202013201320132
2025,2025-06-20,304,0.28771929824561404,0.3256578947368421,0.4070175438596491,0.3191480263157895
2025,2025-06-20,305,0.2902097902097902,0.32786885245901637,0.4090909090909091,0.3209934426229508
2025,2025-06-20,306,0.289198606271777,0.32679738562091504,0.4076655052264808,0.3199444444444445
2025,2025-06-21,307,0.2916666666666667,0.3289902280130293,0.4097222222222222,0.32177524429967425
2025,2025-06-21,308,0.2916666666666667,0.33116883116883117,0.4097222222222222,0.32297402597402597
2025,2025-06-21,309,0.29411764705882354,0.3333333333333333,0.4117647058823529,0.3247831715210356
2025,2025-06-21,310,0.29310344827586204,0.33225806451612905,0.4103448275862069,0.32373548387096773
2025,2025-06-22,311,0.2920962199312715,0.3311897106109325,0.40893470790378006,0.32269453376205787
2025,2025-06-22,312,0.2910958904109589,0.3301282051282051,0.4075342465753425,0.3216602564102564
2025,2025-06-22,313,0.2901023890784983,0.329073482428115,0.4061433447098976,0.32063258785942494
2025,2025-06-22,314,0.2901023890784983,0.32802547770700635,0.4061433447098976,0.3196114649681529
2025,2025-06-24,315,0.2901023890784983,0.33015873015873015,0.4061433447098976,0.32079047619047624
2025,2025-06-24,316,0.2891156462585034,0.3291139240506329,0.40476190476190477,0.31977531645569623
2025,2025-06-24,317,0.288135593220339,0.3280757097791798,0.4033898305084746,0.3187665615141956
2025,2025-06-24,318,0.28716216216216217,0.3270440251572327,0.40202702702702703,0.3177641509433963
2025,2025-06-25,319,0.28619528619528617,0.32601880877742945,0.4006734006734007,0.31676802507836993
2025,2025-06-25,320,0.28523489932885904,0.325,0.39932885906040266,0.315778125
2025,2025-06-25,321,0.2842809364548495,0.32398753894080995,0.3979933110367893,0.3147943925233645
2025,2025-06-25,322,0.2833333333333333,0.32298136645962733,0.39666666666666667,0.3138167701863354
2025,2025-06-26,323,0.2823920265780731,0.3219814241486068,0.3953488372093023,0.3128452012383901
2025,2025-06-26,324,0.2814569536423841,0.32098765432098764,0.39403973509933776,0.3118796296296297
2025,2025-06-26,325,0.28052805280528054,0.32,0.3927392739273927,0.31092000000000003
2025,2025-06-26,326,0.27960526315789475,0.31901840490797545,0.39144736842105265,0.30996625766871166
2025,2025-06-27,327,0.2786885245901639,0.3180428134556575,0.3901639344262295,0.30901834862385325
2025,2025-06-27,328,0.28104575163398693,0.3201219512195122,0.39215686274509803,0.31076524390243904
2025,2025-06-27,329,0.28013029315960913,0.3191489361702128,0.39087947882736157,0.3098206686930091
2025,2025-06-27,330,0.28013029315960913,0.3212121212121212,0.39087947882736157,0.31097575757575757
2025,2025-06-28,331,0.2792207792207792,0.3202416918429003,0.38961038961038963,0.31003625377643507
2025,2025-06-28,332,0.2783171521035599,0.3192771084337349,0.3883495145631068,0.30910240963855423
2025,2025-06-28,333,0.2806451612903226,0.3213213213213213,0.3903225806451613,0.31082282282282286
2025,2025-06-28,334,0.2797427652733119,0.3203592814371258,0.3890675241157556,0.3098922155688623
2025,2025-06-29,335,0.27884615384615385,0.3194029850746269,0.38782051282051283,0.30896716417910447
2025,2025-06-29,336,0.2779552715654952,0.31845238095238093,0.3865814696485623,0.30804761904761907
2025,2025-06-29,337,0.2770700636942675,0.31750741839762614,0.3853503184713376,0.30713353115727005
2025,2025-06-29,338,0.27936507936507937,0.31952662721893493,0.3904761904761905,0.30992899408284025
2025,2025-06-30,339,0.28164556962025317,0.3215339233038348,0.3924050632911392,0.3116165191740413
2025,2025-06-30,340,0.28164556962025317,0.3235294117647059,0.3924050632911392,0.31273235294117646
2025,2025-06-30,341,0.2807570977917981,0.3225806451612903,0.3911671924290221,0.31181524926686216
2025,2025-06-30,342,0.279874213836478,0.3216374269005848,0.389937106918239,0.3109035087719298
2025,2025-07-02,343,0.27899686520376177,0.3206997084548105,0.3887147335423197,0.30999708454810493
2025,2025-07-02,344,0.28125,0.3226744186046512,0.390625,0.31165988372093023
2025,2025-07-02,345,0.2803738317757009,0.3217391304347826,0.3894080996884735,0.31075652173913043
2025,2025-07-02,346,0.2826086956521739,0.3236994219653179,0.39751552795031053,0.3144364161849711
2025,2025-07-04,347,0.2826086956521739,0.3227665706051873,0.39751552795031053,0.31353025936599427
2025,2025-07-04,348,0.2848297213622291,0.32471264367816094,0.3993808049535604,0.3151637931034483
2025,2025-07-04,349,0.2839506172839506,0.3237822349570201,0.39814814814814814,0.31426074498567336
2025,2025-07-04,350,0.28307692307692306,0.32285714285714284,0.39692307692307693,0.3133628571428571
2025,2025-07-04,351,0.2822085889570552,0.32193732193732194,0.39570552147239263,0.3124700854700854
2025,2025-07-05,352,0.2822085889570552,0.32386363636363635,0.39570552147239263,0.3135454545454545
2025,2025-07-05,353,0.28134556574923547,0.32294617563739375,0.3944954128440367,0.312657223796034
2025,2025-07-05,354,0.28353658536585363,0.3248587570621469,0.4054878048780488,0.3175282485875706
2025,2025-07-05,355,0.2826747720364742,0.323943661971831,0.40425531914893614,0.3166338028169014
2025,2025-07-06,356,0.2818181818181818,0.32303370786516855,0.403030303030303,0.3157443820224719
2025,2025-07-06,357,0.2809667673716012,0.32212885154061627,0.40181268882175225,0.31485994397759104
2025,2025-07-06,358,0.28313253012048195,0.3240223463687151,0.4036144578313253,0.3164441340782123
2025,2025-07-06,359,0.2822822822822823,0.3231197771587744,0.4024024024024024,0.31556267409470756
2025,2025-07-07,360,0.281437125748503,0.32222222222222224,0.40119760479041916,0.3146861111111111
2025,2025-07-07,361,0.28059701492537314,0.32132963988919666,0.4,0.313814404432133
2025,2025-07-07,362,0.27976190476190477,0.32044198895027626,0.39880952380952384,0.3129475138121547
2025,2025-07-07,363,0.2789317507418398,0.31955922865013775,0.39762611275964393,0.31208539944903585
2025,2025-07-08,364,0.2789317507418398,0.32142857142857145,0.39762611275964393,0.31312637362637363
2025,2025-07-08,365,0.2781065088757396,0.32054794520547947,0.39644970414201186,0.3122684931506849
2025,2025-07-08,366,0.2781065088757396,0.3224043715846995,0.39644970414201186,0.3133032786885246
2025,2025-07-08,367,0.28023598820059,0.3242506811989101,0.39823008849557523,0.31485286103542237
2025,2025-07-08,368,0.27941176470588236,0.3233695652173913,0.39705882352941174,0.31399728260869564
2025,2025-07-09,369,0.28152492668621704,0.3252032520325203,0.39882697947214074,0.31553658536585366
2025,2025-07-09,370,0.2807017543859649,0.32432432432432434,0.39766081871345027,0.31468378378378375
2025,2025-07-09,371,0.27988338192419826,0.32345013477088946,0.3965014577259475,0.31383557951482477
2025,2025-07-09,372,0.2819767441860465,0.32526881720430106,0.39825581395348836,0.31536290322580646
2025,2025-07-09,373,0.2819767441860465,0.32707774798927614,0.39825581395348836,0.31636997319034854
2025,2025-07-11,374,0.2811594202898551,0.32620320855614976,0.39710144927536234,0.315524064171123
2025,2025-07-11,375,0.28034682080924855,0.3253333333333333,0.3959537572254335,0.31468266666666667
2025,2025-07-11,376,0.27953890489913547,0.324468085106383,0.39481268011527376,0.3138457446808511
2025,2025-07-11,377,0.28160919540229884,0.32625994694960214,0.39655172413793105,0.3153527851458886
2025,2025-07-12,378,0.28160919540229884,0.328042328042328,0.39655172413793105,0.31642857142857145
2025,2025-07-12,379,0.2808022922636103,0.32717678100263853,0.3954154727793696,0.31559366754617413
2025,2025-07-18,380,0.28,0.3263157894736842,0.3942857142857143,0.31476315789473686
2025,2025-07-18,381,0.2792022792022792,0.32545931758530183,0.39316239316239315,0.31393700787401574
2025,2025-07-18,382,0.2784090909090909,0.32460732984293195,0.39204545454545453,0.3131151832460733
2025,2025-07-18,383,0.2776203966005666,0.3237597911227154,0.3909348441926346,0.3122976501305483
2025,2025-08-17,384,0.2768361581920904,0.3229166666666667,0.3898305084745763,0.311484375
2025,2025-08-17,385,0.27887323943661974,0.3246753246753247,0.4,0.3159662337662338
2025,2025-08-17,386,0.2808988764044944,0.32642487046632124,0.40168539325842695,0.3174326424870466
2025,2025-08-17,387,0.2801120448179272,0.32558139534883723,0.4005602240896359,0.3166124031007752
2025,2025-08-17,388,0.2801120448179272,0.327319587628866,0.4005602240896359,0.31765721649484535
2025,2025-08-18,389,0.27932960893854747,0.3264781491002571,0.3994413407821229,0.316840616966581
2025,2025-08-18,390,0.28133704735376047,0.3282051282051282,0.4011142061281337,0.3182897435897436
2025,2025-08-18,391,0.2833333333333333,0.329923273657289,0.4027777777777778,0.3197314578005115
2025,2025-08-18,392,0.28254847645429365,0.32908163265306123,0.40166204986149584,0.3189158163265306
2025,2025-08-18,393,0.281767955801105,0.3282442748091603,0.4005524861878453,0.31810432569974556
2025,2025-08-19,394,0.2809917355371901,0.32741116751269034,0.39944903581267216,0.3172969543147208
2025,2025-08-19,395,0.2809917355371901,0.3291139240506329,0.39944903581267216,0.31824303797468356
2025,2025-08-19,396,0.28296703296703296,0.33080808080808083,0.4010989010989011,0.31966666666666665
2025,2025-08-19,397,0.28296703296703296,0.33249370277078083,0.4010989010989011,0.3206020151133501
2025,2025-08-20,398,0.2821917808219178,0.3316582914572864,0.4,0.31979648241206027
2025,2025-08-20,399,0.28415300546448086,0.3333333333333333,0.40437158469945356,0.3221328320802005
2025,2025-08-20,400,0.28337874659400547,0.3325,0.4032697547683924,0.3213275
2025,2025-08-20,401,0.2826086956521739,0.3316708229426434,0.40217391304347827,0.3205261845386534
2025,2025-08-20,402,0.28184281842818426,0.3308457711442786,0.4010840108401084,0.31972885572139303
2025,2025-08-22,403,0.28378378378378377,0.3325062034739454,0.4027027027027027,0.3211240694789082
2025,2025-08-22,404,0.2830188679245283,0.3316831683168317,0.40161725067385445,0.3203292079207921
2025,2025-08-22,405,0.28225806451612906,0.3308641975308642,0.40053763440860213,0.3195382716049383
2025,2025-08-22,406,0.28150134048257375,0.33004926108374383,0.39946380697050937,0.3187512315270936
2025,2025-08-23,407,0.2807486631016043,0.32923832923832924,0.3983957219251337,0.317968058968059
2025,2025-08-23,408,0.2826666666666667,0.33088235294117646,0.4026666666666667,0.32025735294117647
2025,2025-08-23,409,0.28191489361702127,0.33007334963325186,0.4015957446808511,0.31947432762836186
2025,2025-08-23,410,0.28191489361702127,0.33170731707317075,0.4015957446808511,0.32038048780487804
2025,2025-08-24,411,0.28116710875331563,0.3309002433090024,0.4005305039787798,0.3196009732360097
2025,2025-08-24,412,0.2830687830687831,0.3325242718446602,0.4021164021164021,0.3209660194174757
2025,2025-08-24,413,0.28232189973614774,0.33171912832929784,0.40105540897097625,0.32018886198547214
2025,2025-08-24,414,0.28157894736842104,0.3309178743961353,0.4,0.3194154589371981
2025,2025-08-25,415,0.28083989501312334,0.3301204819277108,0.3989501312335958,0.3186457831325301
2025,2025-08-25,416,0.28272251308900526,0.3317307692307692,0.4005235602094241,0.32
2025,2025-08-25,417,0.2819843342036554,0.33093525179856115,0.39947780678851175,0.3192326139088729
2025,2025-08-25,418,0.28125,0.33014354066985646,0.3984375,0.3184688995215311
2025,2025-08-26,419,0.2805194805194805,0.32935560859188545,0.3974025974025974,0.317708830548926
2025,2025-08-26,420,0.2823834196891192,0.33095238095238094,0.39896373056994816,0.319052380952381
2025,2025-08-26,421,0.2842377260981912,0.332541567695962,0.4005167958656331,0.32038954869358666
2025,2025-08-26,422,0.28350515463917525,0.33175355450236965,0.39948453608247425,0.3196303317535545
2025,2025-08-27,423,0.2853470437017995,0.3333333333333333,0.40102827763496146,0.3209598108747045
2025,2025-08-27,424,0.2846153846153846,0.33254716981132076,0.4,0.32020283018867923
2025,2025-08-27,425,0.2864450127877238,0.3341176470588235,0.40153452685422,0.32152470588235293
2025,2025-08-28,426,0.2857142857142857,0.3333333333333333,0.4005102040816326,0.3207699530516432
2025,2025-08-28,427,0.28498727735368956,0.3325526932084309,0.3994910941475827,0.32001873536299763
2025,2025-08-28,428,0.2868020304568528,0.3341121495327103,0.4035532994923858,0.322196261682243
2025,2025-08-28,429,0.28607594936708863,0.3333333333333333,0.40253164556962023,0.3214452214452215
2025,2025-08-28,430,0.28535353535353536,0.3325581395348837,0.4015151515151515,0.32069767441860464
2025,2025-08-29,431,0.28463476070528965,0.33178654292343385,0.4005037783375315,0.31995359628770303
2025,2025-08-29,432,0.28391959798994976,0.33101851851851855,0.39949748743718594,0.319212962962963
2025,2025-08-29,433,0.2832080200501253,0.3302540415704388,0.39849624060150374,0.3184757505773672
2025,2025-08-29,434,0.2832080200501253,0.3294930875576037,0.39849624060150374,0.317741935483871
2025,2025-08-30,435,0.2825,0.32873563218390806,0.3975,0.31701149425287356
2025,2025-08-30,436,0.2817955112219451,0.32798165137614677,0.39650872817955113,0.31628440366972477
2025,2025-08-30,437,0.2810945273631841,0.32723112128146453,0.39552238805970147,0.3155606407322655
2025,2025-08-30,438,0.2803970223325062,0.3264840182648402,0.3945409429280397,0.31484018264840186
2025,2025-08-31,439,0.27970297029702973,0.32574031890660593,0.3935643564356436,0.31412300683371297
2025,2025-08-31,440,0.27901234567901234,0.325,0.3925925925925926,0.3134090909090909
2025,2025-08-31,441,0.27901234567901234,0.32653061224489793,0.3925925925925926,0.314265306122449
2025,2025-08-31,442,0.27832512315270935,0.3257918552036199,0.3916256157635468,0.313554298642534
2025,2025-09-03,443,0.27764127764127766,0.32505643340857787,0.3906633906633907,0.3128465011286682
2025,2025-09-03,444,0.2769607843137255,0.32432432432432434,0.3897058823529412,0.3121418918918919
2025,2025-09-03,445,0.2762836185819071,0.3235955056179775,0.38875305623471884,0.31144044943820226
2025,2025-09-03,446,0.275609756097561,0.32286995515695066,0.3878048780487805,0.3107421524663677
2025,2025-09-04,447,0.2749391727493917,0.3221476510067114,0.38686131386861317,0.31004697986577184
2025,2025-09-04,448,0.27427184466019416,0.32142857142857145,0.3859223300970874,0.3093549107142857
2025,2025-09-04,449,0.27602905569007263,0.32293986636971045,0.3922518159806295,0.31219376391982184
2025,2025-09-04,450,0.2753623188405797,0.32222222222222224,0.391304347826087,0.3115
2025,2025-09-05,451,0.2746987951807229,0.3215077605321508,0.39036144578313253,0.31080931263858097
2025,2025-09-05,452,0.27403846153846156,0.32079646017699115,0.3894230769230769,0.3101216814159292
2025,2025-09-05,453,0.27577937649880097,0.32229580573951433,0.3908872901678657,0.3113841059602649
2025,2025-09-05,454,0.2751196172248804,0.32158590308370044,0.38995215311004783,0.3106982378854625
2025,2025-09-05,455,0.27684964200477324,0.3230769230769231,0.3914081145584726,0.31195384615384614
2025,2025-09-06,456,0.2761904761904762,0.3223684210526316,0.3904761904761905,0.31126973684210524
2025,2025-09-06,457,0.2761904761904762,0.3238512035010941,0.3904761904761905,0.31210065645514223
2025,2025-09-06,458,0.2755344418052256,0.3231441048034934,0.38954869358669836,0.3114192139737991
2025,2025-09-06,459,0.27488151658767773,0.3224400871459695,0.3886255924170616,0.3107407407407407
2025,2025-09-06,460,0.27423167848699764,0.3217391304347826,0.3877068557919622,0.3100652173913043
2025,2025-09-07,461,0.27358490566037735,0.3210412147505423,0.3867924528301887,0.3093926247288503
2025,2025-09-07,462,0.27294117647058824,0.3203463203463203,0.38588235294117645,0.30872294372294373
2025,2025-09-07,463,0.27230046948356806,0.31965442764578833,0.38497652582159625,0.3080561555075594
2025,2025-09-07,464,0.2716627634660422,0.31896551724137934,0.3840749414519906,0.3073922413793103
2025,2025-09-19,465,0.2733644859813084,0.3204301075268817,0.3878504672897196,0.3094236559139785
2025,2025-09-19,466,0.2727272727272727,0.3197424892703863,0.38694638694638694,0.30875965665236055
2025,2025-09-19,467,0.27209302325581397,0.31905781584582443,0.386046511627907,0.30809850107066383
2025,2025-09-19,468,0.271461716937355,0.31837606837606836,0.3851508120649652,0.30744017094017095
2025,2025-09-19,469,0.27314814814814814,0.31982942430703626,0.38657407407407407,0.30866524520255867
2025,2025-09-20,470,0.2748267898383372,0.32127659574468087,0.38799076212471134,0.30988510638297867
2025,2025-09-20,471,0.2764976958525346,0.3227176220806794,0.39631336405529954,0.313552016985138
2025,2025-09-20,472,0.27586206896551724,0.3220338983050847,0.3954022988505747,0.3128877118644068
2025,2025-09-20,473,0.27522935779816515,0.321353065539112,0.3944954128440367,0.3122262156448203
2025,2025-09-21,474,0.2768878718535469,0.3227848101265823,0.39816933638443935,0.31420886075949367
2025,2025-09-21,475,0.2785388127853881,0.32421052631578945,0.3995433789954338,0.3154042105263158
2025,2025-09-21,476,0.2785388127853881,0.32563025210084034,0.3995433789954338,0.3161932773109244
2025,2025-09-21,477,0.28018223234624146,0.3270440251572327,0.4009111617312073,0.3173794549266247
2025,2025-09-21,478,0.2818181818181818,0.3284518828451883,0.4022727272727273,0.3185606694560669
2025,2025-09-23,479,0.2811791383219955,0.3277661795407098,0.4013605442176871,0.3178956158663883
2025,2025-09-23,480,0.28054298642533937,0.32708333333333334,0.4004524886877828,0.3172333333333333
2025,2025-09-23,481,0.2799097065462754,0.3264033264033264,0.39954853273137697,0.3165738045738046
2025,2025-09-23,482,0.27927927927927926,0.3257261410788382,0.39864864864864863,0.31591701244813275
2025,2025-09-23,483,0.2808988764044944,0.32712215320910976,0.4,0.31708902691511387
2025,2025-09-24,484,0.2802690582959641,0.32644628099173556,0.3991031390134529,0.3164338842975207
2025,2025-09-24,485,0.2796420581655481,0.32577319587628867,0.3982102908277405,0.31578144329896907
2025,2025-09-24,486,0.28125,0.3271604938271605,0.4017857142857143,0.3177078189300412
2025,2025-09-24,487,0.2828507795100223,0.32854209445585214,0.40979955456570155,0.3212381930184805
2025,2025-09-24,488,0.2828507795100223,0.32991803278688525,0.40979955456570155,0.3219959016393442
2025,2025-09-25,489,0.2822222222222222,0.3292433537832311,0.4088888888888889,0.3213374233128834
2025,2025-09-25,490,0.2838137472283814,0.3306122448979592,0.41019955654101997,0.3224816326530612
2025,2025-09-25,491,0.2831858407079646,0.329938900203666,0.4092920353982301,0.32182484725050914
2025,2025-09-25,492,0.2847682119205298,0.3313008130081301,0.4105960264900662,0.32296341463414635
2025,2025-09-26,493,0.2847682119205298,0.3306288032454361,0.4105960264900662,0.3223083164300203
2025,2025-09-26,494,0.2841409691629956,0.3299595141700405,0.40969162995594716,0.3216558704453441
2025,2025-09-26,495,0.2857142857142857,0.33131313131313134,0.41098901098901097,0.3227878787878788
2025,2025-09-26,496,0.2850877192982456,0.33064516129032256,0.4100877192982456,0.32213709677419355
2025,2025-09-27,497,0.28665207877461707,0.3319919517102616,0.4113785557986871,0.32326358148893364
2025,2025-09-27,498,0.28602620087336245,0.3313253012048193,0.4104803493449782,0.3226144578313253
2025,2025-09-27,499,0.2875816993464052,0.33266533066132264,0.4117647058823529,0.32373547094188376
2025,2025-09-27,500,0.28695652173913044,0.332,0.4108695652173913,0.32308800000000004
2025,2025-09-28,501,0.28633405639913234,0.3313373253493014,0.40997830802603036,0.3224431137724551
2025,2025-09-28,502,0.2857142857142857,0.33067729083665337,0.4090909090909091,0.32180079681274903
2025,2025-09-28,503,0.28725701943844495,0.3320079522862823,0.4103671706263499,0.3229145129224652
2025,2025-09-28,504,0.28663793103448276,0.33134920634920634,0.40948275862068967,0.3222738095238095
2025,2025-10-04,505,0.28663793103448276,0.3326732673267327,0.40948275862068967,0.32300396039603957
2025,2025-10-04,506,0.2860215053763441,0.33201581027667987,0.40860215053763443,0.32236561264822133
2025,2025-10-04,507,0.2854077253218884,0.33136094674556216,0.40772532188841204,0.32172978303747535
2025,2025-10-04,508,0.2854077253218884,0.33267716535433073,0.40772532188841204,0.3224566929133858
2025,2025-10-06,509,0.284796573875803,0.3320235756385069,0.4068522483940043,0.3218231827111984
2025,2025-10-06,510,0.2841880341880342,0.33137254901960783,0.405982905982906,0.3211921568627451
2025,2025-10-06,511,0.2835820895522388,0.33072407045009783,0.4051172707889126,0.32056360078277885
2025,2025-10-06,512,0.2851063829787234,0.33203125,0.40638297872340423,0.32166015625
2025,2025-10-08,513,0.28450106157112526,0.3313840155945419,0.40552016985138006,0.32103313840155945
2025,2025-10-08,514,0.2860169491525424,0.3326848249027237,0.4067796610169492,0.32212451361867706
2025,2025-10-08,515,0.28752642706131076,0.3339805825242718,0.4080338266384778,0.32321165048543693
2025,2025-10-09,516,0.28752642706131076,0.33527131782945735,0.4080338266384778,0.3239244186046512
2025,2025-10-09,517,0.28752642706131076,0.3365570599613153,0.4080338266384778,0.3246344294003869
2025,2025-10-09,518,0.2890295358649789,0.33783783783783783,0.4092827004219409,0.3257104247104247
2025,2025-10-09,519,0.28842105263157897,0.3371868978805395,0.40842105263157896,0.3250828516377649
2025,2025-10-09,520,0.28781512605042014,0.33653846153846156,0.40756302521008403,0.3244576923076923
2026,2026-03-26,1,0.0,0.0,0.0,0.0
2026,2026-03-26,2,0.0,0.0,0.0,0.0
2026,2026-03-26,3,0.3333333333333333,0.3333333333333333,1.3333333333333333,0.6813333333333333
2026,2026-03-26,4,0.3333333333333333,0.5,1.3333333333333333,0.6855
2026,2026-03-28,5,0.25,0.4,1.0,0.5484
2026,2026-03-28,6,0.2,0.3333333333333333,0.8,0.457
2026,2026-03-28,7,0.16666666666666666,0.2857142857142857,0.6666666666666666,0.39171428571428574
2026,2026-03-28,8,0.2857142857142857,0.375,0.7142857142857143,0.45387500000000003
2026,2026-03-28,9,0.25,0.3333333333333333,0.625,0.4034444444444445
2026,2026-03-29,10,0.2222222222222222,0.3,0.5555555555555556,0.36310000000000003
2026,2026-03-29,11,0.2,0.2727272727272727,0.5,0.3300909090909091
2026,2026-03-29,12,0.2,0.3333333333333333,0.5,0.36333333333333334
2026,2026-03-29,13,0.2,0.38461538461538464,0.5,0.38907692307692304
2026,2026-03-30,14,0.18181818181818182,0.35714285714285715,0.45454545454545453,0.36128571428571427
2026,2026-03-30,15,0.16666666666666666,0.3333333333333333,0.4166666666666667,0.3372
2026,2026-03-30,16,0.15384615384615385,0.3125,0.38461538461538464,0.316125
2026,2026-03-30,17,0.14285714285714285,0.29411764705882354,0.35714285714285715,0.2975294117647059
2026,2026-03-31,18,0.14285714285714285,0.3333333333333333,0.35714285714285715,0.31977777777777777
2026,2026-03-31,19,0.13333333333333333,0.3157894736842105,0.3333333333333333,0.30294736842105263
2026,2026-03-31,20,0.125,0.3,0.3125,0.2878
2026,2026-03-31,21,0.11764705882352941,0.2857142857142857,0.29411764705882354,0.2740952380952381
2026,2026-04-01,22,0.1111111111111111,0.2727272727272727,0.2777777777777778,0.26163636363636367
2026,2026-04-01,23,0.10526315789473684,0.2608695652173913,0.2631578947368421,0.2502608695652174
2026,2026-04-01,24,0.1,0.25,0.25,0.23983333333333334
2026,2026-04-01,25,0.09523809523809523,0.24,0.23809523809523808,0.23024
2026,2026-04-01,26,0.09523809523809523,0.2692307692307692,0.23809523809523808,0.24823076923076923
2026,2026-04-03,27,0.13636363636363635,0.2962962962962963,0.2727272727272727,0.27196296296296296
2026,2026-04-03,28,0.13043478260869565,0.2857142857142857,0.2608695652173913,0.26225
2026,2026-04-03,29,0.16666666666666666,0.3103448275862069,0.2916666666666667,0.28386206896551724
2026,2026-04-03,30,0.16,0.3,0.28,0.2744
2026,2026-04-03,31,0.15384615384615385,0.2903225806451613,0.2692307692307692,0.2655483870967742
2026,2026-04-04,32,0.14814814814814814,0.28125,0.25925925925925924,0.25725
2026,2026-04-04,33,0.14285714285714285,0.2727272727272727,0.25,0.24945454545454543
2026,2026-04-04,34,0.13793103448275862,0.2647058823529412,0.2413793103448276,0.24211764705882352
2026,2026-04-04,35,0.16666666666666666,0.2857142857142857,0.26666666666666666,0.2606
2026,2026-04-05,36,0.16129032258064516,0.2777777777777778,0.25806451612903225,0.25336111111111115
2026,2026-04-05,37,0.15625,0.2702702702702703,0.25,0.24651351351351353
2026,2026-04-05,38,0.15151515151515152,0.2631578947368421,0.24242424242424243,0.2400263157894737
2026,2026-04-05,39,0.17647058823529413,0.28205128205128205,0.2647058823529412,0.25666666666666665
2026,2026-04-06,40,0.17142857142857143,0.275,0.2571428571428571,0.25025
2026,2026-04-06,41,0.19444444444444445,0.2926829268292683,0.2777777777777778,0.2658292682926829
2026,2026-04-06,42,0.1891891891891892,0.2857142857142857,0.2702702702702703,0.25949999999999995
2026,2026-04-06,43,0.21052631578947367,0.3023255813953488,0.3157894736842105,0.2827674418604651
2026,2026-04-06,44,0.20512820512820512,0.29545454545454547,0.3076923076923077,0.2763409090909091
2026,2026-04-06,45,0.2,0.28888888888888886,0.3,0.2702
2026,2026-04-08,46,0.1951219512195122,0.2826086956521739,0.2926829268292683,0.2643260869565217
2026,2026-04-08,47,0.19047619047619047,0.2765957446808511,0.2857142857142857,0.25870212765957445
2026,2026-04-08,48,0.18604651162790697,0.2708333333333333,0.27906976744186046,0.2533125
2026,2026-04-08,49,0.18181818181818182,0.2653061224489796,0.2727272727272727,0.2481428571428571
2026,2026-04-10,50,0.17777777777777778,0.26,0.26666666666666666,0.24317999999999998
2026,2026-04-10,51,0.17391304347826086,0.2549019607843137,0.2608695652173913,0.23841176470588232
2026,2026-04-10,52,0.1702127659574468,0.25,0.2553191489361702,0.23382692307692304
2026,2026-04-10,53,0.16666666666666666,0.24528301886792453,0.25,0.22941509433962262
2026,2026-04-11,54,0.16326530612244897,0.24074074074074073,0.24489795918367346,0.22516666666666665
2026,2026-04-11,55,0.16,0.23636363636363636,0.24,0.22107272727272725
2026,2026-04-11,56,0.1568627450980392,0.23214285714285715,0.23529411764705882,0.21712499999999998
2026,2026-04-11,57,0.15384615384615385,0.22807017543859648,0.23076923076923078,0.21331578947368418
2026,2026-04-12,58,0.15384615384615385,0.2413793103448276,0.23076923076923078,0.22167241379310343
2026,2026-04-12,59,0.1509433962264151,0.23728813559322035,0.22641509433962265,0.21791525423728814
2026,2026-04-12,60,0.14814814814814814,0.23333333333333334,0.2222222222222222,0.21428333333333333
2026,2026-04-12,61,0.14545454545454545,0.22950819672131148,0.21818181818181817,0.21077049180327867
2026,2026-04-13,62,0.14285714285714285,0.22580645161290322,0.21428571428571427,0.20737096774193547
2026,2026-04-13,63,0.15789473684210525,0.23809523809523808,0.22807017543859648,0.21819047619047618
2026,2026-04-13,64,0.15789473684210525,0.234375,0.22807017543859648,0.21478125
2026,2026-04-13,65,0.15517241379310345,0.23076923076923078,0.22413793103448276,0.2114769230769231
2026,2026-04-13,66,0.15254237288135594,0.22727272727272727,0.22033898305084745,0.20827272727272728
2026,2026-04-14,67,0.15,0.22388059701492538,0.21666666666666667,0.20516417910447762
2026,2026-04-15,68,0.14754098360655737,0.22058823529411764,0.21311475409836064,0.20214705882352943
2026,2026-04-15,69,0.14516129032258066,0.21739130434782608,0.20967741935483872,0.19921739130434785
2026,2026-04-15,70,0.14285714285714285,0.21428571428571427,0.20634920634920634,0.19637142857142859
2026,2026-04-17,71,0.140625,0.2112676056338028,0.203125,0.1936056338028169
2026,2026-04-17,72,0.13846153846153847,0.20833333333333334,0.2,0.19091666666666668
2026,2026-04-17,73,0.13636363636363635,0.2054794520547945,0.19696969696969696,0.1883013698630137
2026,2026-04-17,74,0.13432835820895522,0.20270270270270271,0.19402985074626866,0.18575675675675676
2026,2026-04-18,75,0.1323529411764706,0.2,0.19117647058823528,0.18328
2026,2026-04-18,76,0.13043478260869565,0.19736842105263158,0.18840579710144928,0.1808684210526316
2026,2026-04-18,77,0.14285714285714285,0.2077922077922078,0.2,0.19006493506493508
2026,2026-04-19,78,0.14084507042253522,0.20512820512820512,0.19718309859154928,0.18762820512820513
2026,2026-04-19,79,0.1388888888888889,0.20253164556962025,0.19444444444444445,0.18525316455696203
2026,2026-04-19,80,0.1388888888888889,0.2125,0.19444444444444445,0.19205
2026,2026-04-19,81,0.136986301369863,0.20987654320987653,0.1917808219178082,0.189679012345679
2026,2026-04-20,82,0.13513513513513514,0.2073170731707317,0.1891891891891892,0.18736585365853659
2026,2026-04-20,83,0.13333333333333333,0.20481927710843373,0.18666666666666668,0.18510843373493974
2026,2026-04-20,84,0.13157894736842105,0.20238095238095238,0.18421052631578946,0.1829047619047619
2026,2026-04-20,85,0.13157894736842105,0.21176470588235294,0.18421052631578946,0.18896470588235295
2026,2026-04-21,86,0.12987012987012986,0.20930232558139536,0.18181818181818182,0.18676744186046512
2026,2026-04-21,87,0.1282051282051282,0.20689655172413793,0.1794871794871795,0.18462068965517242
2026,2026-04-21,88,0.12658227848101267,0.20454545454545456,0.17721518987341772,0.18252272727272728
2026,2026-04-21,89,0.12658227848101267,0.20224719101123595,0.17721518987341772,0.18047191011235955
2026,2026-04-22,90,0.1375,0.2111111111111111,0.1875,0.18834444444444445
2026,2026-04-22,91,0.13580246913580246,0.2087912087912088,0.18518518518518517,0.18627472527472527
2026,2026-04-22,92,0.13414634146341464,0.20652173913043478,0.18292682926829268,0.18425
2026,2026-04-22,93,0.14457831325301204,0.21505376344086022,0.1927710843373494,0.19182795698924732
2026,2026-04-23,94,0.14285714285714285,0.2127659574468085,0.19047619047619047,0.18978723404255318
2026,2026-04-23,95,0.1411764705882353,0.21052631578947367,0.18823529411764706,0.18778947368421053
2026,2026-04-23,96,0.1511627906976744,0.21875,0.20930232558139536,0.19895833333333335
2026,2026-04-23,97,0.1511627906976744,0.2268041237113402,0.20930232558139536,0.20410309278350514
2026,2026-04-23,98,0.14942528735632185,0.22448979591836735,0.20689655172413793,0.20202040816326527
2026,2026-04-24,99,0.14772727272727273,0.2222222222222222,0.20454545454545456,0.19997979797979795
2026,2026-04-24,100,0.14772727272727273,0.23,0.20454545454545456,0.20495999999999998
2026,2026-04-24,101,0.14606741573033707,0.22772277227722773,0.20224719101123595,0.20293069306930692
2026,2026-04-24,102,0.15555555555555556,0.23529411764705882,0.2111111111111111,0.209656862745098
2026,2026-04-25,103,0.15384615384615385,0.23300970873786409,0.2087912087912088,0.20762135922330094
2026,2026-04-25,104,0.15217391304347827,0.23076923076923078,0.20652173913043478,0.20562499999999997
2026,2026-04-25,105,0.15053763440860216,0.22857142857142856,0.20430107526881722,0.20366666666666663
2026,2026-04-25,106,0.14893617021276595,0.22641509433962265,0.20212765957446807,0.2017452830188679
2026,2026-04-25,107,0.14736842105263157,0.22429906542056074,0.2,0.19985981308411213
2026,2026-04-26,108,0.14583333333333334,0.2222222222222222,0.19791666666666666,0.19800925925925925
2026,2026-04-26,109,0.14432989690721648,0.22018348623853212,0.1958762886597938,0.1961926605504587
2026,2026-04-26,110,0.14285714285714285,0.21818181818181817,0.19387755102040816,0.1944090909090909
2026,2026-04-26,111,0.1414141414141414,0.21621621621621623,0.1919191919191919,0.19265765765765763
2026,2026-04-28,112,0.15,0.22321428571428573,0.2,0.198875
2026,2026-04-28,113,0.1485148514851485,0.22123893805309736,0.19801980198019803,0.1971150442477876
2026,2026-04-28,114,0.1568627450980392,0.22807017543859648,0.21568627450980393,0.20643859649122806
2026,2026-04-28,115,0.1553398058252427,0.22608695652173913,0.21359223300970873,0.20464347826086957
2026,2026-04-30,116,0.15384615384615385,0.22413793103448276,0.21153846153846154,0.2028793103448276
2026,2026-04-30,117,0.1523809523809524,0.2222222222222222,0.20952380952380953,0.20114529914529913
2026,2026-04-30,118,0.1509433962264151,0.22033898305084745,0.20754716981132076,0.19944067796610168
2026,2026-04-30,119,0.14953271028037382,0.2184873949579832,0.205607476635514,0.19776470588235293
2026,2026-04-30,120,0.14953271028037382,0.21666666666666667,0.205607476635514,0.19611666666666666
2026,2026-05-01,121,0.14814814814814814,0.21487603305785125,0.2037037037037037,0.19449586776859504
2026,2026-05-01,122,0.1559633027522936,0.22131147540983606,0.21100917431192662,0.20018852459016392
2026,2026-05-01,123,0.16363636363636364,0.22764227642276422,0.21818181818181817,0.20578861788617886
2026,2026-05-01,124,0.16216216216216217,0.22580645161290322,0.21621621621621623,0.20412903225806453
2026,2026-05-02,125,0.16071428571428573,0.224,0.21428571428571427,0.202496
2026,2026-05-02,126,0.16071428571428573,0.23015873015873015,0.21428571428571427,0.2064285714285714
2026,2026-05-02,127,0.1592920353982301,0.2283464566929134,0.21238938053097345,0.2048031496062992
2026,2026-05-03,128,0.15789473684210525,0.2265625,0.21052631578947367,0.20320312499999998
2026,2026-05-03,129,0.1565217391304348,0.2248062015503876,0.20869565217391303,0.20162790697674418
2026,2026-05-03,130,0.15517241379310345,0.2230769230769231,0.20689655172413793,0.20007692307692307
2026,2026-05-03,131,0.1623931623931624,0.22900763358778625,0.21367521367521367,0.20533587786259544
2026,2026-05-03,132,0.16101694915254236,0.22727272727272727,0.211864406779661,0.20378030303030303
2026,2026-05-04,133,0.15966386554621848,0.22556390977443608,0.21008403361344538,0.2022481203007519
2026,2026-05-04,134,0.15833333333333333,0.22388059701492538,0.20833333333333334,0.20073880597014926
2026,2026-05-04,135,0.15702479338842976,0.2222222222222222,0.2066115702479339,0.19925185185185185
2026,2026-05-04,136,0.1557377049180328,0.22058823529411764,0.20491803278688525,0.19778676470588236
2026,2026-05-05,137,0.1557377049180328,0.22627737226277372,0.20491803278688525,0.20143795620437957
2026,2026-05-05,138,0.16260162601626016,0.2318840579710145,0.21138211382113822,0.20642028985507246
2026,2026-05-05,139,0.16129032258064516,0.2302158273381295,0.20967741935483872,0.20493525179856115
2026,2026-05-05,140,0.16,0.22857142857142856,0.208,0.20347142857142858
2026,2026-05-06,141,0.15873015873015872,0.22695035460992907,0.20634920634920634,0.20202836879432626
2026,2026-05-06,142,0.15748031496062992,0.22535211267605634,0.2047244094488189,0.2006056338028169
2026,2026-05-09,143,0.1640625,0.23076923076923078,0.234375,0.2134965034965035
2026,2026-05-09,144,0.17054263565891473,0.2361111111111111,0.26356589147286824,0.22620833333333332
2026,2026-05-09,145,0.16923076923076924,0.23448275862068965,0.26153846153846155,0.22464827586206895
2026,2026-05-09,146,0.17557251908396945,0.23972602739726026,0.2748091603053435,0.23173972602739723
2026,2026-05-10,147,0.17557251908396945,0.24489795918367346,0.2748091603053435,0.2349115646258503
2026,2026-05-10,148,0.17424242424242425,0.24324324324324326,0.2727272727272727,0.2333243243243243
2026,2026-05-10,149,0.18045112781954886,0.2483221476510067,0.2781954887218045,0.2377248322147651
2026,2026-05-10,150,0.1791044776119403,0.24666666666666667,0.27611940298507465,0.23614
2026,2026-05-12,151,0.17777777777777778,0.24503311258278146,0.2740740740740741,0.23457615894039735
2026,2026-05-12,152,0.17647058823529413,0.24342105263157895,0.27205882352941174,0.2330328947368421
2026,2026-05-12,153,0.18248175182481752,0.24836601307189543,0.2773722627737226,0.23732026143790852
2026,2026-05-13,154,0.18115942028985507,0.24675324675324675,0.2753623188405797,0.23577922077922078
2026,2026-05-13,155,0.17985611510791366,0.24516129032258063,0.2733812949640288,0.23425806451612904
2026,2026-05-13,156,0.18571428571428572,0.25,0.2785714285714286,0.23845512820512818
2026,2026-05-13,157,0.18439716312056736,0.2484076433121019,0.2765957446808511,0.23693630573248406
2026,2026-05-14,158,0.18309859154929578,0.2468354430379747,0.2746478873239437,0.23543670886075949
2026,2026-05-14,159,0.1888111888111888,0.25157232704402516,0.27972027972027974,0.23954716981132076
2026,2026-05-14,160,0.19444444444444445,0.25625,0.2847222222222222,0.24360624999999997
2026,2026-05-14,161,0.19310344827586207,0.2546583850931677,0.2827586206896552,0.24209316770186334
2026,2026-05-15,162,0.1917808219178082,0.25308641975308643,0.2808219178082192,0.24059876543209874
2026,2026-05-15,163,0.19727891156462585,0.25766871165644173,0.2857142857142857,0.2445766871165644
2026,2026-05-15,164,0.19594594594594594,0.25609756097560976,0.28378378378378377,0.24308536585365853
2026,2026-05-15,165,0.19463087248322147,0.2545454545454545,0.28187919463087246,0.24161212121212122
2026,2026-05-15,166,0.19333333333333333,0.25301204819277107,0.28,0.2401566265060241
2026,2026-05-16,167,0.19205298013245034,0.25149700598802394,0.2781456953642384,0.2387185628742515
2026,2026-05-16,168,0.19078947368421054,0.25,0.27631578947368424,0.23729761904761904
2026,2026-05-16,169,0.19607843137254902,0.25443786982248523,0.2875816993464052,0.2433491124260355
2026,2026-05-16,170,0.2012987012987013,0.25882352941176473,0.2922077922077922,0.24714705882352941
2026,2026-05-16,171,0.2,0.2573099415204678,0.2903225806451613,0.24570175438596492
2026,2026-05-17,172,0.1987179487179487,0.2558139534883721,0.28846153846153844,0.24427325581395348
2026,2026-05-17,173,0.20382165605095542,0.26011560693641617,0.29936305732484075,0.25014450867052024
2026,2026-05-17,174,0.2088607594936709,0.26436781609195403,0.3037974683544304,0.253816091954023
2026,2026-05-17,175,0.20754716981132076,0.26285714285714284,0.3018867924528302,0.2523657142857143
2026,2026-05-18,176,0.20754716981132076,0.26704545454545453,0.3018867924528302,0.2548977272727273
2026,2026-05-18,177,0.20625,0.2655367231638418,0.3,0.25345762711864406
2026,2026-05-18,178,0.2111801242236025,0.2696629213483146,0.32298136645962733,0.2635168539325843
2026,2026-05-18,179,0.21604938271604937,0.2737430167597765,0.3271604938271605,0.2670111731843576
2026,2026-05-19,180,0.22085889570552147,0.2777777777777778,0.3374233128834356,0.27252777777777776
2026,2026-05-19,181,0.21951219512195122,0.27624309392265195,0.3353658536585366,0.2710220994475138
2026,2026-05-19,182,0.21951219512195122,0.2802197802197802,0.3353658536585366,0.27336813186813186
2026,2026-05-19,183,0.21818181818181817,0.2786885245901639,0.3333333333333333,0.2718743169398907
2026,2026-05-20,184,0.21686746987951808,0.27717391304347827,0.3313253012048193,0.27039673913043477
2026,2026-05-20,185,0.2155688622754491,0.2756756756756757,0.32934131736526945,0.2689351351351351
2026,2026-05-20,186,0.22023809523809523,0.27956989247311825,0.35119047619047616,0.2784784946236559
2026,2026-05-20,187,0.21893491124260356,0.27807486631016043,0.34911242603550297,0.27698930481283424
2026,2026-05-22,188,0.21764705882352942,0.2765957446808511,0.34705882352941175,0.2755159574468085
2026,2026-05-22,189,0.21637426900584794,0.2751322751322751,0.34502923976608185,0.27405820105820106
2026,2026-05-22,190,0.21511627906976744,0.2736842105263158,0.3430232558139535,0.2726157894736842
2026,2026-05-23,191,0.2138728323699422,0.27225130890052357,0.34104046242774566,0.27118848167539267
2026,2026-05-23,192,0.21839080459770116,0.2760416666666667,0.3448275862068966,0.27440625
2026,2026-05-23,193,0.21839080459770116,0.27979274611398963,0.3448275862068966,0.27660103626943006
2026,2026-05-23,194,0.21714285714285714,0.27835051546391754,0.34285714285714286,0.2751752577319588
2026,2026-05-23,195,0.2159090909090909,0.27692307692307694,0.3409090909090909,0.27376410256410255
2026,2026-05-24,196,0.21468926553672316,0.2755102040816326,0.3389830508474576,0.2723673469387755
2026,2026-05-24,197,0.21348314606741572,0.27411167512690354,0.33707865168539325,0.27098477157360407
2026,2026-05-24,198,0.2122905027932961,0.2727272727272727,0.33519553072625696,0.26961616161616164
2026,2026-05-24,199,0.2111111111111111,0.271356783919598,0.3333333333333333,0.26826130653266334
2026,2026-05-25,200,0.20994475138121546,0.27,0.3314917127071823,0.26692
2026,2026-05-25,201,0.2087912087912088,0.26865671641791045,0.32967032967032966,0.26559203980099505
2026,2026-05-25,202,0.20765027322404372,0.26732673267326734,0.32786885245901637,0.2642772277227723
2026,2026-05-25,203,0.20765027322404372,0.270935960591133,0.32786885245901637,0.26641379310344826
2026,2026-05-26,204,0.20652173913043478,0.2696078431372549,0.32608695652173914,0.2651078431372549
2026,2026-05-26,205,0.20540540540540542,0.2682926829268293,0.32432432432432434,0.2638146341463415
2026,2026-05-26,206,0.20967741935483872,0.27184466019417475,0.3279569892473118,0.2668495145631068
2026,2026-05-26,207,0.20855614973262032,0.27053140096618356,0.32620320855614976,0.26556038647342994
2026,2026-05-26,208,0.2074468085106383,0.2692307692307692,0.324468085106383,0.2642836538461538
2026,2026-05-27,209,0.21164021164021163,0.2727272727272727,0.328042328042328,0.2672727272727273
2026,2026-05-27,210,0.21052631578947367,0.2714285714285714,0.3263157894736842,0.266
2026,2026-05-27,211,0.2094240837696335,0.27014218009478674,0.32460732984293195,0.264739336492891
2026,2026-05-27,212,0.20833333333333334,0.2688679245283019,0.3229166666666667,0.26349056603773585
2026,2026-05-29,213,0.20725388601036268,0.2676056338028169,0.32124352331606215,0.26225352112676054
2026,2026-05-29,214,0.20618556701030927,0.26635514018691586,0.31958762886597936,0.2610280373831776
2026,2026-05-29,215,0.20512820512820512,0.2651162790697674,0.31794871794871793,0.2598139534883721
2026,2026-05-29,216,0.20408163265306123,0.2638888888888889,0.3163265306122449,0.2586111111111111
2026,2026-05-30,217,0.20812182741116753,0.2672811059907834,0.3350253807106599,0.26683870967741935
2026,2026-05-30,218,0.20707070707070707,0.26605504587155965,0.3333333333333333,0.2656146788990826
2026,2026-05-30,219,0.20603015075376885,0.2648401826484018,0.3316582914572864,0.2644018264840182
2026,2026-05-30,220,0.205,0.2636363636363636,0.33,0.2632
2026,2026-05-31,221,0.20398009950248755,0.26244343891402716,0.3283582089552239,0.26200904977375566
2026,2026-05-31,222,0.2079207920792079,0.26576576576576577,0.3316831683168317,0.2648333333333333
2026,2026-05-31,223,0.2079207920792079,0.26905829596412556,0.3316831683168317,0.2667757847533632
2026,2026-05-31,224,0.20689655172413793,0.26785714285714285,0.33004926108374383,0.2655848214285714
2026,2026-06-02,225,0.20588235294117646,0.26666666666666666,0.3284313725490196,0.26440444444444444
2026,2026-06-02,226,0.2048780487804878,0.26548672566371684,0.32682926829268294,0.2632345132743363
2026,2026-06-02,227,0.20388349514563106,0.2643171806167401,0.32524271844660196,0.2620748898678414
2026,2026-06-02,228,0.2028985507246377,0.2631578947368421,0.32367149758454106,0.2609254385964912
2026,2026-06-03,229,0.20192307692307693,0.26200873362445415,0.32211538461538464,0.2597860262008734
2026,2026-06-03,230,0.20095693779904306,0.2608695652173913,0.32057416267942584,0.25865652173913045
2026,2026-06-03,231,0.20476190476190476,0.26406926406926406,0.3238095238095238,0.2613852813852814
2026,2026-06-03,232,0.2037914691943128,0.2629310344827586,0.3222748815165877,0.26025862068965516
2026,2026-06-04,233,0.2028301886792453,0.26180257510729615,0.32075471698113206,0.25914163090128756
2026,2026-06-04,234,0.20187793427230047,0.2606837606837607,0.3192488262910798,0.25803418803418804
2026,2026-06-04,235,0.205607476635514,0.26382978723404255,0.32242990654205606,0.2607191489361702
2026,2026-06-04,236,0.20930232558139536,0.2669491525423729,0.32558139534883723,0.2633813559322034
2026,2026-06-05,237,0.20833333333333334,0.26582278481012656,0.32407407407407407,0.26227004219409283
2026,2026-06-05,238,0.2119815668202765,0.2689075630252101,0.3317972350230415,0.26646218487394957
2026,2026-06-05,239,0.21559633027522937,0.2719665271966527,0.3348623853211009,0.2690669456066946
2026,2026-06-05,240,0.2146118721461187,0.2708333333333333,0.3333333333333333,0.2679458333333333
2026,2026-06-06,241,0.21363636363636362,0.2697095435684647,0.33181818181818185,0.26683402489626556
2026,2026-06-06,242,0.2171945701357466,0.2727272727272727,0.34841628959276016,0.2741776859504132
2026,2026-06-06,243,0.21621621621621623,0.2716049382716049,0.34684684684684686,0.2730493827160494
2026,2026-06-06,244,0.21524663677130046,0.27049180327868855,0.3452914798206278,0.27193032786885246
2026,2026-06-07,245,0.21524663677130046,0.27346938775510204,0.3452914798206278,0.2736693877551021
2026,2026-06-07,246,0.21428571428571427,0.27235772357723576,0.34375,0.2725569105691057
2026,2026-06-07,247,0.21777777777777776,0.27530364372469635,0.3511111111111111,0.2765546558704453
2026,2026-06-07,248,0.22123893805309736,0.2782258064516129,0.35398230088495575,0.2790241935483871
2026,2026-06-08,249,0.22123893805309736,0.28112449799196787,0.35398230088495575,0.28070682730923696
2026,2026-06-08,250,0.22466960352422907,0.284,0.3568281938325991,0.28314
2026,2026-06-08,251,0.2236842105263158,0.28286852589641437,0.35526315789473684,0.28201195219123504
2026,2026-06-08,252,0.22270742358078602,0.28174603174603174,0.3537117903930131,0.2808928571428571
2026,2026-06-09,253,0.2217391304347826,0.28063241106719367,0.3521739130434783,0.27978260869565214
2026,2026-06-09,254,0.22077922077922077,0.2795275590551181,0.35064935064935066,0.2786811023622047
2026,2026-06-09,255,0.21982758620689655,0.2784313725490196,0.34913793103448276,0.27758823529411764
2026,2026-06-09,256,0.21888412017167383,0.27734375,0.34763948497854075,0.27650390625
2026,2026-06-10,257,0.21794871794871795,0.27626459143968873,0.34615384615384615,0.2754280155642023
2026,2026-06-10,258,0.22127659574468084,0.27906976744186046,0.3617021276595745,0.2822829457364341
2026,2026-06-10,259,0.22033898305084745,0.277992277992278,0.3601694915254237,0.2811930501930502
2026,2026-06-10,260,0.22362869198312235,0.28076923076923077,0.3628691983122363,0.28353076923076925
2026,2026-06-10,261,0.22268907563025211,0.2796934865900383,0.36134453781512604,0.28244444444444444
2026,2026-06-12,262,0.2217573221757322,0.2786259541984733,0.3598326359832636,0.2813664122137405
2026,2026-06-12,263,0.22083333333333333,0.27756653992395436,0.35833333333333334,0.2802965779467681
2026,2026-06-12,264,0.21991701244813278,0.2765151515151515,0.35684647302904565,0.2792348484848485
2026,2026-06-13,265,0.2190082644628099,0.27547169811320754,0.35537190082644626,0.27818113207547174
2026,2026-06-13,266,0.21810699588477367,0.2744360902255639,0.35390946502057613,0.2771353383458647
2026,2026-06-13,267,0.21721311475409835,0.27340823970037453,0.3524590163934426,0.2760973782771536
2026,2026-06-13,268,0.2163265306122449,0.27238805970149255,0.3510204081632653,0.2750671641791045
2026,2026-06-13,269,0.21951219512195122,0.275092936802974,0.35365853658536583,0.27734944237918213
2026,2026-06-14,270,0.21862348178137653,0.2740740740740741,0.3522267206477733,0.27632222222222225
2026,2026-06-14,271,0.21774193548387097,0.2730627306273063,0.35080645161290325,0.27530258302583027
2026,2026-06-14,272,0.21686746987951808,0.27205882352941174,0.3493975903614458,0.2742904411764706
2026,2026-06-14,273,0.216,0.27106227106227104,0.348,0.2732857142857143
2026,2026-06-15,274,0.216,0.27007299270072993,0.348,0.2722883211678832
2026,2026-06-16,275,0.21912350597609562,0.2727272727272727,0.350597609561753,0.27453090909090905
2026,2026-06-16,276,0.2222222222222222,0.2753623188405797,0.36507936507936506,0.28094202898550724
2026,2026-06-16,277,0.22134387351778656,0.2743682310469314,0.36363636363636365,0.27992779783393507
2026,2026-06-16,278,0.2204724409448819,0.2733812949640288,0.36220472440944884,0.27892086330935256
2026,2026-06-17,279,0.2235294117647059,0.27598566308243727,0.36470588235294116,0.2811075268817204
2026,2026-06-17,280,0.22265625,0.275,0.36328125,0.28010357142857145
2026,2026-06-17,281,0.22568093385214008,0.2775800711743772,0.3657587548638132,0.28227046263345196
2026,2026-06-17,282,0.2248062015503876,0.2765957446808511,0.3643410852713178,0.2812695035460993
2026,2026-06-18,283,0.2277992277992278,0.2791519434628975,0.3667953667953668,0.28341696113074205
2026,2026-06-18,284,0.23076923076923078,0.28169014084507044,0.3730769230769231,0.2868556338028169
2026,2026-06-18,285,0.22988505747126436,0.2807017543859649,0.3716475095785441,0.2858491228070175
2026,2026-06-18,286,0.22900763358778625,0.27972027972027974,0.3702290076335878,0.2848496503496503
2026,2026-06-20,287,0.23193916349809887,0.28222996515679444,0.3726235741444867,0.28695470383275257
2026,2026-06-20,288,0.23106060606060605,0.28125,0.3712121212121212,0.2859583333333333
2026,2026-06-20,289,0.23018867924528302,0.28027681660899656,0.36981132075471695,0.28496885813148787
2026,2026-06-20,290,0.22932330827067668,0.2793103448275862,0.3684210526315789,0.2839862068965517
2026,2026-06-20,291,0.22846441947565543,0.27835051546391754,0.36704119850187267,0.28301030927835047
2026,2026-06-21,292,0.23134328358208955,0.2808219178082192,0.3694029850746269,0.28508561643835617
2026,2026-06-21,293,0.23048327137546468,0.27986348122866894,0.3680297397769517,0.2841126279863481
2026,2026-06-21,294,0.23048327137546468,0.282312925170068,0.3680297397769517,0.2855204081632653
2026,2026-06-21,295,0.22962962962962963,0.28135593220338984,0.36666666666666664,0.28455254237288136
2026,2026-06-22,296,0.22878228782287824,0.28040540540540543,0.36531365313653136,0.2835912162162162
2026,2026-06-22,297,0.22794117647058823,0.27946127946127947,0.3639705882352941,0.28263636363636363
2026,2026-06-22,298,0.2271062271062271,0.2785234899328859,0.3626373626373626,0.28168791946308724
2026,2026-06-22,299,0.22627737226277372,0.27759197324414714,0.3613138686131387,0.2807458193979933
2026,2026-06-23,300,0.2290909090909091,0.28,0.36363636363636365,0.2827733333333333
2026,2026-06-23,301,0.22826086956521738,0.27906976744186046,0.36231884057971014,0.28183388704318935
2026,2026-06-23,302,0.22743682310469315,0.2781456953642384,0.36101083032490977,0.2809006622516556
2026,2026-06-23,303,0.22743682310469315,0.28052805280528054,0.36101083032490977,0.2822772277227723
2026,2026-06-24,304,0.22661870503597123,0.27960526315789475,0.3597122302158273,0.28134868421052633
2026,2026-06-24,305,0.22580645161290322,0.2786885245901639,0.35842293906810035,0.28042622950819673
2026,2026-06-24,306,0.225,0.2777777777777778,0.35714285714285715,0.27950980392156866
2026,2026-06-24,307,0.22419928825622776,0.2768729641693811,0.35587188612099646,0.278599348534202
2026,2026-06-25,308,0.22340425531914893,0.275974025974026,0.3546099290780142,0.2776948051948052
2026,2026-06-25,309,0.2226148409893993,0.2750809061488673,0.35335689045936397,0.27679611650485436
2026,2026-06-25,310,0.2226148409893993,0.27741935483870966,0.35335689045936397,0.27825483870967743
2026,2026-06-25,311,0.22183098591549297,0.2765273311897106,0.352112676056338,0.27736012861736337
2026,2026-06-25,312,0.22105263157894736,0.27564102564102566,0.3508771929824561,0.27647115384615384
2026,2026-06-26,313,0.2202797202797203,0.2747603833865815,0.34965034965034963,0.27558785942492015
2026,2026-06-26,314,0.21951219512195122,0.27388535031847133,0.34843205574912894,0.27471019108280254
2026,2026-06-26,315,0.21875,0.273015873015873,0.3472222222222222,0.2738380952380952
2026,2026-06-26,316,0.2179930795847751,0.2721518987341772,0.3460207612456747,0.2729715189873418
2026,2026-06-28,317,0.2206896551724138,0.2744479495268139,0.3482758620689655,0.2749148264984227
2026,2026-06-28,318,0.22336769759450173,0.27672955974842767,0.3539518900343643,0.2780125786163522
2026,2026-06-28,319,0.22336769759450173,0.27899686520376177,0.3539518900343643,0.27932915360501565
2026,2026-06-28,320,0.2226027397260274,0.278125,0.3527397260273973,0.27845624999999996
2026,2026-06-29,321,0.22184300341296928,0.2772585669781931,0.3515358361774744,0.27758878504672896
2026,2026-06-29,322,0.22108843537414966,0.27639751552795033,0.35034013605442177,0.27672670807453414
2026,2026-06-29,323,0.22033898305084745,0.2755417956656347,0.34915254237288135,0.2758699690402477
2026,2026-06-29,324,0.2195945945945946,0.27469135802469136,0.34797297297297297,0.2750185185185185
2026,2026-06-30,325,0.2222222222222222,0.27692307692307694,0.3501683501683502,0.2769076923076923
2026,2026-06-30,326,0.2214765100671141,0.27607361963190186,0.348993288590604,0.27605828220858897
2026,2026-06-30,327,0.22073578595317725,0.27522935779816515,0.34782608695652173,0.27521406727828746
2026,2026-06-30,328,0.22,0.27439024390243905,0.3466666666666667,0.27437500000000004
2026,2026-07-01,329,0.22,0.2765957446808511,0.3466666666666667,0.27575683890577507
2026,2026-07-01,330,0.21926910299003322,0.27575757575757576,0.34551495016611294,0.2749212121212121
2026,2026-07-01,331,0.2185430463576159,0.27492447129909364,0.3443708609271523,0.2740906344410876
2026,2026-07-01,332,0.21782178217821782,0.2740963855421687,0.3432343234323432,0.27326506024096386
2026,2026-07-01,333,0.22039473684210525,0.27627627627627627,0.35526315789473684,0.27858258258258256
2026,2026-07-02,334,0.22295081967213115,0.27844311377245506,0.36065573770491804,0.2815209580838324
2026,2026-07-02,335,0.2222222222222222,0.27761194029850744,0.35947712418300654,0.28068059701492537
2026,2026-07-02,336,0.22149837133550487,0.2767857142857143,0.3583061889250814,0.2798452380952381
2026,2026-07-02,337,0.22077922077922077,0.27596439169139464,0.35714285714285715,0.27901483679525224
2026,2026-07-04,338,0.22077922077922077,0.2781065088757396,0.35714285714285715,0.28025443786982246
2026,2026-07-04,339,0.22006472491909385,0.27728613569321536,0.3559870550161812,0.2794277286135693
2026,2026-07-04,340,0.22258064516129034,0.27941176470588236,0.36774193548387096,0.28461764705882353
2026,2026-07-04,341,0.22508038585209003,0.28152492668621704,0.3729903536977492,0.28747800586510264
2026,2026-07-04,342,0.22435897435897437,0.2807017543859649,0.3717948717948718,0.2866374269005848
2026,2026-07-05,343,0.22435897435897437,0.282798833819242,0.3717948717948718,0.28783673469387755
2026,2026-07-05,344,0.22364217252396165,0.2819767441860465,0.3706070287539936,0.287
2026,2026-07-05,345,0.2229299363057325,0.2811594202898551,0.36942675159235666,0.28616811594202896
2026,2026-07-05,346,0.2222222222222222,0.28034682080924855,0.3682539682539683,0.28534104046242775
2026,2026-07-06,347,0.22468354430379747,0.2824207492795389,0.37341772151898733,0.28814985590778097
2026,2026-07-06,348,0.22397476340694006,0.28160919540229884,0.3722397476340694,0.2873218390804598
2026,2026-07-06,349,0.22327044025157233,0.2808022922636103,0.3710691823899371,0.28649856733524354
2026,2026-07-06,350,0.2225705329153605,0.28,0.36990595611285265,0.28568
2026,2026-07-06,351,0.221875,0.2792022792022792,0.36875,0.2848660968660969
2026,2026-07-07,352,0.22118380062305296,0.2784090909090909,0.367601246105919,0.28405681818181816
2026,2026-07-07,353,0.2204968944099379,0.2776203966005666,0.36645962732919257,0.28325212464589233
2026,2026-07-07,354,0.21981424148606812,0.2768361581920904,0.3653250773993808,0.28245197740112993
2026,2026-07-07,355,0.21981424148606812,0.27887323943661974,0.3653250773993808,0.28362253521126757
2026,2026-07-08,356,0.2191358024691358,0.27808988764044945,0.36419753086419754,0.2828258426966292
2026,2026-07-08,357,0.2191358024691358,0.2801120448179272,0.36419753086419754,0.28398879551820727
2026,2026-07-08,358,0.21846153846153846,0.27932960893854747,0.3630769230769231,0.28319553072625697
2026,2026-07-08,359,0.21779141104294478,0.2785515320334262,0.3619631901840491,0.2824066852367688
2026,2026-07-08,360,0.22018348623853212,0.28055555555555556,0.363914373088685,0.28409166666666663
2026,2026-07-09,361,0.21951219512195122,0.27977839335180055,0.3628048780487805,0.2833047091412742
2026,2026-07-09,362,0.2188449848024316,0.27900552486187846,0.3617021276595745,0.2825220994475138
2026,2026-07-09,363,0.2188449848024316,0.2809917355371901,0.3617021276595745,0.2837520661157025
2026,2026-07-09,364,0.21818181818181817,0.2802197802197802,0.3606060606060606,0.28297252747252744
2026,2026-07-10,365,0.2175226586102719,0.27945205479452057,0.3595166163141994,0.28219726027397257
2026,2026-07-10,366,0.2175226586102719,0.2814207650273224,0.3595166163141994,0.2834180327868852
2026,2026-07-10,367,0.21686746987951808,0.28065395095367845,0.35843373493975905,0.2826457765667575
2026,2026-07-10,368,0.21621621621621623,0.2798913043478261,0.35735735735735735,0.28187771739130435
2026,2026-07-11,369,0.2155688622754491,0.2791327913279133,0.3562874251497006,0.2811138211382114
2026,2026-07-11,370,0.21492537313432836,0.27837837837837837,0.35522388059701493,0.28035405405405406
2026,2026-07-11,371,0.21428571428571427,0.2776280323450135,0.3541666666666667,0.27959838274932614
2026,2026-07-11,372,0.21364985163204747,0.2768817204301075,0.35311572700296734,0.27884677419354836
2026,2026-07-12,373,0.21301775147928995,0.2761394101876676,0.3520710059171598,0.27809919571045577
2026,2026-07-12,374,0.21238938053097345,0.27540106951871657,0.35103244837758113,0.277355614973262
2026,2026-07-12,375,0.21470588235294116,0.2773333333333333,0.35294117647058826,0.27898666666666666
2026,2026-07-12,376,0.21407624633431085,0.2765957446808511,0.3519061583577713,0.27824468085106385
2026,2026-07-12,377,0.2134502923976608,0.27586206896551724,0.3508771929824561,0.27750663129973474
2026,2026-07-16,378,0.21282798833819241,0.2751322751322751,0.3498542274052478,0.2767724867724868
2026,2026-07-16,379,0.21220930232558138,0.27440633245382584,0.3488372093023256,0.2760422163588391
2026,2026-07-16,380,0.21159420289855072,0.2736842105263158,0.34782608695652173,0.27531578947368424
2026,2026-07-16,381,0.21098265895953758,0.27296587926509186,0.3468208092485549,0.2745931758530184
2026,2026-07-18,382,0.21037463976945245,0.27225130890052357,0.345821325648415,0.2738743455497382
2026,2026-07-18,383,0.20977011494252873,0.27154046997389036,0.3448275862068966,0.27315926892950393
2026,2026-07-18,384,0.21203438395415472,0.2734375,0.3467048710601719,0.2747630208333333
2026,2026-07-18,385,0.21142857142857144,0.2727272727272727,0.3457142857142857,0.27404935064935065
2026,2026-07-18,386,0.21367521367521367,0.27461139896373055,0.3475783475783476,0.27564248704663213
2026,2026-07-19,387,0.2159090909090909,0.27648578811369506,0.3494318181818182,0.27722739018087855
2026,2026-07-19,388,0.21529745042492918,0.2757731958762887,0.34844192634560905,0.27651288659793816
2026,2026-07-19,389,0.2175141242937853,0.2776349614395887,0.3587570621468927,0.2810565552699229
2026,2026-07-19,390,0.21690140845070421,0.27692307692307694,0.35774647887323946,0.28033589743589743
2026,2026-07-20,391,0.21629213483146068,0.27621483375959077,0.35674157303370785,0.27961892583120207
2026,2026-07-20,392,0.21568627450980393,0.2755102040816326,0.3557422969187675,0.27890561224489796
2026,2026-07-20,393,0.21508379888268156,0.2748091603053435,0.3547486033519553,0.27819592875318067
2026,2026-07-20,394,0.21448467966573817,0.27411167512690354,0.35376044568245124,0.27748984771573604
2026,2026-07-21,395,0.21666666666666667,0.2759493670886076,0.35555555555555557,0.2790379746835443
2026,2026-07-21,396,0.21606648199445982,0.27525252525252525,0.3545706371191136,0.2783333333333333
2026,2026-07-21,397,0.21823204419889503,0.2770780856423174,0.35911602209944754,0.2808060453400504
2026,2026-07-21,398,0.22038567493112948,0.27889447236180903,0.3608815426997245,0.28233417085427137
2026,2026-07-22,399,0.22252747252747251,0.2807017543859649,0.3708791208791209,0.286749373433584
2026,2026-07-22,400,0.2219178082191781,0.28,0.3698630136986301,0.28603249999999997
2026,2026-07-22,401,0.22131147540983606,0.2793017456359102,0.36885245901639346,0.2853192019950125
2026,2026-07-22,402,0.22343324250681199,0.2810945273631841,0.37057220708446864,0.28682089552238804
2026,2026-07-24,403,0.22282608695652173,0.2803970223325062,0.3695652173913043,0.2861091811414392
2026,2026-07-24,404,0.2222222222222222,0.27970297029702973,0.3685636856368564,0.2854009900990099
2026,2026-07-24,405,0.22162162162162163,0.27901234567901234,0.3675675675675676,0.2846962962962963
2026,2026-07-24,406,0.2210242587601078,0.27832512315270935,0.3665768194070081,0.2839950738916256
2026,2026-07-25,407,0.22043010752688172,0.27764127764127766,0.3655913978494624,0.2832972972972973
2026,2026-07-25,408,0.21983914209115282,0.2769607843137255,0.3646112600536193,0.28260294117647056
2026,2026-07-25,409,0.2192513368983957,0.2762836185819071,0.36363636363636365,0.2819119804400978
2026,2026-07-25,410,0.2192513368983957,0.2780487804878049,0.36363636363636365,0.28292682926829266
2026,2026-07-26,411,0.21866666666666668,0.2773722627737226,0.3626666666666667,0.2822384428223844
2026,2026-07-26,412,0.22074468085106383,0.279126213592233,0.3670212765957447,0.2846116504854369
2026,2026-07-26,413,0.22015915119363394,0.2784503631961259,0.3660477453580902,0.2839225181598063
2026,2026-07-26,414,0.22015915119363394,0.28019323671497587,0.3660477453580902,0.28499758454106283
2026,2026-07-26,415,0.21957671957671956,0.27951807228915665,0.36507936507936506,0.284310843373494
2026,2026-07-27,416,0.21899736147757257,0.27884615384615385,0.3641160949868074,0.28362740384615387
2026,2026-07-27,417,0.22105263157894736,0.2805755395683453,0.36578947368421055,0.2850791366906475
2026,2026-07-27,418,0.2230971128608924,0.2822966507177033,0.3674540682414698,0.28652392344497607
2026,2026-07-27,419,0.22251308900523561,0.28162291169451076,0.36649214659685864,0.2858400954653938
2026,2026-07-28,420,0.22251308900523561,0.2833333333333333,0.36649214659685864,0.28682142857142856
2026,2026-07-28,421,0.22193211488250653,0.2826603325415677,0.36553524804177545,0.2861401425178147
2026,2026-07-28,422,0.22395833333333334,0.2843601895734597,0.3671875,0.28756872037914694
2026,2026-07-28,423,0.22337662337662337,0.28368794326241137,0.36623376623376624,0.28688888888888886
2026,2026-07-29,424,0.22279792746113988,0.2830188679245283,0.36528497409326427,0.2862122641509434
2026,2026-07-29,425,0.2222222222222222,0.2823529411764706,0.3643410852713178,0.2855388235294118
2026,2026-07-29,426,0.22422680412371135,0.284037558685446,0.36597938144329895,0.28695539906103285
2026,2026-07-29,427,0.2236503856041131,0.28337236533957844,0.36503856041131105,0.2862833723653396
2026,2026-07-31,428,0.2230769230769231,0.2827102803738318,0.3641025641025641,0.2856144859813084
2026,2026-07-31,429,0.22250639386189258,0.28205128205128205,0.3631713554987212,0.28494871794871796
2026,2026-07-31,430,0.22193877551020408,0.2813953488372093,0.3622448979591837,0.2842860465116279
2026,2026-07-31,431,0.22137404580152673,0.28074245939675174,0.361323155216285,0.2836264501160093
2026,2026-08-01,432,0.22081218274111675,0.2800925925925926,0.3604060913705584,0.2829699074074074
2026,2026-08-01,433,0.22025316455696203,0.279445727482679,0.3594936708860759,0.2823163972286374
2026,2026-08-01,434,0.2196969696969697,0.27880184331797236,0.35858585858585856,0.2816658986175115
2026,2026-08-01,435,0.2216624685138539,0.28045977011494255,0.3602015113350126,0.2830620689655173
2026,2026-08-01,436,0.22110552763819097,0.2798165137614679,0.3592964824120603,0.28241284403669725
2026,2026-08-02,437,0.22055137844611528,0.2791762013729977,0.3583959899749373,0.281766590389016
2026,2026-08-02,438,0.2225,0.2808219178082192,0.36,0.2831529680365297
2026,2026-08-02,439,0.22443890274314215,0.2824601366742597,0.36159600997506236,0.2845330296127563
2026,2026-08-02,440,0.22388059701492538,0.2818181818181818,0.36069651741293535,0.2838863636363636
2026,2026-08-03,441,0.22580645161290322,0.2834467120181406,0.36228287841191065,0.28525850340136055
2026,2026-08-03,442,0.22524752475247525,0.2828054298642534,0.3613861386138614,0.2846131221719457
2026,2026-08-03,443,0.22469135802469137,0.28216704288939054,0.36049382716049383,0.2839706546275395
2026,2026-08-03,444,0.22413793103448276,0.28153153153153154,0.35960591133004927,0.28333108108108107
2026,2026-08-04,445,0.22358722358722358,0.2808988764044944,0.35872235872235875,0.2826943820224719
2026,2026-08-04,446,0.22358722358722358,0.2802690582959641,0.35872235872235875,0.28206053811659193
2026,2026-08-04,447,0.22303921568627452,0.2796420581655481,0.35784313725490197,0.28142953020134226
2026,2026-08-04,448,0.22493887530562348,0.28125,0.3594132029339853,0.2827857142857143
2026,2026-08-05,449,0.22682926829268293,0.2828507795100223,0.36097560975609755,0.2841358574610245
2026,2026-08-05,450,0.22627737226277372,0.2822222222222222,0.36009732360097324,0.28350444444444445
2026,2026-08-05,451,0.22627737226277372,0.2838137472283814,0.36009732360097324,0.28442350332594235
2026,2026-08-05,452,0.22572815533980584,0.2831858407079646,0.3592233009708738,0.28379424778761064
2026,2026-08-05,453,0.22518159806295399,0.282560706401766,0.3583535108958838,0.28316777041942603
2026,2026-08-06,454,0.22705314009661837,0.2841409691629956,0.36231884057971014,0.2853193832599119
2026,2026-08-06,455,0.22650602409638554,0.2835164835164835,0.3614457831325301,0.2846923076923077
2026,2026-08-06,456,0.22596153846153846,0.28289473684210525,0.3605769230769231,0.28406798245614034
2026,2026-08-06,457,0.22541966426858512,0.28227571115973743,0.3597122302158273,0.28344638949671774
2026,2026-08-07,458,0.22488038277511962,0.2816593886462882,0.3588516746411483,0.28282751091703057
2026,2026-08-07,459,0.22488038277511962,0.28322440087145967,0.3588516746411483,0.28373202614379084
2026,2026-08-07,460,0.2243436754176611,0.2826086956521739,0.35799522673031026,0.28311521739130435
2026,2026-08-07,461,0.22380952380952382,0.28199566160520606,0.35714285714285715,0.2825010845986985
2026,2026-08-07,462,0.22327790973871733,0.2813852813852814,0.35629453681710216,0.2818896103896104
2026,2026-08-08,463,0.22274881516587677,0.28077753779697623,0.35545023696682465,0.281280777537797
2026,2026-08-09,464,0.22458628841607564,0.2823275862068966,0.35697399527186763,0.2825905172413793
2026,2026-08-09,465,0.2240566037735849,0.2817204301075269,0.3561320754716981,0.2819827956989247
2026,2026-08-09,466,0.22588235294117648,0.2832618025751073,0.35764705882352943,0.2832854077253219
2026,2026-08-09,467,0.22588235294117648,0.284796573875803,0.35764705882352943,0.28417344753747326
2026,2026-08-09,468,0.22535211267605634,0.2841880341880342,0.3568075117370892,0.2835662393162393
2026,2026-08-09,469,0.22535211267605634,0.2857142857142857,0.3568075117370892,0.2835662393162393
2026,2026-08-11,470,0.22716627634660422,0.2872340425531915,0.3583138173302108,0.28485714285714286
2026,2026-08-11,471,0.2266355140186916,0.28662420382165604,0.3574766355140187,0.28425106382978726
2026,2026-08-11,472,0.2266355140186916,0.288135593220339,0.3574766355140187,0.28512951167728234
2026,2026-08-11,473,0.2261072261072261,0.28752642706131076,0.35664335664335667,0.28452542372881356
2026,2026-08-12,474,0.22790697674418606,0.2890295358649789,0.3581395348837209,0.2858033826638478
2026,2026-08-12,475,0.2296983758700696,0.2905263157894737,0.35962877030162416,0.28707594936708863
2026,2026-08-12,476,0.22916666666666666,0.28991596638655465,0.3587962962962963,0.28647157894736847
2026,2026-08-13,477,0.22863741339491916,0.2893081761006289,0.3579676674364896,0.2858697478991597
2026,2026-08-13,478,0.22811059907834103,0.28870292887029286,0.35714285714285715,0.28527044025157233
2026,2026-08-13,479,0.22758620689655173,0.2881002087682672,0.3563218390804598,0.284673640167364
2026,2026-08-13,480,0.22935779816513763,0.28958333333333336,0.36009174311926606,0.2867098121085595
2026,2026-08-13,481,0.2288329519450801,0.288981288981289,0.35926773455377575,0.2861125
2026,2026-08-15,482,0.23059360730593606,0.29045643153526973,0.363013698630137,0.2881372141372141
2026,2026-08-15,483,0.23234624145785876,0.2919254658385093,0.36674259681093396,0.2901535269709543
2026,2026-08-15,484,0.2340909090909091,0.29338842975206614,0.36818181818181817,0.2913933747412008
2026,2026-08-15,485,0.23582766439909297,0.2948453608247423,0.36961451247165533,0.2926280991735537
2026,2026-08-15,486,0.23755656108597284,0.2962962962962963,0.3733031674208145,0.2946226804123711
2026,2026-08-16,487,0.23702031602708803,0.29568788501026694,0.3724604966139955,0.2940164609053498
2026,2026-08-16,488,0.23648648648648649,0.29508196721311475,0.3716216216216216,0.29341273100616017
2026,2026-08-16,489,0.23820224719101124,0.2965235173824131,0.3797752808988764,0.29700000000000004
2026,2026-08-16,490,0.2399103139013453,0.2979591836734694,0.3811659192825112,0.29821063394683023
2026,2026-08-17,491,0.23937360178970918,0.2973523421588595,0.38031319910514544,0.2976020408163265
2026,2026-08-17,492,0.23883928571428573,0.2967479674796748,0.3794642857142857,0.2969959266802444
2026,2026-08-17,493,0.2383073496659243,0.2961460446247465,0.37861915367483295,0.2963922764227642
2026,2026-08-17,494,0.2383073496659243,0.2975708502024291,0.37861915367483295,0.29726977687626777
2026,2026-08-17,495,0.24,0.298989898989899,0.38,0.2984676113360324
2026,2026-08-18,496,0.24168514412416853,0.3004032258064516,0.38137472283813745,0.29966060606060607
2026,2026-08-18,497,0.2411504424778761,0.29979879275653926,0.3805309734513274,0.29905645161290323
2026,2026-08-18,498,0.24282560706401765,0.30120481927710846,0.3841059602649007,0.300989939637827
2026,2026-08-18,499,0.2422907488986784,0.30060120240480964,0.3832599118942731,0.30038554216867475
2026,2026-08-19,500,0.24175824175824176,0.3,0.3824175824175824,0.29978356713426857
2026,2026-08-19,501,0.2412280701754386,0.2994011976047904,0.3815789473684211,0.299184
2026,2026-08-19,502,0.24070021881838075,0.29880478087649404,0.38074398249452956,0.29858682634730543
2026,2026-08-19,503,0.24017467248908297,0.2982107355864811,0.3799126637554585,0.29799203187251
2026,2026-08-21,504,0.23965141612200436,0.2976190476190476,0.3790849673202614,0.2973996023856859
2026,2026-08-21,505,0.24130434782608695,0.299009900990099,0.3804347826086957,0.2985734126984127
2026,2026-08-21,506,0.24295010845986983,0.30039525691699603,0.38177874186550975,0.29974257425742573
2026,2026-08-21,507,0.24242424242424243,0.29980276134122286,0.38095238095238093,0.2991501976284585
2026,2026-08-21,508,0.24406047516198703,0.30118110236220474,0.38660907127429806,0.30170216962524654
2026,2026-08-22,509,0.24568965517241378,0.3025540275049116,0.3879310344827586,0.30285826771653546
2026,2026-08-22,510,0.24731182795698925,0.30392156862745096,0.38924731182795697,0.3040098231827112
2026,2026-08-22,511,0.24678111587982832,0.30332681017612523,0.388412017167382,0.3034137254901961
2026,2026-08-22,512,0.2462526766595289,0.302734375,0.3875802997858672,0.3028199608610567
