player_name,game_year,plate_apps,pitches,at_bats,hits,walks,unint_walks,hbp,strikeouts,sf,singles,doubles,triples,hrs,bip,ba,obp,slg,ops,iso,krate,bbrate,babip,woba,swings,swing_rate,whiff_rate,chase_rate,bips,tracked_bips,gb_rate,fb_rate,ld_rate,mean_la,mean_ev,hard_hit_rate,barrel_rate,pull_air_rate,swing_rate_in_zone,whiff_rate_in_zone
"Alfaro, Jorge",2017,113,391,107,34,2,2,4,33,0,23,6,0,5,74,0.3177570093457944,0.35398230088495575,0.514018691588785,0.8680009924737407,0.19626168224299062,0.2920353982300885,0.017699115044247787,0.42028985507246375,0.3693893805309734,242,0.618925831202046,0.371900826446281,0.4221105527638191,74,74,0.527027027027027,0.21621621621621623,0.22972972972972974,8.216216216216216,88.08243243243244,0.36486486486486486,0.0945945945945946,0.10810810810810811,0.8229166666666666,0.23417721518987342
"Alfaro, Jorge",2018,371,1334,344,90,12,12,14,138,1,62,16,2,10,207,0.2616279069767442,0.31266846361185985,0.4069767441860465,0.7196452077979063,0.1453488372093023,0.3719676549865229,0.03234501347708895,0.40609137055837563,0.31357951482479784,815,0.610944527736132,0.4233128834355828,0.4331306990881459,207,206,0.48792270531400966,0.2318840579710145,0.25120772946859904,8.412621359223301,91.72864077669902,0.4396135265700483,0.10628019323671498,0.0821256038647343,0.7833827893175074,0.3087121212121212
"Altherr, Aaron",2015,161,638,137,33,16,16,5,41,2,13,11,4,5,99,0.24087591240875914,0.3375,0.48905109489051096,0.826551094890511,0.24817518248175183,0.2546583850931677,0.09937888198757763,0.3010752688172043,0.35344999999999993,263,0.4122257053291536,0.25475285171102663,0.21450151057401812,99,97,0.42424242424242425,0.20202020202020202,0.29292929292929293,11.587628865979381,90.90721649484536,0.43434343434343436,0.030303030303030304,0.1717171717171717,0.6254071661237784,0.15104166666666666
"Altherr, Aaron",2016,227,929,198,39,23,21,6,69,0,29,6,0,4,129,0.19696969696969696,0.29955947136563876,0.2878787878787879,0.5874382592444267,0.09090909090909094,0.3039647577092511,0.1013215859030837,0.28,0.26582666666666666,402,0.4327233584499462,0.2885572139303483,0.278118609406953,129,128,0.5271317829457365,0.12403100775193798,0.29457364341085274,5.5,88.246875,0.3488372093023256,0.031007751937984496,0.14728682170542637,0.6045454545454545,0.19172932330827067
"Altherr, Aaron",2017,410,1593,372,101,30,30,7,104,1,53,24,5,19,269,0.271505376344086,0.33658536585365856,0.5161290322580645,0.8527143981117231,0.2446236559139785,0.25365853658536586,0.07317073170731707,0.328,0.35921951219512194,708,0.4444444444444444,0.2994350282485876,0.25524044389642414,269,269,0.4349442379182156,0.2342007434944238,0.24907063197026022,11.211895910780669,89.25427509293681,0.4312267657992565,0.10408921933085502,0.1821561338289963,0.6410256410256411,0.212
"Altherr, Aaron",2018,285,1155,243,44,36,36,4,91,2,24,11,1,8,154,0.18106995884773663,0.29473684210526313,0.3333333333333333,0.6280701754385964,0.15226337448559668,0.3192982456140351,0.12631578947368421,0.2465753424657534,0.2820456140350877,518,0.4484848484848485,0.3281853281853282,0.22719449225473323,154,153,0.487012987012987,0.22727272727272727,0.2077922077922078,10.235294117647058,90.43725490196078,0.45454545454545453,0.09740259740259741,0.14935064935064934,0.6790780141843972,0.2245430809399478
"Arraez, Luis",2026,77,297,74,23,2,2,0,3,1,16,5,0,2,71,0.3108108108108108,0.3246753246753247,0.4594594594594595,0.7841347841347841,0.14864864864864868,0.03896103896103896,0.025974025974025976,0.3,0.3377662337662338,146,0.49158249158249157,0.0821917808219178,0.35443037974683544,71,71,0.2676056338028169,0.4225352112676056,0.2676056338028169,20.95774647887324,85.19014084507042,0.18309859154929578,0.04225352112676056,0.19718309859154928,0.6474820143884892,0.06666666666666667
"Arrieta, Jake",2018,50,206,45,6,3,3,0,27,0,5,0,0,1,20,0.13333333333333333,0.1875,0.2,0.3875,0.06666666666666668,0.54,0.06,0.29411764705882354,0.1771041666666667,81,0.3932038834951456,0.4567901234567901,0.2376237623762376,20,18,0.45,0.25,0.2,,,0.25,0.0,0.1,0.5428571428571428,0.3508771929824561
"Arrieta, Jake",2019,50,186,45,7,1,1,0,19,0,6,1,0,0,30,0.15555555555555556,0.17391304347826086,0.17777777777777778,0.3516908212560387,0.022222222222222227,0.38,0.02,0.2692307692307692,0.15493478260869567,82,0.44086021505376344,0.35365853658536583,0.32558139534883723,30,28,0.43333333333333335,0.13333333333333333,0.3,,,0.26666666666666666,0.0,0.23333333333333334,0.5353535353535354,0.20754716981132076
"Asche, Cody",2015,457,1722,426,104,26,23,4,111,1,67,22,3,12,315,0.24413145539906103,0.29321663019693656,0.39436619718309857,0.6875828273800351,0.15023474178403753,0.24288840262582057,0.05689277899343545,0.3026315789473684,0.29712334801762114,835,0.4849012775842044,0.24790419161676647,0.301218161683278,315,302,0.3968253968253968,0.21587301587301588,0.30158730158730157,14.857615894039736,87.00562913907285,0.33015873015873015,0.05714285714285714,0.2761904761904762,0.687041564792176,0.13701067615658363
"Asche, Cody",2016,218,914,197,42,18,18,2,54,1,23,15,0,4,144,0.2131979695431472,0.28440366972477066,0.350253807106599,0.6346574768313696,0.13705583756345177,0.24770642201834864,0.08256880733944955,0.2714285714285714,0.2787339449541284,409,0.4474835886214442,0.1980440097799511,0.25925925925925924,144,144,0.3958333333333333,0.2361111111111111,0.2708333333333333,14.909722222222221,85.60416666666667,0.2986111111111111,0.034722222222222224,0.2222222222222222,0.6612149532710281,0.11307420494699646
"Bader, Harrison",2025,198,731,179,55,12,12,5,56,2,38,11,1,5,125,0.30726256983240224,0.36363636363636365,0.46368715083798884,0.8273235144743525,0.1564245810055866,0.2828282828282828,0.06060606060606061,0.4166666666666667,0.3583787878787879,375,0.5129958960328317,0.2826666666666667,0.3489583333333333,125,125,0.4,0.232,0.28,14.728,88.3552,0.408,0.08,0.32,0.6945244956772334,0.2033195020746888
"Bautista, José",2018,57,262,45,11,11,11,1,15,0,5,4,0,2,30,0.24444444444444444,0.40350877192982454,0.4666666666666667,0.8701754385964913,0.22222222222222224,0.2631578947368421,0.19298245614035087,0.32142857142857145,0.3817543859649123,100,0.3816793893129771,0.31,0.1793103448275862,30,30,0.26666666666666666,0.3333333333333333,0.3333333333333333,,,0.43333333333333335,0.06666666666666667,0.36666666666666664,0.6324786324786325,0.16216216216216217
"Blanco, Andrés",2015,261,1008,233,68,21,21,4,44,0,36,22,3,7,192,0.2918454935622318,0.36046511627906974,0.5021459227467812,0.8626110390258509,0.2103004291845494,0.1685823754789272,0.08045977011494253,0.33516483516483514,0.3716434108527132,487,0.48313492063492064,0.21971252566735114,0.30280373831775703,192,185,0.46875,0.171875,0.2760416666666667,10.232432432432432,86.81297297297297,0.265625,0.052083333333333336,0.15104166666666666,0.6885593220338984,0.1723076923076923
"Blanco, Andrés",2016,209,786,190,48,11,11,7,41,1,28,15,1,4,150,0.25263157894736843,0.3157894736842105,0.4052631578947368,0.7210526315789474,0.1526315789473684,0.19617224880382775,0.05263157894736842,0.3013698630136986,0.31335406698564594,417,0.5305343511450382,0.26618705035971224,0.3431151241534989,150,148,0.52,0.12666666666666668,0.2866666666666667,5.9391891891891895,88.28243243243243,0.35333333333333333,0.02,0.18,0.7725947521865889,0.19245283018867926
"Blanco, Andrés",2017,144,553,130,25,12,12,0,34,2,18,4,0,3,98,0.19230769230769232,0.2569444444444444,0.2923076923076923,0.5492521367521368,0.1,0.2361111111111111,0.08333333333333333,0.23157894736842105,0.24284722222222221,296,0.5352622061482821,0.30067567567567566,0.3053435114503817,98,97,0.5204081632653061,0.1836734693877551,0.21428571428571427,8.742268041237113,84.41134020618556,0.23469387755102042,0.030612244897959183,0.16326530612244897,0.7448275862068966,0.20833333333333334
"Bogusevic, Brian",2015,61,246,58,15,3,3,0,21,0,10,3,0,2,37,0.25862068965517243,0.29508196721311475,0.41379310344827586,0.7088750706613907,0.15517241379310343,0.3442622950819672,0.04918032786885246,0.37142857142857144,0.3076885245901639,120,0.4878048780487805,0.325,0.32857142857142857,37,37,0.5405405405405406,0.08108108108108109,0.32432432432432434,,,0.32432432432432434,0.02702702702702703,0.08108108108108109,0.6981132075471698,0.21621621621621623
"Bohm, Alec",2020,180,661,160,54,16,16,2,36,2,39,11,0,4,126,0.3375,0.4,0.48125,0.8812500000000001,0.14375,0.2,0.08888888888888889,0.4098360655737705,0.38117222222222225,314,0.4750378214826021,0.2515923566878981,0.25,126,126,0.5396825396825397,0.1984126984126984,0.25396825396825395,4.817460317460317,90.23650793650793,0.46825396825396826,0.10317460317460317,0.03968253968253968,0.7133956386292835,0.16593886462882096
"Bohm, Alec",2021,417,1673,380,94,31,31,2,111,4,72,15,0,7,273,0.24736842105263157,0.30455635491606714,0.34210526315789475,0.6466616180739619,0.09473684210526317,0.26618705035971224,0.07434052757793765,0.32706766917293234,0.2850431654676259,818,0.48894202032277345,0.2665036674816626,0.2601626016260163,273,271,0.5274725274725275,0.16483516483516483,0.28205128205128205,5.590405904059041,92.04428044280442,0.4945054945054945,0.06593406593406594,0.09523809523809523,0.7315270935960592,0.234006734006734
"Bohm, Alec",2022,695,2518,645,177,33,33,6,126,11,131,29,3,14,529,0.2744186046511628,0.3107913669064748,0.3937984496124031,0.704589816518878,0.11937984496124032,0.18129496402877698,0.04748201438848921,0.31589147286821706,0.30682158273381294,1295,0.5142970611596506,0.21698841698841698,0.3190512624330528,529,528,0.45746691871455575,0.21172022684310018,0.27599243856332706,10.215909090909092,90.16723484848485,0.43478260869565216,0.06805293005671077,0.13799621928166353,0.7250206440957886,0.1674259681093394
"Bohm, Alec",2023,663,2436,604,164,47,47,6,103,6,109,34,0,21,507,0.271523178807947,0.3273001508295626,0.43211920529801323,0.7594193561275758,0.1605960264900662,0.15535444947209653,0.07088989441930618,0.294238683127572,0.32834841628959277,1211,0.49712643678160917,0.18827415359207267,0.3009950248756219,507,507,0.4240631163708087,0.23274161735700197,0.2859960552268245,11.102564102564102,89.16508875739645,0.41222879684418146,0.05719921104536489,0.13806706114398423,0.6894308943089431,0.12264150943396226
"Bohm, Alec",2024,619,2161,568,156,39,39,6,86,6,95,44,2,15,487,0.2746478873239437,0.3247172859450727,0.43838028169014087,0.7630975676352136,0.1637323943661972,0.13893376413570274,0.0630048465266559,0.29809725158562367,0.3297043618739903,1075,0.4974548819990745,0.17488372093023255,0.27436140018921473,487,485,0.4681724845995893,0.22792607802874743,0.2546201232032854,10.16082474226804,90.33917525773195,0.4517453798767967,0.06776180698151951,0.1457905544147844,0.7110507246376812,0.10445859872611465
"Bohm, Alec",2025,520,1861,476,137,33,33,5,83,6,105,18,3,11,399,0.28781512605042014,0.33653846153846156,0.40756302521008403,0.7441014867485456,0.11974789915966388,0.1596153846153846,0.06346153846153846,0.3247422680412371,0.32445769230769234,888,0.47716281569048896,0.14864864864864866,0.25638051044083526,399,397,0.5012531328320802,0.20551378446115287,0.2731829573934837,6.994962216624685,90.90806045340051,0.46616541353383456,0.06516290726817042,0.09273182957393483,0.6676676676676677,0.10044977511244378
"Bohm, Alec",2026,512,1865,467,115,32,31,8,69,5,78,22,1,14,400,0.2462526766595289,0.302734375,0.3875802997858672,0.6903146747858673,0.14132762312633831,0.134765625,0.0625,0.2596401028277635,0.3028199608610567,865,0.46380697050938335,0.15953757225433526,0.2562162162162162,400,399,0.4725,0.2325,0.2425,9.132832080200501,90.5624060150376,0.425,0.0575,0.1075,0.6716577540106952,0.10509554140127389
"Bour, Justin",2018,54,223,49,11,4,4,1,13,0,7,3,0,1,36,0.22448979591836735,0.2962962962962963,0.3469387755102041,0.6432350718065003,0.12244897959183673,0.24074074074074073,0.07407407407407407,0.2857142857142857,0.28540740740740744,108,0.484304932735426,0.25,0.3565217391304348,36,34,0.4444444444444444,0.1388888888888889,0.25,,,0.3611111111111111,0.08333333333333333,0.1388888888888889,0.6078431372549019,0.1774193548387097
"Bourjos, Peter",2016,383,1332,355,89,17,15,4,91,1,57,20,7,5,271,0.2507042253521127,0.2917771883289125,0.38873239436619716,0.6805095826951096,0.1380281690140845,0.23759791122715404,0.044386422976501305,0.3230769230769231,0.29118133333333335,722,0.5420420420420421,0.2853185595567867,0.3559822747415066,271,258,0.5313653136531366,0.15498154981549817,0.23616236162361623,7.810077519379845,87.53294573643412,0.3284132841328413,0.025830258302583026,0.14391143911439114,0.7343511450381679,0.19750519750519752
"Brown, Domonic",2015,204,773,189,43,14,14,1,36,0,31,6,1,5,153,0.2275132275132275,0.28431372549019607,0.3492063492063492,0.6335200746965453,0.12169312169312169,0.17647058823529413,0.06862745098039216,0.25675675675675674,0.27991176470588236,389,0.5032341526520052,0.2159383033419023,0.3276699029126214,153,150,0.45751633986928103,0.1895424836601307,0.2549019607843137,12.413333333333334,87.02266666666667,0.28104575163398693,0.0457516339869281,0.16339869281045752,0.703601108033241,0.12992125984251968
"Bruce, Jay",2019,149,512,145,32,3,3,0,29,1,14,6,0,12,117,0.2206896551724138,0.2348993288590604,0.5103448275862069,0.7452441564452673,0.2896551724137931,0.19463087248322147,0.020134228187919462,0.19047619047619047,0.30088590604026844,309,0.603515625,0.2977346278317152,0.43462897526501765,117,117,0.3504273504273504,0.36752136752136755,0.18803418803418803,19.504273504273506,90.24273504273503,0.42735042735042733,0.09401709401709402,0.2222222222222222,0.8122270742358079,0.1935483870967742
"Bruce, Jay",2020,102,413,96,19,6,6,0,24,0,7,4,2,6,72,0.19791666666666666,0.24509803921568626,0.46875,0.7138480392156863,0.27083333333333337,0.23529411764705882,0.058823529411764705,0.19696969696969696,0.2972254901960784,222,0.5375302663438256,0.2882882882882883,0.2772727272727273,72,72,0.4027777777777778,0.3611111111111111,0.16666666666666666,15.347222222222221,88.98055555555555,0.3888888888888889,0.09722222222222222,0.19444444444444445,0.8341968911917098,0.18633540372670807
"Burriss, Emmanuel",2016,50,175,45,5,2,2,2,10,0,3,1,1,0,36,0.1111111111111111,0.1836734693877551,0.17777777777777778,0.3614512471655329,0.06666666666666668,0.2,0.04,0.14285714285714285,0.16875510204081634,94,0.5371428571428571,0.26595744680851063,0.32989690721649484,36,36,0.5555555555555556,0.2777777777777778,0.16666666666666666,,,0.2222222222222222,0.0,0.05555555555555555,0.7948717948717948,0.1935483870967742
"Cabrera, Asdrúbal",2018,185,666,171,39,12,12,2,38,0,21,13,0,5,133,0.22807017543859648,0.2864864864864865,0.391812865497076,0.6782993519835625,0.16374269005847952,0.20540540540540542,0.06486486486486487,0.265625,0.29495135135135137,333,0.5,0.25225225225225223,0.2903225806451613,133,129,0.42105263157894735,0.24812030075187969,0.24060150375939848,16.899224806201552,89.46666666666667,0.3533834586466165,0.06766917293233082,0.18796992481203006,0.7192429022082019,0.19736842105263158
"Camargo, Johan",2022,166,718,152,36,13,13,0,37,0,30,3,0,3,116,0.23684210526315788,0.296969696969697,0.3157894736842105,0.6127591706539075,0.07894736842105263,0.22289156626506024,0.0783132530120482,0.29464285714285715,0.2756121212121212,350,0.48746518105849584,0.24857142857142858,0.33827160493827163,116,116,0.43103448275862066,0.22413793103448276,0.2672413793103448,11.448275862068966,85.36120689655172,0.27586206896551724,0.02586206896551724,0.25,0.6805111821086262,0.19248826291079812
"Castellanos, Nick",2022,627,2320,589,150,32,32,4,148,2,106,31,0,13,443,0.2546689303904924,0.2966507177033493,0.3735144312393888,0.670165148942738,0.11884550084889645,0.23604465709728867,0.051036682615629984,0.3186046511627907,0.29451196172248806,1331,0.5737068965517241,0.32156273478587527,0.40208667736757625,443,441,0.42663656884875845,0.2866817155756208,0.22121896162528218,14.927437641723357,87.05079365079365,0.34085778781038373,0.06320541760722348,0.16027088036117382,0.7728119180633147,0.20722891566265061
"Castellanos, Nick",2023,721,2614,673,180,38,38,3,199,7,105,39,2,34,481,0.2674591381872214,0.3065187239944521,0.48291233283803864,0.7894310568324907,0.21545319465081725,0.27600554785020803,0.052704576976421634,0.32662192393736017,0.33443966712898754,1475,0.5642693190512624,0.3566101694915254,0.40848056537102473,481,480,0.4158004158004158,0.30145530145530147,0.23700623700623702,14.095833333333333,88.92229166666667,0.43243243243243246,0.1101871101871102,0.2079002079002079,0.7481234361968306,0.22519509476031216
"Castellanos, Nick",2024,676,2392,625,161,39,39,10,141,2,102,31,4,24,483,0.2576,0.3106508875739645,0.4352,0.7458508875739644,0.17759999999999998,0.20857988165680474,0.057692307692307696,0.29653679653679654,0.32317899408284023,1393,0.5823578595317725,0.3015075376884422,0.3821603927986907,483,482,0.37681159420289856,0.3064182194616977,0.2732919254658385,15.356846473029046,88.58029045643153,0.38716356107660455,0.08695652173913043,0.20910973084886128,0.7914529914529914,0.19114470842332612
"Castellanos, Nick",2025,605,2227,563,139,32,32,4,136,6,91,29,2,17,432,0.2468916518650089,0.2892561983471074,0.3960923623445826,0.68534856069169,0.14920071047957373,0.22479338842975208,0.05289256198347107,0.2932692307692308,0.29647438016528926,1316,0.590929501571621,0.2993920972644377,0.4104912572855953,432,430,0.3958333333333333,0.30787037037037035,0.26157407407407407,15.11860465116279,87.77255813953488,0.3449074074074074,0.07407407407407407,0.2037037037037037,0.8021442495126706,0.1859052247873633
"Cave, Jake",2023,206,830,187,40,15,15,1,56,2,25,9,1,5,134,0.21390374331550802,0.2731707317073171,0.35294117647058826,0.6261119081779054,0.13903743315508024,0.27184466019417475,0.07281553398058252,0.2734375,0.27329756097560975,406,0.4891566265060241,0.270935960591133,0.29832935560859186,134,134,0.3805970149253731,0.3582089552238806,0.23134328358208955,15.395522388059701,88.7544776119403,0.35074626865671643,0.07462686567164178,0.14925373134328357,0.683698296836983,0.18861209964412812
"Clemens, Kody",2023,148,609,139,32,8,8,1,40,0,21,7,0,4,99,0.2302158273381295,0.27702702702702703,0.3669064748201439,0.6439335018471709,0.13669064748201437,0.2702702702702703,0.05405405405405406,0.29473684210526313,0.2808175675675676,290,0.47619047619047616,0.2793103448275862,0.30103806228373703,99,99,0.40404040404040403,0.30303030303030304,0.24242424242424243,15.242424242424242,90.44141414141414,0.40404040404040403,0.06060606060606061,0.1919191919191919,0.634375,0.20689655172413793
"Clemens, Kody",2024,125,495,119,27,5,5,1,31,0,11,10,1,5,88,0.226890756302521,0.264,0.453781512605042,0.717781512605042,0.226890756302521,0.248,0.04,0.26506024096385544,0.305976,244,0.49292929292929294,0.26229508196721313,0.33191489361702126,88,88,0.375,0.36363636363636365,0.17045454545454544,18.897727272727273,89.3409090909091,0.42045454545454547,0.06818181818181818,0.25,0.6384615384615384,0.21084337349397592
"Crawford, J.P.",2017,87,407,70,15,16,16,0,22,1,10,4,1,0,49,0.21428571428571427,0.3563218390804598,0.3,0.6563218390804597,0.08571428571428572,0.25287356321839083,0.1839080459770115,0.30612244897959184,0.30273563218390803,167,0.4103194103194103,0.2155688622754491,0.19607843137254902,49,49,0.32653061224489793,0.2653061224489796,0.2857142857142857,,,0.22448979591836735,0.0,0.12244897959183673,0.6287128712871287,0.15748031496062992
"Crawford, J.P.",2018,137,604,117,25,13,13,5,37,0,13,6,3,3,82,0.21367521367521367,0.31851851851851853,0.39316239316239315,0.7116809116809117,0.1794871794871795,0.27007299270072993,0.0948905109489051,0.2857142857142857,0.31347407407407407,240,0.3973509933774834,0.275,0.1649122807017544,82,81,0.4146341463414634,0.2682926829268293,0.21951219512195122,15.320987654320987,87.00740740740741,0.34146341463414637,0.04878048780487805,0.23170731707317074,0.6056782334384858,0.20833333333333334
"Crawford, Justin",2026,379,1372,347,94,21,21,3,68,3,71,17,4,2,287,0.27089337175792505,0.3155080213903743,0.36023054755043227,0.6757385689408066,0.08933717579250722,0.17941952506596306,0.055408970976253295,0.32857142857142857,0.299048128342246,738,0.5379008746355685,0.18292682926829268,0.37920937042459735,287,285,0.5749128919860628,0.17421602787456447,0.21254355400696864,1.5017543859649123,85.20666666666668,0.34843205574912894,0.013937282229965157,0.09407665505226481,0.6952104499274311,0.12943632567849686
"Dahl, David",2024,63,266,59,12,3,3,0,21,1,7,2,0,3,38,0.2033898305084746,0.23809523809523808,0.3898305084745763,0.6279257465698144,0.1864406779661017,0.3333333333333333,0.047619047619047616,0.25,0.2682380952380952,144,0.5413533834586466,0.3333333333333333,0.363013698630137,38,38,0.42105263157894735,0.39473684210526316,0.15789473684210525,,,0.21052631578947367,0.07894736842105263,0.2894736842105263,0.7583333333333333,0.21978021978021978
"Dickerson, Corey",2019,137,584,133,39,3,3,0,33,1,19,10,2,8,101,0.2932330827067669,0.30656934306569344,0.5789473684210527,0.8855167114867462,0.28571428571428575,0.24087591240875914,0.021897810218978103,0.3333333333333333,0.36020437956204376,357,0.6113013698630136,0.2661064425770308,0.5,101,100,0.3069306930693069,0.18811881188118812,0.33663366336633666,18.6,87.351,0.3564356435643564,0.09900990099009901,0.25742574257425743,0.75,0.23076923076923078
"Eflin, Zach",2018,50,172,44,4,0,0,0,31,0,3,0,0,1,19,0.09090909090909091,0.09090909090909091,0.1590909090909091,0.25,0.06818181818181818,0.62,0.0,0.25,0.10615909090909091,97,0.563953488372093,0.5154639175257731,0.4722222222222222,19,13,0.8947368421052632,0.05263157894736842,0.0,,,0.21052631578947367,0.05263157894736842,0.0,0.63,0.3968253968253968
"Eflin, Zach",2019,52,180,50,8,0,0,0,27,0,7,1,0,0,25,0.16,0.16,0.18,0.33999999999999997,0.01999999999999999,0.5192307692307693,0.0,0.34782608695652173,0.14614000000000002,106,0.5888888888888889,0.4811320754716981,0.4025974025974026,25,21,0.48,0.24,0.24,,,0.16,0.0,0.12,0.7281553398058253,0.4
"Eickhoff, Jerad",2016,62,186,61,8,1,1,0,12,0,5,3,0,0,49,0.13114754098360656,0.14516129032258066,0.18032786885245902,0.3254891591750397,0.04918032786885246,0.1935483870967742,0.016129032258064516,0.16326530612244897,0.14204838709677417,109,0.5860215053763441,0.21100917431192662,0.41237113402061853,49,49,0.5714285714285714,0.1836734693877551,0.1836734693877551,,,0.2653061224489796,0.0,0.14285714285714285,0.7752808988764045,0.10144927536231885
"Florimón, Pedro",2018,76,345,71,16,5,5,0,30,0,7,6,1,2,41,0.22535211267605634,0.27631578947368424,0.4225352112676056,0.6988510007412898,0.19718309859154928,0.39473684210526316,0.06578947368421052,0.358974358974359,0.2991052631578947,157,0.45507246376811594,0.33121019108280253,0.23493975903614459,41,41,0.3170731707317073,0.24390243902439024,0.36585365853658536,,,0.43902439024390244,0.04878048780487805,0.2926829268292683,0.6628571428571428,0.2413793103448276
"Franco, Maikel",2015,335,1198,304,85,26,24,4,52,1,48,22,1,14,253,0.27960526315789475,0.34328358208955223,0.4967105263157895,0.8399941084053417,0.21710526315789475,0.15522388059701492,0.07761194029850746,0.29707112970711297,0.3597117117117117,572,0.4774624373956594,0.2395104895104895,0.2961240310077519,253,248,0.4782608695652174,0.1383399209486166,0.2964426877470356,9.774193548387096,88.83467741935483,0.3715415019762846,0.05928853754940711,0.18972332015810275,0.6884057971014492,0.14736842105263157
"Franco, Maikel",2016,630,2246,581,148,40,33,5,106,4,99,23,1,25,479,0.2547332185886403,0.30634920634920637,0.4268502581755594,0.7331994645247657,0.1721170395869191,0.16825396825396827,0.06349206349206349,0.2709251101321586,0.3111396468699839,1155,0.5142475512021372,0.24242424242424243,0.3213675213675214,479,474,0.453027139874739,0.19206680584551147,0.25260960334029225,11.767932489451477,89.53037974683545,0.407098121085595,0.06889352818371608,0.22964509394572025,0.7239776951672863,0.1668806161745828
"Franco, Maikel",2017,620,2334,575,132,38,38,2,95,5,78,29,1,24,485,0.22956521739130434,0.27741935483870966,0.40869565217391307,0.6861150070126227,0.17913043478260873,0.1532258064516129,0.06129032258064516,0.23427331887201736,0.29191290322580643,1174,0.5029991431019709,0.2231686541737649,0.2846715328467153,485,483,0.4577319587628866,0.22268041237113403,0.22061855670103092,11.440993788819876,88.82132505175983,0.3628865979381443,0.05979381443298969,0.1958762886597938,0.7468123861566485,0.17560975609756097
"Franco, Maikel",2018,458,1645,433,117,22,22,0,62,3,77,17,1,22,374,0.2702078521939954,0.3034934497816594,0.4665127020785219,0.7700061518601813,0.1963048498845265,0.13537117903930132,0.048034934497816595,0.26988636363636365,0.328382096069869,852,0.5179331306990882,0.21244131455399062,0.32109004739336494,374,372,0.4946524064171123,0.18983957219251338,0.20053475935828877,9.53763440860215,88.04623655913979,0.339572192513369,0.06417112299465241,0.1711229946524064,0.7269279393173198,0.1426086956521739
"Franco, Maikel",2019,409,1511,389,91,17,17,0,61,3,57,17,0,17,331,0.23393316195372751,0.26405867970660146,0.4087403598971722,0.6727990396037737,0.1748071979434447,0.1491442542787286,0.04156479217603912,0.2356687898089172,0.2811466992665036,778,0.514890800794176,0.21979434447300772,0.3391959798994975,331,330,0.43202416918429004,0.2175226586102719,0.20241691842900303,14.757575757575758,89.05212121212121,0.38368580060422963,0.06948640483383686,0.21148036253776434,0.7104895104895105,0.16338582677165353
"Francoeur, Jeff",2015,343,1183,326,84,13,13,1,77,3,54,16,1,13,252,0.25766871165644173,0.2857142857142857,0.4325153374233129,0.7182296231375986,0.17484662576687116,0.22448979591836735,0.037900874635568516,0.29707112970711297,0.308332361516035,666,0.5629754860524091,0.25225225225225223,0.4363354037267081,252,250,0.4126984126984127,0.21031746031746032,0.2896825396825397,14.184,87.9884,0.3333333333333333,0.047619047619047616,0.21031746031746032,0.7142857142857143,0.18181818181818182
"Galvis, Freddy",2015,603,2288,559,147,30,29,3,103,4,121,14,5,7,467,0.2629695885509839,0.30201342281879195,0.3434704830053667,0.6454839058241586,0.0805008944543828,0.17081260364842454,0.04975124378109453,0.3090507726269316,0.28350756302521013,1171,0.5118006993006993,0.19214346712211786,0.395503746877602,467,448,0.44325481798715205,0.21199143468950749,0.26552462526766596,12.814732142857142,85.40178571428571,0.22055674518201285,0.021413276231263382,0.17558886509635974,0.6408839779005525,0.11637931034482758
"Galvis, Freddy",2016,624,2365,584,141,25,19,3,136,4,92,26,3,20,460,0.24143835616438356,0.27435064935064934,0.398972602739726,0.6733232520903754,0.15753424657534246,0.21794871794871795,0.04006410256410257,0.2800925925925926,0.2842081967213115,1251,0.5289640591966174,0.21023181454836132,0.391025641025641,460,440,0.4282608695652174,0.2326086956521739,0.2717391304347826,13.75909090909091,87.01227272727273,0.27608695652173915,0.02826086956521739,0.23478260869565218,0.6830796777081468,0.14809960681520315
"Galvis, Freddy",2017,661,2641,608,155,43,43,4,111,4,108,29,6,12,503,0.25493421052631576,0.30652503793626706,0.3815789473684211,0.6881039853046882,0.1266447368421053,0.16792738275340394,0.06505295007564296,0.29243353783231085,0.29773444613050076,1292,0.4892086330935252,0.17724458204334365,0.3200290275761974,503,494,0.38966202783300197,0.23856858846918488,0.2823061630218688,14.81174089068826,85.88785425101214,0.23658051689860835,0.02385685884691849,0.19681908548707752,0.6735340729001584,0.11647058823529412
"Galvis, Freddy",2021,120,473,107,24,9,9,2,19,2,16,3,0,5,90,0.22429906542056074,0.2916666666666667,0.3925233644859813,0.684190031152648,0.16822429906542055,0.15833333333333333,0.075,0.2235294117647059,0.29580833333333334,215,0.45454545454545453,0.19069767441860466,0.27848101265822783,90,90,0.35555555555555557,0.28888888888888886,0.25555555555555554,17.155555555555555,84.99333333333333,0.3,0.03333333333333333,0.28888888888888886,0.6313559322033898,0.12080536912751678
"García, Adolis",2026,259,1082,231,45,21,21,4,84,3,29,8,1,7,150,0.19480519480519481,0.2702702702702703,0.329004329004329,0.5992745992745994,0.1341991341991342,0.32432432432432434,0.08108108108108109,0.26573426573426573,0.26770656370656365,491,0.4537892791127542,0.34623217922606925,0.2977624784853701,150,150,0.3933333333333333,0.23333333333333334,0.2866666666666667,14.546666666666667,92.146,0.48,0.09333333333333334,0.16,0.6347305389221557,0.2169811320754717
"Goeddel, Tyler",2016,234,904,213,41,17,17,2,52,1,31,3,3,4,163,0.19248826291079812,0.2575107296137339,0.29107981220657275,0.5485905418203066,0.09859154929577463,0.2222222222222222,0.07264957264957266,0.23417721518987342,0.244206008583691,413,0.45685840707964603,0.25181598062953997,0.2660332541567696,163,159,0.5460122699386503,0.17177914110429449,0.22085889570552147,6.188679245283019,87.30754716981131,0.3006134969325153,0.018404907975460124,0.08588957055214724,0.6231884057971014,0.2059800664451827
"Gosselin, Phil",2019,68,266,65,17,3,3,0,16,0,14,3,0,0,49,0.26153846153846155,0.29411764705882354,0.3076923076923077,0.6018099547511313,0.046153846153846156,0.23529411764705882,0.04411764705882353,0.3469387755102041,0.26325,121,0.4548872180451128,0.2396694214876033,0.3333333333333333,49,49,0.40816326530612246,0.2857142857142857,0.24489795918367346,,,0.3673469387755102,0.061224489795918366,0.10204081632653061,0.5859375,0.17333333333333334
"Gosselin, Phil",2020,101,418,92,23,9,9,0,27,0,15,5,0,3,65,0.25,0.31683168316831684,0.40217391304347827,0.7190055962117952,0.15217391304347827,0.26732673267326734,0.0891089108910891,0.3225806451612903,0.3134950495049505,170,0.40669856459330145,0.2529411764705882,0.24561403508771928,65,65,0.38461538461538464,0.2,0.3076923076923077,14.415384615384616,84.38615384615385,0.2923076923076923,0.06153846153846154,0.2153846153846154,0.6,0.20175438596491227
"Gregorius, Didi",2020,234,902,215,61,12,12,4,28,2,39,10,2,10,190,0.2837209302325581,0.33047210300429186,0.4883720930232558,0.8188441960275477,0.20465116279069767,0.11965811965811966,0.05128205128205128,0.2849162011173184,0.3477381974248927,483,0.5354767184035477,0.19047619047619047,0.33185840707964603,190,189,0.38421052631578945,0.22631578947368422,0.2631578947368421,17.396825396825395,83.38095238095238,0.2789473684210526,0.042105263157894736,0.2631578947368421,0.74,0.13213213213213212
"Gregorius, Didi",2021,407,1580,368,77,24,24,8,67,7,46,16,2,13,308,0.20923913043478262,0.2678132678132678,0.3695652173913043,0.6373784852045721,0.1603260869565217,0.16461916461916462,0.05896805896805897,0.21694915254237288,0.274980343980344,859,0.5436708860759494,0.24563445867287545,0.31722428748451054,308,306,0.38311688311688313,0.2597402597402597,0.21753246753246752,18.284313725490197,85.78856209150327,0.2662337662337662,0.022727272727272728,0.2597402597402597,0.7800776196636481,0.18739635157545606
"Gregorius, Didi",2022,232,827,214,45,13,13,3,36,2,31,9,4,1,180,0.2102803738317757,0.2629310344827586,0.3037383177570093,0.5666693522397679,0.09345794392523363,0.15517241379310345,0.05603448275862069,0.24581005586592178,0.2514913793103448,500,0.6045949214026602,0.24,0.41067285382830626,180,179,0.4166666666666667,0.26666666666666666,0.22777777777777777,15.12290502793296,84.14022346368715,0.22777777777777777,0.027777777777777776,0.16666666666666666,0.8156565656565656,0.13003095975232198
"Hall, Darick",2022,142,543,136,34,5,5,1,44,0,16,8,1,9,92,0.25,0.28169014084507044,0.5220588235294118,0.8037489643744822,0.2720588235294118,0.30985915492957744,0.035211267605633804,0.30120481927710846,0.3425774647887324,285,0.5248618784530387,0.3368421052631579,0.32592592592592595,92,92,0.34782608695652173,0.358695652173913,0.2391304347826087,18.608695652173914,91.41086956521738,0.44565217391304346,0.17391304347826086,0.2608695652173913,0.7216117216117216,0.2233502538071066
"Hall, Darick",2023,56,205,54,9,2,2,0,18,0,7,1,0,1,36,0.16666666666666666,0.19642857142857142,0.24074074074074073,0.43716931216931215,0.07407407407407407,0.32142857142857145,0.03571428571428571,0.22857142857142856,0.19323214285714285,116,0.5658536585365853,0.2413793103448276,0.32989690721649484,36,36,0.3888888888888889,0.16666666666666666,0.3333333333333333,,,0.3888888888888889,0.027777777777777776,0.2222222222222222,0.7777777777777778,0.17857142857142858
"Harang, Aaron",2015,58,188,48,8,1,1,0,18,0,7,1,0,0,39,0.16666666666666666,0.1836734693877551,0.1875,0.3711734693877551,0.020833333333333343,0.3103448275862069,0.017241379310344827,0.26666666666666666,0.16551020408163264,108,0.574468085106383,0.28703703703703703,0.3372093023255814,39,30,0.8461538461538461,0.07692307692307693,0.07692307692307693,,,0.1282051282051282,0.0,0.0,0.7745098039215687,0.17721518987341772
"Harper, Bryce",2019,671,2787,573,149,88,88,6,178,4,77,36,1,35,399,0.2600349040139616,0.3621460506706408,0.5095986038394416,0.8717446545100824,0.24956369982547993,0.26527570789865873,0.13114754098360656,0.3131868131868132,0.36552160953800295,1358,0.4872622891998565,0.3379970544918999,0.3037037037037037,399,395,0.39598997493734334,0.2857142857142857,0.2756892230576441,13.60506329113924,91.8146835443038,0.45614035087719296,0.14786967418546365,0.20050125313283207,0.7420736932305055,0.2390300230946882
"Harper, Bryce",2020,236,973,190,51,41,41,2,43,2,27,9,2,13,150,0.26842105263157895,0.4,0.5421052631578948,0.9421052631578948,0.2736842105263158,0.18220338983050846,0.17372881355932204,0.27941176470588236,0.3997489361702128,447,0.45940390544707094,0.28635346756152125,0.28330522765598654,150,150,0.4,0.3333333333333333,0.22,13.96,90.34333333333333,0.5066666666666667,0.17333333333333334,0.18666666666666668,0.7342105263157894,0.17921146953405018
"Harper, Bryce",2021,585,2401,488,151,86,86,5,134,4,73,42,1,35,360,0.3094262295081967,0.41509433962264153,0.6147540983606558,1.0298484379832973,0.30532786885245905,0.22905982905982905,0.147008547008547,0.3591331269349845,0.43098799313893654,1139,0.4743856726364015,0.31957857769973663,0.2471655328798186,360,360,0.41944444444444445,0.2638888888888889,0.2722222222222222,12.869444444444444,91.06333333333335,0.49722222222222223,0.18055555555555555,0.18055555555555555,0.7532467532467533,0.24630541871921183
"Harper, Bryce",2022,487,1854,433,128,42,42,4,101,7,68,35,1,24,340,0.2956120092378753,0.35802469135802467,0.5473441108545035,0.9053688022125281,0.25173210161662823,0.20739219712525667,0.08624229979466119,0.33015873015873015,0.3855843621399177,1055,0.5690399137001079,0.2900473933649289,0.3633720930232558,340,339,0.40588235294117647,0.2676470588235294,0.29411764705882354,12.064896755162241,91.8,0.49117647058823527,0.14411764705882352,0.19705882352941176,0.8272506082725061,0.20588235294117646
"Harper, Bryce",2023,591,2250,499,146,83,83,5,130,4,90,29,1,26,373,0.2925851703406814,0.39593908629441626,0.5110220440881763,0.9069611303825926,0.21843687374749493,0.21996615905245348,0.1404399323181049,0.345821325648415,0.3902148900169204,1139,0.5062222222222222,0.334503950834065,0.3257016248153619,373,373,0.4450402144772118,0.2359249329758713,0.2680965147453083,9.428954423592494,91.3656836461126,0.4772117962466488,0.16353887399463807,0.20107238605898123,0.7790178571428571,0.20916905444126074
"Harper, Bryce",2024,637,2547,562,161,70,70,2,143,2,86,44,0,31,422,0.28647686832740216,0.3663522012578616,0.5302491103202847,0.8966013115781463,0.2437722419928825,0.22448979591836735,0.10989010989010989,0.3333333333333333,0.3840377358490566,1339,0.5257165292500982,0.26960418222554144,0.331720801658604,422,420,0.3862559241706161,0.3009478672985782,0.2725118483412322,13.6,91.05833333333334,0.4834123222748815,0.10900473933649289,0.19194312796208532,0.7809090909090909,0.15250291036088476
"Harper, Bryce",2025,592,2241,516,134,67,67,6,124,3,74,33,0,27,395,0.2596899224806202,0.34966216216216217,0.4806201550387597,0.8302823172009219,0.22093023255813954,0.20945945945945946,0.11317567567567567,0.2907608695652174,0.3584662162162162,1217,0.5430611334225792,0.3073130649137223,0.35731039874902265,395,395,0.4379746835443038,0.2810126582278481,0.25569620253164554,11.331645569620253,90.8559493670886,0.47341772151898737,0.1189873417721519,0.20253164556962025,0.7898022892819979,0.19104084321475626
"Harper, Bryce",2026,555,2200,455,117,92,89,1,116,7,65,23,3,26,346,0.2571428571428571,0.3783783783783784,0.49230769230769234,0.8706860706860707,0.23516483516483522,0.209009009009009,0.16576576576576577,0.284375,0.3759764492753623,1079,0.4904545454545455,0.30120481927710846,0.32862745098039214,346,346,0.4393063583815029,0.2745664739884393,0.2514450867052023,12.289017341040463,90.21300578034682,0.44508670520231214,0.10982658959537572,0.17630057803468208,0.7236842105263158,0.1712121212121212
"Harrison, Josh",2023,114,392,103,21,3,3,6,20,2,16,3,0,2,85,0.20388349514563106,0.2631578947368421,0.2912621359223301,0.5544200306591722,0.08737864077669902,0.17543859649122806,0.02631578947368421,0.2289156626506024,0.24835087719298243,201,0.5127551020408163,0.21890547263681592,0.30857142857142855,85,85,0.49411764705882355,0.16470588235294117,0.25882352941176473,10.694117647058823,86.63529411764706,0.25882352941176473,0.023529411764705882,0.1411764705882353,0.6774193548387096,0.20408163265306123
"Haseley, Adam",2019,241,976,222,59,13,13,5,60,0,40,14,0,5,163,0.26576576576576577,0.32083333333333336,0.3963963963963964,0.7172297297297298,0.13063063063063063,0.24896265560165975,0.05394190871369295,0.34394904458598724,0.3087625,487,0.4989754098360656,0.2874743326488706,0.30392156862745096,163,162,0.5828220858895705,0.15337423312883436,0.2147239263803681,4.962962962962963,87.31913580246913,0.2883435582822086,0.03680981595092025,0.1165644171779141,0.7124463519313304,0.1716867469879518
"Haseley, Adam",2020,91,369,79,22,6,6,2,17,1,17,5,0,0,66,0.27848101265822783,0.3409090909090909,0.34177215189873417,0.682681242807825,0.06329113924050633,0.18681318681318682,0.06593406593406594,0.3492063492063492,0.305125,158,0.4281842818428184,0.1518987341772152,0.27692307692307694,66,66,0.5606060606060606,0.10606060606060606,0.3181818181818182,-0.6363636363636364,83.98484848484848,0.3181818181818182,0.015151515151515152,0.06060606060606061,0.5977011494252874,0.0673076923076923
"Hays, Austin",2024,84,281,82,20,0,0,2,22,0,13,5,0,2,60,0.24390243902439024,0.2619047619047619,0.3780487804878049,0.6399535423925669,0.13414634146341464,0.2619047619047619,0.0,0.3103448275862069,0.27709523809523806,166,0.5907473309608541,0.2891566265060241,0.46616541353383456,60,60,0.38333333333333336,0.3,0.21666666666666667,18.233333333333334,86.705,0.3,0.05,0.36666666666666664,0.7027027027027027,0.17307692307692307
"Hellickson, Jeremy",2016,66,265,54,9,4,4,0,24,0,8,1,0,0,38,0.16666666666666666,0.22413793103448276,0.18518518518518517,0.40932311621966794,0.018518518518518517,0.36363636363636365,0.06060606060606061,0.3,0.19017241379310346,116,0.4377358490566038,0.20689655172413793,0.2909090909090909,38,31,0.7894736842105263,0.0,0.18421052631578946,,,0.02631578947368421,0.0,0.02631578947368421,0.5419354838709678,0.14285714285714285
"Hernández, César",2015,452,1628,405,110,40,39,2,86,1,85,20,4,1,324,0.2716049382716049,0.3392857142857143,0.34814814814814815,0.6874338624338625,0.07654320987654323,0.1902654867256637,0.08849557522123894,0.34169278996865204,0.30576062639821033,765,0.4699017199017199,0.2169934640522876,0.2689075630252101,324,302,0.5895061728395061,0.13271604938271606,0.25308641975308643,5.039735099337748,85.16059602649007,0.26851851851851855,0.012345679012345678,0.09876543209876543,0.680503144654088,0.11460258780036968
"Hernández, César",2016,622,2427,547,161,66,62,2,116,2,130,14,11,6,438,0.2943327239488117,0.3711507293354943,0.3930530164533821,0.7642037457888764,0.09872029250457037,0.1864951768488746,0.10610932475884244,0.3629976580796253,0.33468352365415993,1096,0.4515863205603626,0.20164233576642335,0.23648103309120258,438,413,0.5844748858447488,0.12100456621004566,0.2579908675799087,4.399515738498789,86.45811138014527,0.2922374429223744,0.0182648401826484,0.0958904109589041,0.6759259259259259,0.13325031133250312
"Hernández, César",2017,576,2316,511,150,60,60,4,104,1,109,26,6,9,408,0.29354207436399216,0.3715277777777778,0.4207436399217221,0.7922714176994998,0.12720156555772993,0.18055555555555555,0.10416666666666667,0.3533834586466165,0.3458836805555555,952,0.4110535405872193,0.20798319327731093,0.20417028670721113,408,396,0.5490196078431373,0.15441176470588236,0.2696078431372549,4.48989898989899,85.45328282828282,0.2965686274509804,0.029411764705882353,0.10049019607843138,0.6151202749140894,0.1452513966480447
"Hernández, César",2018,704,3009,605,153,91,91,4,155,3,120,15,3,15,454,0.2528925619834711,0.352773826458037,0.36198347107438017,0.7147572975324172,0.10909090909090907,0.22017045454545456,0.12926136363636365,0.3150684931506849,0.32030440967283075,1150,0.38218677301429044,0.2026086956521739,0.1795727636849132,454,434,0.4911894273127753,0.23127753303964757,0.22466960352422907,11.320276497695852,85.91520737327188,0.2841409691629956,0.04185022026431718,0.12555066079295155,0.5862995298858295,0.13516609392898052
"Hernández, César",2019,663,2600,612,171,41,41,6,100,4,123,31,3,14,516,0.27941176470588236,0.3288084464555053,0.4084967320261438,0.7373051784816491,0.12908496732026142,0.15082956259426847,0.06184012066365008,0.31274900398406374,0.31536651583710407,1195,0.4596153846153846,0.17154811715481172,0.2765469824293354,516,513,0.49806201550387597,0.17635658914728683,0.2441860465116279,9.499025341130604,85.92787524366472,0.28294573643410853,0.027131782945736434,0.16666666666666666,0.6452362509682417,0.1092436974789916
"Herrera, Odúbel",2015,537,2155,495,147,28,28,8,129,1,106,30,3,8,372,0.296969696969697,0.34398496240601506,0.41818181818181815,0.7621667805878332,0.12121212121212116,0.24022346368715083,0.0521415270018622,0.3871866295264624,0.33336090225563914,1077,0.4997679814385151,0.25441039925719594,0.35233160621761656,372,356,0.4946236559139785,0.13709677419354838,0.31989247311827956,7.129213483146067,88.34747191011236,0.3387096774193548,0.03225806451612903,0.1586021505376344,0.6720321931589537,0.15119760479041916
"Herrera, Odúbel",2016,656,2643,583,167,63,56,6,134,2,125,21,6,15,453,0.2864493996569468,0.36085626911314983,0.4202401372212693,0.7810964063344191,0.13379073756432247,0.20426829268292682,0.09603658536585366,0.3486238532110092,0.33770170015455947,1292,0.4888384411653424,0.23529411764705882,0.34405778069599474,453,441,0.48123620309050774,0.2097130242825607,0.25165562913907286,9.825396825396826,87.12471655328798,0.3090507726269316,0.04194260485651214,0.10816777041942605,0.6857142857142857,0.14713541666666666
"Herrera, Odúbel",2017,560,2180,527,148,27,27,4,126,2,89,42,3,14,402,0.2808349146110057,0.3196428571428571,0.45161290322580644,0.7712557603686636,0.17077798861480076,0.225,0.048214285714285716,0.3444730077120823,0.32817142857142856,1163,0.5334862385321101,0.2656921754084265,0.38147833474936277,402,395,0.4502487562189055,0.17661691542288557,0.2960199004975124,9.686075949367089,87.22582278481012,0.32587064676616917,0.06218905472636816,0.17164179104477612,0.711864406779661,0.18207282913165265
"Herrera, Odúbel",2018,594,2319,550,140,35,35,7,122,0,96,19,3,22,430,0.2545454545454545,0.30743243243243246,0.42,0.7274324324324324,0.16545454545454547,0.2053872053872054,0.058922558922558925,0.29064039408866993,0.3155050675675676,1215,0.5239327296248383,0.2757201646090535,0.38287560581583197,430,419,0.45348837209302323,0.21395348837209302,0.2186046511627907,13.124105011933175,87.0453460620525,0.31627906976744186,0.04883720930232558,0.19069767441860466,0.6912878787878788,0.17534246575342466
"Herrera, Odúbel",2019,139,533,126,28,11,11,1,33,1,16,10,1,1,94,0.2222222222222222,0.28776978417266186,0.3412698412698413,0.6290396254425031,0.11904761904761907,0.23741007194244604,0.07913669064748201,0.2903225806451613,0.27243165467625896,277,0.5196998123827392,0.2851985559566787,0.3519163763066202,94,94,0.40425531914893614,0.2127659574468085,0.30851063829787234,11.0,87.96914893617021,0.30851063829787234,0.0425531914893617,0.2553191489361702,0.7154471544715447,0.1534090909090909
"Herrera, Odúbel",2021,492,1939,450,117,29,29,6,77,5,75,27,2,13,379,0.26,0.31020408163265306,0.41555555555555557,0.7257596371882087,0.15555555555555556,0.1565040650406504,0.05894308943089431,0.28493150684931506,0.3124204081632653,975,0.5028365136668386,0.2,0.3244047619047619,379,378,0.5013192612137203,0.17678100263852242,0.25857519788918204,6.412698412698413,87.67142857142858,0.40105540897097625,0.047493403693931395,0.158311345646438,0.6960257787325457,0.1388888888888889
"Herrera, Odúbel",2022,197,737,185,44,11,11,0,42,1,29,9,1,5,144,0.23783783783783785,0.27918781725888325,0.3783783783783784,0.6575661956372616,0.14054054054054055,0.2131979695431472,0.05583756345177665,0.2805755395683453,0.28692893401015224,388,0.5264586160108549,0.23969072164948454,0.38461538461538464,144,141,0.5763888888888888,0.1736111111111111,0.1736111111111111,3.0709219858156027,86.27801418439716,0.375,0.04861111111111111,0.125,0.6858789625360231,0.10084033613445378
"Hill, Derek",2026,94,369,88,23,5,5,0,34,0,15,3,0,5,55,0.26136363636363635,0.3010752688172043,0.4659090909090909,0.7669843597262952,0.20454545454545453,0.3617021276595745,0.05319148936170213,0.3673469387755102,0.33145161290322583,185,0.5013550135501355,0.34594594594594597,0.35638297872340424,55,55,0.4,0.32727272727272727,0.23636363636363636,14.527272727272727,87.39454545454545,0.34545454545454546,0.10909090909090909,0.2,0.6519337016574586,0.2033898305084746
"Hoskins, Rhys",2017,211,985,170,44,36,36,3,46,2,19,7,0,18,126,0.25882352941176473,0.3933649289099526,0.6176470588235294,1.011011987733482,0.3588235294117647,0.21800947867298578,0.17061611374407584,0.24074074074074073,0.41727014218009484,378,0.383756345177665,0.20634920634920634,0.19076305220883535,126,126,0.30952380952380953,0.36507936507936506,0.2619047619047619,18.38888888888889,90.88650793650794,0.4523809523809524,0.1349206349206349,0.2857142857142857,0.5814432989690722,0.14893617021276595
"Hoskins, Rhys",2018,658,2920,558,137,85,85,9,150,5,65,38,0,34,413,0.24551971326164876,0.3515981735159817,0.496415770609319,0.8480139441253007,0.2508960573476703,0.22796352583586627,0.12917933130699089,0.2717678100263852,0.3634246575342466,1144,0.3917808219178082,0.21853146853146854,0.1970509383378016,413,408,0.29782082324455206,0.34382566585956414,0.23002421307506055,22.61519607843137,89.00514705882352,0.3898305084745763,0.11380145278450363,0.29782082324455206,0.5997150997150997,0.15795724465558195
"Hoskins, Rhys",2019,699,3223,570,129,110,110,11,173,6,62,33,5,29,403,0.22631578947368422,0.3586800573888092,0.4543859649122807,0.8130660223010899,0.2280701754385965,0.2474964234620887,0.15736766809728184,0.26737967914438504,0.34693687230989956,1264,0.3921811976419485,0.23180379746835442,0.22057953873447664,403,403,0.3002481389578164,0.337468982630273,0.22332506203473945,23.997518610421835,89.72679900744417,0.3870967741935484,0.0967741935483871,0.3076923076923077,0.5815926892950392,0.16947250280583614
"Hoskins, Rhys",2020,185,769,151,37,29,29,5,43,0,18,9,0,10,108,0.24503311258278146,0.3837837837837838,0.5033112582781457,0.8870950420619295,0.2582781456953642,0.23243243243243245,0.15675675675675677,0.2755102040816326,0.3823621621621621,319,0.41482444733420026,0.2664576802507837,0.2222222222222222,108,107,0.28703703703703703,0.4074074074074074,0.18518518518518517,24.8411214953271,89.76542056074766,0.42592592592592593,0.14814814814814814,0.2777777777777778,0.6099476439790575,0.21030042918454936
"Hoskins, Rhys",2021,443,1886,389,96,47,47,5,108,2,40,29,0,27,283,0.2467866323907455,0.3340857787810384,0.5295629820051414,0.8636487607861798,0.2827763496143959,0.24379232505643342,0.10609480812641084,0.26953125,0.3645620767494357,837,0.443796394485684,0.2640382317801673,0.25260960334029225,283,283,0.2968197879858657,0.3674911660777385,0.24381625441696114,21.72791519434629,91.17879858657243,0.4628975265017668,0.1696113074204947,0.26501766784452296,0.6411637931034483,0.1899159663865546
"Hoskins, Rhys",2022,745,3211,658,156,76,76,6,193,4,84,34,2,36,469,0.23708206686930092,0.31989247311827956,0.45896656534954405,0.7788590384678236,0.22188449848024314,0.25906040268456376,0.10201342281879194,0.27713625866050806,0.33818279569892473,1350,0.4204297726564933,0.25925925925925924,0.2332089552238806,469,468,0.35181236673773986,0.34754797441364604,0.21961620469083157,19.13034188034188,90.03760683760683,0.43283582089552236,0.11513859275053305,0.2579957356076759,0.6082345601996257,0.1723076923076923
"Howard, Ryan",2015,502,1897,467,107,27,25,5,138,3,54,29,1,23,332,0.2291220556745182,0.27689243027888444,0.44325481798715205,0.7201472482660365,0.21413276231263384,0.2749003984063745,0.053784860557768925,0.27184466019417475,0.30770400000000003,1036,0.5461254612546126,0.3185328185328185,0.3720266412940057,332,325,0.3795180722891566,0.2560240963855422,0.3463855421686747,14.916923076923077,91.26615384615384,0.45180722891566266,0.11746987951807229,0.24397590361445784,0.7624113475177305,0.20155038759689922
"Howard, Ryan",2016,363,1372,332,65,27,25,1,114,3,30,10,0,25,220,0.19578313253012047,0.256198347107438,0.45180722891566266,0.7080055760231007,0.2560240963855422,0.3140495867768595,0.0743801652892562,0.20408163265306123,0.2967617728531856,755,0.5502915451895044,0.343046357615894,0.3790931989924433,220,218,0.39090909090909093,0.32272727272727275,0.2409090909090909,16.65137614678899,92.04724770642201,0.4772727272727273,0.15454545454545454,0.25,0.7881944444444444,0.2577092511013216
"Jankowski, Travis",2021,153,583,131,33,18,18,1,29,0,24,6,2,1,104,0.25190839694656486,0.3466666666666667,0.3511450381679389,0.6978117048346055,0.09923664122137404,0.1895424836601307,0.11764705882352941,0.31683168316831684,0.31246,238,0.40823327615780447,0.18487394957983194,0.15925925925925927,104,104,0.5384615384615384,0.19230769230769232,0.2403846153846154,2.0096153846153846,81.44615384615385,0.20192307692307693,0.019230769230769232,0.07692307692307693,0.6230031948881789,0.14358974358974358
"Joseph, Tommy",2016,347,1322,315,81,22,22,4,75,6,45,15,0,21,246,0.2571428571428571,0.30835734870317005,0.5047619047619047,0.8131192534650749,0.24761904761904763,0.21613832853025935,0.06340057636887608,0.26666666666666666,0.34161671469740634,670,0.5068078668683812,0.23134328358208955,0.33661971830985915,246,244,0.37398373983739835,0.23577235772357724,0.2845528455284553,16.827868852459016,89.91762295081968,0.4186991869918699,0.11788617886178862,0.21544715447154472,0.704248366013072,0.16009280742459397
"Joseph, Tommy",2017,532,2026,495,119,32,32,2,129,3,69,27,1,22,369,0.2404040404040404,0.287593984962406,0.43232323232323233,0.7199172172856383,0.19191919191919193,0.2424812030075188,0.06015037593984962,0.27953890489913547,0.30547180451127826,1005,0.4960513326752221,0.2656716417910448,0.3442622950819672,369,366,0.4173441734417344,0.22493224932249323,0.2601626016260163,14.120218579234972,89.27158469945356,0.4010840108401084,0.07317073170731707,0.20596205962059622,0.6771397616468039,0.1648
"Joyce, Matt",2021,67,272,55,5,10,10,1,16,1,2,1,0,2,40,0.09090909090909091,0.23880597014925373,0.21818181818181817,0.4569877883310719,0.12727272727272726,0.23880597014925373,0.14925373134328357,0.07894736842105263,0.2187462686567164,122,0.4485294117647059,0.30327868852459017,0.2158273381294964,40,40,0.5,0.3,0.125,,,0.275,0.1,0.275,0.6917293233082706,0.2608695652173913
"Kelly, Ty",2017,104,427,88,17,8,8,1,24,3,8,7,0,2,71,0.19318181818181818,0.26,0.3409090909090909,0.6009090909090908,0.1477272727272727,0.23076923076923078,0.07692307692307693,0.23076923076923078,0.25867,163,0.38173302107728335,0.22085889570552147,0.18181818181818182,71,67,0.4647887323943662,0.22535211267605634,0.22535211267605634,13.402985074626866,83.90597014925373,0.16901408450704225,0.028169014084507043,0.22535211267605634,0.5545851528384279,0.1968503937007874
"Kemp, Otto",2025,220,827,199,46,12,12,7,69,2,27,11,0,8,132,0.23115577889447236,0.29545454545454547,0.40703517587939697,0.7024897213339425,0.1758793969849246,0.31363636363636366,0.05454545454545454,0.3064516129032258,0.3055818181818182,424,0.5126964933494559,0.3490566037735849,0.2929782082324455,132,132,0.4318181818181818,0.32575757575757575,0.22727272727272727,11.159090909090908,89.4469696969697,0.44696969696969696,0.12121212121212122,0.2196969696969697,0.7318840579710145,0.2376237623762376
"Kendrick, Howie",2017,156,620,141,48,11,11,3,30,1,37,8,1,2,112,0.3404255319148936,0.3974358974358974,0.45390070921985815,0.8513366066557555,0.11347517730496454,0.19230769230769232,0.07051282051282051,0.41818181818181815,0.36928846153846157,293,0.47258064516129034,0.21843003412969283,0.3003194888178914,112,110,0.5714285714285714,0.10714285714285714,0.29464285714285715,1.1454545454545455,88.94727272727273,0.3392857142857143,0.08928571428571429,0.11607142857142858,0.6513157894736842,0.1717171717171717
"Kepler, Max",2025,487,1890,430,92,48,48,4,95,4,53,20,1,18,339,0.21395348837209302,0.2962962962962963,0.39069767441860465,0.6869939707149009,0.17674418604651163,0.19507186858316222,0.09856262833675565,0.23052959501557632,0.3006008230452675,905,0.47883597883597884,0.23756906077348067,0.26365546218487396,339,337,0.35988200589970504,0.3303834808259587,0.2359882005899705,16.341246290801188,90.42373887240356,0.43952802359882004,0.11209439528023599,0.23303834808259588,0.697228144989339,0.13302752293577982
"Kim, Hyun Soo",2017,96,404,87,20,9,9,0,19,0,15,4,1,0,68,0.22988505747126436,0.3020833333333333,0.2988505747126437,0.600933908045977,0.06896551724137934,0.19791666666666666,0.09375,0.29411764705882354,0.2695,171,0.42326732673267325,0.1695906432748538,0.18407960199004975,68,67,0.4852941176470588,0.22058823529411764,0.2647058823529412,9.970149253731343,89.68955223880597,0.4117647058823529,0.07352941176470588,0.11764705882352941,0.6600985221674877,0.12686567164179105
"Kingery, Scott",2018,483,1964,452,102,23,23,3,126,5,69,23,2,8,331,0.22566371681415928,0.2650103519668737,0.33849557522123896,0.6035059271881127,0.11283185840707968,0.2608695652173913,0.047619047619047616,0.29102167182662536,0.2625983436853002,1009,0.5137474541751528,0.29038652130822595,0.36604189636163176,331,322,0.36253776435045315,0.2930513595166163,0.26586102719033233,17.3944099378882,86.17111801242235,0.311178247734139,0.0513595166163142,0.18731117824773413,0.6434108527131783,0.23795180722891565
"Kingery, Scott",2019,499,1973,458,118,33,33,5,147,2,61,34,4,19,314,0.2576419213973799,0.3132530120481928,0.4737991266375546,0.7870521386857474,0.21615720524017468,0.29458917835671344,0.06613226452905811,0.336734693877551,0.32889357429718874,998,0.5058286872782565,0.3186372745490982,0.3117134559535334,314,313,0.3503184713375796,0.2515923566878981,0.3089171974522293,17.798722044728436,88.35974440894569,0.3885350318471338,0.07961783439490445,0.2484076433121019,0.7191489361702128,0.23372781065088757
"Kingery, Scott",2020,124,468,113,18,9,9,1,35,0,10,5,0,3,79,0.1592920353982301,0.22764227642276422,0.2831858407079646,0.5108281171307288,0.12389380530973451,0.28225806451612906,0.07258064516129033,0.2,0.22744715447154473,241,0.5149572649572649,0.3153526970954357,0.31759656652360513,79,75,0.3924050632911392,0.3037974683544304,0.20253164556962025,16.373333333333335,84.44266666666667,0.31645569620253167,0.10126582278481013,0.189873417721519,0.7106382978723405,0.281437125748503
"Knapp, Andrew",2017,201,817,172,44,27,27,0,56,2,32,8,1,3,117,0.2558139534883721,0.35323383084577115,0.36627906976744184,0.719512900613213,0.11046511627906974,0.27860696517412936,0.13432835820895522,0.3565217391304348,0.31901990049751244,344,0.42105263157894735,0.2761627906976744,0.19559902200489,117,117,0.5897435897435898,0.13675213675213677,0.2564102564102564,4.6581196581196584,88.86153846153846,0.4017094017094017,0.02564102564102564,0.09401709401709402,0.6486486486486487,0.21212121212121213
"Knapp, Andrew",2018,214,890,187,37,23,23,2,75,1,25,6,2,4,114,0.19786096256684493,0.29107981220657275,0.3155080213903743,0.606587833596947,0.11764705882352938,0.35046728971962615,0.10747663551401869,0.30275229357798167,0.2726384976525822,421,0.4730337078651685,0.3491686460807601,0.22696629213483147,114,112,0.40350877192982454,0.2543859649122807,0.3157894736842105,13.5,88.41428571428571,0.39473684210526316,0.08771929824561403,0.20175438596491227,0.7188208616780045,0.2744479495268139
"Knapp, Andrew",2019,158,643,136,29,16,16,3,51,0,18,9,0,2,88,0.21323529411764705,0.3096774193548387,0.3235294117647059,0.6332068311195447,0.11029411764705885,0.3227848101265823,0.10126582278481013,0.3253012048192771,0.28187096774193554,333,0.5178849144634525,0.3123123123123123,0.2874617737003058,88,83,0.3977272727272727,0.22727272727272727,0.29545454545454547,16.36144578313253,88.55783132530121,0.42045454545454547,0.09090909090909091,0.23863636363636365,0.7563291139240507,0.22594142259414227
"Knapp, Andrew",2020,89,345,72,20,15,15,1,19,1,13,4,1,2,54,0.2777777777777778,0.4044943820224719,0.4444444444444444,0.8489388264669163,0.16666666666666663,0.21348314606741572,0.16853932584269662,0.34615384615384615,0.3725842696629213,161,0.4666666666666667,0.30434782608695654,0.23295454545454544,54,53,0.46296296296296297,0.2222222222222222,0.2777777777777778,10.754716981132075,86.3377358490566,0.3333333333333333,0.07407407407407407,0.24074074074074073,0.7100591715976331,0.25
"Knapp, Andrew",2021,159,619,145,22,10,10,2,61,1,17,3,0,2,86,0.15172413793103448,0.21518987341772153,0.21379310344827587,0.4289829768659974,0.06206896551724139,0.3836477987421384,0.06289308176100629,0.24096385542168675,0.1965,348,0.5621970920840065,0.3764367816091954,0.3685897435897436,86,86,0.46511627906976744,0.3023255813953488,0.18604651162790697,9.453488372093023,81.76046511627906,0.313953488372093,0.03488372093023256,0.19767441860465115,0.758957654723127,0.30042918454935624
"Lough, David",2016,79,290,67,16,9,8,2,8,1,12,3,1,0,60,0.23880597014925373,0.34177215189873417,0.31343283582089554,0.6552049877196298,0.07462686567164181,0.10126582278481013,0.11392405063291139,0.26666666666666666,0.2923205128205128,133,0.4586206896551724,0.16541353383458646,0.3313253012048193,60,58,0.43333333333333335,0.2,0.25,13.586206896551724,84.81551724137931,0.23333333333333334,0.0,0.2,0.6290322580645161,0.07692307692307693
"Marchán, Rafael",2021,56,193,52,12,4,4,0,10,0,9,1,1,1,42,0.23076923076923078,0.2857142857142857,0.34615384615384615,0.6318681318681318,0.11538461538461536,0.17857142857142858,0.07142857142857142,0.2682926829268293,0.2767142857142857,88,0.45595854922279794,0.1590909090909091,0.297029702970297,42,42,0.40476190476190477,0.16666666666666666,0.2857142857142857,,,0.19047619047619047,0.0,0.14285714285714285,0.6304347826086957,0.15517241379310345
"Marchán, Rafael",2024,56,195,51,15,3,3,1,8,0,8,4,0,3,44,0.29411764705882354,0.34545454545454546,0.5490196078431373,0.8944741532976828,0.25490196078431376,0.14285714285714285,0.05357142857142857,0.3,0.3819818181818182,90,0.46153846153846156,0.15555555555555556,0.2558139534883721,44,44,0.3181818181818182,0.29545454545454547,0.3409090909090909,,,0.3181818181818182,0.09090909090909091,0.20454545454545456,0.6238532110091743,0.08823529411764706
"Marchán, Rafael",2025,119,459,106,22,10,10,1,17,1,16,4,0,2,90,0.20754716981132076,0.2796610169491525,0.3018867924528302,0.5815478094019827,0.09433962264150941,0.14285714285714285,0.08403361344537816,0.22727272727272727,0.2612372881355932,206,0.44880174291938996,0.22815533980582525,0.24,90,90,0.5222222222222223,0.2111111111111111,0.17777777777777778,10.61111111111111,84.91,0.2222222222222222,0.022222222222222223,0.15555555555555556,0.6495726495726496,0.16447368421052633
"Marchán, Rafael",2026,92,362,88,9,2,2,2,14,0,7,0,0,2,74,0.10227272727272728,0.14130434782608695,0.17045454545454544,0.3117588932806324,0.06818181818181816,0.15217391304347827,0.021739130434782608,0.09722222222222222,0.1430978260869565,180,0.4972375690607735,0.16666666666666666,0.327683615819209,74,74,0.32432432432432434,0.25675675675675674,0.20270270270270271,25.986486486486488,82.59594594594596,0.1891891891891892,0.02702702702702703,0.28378378378378377,0.6594594594594595,0.09016393442622951
"Marsh, Brandon",2022,183,709,171,45,10,10,1,58,0,26,12,2,5,114,0.2631578947368421,0.3076923076923077,0.4444444444444444,0.7521367521367521,0.18128654970760233,0.31693989071038253,0.0546448087431694,0.37037037037037035,0.32575824175824175,344,0.48519040902679833,0.25872093023255816,0.3324324324324324,114,114,0.37719298245614036,0.3157894736842105,0.2807017543859649,13.74561403508772,89.63333333333334,0.40350877192982454,0.07017543859649122,0.2631578947368421,0.6519174041297935,0.167420814479638
"Marsh, Brandon",2023,511,2149,442,125,60,60,4,159,4,77,29,6,13,288,0.2828054298642534,0.37058823529411766,0.4638009049773756,0.8343891402714932,0.1809954751131222,0.3111545988258317,0.11741682974559686,0.40875912408759124,0.3611705882352941,915,0.42577943229409027,0.2797814207650273,0.25507502206531335,288,287,0.4409722222222222,0.2638888888888889,0.2604166666666667,12.968641114982578,90.64390243902439,0.4861111111111111,0.10069444444444445,0.1875,0.6161417322834646,0.17731629392971246
"Marsh, Brandon",2024,491,2059,433,105,50,50,2,157,5,69,17,3,16,280,0.24249422632794457,0.32040816326530613,0.4064665127020785,0.7268746759673846,0.16397228637413394,0.319755600814664,0.10183299389002037,0.33584905660377357,0.3176244897959183,854,0.41476444876153473,0.275175644028103,0.2390909090909091,280,280,0.3892857142857143,0.29642857142857143,0.275,13.992857142857142,90.89571428571428,0.46785714285714286,0.09642857142857143,0.17857142857142858,0.616266944734098,0.16243654822335024
"Marsh, Brandon",2025,441,1716,394,107,38,38,0,115,5,69,25,2,11,285,0.2715736040609137,0.3318077803203661,0.4289340101522843,0.7607417904726503,0.15736040609137059,0.26077097505668934,0.08616780045351474,0.3516483516483517,0.3294988558352403,809,0.47144522144522144,0.23856613102595797,0.2925170068027211,285,283,0.42105263157894735,0.2631578947368421,0.2736842105263158,11.710247349823321,90.41272084805654,0.4666666666666667,0.08771929824561403,0.2,0.6606714628297362,0.11433756805807622
"Marsh, Brandon",2026,485,1816,449,124,29,24,2,121,4,87,18,2,17,333,0.27616926503340755,0.3202479338842975,0.43875278396436523,0.7590007178486627,0.16258351893095768,0.24948453608247423,0.05979381443298969,0.3396825396825397,0.326027139874739,946,0.5209251101321586,0.25052854122621565,0.372507869884575,333,332,0.4144144144144144,0.26426426426426425,0.27927927927927926,12.44277108433735,89.11295180722891,0.45045045045045046,0.08708708708708708,0.21021021021021022,0.6969339622641509,0.12859560067681894
"Maton, Nick",2021,131,512,117,30,10,10,2,39,1,20,7,1,2,80,0.2564102564102564,0.3230769230769231,0.38461538461538464,0.7076923076923077,0.12820512820512825,0.29770992366412213,0.07633587786259542,0.36363636363636365,0.30938461538461537,260,0.5078125,0.31153846153846154,0.3050847457627119,80,80,0.3375,0.3125,0.3,16.0125,86.89375,0.35,0.0625,0.2,0.6811594202898551,0.23404255319148937
"Maton, Nick",2022,86,368,73,18,10,10,1,29,2,10,2,1,5,46,0.2465753424657534,0.3372093023255814,0.5068493150684932,0.8440586173940745,0.26027397260273977,0.3372093023255814,0.11627906976744186,0.3170731707317073,0.3596860465116279,179,0.48641304347826086,0.35195530726256985,0.30845771144278605,46,46,0.32608695652173914,0.32608695652173914,0.2608695652173913,,,0.30434782608695654,0.06521739130434782,0.30434782608695654,0.7005988023952096,0.2222222222222222
"McCutchen, Andrew",2019,262,1165,219,56,43,43,0,55,0,33,12,1,10,164,0.2557077625570776,0.37786259541984735,0.45662100456621,0.8344835999860574,0.2009132420091324,0.2099236641221374,0.16412213740458015,0.2987012987012987,0.35844656488549614,413,0.35450643776824037,0.2566585956416465,0.14655172413793102,164,164,0.4573170731707317,0.25,0.23170731707317074,12.682926829268293,90.63780487804878,0.40853658536585363,0.07317073170731707,0.1951219512195122,0.5606837606837607,0.1798780487804878
"McCutchen, Andrew",2020,241,974,217,55,22,22,1,48,1,36,9,0,10,170,0.2534562211981567,0.3236514522821577,0.43317972350230416,0.7568311757844619,0.17972350230414746,0.1991701244813278,0.0912863070539419,0.28125,0.32707883817427386,395,0.4055441478439425,0.22025316455696203,0.21428571428571427,170,168,0.35294117647058826,0.27058823529411763,0.2823529411764706,18.18452380952381,89.75178571428572,0.4117647058823529,0.08235294117647059,0.27058823529411763,0.5883534136546185,0.16382252559726962
"McCutchen, Andrew",2021,572,2308,482,107,79,79,4,132,7,55,24,1,27,357,0.22199170124481327,0.3321678321678322,0.44398340248962653,0.7761512346574587,0.22199170124481327,0.23076923076923078,0.1381118881118881,0.24242424242424243,0.3347307692307692,963,0.4172443674176776,0.2585669781931464,0.19139596136962247,357,356,0.40896358543417366,0.30532212885154064,0.21568627450980393,14.620786516853933,88.83342696629214,0.3949579831932773,0.0896358543417367,0.24369747899159663,0.6372968349016254,0.18926174496644296
"Merrifield, Whit",2024,175,633,157,31,15,15,2,19,0,23,4,1,3,138,0.19745222929936307,0.27586206896551724,0.2929936305732484,0.5688556995387657,0.09554140127388533,0.10857142857142857,0.08571428571428572,0.2074074074074074,0.2575689655172414,310,0.48973143759873616,0.1870967741935484,0.284789644012945,138,137,0.463768115942029,0.2826086956521739,0.18840579710144928,13.094890510948906,82.62700729927008,0.17391304347826086,0.028985507246376812,0.15942028985507245,0.6851851851851852,0.11711711711711711
"Miller, Brad",2019,130,506,118,31,11,11,1,35,0,15,3,1,12,83,0.2627118644067797,0.33076923076923076,0.6101694915254238,0.9409387222946546,0.3474576271186441,0.2692307692307692,0.08461538461538462,0.2676056338028169,0.38322307692307694,236,0.466403162055336,0.3093220338983051,0.26545454545454544,83,83,0.42168674698795183,0.3253012048192771,0.1566265060240964,18.42168674698795,92.38795180722892,0.46987951807228917,0.14457831325301204,0.1566265060240964,0.7056277056277056,0.25153374233128833
"Miller, Brad",2021,375,1525,331,75,43,43,1,112,0,43,9,3,20,219,0.22658610271903323,0.31733333333333336,0.45317220543806647,0.7705055387713998,0.22658610271903323,0.2986666666666667,0.11466666666666667,0.27638190954773867,0.3314586666666666,700,0.45901639344262296,0.30857142857142855,0.24342105263157895,219,219,0.4474885844748858,0.2648401826484018,0.2191780821917808,12.634703196347031,92.0958904109589,0.4794520547945205,0.1232876712328767,0.2100456621004566,0.673202614379085,0.2407766990291262
"Moniak, Mickey",2022,50,182,46,6,3,3,0,19,0,5,1,0,0,28,0.13043478260869565,0.1836734693877551,0.15217391304347827,0.33584738243123335,0.021739130434782622,0.38,0.06,0.2222222222222222,0.15812244897959185,102,0.5604395604395604,0.3431372549019608,0.4811320754716981,28,28,0.5357142857142857,0.25,0.14285714285714285,,,0.2857142857142857,0.03571428571428571,0.17857142857142858,0.6710526315789473,0.19607843137254902
"Muñoz, Yairo",2022,60,208,57,12,3,3,0,10,0,7,2,0,3,47,0.21052631578947367,0.25,0.40350877192982454,0.6535087719298245,0.19298245614035087,0.16666666666666666,0.05,0.20454545454545456,0.2832166666666666,123,0.5913461538461539,0.2601626016260163,0.38461538461538464,47,47,0.6595744680851063,0.1702127659574468,0.1276595744680851,,,0.3617021276595745,0.0425531914893617,0.14893617021276595,0.7980769230769231,0.14457831325301204
"Nava, Daniel",2017,214,859,183,55,26,26,3,38,2,42,8,1,4,147,0.3005464480874317,0.3925233644859813,0.4207650273224044,0.8132883918083857,0.1202185792349727,0.17757009345794392,0.12149532710280374,0.35664335664335667,0.3567710280373832,355,0.41327124563445866,0.17746478873239438,0.19138755980861244,147,147,0.43537414965986393,0.2108843537414966,0.3197278911564626,10.857142857142858,87.27006802721088,0.30612244897959184,0.047619047619047616,0.1564625850340136,0.6235827664399093,0.12
"Nola, Aaron",2017,54,218,48,4,4,4,0,25,0,4,0,0,0,25,0.08333333333333333,0.15384615384615385,0.08333333333333333,0.23717948717948717,0.0,0.46296296296296297,0.07407407407407407,0.17391304347826086,0.12076923076923075,76,0.3486238532110092,0.32894736842105265,0.125,25,23,0.88,0.08,0.04,,,0.08,0.0,0.0,0.4782608695652174,0.2727272727272727
"Nola, Aaron",2018,70,264,62,3,1,1,0,36,0,2,1,0,0,33,0.04838709677419355,0.06349206349206349,0.06451612903225806,0.12800819252432155,0.016129032258064516,0.5142857142857142,0.014285714285714285,0.11538461538461539,0.05868253968253968,92,0.3484848484848485,0.2391304347826087,0.13978494623655913,33,25,0.7575757575757576,0.06060606060606061,0.12121212121212122,,,0.06060606060606061,0.0,0.030303030303030304,0.4619883040935672,0.21518987341772153
"Nola, Aaron",2019,70,286,59,7,6,6,0,35,0,5,2,0,0,29,0.11864406779661017,0.2,0.15254237288135594,0.3525423728813559,0.03389830508474577,0.5,0.08571428571428572,0.2916666666666667,0.16806153846153846,66,0.23076923076923078,0.15151515151515152,0.096,29,26,0.6896551724137931,0.10344827586206896,0.20689655172413793,,,0.20689655172413793,0.0,0.10344827586206896,0.33540372670807456,0.09259259259259259
"Nola, Aaron",2021,63,253,49,7,6,6,0,29,1,5,2,0,0,28,0.14285714285714285,0.23214285714285715,0.1836734693877551,0.4158163265306123,0.04081632653061226,0.4603174603174603,0.09523809523809523,0.3333333333333333,0.19698214285714283,83,0.32806324110671936,0.18072289156626506,0.12745098039215685,28,28,0.75,0.03571428571428571,0.21428571428571427,,,0.10714285714285714,0.0,0.03571428571428571,0.46357615894039733,0.12857142857142856
"Pache, Cristian",2023,105,426,91,21,13,13,0,30,0,11,7,1,2,62,0.23076923076923078,0.3269230769230769,0.3956043956043956,0.7225274725274725,0.1648351648351648,0.2857142857142857,0.12380952380952381,0.3220338983050847,0.31775,200,0.4694835680751174,0.365,0.25925925925925924,62,62,0.46774193548387094,0.16129032258064516,0.27419354838709675,7.661290322580645,86.90967741935484,0.46774193548387094,0.06451612903225806,0.1935483870967742,0.6857142857142857,0.2986111111111111
"Pache, Cristian",2024,117,496,103,21,13,13,0,42,1,15,5,1,0,62,0.20388349514563106,0.2905982905982906,0.27184466019417475,0.5624429507924653,0.06796116504854369,0.358974358974359,0.1111111111111111,0.3387096774193548,0.2568119658119658,231,0.4657258064516129,0.33766233766233766,0.22709163346613545,62,62,0.5483870967741935,0.22580645161290322,0.1774193548387097,8.0,91.2709677419355,0.45161290322580644,0.03225806451612903,0.08064516129032258,0.710204081632653,0.25287356321839083
"Paredes, Jimmy",2016,150,555,143,31,5,5,0,44,1,20,7,0,4,101,0.21678321678321677,0.24161073825503357,0.34965034965034963,0.5912610879053832,0.13286713286713286,0.29333333333333333,0.03333333333333333,0.28125,0.25348322147651003,320,0.5765765765765766,0.340625,0.46855345911949686,101,98,0.5544554455445545,0.16831683168316833,0.2376237623762376,6.63265306122449,89.82959183673469,0.36633663366336633,0.09900990099009901,0.13861386138613863,0.7215189873417721,0.23391812865497075
"Perkins, Cameron",2017,97,348,88,16,5,5,2,23,2,10,5,0,1,67,0.18181818181818182,0.23711340206185566,0.2727272727272727,0.5098406747891284,0.09090909090909088,0.23711340206185566,0.05154639175257732,0.22727272727272727,0.22495876288659794,159,0.45689655172413796,0.24528301886792453,0.29120879120879123,67,67,0.5223880597014925,0.208955223880597,0.19402985074626866,7.343283582089552,87.29552238805971,0.3880597014925373,0.014925373134328358,0.16417910447761194,0.6385542168674698,0.1509433962264151
"Quinn, Roman",2016,69,268,57,15,8,8,2,19,0,11,4,0,0,40,0.2631578947368421,0.373134328358209,0.3333333333333333,0.7064676616915423,0.07017543859649122,0.2753623188405797,0.11594202898550725,0.39473684210526316,0.3223283582089552,121,0.45149253731343286,0.3140495867768595,0.21052631578947367,40,38,0.625,0.175,0.2,,,0.175,0.025,0.075,0.6888888888888889,0.25806451612903225
"Quinn, Roman",2018,143,560,131,34,10,10,1,35,0,22,6,4,2,97,0.2595419847328244,0.31690140845070425,0.4122137404580153,0.7291151489087195,0.15267175572519087,0.24475524475524477,0.06993006993006994,0.3404255319148936,0.31574647887323937,273,0.4875,0.2857142857142857,0.2596491228070175,97,92,0.5257731958762887,0.18556701030927836,0.23711340206185566,8.630434782608695,86.90869565217392,0.27835051546391754,0.020618556701030927,0.13402061855670103,0.7242647058823529,0.2131979695431472
"Quinn, Roman",2019,122,448,108,23,12,12,1,34,0,15,3,1,4,75,0.21296296296296297,0.2975206611570248,0.37037037037037035,0.6678910315273952,0.15740740740740738,0.2786885245901639,0.09836065573770492,0.2714285714285714,0.28916528925619833,195,0.43526785714285715,0.3128205128205128,0.2358490566037736,75,66,0.5733333333333334,0.16,0.16,11.287878787878787,85.60303030303031,0.36,0.05333333333333334,0.18666666666666668,0.614406779661017,0.22758620689655173
"Quinn, Roman",2020,116,454,108,23,5,5,2,39,0,17,3,1,2,70,0.21296296296296297,0.2608695652173913,0.3148148148148148,0.5756843800322061,0.10185185185185186,0.33620689655172414,0.04310344827586207,0.31343283582089554,0.25384347826086956,236,0.5198237885462555,0.3008474576271186,0.270935960591133,70,69,0.5428571428571428,0.12857142857142856,0.22857142857142856,5.478260869565218,78.35362318840579,0.2571428571428571,0.02857142857142857,0.21428571428571427,0.7211155378486056,0.1878453038674033
"Quinn, Roman",2021,62,255,52,9,6,6,4,19,0,5,2,2,0,33,0.17307692307692307,0.3064516129032258,0.28846153846153844,0.5949131513647643,0.11538461538461536,0.3064516129032258,0.0967741935483871,0.2727272727272727,0.2750806451612903,103,0.403921568627451,0.32038834951456313,0.16923076923076924,33,33,0.48484848484848486,0.15151515151515152,0.24242424242424243,,,0.2727272727272727,0.030303030303030304,0.2727272727272727,0.648,0.2839506172839506
"Ramos, Wilson",2018,100,376,89,30,9,9,0,19,2,20,8,1,1,72,0.33707865168539325,0.39,0.48314606741573035,0.8731460674157303,0.1460674157303371,0.19,0.09,0.4084507042253521,0.37395,204,0.5425531914893617,0.24509803921568626,0.2994652406417112,72,69,0.625,0.1527777777777778,0.19444444444444445,2.7971014492753623,91.3840579710145,0.4583333333333333,0.027777777777777776,0.06944444444444445,0.791907514450867,0.1678832116788321
"Realmuto, J.T.",2019,591,2332,538,148,39,39,5,123,8,84,36,3,25,423,0.275092936802974,0.3254237288135593,0.49256505576208176,0.8179887845756411,0.21747211895910779,0.20812182741116753,0.06598984771573604,0.30904522613065327,0.33980338983050845,1183,0.5072898799313894,0.23837700760777683,0.3256578947368421,423,423,0.3971631205673759,0.23877068557919623,0.28368794326241137,14.39952718676123,90.29030732860521,0.41134751773049644,0.08747044917257683,0.18912529550827423,0.705829596412556,0.16645489199491742
"Realmuto, J.T.",2020,195,742,173,46,16,16,6,48,0,29,6,0,11,125,0.2658959537572254,0.3487179487179487,0.4913294797687861,0.8400474284867347,0.2254335260115607,0.24615384615384617,0.08205128205128205,0.30701754385964913,0.36079999999999995,336,0.4528301886792453,0.2976190476190476,0.2519480519480519,125,125,0.488,0.256,0.184,11.552,90.1768,0.424,0.136,0.144,0.6694677871148459,0.22594142259414227
"Realmuto, J.T.",2021,532,2096,476,125,43,43,11,129,2,79,25,4,17,349,0.26260504201680673,0.33646616541353386,0.43907563025210083,0.7755417956656347,0.1764705882352941,0.2424812030075188,0.08082706766917293,0.3253012048192771,0.3356766917293233,1038,0.4952290076335878,0.2697495183044316,0.30670339761248855,349,349,0.4670487106017192,0.24355300859598855,0.23209169054441262,11.515759312320917,89.5893982808023,0.4469914040114613,0.08595988538681948,0.1489971346704871,0.6991062562065541,0.21448863636363635
"Realmuto, J.T.",2022,633,2476,569,153,46,46,13,143,5,96,27,5,25,431,0.2688927943760984,0.334913112164297,0.46572934973637964,0.8006424619006767,0.19683655536028122,0.2259083728278041,0.07266982622432859,0.31527093596059114,0.3471879936808847,1211,0.48909531502423265,0.2634186622625929,0.3112529928172386,431,430,0.44547563805104406,0.2529002320185615,0.24129930394431554,12.913953488372092,89.98558139534885,0.46635730858468677,0.1136890951276102,0.18561484918793503,0.6713000817661489,0.2046285018270402
"Realmuto, J.T.",2023,589,2297,538,136,33,33,10,151,5,76,32,5,23,392,0.2527881040892193,0.3054607508532423,0.4591078066914498,0.7645685575446921,0.20631970260223048,0.2563667232597623,0.05602716468590832,0.3062330623306233,0.3260767918088737,1154,0.5023944275141489,0.26776429809358754,0.3025064822817632,392,392,0.36989795918367346,0.30357142857142855,0.2372448979591837,17.31122448979592,89.90510204081633,0.4362244897959184,0.1096938775510204,0.22193877551020408,0.7052631578947368,0.18781094527363185
"Realmuto, J.T.",2024,430,1655,393,101,29,29,7,106,1,68,18,1,14,286,0.25699745547073793,0.3186046511627907,0.41475826972010177,0.7333629208828925,0.15776081424936383,0.24651162790697675,0.06744186046511629,0.3175182481751825,0.32060232558139534,825,0.4984894259818731,0.26181818181818184,0.2995049504950495,286,285,0.45104895104895104,0.21678321678321677,0.2727272727272727,9.157894736842104,89.15754385964912,0.46153846153846156,0.10139860139860139,0.16783216783216784,0.6883116883116883,0.17495711835334476
"Realmuto, J.T.",2025,566,2259,519,135,34,34,9,132,3,92,28,2,13,390,0.26011560693641617,0.31504424778761064,0.3969171483622351,0.7119613961498457,0.1368015414258189,0.2332155477031802,0.06007067137809187,0.32360742705570295,0.31122300884955756,1101,0.48738379814077026,0.23978201634877383,0.3240174672489083,390,390,0.44358974358974357,0.23333333333333334,0.26666666666666666,10.96923076923077,90.24051282051283,0.46153846153846156,0.08717948717948718,0.16153846153846155,0.6552962298025135,0.14383561643835616
"Realmuto, J.T.",2026,366,1444,323,72,28,28,9,77,6,47,17,0,8,251,0.22291021671826625,0.2978142076502732,0.3498452012383901,0.6476594088886634,0.12693498452012383,0.2103825136612022,0.07650273224043716,0.26229508196721313,0.288688524590164,676,0.46814404432132967,0.24260355029585798,0.30213903743315507,251,249,0.4342629482071713,0.26294820717131473,0.27091633466135456,11.040160642570282,89.52289156626506,0.40239043824701193,0.043824701195219126,0.18725099601593626,0.6474820143884892,0.16
"Revere, Ben",2015,388,1411,366,109,19,19,1,36,0,89,13,6,1,332,0.2978142076502732,0.33419689119170987,0.3743169398907104,0.7085138310824203,0.07650273224043719,0.09278350515463918,0.04896907216494845,0.3282674772036474,0.3112357512953368,610,0.43231750531537916,0.09672131147540984,0.29864864864864865,332,317,0.5963855421686747,0.12349397590361445,0.2680722891566265,3.091482649842271,82.5,0.12349397590361445,0.0,0.12349397590361445,0.5797317436661699,0.033419023136246784
"Rincones Jr., Gabriel",2026,89,344,84,14,2,2,2,29,1,8,4,0,2,56,0.16666666666666666,0.20224719101123595,0.2857142857142857,0.48796147672552165,0.11904761904761904,0.3258426966292135,0.02247191011235955,0.2222222222222222,0.21453932584269664,198,0.5755813953488372,0.30303030303030304,0.46629213483146065,56,53,0.44642857142857145,0.32142857142857145,0.16071428571428573,13.283018867924529,90.0754716981132,0.35714285714285715,0.08928571428571429,0.16071428571428573,0.6927710843373494,0.1826086956521739
"Rodríguez, Sean",2019,139,590,112,25,19,19,3,41,1,16,5,0,4,76,0.22321428571428573,0.34814814814814815,0.375,0.7231481481481481,0.15178571428571427,0.2949640287769784,0.1366906474820144,0.3088235294117647,0.3187555555555555,258,0.43728813559322033,0.34108527131782945,0.2347560975609756,76,73,0.47368421052631576,0.18421052631578946,0.23684210526315788,12.493150684931507,86.68082191780822,0.3684210526315789,0.05263157894736842,0.18421052631578946,0.6908396946564885,0.2541436464088398
"Rojas, Johan",2023,209,726,192,49,6,6,4,57,0,34,10,3,2,142,0.2552083333333333,0.29207920792079206,0.3697916666666667,0.6618708745874587,0.11458333333333337,0.2727272727272727,0.028708133971291867,0.3533834586466165,0.2884009900990099,400,0.5509641873278237,0.2625,0.4117647058823529,142,140,0.5140845070422535,0.16901408450704225,0.21830985915492956,5.992857142857143,82.40714285714286,0.3028169014084507,0.02112676056338028,0.14084507042253522,0.6856368563685636,0.15810276679841898
"Rojas, Johan",2024,369,1353,343,83,14,14,4,70,0,65,12,3,3,281,0.24198250728862974,0.27977839335180055,0.3206997084548105,0.600478101806611,0.07871720116618075,0.1897018970189702,0.037940379403794036,0.2962962962962963,0.2654404432132964,662,0.4892830746489283,0.2280966767371601,0.35809806835066865,281,281,0.5907473309608541,0.17437722419928825,0.15658362989323843,2.811387900355872,82.36049822064057,0.2704626334519573,0.02491103202846975,0.15302491103202848,0.6191176470588236,0.15914489311163896
"Rojas, Johan",2025,172,625,152,34,13,13,0,40,3,28,3,2,1,119,0.2236842105263158,0.27976190476190477,0.2894736842105263,0.5692355889724311,0.06578947368421054,0.23255813953488372,0.0755813953488372,0.2894736842105263,0.2538095238095238,328,0.5248,0.24695121951219512,0.38095238095238093,119,119,0.5546218487394958,0.18487394957983194,0.20168067226890757,3.697478991596639,82.83109243697479,0.35294117647058826,0.03361344537815126,0.12605042016806722,0.6709677419354839,0.18269230769230768
"Ruf, Darin",2015,297,1143,268,63,21,21,5,69,3,39,12,0,12,202,0.23507462686567165,0.2996632996632997,0.4141791044776119,0.7138424041409116,0.17910447761194026,0.23232323232323232,0.0707070707070707,0.26842105263157895,0.31053198653198655,551,0.4820647419072616,0.26497277676951,0.2894736842105263,202,201,0.46534653465346537,0.23267326732673269,0.24752475247524752,12.64676616915423,90.01492537313433,0.42574257425742573,0.07920792079207921,0.22772277227722773,0.6748251748251748,0.17616580310880828
"Ruf, Darin",2016,89,351,83,17,4,4,0,25,1,12,2,0,3,60,0.20481927710843373,0.23863636363636365,0.3373493975903614,0.5759857612267251,0.1325301204819277,0.2808988764044944,0.0449438202247191,0.25,0.24805681818181818,166,0.47293447293447294,0.26506024096385544,0.3235294117647059,60,59,0.4166666666666667,0.23333333333333334,0.21666666666666667,15.152542372881356,89.2135593220339,0.4,0.08333333333333333,0.16666666666666666,0.6132596685082873,0.17117117117117117
"Ruiz, Carlos",2015,320,1236,284,60,28,26,4,43,1,44,13,1,2,245,0.2112676056338028,0.2902208201892745,0.2852112676056338,0.5754320877949083,0.073943661971831,0.134375,0.0875,0.24166666666666667,0.2588888888888889,509,0.41181229773462785,0.12573673870333987,0.21164021164021163,245,239,0.45714285714285713,0.18775510204081633,0.2979591836734694,9.790794979079498,84.87698744769874,0.17959183673469387,0.0163265306122449,0.10612244897959183,0.5814648729446936,0.06940874035989718
"Ruiz, Carlos",2016,193,828,165,43,24,23,4,28,0,34,6,0,3,137,0.2606060606060606,0.36787564766839376,0.3515151515151515,0.7193907991835453,0.09090909090909088,0.14507772020725387,0.12435233160621761,0.29850746268656714,0.32357291666666665,304,0.3671497584541063,0.12171052631578948,0.1820388349514563,137,135,0.45985401459854014,0.21897810218978103,0.2773722627737226,13.11111111111111,87.77555555555556,0.3795620437956204,0.043795620437956206,0.15328467153284672,0.5504807692307693,0.0611353711790393
"Rupp, Cameron",2015,299,1138,270,63,24,19,3,71,2,44,9,1,9,201,0.23333333333333334,0.3010033444816054,0.37407407407407406,0.6750774185556794,0.14074074074074072,0.23745819397993312,0.0802675585284281,0.28125,0.29065986394557825,552,0.4850615114235501,0.26268115942028986,0.27335640138408307,201,196,0.44776119402985076,0.19402985074626866,0.263681592039801,14.16326530612245,88.7826530612245,0.35323383084577115,0.07462686567164178,0.11940298507462686,0.7060931899641577,0.19289340101522842
"Rupp, Cameron",2016,419,1583,389,98,24,24,5,114,1,55,26,1,16,276,0.2519280205655527,0.3031026252983294,0.4473007712082262,0.7504033965065555,0.1953727506426735,0.2720763723150358,0.057279236276849645,0.3153846153846154,0.3211933174224344,759,0.47946936197094125,0.30303030303030304,0.2875,276,273,0.4891304347826087,0.2210144927536232,0.2391304347826087,9.025641025641026,91.32014652014652,0.47101449275362317,0.09057971014492754,0.11594202898550725,0.6756066411238825,0.2438563327032136
"Rupp, Cameron",2017,328,1370,295,64,31,31,1,114,1,33,17,0,14,182,0.21694915254237288,0.2926829268292683,0.41694915254237286,0.7096320793716411,0.19999999999999998,0.3475609756097561,0.09451219512195122,0.2976190476190476,0.30430182926829263,624,0.4554744525547445,0.3717948717948718,0.26256983240223464,182,182,0.4945054945054945,0.24175824175824176,0.2032967032967033,8.401098901098901,88.62472527472528,0.4175824175824176,0.0989010989010989,0.13186813186813187,0.667687595712098,0.32339449541284404
"Santana, Carlos",2018,673,2801,560,128,104,104,1,93,8,74,28,2,24,475,0.22857142857142856,0.3462109955423477,0.4142857142857143,0.760496709828062,0.18571428571428575,0.13818722139673106,0.15453194650817237,0.23059866962305986,0.3334561664190193,1160,0.4141378079257408,0.1939655172413793,0.20951068228807718,475,469,0.4147368421052632,0.24842105263157896,0.21052631578947367,15.362473347547974,88.91535181236675,0.3873684210526316,0.06947368421052631,0.21894736842105264,0.6404239212717638,0.1524822695035461
"Saunders, Michael",2017,212,906,200,41,11,11,1,51,0,24,9,2,6,149,0.205,0.25,0.36,0.61,0.155,0.24056603773584906,0.05188679245283019,0.24475524475524477,0.2616320754716981,438,0.48344370860927155,0.23972602739726026,0.2727272727272727,149,147,0.42953020134228187,0.2684563758389262,0.20134228187919462,13.387755102040817,85.81292517006803,0.3087248322147651,0.0738255033557047,0.20134228187919462,0.7122969837587007,0.1498371335504886
"Schwarber, Kyle",2022,737,3211,632,138,95,95,6,218,4,62,21,3,52,418,0.21835443037974683,0.3242876526458616,0.5079113924050633,0.8321990450509249,0.2895569620253165,0.29579375848032563,0.12890094979647218,0.23497267759562843,0.3576811397557666,1293,0.4026782933665525,0.2900232018561485,0.21441550575408844,418,417,0.34210526315789475,0.3397129186602871,0.20574162679425836,19.148681055155876,92.99352517985612,0.5406698564593302,0.19617224880382775,0.2631578947368421,0.6019230769230769,0.2215122470713525
"Schwarber, Kyle",2023,769,3295,631,127,128,128,7,231,3,51,23,1,52,403,0.20126782884310618,0.34070221066319895,0.48811410459587956,0.8288163152590785,0.2868462757527734,0.30039011703511054,0.16644993498049415,0.21367521367521367,0.35577633289986993,1240,0.37632776934749623,0.31451612903225806,0.21293646250715512,403,403,0.34739454094292804,0.3349875930521092,0.20347394540942929,18.464019851116625,92.48709677419356,0.4987593052109181,0.17369727047146402,0.3200992555831266,0.5607235142118863,0.22811059907834103
"Schwarber, Kyle",2024,708,2936,590,144,104,104,6,203,8,83,22,0,39,394,0.2440677966101695,0.3587570621468927,0.47966101694915253,0.8384180790960452,0.23559322033898303,0.2867231638418079,0.14689265536723164,0.2949438202247191,0.3625988700564972,1179,0.401566757493188,0.32145886344359625,0.21032005225342912,394,394,0.4086294416243655,0.2918781725888325,0.22081218274111675,15.220812182741117,93.58274111675127,0.5532994923857868,0.15736040609137056,0.29441624365482233,0.6099644128113879,0.23920653442240372
"Schwarber, Kyle",2025,737,3130,622,148,103,103,11,205,1,64,24,2,58,416,0.2379421221864952,0.35549525101763907,0.5627009646302251,0.9181962156478642,0.32475884244372993,0.2781546811397558,0.13975576662143827,0.25,0.38931478968792405,1307,0.41757188498402553,0.3343534812547819,0.21441661576053758,416,416,0.34134615384615385,0.3485576923076923,0.22355769230769232,20.129807692307693,94.2841346153846,0.5961538461538461,0.2091346153846154,0.32211538461538464,0.6403215003348962,0.24790794979079497
"Schwarber, Kyle",2026,556,2364,462,113,82,76,6,185,5,59,15,1,38,281,0.24458874458874458,0.3621621621621622,0.5281385281385281,0.8903006903006903,0.28354978354978355,0.3327338129496403,0.1474820143884892,0.3073770491803279,0.3789398907103825,1032,0.4365482233502538,0.34205426356589147,0.2541047693510555,281,280,0.2846975088967972,0.33807829181494664,0.2775800711743772,21.62857142857143,92.82892857142856,0.5124555160142349,0.17437722419928825,0.36298932384341637,0.6688741721854304,0.2333804809052334
"Segura, Jean",2019,617,2232,576,161,29,29,8,73,3,108,37,4,12,507,0.2795138888888889,0.32142857142857145,0.4201388888888889,0.7415674603174603,0.140625,0.11831442463533225,0.04700162074554295,0.3016194331983806,0.3151737012987013,1060,0.47491039426523296,0.14622641509433962,0.35720303285593935,507,505,0.5285996055226825,0.16370808678500987,0.23865877712031558,7.148514851485149,88.15207920792079,0.32741617357001973,0.03155818540433925,0.10650887573964497,0.6086124401913876,0.07861635220125786
"Segura, Jean",2020,215,821,192,51,21,21,1,45,0,37,5,2,7,148,0.265625,0.3411214953271028,0.421875,0.7629964953271028,0.15625,0.20930232558139536,0.09767441860465116,0.3142857142857143,0.33288317757009345,384,0.46772228989037756,0.22395833333333334,0.31473214285714285,148,148,0.49324324324324326,0.1891891891891892,0.21621621621621623,11.35135135135135,86.8027027027027,0.38513513513513514,0.060810810810810814,0.10135135135135136,0.6514745308310992,0.16049382716049382
"Segura, Jean",2021,565,2182,515,149,36,36,9,78,4,105,27,3,14,441,0.28932038834951457,0.34397163120567376,0.4349514563106796,0.7789230875163533,0.14563106796116504,0.13805309734513274,0.06371681415929203,0.3161592505854801,0.3369521276595745,1062,0.4867094408799267,0.17325800376647835,0.3013953488372093,441,439,0.5238095238095238,0.19047619047619047,0.22675736961451248,5.906605922551253,86.80501138952164,0.3741496598639456,0.05895691609977324,0.1292517006802721,0.6666666666666666,0.11382113821138211
"Segura, Jean",2022,447,1625,410,110,26,26,8,72,2,89,11,0,10,341,0.2682926829268293,0.32286995515695066,0.36829268292682926,0.6911626380837799,0.09999999999999998,0.1610738255033557,0.058165548098434,0.30303030303030304,0.3070426008968609,806,0.496,0.19478908188585609,0.3594847775175644,341,338,0.5454545454545454,0.15835777126099707,0.21700879765395895,5.2514792899408285,87.20621301775148,0.3782991202346041,0.04105571847507331,0.10263929618768329,0.6472114137483788,0.11823647294589178
"Sizemore, Grady",2015,104,352,98,24,6,6,0,23,0,19,5,0,0,75,0.24489795918367346,0.28846153846153844,0.29591836734693877,0.5843799058084772,0.05102040816326531,0.22115384615384615,0.057692307692307696,0.32,0.2609711538461539,185,0.5255681818181818,0.22702702702702704,0.31952662721893493,75,74,0.5066666666666667,0.18666666666666668,0.28,9.95945945945946,91.00135135135136,0.44,0.02666666666666667,0.13333333333333333,0.7158469945355191,0.1450381679389313
"Sosa, Edmundo",2022,69,254,62,19,2,2,2,16,2,8,8,1,2,49,0.3064516129032258,0.3382352941176471,0.5645161290322581,0.9027514231499052,0.2580645161290323,0.2318840579710145,0.028985507246376812,0.3695652173913043,0.37827941176470586,143,0.562992125984252,0.24475524475524477,0.46923076923076923,49,49,0.40816326530612246,0.24489795918367346,0.30612244897959184,,,0.32653061224489793,0.10204081632653061,0.32653061224489793,0.6612903225806451,0.08536585365853659
"Sosa, Edmundo",2023,301,1130,280,70,8,8,9,74,1,43,15,2,10,209,0.25,0.29194630872483224,0.425,0.7169463087248322,0.175,0.24584717607973422,0.026578073089700997,0.30456852791878175,0.30841946308724827,671,0.5938053097345133,0.2846497764530551,0.42984014209591476,209,208,0.4258373205741627,0.23923444976076555,0.24401913875598086,14.052884615384615,86.51153846153846,0.32057416267942584,0.06698564593301436,0.24401913875598086,0.7566137566137566,0.21445221445221446
"Sosa, Edmundo",2024,280,1066,254,65,13,13,9,68,2,42,12,4,7,188,0.2559055118110236,0.3129496402877698,0.41732283464566927,0.730272474933439,0.16141732283464566,0.24285714285714285,0.04642857142857143,0.32044198895027626,0.31740647482014384,605,0.5675422138836773,0.3140495867768595,0.4074074074074074,188,187,0.4627659574468085,0.2553191489361702,0.20212765957446807,12.550802139037433,88.47647058823529,0.4095744680851064,0.0851063829787234,0.1702127659574468,0.749498997995992,0.19518716577540107
"Sosa, Edmundo",2025,264,950,246,68,10,10,2,57,2,44,12,1,11,194,0.2764227642276423,0.3076923076923077,0.46747967479674796,0.7751719824890557,0.19105691056910568,0.2159090909090909,0.03787878787878788,0.31666666666666665,0.33145,543,0.5715789473684211,0.2578268876611418,0.45564516129032256,194,193,0.4484536082474227,0.25257731958762886,0.25773195876288657,9.860103626943005,86.5341968911917,0.38144329896907214,0.061855670103092786,0.20103092783505155,0.698237885462555,0.167192429022082
"Sosa, Edmundo",2026,209,774,191,43,7,7,5,43,3,29,7,2,5,152,0.225130890052356,0.2669902912621359,0.3612565445026178,0.6282468357647537,0.13612565445026178,0.20574162679425836,0.03349282296650718,0.2602739726027397,0.2744563106796116,472,0.6098191214470284,0.2690677966101695,0.5314685314685315,152,152,0.48026315789473684,0.18421052631578946,0.2565789473684211,9.480263157894736,87.14802631578948,0.40131578947368424,0.06578947368421052,0.15789473684210525,0.7093023255813954,0.14344262295081966
"Stassi, Brock",2017,90,406,78,13,12,12,0,22,0,8,2,1,2,56,0.16666666666666666,0.2777777777777778,0.2948717948717949,0.5726495726495726,0.12820512820512822,0.24444444444444444,0.13333333333333333,0.2037037037037037,0.25897777777777775,171,0.4211822660098522,0.16374269005847952,0.2146341463414634,56,56,0.39285714285714285,0.25,0.25,14.25,87.5125,0.25,0.05357142857142857,0.16071428571428573,0.6318407960199005,0.1732283464566929
"Stott, Bryson",2022,517,2112,471,106,43,43,1,101,1,71,23,2,10,372,0.22505307855626328,0.29069767441860467,0.346072186836518,0.6367698612551227,0.12101910828025475,0.195357833655706,0.08317214700193423,0.2659279778393352,0.283015503875969,955,0.4521780303030303,0.16963350785340314,0.28914505283381364,372,371,0.4489247311827957,0.239247311827957,0.21774193548387097,13.555256064690028,87.66388140161725,0.3682795698924731,0.043010752688172046,0.16666666666666666,0.6106442577030813,0.13302752293577982
"Stott, Bryson",2023,689,2881,631,175,41,41,7,114,9,124,33,2,16,527,0.277337559429477,0.3241279069767442,0.4120443740095087,0.736172280986253,0.1347068145800317,0.16545718432510886,0.059506531204644414,0.31176470588235294,0.318843023255814,1292,0.4484553974314474,0.1586687306501548,0.2943722943722944,527,527,0.4648956356736243,0.2333965844402277,0.25616698292220114,10.244781783681214,87.69316888045542,0.34724857685009486,0.04743833017077799,0.1347248576850095,0.591304347826087,0.11764705882352941
"Stott, Bryson",2024,582,2368,517,126,53,53,3,97,9,93,19,3,11,429,0.2437137330754352,0.3127147766323024,0.35589941972920697,0.6686141963615093,0.11218568665377177,0.16666666666666666,0.09106529209621993,0.2751196172248804,0.29527319587628864,1040,0.4391891891891892,0.17307692307692307,0.27952421410365336,429,428,0.43123543123543123,0.2564102564102564,0.23543123543123542,13.740654205607477,86.67079439252336,0.30536130536130535,0.03496503496503497,0.1585081585081585,0.5969773299748111,0.13361462728551335
"Stott, Bryson",2025,576,2518,515,130,53,53,1,95,4,92,22,3,13,424,0.2524271844660194,0.32111692844677137,0.3825242718446602,0.7036412002914316,0.13009708737864079,0.16493055555555555,0.0920138888888889,0.2846715328467153,0.3093647469458988,1025,0.4070691024622716,0.17268292682926828,0.2358887952822241,424,424,0.41509433962264153,0.29009433962264153,0.23349056603773585,14.372641509433961,86.6691037735849,0.294811320754717,0.05188679245283019,0.16273584905660377,0.5597295266716754,0.13288590604026845
"Stott, Bryson",2026,487,2029,430,112,50,50,2,80,2,72,25,6,9,355,0.26046511627906976,0.33884297520661155,0.40930232558139534,0.7481453007880069,0.14883720930232558,0.16427104722792607,0.1026694045174538,0.30029154518950435,0.33020661157024794,847,0.41744701823558406,0.18772136953955135,0.3066792097836312,355,354,0.4225352112676056,0.2676056338028169,0.23943661971830985,13.81638418079096,88.6867231638418,0.38309859154929576,0.059154929577464786,0.19154929577464788,0.5398963730569948,0.10940499040307101
"Stubbs, Garrett",2022,121,505,106,28,14,14,0,30,0,18,4,1,5,77,0.2641509433962264,0.35,0.46226415094339623,0.8122641509433962,0.19811320754716982,0.24793388429752067,0.11570247933884298,0.323943661971831,0.3546916666666667,198,0.3920792079207921,0.21212121212121213,0.2798507462686567,77,77,0.4675324675324675,0.2077922077922078,0.22077922077922077,11.246753246753247,80.31428571428572,0.2727272727272727,0.05194805194805195,0.2857142857142857,0.5189873417721519,0.0975609756097561
"Stubbs, Garrett",2023,125,496,113,23,9,9,2,29,0,17,4,1,1,85,0.20353982300884957,0.27419354838709675,0.2831858407079646,0.5573793890950614,0.07964601769911503,0.232,0.072,0.26506024096385544,0.25222580645161286,232,0.46774193548387094,0.22844827586206898,0.3110236220472441,85,85,0.4235294117647059,0.21176470588235294,0.15294117647058825,18.235294117647058,77.47411764705882,0.17647058823529413,0.0,0.24705882352941178,0.6322314049586777,0.1437908496732026
"Stubbs, Garrett",2024,187,746,164,34,17,17,4,50,1,28,4,1,1,115,0.2073170731707317,0.2956989247311828,0.2621951219512195,0.5578940466824023,0.054878048780487826,0.26737967914438504,0.09090909090909091,0.2894736842105263,0.25776881720430106,370,0.4959785522788204,0.24864864864864866,0.328042328042328,115,115,0.3391304347826087,0.2608695652173913,0.2956521739130435,17.22608695652174,76.84869565217392,0.09565217391304348,0.0,0.33043478260869563,0.6684782608695652,0.15853658536585366
"Sweeney, Darnell",2015,98,383,85,15,13,13,0,27,0,7,4,1,3,58,0.17647058823529413,0.2857142857142857,0.35294117647058826,0.6386554621848739,0.17647058823529413,0.2755102040816326,0.1326530612244898,0.21818181818181817,0.2848061224489796,167,0.4360313315926893,0.2934131736526946,0.27638190954773867,58,58,0.43103448275862066,0.2413793103448276,0.27586206896551724,12.172413793103448,89.37068965517241,0.3448275862068966,0.06896551724137931,0.1724137931034483,0.6086956521739131,0.21428571428571427
"Torreyes, Ronald",2021,342,1170,318,77,17,17,1,41,1,59,10,1,7,283,0.24213836477987422,0.2818991097922849,0.34591194968553457,0.6278110594778195,0.10377358490566035,0.11988304093567251,0.049707602339181284,0.25830258302583026,0.2741364985163205,618,0.5282051282051282,0.1423948220064725,0.32098765432098764,283,283,0.48056537102473496,0.2226148409893993,0.22614840989399293,10.939929328621908,80.90424028268552,0.1413427561837456,0.0035335689045936395,0.1872791519434629,0.7230514096185738,0.09174311926605505
"Turner, Trea",2023,745,2883,689,187,48,48,6,158,2,113,40,5,29,532,0.2714078374455733,0.32348993288590605,0.4702467343976778,0.7937366672835838,0.1988388969521045,0.21208053691275167,0.06442953020134229,0.3134920634920635,0.33995167785234903,1544,0.535553243149497,0.297279792746114,0.35723431498079383,532,532,0.40601503759398494,0.3007518796992481,0.2387218045112782,12.531954887218046,89.96578947368421,0.43609022556390975,0.08834586466165413,0.19172932330827067,0.7464042392127176,0.1795131845841785
"Turner, Trea",2024,558,2121,522,152,29,29,6,103,1,106,25,0,21,418,0.29118773946360155,0.33512544802867383,0.45977011494252873,0.7948955629712026,0.16858237547892718,0.18458781362007168,0.05197132616487455,0.3283208020050125,0.34443189964157706,1132,0.5337105139085337,0.2667844522968198,0.33787465940054495,418,417,0.47368421052631576,0.2607655502392344,0.21052631578947367,11.551558752997602,89.05275779376498,0.4043062200956938,0.06698564593301436,0.19617224880382775,0.7450980392156863,0.14473684210526316
"Turner, Trea",2025,660,2479,609,183,44,44,5,112,2,130,31,7,15,496,0.30049261083743845,0.3515151515151515,0.4482758620689655,0.7997910135841171,0.14778325123152708,0.1696969696969697,0.06666666666666667,0.34710743801652894,0.3471651515151515,1272,0.5131101250504235,0.2531446540880503,0.3092053501180173,496,496,0.4879032258064516,0.22580645161290322,0.2439516129032258,8.879032258064516,89.10241935483872,0.4153225806451613,0.056451612903225805,0.16733870967741934,0.7276490066225165,0.14334470989761092
"Turner, Trea",2026,557,2100,514,127,36,35,4,120,3,87,22,1,17,397,0.24708171206225682,0.2998204667863555,0.39299610894941633,0.6928165757357718,0.14591439688715951,0.21543985637342908,0.06463195691202872,0.2894736842105263,0.30350719424460426,1066,0.5076190476190476,0.27110694183864914,0.34479638009049773,397,397,0.4609571788413098,0.2619647355163728,0.2141057934508816,10.906801007556675,88.47581863979849,0.40302267002518893,0.060453400503778336,0.15869017632241814,0.6912209889001009,0.14744525547445256
"Utley, Chase",2015,282,1060,249,54,22,18,4,35,7,36,12,1,5,221,0.21686746987951808,0.28368794326241137,0.3333333333333333,0.6170212765957447,0.11646586345381524,0.12411347517730496,0.07801418439716312,0.22685185185185186,0.2659892086330935,424,0.4,0.12971698113207547,0.2392857142857143,221,216,0.4343891402714932,0.21266968325791855,0.2579185520361991,14.01388888888889,87.58657407407408,0.2986425339366516,0.02262443438914027,0.19004524886877827,0.5870445344129555,0.06551724137931035
"Valentín, Jesmuel",2018,89,376,79,14,8,8,1,24,1,7,5,1,1,56,0.17721518987341772,0.25842696629213485,0.3037974683544304,0.5622244346465652,0.12658227848101267,0.2696629213483146,0.0898876404494382,0.23636363636363636,0.2499325842696629,152,0.40425531914893614,0.27631578947368424,0.1945945945945946,56,56,0.2857142857142857,0.25,0.3392857142857143,20.357142857142858,84.90714285714286,0.16071428571428573,0.017857142857142856,0.26785714285714285,0.6073298429319371,0.23275862068965517
"Vierling, Matt",2021,76,300,71,23,3,3,1,20,1,17,3,1,2,52,0.323943661971831,0.35526315789473684,0.4788732394366197,0.8341363973313565,0.1549295774647887,0.2631578947368421,0.039473684210526314,0.42,0.3559078947368421,134,0.44666666666666666,0.2462686567164179,0.2676056338028169,52,52,0.5384615384615384,0.17307692307692307,0.2692307692307692,6.230769230769231,91.525,0.5384615384615384,0.038461538461538464,0.21153846153846154,0.6075949367088608,0.15625
"Vierling, Matt",2022,372,1450,338,82,24,24,3,74,6,61,13,2,6,271,0.24260355029585798,0.29380053908355797,0.34615384615384615,0.6399543852374041,0.10355029585798817,0.1989247311827957,0.06451612903225806,0.2878787878787879,0.28206738544474397,648,0.44689655172413795,0.19598765432098766,0.2857142857142857,271,271,0.42435424354243545,0.23247232472324722,0.2693726937269373,11.309963099630997,90.98154981549816,0.47601476014760147,0.04797047970479705,0.14760147601476015,0.6002691790040376,0.11883408071748879
"Wheeler, Zack",2021,73,273,68,11,0,0,0,39,0,9,2,0,0,34,0.16176470588235295,0.16176470588235295,0.19117647058823528,0.3529411764705882,0.02941176470588233,0.5342465753424658,0.0,0.3793103448275862,0.15286764705882352,136,0.4981684981684982,0.3602941176470588,0.43902439024390244,34,34,0.6764705882352942,0.08823529411764706,0.23529411764705882,,,0.14705882352941177,0.0,0.029411764705882353,0.5466666666666666,0.2804878048780488
"Williams, Luke",2021,108,413,98,24,10,10,0,23,0,19,4,0,1,75,0.24489795918367346,0.3148148148148148,0.3163265306122449,0.6311413454270598,0.07142857142857145,0.21296296296296297,0.09259259259259259,0.3108108108108108,0.2832962962962963,192,0.4648910411622276,0.19791666666666666,0.2559241706161137,75,75,0.6,0.14666666666666667,0.17333333333333334,1.32,80.76133333333334,0.25333333333333335,0.0,0.13333333333333333,0.6831683168316832,0.10869565217391304
"Williams, Nick",2017,343,1217,313,90,20,20,6,97,4,60,14,4,12,220,0.28753993610223644,0.33819241982507287,0.4728434504792332,0.8110358703043061,0.18530351437699677,0.282798833819242,0.05830903790087463,0.375,0.3441224489795918,719,0.590797041906327,0.34492350486787204,0.3854660347551343,220,220,0.5,0.2,0.2772727272727273,7.7318181818181815,88.13,0.41363636363636364,0.07727272727272727,0.11818181818181818,0.8151986183074266,0.2754237288135593
"Williams, Nick",2018,446,1704,407,104,30,30,9,111,0,72,12,3,17,296,0.25552825552825553,0.32062780269058294,0.4250614250614251,0.745689227752008,0.16953316953316955,0.24887892376681614,0.06726457399103139,0.3118279569892473,0.32458520179372197,840,0.49295774647887325,0.2702380952380952,0.30164319248826293,296,293,0.4527027027027027,0.22972972972972974,0.27702702702702703,10.406143344709898,88.60273037542662,0.375,0.06756756756756757,0.13851351351351351,0.6903614457831325,0.16230366492146597
"Williams, Nick",2019,112,455,106,16,4,4,2,43,0,10,4,0,2,63,0.1509433962264151,0.19642857142857142,0.24528301886792453,0.441711590296496,0.09433962264150944,0.38392857142857145,0.03571428571428571,0.22950819672131148,0.19326785714285713,241,0.5296703296703297,0.2863070539419087,0.3729508196721312,63,63,0.4126984126984127,0.20634920634920634,0.3492063492063492,10.936507936507937,86.72222222222223,0.30158730158730157,0.06349206349206349,0.19047619047619047,0.7109004739336493,0.16
"Wilson, Weston",2024,102,390,92,25,8,8,1,29,1,14,7,1,3,63,0.2717391304347826,0.3333333333333333,0.4673913043478261,0.8007246376811594,0.19565217391304351,0.28431372549019607,0.0784313725490196,0.36065573770491804,0.34409803921568627,179,0.45897435897435895,0.3407821229050279,0.2766990291262136,63,62,0.3333333333333333,0.2222222222222222,0.2857142857142857,18.919354838709676,90.12096774193549,0.5079365079365079,0.14285714285714285,0.19047619047619047,0.6630434782608695,0.20491803278688525
"Wilson, Weston",2025,125,536,111,22,12,12,1,34,0,13,4,0,5,78,0.1981981981981982,0.28225806451612906,0.36936936936936937,0.6516274338854984,0.17117117117117117,0.272,0.096,0.2361111111111111,0.2876854838709677,236,0.44029850746268656,0.3008474576271186,0.24621212121212122,78,78,0.4230769230769231,0.2692307692307692,0.2564102564102564,13.961538461538462,88.6448717948718,0.41025641025641024,0.10256410256410256,0.21794871794871795,0.6286764705882353,0.2222222222222222
