pitcher,player_name,game_year,game_date,game_pk,home_team,away_team,pitches,batters_faced,inning_entered,inning_exited,innings_spanned,is_start,plate_apps,bip,hits,hrs,walks,strikeouts,ba,obp,slg,ops,woba,prev_appearance_date,days_between,days_of_rest,pitches_last_3d,appearances_last_3d,pitches_last_7d,appearances_last_7d,pitches_last_14d,appearances_last_14d
548384,"Raley, Brooks",2026,2026-08-05,823429,PHI,WSH,23,6,7,7,1,False,6,4.0,3.0,1.0,0.0,2.0,0.5,0.5,1.1666666666666667,1.6666666666666667,0.7006666666666668,,,,0,0,0,0,0,0
548384,"Raley, Brooks",2026,2026-08-08,823426,PHI,TOR,17,3,6,7,2,False,3,1.0,0.0,0.0,1.0,1.0,0.0,0.3333333333333333,0.0,0.3333333333333333,0.23266666666666666,2026-08-05,3.0,2.0,23,1,23,1,23,1
548384,"Raley, Brooks",2026,2026-08-09,823425,PHI,TOR,6,3,11,11,1,False,3,3.0,0.0,0.0,0.0,0.0,0.0,0.0,0.0,0.0,0.0,2026-08-08,1.0,0.0,17,1,40,2,40,2
548384,"Raley, Brooks",2026,2026-08-12,823017,STL,PHI,13,3,6,6,1,False,3,1.0,0.0,0.0,0.0,2.0,0.0,0.0,0.0,0.0,0.0,2026-08-09,3.0,2.0,6,1,46,3,46,3
548384,"Raley, Brooks",2026,2026-08-13,823669,MIN,PHI,14,4,6,6,1,False,4,2.0,1.0,0.0,0.0,2.0,0.25,0.25,0.5,0.75,0.3155,2026-08-12,1.0,0.0,13,1,36,3,59,4
548384,"Raley, Brooks",2026,2026-08-17,823427,PHI,MIA,9,3,8,8,1,False,3,3.0,1.0,1.0,0.0,0.0,0.3333333333333333,0.3333333333333333,1.3333333333333333,1.6666666666666665,0.684,2026-08-13,4.0,3.0,0,0,27,2,73,5
548384,"Raley, Brooks",2026,2026-08-18,823423,PHI,MIA,12,3,9,9,1,False,3,2.0,0.0,0.0,0.0,1.0,0.0,0.0,0.0,0.0,0.0,2026-08-17,1.0,0.0,9,1,36,3,82,6
548384,"Raley, Brooks",2026,2026-08-21,823420,PHI,STL,7,2,8,8,1,False,2,2.0,1.0,0.0,0.0,0.0,0.5,0.5,0.5,1.0,0.445,2026-08-18,3.0,2.0,12,1,21,2,71,6
548384,"Raley, Brooks",2026,2026-08-25,823098,SEA,PHI,8,2,7,7,1,False,2,2.0,1.0,0.0,0.0,0.0,0.5,0.5,0.5,1.0,0.445,2026-08-21,4.0,3.0,0,0,19,2,55,5
548384,"Raley, Brooks",2026,2026-08-31,825040,AZ,PHI,3,1,7,7,1,False,1,1.0,0.0,0.0,0.0,0.0,0.0,0.0,0.0,0.0,0.0,2026-08-25,6.0,5.0,0,0,8,1,36,4
548384,"Raley, Brooks",2026,2026-09-06,823417,PHI,ATL,9,3,8,8,1,False,3,3.0,1.0,0.0,0.0,0.0,0.3333333333333333,0.3333333333333333,0.3333333333333333,0.6666666666666666,0.2966666666666667,2026-08-31,6.0,5.0,0,0,3,1,11,2
548384,"Raley, Brooks",2026,2026-09-08,823414,PHI,HOU,22,5,7,7,1,False,5,3.0,1.0,1.0,1.0,1.0,0.25,0.4,1.0,1.4,0.55,2026-09-06,2.0,1.0,9,1,9,1,20,3
548384,"Raley, Brooks",2026,2026-09-11,824873,ATL,PHI,9,3,11,11,1,False,3,3.0,2.0,0.0,0.0,0.0,0.6666666666666666,0.6666666666666666,1.0,1.6666666666666665,0.7173333333333334,2026-09-08,3.0,2.0,22,1,31,2,34,3
554430,"Wheeler, Zack",2026,2026-04-25,824933,ATL,PHI,84,20,1,5,5,True,20,11.0,3.0,0.0,3.0,6.0,0.1875,0.3,0.25,0.55,0.2568,,,,0,0,0,0,0,0
554430,"Wheeler, Zack",2026,2026-05-01,823877,MIA,PHI,94,23,1,6,6,True,23,13.0,3.0,0.0,2.0,8.0,0.14285714285714285,0.21739130434782608,0.23809523809523808,0.4554865424430642,0.2091304347826087,2026-04-25,6.0,5.0,0,0,84,1,84,1
554430,"Wheeler, Zack",2026,2026-05-06,823470,PHI,ATH,98,25,1,7,7,True,25,20.0,5.0,1.0,1.0,4.0,0.20833333333333334,0.24,0.4166666666666667,0.6566666666666667,0.28216,2026-05-01,5.0,4.0,0,0,94,1,178,2
554430,"Wheeler, Zack",2026,2026-05-12,824764,BOS,PHI,87,27,1,8,8,True,27,22.0,6.0,0.0,0.0,4.0,0.23076923076923078,0.25925925925925924,0.23076923076923078,0.49002849002849,0.22477777777777777,2026-05-06,6.0,5.0,0,0,98,1,192,2
554430,"Wheeler, Zack",2026,2026-05-17,823381,PIT,PHI,98,25,1,7,7,True,25,16.0,4.0,0.0,1.0,8.0,0.16666666666666666,0.2,0.20833333333333334,0.4083333333333333,0.1852,2026-05-12,5.0,4.0,0,0,87,1,185,2
554430,"Wheeler, Zack",2026,2026-05-23,823458,PHI,CLE,99,21,1,6,6,True,21,14.0,2.0,0.0,1.0,6.0,0.1,0.14285714285714285,0.2,0.34285714285714286,0.15342857142857141,2026-05-17,6.0,5.0,0,0,98,1,185,2
554430,"Wheeler, Zack",2026,2026-05-29,823946,LAD,PHI,90,23,1,6,6,True,23,18.0,5.0,4.0,1.0,4.0,0.22727272727272727,0.2608695652173913,0.7727272727272727,1.033596837944664,0.42591304347826087,2026-05-23,6.0,5.0,0,0,99,1,197,2
554430,"Wheeler, Zack",2026,2026-06-04,823457,PHI,SD,104,25,1,7,7,True,25,14.0,2.0,1.0,3.0,8.0,0.09090909090909091,0.2,0.22727272727272727,0.42727272727272725,0.20143999999999998,2026-05-29,6.0,5.0,0,0,90,1,189,2
554430,"Wheeler, Zack",2026,2026-06-09,822805,TOR,PHI,96,24,1,6,6,True,24,18.0,6.0,1.0,0.0,5.0,0.2608695652173913,0.2916666666666667,0.4782608695652174,0.769927536231884,0.33229166666666665,2026-06-04,5.0,4.0,0,0,104,1,194,2
554430,"Wheeler, Zack",2026,2026-06-15,823452,PHI,MIA,97,23,1,6,6,True,23,11.0,2.0,0.0,3.0,9.0,0.1,0.21739130434782608,0.15,0.3673913043478261,0.18460869565217394,2026-06-09,6.0,5.0,0,0,96,1,200,2
554430,"Wheeler, Zack",2026,2026-06-21,823449,PHI,NYM,104,23,1,6,6,True,23,13.0,4.0,1.0,3.0,7.0,0.2,0.30434782608695654,0.35,0.6543478260869565,0.2963478260869565,2026-06-15,6.0,5.0,0,0,97,1,193,2
554430,"Wheeler, Zack",2026,2026-06-26,823610,NYM,PHI,98,25,1,7,7,True,25,19.0,4.0,0.0,1.0,5.0,0.16666666666666666,0.2,0.20833333333333334,0.4083333333333333,0.1852,2026-06-21,5.0,4.0,0,0,104,1,201,2
554430,"Wheeler, Zack",2026,2026-07-01,823446,PHI,PIT,104,24,1,5,5,True,24,13.0,9.0,1.0,1.0,10.0,0.391304347826087,0.4166666666666667,0.5217391304347826,0.9384057971014492,0.41124999999999995,2026-06-26,5.0,4.0,0,0,98,1,202,2
554430,"Wheeler, Zack",2026,2026-07-07,824495,CIN,PHI,104,25,1,7,7,True,25,11.0,4.0,1.0,0.0,14.0,0.16,0.16,0.28,0.44000000000000006,0.18888,2026-07-01,6.0,5.0,0,0,104,1,202,2
554430,"Wheeler, Zack",2026,2026-07-12,824250,DET,PHI,96,22,1,6,6,True,22,10.0,2.0,0.0,2.0,10.0,0.1,0.18181818181818182,0.1,0.28181818181818186,0.14436363636363636,2026-07-07,5.0,4.0,0,0,104,1,208,2
554430,"Wheeler, Zack",2026,2026-07-21,823437,PHI,LAD,93,25,1,7,7,True,25,16.0,5.0,1.0,0.0,9.0,0.2,0.2,0.36,0.56,0.23936,2026-07-12,9.0,8.0,0,0,0,0,200,2
554430,"Wheeler, Zack",2026,2026-07-27,823839,MIA,PHI,68,16,1,3,3,True,16,9.0,6.0,2.0,1.0,6.0,0.4,0.4375,1.0,1.4375,0.5900624999999999,2026-07-21,6.0,5.0,0,0,93,1,93,1
554430,"Wheeler, Zack",2026,2026-08-02,824807,BAL,PHI,32,7,1,2,2,True,7,4.0,1.0,0.0,0.0,3.0,0.14285714285714285,0.14285714285714285,0.14285714285714285,0.2857142857142857,0.12714285714285714,2026-07-27,6.0,5.0,0,0,68,1,161,2
554430,"Wheeler, Zack",2026,2026-08-07,823428,PHI,TOR,116,28,1,6,6,True,28,17.0,7.0,1.0,5.0,6.0,0.3181818181818182,0.42857142857142855,0.5454545454545454,0.974025974025974,0.4152142857142857,2026-08-02,5.0,4.0,0,0,32,1,100,2
554430,"Wheeler, Zack",2026,2026-08-12,823017,STL,PHI,84,23,1,5,5,True,23,16.0,6.0,0.0,1.0,5.0,0.2857142857142857,0.34782608695652173,0.42857142857142855,0.7763975155279503,0.34273913043478255,2026-08-07,5.0,4.0,0,0,116,1,148,2
554430,"Wheeler, Zack",2026,2026-08-18,823423,PHI,MIA,98,20,1,5,5,True,20,9.0,2.0,1.0,4.0,7.0,0.125,0.3,0.3125,0.6125,0.2867,2026-08-12,6.0,5.0,0,0,84,1,200,2
554430,"Wheeler, Zack",2026,2026-08-24,823097,SEA,PHI,103,25,1,5,5,True,25,16.0,9.0,4.0,5.0,4.0,0.45,0.56,1.05,1.61,0.6459199999999999,2026-08-18,6.0,5.0,0,0,98,1,182,2
554430,"Wheeler, Zack",2026,2026-08-30,823987,LAA,PHI,108,25,1,6,6,True,25,15.0,4.0,0.0,3.0,6.0,0.19047619047619047,0.32,0.23809523809523808,0.5580952380952381,0.27020000000000005,2026-08-24,6.0,5.0,0,0,103,1,201,2
554430,"Wheeler, Zack",2026,2026-09-05,823419,PHI,ATL,95,23,1,6,6,True,23,12.0,3.0,1.0,2.0,9.0,0.14285714285714285,0.21739130434782608,0.2857142857142857,0.5031055900621118,0.22730434782608694,2026-08-30,6.0,5.0,0,0,108,1,211,2
554430,"Wheeler, Zack",2026,2026-09-10,823413,PHI,HOU,110,27,1,7,7,True,27,16.0,5.0,0.0,2.0,9.0,0.2,0.25925925925925924,0.24,0.49925925925925924,0.2302962962962963,2026-09-05,5.0,4.0,0,0,95,1,203,2
592836,"Walker, Taijuan",2026,2026-03-30,823484,PHI,WSH,99,29,1,5,5,True,29,24.0,10.0,0.0,3.0,2.0,0.4,0.4482758620689655,0.48,0.9282758620689655,0.4047586206896552,,,,0,0,0,0,0,0
592836,"Walker, Taijuan",2026,2026-04-05,824379,COL,PHI,87,23,1,5,5,True,23,17.0,7.0,3.0,2.0,4.0,0.3333333333333333,0.391304347826087,0.8095238095238095,1.2008281573498965,0.49930434782608696,2026-03-30,6.0,5.0,0,0,99,1,99,1
592836,"Walker, Taijuan",2026,2026-04-11,823480,PHI,AZ,85,20,1,5,5,True,19,11.0,4.0,1.0,2.0,6.0,0.23529411764705882,0.3157894736842105,0.47058823529411764,0.7863777089783281,0.34157894736842104,2026-04-05,6.0,5.0,0,0,87,1,186,2
592836,"Walker, Taijuan",2026,2026-04-17,823476,PHI,ATL,89,23,1,4,4,True,23,15.0,7.0,2.0,3.0,4.0,0.3684210526315789,0.4782608695652174,0.6842105263157895,1.162471395881007,0.49465217391304345,2026-04-11,6.0,5.0,0,0,85,1,172,2
592836,"Walker, Taijuan",2026,2026-04-22,824688,CHC,PHI,64,21,2,5,4,False,21,19.0,8.0,2.0,1.0,1.0,0.4,0.42857142857142855,0.85,1.2785714285714285,0.5343333333333333,2026-04-17,5.0,4.0,0,0,89,1,174,2
596117,"Stubbs, Garrett",2026,2026-05-07,823467,PHI,ATH,5,3,9,9,1,False,3,3.0,0.0,0.0,0.0,0.0,0.0,0.0,0.0,0.0,0.0,,,,0,0,0,0,0,0
596117,"Stubbs, Garrett",2026,2026-06-17,823450,PHI,MIA,3,1,9,9,1,False,1,1.0,0.0,0.0,0.0,0.0,0.0,0.0,0.0,0.0,0.0,2026-05-07,41.0,40.0,0,0,0,0,0,0
596117,"Stubbs, Garrett",2026,2026-07-06,824089,KC,PHI,19,8,8,8,1,False,8,7.0,4.0,0.0,1.0,0.0,0.5714285714285714,0.625,0.5714285714285714,1.1964285714285714,0.53225,2026-06-17,19.0,18.0,0,0,0,0,0,0
596117,"Stubbs, Garrett",2026,2026-07-10,824252,DET,PHI,4,3,8,8,1,False,3,3.0,0.0,0.0,0.0,0.0,0.0,0.0,0.0,0.0,0.0,2026-07-06,4.0,3.0,0,0,19,1,19,1
605400,"Nola, Aaron",2026,2026-03-28,823488,PHI,TEX,91,22,1,5,5,True,22,13.0,5.0,2.0,2.0,7.0,0.25,0.3181818181818182,0.55,0.8681818181818182,0.37136363636363634,,,,0,0,0,0,0,0
605400,"Nola, Aaron",2026,2026-04-03,824377,COL,PHI,95,25,1,7,7,True,25,15.0,5.0,0.0,1.0,9.0,0.20833333333333334,0.24,0.25,0.49,0.2208,2026-03-28,6.0,5.0,0,0,91,1,91,1
605400,"Nola, Aaron",2026,2026-04-08,823234,SF,PHI,84,23,1,6,6,True,23,19.0,5.0,1.0,1.0,3.0,0.22727272727272727,0.2608695652173913,0.5,0.7608695652173914,0.3212608695652174,2026-04-03,5.0,4.0,0,0,95,1,186,2
605400,"Nola, Aaron",2026,2026-04-14,823478,PHI,CHC,87,23,1,5,5,True,23,16.0,8.0,0.0,2.0,5.0,0.38095238095238093,0.43478260869565216,0.47619047619047616,0.9109730848861284,0.4026086956521739,2026-04-08,6.0,5.0,0,0,84,1,179,2
605400,"Nola, Aaron",2026,2026-04-20,824692,CHC,PHI,88,22,1,5,5,True,22,13.0,6.0,1.0,4.0,5.0,0.35294117647058826,0.45454545454545453,0.6470588235294118,1.1016042780748663,0.4562727272727273,2026-04-14,6.0,5.0,0,0,87,1,171,2
605400,"Nola, Aaron",2026,2026-04-26,824934,ATL,PHI,101,25,1,5,5,True,25,16.0,7.0,2.0,3.0,6.0,0.3181818181818182,0.4,0.6818181818181818,1.0818181818181818,0.4542,2026-04-20,6.0,5.0,0,0,88,1,175,2
605400,"Nola, Aaron",2026,2026-05-04,823874,MIA,PHI,94,22,1,6,6,True,22,16.0,5.0,0.0,0.0,5.0,0.22727272727272727,0.22727272727272727,0.22727272727272727,0.45454545454545453,0.20227272727272727,2026-04-26,8.0,7.0,0,0,0,0,189,2
605400,"Nola, Aaron",2026,2026-05-09,823468,PHI,COL,94,22,1,5,5,True,22,16.0,6.0,1.0,2.0,4.0,0.3,0.36363636363636365,0.5,0.8636363636363636,0.3759090909090909,2026-05-04,5.0,4.0,0,0,94,1,195,2
605400,"Nola, Aaron",2026,2026-05-15,823384,PIT,PHI,80,18,1,4,4,True,18,13.0,6.0,2.0,3.0,2.0,0.42857142857142855,0.5,0.8571428571428571,1.3571428571428572,0.5421111111111111,2026-05-09,6.0,5.0,0,0,94,1,188,2
605400,"Nola, Aaron",2026,2026-05-20,823462,PHI,CIN,77,23,1,5,5,True,23,18.0,8.0,0.0,0.0,5.0,0.34782608695652173,0.34782608695652173,0.5217391304347826,0.8695652173913043,0.37265217391304345,2026-05-15,5.0,4.0,0,0,80,1,174,2
605400,"Nola, Aaron",2026,2026-05-26,823294,SD,PHI,80,21,1,6,6,True,21,16.0,3.0,1.0,0.0,5.0,0.14285714285714285,0.14285714285714285,0.2857142857142857,0.42857142857142855,0.18247619047619046,2026-05-20,6.0,5.0,0,0,77,1,157,2
605400,"Nola, Aaron",2026,2026-06-02,823460,PHI,SD,95,19,1,5,5,True,19,11.0,4.0,1.0,0.0,8.0,0.21052631578947367,0.21052631578947367,0.42105263157894735,0.631578947368421,0.2681052631578947,2026-05-26,7.0,6.0,0,0,80,1,157,2
605400,"Nola, Aaron",2026,2026-06-07,823453,PHI,CWS,99,23,1,5,5,True,23,15.0,6.0,0.0,4.0,4.0,0.35294117647058826,0.43478260869565216,0.5294117647058824,0.9641943734015346,0.4020869565217391,2026-06-02,5.0,4.0,0,0,95,1,175,2
605400,"Nola, Aaron",2026,2026-06-13,823776,MIL,PHI,85,22,1,5,5,True,22,17.0,6.0,2.0,2.0,3.0,0.3,0.36363636363636365,0.6,0.9636363636363636,0.41181818181818175,2026-06-07,6.0,5.0,0,0,99,1,194,2
605400,"Nola, Aaron",2026,2026-06-18,823448,PHI,NYM,97,24,1,5,5,True,24,17.0,7.0,2.0,1.0,6.0,0.30434782608695654,0.3333333333333333,0.6086956521739131,0.9420289855072463,0.40099999999999997,2026-06-13,5.0,4.0,0,0,85,1,184,2
605400,"Nola, Aaron",2026,2026-06-24,822719,WSH,PHI,86,21,1,5,5,True,21,13.0,3.0,2.0,2.0,5.0,0.16666666666666666,0.2857142857142857,0.5,0.7857142857142857,0.33899999999999997,2026-06-18,6.0,5.0,0,0,97,1,182,2
605400,"Nola, Aaron",2026,2026-06-29,823444,PHI,PIT,86,23,1,5,5,True,23,16.0,8.0,2.0,2.0,5.0,0.4,0.43478260869565216,0.85,1.2847826086956522,0.5198260869565218,2026-06-24,5.0,4.0,0,0,86,1,183,2
605400,"Nola, Aaron",2026,2026-07-05,824091,KC,PHI,98,28,1,7,7,True,28,21.0,7.0,0.0,0.0,7.0,0.25925925925925924,0.25,0.3333333333333333,0.5833333333333333,0.24907142857142858,2026-06-29,6.0,5.0,0,0,86,1,172,2
605400,"Nola, Aaron",2026,2026-07-10,824252,DET,PHI,84,20,1,5,5,True,20,10.0,3.0,1.0,2.0,8.0,0.16666666666666666,0.25,0.3888888888888889,0.6388888888888888,0.27999999999999997,2026-07-05,5.0,4.0,0,0,98,1,184,2
605400,"Nola, Aaron",2026,2026-07-16,823440,PHI,NYM,101,27,1,7,7,True,27,17.0,6.0,3.0,3.0,6.0,0.2608695652173913,0.3333333333333333,0.6521739130434783,0.9855072463768115,0.40444444444444444,2026-07-10,6.0,5.0,0,0,84,1,182,2
605400,"Nola, Aaron",2026,2026-07-22,823438,PHI,LAD,89,23,1,6,6,True,23,18.0,7.0,2.0,0.0,4.0,0.3181818181818182,0.30434782608695654,0.7272727272727273,1.0316205533596838,0.42043478260869566,2026-07-16,6.0,5.0,0,0,101,1,185,2
605400,"Nola, Aaron",2026,2026-07-28,823838,MIA,PHI,93,23,1,6,6,True,23,16.0,5.0,1.0,3.0,4.0,0.25,0.34782608695652173,0.4,0.7478260869565218,0.33504347826086955,2026-07-22,6.0,5.0,0,0,89,1,190,2
605400,"Nola, Aaron",2026,2026-08-03,823431,PHI,WSH,97,25,1,6,6,True,24,17.0,6.0,2.0,2.0,5.0,0.2727272727272727,0.3333333333333333,0.5454545454545454,0.8787878787878787,0.37749999999999995,2026-07-28,6.0,5.0,0,0,93,1,182,2
605400,"Nola, Aaron",2026,2026-08-08,823426,PHI,TOR,97,22,1,6,6,True,22,12.0,6.0,1.0,2.0,8.0,0.3,0.36363636363636365,0.45,0.8136363636363637,0.359,2026-08-03,5.0,4.0,0,0,97,1,190,2
605400,"Nola, Aaron",2026,2026-08-13,823669,MIN,PHI,97,23,1,5,5,True,23,11.0,5.0,1.0,3.0,9.0,0.25,0.34782608695652173,0.45,0.7978260869565217,0.3512173913043478,2026-08-08,5.0,4.0,0,0,97,1,194,2
605400,"Nola, Aaron",2026,2026-08-19,823424,PHI,MIA,100,26,1,7,7,True,26,18.0,5.0,1.0,0.0,8.0,0.19230769230769232,0.19230769230769232,0.3076923076923077,0.5,0.21584615384615385,2026-08-13,6.0,5.0,0,0,97,1,194,2
605400,"Nola, Aaron",2026,2026-08-25,823098,SEA,PHI,92,23,1,6,6,True,23,13.0,3.0,1.0,3.0,7.0,0.15,0.2608695652173913,0.3,0.5608695652173913,0.25765217391304346,2026-08-19,6.0,5.0,0,0,100,1,197,2
605400,"Nola, Aaron",2026,2026-08-31,825040,AZ,PHI,104,22,1,6,6,True,22,16.0,5.0,0.0,2.0,4.0,0.25,0.3181818181818182,0.3,0.6181818181818182,0.28263636363636363,2026-08-25,6.0,5.0,0,0,92,1,192,2
605400,"Nola, Aaron",2026,2026-09-06,823417,PHI,ATL,93,25,1,7,7,True,25,19.0,4.0,0.0,1.0,5.0,0.17391304347826086,0.2,0.2608695652173913,0.4608695652173913,0.20007999999999998,2026-08-31,6.0,5.0,0,0,104,1,196,2
605400,"Nola, Aaron",2026,2026-09-11,824873,ATL,PHI,101,27,1,7,7,True,27,20.0,6.0,2.0,3.0,3.0,0.2608695652173913,0.37037037037037035,0.5652173913043478,0.9355877616747181,0.40218518518518526,2026-09-06,5.0,4.0,0,0,93,1,197,2
621237,"Alvarado, José",2026,2026-03-28,823488,PHI,TEX,18,4,7,7,1,False,4,2.0,1.0,0.0,0.0,2.0,0.25,0.25,0.25,0.5,0.2225,,,,0,0,0,0,0,0
621237,"Alvarado, José",2026,2026-03-30,823484,PHI,WSH,29,6,9,9,1,False,6,3.0,3.0,0.0,2.0,1.0,0.75,0.8333333333333334,0.75,1.5833333333333335,0.6776666666666666,2026-03-28,2.0,1.0,18,1,18,1,18,1
621237,"Alvarado, José",2026,2026-04-01,823483,PHI,WSH,8,4,9,9,1,False,4,3.0,1.0,0.0,0.0,0.0,0.25,0.25,0.25,0.5,0.2225,2026-03-30,2.0,1.0,29,1,47,2,47,2
621237,"Alvarado, José",2026,2026-04-04,824378,COL,PHI,12,2,7,7,1,False,2,0.0,0.0,0.0,1.0,1.0,0.0,0.5,0.0,0.5,0.349,2026-04-01,3.0,2.0,8,1,55,3,55,3
621237,"Alvarado, José",2026,2026-04-06,823237,SF,PHI,22,3,7,7,1,False,3,2.0,0.0,0.0,0.0,1.0,0.0,0.0,0.0,0.0,0.0,2026-04-04,2.0,1.0,12,1,49,3,67,4
621237,"Alvarado, José",2026,2026-04-08,823234,SF,PHI,18,5,8,8,1,False,5,3.0,2.0,0.0,0.0,2.0,0.5,0.4,0.5,0.9,0.356,2026-04-06,2.0,1.0,22,1,42,3,89,5
621237,"Alvarado, José",2026,2026-04-11,823480,PHI,AZ,6,2,7,7,1,False,2,1.0,0.0,0.0,0.0,0.0,0.0,0.5,0.0,0.5,0.3645,2026-04-08,3.0,2.0,18,1,52,3,107,6
621237,"Alvarado, José",2026,2026-04-12,823479,PHI,AZ,13,3,8,8,1,False,3,3.0,2.0,0.0,0.0,0.0,0.6666666666666666,0.6666666666666666,0.6666666666666666,1.3333333333333333,0.5933333333333334,2026-04-11,1.0,0.0,6,1,46,3,95,6
621237,"Alvarado, José",2026,2026-04-15,823477,PHI,CHC,11,3,8,8,1,False,3,2.0,0.0,0.0,0.0,1.0,0.0,0.0,0.0,0.0,0.0,2026-04-12,3.0,2.0,13,1,37,3,79,6
621237,"Alvarado, José",2026,2026-04-18,823474,PHI,ATL,14,4,7,7,1,False,4,3.0,1.0,0.0,0.0,1.0,0.25,0.25,0.5,0.75,0.3155,2026-04-15,3.0,2.0,11,1,30,3,82,6
621237,"Alvarado, José",2026,2026-04-21,824690,CHC,PHI,23,5,8,8,1,False,5,2.0,2.0,0.0,1.0,1.0,0.6666666666666666,0.8,0.6666666666666666,1.4666666666666668,0.6414,2026-04-18,3.0,2.0,14,1,25,2,62,5
621237,"Alvarado, José",2026,2026-04-23,824689,CHC,PHI,14,5,9,9,1,False,5,3.0,1.0,0.0,0.0,1.0,0.25,0.2,0.5,0.7,0.2524,2026-04-21,2.0,1.0,23,1,37,2,67,5
621237,"Alvarado, José",2026,2026-04-25,824933,ATL,PHI,17,4,7,8,2,False,4,4.0,1.0,0.0,0.0,0.0,0.25,0.25,0.5,0.75,0.3155,2026-04-23,2.0,1.0,14,1,51,3,81,6
621237,"Alvarado, José",2026,2026-04-30,823471,PHI,SF,17,5,9,9,1,False,5,3.0,2.0,0.0,1.0,1.0,0.5,0.6,0.5,1.1,0.49559999999999993,2026-04-25,5.0,4.0,0,0,31,2,68,4
621237,"Alvarado, José",2026,2026-05-01,823877,MIA,PHI,10,3,8,8,1,False,3,2.0,2.0,0.0,0.0,1.0,0.6666666666666666,0.6666666666666666,1.0,1.6666666666666665,0.7173333333333334,2026-04-30,1.0,0.0,17,1,34,2,85,5
621237,"Alvarado, José",2026,2026-05-04,823874,MIA,PHI,8,3,8,8,1,False,3,2.0,0.0,0.0,0.0,1.0,0.0,0.0,0.0,0.0,0.0,2026-05-01,3.0,2.0,10,1,27,2,81,5
621237,"Alvarado, José",2026,2026-05-06,823470,PHI,ATH,20,4,8,8,1,False,4,1.0,1.0,0.0,0.0,2.0,0.3333333333333333,0.25,0.3333333333333333,0.5833333333333333,0.2225,2026-05-04,2.0,1.0,8,1,35,3,66,5
621237,"Alvarado, José",2026,2026-05-08,823466,PHI,COL,20,4,9,9,1,False,4,1.0,0.0,0.0,0.0,2.0,0.0,0.25,0.0,0.25,0.18225,2026-05-06,2.0,1.0,20,1,38,3,72,5
621237,"Alvarado, José",2026,2026-05-12,824764,BOS,PHI,6,2,8,8,1,False,2,1.0,0.0,0.0,0.0,1.0,0.0,0.0,0.0,0.0,0.0,2026-05-08,4.0,3.0,0,0,40,2,75,5
621237,"Alvarado, José",2026,2026-05-14,824762,BOS,PHI,21,6,8,8,1,False,6,4.0,2.0,0.0,0.0,1.0,0.4,0.5,0.6,1.1,0.4801666666666667,2026-05-12,2.0,1.0,6,1,26,2,81,6
621237,"Alvarado, José",2026,2026-05-15,823384,PIT,PHI,22,4,9,9,1,False,4,1.0,1.0,0.0,0.0,3.0,0.25,0.25,0.25,0.5,0.2225,2026-05-14,1.0,0.0,27,2,47,3,85,6
621237,"Alvarado, José",2026,2026-05-18,823465,PHI,CIN,20,5,8,8,1,False,5,4.0,2.0,0.0,1.0,0.0,0.5,0.6,0.75,1.35,0.5700000000000001,2026-05-15,3.0,2.0,22,1,49,3,97,6
621237,"Alvarado, José",2026,2026-05-20,823462,PHI,CIN,17,5,9,9,1,False,5,4.0,2.0,1.0,0.0,1.0,0.4,0.4,1.0,1.4,0.5884,2026-05-18,2.0,1.0,20,1,63,3,109,6
621237,"Alvarado, José",2026,2026-05-27,823295,SD,PHI,20,4,9,9,1,False,4,2.0,1.0,0.0,0.0,2.0,0.25,0.25,0.25,0.5,0.2225,2026-05-20,7.0,6.0,0,0,17,1,80,4
621237,"Alvarado, José",2026,2026-05-30,823945,LAD,PHI,13,2,6,6,1,False,2,2.0,0.0,0.0,0.0,0.0,0.0,0.0,0.0,0.0,0.0,2026-05-27,3.0,2.0,20,1,20,1,57,3
621237,"Alvarado, José",2026,2026-06-02,823460,PHI,SD,11,3,6,6,1,False,3,3.0,0.0,0.0,0.0,0.0,0.0,0.0,0.0,0.0,0.0,2026-05-30,3.0,2.0,13,1,33,2,50,3
621237,"Alvarado, José",2026,2026-06-04,823457,PHI,SD,25,5,9,9,1,False,5,3.0,1.0,1.0,1.0,1.0,0.25,0.4,1.0,1.4,0.55,2026-06-02,2.0,1.0,11,1,24,2,44,3
621237,"Alvarado, José",2026,2026-06-07,823453,PHI,CWS,28,5,6,6,1,False,5,2.0,1.0,0.0,0.0,2.0,0.25,0.4,0.25,0.65,0.3238,2026-06-04,3.0,2.0,25,1,36,2,69,4
621237,"Alvarado, José",2026,2026-06-09,822805,TOR,PHI,12,2,8,8,1,False,2,1.0,0.0,0.0,0.0,1.0,0.0,0.0,0.0,0.0,0.0,2026-06-07,2.0,1.0,28,1,64,3,97,5
621237,"Alvarado, José",2026,2026-06-10,822804,TOR,PHI,19,4,8,8,1,False,4,2.0,1.0,0.0,0.0,2.0,0.25,0.25,0.25,0.5,0.2225,2026-06-09,1.0,0.0,40,2,65,3,109,6
621237,"Alvarado, José",2026,2026-06-13,823776,MIL,PHI,15,5,7,7,1,False,5,4.0,2.0,1.0,0.0,1.0,0.4,0.4,1.0,1.4,0.5884,2026-06-10,3.0,2.0,19,1,59,3,108,6
621237,"Alvarado, José",2026,2026-06-18,823448,PHI,NYM,30,7,7,7,1,False,7,5.0,3.0,0.0,1.0,1.0,0.5,0.5714285714285714,0.8333333333333334,1.4047619047619047,0.5821428571428571,2026-06-13,5.0,4.0,0,0,15,1,99,5
621237,"Alvarado, José",2026,2026-06-21,823449,PHI,NYM,21,4,7,7,1,False,4,2.0,1.0,0.0,0.0,2.0,0.25,0.25,0.25,0.5,0.2225,2026-06-18,3.0,2.0,30,1,30,1,104,5
621237,"Alvarado, José",2026,2026-06-24,822719,WSH,PHI,26,5,7,7,1,False,5,3.0,1.0,0.0,1.0,1.0,0.25,0.4,0.75,1.15,0.45899999999999996,2026-06-21,3.0,2.0,21,1,51,2,85,4
621237,"Alvarado, José",2026,2026-06-25,822717,WSH,PHI,12,3,7,7,1,False,3,1.0,0.0,0.0,0.0,2.0,0.0,0.0,0.0,0.0,0.0,2026-06-24,1.0,0.0,26,1,77,3,92,4
621237,"Alvarado, José",2026,2026-06-28,823608,NYM,PHI,24,5,7,7,1,False,5,2.0,1.0,0.0,0.0,2.0,0.25,0.4,0.25,0.65,0.3238,2026-06-25,3.0,2.0,12,1,59,3,89,4
621237,"Alvarado, José",2026,2026-07-02,823442,PHI,PIT,27,6,7,7,1,False,6,4.0,3.0,0.0,0.0,2.0,0.5,0.5,0.8333333333333334,1.3333333333333335,0.5628333333333333,2026-06-28,4.0,3.0,0,0,36,2,113,5
621237,"Alvarado, José",2026,2026-07-08,824496,CIN,PHI,35,8,6,6,1,False,8,3.0,2.0,0.0,3.0,2.0,0.4,0.625,0.6,1.225,0.53075,2026-07-02,6.0,5.0,0,0,27,1,89,4
621237,"Alvarado, José",2026,2026-07-12,824250,DET,PHI,13,3,7,7,1,False,3,1.0,0.0,0.0,0.0,2.0,0.0,0.0,0.0,0.0,0.0,2026-07-08,4.0,3.0,0,0,35,1,86,3
621237,"Alvarado, José",2026,2026-07-18,823441,PHI,NYM,16,4,7,7,1,False,4,3.0,1.0,0.0,0.0,1.0,0.25,0.25,0.25,0.5,0.2225,2026-07-12,6.0,5.0,0,0,13,1,48,2
621237,"Alvarado, José",2026,2026-07-20,823436,PHI,LAD,11,3,8,8,1,False,3,2.0,0.0,0.0,0.0,1.0,0.0,0.0,0.0,0.0,0.0,2026-07-18,2.0,1.0,16,1,16,1,64,3
621237,"Alvarado, José",2026,2026-07-21,823437,PHI,LAD,16,3,8,8,1,False,3,2.0,0.0,0.0,0.0,1.0,0.0,0.0,0.0,0.0,0.0,2026-07-20,1.0,0.0,27,2,27,2,75,4
621237,"Alvarado, José",2026,2026-07-24,823434,PHI,NYY,9,3,9,9,1,False,3,2.0,0.0,0.0,0.0,0.0,0.0,0.3333333333333333,0.0,0.3333333333333333,0.243,2026-07-21,3.0,2.0,16,1,43,3,56,4
621237,"Alvarado, José",2026,2026-07-25,823435,PHI,NYY,14,5,7,7,1,False,5,4.0,2.0,1.0,0.0,1.0,0.4,0.4,1.0,1.4,0.5884,2026-07-24,1.0,0.0,9,1,52,4,65,5
621237,"Alvarado, José",2026,2026-07-27,823839,MIA,PHI,11,3,6,6,1,False,3,2.0,0.0,0.0,0.0,1.0,0.0,0.0,0.0,0.0,0.0,2026-07-25,2.0,1.0,23,2,50,4,66,5
621237,"Alvarado, José",2026,2026-07-28,823838,MIA,PHI,16,4,7,7,1,False,4,2.0,0.0,0.0,1.0,1.0,0.0,0.25,0.0,0.25,0.1745,2026-07-27,1.0,0.0,25,2,50,4,77,6
621237,"Alvarado, José",2026,2026-08-01,824808,BAL,PHI,15,3,8,8,1,False,3,3.0,0.0,0.0,0.0,0.0,0.0,0.0,0.0,0.0,0.0,2026-07-28,4.0,3.0,0,0,41,3,93,7
621237,"Alvarado, José",2026,2026-08-05,823429,PHI,WSH,19,6,10,10,1,False,6,2.0,0.0,0.0,2.0,1.0,0.0,0.5,0.0,0.5,0.3541666666666667,2026-08-01,4.0,3.0,0,0,15,1,65,5
621237,"Alvarado, José",2026,2026-08-06,823430,PHI,WSH,12,3,7,7,1,False,3,2.0,0.0,0.0,0.0,1.0,0.0,0.0,0.0,0.0,0.0,2026-08-05,1.0,0.0,19,1,34,2,84,6
621237,"Alvarado, José",2026,2026-08-08,823426,PHI,TOR,27,5,8,8,1,False,5,2.0,1.0,0.0,2.0,1.0,0.3333333333333333,0.6,0.6666666666666666,1.2666666666666666,0.5316,2026-08-06,2.0,1.0,31,2,46,3,87,6
621237,"Alvarado, José",2026,2026-08-12,823017,STL,PHI,22,5,7,7,1,False,5,2.0,1.0,0.0,3.0,0.0,0.5,0.8,0.5,1.3,0.5968,2026-08-08,4.0,3.0,0,0,58,3,73,4
621237,"Alvarado, José",2026,2026-08-18,823423,PHI,MIA,13,3,7,7,1,False,3,3.0,1.0,0.0,0.0,0.0,0.3333333333333333,0.3333333333333333,0.3333333333333333,0.6666666666666666,0.2966666666666667,2026-08-12,6.0,5.0,0,0,22,1,80,4
621237,"Alvarado, José",2026,2026-08-22,823422,PHI,STL,16,4,8,8,1,False,4,3.0,1.0,1.0,0.0,1.0,0.25,0.25,1.0,1.25,0.513,2026-08-18,4.0,3.0,0,0,13,1,62,3
621237,"Alvarado, José",2026,2026-08-24,823097,SEA,PHI,11,3,6,6,1,False,3,1.0,0.0,0.0,0.0,2.0,0.0,0.0,0.0,0.0,0.0,2026-08-22,2.0,1.0,16,1,29,2,51,3
621237,"Alvarado, José",2026,2026-08-28,823985,LAA,PHI,19,4,7,7,1,False,4,4.0,1.0,0.0,0.0,0.0,0.25,0.25,0.25,0.5,0.2225,2026-08-24,4.0,3.0,0,0,27,2,40,3
621237,"Alvarado, José",2026,2026-08-30,823987,LAA,PHI,13,4,8,8,1,False,4,3.0,2.0,0.0,0.0,1.0,0.5,0.5,0.5,1.0,0.445,2026-08-28,2.0,1.0,19,1,30,2,59,4
621237,"Alvarado, José",2026,2026-08-31,825040,AZ,PHI,14,5,8,8,1,False,5,3.0,1.0,0.0,1.0,1.0,0.25,0.4,0.25,0.65,0.3176,2026-08-30,1.0,0.0,32,2,43,3,72,5
621237,"Alvarado, José",2026,2026-09-05,823419,PHI,ATL,11,3,8,8,1,False,3,2.0,1.0,0.0,0.0,1.0,0.3333333333333333,0.3333333333333333,0.3333333333333333,0.6666666666666666,0.2966666666666667,2026-08-31,5.0,4.0,0,0,27,2,73,5
621237,"Alvarado, José",2026,2026-09-08,823414,PHI,HOU,21,4,9,9,1,False,4,1.0,0.0,0.0,1.0,2.0,0.0,0.25,0.0,0.25,0.1745,2026-09-05,3.0,2.0,11,1,11,1,57,4
621237,"Alvarado, José",2026,2026-09-10,823413,PHI,HOU,20,5,8,8,1,False,5,4.0,2.0,0.0,0.0,0.0,0.5,0.4,0.75,1.15,0.4304,2026-09-08,2.0,1.0,21,1,32,2,78,5
621237,"Alvarado, José",2026,2026-09-11,824873,ATL,PHI,9,2,7,7,1,False,2,0.0,0.0,0.0,0.0,2.0,0.0,0.0,0.0,0.0,0.0,2026-09-10,1.0,0.0,41,2,52,3,98,6
621383,"Banks, Tanner",2026,2026-03-28,823488,PHI,TEX,10,3,6,6,1,False,3,3.0,1.0,0.0,0.0,0.0,0.3333333333333333,0.3333333333333333,0.3333333333333333,0.6666666666666666,0.2966666666666667,,,,0,0,0,0,0,0
621383,"Banks, Tanner",2026,2026-03-31,823485,PHI,WSH,37,8,6,7,2,False,8,6.0,3.0,0.0,0.0,2.0,0.375,0.375,0.5,0.875,0.38025,2026-03-28,3.0,2.0,10,1,10,1,10,1
621383,"Banks, Tanner",2026,2026-04-05,824379,COL,PHI,8,3,7,7,1,False,3,2.0,0.0,0.0,0.0,1.0,0.0,0.0,0.0,0.0,0.0,2026-03-31,5.0,4.0,0,0,37,1,47,2
621383,"Banks, Tanner",2026,2026-04-07,823235,SF,PHI,18,3,7,7,1,False,3,1.0,0.0,0.0,0.0,2.0,0.0,0.0,0.0,0.0,0.0,2026-04-05,2.0,1.0,8,1,45,2,55,3
621383,"Banks, Tanner",2026,2026-04-10,823482,PHI,AZ,14,4,9,9,1,False,4,3.0,1.0,0.0,0.0,1.0,0.25,0.25,0.25,0.5,0.2225,2026-04-07,3.0,2.0,18,1,26,2,73,4
621383,"Banks, Tanner",2026,2026-04-14,823478,PHI,CHC,25,7,9,9,1,False,7,5.0,3.0,1.0,1.0,1.0,0.5,0.5714285714285714,1.0,1.5714285714285714,0.647142857142857,2026-04-10,4.0,3.0,0,0,32,2,77,4
621383,"Banks, Tanner",2026,2026-04-17,823476,PHI,ATL,20,5,7,7,1,False,5,3.0,1.0,0.0,1.0,1.0,0.25,0.4,0.25,0.65,0.3176,2026-04-14,3.0,2.0,25,1,39,2,65,4
621383,"Banks, Tanner",2026,2026-04-18,823474,PHI,ATL,29,6,8,8,1,False,6,2.0,1.0,0.0,2.0,2.0,0.25,0.5,0.25,0.75,0.381,2026-04-17,1.0,0.0,20,1,45,2,85,5
621383,"Banks, Tanner",2026,2026-04-21,824690,CHC,PHI,30,8,6,6,1,False,8,5.0,3.0,0.0,2.0,1.0,0.5,0.625,0.5,1.125,0.50825,2026-04-18,3.0,2.0,29,1,74,3,106,5
621383,"Banks, Tanner",2026,2026-04-23,824689,CHC,PHI,15,4,10,10,1,False,4,2.0,2.0,0.0,0.0,1.0,0.6666666666666666,0.5,0.6666666666666666,1.1666666666666665,0.445,2026-04-21,2.0,1.0,30,1,79,3,118,5
621383,"Banks, Tanner",2026,2026-04-25,824933,ATL,PHI,11,3,6,6,1,False,3,3.0,3.0,0.0,0.0,0.0,1.0,1.0,1.6666666666666667,2.666666666666667,1.1380000000000001,2026-04-23,2.0,1.0,15,1,74,3,119,5
621383,"Banks, Tanner",2026,2026-04-30,823472,PHI,SF,27,6,8,9,2,False,6,4.0,2.0,0.0,0.0,2.0,0.3333333333333333,0.3333333333333333,0.3333333333333333,0.6666666666666666,0.2966666666666667,2026-04-25,5.0,4.0,0,0,26,2,105,5
621383,"Banks, Tanner",2026,2026-05-02,823876,MIA,PHI,20,6,6,6,1,False,6,4.0,2.0,0.0,1.0,1.0,0.4,0.5,0.6,1.1,0.47500000000000003,2026-04-30,2.0,1.0,27,1,38,2,112,5
621383,"Banks, Tanner",2026,2026-05-04,823874,MIA,PHI,18,4,7,7,1,False,4,3.0,0.0,0.0,0.0,1.0,0.0,0.0,0.0,0.0,0.0,2026-05-02,2.0,1.0,20,1,47,2,103,5
621383,"Banks, Tanner",2026,2026-05-07,823467,PHI,ATH,35,9,4,5,2,False,9,6.0,4.0,0.0,1.0,2.0,0.5,0.5555555555555556,0.75,1.3055555555555556,0.5516666666666666,2026-05-04,3.0,2.0,18,1,65,3,91,5
621383,"Banks, Tanner",2026,2026-05-09,823468,PHI,COL,18,6,6,7,2,False,6,3.0,0.0,0.0,0.0,3.0,0.0,0.0,0.0,0.0,0.0,2026-05-07,2.0,1.0,35,1,73,3,111,5
621383,"Banks, Tanner",2026,2026-05-13,824763,BOS,PHI,12,3,6,6,1,False,3,2.0,1.0,0.0,0.0,1.0,0.3333333333333333,0.3333333333333333,0.3333333333333333,0.6666666666666666,0.2966666666666667,2026-05-09,4.0,3.0,0,0,53,2,118,5
621383,"Banks, Tanner",2026,2026-05-17,823381,PIT,PHI,8,3,9,9,1,False,3,3.0,0.0,0.0,0.0,0.0,0.0,0.0,0.0,0.0,0.0,2026-05-13,4.0,3.0,0,0,12,1,83,4
621383,"Banks, Tanner",2026,2026-05-19,823464,PHI,CIN,12,4,7,7,1,False,4,3.0,2.0,0.0,1.0,0.0,0.6666666666666666,0.75,1.0,1.75,0.7125,2026-05-17,2.0,1.0,8,1,20,2,73,4
621383,"Banks, Tanner",2026,2026-05-24,823459,PHI,CLE,17,4,9,9,1,False,4,3.0,1.0,0.0,0.0,1.0,0.25,0.25,0.25,0.5,0.2225,2026-05-19,5.0,4.0,0,0,20,2,32,3
621383,"Banks, Tanner",2026,2026-05-31,823944,LAD,PHI,35,9,4,5,2,False,9,6.0,3.0,0.0,1.0,2.0,0.375,0.4444444444444444,0.5,0.9444444444444444,0.4155555555555555,2026-05-24,7.0,6.0,0,0,17,1,37,3
621383,"Banks, Tanner",2026,2026-06-06,823454,PHI,CWS,27,8,5,7,3,False,8,6.0,1.0,0.0,0.0,2.0,0.125,0.125,0.125,0.25,0.11125,2026-05-31,6.0,5.0,0,0,35,1,52,2
621383,"Banks, Tanner",2026,2026-06-12,823778,MIL,PHI,28,6,1,1,1,True,6,2.0,1.0,0.0,2.0,2.0,0.25,0.5,0.5,1.0,0.443,2026-06-06,6.0,5.0,0,0,27,1,62,2
621383,"Banks, Tanner",2026,2026-06-14,823777,MIL,PHI,22,4,8,8,1,False,4,3.0,1.0,0.0,0.0,1.0,0.25,0.25,0.25,0.5,0.2225,2026-06-12,2.0,1.0,28,1,28,1,90,3
621383,"Banks, Tanner",2026,2026-06-16,823451,PHI,MIA,12,4,8,8,1,False,4,3.0,1.0,0.0,0.0,1.0,0.25,0.25,0.25,0.5,0.2225,2026-06-14,2.0,1.0,22,1,50,2,77,3
621383,"Banks, Tanner",2026,2026-06-17,823450,PHI,MIA,14,7,6,6,1,False,7,7.0,3.0,2.0,0.0,0.0,0.6,0.42857142857142855,2.0,2.4285714285714284,0.7665714285714286,2026-06-16,1.0,0.0,34,2,62,3,89,4
621383,"Banks, Tanner",2026,2026-07-06,824089,KC,PHI,16,4,5,5,1,False,4,3.0,1.0,1.0,0.0,1.0,0.25,0.25,1.0,1.25,0.513,2026-06-17,19.0,18.0,0,0,0,0,0,0
621383,"Banks, Tanner",2026,2026-07-08,824496,CIN,PHI,17,5,4,4,1,False,5,5.0,4.0,3.0,0.0,0.0,0.8,0.8,3.0,3.8,1.5506,2026-07-06,2.0,1.0,16,1,16,1,16,1
641745,"Keller, Brad",2026,2026-03-29,823487,PHI,TEX,16,3,8,8,1,False,3,2.0,0.0,0.0,0.0,1.0,0.0,0.0,0.0,0.0,0.0,,,,0,0,0,0,0,0
641745,"Keller, Brad",2026,2026-03-31,823485,PHI,WSH,15,4,8,8,1,False,4,3.0,0.0,0.0,1.0,0.0,0.0,0.25,0.0,0.25,0.1745,2026-03-29,2.0,1.0,16,1,16,1,16,1
641745,"Keller, Brad",2026,2026-04-01,823483,PHI,WSH,22,6,7,7,1,False,6,5.0,3.0,1.0,0.0,1.0,0.5,0.5,1.0,1.5,0.6386666666666666,2026-03-31,1.0,0.0,31,2,31,2,31,2
641745,"Keller, Brad",2026,2026-04-04,824378,COL,PHI,13,4,8,8,1,False,4,4.0,1.0,0.0,0.0,0.0,0.25,0.25,0.25,0.5,0.2225,2026-04-01,3.0,2.0,22,1,53,3,53,3
641745,"Keller, Brad",2026,2026-04-06,823237,SF,PHI,20,4,8,8,1,False,4,2.0,1.0,0.0,0.0,2.0,0.25,0.25,0.25,0.5,0.2225,2026-04-04,2.0,1.0,13,1,50,3,66,4
641745,"Keller, Brad",2026,2026-04-10,823482,PHI,AZ,7,3,7,7,1,False,3,3.0,0.0,0.0,0.0,0.0,0.0,0.0,0.0,0.0,0.0,2026-04-06,4.0,3.0,0,0,33,2,86,5
641745,"Keller, Brad",2026,2026-04-11,823480,PHI,AZ,28,6,8,8,1,False,6,3.0,2.0,0.0,1.0,2.0,0.4,0.5,0.4,0.9,0.413,2026-04-10,1.0,0.0,7,1,40,3,93,6
641745,"Keller, Brad",2026,2026-04-14,823478,PHI,CHC,15,3,6,6,1,False,3,1.0,1.0,0.0,0.0,2.0,0.3333333333333333,0.3333333333333333,0.3333333333333333,0.6666666666666666,0.2966666666666667,2026-04-11,3.0,2.0,28,1,35,2,105,6
641745,"Keller, Brad",2026,2026-04-18,823474,PHI,ATL,21,3,9,9,1,False,3,1.0,0.0,0.0,1.0,1.0,0.0,0.3333333333333333,0.0,0.3333333333333333,0.23266666666666666,2026-04-14,4.0,3.0,0,0,43,2,83,5
641745,"Keller, Brad",2026,2026-04-21,824690,CHC,PHI,3,2,8,8,1,False,2,2.0,0.0,0.0,0.0,0.0,0.0,0.0,0.0,0.0,0.0,2026-04-18,3.0,2.0,21,1,36,2,71,4
641745,"Keller, Brad",2026,2026-04-23,824689,CHC,PHI,9,4,8,8,1,False,4,4.0,1.0,1.0,0.0,0.0,0.25,0.25,1.0,1.25,0.513,2026-04-21,2.0,1.0,3,1,24,2,74,5
641745,"Keller, Brad",2026,2026-04-25,824933,ATL,PHI,16,4,8,9,2,False,4,3.0,0.0,0.0,0.0,1.0,0.0,0.0,0.0,0.0,0.0,2026-04-23,2.0,1.0,9,1,33,3,76,5
641745,"Keller, Brad",2026,2026-04-30,823471,PHI,SF,20,4,8,9,2,False,4,0.0,0.0,0.0,0.0,3.0,0.0,0.25,0.0,0.25,0.18225,2026-04-25,5.0,4.0,0,0,25,2,49,4
641745,"Keller, Brad",2026,2026-05-01,823877,MIA,PHI,26,5,9,9,1,False,5,2.0,1.0,0.0,1.0,2.0,0.25,0.4,0.25,0.65,0.3176,2026-04-30,1.0,0.0,20,1,36,2,69,5
641745,"Keller, Brad",2026,2026-05-04,823874,MIA,PHI,10,4,9,9,1,False,4,4.0,2.0,0.0,0.0,0.0,0.5,0.5,0.5,1.0,0.445,2026-05-01,3.0,2.0,26,1,46,2,74,5
641745,"Keller, Brad",2026,2026-05-06,823470,PHI,ATH,22,6,9,9,1,False,6,3.0,1.0,0.0,2.0,1.0,0.25,0.5,0.25,0.75,0.381,2026-05-04,2.0,1.0,10,1,56,3,81,5
641745,"Keller, Brad",2026,2026-05-08,823466,PHI,COL,20,6,11,11,1,False,6,4.0,3.0,0.0,0.0,2.0,0.5,0.5,0.6666666666666666,1.1666666666666665,0.507,2026-05-06,2.0,1.0,22,1,58,3,94,5
641745,"Keller, Brad",2026,2026-05-13,824763,BOS,PHI,17,3,7,7,1,False,3,0.0,0.0,0.0,0.0,3.0,0.0,0.0,0.0,0.0,0.0,2026-05-08,5.0,4.0,0,0,42,2,98,5
641745,"Keller, Brad",2026,2026-05-14,824762,BOS,PHI,15,4,7,7,1,False,4,2.0,1.0,0.0,0.0,2.0,0.25,0.25,0.5,0.75,0.3155,2026-05-13,1.0,0.0,17,1,37,2,115,6
641745,"Keller, Brad",2026,2026-05-18,823465,PHI,CIN,13,4,7,7,1,False,4,3.0,1.0,1.0,0.0,1.0,0.25,0.25,1.0,1.25,0.513,2026-05-14,4.0,3.0,0,0,32,2,84,5
641745,"Keller, Brad",2026,2026-05-20,823462,PHI,CIN,15,3,8,8,1,False,3,3.0,0.0,0.0,0.0,0.0,0.0,0.0,0.0,0.0,0.0,2026-05-18,2.0,1.0,13,1,45,3,87,5
641745,"Keller, Brad",2026,2026-05-23,823458,PHI,CLE,16,3,8,8,1,False,3,2.0,0.0,0.0,0.0,1.0,0.0,0.0,0.0,0.0,0.0,2026-05-20,3.0,2.0,15,1,28,2,60,4
641745,"Keller, Brad",2026,2026-05-25,823296,SD,PHI,22,4,8,8,1,False,4,2.0,0.0,0.0,1.0,1.0,0.0,0.25,0.0,0.25,0.1745,2026-05-23,2.0,1.0,16,1,44,3,76,5
641745,"Keller, Brad",2026,2026-05-26,823294,SD,PHI,16,6,8,8,1,False,6,4.0,2.0,1.0,1.0,1.0,0.4,0.5,1.0,1.5,0.6066666666666667,2026-05-25,1.0,0.0,38,2,53,3,98,6
641745,"Keller, Brad",2026,2026-05-30,823945,LAD,PHI,18,3,8,8,1,False,3,2.0,0.0,0.0,0.0,1.0,0.0,0.0,0.0,0.0,0.0,2026-05-26,4.0,3.0,0,0,54,3,82,5
641745,"Keller, Brad",2026,2026-06-02,823460,PHI,SD,12,4,8,8,1,False,4,4.0,2.0,0.0,0.0,0.0,0.5,0.5,0.5,1.0,0.445,2026-05-30,3.0,2.0,18,1,34,2,87,5
641745,"Keller, Brad",2026,2026-06-03,823456,PHI,SD,22,7,8,8,1,False,7,4.0,2.0,0.0,1.0,1.0,0.4,0.5714285714285714,0.4,0.9714285714285714,0.45814285714285713,2026-06-02,1.0,0.0,12,1,30,2,99,6
641745,"Keller, Brad",2026,2026-06-05,823455,PHI,CWS,15,4,8,8,1,False,4,4.0,1.0,0.0,0.0,0.0,0.25,0.25,0.25,0.5,0.2225,2026-06-03,2.0,1.0,34,2,52,3,106,6
641745,"Keller, Brad",2026,2026-06-08,822806,TOR,PHI,20,5,8,8,1,False,5,3.0,1.0,0.0,1.0,1.0,0.25,0.4,0.25,0.65,0.3176,2026-06-05,3.0,2.0,15,1,49,3,105,6
641745,"Keller, Brad",2026,2026-06-10,822804,TOR,PHI,3,2,7,7,1,False,2,2.0,0.0,0.0,0.0,0.0,0.0,0.0,0.0,0.0,0.0,2026-06-08,2.0,1.0,20,1,57,3,87,5
641745,"Keller, Brad",2026,2026-06-13,823776,MIL,PHI,32,8,8,8,1,False,8,5.0,3.0,0.0,2.0,1.0,0.6,0.625,0.6,1.225,0.50825,2026-06-10,3.0,2.0,3,1,23,2,90,6
641745,"Keller, Brad",2026,2026-07-08,824496,CIN,PHI,14,4,7,7,1,False,4,2.0,0.0,0.0,1.0,1.0,0.0,0.25,0.0,0.25,0.1745,2026-06-13,25.0,24.0,0,0,0,0,0,0
641835,"Mayza, Tim",2026,2026-03-28,823488,PHI,TEX,32,8,8,9,2,False,8,5.0,1.0,0.0,1.0,2.0,0.14285714285714285,0.25,0.14285714285714285,0.39285714285714285,0.1985,,,,0,0,0,0,0,0
641835,"Mayza, Tim",2026,2026-03-30,823484,PHI,WSH,23,6,7,8,2,False,6,4.0,0.0,0.0,0.0,2.0,0.0,0.0,0.0,0.0,0.0,2026-03-28,2.0,1.0,32,1,32,1,32,1
641835,"Mayza, Tim",2026,2026-04-03,824377,COL,PHI,13,3,8,8,1,False,3,1.0,0.0,0.0,0.0,2.0,0.0,0.0,0.0,0.0,0.0,2026-03-30,4.0,3.0,0,0,55,2,55,2
641835,"Mayza, Tim",2026,2026-04-05,824379,COL,PHI,13,3,6,6,1,False,3,2.0,0.0,0.0,0.0,1.0,0.0,0.0,0.0,0.0,0.0,2026-04-03,2.0,1.0,13,1,36,2,68,3
641835,"Mayza, Tim",2026,2026-04-06,823237,SF,PHI,9,3,5,5,1,False,3,2.0,0.0,0.0,0.0,1.0,0.0,0.0,0.0,0.0,0.0,2026-04-05,1.0,0.0,26,2,49,3,81,4
641835,"Mayza, Tim",2026,2026-04-11,823480,PHI,AZ,9,3,6,6,1,False,3,2.0,1.0,0.0,0.0,1.0,0.3333333333333333,0.3333333333333333,0.3333333333333333,0.6666666666666666,0.2966666666666667,2026-04-06,5.0,4.0,0,0,22,2,90,5
641835,"Mayza, Tim",2026,2026-04-12,823479,PHI,AZ,9,3,9,9,1,False,3,2.0,0.0,0.0,0.0,1.0,0.0,0.0,0.0,0.0,0.0,2026-04-11,1.0,0.0,9,1,31,3,67,5
641835,"Mayza, Tim",2026,2026-04-14,823478,PHI,CHC,26,6,6,6,1,False,6,3.0,1.0,0.0,2.0,0.0,0.3333333333333333,0.6666666666666666,0.3333333333333333,1.0,0.5025000000000001,2026-04-12,2.0,1.0,18,2,18,2,53,5
641835,"Mayza, Tim",2026,2026-04-17,823476,PHI,ATL,23,6,5,6,2,False,6,6.0,1.0,0.0,0.0,0.0,0.16666666666666666,0.16666666666666666,0.16666666666666666,0.3333333333333333,0.14833333333333334,2026-04-14,3.0,2.0,26,1,44,3,79,6
641835,"Mayza, Tim",2026,2026-04-19,823475,PHI,ATL,26,6,5,5,1,False,6,3.0,2.0,0.0,1.0,2.0,0.4,0.5,0.6,1.1,0.47500000000000003,2026-04-17,2.0,1.0,23,1,58,3,89,6
641835,"Mayza, Tim",2026,2026-04-21,824690,CHC,PHI,23,6,7,7,1,False,6,4.0,2.0,2.0,1.0,1.0,0.4,0.5,1.6,2.1,0.8003333333333332,2026-04-19,2.0,1.0,26,1,75,3,93,5
641835,"Mayza, Tim",2026,2026-04-24,824932,ATL,PHI,25,6,8,8,1,False,6,4.0,1.0,0.0,0.0,1.0,0.2,0.16666666666666666,0.2,0.3666666666666667,0.14833333333333334,2026-04-21,3.0,2.0,23,1,72,3,116,6
641835,"Mayza, Tim",2026,2026-04-26,824934,ATL,PHI,17,4,6,7,2,False,4,4.0,1.0,0.0,0.0,0.0,0.25,0.25,0.25,0.5,0.2225,2026-04-24,2.0,1.0,25,1,74,3,132,6
641835,"Mayza, Tim",2026,2026-04-28,823473,PHI,SF,17,3,9,9,1,False,3,1.0,0.0,0.0,0.0,2.0,0.0,0.0,0.0,0.0,0.0,2026-04-26,2.0,1.0,17,1,65,3,140,6
641835,"Mayza, Tim",2026,2026-04-30,823471,PHI,SF,33,9,1,2,2,True,9,6.0,2.0,0.0,1.0,2.0,0.25,0.3333333333333333,0.25,0.5833333333333333,0.2753333333333333,2026-04-28,2.0,1.0,17,1,59,3,131,6
641835,"Mayza, Tim",2026,2026-05-06,823470,PHI,ATH,7,2,7,7,1,False,2,1.0,0.0,0.0,0.0,1.0,0.0,0.0,0.0,0.0,0.0,2026-04-30,6.0,5.0,0,0,33,1,92,4
641835,"Mayza, Tim",2026,2026-05-08,823466,PHI,COL,20,7,6,7,2,False,7,5.0,1.0,1.0,0.0,2.0,0.14285714285714285,0.14285714285714285,0.5714285714285714,0.7142857142857142,0.29314285714285715,2026-05-06,2.0,1.0,7,1,7,1,99,5
641835,"Mayza, Tim",2026,2026-05-09,823468,PHI,COL,3,1,5,5,1,False,1,1.0,0.0,0.0,0.0,0.0,0.0,0.0,0.0,0.0,0.0,2026-05-08,1.0,0.0,27,2,27,2,94,5
641835,"Mayza, Tim",2026,2026-05-13,824763,BOS,PHI,10,3,8,8,1,False,3,3.0,1.0,0.0,0.0,0.0,0.3333333333333333,0.3333333333333333,0.3333333333333333,0.6666666666666666,0.2966666666666667,2026-05-09,4.0,3.0,0,0,30,3,63,4
641835,"Mayza, Tim",2026,2026-05-15,823384,PIT,PHI,17,5,4,5,2,False,5,3.0,1.0,1.0,0.0,2.0,0.2,0.2,0.8,1.0,0.4104,2026-05-13,2.0,1.0,10,1,33,3,40,4
641835,"Mayza, Tim",2026,2026-05-20,823462,PHI,CIN,28,7,6,7,2,False,7,5.0,3.0,0.0,0.0,2.0,0.42857142857142855,0.42857142857142855,0.7142857142857143,1.1428571428571428,0.4877142857142857,2026-05-15,5.0,4.0,0,0,27,2,57,5
641835,"Mayza, Tim",2026,2026-05-24,823459,PHI,CLE,8,2,7,7,1,False,2,2.0,1.0,0.0,0.0,0.0,0.5,0.5,0.5,1.0,0.445,2026-05-20,4.0,3.0,0,0,28,1,55,3
641835,"Mayza, Tim",2026,2026-05-29,823946,LAD,PHI,25,7,7,8,2,False,7,6.0,1.0,0.0,0.0,1.0,0.14285714285714285,0.14285714285714285,0.14285714285714285,0.2857142857142857,0.12714285714285714,2026-05-24,5.0,4.0,0,0,8,1,53,3
641835,"Mayza, Tim",2026,2026-06-06,823454,PHI,CWS,9,3,8,8,1,False,3,2.0,1.0,0.0,0.0,1.0,0.5,0.3333333333333333,0.5,0.8333333333333333,0.2966666666666667,2026-05-29,8.0,7.0,0,0,0,0,33,2
641835,"Mayza, Tim",2026,2026-06-07,823453,PHI,CWS,16,3,5,5,1,False,3,3.0,1.0,0.0,0.0,0.0,0.3333333333333333,0.3333333333333333,0.3333333333333333,0.6666666666666666,0.2966666666666667,2026-06-06,1.0,0.0,9,1,9,1,42,3
641835,"Mayza, Tim",2026,2026-06-12,823778,MIL,PHI,22,4,8,8,1,False,4,2.0,1.0,0.0,0.0,2.0,0.25,0.25,0.5,0.75,0.3155,2026-06-07,5.0,4.0,0,0,25,2,50,3
641835,"Mayza, Tim",2026,2026-06-13,823776,MIL,PHI,5,2,5,5,1,False,2,2.0,1.0,0.0,0.0,0.0,0.5,0.5,0.5,1.0,0.445,2026-06-12,1.0,0.0,22,1,47,3,47,3
641835,"Mayza, Tim",2026,2026-06-15,823452,PHI,MIA,17,3,7,7,1,False,3,2.0,1.0,0.0,0.0,1.0,0.3333333333333333,0.3333333333333333,0.3333333333333333,0.6666666666666666,0.2966666666666667,2026-06-13,2.0,1.0,27,2,27,2,52,4
641835,"Mayza, Tim",2026,2026-06-17,823450,PHI,MIA,31,7,3,4,2,False,7,4.0,1.0,0.0,0.0,3.0,0.14285714285714285,0.14285714285714285,0.14285714285714285,0.2857142857142857,0.12714285714285714,2026-06-15,2.0,1.0,17,1,44,3,69,5
641835,"Mayza, Tim",2026,2026-06-22,822720,WSH,PHI,24,6,1,1,1,True,6,4.0,2.0,0.0,0.0,2.0,0.3333333333333333,0.3333333333333333,0.5,0.8333333333333333,0.3586666666666667,2026-06-17,5.0,4.0,0,0,48,2,75,4
641835,"Mayza, Tim",2026,2026-06-25,822717,WSH,PHI,12,3,9,9,1,False,3,3.0,0.0,0.0,0.0,0.0,0.0,0.0,0.0,0.0,0.0,2026-06-22,3.0,2.0,24,1,24,1,99,5
641835,"Mayza, Tim",2026,2026-06-27,823609,NYM,PHI,26,5,1,2,2,True,5,4.0,1.0,0.0,0.0,1.0,0.2,0.2,0.2,0.4,0.178,2026-06-25,2.0,1.0,12,1,36,2,89,5
641835,"Mayza, Tim",2026,2026-06-29,823444,PHI,PIT,35,8,7,8,2,False,8,5.0,1.0,0.0,1.0,2.0,0.14285714285714285,0.25,0.2857142857142857,0.5357142857142857,0.245,2026-06-27,2.0,1.0,26,1,62,3,110,5
641835,"Mayza, Tim",2026,2026-07-02,823442,PHI,PIT,13,5,5,5,1,False,5,4.0,3.0,0.0,0.0,1.0,0.6,0.6,0.8,1.4,0.6083999999999999,2026-06-29,3.0,2.0,35,1,73,3,97,4
641835,"Mayza, Tim",2026,2026-07-04,824092,KC,PHI,11,3,9,9,1,False,3,2.0,0.0,0.0,0.0,1.0,0.0,0.0,0.0,0.0,0.0,2026-07-02,2.0,1.0,13,1,74,3,110,5
641835,"Mayza, Tim",2026,2026-07-08,824496,CIN,PHI,21,4,8,8,1,False,4,2.0,1.0,0.0,0.0,2.0,0.25,0.25,0.5,0.75,0.3155,2026-07-04,4.0,3.0,0,0,24,2,97,5
641835,"Mayza, Tim",2026,2026-07-10,824252,DET,PHI,36,8,6,6,1,False,8,5.0,2.0,0.0,2.0,1.0,0.4,0.5,0.8,1.3,0.485375,2026-07-08,2.0,1.0,21,1,32,2,106,5
641835,"Mayza, Tim",2026,2026-07-19,823439,PHI,NYM,22,6,5,6,2,False,6,5.0,4.0,0.0,0.0,1.0,0.6666666666666666,0.6666666666666666,0.8333333333333334,1.5,0.6553333333333333,2026-07-10,9.0,8.0,0,0,0,0,57,2
641835,"Mayza, Tim",2026,2026-07-22,823438,PHI,LAD,20,5,7,8,2,False,5,4.0,1.0,0.0,1.0,0.0,0.25,0.4,0.25,0.65,0.3176,2026-07-19,3.0,2.0,22,1,22,1,79,3
641835,"Mayza, Tim",2026,2026-07-25,823435,PHI,NYY,20,6,1,2,2,True,6,5.0,0.0,0.0,0.0,1.0,0.0,0.0,0.0,0.0,0.0,2026-07-22,3.0,2.0,20,1,42,2,42,2
641835,"Mayza, Tim",2026,2026-07-26,823433,PHI,NYY,16,4,7,7,1,False,4,2.0,1.0,1.0,0.0,2.0,0.25,0.25,1.0,1.25,0.513,2026-07-25,1.0,0.0,20,1,62,3,62,3
641835,"Mayza, Tim",2026,2026-07-28,823838,MIA,PHI,6,1,6,6,1,False,1,0.0,0.0,0.0,0.0,1.0,0.0,0.0,0.0,0.0,0.0,2026-07-26,2.0,1.0,36,2,56,3,78,4
641835,"Mayza, Tim",2026,2026-07-31,824809,BAL,PHI,16,3,7,7,1,False,3,2.0,1.0,0.0,0.0,0.0,0.5,0.3333333333333333,1.5,1.8333333333333333,0.5323333333333333,2026-07-28,3.0,2.0,6,1,42,3,84,5
641835,"Mayza, Tim",2026,2026-08-02,824807,BAL,PHI,30,7,4,5,2,False,7,4.0,2.0,0.0,0.0,3.0,0.2857142857142857,0.2857142857142857,0.2857142857142857,0.5714285714285714,0.2542857142857143,2026-07-31,2.0,1.0,16,1,38,3,100,6
641835,"Mayza, Tim",2026,2026-08-05,823429,PHI,WSH,16,3,5,5,1,False,3,2.0,0.0,0.0,1.0,0.0,0.0,0.3333333333333333,0.0,0.3333333333333333,0.23266666666666666,2026-08-02,3.0,2.0,30,1,46,2,108,6
641835,"Mayza, Tim",2026,2026-08-07,823428,PHI,TOR,21,5,6,7,2,False,5,5.0,0.0,0.0,0.0,0.0,0.0,0.0,0.0,0.0,0.0,2026-08-05,2.0,1.0,16,1,62,3,104,6
641835,"Mayza, Tim",2026,2026-08-09,823425,PHI,TOR,16,4,10,10,1,False,4,1.0,0.0,0.0,1.0,2.0,0.0,0.25,0.0,0.25,0.1745,2026-08-07,2.0,1.0,21,1,67,3,105,6
641835,"Mayza, Tim",2026,2026-08-11,823019,STL,PHI,13,4,8,8,1,False,4,3.0,1.0,1.0,0.0,1.0,0.25,0.25,1.0,1.25,0.513,2026-08-09,2.0,1.0,16,1,53,3,105,6
641835,"Mayza, Tim",2026,2026-08-16,823670,MIN,PHI,14,3,6,6,1,False,3,1.0,0.0,0.0,0.0,2.0,0.0,0.0,0.0,0.0,0.0,2026-08-11,5.0,4.0,0,0,29,2,96,5
641835,"Mayza, Tim",2026,2026-08-21,823420,PHI,STL,19,4,6,7,2,False,4,3.0,2.0,0.0,0.0,1.0,0.5,0.5,0.5,1.0,0.445,2026-08-16,5.0,4.0,0,0,14,1,64,4
641835,"Mayza, Tim",2026,2026-08-23,823421,PHI,STL,24,6,7,8,2,False,6,4.0,1.0,0.0,1.0,1.0,0.2,0.3333333333333333,0.2,0.5333333333333333,0.26466666666666666,2026-08-21,2.0,1.0,19,1,33,2,62,4
641835,"Mayza, Tim",2026,2026-08-26,823096,SEA,PHI,15,3,8,8,1,False,3,2.0,0.0,0.0,0.0,1.0,0.0,0.0,0.0,0.0,0.0,2026-08-23,3.0,2.0,24,1,43,2,57,3
641835,"Mayza, Tim",2026,2026-09-04,823418,PHI,ATL,10,4,9,9,1,False,4,4.0,1.0,0.0,0.0,0.0,0.25,0.25,0.25,0.5,0.2225,2026-08-26,9.0,8.0,0,0,0,0,58,3
641835,"Mayza, Tim",2026,2026-09-08,823414,PHI,HOU,15,3,6,6,1,False,3,3.0,0.0,0.0,0.0,0.0,0.0,0.0,0.0,0.0,0.0,2026-09-04,4.0,3.0,0,0,10,1,25,2
642152,"Trivino, Lou",2026,2026-06-30,823445,PHI,PIT,20,4,9,9,1,False,4,3.0,1.0,0.0,0.0,1.0,0.25,0.25,0.25,0.5,0.2225,,,,0,0,0,0,0,0
642152,"Trivino III, Lou",2026,2026-07-02,823442,PHI,PIT,33,7,8,8,1,False,7,3.0,2.0,1.0,2.0,2.0,0.5,0.5714285714285714,1.25,1.8214285714285714,0.6197142857142858,2026-06-30,2.0,1.0,20,1,20,1,20,1
642152,"Trivino III, Lou",2026,2026-07-06,824089,KC,PHI,29,7,7,7,1,False,7,3.0,1.0,0.0,2.0,1.0,0.25,0.5714285714285714,0.25,0.8214285714285714,0.4307142857142857,2026-07-02,4.0,3.0,0,0,53,2,53,2
647315,"Pop, Zach",2026,2026-03-26,823486,PHI,TEX,21,4,8,8,1,False,4,3.0,0.0,0.0,1.0,0.0,0.0,0.25,0.0,0.25,0.1745,,,,0,0,0,0,0,0
647315,"Pop, Zach",2026,2026-03-29,823487,PHI,TEX,25,6,7,7,1,False,6,3.0,1.0,0.0,1.0,1.0,0.3333333333333333,0.5,0.6666666666666666,1.1666666666666665,0.44816666666666666,2026-03-26,3.0,2.0,21,1,21,1,21,1
647315,"Pop, Zach",2026,2026-04-01,823483,PHI,WSH,12,3,8,8,1,False,3,2.0,0.0,0.0,0.0,1.0,0.0,0.0,0.0,0.0,0.0,2026-03-29,3.0,2.0,25,1,46,2,46,2
647315,"Pop, Zach",2026,2026-04-03,824377,COL,PHI,17,4,9,9,1,False,4,0.0,0.0,0.0,1.0,3.0,0.0,0.25,0.0,0.25,0.1745,2026-04-01,2.0,1.0,12,1,37,2,58,3
647315,"Pop, Zach",2026,2026-04-07,823235,SF,PHI,13,3,6,6,1,False,3,3.0,0.0,0.0,0.0,0.0,0.0,0.0,0.0,0.0,0.0,2026-04-03,4.0,3.0,0,0,29,2,75,4
647315,"Pop, Zach",2026,2026-04-08,823234,SF,PHI,5,2,8,8,1,False,2,2.0,1.0,0.0,0.0,0.0,0.5,0.5,0.5,1.0,0.445,2026-04-07,1.0,0.0,13,1,42,3,88,5
647315,"Pop, Zach",2026,2026-04-12,823479,PHI,AZ,37,9,1,2,2,True,9,8.0,3.0,0.0,0.0,1.0,0.3333333333333333,0.3333333333333333,0.5555555555555556,0.8888888888888888,0.37933333333333336,2026-04-08,4.0,3.0,0,0,18,2,72,5
650911,"Sánchez, Cristopher",2026,2026-03-26,823486,PHI,TEX,87,21,1,6,6,True,21,11.0,3.0,0.0,0.0,10.0,0.14285714285714285,0.14285714285714285,0.19047619047619047,0.3333333333333333,0.14485714285714285,,,,0,0,0,0,0,0
650911,"Sánchez, Cristopher",2026,2026-04-01,823483,PHI,WSH,97,24,1,6,6,True,24,13.0,4.0,0.0,4.0,7.0,0.2,0.3333333333333333,0.25,0.5833333333333333,0.2801666666666667,2026-03-26,6.0,5.0,0,0,87,1,87,1
650911,"Sánchez, Cristopher",2026,2026-04-07,823235,SF,PHI,92,24,1,6,6,True,24,18.0,11.0,0.0,0.0,6.0,0.4583333333333333,0.4583333333333333,0.625,1.0833333333333333,0.4699166666666667,2026-04-01,6.0,5.0,0,0,97,1,184,2
650911,"Sánchez, Cristopher",2026,2026-04-13,823481,PHI,CHC,96,26,1,6,6,True,26,15.0,6.0,1.0,3.0,8.0,0.2608695652173913,0.34615384615384615,0.391304347826087,0.7374581939799332,0.33061538461538464,2026-04-07,6.0,5.0,0,0,92,1,189,2
650911,"Sánchez, Cristopher",2026,2026-04-18,823474,PHI,ATL,93,28,1,6,6,True,28,19.0,8.0,0.0,1.0,8.0,0.2962962962962963,0.32142857142857145,0.37037037037037035,0.6917989417989419,0.3057857142857143,2026-04-13,5.0,4.0,0,0,96,1,188,2
650911,"Sánchez, Cristopher",2026,2026-04-23,824689,CHC,PHI,99,30,1,6,6,True,30,24.0,12.0,2.0,2.0,4.0,0.4444444444444444,0.4666666666666667,0.7037037037037037,1.1703703703703705,0.49239999999999995,2026-04-18,5.0,4.0,0,0,93,1,189,2
650911,"Sánchez, Cristopher",2026,2026-04-30,823472,PHI,SF,85,27,1,7,7,True,27,17.0,4.0,0.0,3.0,7.0,0.16666666666666666,0.25925925925925924,0.25,0.5092592592592593,0.23696296296296296,2026-04-23,7.0,6.0,0,0,99,1,192,2
650911,"Sánchez, Cristopher",2026,2026-05-05,823469,PHI,ATH,97,29,1,8,8,True,29,17.0,3.0,0.0,1.0,10.0,0.11538461538461539,0.1724137931034483,0.11538461538461539,0.2877984084880637,0.1412758620689655,2026-04-30,5.0,4.0,0,0,85,1,184,2
650911,"Sánchez, Cristopher",2026,2026-05-10,823463,PHI,COL,103,27,1,7,7,True,27,20.0,6.0,0.0,0.0,7.0,0.2222222222222222,0.2222222222222222,0.2222222222222222,0.4444444444444444,0.19777777777777777,2026-05-05,5.0,4.0,0,0,97,1,182,2
650911,"Sánchez, Cristopher",2026,2026-05-16,823382,PIT,PHI,108,32,1,9,9,True,32,19.0,6.0,0.0,0.0,13.0,0.1875,0.1875,0.25,0.4375,0.190125,2026-05-10,6.0,5.0,0,0,103,1,200,2
650911,"Sánchez, Cristopher",2026,2026-05-22,823461,PHI,CLE,96,28,1,8,8,True,28,20.0,4.0,0.0,2.0,6.0,0.15384615384615385,0.21428571428571427,0.15384615384615385,0.36813186813186816,0.177,2026-05-16,6.0,5.0,0,0,108,1,211,2
650911,"Sánchez, Cristopher",2026,2026-05-27,823295,SD,PHI,100,27,1,7,7,True,27,18.0,6.0,0.0,0.0,9.0,0.2222222222222222,0.2222222222222222,0.2962962962962963,0.5185185185185185,0.22533333333333333,2026-05-22,5.0,4.0,0,0,96,1,204,2
650911,"Sánchez, Cristopher",2026,2026-06-03,823456,PHI,SD,84,26,1,7,7,True,26,17.0,4.0,0.0,1.0,8.0,0.16,0.19230769230769232,0.2,0.39230769230769236,0.17807692307692308,2026-05-27,7.0,6.0,0,0,100,1,196,2
650911,"Sánchez, Cristopher",2026,2026-06-08,822806,TOR,PHI,107,26,1,7,7,True,26,15.0,4.0,1.0,1.0,10.0,0.16,0.19230769230769232,0.36,0.5523076923076923,0.23707692307692307,2026-06-03,5.0,4.0,0,0,84,1,184,2
650911,"Sánchez, Cristopher",2026,2026-06-14,823777,MIL,PHI,98,25,1,6,6,True,25,21.0,8.0,2.0,1.0,3.0,0.3333333333333333,0.36,0.6666666666666666,1.0266666666666666,0.43544,2026-06-08,6.0,5.0,0,0,107,1,191,2
650911,"Sánchez, Cristopher",2026,2026-06-20,823447,PHI,NYM,91,24,1,6,6,True,24,18.0,5.0,1.0,1.0,5.0,0.21739130434782608,0.25,0.34782608695652173,0.5978260869565217,0.2629166666666667,2026-06-14,6.0,5.0,0,0,98,1,205,2
650911,"Sánchez, Cristopher",2026,2026-06-25,822717,WSH,PHI,92,25,1,5,5,True,25,17.0,7.0,1.0,1.0,6.0,0.30434782608695654,0.36,0.43478260869565216,0.7947826086956522,0.35275999999999996,2026-06-20,5.0,4.0,0,0,91,1,189,2
650911,"Sánchez, Cristopher",2026,2026-06-30,823445,PHI,PIT,92,26,1,7,7,True,26,15.0,3.0,0.0,2.0,9.0,0.125,0.19230769230769232,0.16666666666666666,0.358974358974359,0.17069230769230773,2026-06-25,5.0,4.0,0,0,92,1,183,2
650911,"Sánchez, Cristopher",2026,2026-07-06,824089,KC,PHI,83,21,1,4,4,True,21,19.0,12.0,3.0,1.0,1.0,0.6,0.6190476190476191,1.15,1.769047619047619,0.7432380952380954,2026-06-30,6.0,5.0,0,0,92,1,184,2
650911,"Sánchez, Cristopher",2026,2026-07-11,824249,DET,PHI,103,29,1,8,8,True,29,21.0,10.0,1.0,1.0,7.0,0.35714285714285715,0.3793103448275862,0.4642857142857143,0.8435960591133005,0.37103448275862067,2026-07-06,5.0,4.0,0,0,83,1,175,2
650911,"Sánchez, Cristopher",2026,2026-07-20,823436,PHI,LAD,99,25,1,6,6,True,25,16.0,7.0,0.0,0.0,7.0,0.30434782608695654,0.36,0.30434782608695654,0.6643478260869565,0.30752,2026-07-11,9.0,8.0,0,0,0,0,186,2
650911,"Sánchez, Cristopher",2026,2026-07-26,823433,PHI,NYY,101,28,1,6,6,True,28,19.0,6.0,0.0,3.0,6.0,0.24,0.32142857142857145,0.32,0.6414285714285715,0.2920714285714286,2026-07-20,6.0,5.0,0,0,99,1,99,1
650911,"Sánchez, Cristopher",2026,2026-08-01,824808,BAL,PHI,99,25,1,6,6,True,25,9.0,2.0,0.0,5.0,11.0,0.1,0.28,0.1,0.38,0.2108,2026-07-26,6.0,5.0,0,0,101,1,200,2
650911,"Sánchez, Cristopher",2026,2026-08-06,823430,PHI,WSH,98,23,1,5,5,True,23,14.0,6.0,1.0,2.0,6.0,0.3,0.391304347826087,0.5,0.8913043478260869,0.39126086956521744,2026-08-01,5.0,4.0,0,0,99,1,200,2
650911,"Sánchez, Cristopher",2026,2026-08-11,823019,STL,PHI,89,20,1,6,6,True,20,13.0,4.0,0.0,0.0,7.0,0.2,0.2,0.2,0.4,0.178,2026-08-06,5.0,4.0,0,0,98,1,197,2
650911,"Sánchez, Cristopher",2026,2026-08-17,823427,PHI,MIA,90,27,1,6,6,True,27,18.0,8.0,0.0,3.0,6.0,0.3333333333333333,0.4074074074074074,0.375,0.7824074074074074,0.35503703703703704,2026-08-11,6.0,5.0,0,0,89,1,187,2
650911,"Sánchez, Cristopher",2026,2026-08-23,823421,PHI,STL,103,28,1,7,7,True,28,21.0,9.0,1.0,0.0,7.0,0.32142857142857145,0.32142857142857145,0.42857142857142855,0.75,0.32757142857142857,2026-08-17,6.0,5.0,0,0,90,1,179,2
650911,"Sánchez, Cristopher",2026,2026-08-29,823986,LAA,PHI,91,25,1,7,7,True,25,15.0,2.0,0.0,1.0,8.0,0.08695652173913043,0.12,0.08695652173913043,0.20695652173913043,0.09911999999999999,2026-08-23,6.0,5.0,0,0,103,1,193,2
650911,"Sánchez, Cristopher",2026,2026-09-04,823418,PHI,ATL,108,26,1,6,6,True,26,18.0,5.0,0.0,3.0,5.0,0.21739130434782608,0.3076923076923077,0.30434782608695654,0.6120401337792643,0.28030769230769226,2026-08-29,6.0,5.0,0,0,91,1,194,2
650911,"Sánchez, Cristopher",2026,2026-09-09,823416,PHI,HOU,81,26,1,6,6,True,26,23.0,10.0,2.0,0.0,3.0,0.4,0.38461538461538464,0.76,1.1446153846153846,0.4746153846153846,2026-09-04,5.0,4.0,0,0,108,1,199,2
660604,"Rangel, Alan",2026,2026-04-22,824688,CHC,PHI,44,12,6,8,3,False,12,7.0,3.0,0.0,0.0,5.0,0.25,0.25,0.3333333333333333,0.5833333333333333,0.2535,,,,0,0,0,0,0,0
660604,"Rangel, Alan",2026,2026-06-22,822720,WSH,PHI,72,21,2,6,5,False,21,16.0,5.0,1.0,0.0,4.0,0.25,0.2857142857142857,0.45,0.7357142857142858,0.31966666666666665,2026-04-22,61.0,60.0,0,0,0,0,0,0
660604,"Rangel, Alan",2026,2026-06-27,823609,NYM,PHI,70,18,2,6,5,False,18,12.0,4.0,0.0,2.0,4.0,0.25,0.3333333333333333,0.375,0.7083333333333333,0.3146111111111111,2026-06-22,5.0,4.0,0,0,72,1,72,1
660604,"Rangel, Alan",2026,2026-07-02,823442,PHI,PIT,90,18,1,4,4,True,18,10.0,3.0,0.0,4.0,4.0,0.21428571428571427,0.3888888888888889,0.2857142857142857,0.6746031746031746,0.32411111111111107,2026-06-27,5.0,4.0,0,0,70,1,142,2
660604,"Rangel, Alan",2026,2026-07-08,824496,CIN,PHI,69,16,1,4,4,True,16,8.0,3.0,2.0,3.0,5.0,0.23076923076923078,0.375,0.7692307692307693,1.1442307692307692,0.46625,2026-07-02,6.0,5.0,0,0,90,1,160,2
660604,"Rangel, Alan",2026,2026-07-19,823439,PHI,NYM,91,23,1,4,4,True,23,15.0,7.0,1.0,3.0,4.0,0.3888888888888889,0.4782608695652174,0.6111111111111112,1.0893719806763285,0.4603043478260869,2026-07-08,11.0,10.0,0,0,0,0,69,1
660604,"Rangel, Alan",2026,2026-08-10,823018,STL,PHI,55,15,6,8,3,False,15,11.0,6.0,0.0,1.0,3.0,0.42857142857142855,0.4666666666666667,0.6428571428571429,1.1095238095238096,0.4769333333333333,2026-07-19,22.0,21.0,0,0,0,0,0,0
661395,"Duran, Jhoan",2026,2026-03-26,823486,PHI,TEX,12,3,9,9,1,False,3,2.0,1.0,0.0,0.0,1.0,0.3333333333333333,0.3333333333333333,0.3333333333333333,0.6666666666666666,0.2966666666666667,,,,0,0,0,0,0,0
661395,"Duran, Jhoan",2026,2026-03-28,823488,PHI,TEX,22,5,10,10,1,False,5,3.0,2.0,0.0,0.0,2.0,0.4,0.4,0.4,0.8,0.356,2026-03-26,2.0,1.0,12,1,12,1,12,1
661395,"Duran, Jhoan",2026,2026-03-31,823485,PHI,WSH,20,4,9,9,1,False,4,2.0,1.0,0.0,0.0,2.0,0.25,0.25,0.25,0.5,0.2225,2026-03-28,3.0,2.0,22,1,34,2,34,2
661395,"Duran, Jhoan",2026,2026-04-01,823483,PHI,WSH,6,2,10,10,1,False,2,1.0,0.0,0.0,0.0,1.0,0.0,0.0,0.0,0.0,0.0,2026-03-31,1.0,0.0,20,1,54,3,54,3
661395,"Duran, Jhoan",2026,2026-04-04,824378,COL,PHI,8,3,9,9,1,False,3,2.0,0.0,0.0,0.0,1.0,0.0,0.0,0.0,0.0,0.0,2026-04-01,3.0,2.0,6,1,48,3,60,4
661395,"Duran, Jhoan",2026,2026-04-06,823237,SF,PHI,16,4,9,9,1,False,4,4.0,1.0,0.0,0.0,0.0,0.25,0.25,0.5,0.75,0.3155,2026-04-04,2.0,1.0,8,1,34,3,68,5
661395,"Duran, Jhoan",2026,2026-04-11,823480,PHI,AZ,12,3,9,9,1,False,3,2.0,0.0,0.0,0.0,1.0,0.0,0.0,0.0,0.0,0.0,2026-04-06,5.0,4.0,0,0,24,2,72,5
661395,"Duran, Jhoan",2026,2026-05-05,823469,PHI,ATH,27,7,9,9,1,False,7,2.0,1.0,0.0,3.0,2.0,0.25,0.5714285714285714,0.25,0.8214285714285714,0.42628571428571427,2026-04-11,24.0,23.0,0,0,0,0,0,0
661395,"Duran, Jhoan",2026,2026-05-08,823466,PHI,COL,16,4,8,8,1,False,4,2.0,1.0,0.0,0.0,2.0,0.25,0.25,0.25,0.5,0.2225,2026-05-05,3.0,2.0,27,1,27,1,27,1
661395,"Duran, Jhoan",2026,2026-05-10,823463,PHI,COL,15,3,9,9,1,False,3,1.0,0.0,0.0,0.0,2.0,0.0,0.0,0.0,0.0,0.0,2026-05-08,2.0,1.0,16,1,43,2,43,2
661395,"Duran, Jhoan",2026,2026-05-12,824764,BOS,PHI,21,5,9,9,1,False,5,2.0,1.0,0.0,1.0,2.0,0.25,0.4,0.25,0.65,0.3176,2026-05-10,2.0,1.0,15,1,58,3,58,3
661395,"Duran, Jhoan",2026,2026-05-14,824762,BOS,PHI,17,4,9,9,1,False,4,0.0,0.0,0.0,1.0,3.0,0.0,0.25,0.0,0.25,0.1745,2026-05-12,2.0,1.0,21,1,52,3,79,4
661395,"Duran, Jhoan",2026,2026-05-18,823465,PHI,CIN,18,3,9,9,1,False,3,1.0,0.0,0.0,0.0,2.0,0.0,0.0,0.0,0.0,0.0,2026-05-14,4.0,3.0,0,0,38,2,96,5
661395,"Duran, Jhoan",2026,2026-05-22,823461,PHI,CLE,14,4,9,9,1,False,4,3.0,2.0,1.0,0.0,1.0,0.5,0.5,1.25,1.75,0.7355,2026-05-18,4.0,3.0,0,0,18,1,87,5
661395,"Duran, Jhoan",2026,2026-05-23,823458,PHI,CLE,20,4,9,9,1,False,4,3.0,1.0,0.0,0.0,1.0,0.25,0.25,0.5,0.75,0.3155,2026-05-22,1.0,0.0,14,1,32,2,85,5
661395,"Duran, Jhoan",2026,2026-05-25,823296,SD,PHI,17,4,9,9,1,False,4,3.0,1.0,0.0,0.0,1.0,0.25,0.25,0.25,0.5,0.2225,2026-05-23,2.0,1.0,34,2,52,3,90,5
661395,"Duran, Jhoan",2026,2026-05-26,823294,SD,PHI,14,3,9,9,1,False,3,1.0,0.0,0.0,0.0,2.0,0.0,0.0,0.0,0.0,0.0,2026-05-25,1.0,0.0,37,2,51,3,107,6
661395,"Duran, Jhoan",2026,2026-05-30,823945,LAD,PHI,8,3,9,9,1,False,3,3.0,0.0,0.0,0.0,0.0,0.0,0.0,0.0,0.0,0.0,2026-05-26,4.0,3.0,0,0,51,3,83,5
661395,"Duran, Jhoan",2026,2026-06-02,823460,PHI,SD,14,3,9,9,1,False,3,0.0,0.0,0.0,0.0,3.0,0.0,0.0,0.0,0.0,0.0,2026-05-30,3.0,2.0,8,1,22,2,73,5
661395,"Duran, Jhoan",2026,2026-06-03,823456,PHI,SD,16,3,9,9,1,False,3,1.0,0.0,0.0,0.0,2.0,0.0,0.0,0.0,0.0,0.0,2026-06-02,1.0,0.0,14,1,22,2,87,6
661395,"Duran, Jhoan",2026,2026-06-05,823455,PHI,CWS,16,3,9,9,1,False,3,1.0,0.0,0.0,0.0,2.0,0.0,0.0,0.0,0.0,0.0,2026-06-03,2.0,1.0,30,2,38,3,103,7
661395,"Duran, Jhoan",2026,2026-06-08,822806,TOR,PHI,9,4,9,9,1,False,4,4.0,1.0,0.0,0.0,0.0,0.25,0.25,0.5,0.75,0.3155,2026-06-05,3.0,2.0,16,1,46,3,85,6
661395,"Duran, Jhoan",2026,2026-06-09,822805,TOR,PHI,8,3,9,9,1,False,3,3.0,3.0,0.0,0.0,0.0,1.0,1.0,1.0,2.0,0.89,2026-06-08,1.0,0.0,9,1,55,4,77,6
661395,"Duran, Jhoan",2026,2026-06-10,822804,TOR,PHI,10,4,9,9,1,False,4,3.0,2.0,0.0,0.0,1.0,0.5,0.5,0.5,1.0,0.445,2026-06-09,1.0,0.0,17,2,49,4,71,6
661395,"Duran, Jhoan",2026,2026-06-13,823776,MIL,PHI,11,3,9,9,1,False,3,2.0,0.0,0.0,0.0,1.0,0.0,0.0,0.0,0.0,0.0,2026-06-10,3.0,2.0,10,1,27,3,81,7
661395,"Duran, Jhoan",2026,2026-06-20,823447,PHI,NYM,17,4,9,9,1,False,4,2.0,1.0,0.0,0.0,2.0,0.25,0.25,0.25,0.5,0.2225,2026-06-13,7.0,6.0,0,0,11,1,38,4
661395,"Duran, Jhoan",2026,2026-06-21,823449,PHI,NYM,15,4,9,9,1,False,4,1.0,1.0,0.0,0.0,3.0,0.25,0.25,0.25,0.5,0.2225,2026-06-20,1.0,0.0,17,1,17,1,55,5
661395,"Duran, Jhoan",2026,2026-06-24,822719,WSH,PHI,16,3,9,9,1,False,3,0.0,0.0,0.0,0.0,3.0,0.0,0.0,0.0,0.0,0.0,2026-06-21,3.0,2.0,15,1,32,2,53,4
661395,"Duran, Jhoan",2026,2026-06-26,823610,NYM,PHI,17,4,9,9,1,False,4,3.0,1.0,0.0,0.0,1.0,0.25,0.25,0.25,0.5,0.2225,2026-06-24,2.0,1.0,16,1,48,3,59,4
661395,"Duran, Jhoan",2026,2026-06-28,823608,NYM,PHI,20,4,9,9,1,False,4,3.0,0.0,0.0,1.0,0.0,0.0,0.25,0.0,0.25,0.1745,2026-06-26,2.0,1.0,17,1,48,3,65,4
661395,"Duran, Jhoan",2026,2026-07-01,823446,PHI,PIT,14,4,9,9,1,False,4,3.0,1.0,0.0,0.0,1.0,0.25,0.25,0.25,0.5,0.2225,2026-06-28,3.0,2.0,20,1,53,3,85,5
661395,"Duran, Jhoan",2026,2026-07-07,824495,CIN,PHI,20,4,9,9,1,False,4,1.0,1.0,0.0,0.0,3.0,0.25,0.25,0.25,0.5,0.2225,2026-07-01,6.0,5.0,0,0,14,1,67,4
661395,"Duran, Jhoan",2026,2026-07-09,824494,CIN,PHI,21,5,9,9,1,False,5,2.0,1.0,0.0,0.0,2.0,0.25,0.4,0.25,0.65,0.3238,2026-07-07,2.0,1.0,20,1,20,1,71,4
661395,"Duran, Jhoan",2026,2026-07-11,824249,DET,PHI,8,3,9,9,1,False,3,3.0,0.0,0.0,0.0,0.0,0.0,0.0,0.0,0.0,0.0,2026-07-09,2.0,1.0,21,1,41,2,75,4
661395,"Duran, Jhoan",2026,2026-07-19,823439,PHI,NYM,22,4,9,9,1,False,4,4.0,1.0,0.0,0.0,0.0,0.25,0.25,0.25,0.5,0.2225,2026-07-11,8.0,7.0,0,0,0,0,49,3
661395,"Duran, Jhoan",2026,2026-07-20,823436,PHI,LAD,3,1,9,9,1,False,1,1.0,0.0,0.0,0.0,0.0,0.0,0.0,0.0,0.0,0.0,2026-07-19,1.0,0.0,22,1,22,1,71,4
661395,"Duran, Jhoan",2026,2026-07-25,823435,PHI,NYY,19,3,9,9,1,False,3,0.0,0.0,0.0,0.0,3.0,0.0,0.0,0.0,0.0,0.0,2026-07-20,5.0,4.0,0,0,25,2,33,3
661395,"Duran, Jhoan",2026,2026-07-27,823839,MIA,PHI,20,7,9,9,1,False,7,6.0,5.0,0.0,0.0,0.0,0.8333333333333334,0.8571428571428571,0.8333333333333334,1.6904761904761905,0.7398571428571429,2026-07-25,2.0,1.0,19,1,22,2,44,3
661395,"Duran, Jhoan",2026,2026-08-01,824808,BAL,PHI,13,3,9,9,1,False,3,3.0,0.0,0.0,0.0,0.0,0.0,0.0,0.0,0.0,0.0,2026-07-27,5.0,4.0,0,0,39,2,64,4
661395,"Duran, Jhoan",2026,2026-08-03,823431,PHI,WSH,15,4,9,9,1,False,4,1.0,0.0,0.0,0.0,2.0,0.0,0.25,0.0,0.25,0.18225,2026-08-01,2.0,1.0,13,1,33,2,55,4
661395,"Duran, Jhoan",2026,2026-08-05,823429,PHI,WSH,16,5,9,9,1,False,5,4.0,2.0,0.0,0.0,1.0,0.4,0.4,0.4,0.8,0.356,2026-08-03,2.0,1.0,15,1,28,2,67,4
661395,"Duran, Jhoan",2026,2026-08-06,823430,PHI,WSH,13,3,9,9,1,False,3,2.0,0.0,0.0,0.0,1.0,0.0,0.0,0.0,0.0,0.0,2026-08-05,1.0,0.0,31,2,44,3,83,5
661395,"Duran, Jhoan",2026,2026-08-08,823426,PHI,TOR,17,4,9,9,1,False,4,3.0,1.0,0.0,0.0,1.0,0.25,0.25,0.25,0.5,0.2225,2026-08-06,2.0,1.0,29,2,57,4,96,6
661395,"Duran, Jhoan",2026,2026-08-09,823425,PHI,TOR,11,4,9,9,1,False,4,2.0,1.0,0.0,1.0,1.0,0.3333333333333333,0.5,0.3333333333333333,0.8333333333333333,0.397,2026-08-08,1.0,0.0,30,2,61,4,94,6
661395,"Duran, Jhoan",2026,2026-08-13,823669,MIN,PHI,9,3,9,9,1,False,3,3.0,1.0,0.0,0.0,0.0,0.3333333333333333,0.3333333333333333,0.3333333333333333,0.6666666666666666,0.2966666666666667,2026-08-09,4.0,3.0,0,0,41,3,85,6
661395,"Duran, Jhoan",2026,2026-08-16,823670,MIN,PHI,33,5,9,9,1,False,5,1.0,1.0,0.0,1.0,3.0,0.25,0.4,0.25,0.65,0.3176,2026-08-13,3.0,2.0,9,1,20,2,81,6
661395,"Duran, Jhoan",2026,2026-08-17,823427,PHI,MIA,10,5,9,9,1,False,5,5.0,2.0,0.0,0.0,0.0,0.4,0.4,0.4,0.8,0.356,2026-08-16,1.0,0.0,33,1,42,2,114,7
661395,"Duran, Jhoan",2026,2026-08-19,823424,PHI,MIA,18,4,9,9,1,False,4,3.0,1.0,0.0,0.0,1.0,0.25,0.25,0.25,0.5,0.2225,2026-08-17,2.0,1.0,43,2,52,3,109,7
661395,"Duran, Jhoan",2026,2026-08-21,823420,PHI,STL,13,4,9,9,1,False,4,2.0,1.0,0.0,0.0,2.0,0.25,0.25,0.25,0.5,0.2225,2026-08-19,2.0,1.0,18,1,61,3,98,6
661395,"Duran, Jhoan",2026,2026-08-26,823096,SEA,PHI,18,4,9,9,1,False,4,2.0,1.0,0.0,0.0,2.0,0.25,0.25,0.25,0.5,0.2225,2026-08-21,5.0,4.0,0,0,31,2,83,5
661395,"Duran, Jhoan",2026,2026-08-29,823986,LAA,PHI,28,9,9,10,2,False,9,7.0,1.0,0.0,0.0,0.0,0.14285714285714285,0.2222222222222222,0.14285714285714285,0.36507936507936506,0.17988888888888888,2026-08-26,3.0,2.0,18,1,18,1,92,5
661395,"Duran, Jhoan",2026,2026-08-31,825040,AZ,PHI,18,5,9,9,1,False,5,3.0,2.0,0.0,0.0,2.0,0.4,0.4,0.4,0.8,0.356,2026-08-29,2.0,1.0,28,1,46,2,87,5
661395,"Duran, Jhoan",2026,2026-09-05,823419,PHI,ATL,11,3,9,9,1,False,3,2.0,0.0,0.0,0.0,1.0,0.0,0.0,0.0,0.0,0.0,2026-08-31,5.0,4.0,0,0,46,2,64,3
661395,"Duran, Jhoan",2026,2026-09-06,823417,PHI,ATL,13,5,9,9,1,False,5,3.0,2.0,0.0,0.0,2.0,0.4,0.4,1.0,1.4,0.5718,2026-09-05,1.0,0.0,11,1,29,2,75,4
661395,"Duran, Jhoan",2026,2026-09-09,823416,PHI,HOU,14,3,9,9,1,False,3,1.0,0.0,0.0,0.0,2.0,0.0,0.0,0.0,0.0,0.0,2026-09-06,3.0,2.0,13,1,24,2,88,5
661395,"Duran, Jhoan",2026,2026-09-10,823413,PHI,HOU,17,4,9,9,1,False,4,3.0,1.0,1.0,0.0,1.0,0.25,0.25,1.0,1.25,0.513,2026-09-09,1.0,0.0,14,1,38,3,84,5
662144,"Keller, Brian",2026,2026-07-25,823435,PHI,NYY,39,11,3,5,3,False,11,8.0,2.0,1.0,0.0,3.0,0.18181818181818182,0.18181818181818182,0.45454545454545453,0.6363636363636364,0.26745454545454544,,,,0,0,0,0,0,0
663767,"Shugart, Chase",2026,2026-04-14,823478,PHI,CHC,32,8,7,8,2,False,8,4.0,2.0,0.0,1.0,3.0,0.2857142857142857,0.375,0.2857142857142857,0.6607142857142857,0.30974999999999997,,,,0,0,0,0,0,0
663767,"Shugart, Chase",2026,2026-04-17,823476,PHI,ATL,11,4,9,9,1,False,4,4.0,1.0,1.0,0.0,0.0,0.25,0.25,1.0,1.25,0.513,2026-04-14,3.0,2.0,32,1,32,1,32,1
663767,"Shugart, Chase",2026,2026-04-19,823475,PHI,ATL,20,4,6,6,1,False,4,2.0,1.0,0.0,1.0,1.0,0.3333333333333333,0.5,0.3333333333333333,0.8333333333333333,0.397,2026-04-17,2.0,1.0,11,1,43,2,43,2
663767,"Shugart, Chase",2026,2026-04-20,824692,CHC,PHI,28,7,6,7,2,False,7,5.0,1.0,0.0,0.0,2.0,0.14285714285714285,0.14285714285714285,0.14285714285714285,0.2857142857142857,0.12714285714285714,2026-04-19,1.0,0.0,31,2,63,3,63,3
663767,"Shugart, Chase",2026,2026-04-23,824689,CHC,PHI,7,4,6,6,1,False,4,3.0,1.0,0.0,0.0,0.0,0.3333333333333333,0.5,0.3333333333333333,0.8333333333333333,0.40475,2026-04-20,3.0,2.0,28,1,59,3,91,4
663767,"Shugart, Chase",2026,2026-04-24,824932,ATL,PHI,6,2,7,7,1,False,2,1.0,0.0,0.0,0.0,0.0,0.0,0.5,0.0,0.5,0.3645,2026-04-23,1.0,0.0,7,1,66,4,98,5
663767,"Shugart, Chase",2026,2026-04-26,824934,ATL,PHI,7,3,5,6,2,False,3,2.0,1.0,0.0,0.0,1.0,0.3333333333333333,0.3333333333333333,0.3333333333333333,0.6666666666666666,0.2966666666666667,2026-04-24,2.0,1.0,13,2,61,4,104,6
663767,"Shugart, Chase",2026,2026-04-30,823471,PHI,SF,16,4,10,10,1,False,4,3.0,1.0,0.0,0.0,1.0,0.25,0.25,0.25,0.5,0.2225,2026-04-26,4.0,3.0,0,0,20,3,79,6
663767,"Shugart, Chase",2026,2026-04-30,823472,PHI,SF,4,1,9,9,1,False,1,0.0,0.0,0.0,0.0,1.0,0.0,0.0,0.0,0.0,0.0,2026-04-30,0.0,-1.0,0,0,20,3,79,6
663767,"Shugart, Chase",2026,2026-05-03,823875,MIA,PHI,15,5,7,8,2,False,5,5.0,1.0,0.0,0.0,0.0,0.2,0.2,0.2,0.4,0.178,2026-04-30,3.0,2.0,20,2,27,3,88,7
663767,"Shugart, Chase",2026,2026-05-07,823467,PHI,ATH,44,9,6,7,2,False,9,6.0,2.0,1.0,1.0,2.0,0.25,0.3333333333333333,0.75,1.0833333333333333,0.44577777777777783,2026-05-03,4.0,3.0,0,0,35,3,55,6
663767,"Shugart, Chase",2026,2026-05-09,823468,PHI,COL,18,4,8,8,1,False,4,0.0,0.0,0.0,0.0,3.0,0.0,0.25,0.0,0.25,0.18225,2026-05-07,2.0,1.0,44,1,59,2,86,5
663767,"Shugart, Chase",2026,2026-05-15,823384,PIT,PHI,35,7,7,8,2,False,7,6.0,1.0,0.0,0.0,1.0,0.14285714285714285,0.14285714285714285,0.14285714285714285,0.2857142857142857,0.12714285714285714,2026-05-09,6.0,5.0,0,0,18,1,77,3
663767,"Shugart, Chase",2026,2026-05-19,823464,PHI,CIN,26,6,8,9,2,False,6,2.0,0.0,0.0,1.0,3.0,0.0,0.16666666666666666,0.0,0.16666666666666666,0.11633333333333333,2026-05-15,4.0,3.0,0,0,35,1,97,3
663767,"Shugart, Chase",2026,2026-05-31,823944,LAD,PHI,28,7,6,7,2,False,7,5.0,2.0,1.0,0.0,2.0,0.3333333333333333,0.2857142857142857,1.1666666666666667,1.4523809523809526,0.5212857142857142,2026-05-19,12.0,11.0,0,0,0,0,26,1
663767,"Shugart, Chase",2026,2026-06-06,823454,PHI,CWS,15,4,9,9,1,False,4,0.0,0.0,0.0,1.0,3.0,0.0,0.25,0.0,0.25,0.1745,2026-05-31,6.0,5.0,0,0,28,1,28,1
663767,"Shugart, Chase",2026,2026-06-10,822804,TOR,PHI,21,5,7,7,1,False,5,2.0,1.0,0.0,3.0,0.0,1.0,0.8,1.0,1.8,0.5968,2026-06-06,4.0,3.0,0,0,15,1,43,2
663767,"Shugart, Chase",2026,2026-06-12,823778,MIL,PHI,12,4,7,7,1,False,4,3.0,1.0,0.0,0.0,1.0,0.25,0.25,0.25,0.5,0.2225,2026-06-10,2.0,1.0,21,1,36,2,64,3
663767,"Shugart, Chase",2026,2026-06-14,823777,MIL,PHI,20,5,6,7,2,False,5,4.0,1.0,0.0,0.0,1.0,0.2,0.2,0.2,0.4,0.178,2026-06-12,2.0,1.0,12,1,33,2,76,4
663767,"Shugart, Chase",2026,2026-06-15,823452,PHI,MIA,12,4,9,9,1,False,4,3.0,1.0,0.0,0.0,1.0,0.25,0.25,0.25,0.5,0.2225,2026-06-14,1.0,0.0,32,2,53,3,68,4
663767,"Shugart, Chase",2026,2026-06-17,823450,PHI,MIA,10,4,9,9,1,False,4,4.0,2.0,1.0,0.0,0.0,0.5,0.5,1.25,1.75,0.7355,2026-06-15,2.0,1.0,32,2,65,4,80,5
663767,"Shugart, Chase",2026,2026-06-22,822720,WSH,PHI,28,6,8,8,1,False,6,3.0,2.0,0.0,0.0,2.0,0.4,0.3333333333333333,0.6,0.9333333333333333,0.3586666666666667,2026-06-17,5.0,4.0,0,0,22,2,75,5
663767,"Shugart, Chase",2026,2026-06-23,822718,WSH,PHI,12,4,9,9,1,False,4,3.0,1.0,1.0,0.0,1.0,0.25,0.25,1.0,1.25,0.513,2026-06-22,1.0,0.0,28,1,38,2,103,6
663767,"Shugart, Chase",2026,2026-06-25,822717,WSH,PHI,18,3,6,6,1,False,3,1.0,0.0,0.0,0.0,2.0,0.0,0.0,0.0,0.0,0.0,2026-06-23,2.0,1.0,40,2,40,2,94,6
663767,"Shugart, Chase",2026,2026-06-28,823608,NYM,PHI,20,5,6,6,1,False,5,3.0,3.0,1.0,1.0,1.0,0.75,0.8,1.75,2.55,0.9804,2026-06-25,3.0,2.0,18,1,58,3,100,6
663767,"Shugart, Chase",2026,2026-06-29,823444,PHI,PIT,24,6,9,9,1,False,6,3.0,2.0,1.0,1.0,2.0,0.4,0.5,1.0,1.5,0.6066666666666667,2026-06-28,1.0,0.0,20,1,78,4,100,6
663767,"Shugart, Chase",2026,2026-07-18,823441,PHI,NYM,29,6,8,9,2,False,6,4.0,0.0,0.0,0.0,2.0,0.0,0.0,0.0,0.0,0.0,2026-06-29,19.0,18.0,0,0,0,0,0,0
663767,"Shugart, Chase",2026,2026-07-20,823436,PHI,LAD,18,5,9,9,1,False,5,3.0,2.0,1.0,1.0,1.0,0.5,0.6,1.25,1.85,0.728,2026-07-18,2.0,1.0,29,1,29,1,29,1
663767,"Shugart, Chase",2026,2026-07-26,823433,PHI,NYY,39,8,8,9,2,False,8,2.0,1.0,0.0,1.0,5.0,0.14285714285714285,0.25,0.2857142857142857,0.5357142857142857,0.245,2026-07-20,6.0,5.0,0,0,18,1,47,2
663767,"Shugart, Chase",2026,2026-07-31,824809,BAL,PHI,12,3,8,8,1,False,3,1.0,0.0,0.0,1.0,1.0,0.0,0.3333333333333333,0.0,0.3333333333333333,0.23266666666666666,2026-07-26,5.0,4.0,0,0,39,1,86,3
663767,"Shugart, Chase",2026,2026-08-05,823429,PHI,WSH,18,4,11,11,1,False,4,3.0,1.0,0.0,1.0,0.0,0.3333333333333333,0.5,0.6666666666666666,1.1666666666666665,0.49,2026-07-31,5.0,4.0,0,0,12,1,51,2
663767,"Shugart, Chase",2026,2026-08-07,823428,PHI,TOR,19,4,9,9,1,False,4,3.0,1.0,0.0,0.0,1.0,0.25,0.25,0.25,0.5,0.2225,2026-08-05,2.0,1.0,18,1,30,2,69,3
663767,"Shugart, Chase",2026,2026-08-08,823426,PHI,TOR,39,9,10,11,2,False,9,7.0,2.0,1.0,1.0,1.0,0.2857142857142857,0.3333333333333333,0.7142857142857143,1.0476190476190477,0.40444444444444444,2026-08-07,1.0,0.0,37,2,37,2,88,4
663767,"Shugart, Chase",2026,2026-08-12,823017,STL,PHI,20,7,7,8,2,False,7,4.0,1.0,0.0,0.0,2.0,0.2,0.2857142857142857,0.2,0.4857142857142857,0.2312857142857143,2026-08-08,4.0,3.0,0,0,76,3,88,4
663767,"Shugart, Chase",2026,2026-08-15,823671,MIN,PHI,18,5,9,9,1,False,5,2.0,1.0,0.0,1.0,2.0,0.25,0.4,0.25,0.65,0.3176,2026-08-12,3.0,2.0,20,1,59,2,96,4
663767,"Shugart, Chase",2026,2026-08-22,823422,PHI,STL,13,4,9,9,1,False,4,4.0,1.0,0.0,0.0,0.0,0.25,0.25,0.75,1.0,0.39925,2026-08-15,7.0,6.0,0,0,18,1,77,3
663767,"Shugart, Chase",2026,2026-08-24,823097,SEA,PHI,32,8,7,8,2,False,8,3.0,1.0,1.0,1.0,4.0,0.14285714285714285,0.25,0.5714285714285714,0.8214285714285714,0.34375,2026-08-22,2.0,1.0,13,1,13,1,51,3
663767,"Shugart, Chase",2026,2026-09-01,825038,AZ,PHI,12,3,9,9,1,False,3,3.0,0.0,0.0,0.0,0.0,0.0,0.0,0.0,0.0,0.0,2026-08-24,8.0,7.0,0,0,0,0,45,2
663767,"Shugart, Chase",2026,2026-09-08,823414,PHI,HOU,11,3,8,8,1,False,3,2.0,0.0,0.0,0.0,1.0,0.0,0.0,0.0,0.0,0.0,2026-09-01,7.0,6.0,0,0,12,1,12,1
663767,"Shugart, Chase",2026,2026-09-11,824873,ATL,PHI,9,4,10,11,2,False,4,4.0,0.0,0.0,0.0,0.0,0.0,0.0,0.0,0.0,0.0,2026-09-08,3.0,2.0,11,1,11,1,23,2
664238,"Moore, Dylan",2026,2026-03-30,823484,PHI,WSH,8,3,9,9,1,False,3,3.0,1.0,0.0,0.0,0.0,0.3333333333333333,0.3333333333333333,0.3333333333333333,0.6666666666666666,0.2966666666666667,,,,0,0,0,0,0,0
664238,"Moore, Dylan",2026,2026-04-15,823477,PHI,CHC,13,5,9,9,1,False,5,3.0,0.0,0.0,1.0,0.0,0.0,0.4,0.0,0.4,0.2854,2026-03-30,16.0,15.0,0,0,0,0,0,0
666200,"Luzardo, Jesús",2026,2026-03-29,823487,PHI,TEX,99,25,1,6,6,True,25,17.0,6.0,2.0,1.0,7.0,0.25,0.28,0.5416666666666666,0.8216666666666667,0.34936,,,,0,0,0,0,0,0
666200,"Luzardo, Jesús",2026,2026-04-04,824378,COL,PHI,99,25,1,7,7,True,25,13.0,5.0,0.0,0.0,11.0,0.2,0.2,0.2,0.4,0.17800000000000002,2026-03-29,6.0,5.0,0,0,99,1,99,1
666200,"Luzardo, Jesús",2026,2026-04-10,823482,PHI,AZ,86,22,1,5,5,True,22,11.0,5.0,0.0,3.0,8.0,0.2631578947368421,0.36363636363636365,0.3157894736842105,0.6794258373205742,0.3143636363636364,2026-04-04,6.0,5.0,0,0,99,1,198,2
666200,"Luzardo, Jesús",2026,2026-04-15,823477,PHI,CHC,98,27,1,6,6,True,27,22.0,12.0,1.0,1.0,4.0,0.46153846153846156,0.48148148148148145,0.6923076923076923,1.1737891737891737,0.5057777777777778,2026-04-10,5.0,4.0,0,0,86,1,185,2
666200,"Luzardo, Jesús",2026,2026-04-21,824690,CHC,PHI,100,24,1,5,5,True,24,16.0,5.0,0.0,4.0,3.0,0.2631578947368421,0.4166666666666667,0.2631578947368421,0.6798245614035088,0.332125,2026-04-15,6.0,5.0,0,0,98,1,184,2
666200,"Luzardo, Jesús",2026,2026-04-28,823473,PHI,SF,88,23,1,7,7,True,23,15.0,2.0,0.0,0.0,8.0,0.08695652173913043,0.08695652173913043,0.17391304347826086,0.2608695652173913,0.1097391304347826,2026-04-21,7.0,6.0,0,0,100,1,198,2
666200,"Luzardo, Jesús",2026,2026-05-03,823875,MIA,PHI,102,27,1,7,7,True,27,16.0,8.0,1.0,0.0,10.0,0.3076923076923077,0.3333333333333333,0.46153846153846156,0.7948717948717949,0.3475185185185185,2026-04-28,5.0,4.0,0,0,88,1,188,2
666200,"Luzardo, Jesús",2026,2026-05-08,823466,PHI,COL,95,18,1,4,4,True,18,9.0,6.0,1.0,3.0,6.0,0.4,0.5,0.6666666666666666,1.1666666666666665,0.49822222222222223,2026-05-03,5.0,4.0,0,0,102,1,190,2
666200,"Luzardo, Jesús",2026,2026-05-14,824762,BOS,PHI,92,23,1,6,6,True,23,17.0,4.0,0.0,1.0,4.0,0.2,0.2608695652173913,0.35,0.6108695652173912,0.2653478260869565,2026-05-08,6.0,5.0,0,0,95,1,197,2
666200,"Luzardo, Jesús",2026,2026-05-19,823464,PHI,CIN,95,23,1,6,6,True,23,16.0,5.0,0.0,2.0,5.0,0.2631578947368421,0.30434782608695654,0.3684210526315789,0.6727688787185355,0.28491304347826085,2026-05-14,5.0,4.0,0,0,92,1,187,2
666200,"Luzardo, Jesús",2026,2026-05-25,823296,SD,PHI,104,24,1,6,6,True,24,15.0,4.0,0.0,2.0,6.0,0.19047619047619047,0.2916666666666667,0.19047619047619047,0.48214285714285715,0.23687500000000003,2026-05-19,6.0,5.0,0,0,95,1,187,2
666200,"Luzardo, Jesús",2026,2026-05-30,823945,LAD,PHI,95,25,1,6,6,True,25,17.0,7.0,0.0,2.0,6.0,0.3181818181818182,0.36,0.4090909090909091,0.769090909090909,0.33480000000000004,2026-05-25,5.0,4.0,0,0,104,1,199,2
666200,"Luzardo, Jesús",2026,2026-06-05,823455,PHI,CWS,90,27,1,6,6,True,27,22.0,7.0,3.0,2.0,2.0,0.2916666666666667,0.37037037037037035,0.7083333333333334,1.0787037037037037,0.45233333333333337,2026-05-30,6.0,5.0,0,0,95,1,199,2
666200,"Luzardo, Jesús",2026,2026-06-10,822804,TOR,PHI,96,25,1,6,6,True,25,12.0,4.0,0.0,4.0,8.0,0.19047619047619047,0.32,0.19047619047619047,0.5104761904761905,0.25408000000000003,2026-06-05,5.0,4.0,0,0,90,1,185,2
666200,"Luzardo, Jesús",2026,2026-06-16,823451,PHI,MIA,106,28,1,7,7,True,28,17.0,5.0,1.0,2.0,9.0,0.19230769230769232,0.25,0.38461538461538464,0.6346153846153846,0.27685714285714286,2026-06-10,6.0,5.0,0,0,96,1,186,2
666200,"Luzardo, Jesús",2026,2026-06-23,822718,WSH,PHI,104,28,1,7,7,True,28,12.0,6.0,0.0,3.0,13.0,0.24,0.32142857142857145,0.24,0.5614285714285714,0.26549999999999996,2026-06-16,7.0,6.0,0,0,106,1,202,2
666200,"Luzardo, Jesús",2026,2026-06-28,823608,NYM,PHI,96,22,1,5,5,True,22,13.0,4.0,0.0,3.0,6.0,0.21052631578947367,0.3181818181818182,0.21052631578947367,0.5287081339712918,0.257,2026-06-23,5.0,4.0,0,0,104,1,210,2
666200,"Luzardo, Jesús",2026,2026-07-04,824092,KC,PHI,95,23,1,6,6,True,23,13.0,4.0,0.0,0.0,9.0,0.18181818181818182,0.21739130434782608,0.22727272727272727,0.44466403162055335,0.20265217391304347,2026-06-28,6.0,5.0,0,0,96,1,200,2
666200,"Luzardo, Jesús",2026,2026-07-09,824494,CIN,PHI,96,26,1,7,7,True,26,12.0,2.0,0.0,2.0,11.0,0.08695652173913043,0.19230769230769232,0.08695652173913043,0.2792642140468228,0.1501923076923077,2026-07-04,5.0,4.0,0,0,95,1,191,2
666200,"Luzardo, Jesús",2026,2026-07-18,823441,PHI,NYM,90,20,1,5,5,True,20,11.0,2.0,1.0,2.0,7.0,0.1111111111111111,0.2,0.2777777777777778,0.4777777777777778,0.2169,2026-07-09,9.0,8.0,0,0,0,0,191,2
666200,"Luzardo, Jesús",2026,2026-07-24,823434,PHI,NYY,105,27,1,7,7,True,27,15.0,4.0,1.0,1.0,9.0,0.16,0.2222222222222222,0.28,0.5022222222222222,0.22774074074074072,2026-07-18,6.0,5.0,0,0,90,1,90,1
666200,"Luzardo, Jesús",2026,2026-07-29,823837,MIA,PHI,100,28,1,7,7,True,28,19.0,6.0,1.0,3.0,5.0,0.2608695652173913,0.35714285714285715,0.4782608695652174,0.8354037267080745,0.35960714285714285,2026-07-24,5.0,4.0,0,0,105,1,195,2
666200,"Luzardo, Jesús",2026,2026-08-04,823432,PHI,WSH,98,29,1,8,8,True,29,20.0,4.0,0.0,2.0,7.0,0.14814814814814814,0.20689655172413793,0.2222222222222222,0.4291187739463601,0.19655172413793104,2026-07-29,6.0,5.0,0,0,100,1,205,2
666200,"Luzardo, Jesús",2026,2026-08-09,823425,PHI,TOR,100,27,1,7,7,True,27,14.0,4.0,0.0,1.0,12.0,0.16,0.18518518518518517,0.2,0.3851851851851852,0.17148148148148148,2026-08-04,5.0,4.0,0,0,98,1,198,2
666200,"Luzardo, Jesús",2026,2026-08-15,823671,MIN,PHI,109,28,1,7,7,True,28,17.0,7.0,0.0,2.0,9.0,0.2692307692307692,0.32142857142857145,0.46153846153846156,0.7829670329670331,0.3387857142857143,2026-08-09,6.0,5.0,0,0,100,1,198,2
666200,"Luzardo, Jesús",2026,2026-08-21,823420,PHI,STL,110,24,1,6,6,True,24,14.0,6.0,2.0,1.0,9.0,0.2727272727272727,0.2916666666666667,0.5909090909090909,0.8825757575757576,0.36391666666666667,2026-08-15,6.0,5.0,0,0,109,1,209,2
666200,"Luzardo, Jesús",2026,2026-08-26,823096,SEA,PHI,104,25,1,7,7,True,25,13.0,1.0,0.0,3.0,9.0,0.045454545454545456,0.16,0.045454545454545456,0.20545454545454545,0.11936,2026-08-21,5.0,4.0,0,0,110,1,219,2
666200,"Luzardo, Jesús",2026,2026-09-01,825038,AZ,PHI,99,27,1,7,7,True,27,19.0,6.0,1.0,1.0,6.0,0.24,0.2962962962962963,0.36,0.6562962962962963,0.2936666666666667,2026-08-26,6.0,5.0,0,0,104,1,214,2
666200,"Luzardo, Jesús",2026,2026-09-07,823415,PHI,ATL,109,30,1,9,9,True,30,16.0,2.0,0.0,1.0,12.0,0.07142857142857142,0.13333333333333333,0.07142857142857142,0.20476190476190476,0.1069,2026-09-01,6.0,5.0,0,0,99,1,203,2
668873,"Kilian, Caleb",2026,2026-08-04,823432,PHI,WSH,18,4,9,9,1,False,4,2.0,1.0,0.0,0.0,2.0,0.25,0.25,0.25,0.5,0.2225,,,,0,0,0,0,0,0
668873,"Kilian, Caleb",2026,2026-08-05,823429,PHI,WSH,19,5,11,11,1,False,5,2.0,1.0,0.0,2.0,1.0,0.5,0.6,1.5,2.1,0.5986,2026-08-04,1.0,0.0,18,1,18,1,18,1
668873,"Kilian, Caleb",2026,2026-08-07,823428,PHI,TOR,8,4,8,8,1,False,4,4.0,1.0,1.0,0.0,0.0,0.25,0.25,1.0,1.25,0.513,2026-08-05,2.0,1.0,37,2,37,2,37,2
668873,"Kilian, Caleb",2026,2026-08-09,823425,PHI,TOR,13,3,12,12,1,False,3,3.0,1.0,0.0,0.0,0.0,0.3333333333333333,0.3333333333333333,0.3333333333333333,0.6666666666666666,0.2966666666666667,2026-08-07,2.0,1.0,8,1,45,3,45,3
669060,"Wilson, Bryse",2026,2026-06-18,823448,PHI,NYM,29,7,8,9,2,False,7,6.0,1.0,0.0,1.0,0.0,0.16666666666666666,0.2857142857142857,0.16666666666666666,0.45238095238095233,0.22685714285714287,,,,0,0,0,0,0,0
670950,"Richards, Trevor",2026,2026-04-30,823471,PHI,SF,45,11,6,8,3,False,11,7.0,3.0,0.0,1.0,3.0,0.3,0.36363636363636365,0.4,0.7636363636363637,0.33999999999999997,,,,0,0,0,0,0,0
670950,"Richards, Trevor",2026,2026-05-02,823876,MIA,PHI,24,8,7,8,2,False,8,4.0,1.0,0.0,2.0,2.0,0.16666666666666666,0.375,0.3333333333333333,0.7083333333333333,0.33225,2026-04-30,2.0,1.0,45,1,45,1,45,1
676510,"Hoffman, Nolan",2026,2026-04-26,824934,ATL,PHI,15,4,7,8,2,False,4,3.0,1.0,0.0,0.0,1.0,0.25,0.25,0.25,0.5,0.2225,,,,0,0,0,0,0,0
676510,"Hoffman, Nolan",2026,2026-04-30,823471,PHI,SF,40,11,3,4,2,False,11,9.0,4.0,0.0,1.0,1.0,0.4444444444444444,0.45454545454545453,0.4444444444444444,0.898989898989899,0.3870909090909091,2026-04-26,4.0,3.0,0,0,15,1,15,1
676510,"Hoffman, Nolan",2026,2026-05-31,823944,LAD,PHI,27,6,7,8,2,False,6,4.0,1.0,0.0,2.0,0.0,0.3333333333333333,0.5,0.3333333333333333,0.8333333333333333,0.381,2026-04-30,31.0,30.0,0,0,0,0,0,0
676661,"Lazar, Max",2026,2026-06-16,823451,PHI,MIA,14,4,9,9,1,False,4,2.0,1.0,0.0,0.0,2.0,0.25,0.25,0.25,0.5,0.2225,,,,0,0,0,0,0,0
676661,"Lazar, Max",2026,2026-06-17,823450,PHI,MIA,11,3,7,7,1,False,3,2.0,0.0,0.0,0.0,1.0,0.0,0.0,0.0,0.0,0.0,2026-06-16,1.0,0.0,14,1,14,1,14,1
676661,"Lazar, Max",2026,2026-06-20,823447,PHI,NYM,26,8,7,8,2,False,8,7.0,2.0,1.0,0.0,1.0,0.25,0.25,0.625,0.875,0.36775,2026-06-17,3.0,2.0,11,1,25,2,25,2
676661,"Lazar, Max",2026,2026-07-08,824496,CIN,PHI,19,5,4,5,2,False,5,5.0,1.0,0.0,0.0,0.0,0.2,0.2,0.2,0.4,0.178,2026-06-20,18.0,17.0,0,0,0,0,0,0
676661,"Lazar, Max",2026,2026-07-10,824252,DET,PHI,16,7,7,7,1,False,7,6.0,3.0,2.0,1.0,0.0,0.5,0.5714285714285714,1.5,2.071428571428571,0.8131428571428572,2026-07-08,2.0,1.0,19,1,19,1,19,1
676661,"Lazar, Max",2026,2026-07-19,823439,PHI,NYM,42,8,6,7,2,False,8,5.0,1.0,0.0,2.0,1.0,0.16666666666666666,0.375,0.16666666666666666,0.5416666666666666,0.28575,2026-07-10,9.0,8.0,0,0,0,0,35,2
679775,"Backhus, Kyle",2026,2026-03-26,823486,PHI,TEX,20,4,9,9,1,False,4,4.0,3.0,1.0,0.0,0.0,0.75,0.75,1.5,2.25,0.958,,,,0,0,0,0,0,0
679775,"Backhus, Kyle",2026,2026-03-29,823487,PHI,TEX,21,5,9,9,1,False,5,3.0,1.0,0.0,1.0,1.0,0.25,0.4,0.25,0.65,0.3176,2026-03-26,3.0,2.0,20,1,20,1,20,1
679775,"Backhus, Kyle",2026,2026-04-03,824377,COL,PHI,9,2,7,7,1,False,2,1.0,0.0,0.0,0.0,1.0,0.0,0.0,0.0,0.0,0.0,2026-03-29,5.0,4.0,0,0,21,1,41,2
679775,"Backhus, Kyle",2026,2026-04-05,824379,COL,PHI,12,3,8,8,1,False,3,1.0,0.0,0.0,0.0,2.0,0.0,0.0,0.0,0.0,0.0,2026-04-03,2.0,1.0,9,1,30,2,50,3
679775,"Backhus, Kyle",2026,2026-04-15,823477,PHI,CHC,41,8,6,7,2,False,8,5.0,3.0,1.0,0.0,3.0,0.375,0.375,0.75,1.125,0.479,2026-04-05,10.0,9.0,0,0,0,0,21,2
679775,"Backhus, Kyle",2026,2026-04-19,823475,PHI,ATL,14,4,6,7,2,False,4,3.0,0.0,0.0,0.0,1.0,0.0,0.0,0.0,0.0,0.0,2026-04-15,4.0,3.0,0,0,41,1,53,2
679775,"Backhus, Kyle",2026,2026-04-20,824692,CHC,PHI,5,2,5,5,1,False,2,1.0,0.0,0.0,0.0,1.0,0.0,0.0,0.0,0.0,0.0,2026-04-19,1.0,0.0,14,1,55,2,55,2
679775,"Backhus, Kyle",2026,2026-04-22,824688,CHC,PHI,15,5,1,1,1,True,5,4.0,2.0,0.0,0.0,1.0,0.4,0.4,0.4,0.8,0.356,2026-04-20,2.0,1.0,19,2,60,3,60,3
679775,"Backhus, Kyle",2026,2026-04-24,824932,ATL,PHI,7,3,6,7,2,False,3,3.0,0.0,0.0,0.0,0.0,0.0,0.0,0.0,0.0,0.0,2026-04-22,2.0,1.0,15,1,34,3,75,4
679775,"Backhus, Kyle",2026,2026-04-25,824933,ATL,PHI,17,5,10,10,1,False,5,5.0,2.0,0.0,0.0,0.0,0.4,0.4,0.4,0.8,0.356,2026-04-24,1.0,0.0,22,2,41,4,82,5
679775,"Backhus, Kyle",2026,2026-06-24,822719,WSH,PHI,7,3,6,6,1,False,3,3.0,1.0,0.0,0.0,0.0,0.3333333333333333,0.3333333333333333,0.3333333333333333,0.6666666666666666,0.2966666666666667,2026-04-25,60.0,59.0,0,0,0,0,0,0
679775,"Backhus, Kyle",2026,2026-06-27,823609,NYM,PHI,27,6,7,7,1,False,6,4.0,2.0,0.0,1.0,1.0,0.5,0.5,1.0,1.5,0.5308333333333334,2026-06-24,3.0,2.0,7,1,7,1,7,1
679775,"Backhus, Kyle",2026,2026-06-28,823608,NYM,PHI,8,3,6,6,1,False,3,3.0,1.0,0.0,0.0,0.0,0.3333333333333333,0.3333333333333333,0.3333333333333333,0.6666666666666666,0.2966666666666667,2026-06-27,1.0,0.0,27,1,34,2,34,2
679775,"Backhus, Kyle",2026,2026-07-01,823446,PHI,PIT,18,5,5,6,2,False,5,2.0,1.0,0.0,0.0,1.0,0.3333333333333333,0.6,0.3333333333333333,0.9333333333333333,0.46959999999999996,2026-06-28,3.0,2.0,8,1,42,3,42,3
679775,"Backhus, Kyle",2026,2026-07-02,823442,PHI,PIT,12,4,9,9,1,False,4,3.0,1.0,1.0,0.0,1.0,0.25,0.25,1.0,1.25,0.513,2026-07-01,1.0,0.0,18,1,53,3,60,4
679775,"Backhus, Kyle",2026,2026-07-05,824091,KC,PHI,12,3,8,8,1,False,3,2.0,1.0,0.0,0.0,1.0,0.3333333333333333,0.3333333333333333,0.6666666666666666,1.0,0.4206666666666667,2026-07-02,3.0,2.0,12,1,38,3,72,5
679775,"Backhus, Kyle",2026,2026-07-06,824089,KC,PHI,20,7,6,6,1,False,7,6.0,4.0,0.0,0.0,1.0,0.5714285714285714,0.5714285714285714,0.5714285714285714,1.1428571428571428,0.5085714285714286,2026-07-05,1.0,0.0,12,1,42,3,84,6
679775,"Backhus, Kyle",2026,2026-07-25,823435,PHI,NYY,12,3,6,6,1,False,3,0.0,0.0,0.0,1.0,2.0,0.0,0.3333333333333333,0.0,0.3333333333333333,0.23266666666666666,2026-07-06,19.0,18.0,0,0,0,0,0,0
679775,"Backhus, Kyle",2026,2026-07-27,823839,MIA,PHI,31,9,4,5,2,False,9,7.0,2.0,0.0,1.0,1.0,0.25,0.3333333333333333,0.375,0.7083333333333333,0.31666666666666665,2026-07-25,2.0,1.0,12,1,12,1,12,1
679775,"Backhus, Kyle",2026,2026-08-02,824807,BAL,PHI,26,5,3,3,1,False,5,3.0,1.0,0.0,1.0,1.0,0.25,0.4,0.25,0.65,0.3176,2026-07-27,6.0,5.0,0,0,31,1,43,2
679775,"Backhus, Kyle",2026,2026-08-03,823431,PHI,WSH,20,5,7,7,1,False,5,3.0,0.0,0.0,1.0,1.0,0.0,0.2,0.0,0.2,0.1396,2026-08-02,1.0,0.0,26,1,57,2,69,3
680742,"Bowlan, Jonathan",2026,2026-03-26,823486,PHI,TEX,8,4,7,7,1,False,4,4.0,1.0,0.0,0.0,0.0,0.25,0.25,0.25,0.5,0.2225,,,,0,0,0,0,0,0
680742,"Bowlan, Jonathan",2026,2026-03-30,823484,PHI,WSH,26,7,5,6,2,False,7,5.0,3.0,0.0,0.0,1.0,0.42857142857142855,0.42857142857142855,0.5714285714285714,1.0,0.43457142857142855,2026-03-26,4.0,3.0,0,0,8,1,8,1
680742,"Bowlan, Jonathan",2026,2026-04-01,823483,PHI,WSH,17,4,6,6,1,False,4,3.0,2.0,0.0,0.0,1.0,0.5,0.5,0.5,1.0,0.445,2026-03-30,2.0,1.0,26,1,34,2,34,2
680742,"Bowlan, Jonathan",2026,2026-04-06,823237,SF,PHI,15,3,6,6,1,False,3,1.0,0.0,0.0,0.0,2.0,0.0,0.0,0.0,0.0,0.0,2026-04-01,5.0,4.0,0,0,43,2,51,3
680742,"Bowlan, Jonathan",2026,2026-04-08,823234,SF,PHI,18,4,7,7,1,False,4,3.0,1.0,0.0,0.0,1.0,0.25,0.25,0.25,0.5,0.2225,2026-04-06,2.0,1.0,15,1,32,2,66,4
680742,"Bowlan, Jonathan",2026,2026-04-10,823482,PHI,AZ,19,4,5,6,2,False,4,3.0,0.0,0.0,0.0,1.0,0.0,0.0,0.0,0.0,0.0,2026-04-08,2.0,1.0,18,1,33,2,76,4
680742,"Bowlan, Jonathan",2026,2026-04-12,823479,PHI,AZ,18,4,8,8,1,False,4,1.0,1.0,0.0,1.0,2.0,0.3333333333333333,0.5,0.3333333333333333,0.8333333333333333,0.397,2026-04-10,2.0,1.0,19,1,52,3,95,5
680742,"Bowlan, Jonathan",2026,2026-04-30,823471,PHI,SF,22,6,5,6,2,False,5,3.0,1.0,0.0,1.0,1.0,0.3333333333333333,0.4,1.0,1.4,0.45899999999999996,2026-04-12,18.0,17.0,0,0,0,0,0,0
680742,"Bowlan, Jonathan",2026,2026-05-01,823877,MIA,PHI,31,5,8,8,1,False,5,4.0,2.0,0.0,1.0,0.0,0.6666666666666666,0.6,0.6666666666666666,1.2666666666666666,0.49559999999999993,2026-04-30,1.0,0.0,22,1,22,1,22,1
680742,"Bowlan, Jonathan",2026,2026-05-07,823467,PHI,ATH,11,3,8,8,1,False,3,2.0,0.0,0.0,0.0,1.0,0.0,0.0,0.0,0.0,0.0,2026-05-01,6.0,5.0,0,0,53,2,53,2
680742,"Bowlan, Jonathan",2026,2026-05-08,823466,PHI,COL,20,6,4,5,2,False,6,4.0,1.0,0.0,0.0,1.0,0.16666666666666666,0.16666666666666666,0.16666666666666666,0.3333333333333333,0.14833333333333334,2026-05-07,1.0,0.0,11,1,42,2,64,3
680742,"Bowlan, Jonathan",2026,2026-05-10,823463,PHI,COL,9,3,8,8,1,False,3,2.0,0.0,0.0,0.0,1.0,0.0,0.0,0.0,0.0,0.0,2026-05-08,2.0,1.0,31,2,31,2,84,4
680742,"Bowlan, Jonathan",2026,2026-05-15,823384,PIT,PHI,21,6,6,6,1,False,6,4.0,2.0,0.0,0.0,2.0,0.3333333333333333,0.3333333333333333,0.3333333333333333,0.6666666666666666,0.2966666666666667,2026-05-10,5.0,4.0,0,0,29,2,71,4
680742,"Bowlan, Jonathan",2026,2026-05-17,823381,PIT,PHI,17,4,8,8,1,False,4,3.0,1.0,0.0,0.0,1.0,0.25,0.25,0.25,0.5,0.2225,2026-05-15,2.0,1.0,21,1,30,2,61,4
680742,"Bowlan, Jonathan",2026,2026-05-19,823464,PHI,CIN,14,4,7,7,1,False,4,3.0,0.0,0.0,1.0,0.0,0.0,0.25,0.0,0.25,0.1745,2026-05-17,2.0,1.0,17,1,38,2,78,5
680742,"Bowlan, Jonathan",2026,2026-05-24,823459,PHI,CLE,12,4,8,8,1,False,4,3.0,1.0,1.0,0.0,1.0,0.25,0.25,1.0,1.25,0.513,2026-05-19,5.0,4.0,0,0,31,2,61,4
680742,"Bowlan, Jonathan",2026,2026-05-27,823295,SD,PHI,18,3,8,8,1,False,3,3.0,0.0,0.0,0.0,0.0,0.0,0.0,0.0,0.0,0.0,2026-05-24,3.0,2.0,12,1,12,1,64,4
680742,"Bowlan, Jonathan",2026,2026-06-05,823455,PHI,CWS,21,5,7,7,1,False,5,3.0,2.0,0.0,0.0,2.0,0.4,0.4,0.4,0.8,0.356,2026-05-27,9.0,8.0,0,0,0,0,30,2
680742,"Bowlan, Jonathan",2026,2026-06-07,823453,PHI,CWS,19,6,8,9,2,False,6,3.0,1.0,0.0,0.0,3.0,0.16666666666666666,0.16666666666666666,0.16666666666666666,0.3333333333333333,0.14833333333333334,2026-06-05,2.0,1.0,21,1,21,1,51,3
680742,"Bowlan, Jonathan",2026,2026-06-10,822804,TOR,PHI,4,1,6,6,1,False,1,1.0,0.0,0.0,0.0,0.0,0.0,0.0,0.0,0.0,0.0,2026-06-07,3.0,2.0,19,1,40,2,58,3
680742,"Bowlan, Jonathan",2026,2026-06-15,823452,PHI,MIA,20,5,8,8,1,False,5,3.0,1.0,0.0,0.0,2.0,0.2,0.2,0.2,0.4,0.178,2026-06-10,5.0,4.0,0,0,4,1,44,3
680742,"Bowlan, Jonathan",2026,2026-06-17,823450,PHI,MIA,11,4,5,5,1,False,4,3.0,0.0,0.0,0.0,0.0,0.0,0.0,0.0,0.0,0.0,2026-06-15,2.0,1.0,20,1,24,2,64,4
680742,"Bowlan, Jonathan",2026,2026-06-21,823449,PHI,NYM,4,1,6,6,1,False,1,0.0,0.0,0.0,0.0,1.0,0.0,0.0,0.0,0.0,0.0,2026-06-17,4.0,3.0,0,0,31,2,54,4
680742,"Bowlan, Jonathan",2026,2026-06-23,822718,WSH,PHI,5,1,7,7,1,False,1,0.0,0.0,0.0,0.0,1.0,0.0,0.0,0.0,0.0,0.0,2026-06-21,2.0,1.0,4,1,15,2,39,4
680742,"Bowlan, Jonathan",2026,2026-06-24,822719,WSH,PHI,12,3,6,6,1,False,3,1.0,1.0,1.0,0.0,1.0,0.5,0.6666666666666666,2.0,2.6666666666666665,0.927,2026-06-23,1.0,0.0,9,2,20,3,44,5
680742,"Bowlan, Jonathan",2026,2026-06-27,823609,NYM,PHI,10,4,6,6,1,False,4,2.0,1.0,0.0,1.0,1.0,0.3333333333333333,0.5,0.3333333333333333,0.8333333333333333,0.397,2026-06-24,3.0,2.0,12,1,21,3,52,5
680742,"Bowlan, Jonathan",2026,2026-06-30,823445,PHI,PIT,26,5,8,8,1,False,5,1.0,1.0,0.0,1.0,3.0,0.25,0.4,0.25,0.65,0.3176,2026-06-27,3.0,2.0,10,1,27,3,42,5
680742,"Bowlan, Jonathan",2026,2026-07-02,823442,PHI,PIT,24,5,6,6,1,False,5,3.0,2.0,0.0,0.0,2.0,0.4,0.4,0.4,0.8,0.356,2026-06-30,2.0,1.0,26,1,36,2,57,5
680742,"Bowlan, Jonathan",2026,2026-07-04,824092,KC,PHI,20,4,7,7,1,False,4,1.0,1.0,0.0,0.0,3.0,0.25,0.25,0.25,0.5,0.2225,2026-07-02,2.0,1.0,24,1,60,3,81,6
680742,"Bowlan, Jonathan",2026,2026-07-07,824495,CIN,PHI,6,1,8,8,1,False,1,0.0,0.0,0.0,0.0,1.0,0.0,0.0,0.0,0.0,0.0,2026-07-04,3.0,2.0,20,1,70,3,97,6
680742,"Bowlan, Jonathan",2026,2026-07-09,824494,CIN,PHI,12,3,8,8,1,False,3,2.0,0.0,0.0,0.0,1.0,0.0,0.0,0.0,0.0,0.0,2026-07-07,2.0,1.0,6,1,50,3,86,5
680742,"Bowlan, Jonathan",2026,2026-07-11,824249,DET,PHI,9,4,8,8,1,False,4,2.0,0.0,0.0,1.0,0.0,0.0,0.5,0.0,0.5,0.35675,2026-07-09,2.0,1.0,12,1,38,3,98,6
680742,"Bowlan, Jonathan",2026,2026-07-12,824250,DET,PHI,15,3,9,9,1,False,3,2.0,0.0,0.0,0.0,1.0,0.0,0.0,0.0,0.0,0.0,2026-07-11,1.0,0.0,21,2,27,3,97,6
680742,"Bowlan, Jonathan",2026,2026-07-16,823440,PHI,NYM,14,3,7,7,1,False,3,2.0,0.0,0.0,1.0,0.0,0.0,0.3333333333333333,0.0,0.3333333333333333,0.23266666666666666,2026-07-12,4.0,3.0,0,0,36,3,86,6
680742,"Bowlan, Jonathan",2026,2026-07-20,823436,PHI,LAD,10,4,7,7,1,False,4,4.0,1.0,1.0,0.0,0.0,0.25,0.25,1.0,1.25,0.513,2026-07-16,4.0,3.0,0,0,14,1,56,5
680742,"Bowlan, Jonathan",2026,2026-07-21,823437,PHI,LAD,14,3,9,9,1,False,3,2.0,0.0,0.0,0.0,1.0,0.0,0.0,0.0,0.0,0.0,2026-07-20,1.0,0.0,10,1,24,2,66,6
680742,"Bowlan, Jonathan",2026,2026-07-24,823434,PHI,NYY,15,3,8,8,1,False,3,0.0,0.0,0.0,0.0,3.0,0.0,0.0,0.0,0.0,0.0,2026-07-21,3.0,2.0,14,1,24,2,62,5
680742,"Bowlan, Jonathan",2026,2026-07-25,823435,PHI,NYY,18,4,8,8,1,False,4,3.0,1.0,0.0,0.0,1.0,0.25,0.25,0.5,0.75,0.3155,2026-07-24,1.0,0.0,15,1,39,3,77,6
680742,"Bowlan, Jonathan",2026,2026-07-27,823839,MIA,PHI,14,3,7,7,1,False,3,2.0,0.0,0.0,0.0,1.0,0.0,0.0,0.0,0.0,0.0,2026-07-25,2.0,1.0,33,2,57,4,71,5
680742,"Bowlan, Jonathan",2026,2026-07-29,823837,MIA,PHI,18,5,8,8,1,False,5,3.0,1.0,1.0,1.0,1.0,0.25,0.4,1.0,1.4,0.55,2026-07-27,2.0,1.0,14,1,47,3,85,6
680742,"Bowlan, Jonathan",2026,2026-08-01,824808,BAL,PHI,22,4,7,7,1,False,4,1.0,1.0,0.0,0.0,3.0,0.25,0.25,0.25,0.5,0.2225,2026-07-29,3.0,2.0,18,1,50,3,89,6
680742,"Bowlan, Jonathan",2026,2026-08-05,823429,PHI,WSH,15,4,8,8,1,False,4,1.0,0.0,0.0,1.0,2.0,0.0,0.25,0.0,0.25,0.1745,2026-08-01,4.0,3.0,0,0,40,2,87,5
680742,"Bowlan, Jonathan",2026,2026-08-06,823430,PHI,WSH,10,3,8,8,1,False,3,2.0,0.0,0.0,0.0,1.0,0.0,0.0,0.0,0.0,0.0,2026-08-05,1.0,0.0,15,1,37,2,102,6
680742,"Bowlan, Jonathan",2026,2026-08-08,823426,PHI,TOR,8,3,7,7,1,False,3,2.0,0.0,0.0,0.0,1.0,0.0,0.0,0.0,0.0,0.0,2026-08-06,2.0,1.0,25,2,47,3,97,6
680742,"Bowlan, Jonathan",2026,2026-08-10,823018,STL,PHI,10,3,9,9,1,False,3,2.0,0.0,0.0,0.0,1.0,0.0,0.0,0.0,0.0,0.0,2026-08-08,2.0,1.0,8,1,33,3,87,6
680742,"Bowlan, Jonathan",2026,2026-08-13,823669,MIN,PHI,12,4,7,7,1,False,4,4.0,1.0,0.0,0.0,0.0,0.25,0.25,0.25,0.5,0.2225,2026-08-10,3.0,2.0,10,1,28,3,65,5
680742,"Bowlan, Jonathan",2026,2026-08-16,823670,MIN,PHI,14,4,8,8,1,False,4,1.0,0.0,0.0,1.0,2.0,0.0,0.25,0.0,0.25,0.1745,2026-08-13,3.0,2.0,12,1,22,2,55,5
680742,"Bowlan, Jonathan",2026,2026-08-17,823427,PHI,MIA,35,7,7,7,1,False,7,4.0,3.0,0.0,1.0,2.0,0.5,0.5714285714285714,0.6666666666666666,1.2380952380952381,0.5342857142857143,2026-08-16,1.0,0.0,14,1,36,3,69,6
680742,"Bowlan, Jonathan",2026,2026-08-19,823424,PHI,MIA,28,5,8,8,1,False,5,3.0,1.0,0.0,1.0,1.0,0.25,0.4,0.25,0.65,0.3176,2026-08-17,2.0,1.0,49,2,61,3,104,7
680742,"Bowlan, Jonathan",2026,2026-08-25,823098,SEA,PHI,20,4,8,8,1,False,4,3.0,0.0,0.0,1.0,0.0,0.0,0.25,0.0,0.25,0.1745,2026-08-19,6.0,5.0,0,0,28,1,89,4
680742,"Bowlan, Jonathan",2026,2026-08-28,823985,LAA,PHI,25,5,9,9,1,False,5,2.0,0.0,0.0,0.0,2.0,0.0,0.2,0.0,0.2,0.14579999999999999,2026-08-25,3.0,2.0,20,1,20,1,97,4
680742,"Bowlan, Jonathan",2026,2026-08-29,823986,LAA,PHI,24,4,8,8,1,False,4,2.0,1.0,1.0,0.0,2.0,0.25,0.25,1.0,1.25,0.513,2026-08-28,1.0,0.0,25,1,45,2,122,5
680742,"Bowlan, Jonathan",2026,2026-09-01,825038,AZ,PHI,21,4,7,8,2,False,4,2.0,0.0,0.0,0.0,2.0,0.0,0.0,0.0,0.0,0.0,2026-08-29,3.0,2.0,24,1,69,3,97,4
680742,"Bowlan, Jonathan",2026,2026-09-02,825037,AZ,PHI,12,4,8,8,1,False,4,2.0,1.0,1.0,0.0,2.0,0.25,0.25,1.0,1.25,0.513,2026-09-01,1.0,0.0,21,1,70,3,118,5
680742,"Bowlan, Jonathan",2026,2026-09-05,823419,PHI,ATL,19,4,7,7,1,False,4,3.0,1.0,1.0,0.0,1.0,0.25,0.25,1.0,1.25,0.513,2026-09-02,3.0,2.0,12,1,57,3,102,5
680742,"Bowlan, Jonathan",2026,2026-09-09,823416,PHI,HOU,21,5,7,7,1,False,5,4.0,2.0,0.0,0.0,1.0,0.4,0.4,0.6,1.0,0.4304,2026-09-05,4.0,3.0,0,0,31,2,101,5
680742,"Bowlan, Jonathan",2026,2026-09-11,824873,ATL,PHI,22,6,9,9,1,False,6,4.0,2.0,0.0,0.0,1.0,0.4,0.5,0.4,0.9,0.41816666666666663,2026-09-09,2.0,1.0,21,1,40,2,122,6
686751,"Johnson, Seth",2026,2026-04-13,823481,PHI,CHC,50,13,7,8,2,False,13,9.0,4.0,0.0,2.0,1.0,0.4,0.5384615384615384,0.5,1.0384615384615383,0.46592307692307694,,,,0,0,0,0,0,0
686751,"Johnson, Seth",2026,2026-04-19,823475,PHI,ATL,8,3,9,9,1,False,3,2.0,0.0,0.0,0.0,1.0,0.0,0.0,0.0,0.0,0.0,2026-04-13,6.0,5.0,0,0,50,1,50,1
686751,"Johnson, Seth",2026,2026-04-20,824692,CHC,PHI,32,5,8,8,1,False,5,2.0,1.0,0.0,1.0,2.0,0.25,0.4,0.25,0.65,0.3176,2026-04-19,1.0,0.0,8,1,58,2,58,2
686751,"Johnson, Seth",2026,2026-06-18,823448,PHI,NYM,17,3,6,6,1,False,3,1.0,0.0,0.0,0.0,2.0,0.0,0.0,0.0,0.0,0.0,2026-04-20,59.0,58.0,0,0,0,0,0,0
686751,"Johnson, Seth",2026,2026-06-22,822720,WSH,PHI,17,6,7,7,1,False,6,6.0,3.0,1.0,0.0,0.0,0.5,0.5,1.0,1.5,0.6386666666666666,2026-06-18,4.0,3.0,0,0,17,1,17,1
686751,"Johnson, Seth",2026,2026-06-24,822719,WSH,PHI,10,3,8,8,1,False,3,3.0,0.0,0.0,0.0,0.0,0.0,0.0,0.0,0.0,0.0,2026-06-22,2.0,1.0,17,1,34,2,34,2
686751,"Johnson, Seth",2026,2026-06-27,823609,NYM,PHI,16,4,8,8,1,False,4,1.0,0.0,0.0,1.0,2.0,0.0,0.25,0.0,0.25,0.1745,2026-06-24,3.0,2.0,10,1,27,2,44,3
686751,"Johnson, Seth",2026,2026-06-29,823444,PHI,PIT,24,6,5,6,2,False,6,1.0,0.0,0.0,1.0,4.0,0.0,0.16666666666666666,0.0,0.16666666666666666,0.11633333333333333,2026-06-27,2.0,1.0,16,1,43,3,60,4
686751,"Johnson, Seth",2026,2026-07-01,823446,PHI,PIT,27,6,6,7,2,False,6,3.0,1.0,0.0,2.0,1.0,0.25,0.5,0.5,1.0,0.443,2026-06-29,2.0,1.0,24,1,50,3,84,5
686751,"Johnson, Seth",2026,2026-07-05,824091,KC,PHI,14,3,8,8,1,False,3,1.0,0.0,0.0,2.0,0.0,0.0,0.6666666666666666,0.0,0.6666666666666666,0.4653333333333333,2026-07-01,4.0,3.0,0,0,51,2,94,5
686751,"Johnson, Seth",2026,2026-07-06,824089,KC,PHI,15,3,4,4,1,False,3,1.0,0.0,0.0,1.0,1.0,0.0,0.3333333333333333,0.0,0.3333333333333333,0.23266666666666666,2026-07-05,1.0,0.0,14,1,65,3,108,6
686751,"Johnson, Seth",2026,2026-07-16,823440,PHI,NYM,27,8,8,9,2,False,8,5.0,1.0,0.0,1.0,2.0,0.14285714285714285,0.25,0.2857142857142857,0.5357142857142857,0.245,2026-07-06,10.0,9.0,0,0,0,0,29,2
686751,"Johnson, Seth",2026,2026-07-19,823439,PHI,NYM,31,7,7,8,2,False,7,3.0,1.0,0.0,2.0,2.0,0.2,0.42857142857142855,0.4,0.8285714285714285,0.3797142857142857,2026-07-16,3.0,2.0,27,1,27,1,56,3
686751,"Johnson, Seth",2026,2026-07-22,823438,PHI,LAD,7,3,6,7,2,False,3,1.0,1.0,0.0,0.0,2.0,0.3333333333333333,0.3333333333333333,0.3333333333333333,0.6666666666666666,0.2966666666666667,2026-07-19,3.0,2.0,31,1,58,2,58,2
686751,"Johnson, Seth",2026,2026-07-25,823435,PHI,NYY,11,3,6,6,1,False,3,3.0,2.0,0.0,0.0,0.0,0.6666666666666666,0.6666666666666666,0.6666666666666666,1.3333333333333333,0.5933333333333334,2026-07-22,3.0,2.0,7,1,38,2,65,3
686751,"Johnson, Seth",2026,2026-07-29,823837,MIA,PHI,17,4,7,7,1,False,4,3.0,1.0,0.0,1.0,0.0,0.3333333333333333,0.5,0.3333333333333333,0.8333333333333333,0.397,2026-07-25,4.0,3.0,0,0,18,2,76,4
686934,"McFarlane, Alex",2026,2026-07-22,823438,PHI,LAD,12,4,9,9,1,False,4,4.0,1.0,0.0,0.0,0.0,0.25,0.25,0.25,0.5,0.2225,,,,0,0,0,0,0,0
686934,"McFarlane, Alex",2026,2026-08-11,823019,STL,PHI,26,5,7,7,1,False,5,3.0,1.0,0.0,1.0,1.0,0.25,0.4,0.25,0.65,0.3176,2026-07-22,20.0,19.0,0,0,0,0,0,0
686934,"McFarlane, Alex",2026,2026-08-15,823671,MIN,PHI,22,6,7,8,2,False,6,2.0,1.0,0.0,1.0,3.0,0.2,0.3333333333333333,0.2,0.5333333333333333,0.26466666666666666,2026-08-11,4.0,3.0,0,0,26,1,26,1
686934,"McFarlane, Alex",2026,2026-08-18,823423,PHI,MIA,18,5,6,6,1,False,5,4.0,1.0,0.0,1.0,0.0,0.25,0.4,0.25,0.65,0.3176,2026-08-15,3.0,2.0,22,1,48,2,48,2
686934,"McFarlane, Alex",2026,2026-08-21,823420,PHI,STL,9,3,10,10,1,False,3,3.0,1.0,0.0,0.0,0.0,0.3333333333333333,0.3333333333333333,0.3333333333333333,0.6666666666666666,0.2966666666666667,2026-08-18,3.0,2.0,18,1,40,2,66,3
686934,"McFarlane, Alex",2026,2026-08-23,823421,PHI,STL,10,3,9,9,1,False,3,2.0,0.0,0.0,0.0,1.0,0.0,0.0,0.0,0.0,0.0,2026-08-21,2.0,1.0,9,1,27,2,75,4
686934,"McFarlane, Alex",2026,2026-08-24,823097,SEA,PHI,10,3,5,5,1,False,3,1.0,0.0,0.0,0.0,2.0,0.0,0.0,0.0,0.0,0.0,2026-08-23,1.0,0.0,19,2,37,3,85,5
686934,"McFarlane, Alex",2026,2026-08-28,823985,LAA,PHI,21,4,8,8,1,False,4,2.0,0.0,0.0,1.0,1.0,0.0,0.25,0.0,0.25,0.1745,2026-08-24,4.0,3.0,0,0,29,3,69,5
686934,"McFarlane, Alex",2026,2026-08-30,823987,LAA,PHI,16,4,7,7,1,False,4,2.0,0.0,0.0,1.0,1.0,0.0,0.25,0.0,0.25,0.1745,2026-08-28,2.0,1.0,21,1,41,3,68,5
686934,"McFarlane, Alex",2026,2026-08-31,825040,AZ,PHI,15,3,6,6,1,False,3,2.0,0.0,0.0,0.0,1.0,0.0,0.0,0.0,0.0,0.0,2026-08-30,1.0,0.0,37,2,47,3,84,6
686934,"McFarlane, Alex",2026,2026-09-04,823418,PHI,ATL,8,4,7,7,1,False,4,3.0,1.0,0.0,0.0,1.0,0.25,0.25,0.25,0.5,0.2225,2026-08-31,4.0,3.0,0,0,52,3,81,6
686934,"McFarlane, Alex",2026,2026-09-06,823417,PHI,ATL,13,4,8,8,1,False,4,4.0,3.0,1.0,0.0,0.0,0.75,0.75,1.75,2.5,1.0510000000000002,2026-09-04,2.0,1.0,8,1,39,3,80,6
686934,"McFarlane, Alex",2026,2026-09-09,823416,PHI,HOU,15,4,8,8,1,False,4,4.0,0.0,0.0,0.0,0.0,0.0,0.0,0.0,0.0,0.0,2026-09-06,3.0,2.0,13,1,21,2,73,5
686934,"McFarlane, Alex",2026,2026-09-11,824873,ATL,PHI,15,4,8,8,1,False,4,4.0,1.0,0.0,0.0,0.0,0.25,0.25,0.25,0.5,0.2225,2026-09-09,2.0,1.0,15,1,36,3,88,6
689147,"Kerkering, Orion",2026,2026-04-07,823235,SF,PHI,26,6,8,8,1,False,6,5.0,2.0,0.0,1.0,0.0,0.4,0.5,0.8,1.3,0.5308333333333334,,,,0,0,0,0,0,0
689147,"Kerkering, Orion",2026,2026-04-10,823482,PHI,AZ,13,4,8,8,1,False,4,4.0,1.0,0.0,0.0,0.0,0.3333333333333333,0.25,0.3333333333333333,0.5833333333333333,0.2225,2026-04-07,3.0,2.0,26,1,26,1,26,1
689147,"Kerkering, Orion",2026,2026-04-11,823480,PHI,AZ,14,3,6,7,2,False,3,2.0,0.0,0.0,0.0,1.0,0.0,0.0,0.0,0.0,0.0,2026-04-10,1.0,0.0,13,1,39,2,39,2
689147,"Kerkering, Orion",2026,2026-04-13,823481,PHI,CHC,18,5,8,9,2,False,5,2.0,1.0,0.0,0.0,3.0,0.2,0.2,0.4,0.6000000000000001,0.2524,2026-04-11,2.0,1.0,27,2,53,3,53,3
689147,"Kerkering, Orion",2026,2026-04-17,823476,PHI,ATL,21,5,8,8,1,False,5,5.0,2.0,1.0,0.0,0.0,0.4,0.4,1.0,1.4,0.5884,2026-04-13,4.0,3.0,0,0,45,3,71,4
689147,"Kerkering, Orion",2026,2026-04-19,823475,PHI,ATL,13,4,8,8,1,False,4,3.0,0.0,0.0,1.0,0.0,0.0,0.25,0.0,0.25,0.1745,2026-04-17,2.0,1.0,21,1,39,2,92,5
689147,"Kerkering, Orion",2026,2026-04-21,824690,CHC,PHI,15,3,5,5,1,False,3,1.0,0.0,0.0,2.0,0.0,0.0,0.6666666666666666,0.0,0.6666666666666666,0.4653333333333333,2026-04-19,2.0,1.0,13,1,34,2,105,6
689147,"Kerkering, Orion",2026,2026-04-23,824689,CHC,PHI,19,5,7,7,1,False,5,3.0,1.0,0.0,1.0,1.0,0.25,0.4,0.5,0.9,0.392,2026-04-21,2.0,1.0,15,1,49,3,94,6
689147,"Kerkering, Orion",2026,2026-04-25,824933,ATL,PHI,18,5,6,7,2,False,5,3.0,0.0,0.0,1.0,1.0,0.0,0.2,0.0,0.2,0.1396,2026-04-23,2.0,1.0,19,1,47,3,100,6
689147,"Kerkering, Orion",2026,2026-04-28,823473,PHI,SF,20,3,8,8,1,False,3,1.0,0.0,0.0,0.0,2.0,0.0,0.0,0.0,0.0,0.0,2026-04-25,3.0,2.0,18,1,52,3,86,5
689147,"Kerkering, Orion",2026,2026-04-30,823472,PHI,SF,17,4,7,8,2,False,4,4.0,2.0,0.0,0.0,0.0,0.5,0.5,0.5,1.0,0.445,2026-04-28,2.0,1.0,20,1,57,3,106,6
689147,"Kerkering, Orion",2026,2026-05-01,823877,MIA,PHI,13,4,7,7,1,False,4,2.0,0.0,0.0,0.0,1.0,0.0,0.25,0.0,0.25,0.18225,2026-04-30,1.0,0.0,37,2,55,3,123,7
689147,"Kerkering, Orion",2026,2026-05-03,823875,MIA,PHI,9,3,9,9,1,False,3,3.0,0.0,0.0,0.0,0.0,0.0,0.0,0.0,0.0,0.0,2026-05-01,2.0,1.0,30,2,50,3,115,7
689147,"Kerkering, Orion",2026,2026-05-06,823470,PHI,ATH,5,1,8,8,1,False,1,1.0,0.0,0.0,0.0,0.0,0.0,0.0,0.0,0.0,0.0,2026-05-03,3.0,2.0,9,1,39,3,96,6
689147,"Kerkering, Orion",2026,2026-05-08,823466,PHI,COL,16,4,10,10,1,False,4,3.0,1.0,0.0,0.0,1.0,0.25,0.25,0.25,0.5,0.2225,2026-05-06,2.0,1.0,5,1,27,3,82,6
689147,"Kerkering, Orion",2026,2026-05-09,823468,PHI,COL,14,3,9,9,1,False,3,2.0,0.0,0.0,0.0,1.0,0.0,0.0,0.0,0.0,0.0,2026-05-08,1.0,0.0,21,2,30,3,98,7
689147,"Kerkering, Orion",2026,2026-05-13,824763,BOS,PHI,11,3,6,6,1,False,3,3.0,2.0,1.0,0.0,0.0,0.6666666666666666,0.6666666666666666,1.6666666666666667,2.3333333333333335,0.9806666666666667,2026-05-09,4.0,3.0,0,0,35,3,74,6
689147,"Kerkering, Orion",2026,2026-05-15,823384,PIT,PHI,18,4,10,10,1,False,4,2.0,0.0,0.0,1.0,1.0,0.0,0.25,0.0,0.25,0.1745,2026-05-13,2.0,1.0,11,1,41,3,68,6
689147,"Kerkering, Orion",2026,2026-05-18,823465,PHI,CIN,3,1,8,8,1,False,1,1.0,0.0,0.0,0.0,0.0,0.0,0.0,0.0,0.0,0.0,2026-05-15,3.0,2.0,18,1,29,2,64,5
689147,"Kerkering, Orion",2026,2026-05-20,823462,PHI,CIN,23,5,7,7,1,False,5,3.0,2.0,0.0,0.0,2.0,0.4,0.4,0.6,1.0,0.4304,2026-05-18,2.0,1.0,3,1,32,3,67,6
689147,"Kerkering, Orion",2026,2026-05-23,823458,PHI,CLE,12,3,7,7,1,False,3,1.0,0.0,0.0,0.0,2.0,0.0,0.0,0.0,0.0,0.0,2026-05-20,3.0,2.0,23,1,26,2,69,5
689147,"Kerkering, Orion",2026,2026-05-25,823296,SD,PHI,14,3,7,7,1,False,3,1.0,0.0,0.0,0.0,2.0,0.0,0.0,0.0,0.0,0.0,2026-05-23,2.0,1.0,12,1,38,3,67,5
689147,"Kerkering, Orion",2026,2026-05-26,823294,SD,PHI,16,4,7,7,1,False,4,0.0,0.0,0.0,1.0,3.0,0.0,0.25,0.0,0.25,0.1745,2026-05-25,1.0,0.0,26,2,49,3,81,6
689147,"Kerkering, Orion",2026,2026-05-30,823945,LAD,PHI,21,5,7,7,1,False,5,3.0,2.0,0.0,0.0,2.0,0.4,0.4,0.6,1.0,0.4304,2026-05-26,4.0,3.0,0,0,42,3,68,5
689147,"Kerkering, Orion",2026,2026-06-02,823460,PHI,SD,16,5,7,7,1,False,5,3.0,1.0,0.0,1.0,1.0,0.25,0.4,0.25,0.65,0.3176,2026-05-30,3.0,2.0,21,1,37,2,86,5
689147,"Kerkering, Orion",2026,2026-06-04,823457,PHI,SD,18,5,8,8,1,False,5,3.0,1.0,0.0,1.0,1.0,0.25,0.4,0.25,0.65,0.3176,2026-06-02,2.0,1.0,16,1,37,2,79,5
689147,"Kerkering, Orion",2026,2026-06-07,823453,PHI,CWS,27,5,7,7,1,False,5,2.0,1.0,0.0,1.0,2.0,0.25,0.4,0.25,0.65,0.3176,2026-06-04,3.0,2.0,18,1,34,2,85,5
689147,"Kerkering, Orion",2026,2026-06-09,822805,TOR,PHI,22,4,7,8,2,False,4,2.0,0.0,0.0,0.0,2.0,0.0,0.0,0.0,0.0,0.0,2026-06-07,2.0,1.0,27,1,61,3,98,5
689147,"Kerkering, Orion",2026,2026-06-13,823776,MIL,PHI,17,3,6,6,1,False,3,3.0,0.0,0.0,0.0,0.0,0.0,0.0,0.0,0.0,0.0,2026-06-09,4.0,3.0,0,0,49,2,104,5
689147,"Kerkering, Orion",2026,2026-06-17,823450,PHI,MIA,26,7,8,8,1,False,7,2.0,1.0,0.0,2.0,2.0,0.25,0.5714285714285714,0.25,0.8214285714285714,0.4307142857142857,2026-06-13,4.0,3.0,0,0,17,1,84,4
689147,"Kerkering, Orion",2026,2026-06-21,823449,PHI,NYM,11,3,8,8,1,False,3,2.0,0.0,0.0,0.0,1.0,0.0,0.0,0.0,0.0,0.0,2026-06-17,4.0,3.0,0,0,26,1,92,4
689147,"Kerkering, Orion",2026,2026-06-23,822718,WSH,PHI,22,7,8,8,1,False,7,3.0,2.0,1.0,1.0,2.0,0.4,0.5714285714285714,1.2,1.7714285714285714,0.6772857142857143,2026-06-21,2.0,1.0,11,1,37,2,76,4
689147,"Kerkering, Orion",2026,2026-06-25,822717,WSH,PHI,11,4,8,8,1,False,4,2.0,1.0,0.0,0.0,2.0,0.25,0.25,0.5,0.75,0.3155,2026-06-23,2.0,1.0,22,1,33,2,76,4
689147,"Kerkering, Orion",2026,2026-06-26,823610,NYM,PHI,11,3,8,8,1,False,3,2.0,0.0,0.0,0.0,1.0,0.0,0.0,0.0,0.0,0.0,2026-06-25,1.0,0.0,33,2,44,3,87,5
689147,"Kerkering, Orion",2026,2026-06-28,823608,NYM,PHI,27,6,8,8,1,False,6,2.0,0.0,0.0,3.0,1.0,0.0,0.5,0.0,0.5,0.349,2026-06-26,2.0,1.0,22,2,55,4,81,5
689147,"Kerkering, Orion",2026,2026-07-01,823446,PHI,PIT,15,5,7,8,2,False,5,5.0,0.0,0.0,0.0,0.0,0.0,0.0,0.0,0.0,0.0,2026-06-28,3.0,2.0,27,1,49,3,108,6
689147,"Kerkering, Orion",2026,2026-07-04,824092,KC,PHI,14,3,8,8,1,False,3,1.0,0.0,0.0,0.0,2.0,0.0,0.0,0.0,0.0,0.0,2026-07-01,3.0,2.0,15,1,42,2,97,6
689147,"Kerkering, Orion",2026,2026-07-07,824495,CIN,PHI,33,5,8,8,1,False,5,2.0,0.0,0.0,3.0,0.0,0.0,0.6,0.0,0.6,0.41879999999999995,2026-07-04,3.0,2.0,14,1,29,2,100,6
689147,"Kerkering, Orion",2026,2026-07-12,824250,DET,PHI,15,3,8,8,1,False,3,2.0,0.0,0.0,0.0,1.0,0.0,0.0,0.0,0.0,0.0,2026-07-07,5.0,4.0,0,0,33,1,89,4
689147,"Kerkering, Orion",2026,2026-07-18,823441,PHI,NYM,11,3,6,6,1,False,3,2.0,0.0,0.0,0.0,1.0,0.0,0.0,0.0,0.0,0.0,2026-07-12,6.0,5.0,0,0,15,1,62,3
689147,"Kerkering, Orion",2026,2026-07-20,823436,PHI,LAD,23,5,6,6,1,False,5,3.0,2.0,0.0,0.0,1.0,0.5,0.4,0.75,1.15,0.4304,2026-07-18,2.0,1.0,11,1,11,1,59,3
689147,"Kerkering, Orion",2026,2026-07-22,823438,PHI,LAD,22,5,8,8,1,False,5,2.0,1.0,0.0,2.0,1.0,0.5,0.6,1.5,2.1,0.5986,2026-07-20,2.0,1.0,23,1,34,2,49,3
689147,"Kerkering, Orion",2026,2026-07-27,823839,MIA,PHI,14,4,8,8,1,False,4,4.0,1.0,0.0,0.0,0.0,0.25,0.25,0.25,0.5,0.2225,2026-07-22,5.0,4.0,0,0,45,2,56,3
689147,"Kerkering, Orion",2026,2026-07-28,823838,MIA,PHI,20,5,8,8,1,False,5,4.0,1.0,0.0,1.0,0.0,0.25,0.4,0.25,0.65,0.3176,2026-07-27,1.0,0.0,14,1,36,2,70,4
689147,"Kerkering, Orion",2026,2026-07-31,824809,BAL,PHI,27,6,7,7,1,False,6,2.0,2.0,0.0,1.0,2.0,0.5,0.6666666666666666,0.75,1.4166666666666665,0.5965,2026-07-28,3.0,2.0,20,1,34,2,90,5
689147,"Kerkering, Orion",2026,2026-08-03,823431,PHI,WSH,21,3,8,8,1,False,3,1.0,0.0,0.0,0.0,2.0,0.0,0.0,0.0,0.0,0.0,2026-07-31,3.0,2.0,27,1,61,3,106,5
689147,"Kerkering, Orion",2026,2026-08-05,823429,PHI,WSH,10,3,6,6,1,False,3,3.0,0.0,0.0,0.0,0.0,0.0,0.0,0.0,0.0,0.0,2026-08-03,2.0,1.0,21,1,48,2,104,5
689147,"Kerkering, Orion",2026,2026-08-06,823430,PHI,WSH,29,6,6,6,1,False,6,2.0,2.0,0.0,1.0,3.0,0.4,0.5,0.8,1.3,0.5308333333333334,2026-08-05,1.0,0.0,31,2,58,3,92,5
689147,"Kerkering, Orion",2026,2026-08-08,823426,PHI,TOR,3,1,8,8,1,False,1,1.0,0.0,0.0,0.0,0.0,0.0,0.0,0.0,0.0,0.0,2026-08-06,2.0,1.0,39,2,60,3,121,6
689147,"Kerkering, Orion",2026,2026-08-09,823425,PHI,TOR,27,7,8,8,1,False,7,7.0,4.0,0.0,0.0,0.0,0.5714285714285714,0.5714285714285714,0.7142857142857143,1.2857142857142856,0.5617142857142857,2026-08-08,1.0,0.0,32,2,63,4,124,7
689147,"Kerkering, Orion",2026,2026-08-13,823669,MIN,PHI,16,3,8,8,1,False,3,2.0,0.0,0.0,0.0,1.0,0.0,0.0,0.0,0.0,0.0,2026-08-09,4.0,3.0,0,0,59,3,117,6
689147,"Kerkering, Orion",2026,2026-08-16,823670,MIN,PHI,12,3,7,7,1,False,3,3.0,0.0,0.0,0.0,0.0,0.0,0.0,0.0,0.0,0.0,2026-08-13,3.0,2.0,16,1,43,2,106,6
689147,"Kerkering, Orion",2026,2026-08-17,823427,PHI,MIA,5,1,8,8,1,False,1,0.0,0.0,0.0,0.0,1.0,0.0,0.0,0.0,0.0,0.0,2026-08-16,1.0,0.0,12,1,28,2,118,7
689147,"Kerkering, Orion",2026,2026-08-18,823423,PHI,MIA,17,5,8,8,1,False,5,4.0,1.0,0.0,0.0,1.0,0.2,0.2,0.2,0.4,0.178,2026-08-17,1.0,0.0,17,2,33,3,102,7
689147,"Kerkering, Orion",2026,2026-08-21,823420,PHI,STL,23,6,7,8,2,False,6,4.0,1.0,0.0,0.0,1.0,0.2,0.3333333333333333,0.2,0.5333333333333333,0.2698333333333333,2026-08-18,3.0,2.0,17,1,34,3,80,6
689147,"Kerkering, Orion",2026,2026-08-25,823098,SEA,PHI,20,5,7,7,1,False,5,3.0,1.0,0.0,1.0,0.0,0.3333333333333333,0.6,0.3333333333333333,0.9333333333333333,0.46340000000000003,2026-08-21,4.0,3.0,0,0,40,2,73,5
689147,"Kerkering, Orion",2026,2026-08-30,823987,LAA,PHI,19,6,8,9,2,False,6,5.0,2.0,0.0,0.0,1.0,0.3333333333333333,0.3333333333333333,0.5,0.8333333333333333,0.3586666666666667,2026-08-25,5.0,4.0,0,0,20,1,77,5
689147,"Kerkering, Orion",2026,2026-08-31,825040,AZ,PHI,11,3,7,7,1,False,3,1.0,1.0,0.0,1.0,1.0,0.5,0.6666666666666666,0.5,1.1666666666666665,0.5293333333333333,2026-08-30,1.0,0.0,19,1,39,2,84,5
689147,"Kerkering, Orion",2026,2026-09-04,823418,PHI,ATL,20,5,8,8,1,False,5,4.0,1.0,1.0,1.0,0.0,0.25,0.4,1.0,1.4,0.55,2026-08-31,4.0,3.0,0,0,30,2,73,4
691725,"Painter, Andrew",2026,2026-03-31,823485,PHI,WSH,84,21,1,6,6,True,21,12.0,4.0,0.0,1.0,8.0,0.2,0.23809523809523808,0.25,0.4880952380952381,0.22047619047619046,,,,0,0,0,0,0,0
691725,"Painter, Andrew",2026,2026-04-06,823237,SF,PHI,90,21,1,4,4,True,21,19.0,9.0,0.0,1.0,1.0,0.47368421052631576,0.47619047619047616,0.631578947368421,1.107769423558897,0.4660476190476191,2026-03-31,6.0,5.0,0,0,84,1,84,1
691725,"Painter, Andrew",2026,2026-04-12,823479,PHI,AZ,80,19,3,7,5,False,19,11.0,3.0,0.0,1.0,7.0,0.1875,0.21052631578947367,0.25,0.4605263157894737,0.19684210526315787,2026-04-06,6.0,5.0,0,0,90,1,174,2
691725,"Painter, Andrew",2026,2026-04-19,823475,PHI,ATL,84,19,1,5,5,True,19,13.0,5.0,1.0,1.0,4.0,0.29411764705882354,0.3684210526315789,0.5294117647058824,0.8978328173374612,0.3900526315789474,2026-04-12,7.0,6.0,0,0,80,1,170,2
691725,"Painter, Andrew",2026,2026-04-24,824932,ATL,PHI,96,28,1,6,6,True,28,25.0,9.0,1.0,2.0,1.0,0.34615384615384615,0.39285714285714285,0.5,0.8928571428571428,0.3907142857142857,2026-04-19,5.0,4.0,0,0,84,1,164,2
691725,"Painter, Andrew",2026,2026-05-02,823876,MIA,PHI,99,25,1,5,5,True,25,15.0,7.0,1.0,3.0,7.0,0.3181818181818182,0.4,0.45454545454545453,0.8545454545454545,0.37943999999999994,2026-04-24,8.0,7.0,0,0,0,0,180,2
691725,"Painter, Andrew",2026,2026-05-07,823467,PHI,ATH,88,20,1,4,4,True,20,15.0,7.0,3.0,3.0,2.0,0.4117647058823529,0.5,0.9411764705882353,1.4411764705882353,0.5905,2026-05-02,5.0,4.0,0,0,99,1,195,2
691725,"Painter, Andrew",2026,2026-05-13,824763,BOS,PHI,62,19,1,5,5,True,19,14.0,4.0,1.0,0.0,4.0,0.23529411764705882,0.2631578947368421,0.4117647058823529,0.6749226006191951,0.2868947368421053,2026-05-07,6.0,5.0,0,0,88,1,187,2
691725,"Painter, Andrew",2026,2026-05-18,823465,PHI,CIN,69,22,1,6,6,True,22,17.0,3.0,0.0,2.0,3.0,0.15789473684210525,0.22727272727272727,0.15789473684210525,0.3851674641148325,0.1848181818181818,2026-05-13,5.0,4.0,0,0,62,1,150,2
691725,"Painter, Andrew",2026,2026-05-24,823459,PHI,CLE,82,24,1,7,7,True,24,19.0,6.0,0.0,2.0,3.0,0.2727272727272727,0.3333333333333333,0.3181818181818182,0.6515151515151515,0.2961666666666667,2026-05-18,6.0,5.0,0,0,69,1,131,2
691725,"Painter, Andrew",2026,2026-05-31,823944,LAD,PHI,80,18,1,4,4,True,18,14.0,7.0,2.0,1.0,3.0,0.4117647058823529,0.4444444444444444,0.8235294117647058,1.2679738562091503,0.5346666666666666,2026-05-24,7.0,6.0,0,0,82,1,151,2
691725,"Painter, Andrew",2026,2026-06-06,823454,PHI,CWS,93,25,1,5,5,True,25,18.0,8.0,2.0,2.0,4.0,0.36363636363636365,0.44,0.7272727272727273,1.1672727272727272,0.49251999999999996,2026-05-31,6.0,5.0,0,0,80,1,162,2
691725,"Painter, Andrew",2026,2026-06-12,823778,MIL,PHI,78,24,2,6,5,False,24,18.0,6.0,1.0,3.0,3.0,0.3,0.375,0.5,0.875,0.37366666666666665,2026-06-06,6.0,5.0,0,0,93,1,173,2
691725,"Painter, Andrew",2026,2026-06-17,823450,PHI,MIA,56,14,1,2,2,True,14,9.0,6.0,2.0,2.0,3.0,0.5,0.5714285714285714,1.1666666666666667,1.7380952380952381,0.7002857142857143,2026-06-12,5.0,4.0,0,0,78,1,171,2
691725,"Painter, Andrew",2026,2026-07-31,824809,BAL,PHI,82,23,1,6,6,True,23,14.0,3.0,1.0,3.0,6.0,0.15,0.2608695652173913,0.35,0.6108695652173912,0.2738260869565217,2026-06-17,44.0,43.0,0,0,0,0,0,0
691725,"Painter, Andrew",2026,2026-08-05,823429,PHI,WSH,63,17,1,4,4,True,17,11.0,3.0,0.0,1.0,4.0,0.2,0.29411764705882354,0.2,0.49411764705882355,0.24099999999999996,2026-07-31,5.0,4.0,0,0,82,1,82,1
691725,"Painter, Andrew",2026,2026-08-10,823018,STL,PHI,93,21,1,6,6,True,21,12.0,2.0,0.0,3.0,6.0,0.1111111111111111,0.23809523809523808,0.16666666666666666,0.40476190476190477,0.2021904761904762,2026-08-05,5.0,4.0,0,0,63,1,145,2
691725,"Painter, Andrew",2026,2026-08-16,823670,MIN,PHI,94,24,1,5,5,True,24,17.0,6.0,2.0,3.0,2.0,0.3,0.4166666666666667,0.6,1.0166666666666666,0.43695833333333334,2026-08-10,6.0,5.0,0,0,93,1,156,2
691725,"Painter, Andrew",2026,2026-08-22,823422,PHI,STL,103,27,1,7,7,True,27,19.0,5.0,0.0,0.0,8.0,0.18518518518518517,0.18518518518518517,0.2222222222222222,0.4074074074074074,0.1785925925925926,2026-08-16,6.0,5.0,0,0,94,1,187,2
691725,"Painter, Andrew",2026,2026-08-28,823985,LAA,PHI,94,22,1,6,6,True,22,13.0,2.0,0.0,3.0,6.0,0.1111111111111111,0.22727272727272727,0.1111111111111111,0.33838383838383834,0.17609090909090908,2026-08-22,6.0,5.0,0,0,103,1,197,2
691725,"Painter, Andrew",2026,2026-09-02,825037,AZ,PHI,93,24,1,7,7,True,24,18.0,2.0,0.0,0.0,6.0,0.08333333333333333,0.08333333333333333,0.08333333333333333,0.16666666666666666,0.07416666666666667,2026-08-28,5.0,4.0,0,0,94,1,197,2
691725,"Painter, Andrew",2026,2026-09-08,823414,PHI,HOU,98,27,1,5,5,True,27,19.0,10.0,2.0,2.0,6.0,0.4,0.4444444444444444,0.72,1.1644444444444444,0.494962962962963,2026-09-02,6.0,5.0,0,0,93,1,187,2
