game_pk,game_date,inning,at_bat_number,pitch_number,stand,pitch_type,pitch_name,release_speed,plate_x,plate_z,zone,description,balls,strikes,n_thruorder_pitcher
823487,2026-03-29,1,1,1,L,SI,Sinker,95.8,-0.129,1.548,8.0,ball,0,0,1
823487,2026-03-29,1,1,2,L,SI,Sinker,96.8,0.769,2.396,6.0,foul,1,0,1
823487,2026-03-29,1,1,3,L,ST,Sweeper,84.6,1.31,3.465,12.0,ball,1,1,1
823487,2026-03-29,1,1,4,L,SI,Sinker,97.2,0.489,2.614,6.0,hit_into_play,2,1,1
823487,2026-03-29,1,2,1,R,SI,Sinker,96.5,0.854,2.857,12.0,called_strike,0,0,1
823487,2026-03-29,1,2,2,R,FF,4-Seam Fastball,96.9,-0.422,3.091,1.0,hit_into_play,0,1,1
823487,2026-03-29,1,3,1,L,ST,Sweeper,87.7,-0.995,1.346,13.0,ball,0,0,1
823487,2026-03-29,1,3,2,L,ST,Sweeper,86.4,-0.398,2.454,4.0,called_strike,1,0,1
823487,2026-03-29,1,3,3,L,ST,Sweeper,86.7,-1.672,0.49,13.0,swinging_strike,1,1,1
823487,2026-03-29,1,3,4,L,FF,4-Seam Fastball,97.0,-0.532,4.603,11.0,ball,1,2,1
823487,2026-03-29,1,3,5,L,ST,Sweeper,86.8,-0.279,3.092,1.0,called_strike,2,2,1
823487,2026-03-29,2,7,1,R,ST,Sweeper,84.1,1.637,3.939,12.0,ball,0,0,1
823487,2026-03-29,2,7,2,R,ST,Sweeper,84.6,-0.262,2.313,5.0,called_strike,1,0,1
823487,2026-03-29,2,7,3,R,FF,4-Seam Fastball,96.5,-0.604,1.608,7.0,called_strike,1,1,1
823487,2026-03-29,2,7,4,R,CH,Changeup,87.0,1.737,2.257,14.0,swinging_strike,1,2,1
823487,2026-03-29,2,8,1,R,FF,4-Seam Fastball,97.7,-1.407,1.719,13.0,ball,0,0,1
823487,2026-03-29,2,8,2,R,ST,Sweeper,85.4,0.436,3.03,3.0,called_strike,1,0,1
823487,2026-03-29,2,8,3,R,ST,Sweeper,85.4,0.003,1.159,14.0,ball,1,1,1
823487,2026-03-29,2,8,4,R,SI,Sinker,96.9,1.277,1.981,14.0,swinging_strike,2,1,1
823487,2026-03-29,2,8,5,R,FF,4-Seam Fastball,97.9,-0.515,3.339,11.0,swinging_strike,2,2,1
823487,2026-03-29,2,9,1,R,SI,Sinker,95.8,1.004,2.577,12.0,hit_into_play,0,0,1
823487,2026-03-29,3,13,1,R,SI,Sinker,95.0,0.117,2.178,5.0,hit_into_play,0,0,1
823487,2026-03-29,3,14,1,R,SI,Sinker,94.8,0.752,2.661,6.0,called_strike,0,0,1
823487,2026-03-29,3,14,2,R,FF,4-Seam Fastball,96.1,-0.966,2.311,13.0,hit_into_play,0,1,1
823487,2026-03-29,3,15,1,R,ST,Sweeper,84.5,0.685,3.175,3.0,ball,0,0,1
823487,2026-03-29,3,15,2,R,CH,Changeup,85.5,0.987,2.749,12.0,ball,1,0,1
823487,2026-03-29,3,15,3,R,CH,Changeup,85.5,0.567,2.458,6.0,called_strike,2,0,1
823487,2026-03-29,3,15,4,R,FF,4-Seam Fastball,96.2,-0.223,3.93,11.0,foul,2,1,1
823487,2026-03-29,3,15,5,R,CH,Changeup,87.7,-0.409,1.809,7.0,foul,2,2,1
823487,2026-03-29,3,15,6,R,ST,Sweeper,85.5,0.412,2.734,3.0,called_strike,2,2,1
823487,2026-03-29,3,16,1,L,ST,Sweeper,84.8,0.418,2.305,6.0,hit_into_play,0,0,2
823487,2026-03-29,3,17,1,R,SI,Sinker,95.9,-0.605,1.265,13.0,ball,0,0,2
823487,2026-03-29,3,17,2,R,CH,Changeup,86.7,-0.712,0.95,13.0,ball,1,0,2
823487,2026-03-29,3,17,3,R,CH,Changeup,86.0,-0.162,1.422,13.0,swinging_strike,2,0,2
823487,2026-03-29,3,17,4,R,CH,Changeup,86.2,-1.017,1.591,13.0,swinging_strike,2,1,2
823487,2026-03-29,3,17,5,R,FF,4-Seam Fastball,97.2,-0.368,3.389,11.0,hit_into_play,2,2,2
823487,2026-03-29,4,22,1,L,ST,Sweeper,84.1,0.625,3.713,12.0,ball,0,0,2
823487,2026-03-29,4,22,2,L,ST,Sweeper,84.8,0.359,4.355,12.0,ball,1,0,2
823487,2026-03-29,4,22,3,L,FF,4-Seam Fastball,96.4,-1.731,1.34,13.0,ball,2,0,2
823487,2026-03-29,4,22,4,L,FF,4-Seam Fastball,97.2,-1.409,2.158,13.0,ball,3,0,2
823487,2026-03-29,4,23,1,R,CH,Changeup,85.7,0.55,2.408,6.0,called_strike,0,0,2
823487,2026-03-29,4,23,2,R,CH,Changeup,86.0,0.67,2.273,6.0,hit_into_play,0,1,2
823487,2026-03-29,4,24,1,R,FF,4-Seam Fastball,96.5,-1.082,2.098,13.0,ball,0,0,2
823487,2026-03-29,4,24,2,R,ST,Sweeper,85.6,-0.17,1.756,8.0,swinging_strike,1,0,2
823487,2026-03-29,4,24,3,R,CH,Changeup,86.2,0.583,2.455,6.0,swinging_strike,1,1,2
823487,2026-03-29,4,24,4,R,ST,Sweeper,87.1,-0.903,1.467,13.0,ball,1,2,2
823487,2026-03-29,4,24,5,R,ST,Sweeper,87.0,0.093,1.784,8.0,foul,2,2,2
823487,2026-03-29,4,24,6,R,FF,4-Seam Fastball,97.9,-0.243,2.556,5.0,hit_into_play,2,2,2
823487,2026-03-29,4,25,1,R,FF,4-Seam Fastball,95.8,-0.506,1.924,7.0,hit_into_play,0,0,2
823487,2026-03-29,4,26,1,R,ST,Sweeper,83.7,0.482,2.704,6.0,called_strike,0,0,2
823487,2026-03-29,4,26,2,R,FF,4-Seam Fastball,95.8,-0.13,3.624,11.0,foul_tip,0,1,2
823487,2026-03-29,4,26,3,R,ST,Sweeper,86.6,-0.343,0.947,13.0,ball,0,2,2
823487,2026-03-29,4,26,4,R,ST,Sweeper,86.2,-1.315,1.317,13.0,foul,1,2,2
823487,2026-03-29,4,26,5,R,CH,Changeup,85.7,1.128,1.255,14.0,ball,1,2,2
823487,2026-03-29,4,26,6,R,ST,Sweeper,85.4,0.347,0.644,14.0,ball,2,2,2
823487,2026-03-29,4,26,7,R,ST,Sweeper,87.3,-1.663,1.018,13.0,swinging_strike,3,2,2
823487,2026-03-29,4,27,1,R,SI,Sinker,96.1,0.389,2.481,6.0,called_strike,0,0,2
823487,2026-03-29,4,27,2,R,ST,Sweeper,86.5,-0.132,1.734,8.0,called_strike,0,1,2
823487,2026-03-29,4,27,3,R,CH,Changeup,85.1,0.938,1.18,14.0,ball,0,2,2
823487,2026-03-29,4,27,4,R,ST,Sweeper,86.9,-0.855,0.739,13.0,ball,1,2,2
823487,2026-03-29,4,27,5,R,CH,Changeup,85.9,0.378,2.114,6.0,hit_into_play,2,2,2
823487,2026-03-29,5,32,1,R,CH,Changeup,83.3,0.574,3.478,12.0,ball,0,0,2
823487,2026-03-29,5,32,2,R,FF,4-Seam Fastball,94.5,0.132,3.55,12.0,foul,1,0,2
823487,2026-03-29,5,32,3,R,ST,Sweeper,83.9,-0.949,1.104,13.0,ball,1,1,2
823487,2026-03-29,5,32,4,R,CH,Changeup,86.4,0.003,1.793,8.0,hit_into_play,2,1,2
823487,2026-03-29,5,33,1,L,SI,Sinker,95.6,0.914,1.348,14.0,ball,0,0,3
823487,2026-03-29,5,33,2,L,FF,4-Seam Fastball,96.8,0.101,2.944,2.0,swinging_strike,1,0,3
823487,2026-03-29,5,33,3,L,ST,Sweeper,87.9,-2.13,0.354,13.0,ball,1,1,3
823487,2026-03-29,5,33,4,L,SI,Sinker,95.9,-0.158,2.031,8.0,foul,2,1,3
823487,2026-03-29,5,33,5,L,FF,4-Seam Fastball,96.9,-1.476,2.498,11.0,ball,2,2,3
823487,2026-03-29,5,33,6,L,FF,4-Seam Fastball,96.3,-0.328,2.205,4.0,foul,3,2,3
823487,2026-03-29,5,33,7,L,SI,Sinker,96.9,-0.125,1.389,13.0,hit_into_play,3,2,3
823487,2026-03-29,5,34,1,R,ST,Sweeper,83.8,-0.232,1.096,13.0,ball,0,0,3
823487,2026-03-29,5,34,2,R,CH,Changeup,84.5,0.077,0.858,14.0,swinging_strike,1,0,3
823487,2026-03-29,5,34,3,R,FF,4-Seam Fastball,95.7,-1.439,1.852,13.0,ball,1,1,3
823487,2026-03-29,5,34,4,R,FF,4-Seam Fastball,96.4,-0.237,2.942,2.0,hit_into_play,2,1,3
823487,2026-03-29,6,38,1,L,SI,Sinker,95.0,0.859,1.533,14.0,swinging_strike,0,0,3
823487,2026-03-29,6,38,2,L,FF,4-Seam Fastball,96.3,-1.088,4.517,11.0,ball,0,1,3
823487,2026-03-29,6,38,3,L,ST,Sweeper,86.4,1.137,3.735,12.0,ball,1,1,3
823487,2026-03-29,6,38,4,L,SI,Sinker,96.7,0.644,2.655,6.0,hit_into_play,2,1,3
823487,2026-03-29,6,39,1,R,FF,4-Seam Fastball,95.7,-1.626,0.749,13.0,ball,0,0,3
823487,2026-03-29,6,39,2,R,ST,Sweeper,86.1,-1.196,-0.126,13.0,swinging_strike,1,0,3
823487,2026-03-29,6,39,3,R,CH,Changeup,86.7,-0.015,1.294,13.0,swinging_strike,1,1,3
823487,2026-03-29,6,39,4,R,FF,4-Seam Fastball,96.8,-0.889,1.609,13.0,ball,1,2,3
823487,2026-03-29,6,39,5,R,ST,Sweeper,86.7,0.011,2.07,8.0,called_strike,2,2,3
823487,2026-03-29,6,40,1,R,SI,Sinker,95.2,0.748,2.184,6.0,ball,0,0,3
823487,2026-03-29,6,40,2,R,ST,Sweeper,84.6,-1.073,1.263,13.0,ball,1,0,3
823487,2026-03-29,6,40,3,R,SI,Sinker,95.4,0.412,1.671,9.0,called_strike,2,0,3
823487,2026-03-29,6,40,4,R,CH,Changeup,87.0,-0.308,2.128,4.0,hit_into_play,2,1,3
823487,2026-03-29,6,41,1,R,ST,Sweeper,84.4,-0.099,1.078,13.0,ball,0,0,3
823487,2026-03-29,6,41,2,R,ST,Sweeper,85.0,-0.081,1.52,8.0,called_strike,1,0,3
823487,2026-03-29,6,41,3,R,ST,Sweeper,86.2,1.218,2.932,12.0,ball,1,1,3
823487,2026-03-29,6,41,4,R,FF,4-Seam Fastball,96.2,-0.027,3.967,11.0,hit_into_play,2,1,3
823487,2026-03-29,6,42,1,R,ST,Sweeper,84.8,-0.346,1.889,7.0,called_strike,0,0,3
823487,2026-03-29,6,42,2,R,ST,Sweeper,86.4,-0.198,2.184,5.0,foul,0,1,3
823487,2026-03-29,6,42,3,R,FF,4-Seam Fastball,95.2,0.86,4.97,12.0,ball,0,2,3
823487,2026-03-29,6,42,4,R,FF,4-Seam Fastball,96.5,-1.016,3.876,11.0,ball,1,2,3
823487,2026-03-29,6,42,5,R,ST,Sweeper,86.4,-0.787,1.078,13.0,ball,2,2,3
823487,2026-03-29,6,42,6,R,ST,Sweeper,86.8,-0.502,2.131,7.0,called_strike,3,2,3
824378,2026-04-04,1,7,1,R,SI,Sinker,96.2,-0.641,1.858,7.0,called_strike,0,0,1
824378,2026-04-04,1,7,2,R,FF,4-Seam Fastball,97.7,-0.481,2.95,1.0,hit_into_play,0,1,1
824378,2026-04-04,1,8,1,R,SI,Sinker,96.3,0.988,2.772,12.0,ball,0,0,1
824378,2026-04-04,1,8,2,R,ST,Sweeper,87.1,-0.145,1.866,8.0,foul,1,0,1
824378,2026-04-04,1,8,3,R,ST,Sweeper,87.6,0.122,1.157,14.0,swinging_strike,1,1,1
824378,2026-04-04,1,8,4,R,ST,Sweeper,88.2,-0.024,0.677,13.0,blocked_ball,1,2,1
824378,2026-04-04,1,8,5,R,FF,4-Seam Fastball,97.5,1.244,4.749,12.0,ball,2,2,1
824378,2026-04-04,1,8,6,R,CH,Changeup,87.7,0.12,2.086,8.0,hit_into_play,3,2,1
824378,2026-04-04,1,9,1,R,ST,Sweeper,87.5,-1.362,1.334,13.0,swinging_strike,0,0,1
824378,2026-04-04,1,9,2,R,FF,4-Seam Fastball,97.6,-1.175,3.126,11.0,ball,0,1,1
824378,2026-04-04,1,9,3,R,FF,4-Seam Fastball,97.3,-0.51,2.863,1.0,foul,1,1,1
824378,2026-04-04,1,9,4,R,ST,Sweeper,88.9,-0.673,1.696,7.0,swinging_strike,1,2,1
824378,2026-04-04,1,10,1,R,ST,Sweeper,87.1,-0.083,1.699,8.0,called_strike,0,0,1
824378,2026-04-04,2,14,1,R,SI,Sinker,96.4,1.702,2.071,14.0,ball,0,0,1
824378,2026-04-04,2,14,2,R,ST,Sweeper,87.4,-1.513,0.089,13.0,ball,1,0,1
824378,2026-04-04,2,14,3,R,SI,Sinker,96.7,0.72,2.562,6.0,called_strike,2,0,1
824378,2026-04-04,2,14,4,R,FF,4-Seam Fastball,98.6,0.131,3.092,2.0,swinging_strike,2,1,1
824378,2026-04-04,2,14,5,R,FF,4-Seam Fastball,98.2,0.358,3.473,12.0,foul,2,2,1
824378,2026-04-04,2,14,6,R,CH,Changeup,88.2,1.214,1.952,14.0,foul,2,2,1
824378,2026-04-04,2,14,7,R,ST,Sweeper,88.7,1.296,2.362,14.0,ball,2,2,1
824378,2026-04-04,2,14,8,R,ST,Sweeper,88.0,-0.419,1.862,7.0,foul,3,2,1
824378,2026-04-04,2,14,9,R,FF,4-Seam Fastball,98.3,-0.195,1.664,8.0,called_strike,3,2,1
824378,2026-04-04,2,15,1,R,SI,Sinker,96.3,0.697,2.034,9.0,foul,0,0,1
824378,2026-04-04,2,15,2,R,ST,Sweeper,87.6,-0.498,0.693,13.0,swinging_strike,0,1,1
824378,2026-04-04,2,15,3,R,ST,Sweeper,88.1,-0.225,2.13,8.0,hit_into_play,0,2,1
824378,2026-04-04,2,16,1,R,ST,Sweeper,85.0,0.402,2.023,9.0,called_strike,0,0,1
824378,2026-04-04,2,16,2,R,CH,Changeup,86.9,0.464,0.744,14.0,swinging_strike,0,1,1
824378,2026-04-04,2,16,3,R,CH,Changeup,87.0,0.851,1.223,14.0,ball,0,2,1
824378,2026-04-04,2,16,4,R,ST,Sweeper,88.6,-0.789,1.825,7.0,foul,1,2,1
824378,2026-04-04,2,16,5,R,FF,4-Seam Fastball,97.6,-0.133,3.403,11.0,swinging_strike,1,2,1
824378,2026-04-04,3,20,1,L,SI,Sinker,95.6,-0.778,1.655,7.0,ball,0,0,1
824378,2026-04-04,3,20,2,L,SI,Sinker,95.8,0.15,1.528,8.0,swinging_strike,1,0,1
824378,2026-04-04,3,20,3,L,SI,Sinker,96.9,0.382,2.229,6.0,hit_into_play,1,1,1
824378,2026-04-04,3,21,1,R,SI,Sinker,95.4,0.402,2.575,6.0,foul_bunt,0,0,1
824378,2026-04-04,3,21,2,R,ST,Sweeper,84.5,2.254,3.769,12.0,ball,0,1,1
824378,2026-04-04,3,21,3,R,CH,Changeup,86.4,1.494,2.208,14.0,ball,1,1,1
824378,2026-04-04,3,21,4,R,CH,Changeup,85.9,-0.142,2.504,5.0,foul,2,1,1
824378,2026-04-04,3,21,5,R,FF,4-Seam Fastball,97.3,-1.128,3.429,11.0,ball,2,2,1
824378,2026-04-04,3,21,6,R,FF,4-Seam Fastball,97.5,-0.322,3.231,1.0,foul,3,2,1
824378,2026-04-04,3,21,7,R,CH,Changeup,87.0,-0.036,1.498,13.0,foul,3,2,1
824378,2026-04-04,3,21,8,R,CH,Changeup,86.6,0.145,2.377,5.0,hit_into_play,3,2,1
824378,2026-04-04,3,22,1,L,SI,Sinker,97.7,0.874,2.148,14.0,hit_into_play,0,0,1
824378,2026-04-04,3,23,1,R,CH,Changeup,86.9,-1.106,1.466,13.0,ball,0,0,2
824378,2026-04-04,3,23,2,R,SI,Sinker,95.6,0.75,1.777,9.0,hit_into_play,1,0,2
824378,2026-04-04,3,24,1,R,ST,Sweeper,87.1,2.182,3.611,12.0,ball,0,0,2
824378,2026-04-04,3,24,2,R,ST,Sweeper,86.5,-0.728,0.657,13.0,swinging_strike_blocked,1,0,2
824378,2026-04-04,3,24,3,R,FF,4-Seam Fastball,96.7,-0.419,3.47,1.0,foul,1,1,2
824378,2026-04-04,3,24,4,R,FF,4-Seam Fastball,97.4,0.188,3.674,12.0,swinging_strike,1,2,2
824378,2026-04-04,4,28,1,R,FF,4-Seam Fastball,97.3,-1.19,1.948,13.0,foul,0,0,2
824378,2026-04-04,4,28,2,R,ST,Sweeper,87.6,-1.235,1.173,13.0,swinging_strike,0,1,2
824378,2026-04-04,4,28,3,R,CH,Changeup,86.1,-0.725,-0.048,13.0,ball,0,2,2
824378,2026-04-04,4,28,4,R,ST,Sweeper,87.7,1.032,2.31,14.0,ball,1,2,2
824378,2026-04-04,4,28,5,R,ST,Sweeper,87.3,0.531,1.542,9.0,called_strike,2,2,2
824378,2026-04-04,4,29,1,R,CH,Changeup,86.5,1.302,1.755,14.0,swinging_strike,0,0,2
824378,2026-04-04,4,29,2,R,CH,Changeup,87.3,1.05,1.629,14.0,foul,0,1,2
824378,2026-04-04,4,29,3,R,FF,4-Seam Fastball,97.8,0.064,2.938,2.0,foul,0,2,2
824378,2026-04-04,4,29,4,R,ST,Sweeper,88.6,-0.57,0.931,13.0,swinging_strike,0,2,2
824378,2026-04-04,4,30,1,R,ST,Sweeper,86.1,0.262,1.504,14.0,called_strike,0,0,2
824378,2026-04-04,4,30,2,R,ST,Sweeper,88.8,-0.674,1.508,13.0,swinging_strike,0,1,2
824378,2026-04-04,4,30,3,R,FF,4-Seam Fastball,97.3,-0.727,2.138,7.0,called_strike,0,2,2
824378,2026-04-04,5,37,1,R,CH,Changeup,84.5,0.584,1.619,9.0,swinging_strike,0,0,2
824378,2026-04-04,5,37,2,R,ST,Sweeper,85.3,-1.666,0.454,13.0,ball,0,1,2
824378,2026-04-04,5,37,3,R,FF,4-Seam Fastball,96.8,0.383,2.747,3.0,swinging_strike,1,1,2
824378,2026-04-04,5,37,4,R,ST,Sweeper,86.8,-0.713,0.968,13.0,ball,1,2,2
824378,2026-04-04,5,37,5,R,CH,Changeup,86.5,0.312,1.617,9.0,foul,2,2,2
824378,2026-04-04,5,37,6,R,FF,4-Seam Fastball,96.9,-1.108,2.004,13.0,ball,2,2,2
824378,2026-04-04,5,37,7,R,CH,Changeup,87.6,0.277,2.58,6.0,swinging_strike,3,2,2
824378,2026-04-04,5,38,1,L,ST,Sweeper,86.3,0.224,1.373,14.0,hit_into_play,0,0,2
824378,2026-04-04,5,39,1,R,ST,Sweeper,85.1,-1.025,1.019,13.0,ball,0,0,2
824378,2026-04-04,5,39,2,R,ST,Sweeper,85.8,-0.311,1.819,7.0,called_strike,1,0,2
824378,2026-04-04,5,39,3,R,FF,4-Seam Fastball,96.6,-1.005,3.502,11.0,hit_into_play,1,1,2
824378,2026-04-04,5,40,1,L,SI,Sinker,95.9,1.011,2.716,12.0,swinging_strike,0,0,2
824378,2026-04-04,5,40,2,L,ST,Sweeper,87.3,0.312,2.129,6.0,called_strike,0,1,2
824378,2026-04-04,5,40,3,L,FF,4-Seam Fastball,97.0,-0.25,3.8,11.0,ball,0,2,2
824378,2026-04-04,5,40,4,L,ST,Sweeper,87.8,-0.303,1.811,7.0,foul,1,2,2
824378,2026-04-04,5,40,5,L,FF,4-Seam Fastball,97.6,-0.441,3.068,1.0,foul,1,2,2
824378,2026-04-04,5,40,6,L,ST,Sweeper,87.7,-1.493,-0.681,13.0,blocked_ball,1,2,2
824378,2026-04-04,5,40,7,L,ST,Sweeper,86.8,0.243,2.307,5.0,foul,2,2,2
824378,2026-04-04,5,40,8,L,CH,Changeup,87.0,-0.912,1.353,13.0,swinging_strike,2,2,2
824378,2026-04-04,6,45,1,R,SI,Sinker,93.5,1.022,1.793,14.0,ball,0,0,3
824378,2026-04-04,6,45,2,R,ST,Sweeper,85.2,0.619,1.449,14.0,called_strike,1,0,3
824378,2026-04-04,6,45,3,R,CH,Changeup,85.1,0.236,2.317,5.0,hit_into_play,1,1,3
824378,2026-04-04,6,46,1,R,CH,Changeup,85.1,0.862,1.455,14.0,swinging_strike,0,0,3
824378,2026-04-04,6,46,2,R,ST,Sweeper,85.1,0.48,2.172,9.0,called_strike,0,1,3
824378,2026-04-04,6,46,3,R,ST,Sweeper,87.0,-1.653,1.054,13.0,swinging_strike,0,2,3
824378,2026-04-04,6,47,1,R,ST,Sweeper,86.2,-0.055,0.988,13.0,ball,0,0,3
824378,2026-04-04,6,47,2,R,ST,Sweeper,87.1,-0.673,0.634,13.0,swinging_strike,1,0,3
824378,2026-04-04,6,47,3,R,FF,4-Seam Fastball,96.1,-0.584,3.874,11.0,ball,1,1,3
824378,2026-04-04,6,47,4,R,FF,4-Seam Fastball,97.1,-0.109,4.323,11.0,ball,2,1,3
824378,2026-04-04,6,47,5,R,ST,Sweeper,85.6,0.649,2.381,6.0,called_strike,3,1,3
824378,2026-04-04,6,47,6,R,ST,Sweeper,86.7,-0.574,1.423,13.0,foul,3,2,3
824378,2026-04-04,6,47,7,R,CH,Changeup,87.3,-1.112,1.687,13.0,foul_tip,3,2,3
824378,2026-04-04,7,53,1,R,FF,4-Seam Fastball,95.5,-0.648,0.978,13.0,ball,0,0,3
824378,2026-04-04,7,53,2,R,ST,Sweeper,85.2,-0.401,0.864,13.0,foul,1,0,3
824378,2026-04-04,7,53,3,R,ST,Sweeper,85.4,0.569,1.628,9.0,hit_into_play,1,1,3
824378,2026-04-04,7,54,1,R,SI,Sinker,93.2,0.364,1.476,14.0,hit_into_play,0,0,3
824378,2026-04-04,7,55,1,R,ST,Sweeper,84.2,0.486,2.283,6.0,called_strike,0,0,3
824378,2026-04-04,7,55,2,R,CH,Changeup,85.9,1.009,1.754,14.0,foul,0,1,3
824378,2026-04-04,7,55,3,R,FF,4-Seam Fastball,96.6,-0.314,2.811,1.0,hit_into_play,0,2,3
823482,2026-04-10,1,1,1,R,SI,Sinker,97.2,-0.02,0.158,13.0,ball,0,0,1
823482,2026-04-10,1,1,2,R,FF,4-Seam Fastball,98.4,-1.342,1.891,13.0,ball,1,0,1
823482,2026-04-10,1,1,3,R,SI,Sinker,97.3,-1.016,1.56,13.0,foul,2,0,1
823482,2026-04-10,1,1,4,R,CH,Changeup,87.6,0.777,3.33,12.0,ball,2,1,1
823482,2026-04-10,1,1,5,R,SI,Sinker,97.3,1.13,2.487,12.0,ball,3,1,1
823482,2026-04-10,1,2,1,R,ST,Sweeper,86.7,-0.219,2.412,5.0,called_strike,0,0,1
823482,2026-04-10,1,2,2,R,FF,4-Seam Fastball,98.5,-1.163,2.63,11.0,foul,0,1,1
823482,2026-04-10,1,2,3,R,ST,Sweeper,89.0,0.623,2.482,6.0,called_strike,0,2,1
823482,2026-04-10,1,3,1,R,SI,Sinker,97.0,0.018,2.348,5.0,called_strike,0,0,1
823482,2026-04-10,1,3,2,R,FF,4-Seam Fastball,98.1,-0.3,4.583,11.0,ball,0,1,1
823482,2026-04-10,1,3,3,R,ST,Sweeper,87.6,-0.02,2.07,8.0,called_strike,1,1,1
823482,2026-04-10,1,3,4,R,FF,4-Seam Fastball,98.3,0.081,2.982,2.0,foul,1,2,1
823482,2026-04-10,1,3,5,R,CH,Changeup,87.5,-0.739,-0.528,13.0,blocked_ball,1,2,1
823482,2026-04-10,1,3,6,R,ST,Sweeper,88.7,-0.997,1.526,13.0,swinging_strike,2,2,1
823482,2026-04-10,1,4,1,R,ST,Sweeper,86.9,-0.015,2.922,2.0,called_strike,0,0,1
823482,2026-04-10,1,4,2,R,ST,Sweeper,87.3,0.175,3.123,2.0,ball,0,1,1
823482,2026-04-10,1,4,3,R,FF,4-Seam Fastball,96.9,-1.052,3.546,11.0,swinging_strike,1,1,1
823482,2026-04-10,1,4,4,R,ST,Sweeper,89.6,-0.687,2.079,4.0,foul,1,2,1
823482,2026-04-10,1,4,5,R,FF,4-Seam Fastball,98.6,-1.146,2.77,11.0,hit_into_play,1,2,1
823482,2026-04-10,2,12,1,R,SI,Sinker,94.1,1.345,1.709,14.0,ball,0,0,1
823482,2026-04-10,2,12,2,R,ST,Sweeper,85.9,-0.93,1.451,13.0,ball,1,0,1
823482,2026-04-10,2,12,3,R,CH,Changeup,87.2,0.385,2.992,3.0,called_strike,2,0,1
823482,2026-04-10,2,12,4,R,ST,Sweeper,86.9,-0.769,2.616,4.0,hit_into_play,2,1,1
823482,2026-04-10,2,13,1,R,SI,Sinker,96.2,1.262,2.268,14.0,ball,0,0,1
823482,2026-04-10,2,13,2,R,CH,Changeup,85.7,1.33,3.863,12.0,ball,1,0,1
823482,2026-04-10,2,13,3,R,CH,Changeup,86.9,1.036,3.344,12.0,ball,2,0,1
823482,2026-04-10,2,13,4,R,SI,Sinker,97.2,-0.748,1.825,7.0,called_strike,3,0,1
823482,2026-04-10,2,13,5,R,SI,Sinker,97.1,-0.515,1.849,7.0,hit_into_play,3,1,1
823482,2026-04-10,2,14,1,R,FF,4-Seam Fastball,97.3,-1.317,2.06,13.0,ball,0,0,1
823482,2026-04-10,2,14,2,R,ST,Sweeper,86.7,-0.772,1.006,13.0,ball,1,0,1
823482,2026-04-10,2,14,3,R,SI,Sinker,96.8,0.54,2.268,6.0,hit_into_play,2,0,1
823482,2026-04-10,3,19,1,L,SI,Sinker,96.8,0.095,2.098,5.0,hit_into_play,0,0,1
823482,2026-04-10,3,20,1,R,FF,4-Seam Fastball,95.3,-0.587,1.735,7.0,called_strike,0,0,1
823482,2026-04-10,3,20,2,R,ST,Sweeper,85.3,1.044,3.715,12.0,ball,0,1,1
823482,2026-04-10,3,20,3,R,ST,Sweeper,85.8,-0.132,2.618,2.0,called_strike,1,1,1
823482,2026-04-10,3,20,4,R,CH,Changeup,86.8,1.104,1.808,14.0,swinging_strike,1,2,1
823482,2026-04-10,3,21,1,R,ST,Sweeper,86.8,-0.271,2.006,8.0,called_strike,0,0,2
823482,2026-04-10,3,21,2,R,FF,4-Seam Fastball,97.5,-0.038,3.595,11.0,swinging_strike,0,1,2
823482,2026-04-10,3,21,3,R,FF,4-Seam Fastball,98.1,-0.336,4.234,11.0,swinging_strike,0,2,2
823482,2026-04-10,4,26,1,R,SI,Sinker,94.1,-1.356,1.508,13.0,ball,0,0,2
823482,2026-04-10,4,26,2,R,CH,Changeup,85.9,-0.507,2.048,7.0,called_strike,1,0,2
823482,2026-04-10,4,26,3,R,ST,Sweeper,87.0,-0.658,2.345,4.0,swinging_strike,1,1,2
823482,2026-04-10,4,26,4,R,ST,Sweeper,88.5,-0.567,0.487,13.0,swinging_strike,1,2,2
823482,2026-04-10,4,27,1,R,FF,4-Seam Fastball,96.0,-0.817,2.297,4.0,called_strike,0,0,2
823482,2026-04-10,4,27,2,R,ST,Sweeper,87.7,-0.71,1.375,13.0,ball,0,1,2
823482,2026-04-10,4,27,3,R,ST,Sweeper,86.7,-0.564,1.281,13.0,ball,1,1,2
823482,2026-04-10,4,27,4,R,CH,Changeup,87.3,1.163,2.888,12.0,ball,2,1,2
823482,2026-04-10,4,27,5,R,FF,4-Seam Fastball,96.3,-1.142,2.449,13.0,ball,3,1,2
823482,2026-04-10,4,28,1,R,ST,Sweeper,85.2,1.149,2.866,12.0,ball,0,0,2
823482,2026-04-10,4,28,2,R,CH,Changeup,85.9,1.356,3.999,12.0,ball,1,0,2
823482,2026-04-10,4,28,3,R,SI,Sinker,96.0,0.304,2.159,6.0,hit_into_play,2,0,2
823482,2026-04-10,4,29,1,R,ST,Sweeper,86.1,0.586,2.821,3.0,called_strike,0,0,2
823482,2026-04-10,4,29,2,R,CH,Changeup,87.5,-0.244,1.041,13.0,swinging_strike,0,1,2
823482,2026-04-10,4,29,3,R,CH,Changeup,87.8,1.235,1.852,14.0,ball,0,2,2
823482,2026-04-10,4,29,4,R,ST,Sweeper,88.1,-0.369,1.88,7.0,foul,1,2,2
823482,2026-04-10,4,29,5,R,FF,4-Seam Fastball,98.2,-0.809,3.385,11.0,foul,1,2,2
823482,2026-04-10,4,29,6,R,FF,4-Seam Fastball,97.8,0.184,4.361,12.0,ball,1,2,2
823482,2026-04-10,4,29,7,R,FF,4-Seam Fastball,98.2,-0.706,3.237,1.0,swinging_strike,2,2,2
823482,2026-04-10,5,35,1,R,SI,Sinker,93.9,-0.051,1.237,13.0,ball,0,0,2
823482,2026-04-10,5,35,2,R,SI,Sinker,95.8,-0.181,2.309,5.0,hit_into_play,1,0,2
823482,2026-04-10,5,36,1,R,ST,Sweeper,84.4,-0.095,2.059,8.0,called_strike,0,0,2
823482,2026-04-10,5,36,2,R,CH,Changeup,86.2,0.685,2.901,3.0,called_strike,0,1,2
823482,2026-04-10,5,36,3,R,ST,Sweeper,87.6,-1.906,0.611,13.0,blocked_ball,0,2,2
823482,2026-04-10,5,36,4,R,ST,Sweeper,86.7,0.397,0.431,14.0,blocked_ball,1,2,2
823482,2026-04-10,5,36,5,R,FF,4-Seam Fastball,97.0,-0.17,2.365,5.0,foul,2,2,2
823482,2026-04-10,5,36,6,R,CH,Changeup,86.2,-1.277,1.55,13.0,ball,2,2,2
823482,2026-04-10,5,36,7,R,CH,Changeup,86.2,0.99,3.416,12.0,ball,3,2,2
823482,2026-04-10,5,37,1,L,SI,Sinker,94.9,0.341,2.743,3.0,hit_into_play,0,0,2
823482,2026-04-10,5,38,1,R,SI,Sinker,95.5,1.214,2.999,12.0,ball,0,0,2
823482,2026-04-10,5,38,2,R,CH,Changeup,86.9,-0.447,1.472,7.0,swinging_strike,1,0,2
823482,2026-04-10,5,38,3,R,FF,4-Seam Fastball,97.5,-1.286,2.33,11.0,foul,1,1,2
823482,2026-04-10,5,38,4,R,ST,Sweeper,87.1,-2.043,-0.311,13.0,blocked_ball,1,2,2
823482,2026-04-10,5,38,5,R,ST,Sweeper,87.9,-1.185,1.469,13.0,swinging_strike,2,2,2
823482,2026-04-10,5,39,1,R,CH,Changeup,87.1,0.218,2.59,5.0,hit_into_play,0,0,3
823482,2026-04-10,5,40,1,R,ST,Sweeper,86.0,-0.526,1.445,13.0,swinging_strike,0,0,3
823482,2026-04-10,5,40,2,R,FF,4-Seam Fastball,97.0,-0.566,3.322,11.0,hit_into_play,0,1,3
823482,2026-04-10,5,41,1,R,FF,4-Seam Fastball,97.3,-0.553,2.176,7.0,called_strike,0,0,3
823482,2026-04-10,5,41,2,R,ST,Sweeper,87.6,-1.117,0.428,13.0,blocked_ball,0,1,3
823482,2026-04-10,5,41,3,R,CH,Changeup,86.7,-0.434,1.639,7.0,foul,1,1,3
823482,2026-04-10,5,41,4,R,FF,4-Seam Fastball,97.3,-0.607,1.224,13.0,ball,1,2,3
823482,2026-04-10,5,41,5,R,ST,Sweeper,88.2,-0.326,1.669,7.0,foul,2,2,3
823482,2026-04-10,5,41,6,R,FF,4-Seam Fastball,97.0,-0.736,2.474,4.0,foul,2,2,3
823482,2026-04-10,5,41,7,R,FF,4-Seam Fastball,96.9,-0.599,1.853,7.0,called_strike,2,2,3
823482,2026-04-10,5,42,1,R,ST,Sweeper,85.8,1.732,3.442,12.0,ball,0,0,3
823482,2026-04-10,5,42,2,R,CH,Changeup,86.2,1.581,3.162,12.0,ball,1,0,3
823482,2026-04-10,5,42,3,R,SI,Sinker,96.7,0.143,2.504,5.0,hit_into_play,2,0,3
823477,2026-04-15,1,1,1,R,SI,Sinker,98.5,0.569,3.807,12.0,ball,0,0,1
823477,2026-04-15,1,1,2,R,SI,Sinker,97.8,0.009,2.315,5.0,hit_into_play,1,0,1
823477,2026-04-15,1,2,1,R,SI,Sinker,98.0,-0.74,1.811,7.0,called_strike,0,0,1
823477,2026-04-15,1,2,2,R,ST,Sweeper,88.2,-1.42,1.108,13.0,ball,0,1,1
823477,2026-04-15,1,2,3,R,ST,Sweeper,88.1,-1.051,1.717,13.0,swinging_strike,1,1,1
823477,2026-04-15,1,2,4,R,ST,Sweeper,89.0,-0.026,2.108,5.0,swinging_strike,1,2,1
823477,2026-04-15,1,3,1,R,SI,Sinker,98.3,0.503,2.122,6.0,hit_into_play,0,0,1
823477,2026-04-15,2,9,1,R,SI,Sinker,97.4,0.1,2.753,2.0,called_strike,0,0,1
823477,2026-04-15,2,9,2,R,ST,Sweeper,87.6,0.382,2.001,9.0,hit_into_play,0,1,1
823477,2026-04-15,2,10,1,L,SI,Sinker,97.4,-0.376,2.179,4.0,called_strike,0,0,1
823477,2026-04-15,2,10,2,L,SI,Sinker,98.3,0.253,2.225,5.0,hit_into_play,0,1,1
823477,2026-04-15,2,11,1,R,ST,Sweeper,86.9,-1.126,-0.616,13.0,ball,0,0,1
823477,2026-04-15,2,11,2,R,ST,Sweeper,88.7,-0.87,0.865,13.0,swinging_strike,1,0,1
823477,2026-04-15,2,11,3,R,FF,4-Seam Fastball,97.8,-0.267,4.397,11.0,ball,1,1,1
823477,2026-04-15,2,11,4,R,FF,4-Seam Fastball,98.5,-0.554,3.562,11.0,swinging_strike,2,1,1
823477,2026-04-15,2,11,5,R,ST,Sweeper,89.9,-0.164,1.808,8.0,hit_into_play,2,2,1
823477,2026-04-15,2,12,1,R,CH,Changeup,87.6,0.449,2.186,6.0,hit_into_play,0,0,1
823477,2026-04-15,3,16,1,L,SI,Sinker,98.0,-0.04,1.804,8.0,foul,0,0,1
823477,2026-04-15,3,16,2,L,ST,Sweeper,88.2,-1.677,1.506,13.0,ball,0,1,1
823477,2026-04-15,3,16,3,L,ST,Sweeper,88.3,-2.356,0.917,13.0,swinging_strike,1,1,1
823477,2026-04-15,3,16,4,L,ST,Sweeper,89.6,-2.767,-0.342,13.0,ball,1,2,1
823477,2026-04-15,3,16,5,L,ST,Sweeper,88.9,-1.182,1.358,13.0,swinging_strike,2,2,1
823477,2026-04-15,3,17,1,R,SI,Sinker,97.0,1.143,1.373,14.0,ball,0,0,1
823477,2026-04-15,3,17,2,R,CH,Changeup,88.1,1.197,1.906,14.0,ball,1,0,1
823477,2026-04-15,3,17,3,R,SI,Sinker,96.4,1.486,2.836,12.0,ball,2,0,1
823477,2026-04-15,3,17,4,R,FF,4-Seam Fastball,96.8,0.23,3.079,2.0,called_strike,3,0,1
823477,2026-04-15,3,17,5,R,FF,4-Seam Fastball,98.7,-0.179,2.238,5.0,called_strike,3,1,1
823477,2026-04-15,3,17,6,R,CH,Changeup,88.7,0.271,1.455,8.0,foul,3,2,1
823477,2026-04-15,3,17,7,R,FF,4-Seam Fastball,99.0,-0.41,2.412,4.0,foul,3,2,1
823477,2026-04-15,3,17,8,R,ST,Sweeper,88.4,-0.834,1.852,13.0,foul,3,2,1
823477,2026-04-15,3,17,9,R,CH,Changeup,88.6,0.555,2.194,6.0,hit_into_play,3,2,1
823477,2026-04-15,3,18,1,R,FF,4-Seam Fastball,98.4,-1.115,2.074,13.0,ball,0,0,2
823477,2026-04-15,3,18,2,R,CH,Changeup,87.9,0.324,3.019,3.0,called_strike,1,0,2
823477,2026-04-15,3,18,3,R,ST,Sweeper,89.0,-0.728,2.354,4.0,hit_into_play,1,1,2
823477,2026-04-15,3,19,1,R,FF,4-Seam Fastball,97.9,-0.277,2.934,1.0,called_strike,0,0,2
823477,2026-04-15,3,19,2,R,CH,Changeup,87.5,0.638,1.506,9.0,ball,0,1,2
823477,2026-04-15,3,19,3,R,FF,4-Seam Fastball,98.6,-0.912,2.582,11.0,ball,1,1,2
823477,2026-04-15,3,19,4,R,SI,Sinker,97.0,0.093,1.922,8.0,called_strike,2,1,2
823477,2026-04-15,3,19,5,R,FF,4-Seam Fastball,98.3,-0.47,2.861,1.0,foul,2,2,2
823477,2026-04-15,3,19,6,R,ST,Sweeper,89.6,-1.209,0.074,13.0,blocked_ball,2,2,2
823477,2026-04-15,3,19,7,R,ST,Sweeper,89.0,-1.854,2.101,13.0,ball,3,2,2
823477,2026-04-15,3,20,1,R,SI,Sinker,97.1,0.401,1.614,9.0,called_strike,0,0,2
823477,2026-04-15,3,20,2,R,ST,Sweeper,87.9,0.121,1.992,8.0,called_strike,0,1,2
823477,2026-04-15,3,20,3,R,FF,4-Seam Fastball,98.3,0.321,3.185,3.0,foul,0,2,2
823477,2026-04-15,3,20,4,R,FF,4-Seam Fastball,99.2,-0.515,4.21,11.0,ball,0,2,2
823477,2026-04-15,3,20,5,R,FF,4-Seam Fastball,98.6,-0.553,3.855,11.0,ball,1,2,2
823477,2026-04-15,3,20,6,R,ST,Sweeper,89.9,-2.774,-1.237,13.0,ball,2,2,2
823477,2026-04-15,3,20,7,R,ST,Sweeper,88.0,-1.343,0.923,13.0,swinging_strike,3,2,2
823477,2026-04-15,3,21,1,R,CH,Changeup,86.7,-0.055,1.067,13.0,foul,0,0,2
823477,2026-04-15,3,21,2,R,CH,Changeup,86.8,0.261,1.318,14.0,swinging_strike,0,1,2
823477,2026-04-15,3,21,3,R,CH,Changeup,86.8,0.942,1.891,14.0,swinging_strike,0,2,2
823477,2026-04-15,4,25,1,L,SI,Sinker,96.4,-0.052,1.93,8.0,called_strike,0,0,2
823477,2026-04-15,4,25,2,L,CH,Changeup,89.0,-1.487,1.111,13.0,ball,0,1,2
823477,2026-04-15,4,25,3,L,SI,Sinker,97.4,-0.241,1.811,8.0,called_strike,1,1,2
823477,2026-04-15,4,25,4,L,ST,Sweeper,89.3,-2.391,1.512,13.0,ball,1,2,2
823477,2026-04-15,4,25,5,L,ST,Sweeper,87.8,-0.612,2.326,4.0,hit_into_play,2,2,2
823477,2026-04-15,4,26,1,R,FF,4-Seam Fastball,97.8,0.112,3.141,2.0,foul,0,0,2
823477,2026-04-15,4,26,2,R,ST,Sweeper,88.6,0.211,2.01,8.0,hit_into_play,0,1,2
823477,2026-04-15,4,27,1,R,CH,Changeup,86.5,2.14,2.915,12.0,ball,0,0,2
823477,2026-04-15,4,27,2,R,FF,4-Seam Fastball,98.1,-0.867,2.593,11.0,hit_into_play,1,0,2
823477,2026-04-15,5,32,1,L,ST,Sweeper,86.4,-0.363,2.921,1.0,called_strike,0,0,2
823477,2026-04-15,5,32,2,L,SI,Sinker,96.6,1.355,2.798,12.0,foul,0,1,2
823477,2026-04-15,5,32,3,L,CH,Changeup,86.1,-0.227,1.255,13.0,ball,0,2,2
823477,2026-04-15,5,32,4,L,ST,Sweeper,87.6,-0.627,1.591,7.0,hit_into_play,1,2,2
823477,2026-04-15,5,33,1,R,ST,Sweeper,85.6,-0.418,0.851,13.0,ball,0,0,2
823477,2026-04-15,5,33,2,R,SI,Sinker,95.8,0.213,2.468,5.0,called_strike,1,0,2
823477,2026-04-15,5,33,3,R,FF,4-Seam Fastball,98.3,-0.775,3.023,1.0,ball,1,1,2
823477,2026-04-15,5,33,4,R,SI,Sinker,97.0,-0.446,2.146,4.0,hit_into_play,2,1,2
823477,2026-04-15,5,34,1,R,FF,4-Seam Fastball,96.3,-0.495,1.771,7.0,hit_into_play,0,0,3
823477,2026-04-15,5,35,1,R,SI,Sinker,96.1,-0.155,1.03,13.0,ball,0,0,3
823477,2026-04-15,5,35,2,R,ST,Sweeper,86.4,0.675,1.963,9.0,called_strike,1,0,3
823477,2026-04-15,5,35,3,R,CH,Changeup,87.0,-1.026,1.618,13.0,ball,1,1,3
823477,2026-04-15,5,35,4,R,ST,Sweeper,86.7,-1.147,-0.192,13.0,ball,2,1,3
823477,2026-04-15,5,35,5,R,CH,Changeup,86.9,-0.214,2.37,5.0,called_strike,3,1,3
823477,2026-04-15,5,35,6,R,ST,Sweeper,87.6,-0.047,2.034,8.0,hit_into_play,3,2,3
823477,2026-04-15,5,36,1,R,SI,Sinker,95.5,0.612,2.327,6.0,hit_into_play,0,0,3
823477,2026-04-15,5,37,1,R,CH,Changeup,85.9,0.793,3.244,12.0,ball,0,0,3
823477,2026-04-15,5,37,2,R,FF,4-Seam Fastball,97.7,-1.449,2.269,13.0,ball,1,0,3
823477,2026-04-15,5,37,3,R,CH,Changeup,87.2,0.373,1.823,9.0,swinging_strike,2,0,3
823477,2026-04-15,5,37,4,R,CH,Changeup,86.8,0.979,2.277,14.0,called_strike,2,1,3
823477,2026-04-15,5,37,5,R,CH,Changeup,87.7,0.676,0.581,14.0,blocked_ball,2,2,3
823477,2026-04-15,5,37,6,R,FF,4-Seam Fastball,98.5,-0.098,3.775,11.0,foul,3,2,3
823477,2026-04-15,5,37,7,R,CH,Changeup,88.1,0.46,1.933,9.0,hit_into_play,3,2,3
823477,2026-04-15,6,41,1,L,SI,Sinker,95.8,-0.26,1.03,13.0,ball,0,0,3
823477,2026-04-15,6,41,2,L,SI,Sinker,96.1,0.443,2.067,9.0,foul,1,0,3
823477,2026-04-15,6,41,3,L,FF,4-Seam Fastball,97.6,-0.838,2.079,13.0,ball,1,1,3
823477,2026-04-15,6,41,4,L,SI,Sinker,97.3,0.971,2.804,12.0,foul,2,1,3
823477,2026-04-15,6,41,5,L,ST,Sweeper,87.8,-1.6,0.781,13.0,ball,2,2,3
823477,2026-04-15,6,41,6,L,SI,Sinker,97.5,1.131,3.111,12.0,hit_into_play,3,2,3
823477,2026-04-15,6,42,1,R,ST,Sweeper,86.0,0.007,2.842,2.0,called_strike,0,0,3
823477,2026-04-15,6,42,2,R,FF,4-Seam Fastball,97.5,-0.495,2.825,1.0,hit_into_play,0,1,3
823477,2026-04-15,6,43,1,R,ST,Sweeper,85.0,1.859,4.884,12.0,ball,0,0,3
823477,2026-04-15,6,43,2,R,CH,Changeup,85.5,0.874,2.921,12.0,called_strike,1,0,3
823477,2026-04-15,6,43,3,R,CH,Changeup,86.1,0.545,2.545,6.0,hit_into_play,1,1,3
823477,2026-04-15,6,44,1,L,SI,Sinker,96.2,-0.072,1.784,8.0,hit_into_play,0,0,3
823477,2026-04-15,6,45,1,R,ST,Sweeper,85.9,-1.452,1.062,13.0,ball,0,0,3
823477,2026-04-15,6,45,2,R,ST,Sweeper,84.8,0.404,2.448,6.0,called_strike,1,0,3
823477,2026-04-15,6,45,3,R,SI,Sinker,97.0,0.333,1.187,14.0,hit_into_play,1,1,3
824690,2026-04-21,1,5,1,R,FF,4-Seam Fastball,96.8,0.326,2.53,6.0,called_strike,0,0,1
824690,2026-04-21,1,5,2,R,FF,4-Seam Fastball,97.3,-0.608,2.637,4.0,hit_into_play,0,1,1
824690,2026-04-21,1,6,1,R,ST,Sweeper,85.4,0.035,1.845,8.0,called_strike,0,0,1
824690,2026-04-21,1,6,2,R,FF,4-Seam Fastball,97.5,-0.559,2.384,4.0,hit_into_play,0,1,1
824690,2026-04-21,1,7,1,R,FF,4-Seam Fastball,97.9,-0.67,2.977,1.0,called_strike,0,0,1
824690,2026-04-21,1,7,2,R,ST,Sweeper,88.0,-0.201,1.973,8.0,hit_into_play,0,1,1
824690,2026-04-21,1,8,1,R,FF,4-Seam Fastball,98.6,-0.879,1.99,13.0,called_strike,0,0,1
824690,2026-04-21,1,8,2,R,ST,Sweeper,89.2,-0.86,0.243,13.0,blocked_ball,0,1,1
824690,2026-04-21,1,8,3,R,ST,Sweeper,88.4,0.441,1.518,9.0,called_strike,1,1,1
824690,2026-04-21,1,8,4,R,FF,4-Seam Fastball,99.1,-0.925,2.454,11.0,ball,1,2,1
824690,2026-04-21,1,8,5,R,FF,4-Seam Fastball,98.7,-1.479,2.842,11.0,ball,2,2,1
824690,2026-04-21,1,8,6,R,ST,Sweeper,87.2,-0.002,2.608,5.0,foul,3,2,1
824690,2026-04-21,1,8,7,R,FF,4-Seam Fastball,98.9,-0.204,2.229,5.0,foul,3,2,1
824690,2026-04-21,1,8,8,R,FF,4-Seam Fastball,98.5,-0.414,2.381,4.0,foul,3,2,1
824690,2026-04-21,1,8,9,R,CH,Changeup,88.2,0.52,2.828,3.0,foul,3,2,1
824690,2026-04-21,1,8,10,R,CH,Changeup,88.7,-0.025,1.746,8.0,hit_into_play,3,2,1
824690,2026-04-21,2,12,1,R,FF,4-Seam Fastball,96.1,-0.195,3.258,2.0,foul,0,0,1
824690,2026-04-21,2,12,2,R,CH,Changeup,86.9,1.203,1.51,14.0,swinging_strike,0,1,1
824690,2026-04-21,2,12,3,R,FF,4-Seam Fastball,98.2,-1.056,3.376,11.0,foul,0,2,1
824690,2026-04-21,2,12,4,R,FF,4-Seam Fastball,98.6,-0.182,2.929,2.0,hit_into_play,0,2,1
824690,2026-04-21,2,13,1,L,ST,Sweeper,85.9,-0.94,1.82,13.0,ball,0,0,1
824690,2026-04-21,2,13,2,L,SI,Sinker,97.1,0.192,1.436,14.0,ball,1,0,1
824690,2026-04-21,2,13,3,L,SI,Sinker,96.4,0.276,2.028,8.0,swinging_strike,2,0,1
824690,2026-04-21,2,13,4,L,SI,Sinker,96.7,0.354,2.334,6.0,foul,2,1,1
824690,2026-04-21,2,13,5,L,FF,4-Seam Fastball,98.1,0.166,2.697,2.0,hit_into_play,2,2,1
824690,2026-04-21,2,14,1,R,CH,Changeup,87.2,0.458,2.253,6.0,called_strike,0,0,1
824690,2026-04-21,2,14,2,R,CH,Changeup,88.3,0.037,1.628,8.0,swinging_strike,0,1,1
824690,2026-04-21,2,14,3,R,FF,4-Seam Fastball,98.0,-0.21,3.254,2.0,foul,0,2,1
824690,2026-04-21,2,14,4,R,ST,Sweeper,89.1,-0.793,0.326,13.0,blocked_ball,0,2,1
824690,2026-04-21,2,14,5,R,CH,Changeup,87.2,1.556,3.368,12.0,ball,1,2,1
824690,2026-04-21,2,14,6,R,FF,4-Seam Fastball,97.9,-1.388,2.392,13.0,ball,2,2,1
824690,2026-04-21,2,14,7,R,FF,4-Seam Fastball,98.6,-1.237,2.603,11.0,foul,3,2,1
824690,2026-04-21,2,14,8,R,CH,Changeup,87.5,0.823,2.091,9.0,hit_into_play,3,2,1
824690,2026-04-21,2,15,1,R,FF,4-Seam Fastball,97.6,-0.395,2.776,1.0,hit_into_play,0,0,1
824690,2026-04-21,2,16,1,L,SI,Sinker,98.7,0.054,1.604,8.0,called_strike,0,0,1
824690,2026-04-21,2,16,2,L,ST,Sweeper,88.6,-1.123,1.478,13.0,swinging_strike,0,1,1
824690,2026-04-21,2,16,3,L,ST,Sweeper,88.3,-2.762,0.16,13.0,blocked_ball,0,2,1
824690,2026-04-21,2,16,4,L,ST,Sweeper,89.3,-1.565,1.516,13.0,swinging_strike,1,2,1
824690,2026-04-21,3,20,1,R,ST,Sweeper,82.6,-0.345,2.256,4.0,called_strike,0,0,2
824690,2026-04-21,3,20,2,R,ST,Sweeper,86.5,-0.85,1.163,13.0,ball,0,1,2
824690,2026-04-21,3,20,3,R,CH,Changeup,87.2,-0.349,1.527,7.0,swinging_strike,1,1,2
824690,2026-04-21,3,20,4,R,CH,Changeup,86.9,0.998,1.296,14.0,foul,1,2,2
824690,2026-04-21,3,20,5,R,FF,4-Seam Fastball,97.0,-0.05,2.822,2.0,hit_into_play,1,2,2
824690,2026-04-21,3,21,1,R,FF,4-Seam Fastball,98.0,-1.094,2.542,11.0,ball,0,0,2
824690,2026-04-21,3,21,2,R,CH,Changeup,88.2,-0.498,1.361,13.0,ball,1,0,2
824690,2026-04-21,3,21,3,R,CH,Changeup,87.5,-0.027,2.678,2.0,called_strike,2,0,2
824690,2026-04-21,3,21,4,R,ST,Sweeper,85.9,-0.532,1.868,7.0,foul,2,1,2
824690,2026-04-21,3,21,5,R,CH,Changeup,87.9,0.306,0.76,14.0,foul,2,2,2
824690,2026-04-21,3,21,6,R,CH,Changeup,88.3,1.578,1.951,14.0,ball,2,2,2
824690,2026-04-21,3,21,7,R,CH,Changeup,88.0,1.277,2.801,12.0,ball,3,2,2
824690,2026-04-21,3,22,1,R,ST,Sweeper,85.5,1.036,1.708,14.0,ball,0,0,2
824690,2026-04-21,3,22,2,R,ST,Sweeper,86.3,-0.698,0.981,13.0,swinging_strike,1,0,2
824690,2026-04-21,3,22,3,R,FF,4-Seam Fastball,97.0,-0.69,3.327,11.0,ball,1,1,2
824690,2026-04-21,3,22,4,R,CH,Changeup,86.6,-1.114,1.932,13.0,ball,2,1,2
824690,2026-04-21,3,22,5,R,CH,Changeup,86.9,-0.382,2.509,4.0,foul,3,1,2
824690,2026-04-21,3,22,6,R,CH,Changeup,88.3,-1.045,1.959,13.0,ball,3,2,2
824690,2026-04-21,3,23,1,R,ST,Sweeper,86.0,-0.709,0.767,13.0,blocked_ball,0,0,2
824690,2026-04-21,3,23,2,R,ST,Sweeper,86.8,-2.019,0.513,13.0,hit_by_pitch,1,0,2
824690,2026-04-21,3,24,1,R,FF,4-Seam Fastball,96.9,-1.102,2.211,13.0,ball,0,0,2
824690,2026-04-21,3,24,2,R,CH,Changeup,87.7,-0.89,1.235,13.0,swinging_strike,1,0,2
824690,2026-04-21,3,24,3,R,CH,Changeup,88.2,-0.454,0.234,13.0,blocked_ball,1,1,2
824690,2026-04-21,3,24,4,R,FF,4-Seam Fastball,97.6,-0.719,2.951,1.0,hit_into_play,2,1,2
824690,2026-04-21,3,25,1,L,SI,Sinker,97.6,-0.691,0.878,13.0,ball,0,0,2
824690,2026-04-21,3,25,2,L,SI,Sinker,97.1,0.442,1.889,9.0,foul,1,0,2
824690,2026-04-21,3,25,3,L,SI,Sinker,97.7,-0.98,1.655,13.0,ball,1,1,2
824690,2026-04-21,3,25,4,L,SI,Sinker,96.4,0.023,2.428,5.0,hit_into_play,2,1,2
824690,2026-04-21,4,30,1,R,ST,Sweeper,82.2,0.61,3.535,12.0,ball,0,0,2
824690,2026-04-21,4,30,2,R,CH,Changeup,83.9,1.28,3.31,12.0,ball,1,0,2
824690,2026-04-21,4,30,3,R,ST,Sweeper,84.3,0.312,1.853,9.0,called_strike,2,0,2
824690,2026-04-21,4,30,4,R,FF,4-Seam Fastball,95.8,-0.413,3.901,11.0,ball,2,1,2
824690,2026-04-21,4,30,5,R,FF,4-Seam Fastball,96.0,-1.219,2.363,13.0,ball,3,1,2
824690,2026-04-21,4,31,1,R,ST,Sweeper,85.0,0.204,2.048,5.0,called_strike,0,0,2
824690,2026-04-21,4,31,2,R,ST,Sweeper,86.1,-0.314,0.729,13.0,foul,0,1,2
824690,2026-04-21,4,31,3,R,ST,Sweeper,88.9,-0.369,0.447,13.0,swinging_strike_blocked,0,2,2
824690,2026-04-21,4,32,1,L,ST,Sweeper,85.1,-0.444,1.894,7.0,swinging_strike,0,0,2
824690,2026-04-21,4,32,2,L,SI,Sinker,95.1,0.293,1.157,14.0,ball,0,1,2
824690,2026-04-21,4,32,3,L,SI,Sinker,96.4,0.165,1.492,14.0,ball,1,1,2
824690,2026-04-21,4,32,4,L,SI,Sinker,96.5,0.375,2.304,6.0,hit_into_play,2,1,2
824690,2026-04-21,4,33,1,R,ST,Sweeper,85.0,-0.094,1.519,8.0,called_strike,0,0,3
824690,2026-04-21,4,33,2,R,FF,4-Seam Fastball,95.8,-1.592,3.001,11.0,ball,0,1,3
824690,2026-04-21,4,33,3,R,CH,Changeup,86.3,-0.839,1.549,13.0,hit_into_play,1,1,3
824690,2026-04-21,4,34,1,R,ST,Sweeper,84.5,0.435,3.076,3.0,called_strike,0,0,3
824690,2026-04-21,4,34,2,R,CH,Changeup,87.1,0.584,2.821,3.0,hit_into_play,0,1,3
824690,2026-04-21,5,39,1,R,FF,4-Seam Fastball,94.1,-1.209,2.528,11.0,ball,0,0,3
824690,2026-04-21,5,39,2,R,FF,4-Seam Fastball,93.4,-0.901,1.571,13.0,ball,1,0,3
824690,2026-04-21,5,39,3,R,CH,Changeup,84.9,-1.113,1.832,13.0,ball,2,0,3
824690,2026-04-21,5,39,4,R,FF,4-Seam Fastball,92.7,-0.138,1.64,8.0,called_strike,3,0,3
824690,2026-04-21,5,39,5,R,FF,4-Seam Fastball,94.7,-0.535,3.28,11.0,ball,3,1,3
824690,2026-04-21,5,40,1,R,FF,4-Seam Fastball,94.5,-1.125,1.667,13.0,ball,0,0,3
824690,2026-04-21,5,40,2,R,ST,Sweeper,84.2,0.1,1.4,14.0,hit_into_play,1,0,3
824690,2026-04-21,5,41,1,R,ST,Sweeper,84.5,-0.279,1.374,13.0,swinging_strike,0,0,3
824690,2026-04-21,5,41,2,R,CH,Changeup,86.2,1.47,2.129,14.0,ball,0,1,3
824690,2026-04-21,5,41,3,R,CH,Changeup,86.4,0.043,1.751,8.0,swinging_strike,1,1,3
824690,2026-04-21,5,41,4,R,ST,Sweeper,88.1,-1.785,0.364,13.0,blocked_ball,1,2,3
824690,2026-04-21,5,41,5,R,FF,4-Seam Fastball,97.6,-0.395,2.468,4.0,hit_into_play,2,2,3
824690,2026-04-21,5,42,1,L,ST,Sweeper,86.4,-0.623,1.992,7.0,foul,0,0,3
824690,2026-04-21,5,42,2,L,SI,Sinker,97.9,0.04,1.661,8.0,foul,0,1,3
824690,2026-04-21,5,42,3,L,ST,Sweeper,89.5,-2.655,-0.519,13.0,blocked_ball,0,2,3
824690,2026-04-21,5,42,4,L,ST,Sweeper,88.9,-2.245,0.244,13.0,blocked_ball,1,2,3
824690,2026-04-21,5,42,5,L,ST,Sweeper,89.2,-0.676,0.995,13.0,swinging_strike,2,2,3
823473,2026-04-28,1,1,1,L,FF,4-Seam Fastball,95.8,-0.342,2.643,4.0,hit_into_play,0,0,1
823473,2026-04-28,1,2,1,R,FF,4-Seam Fastball,94.6,0.272,1.944,8.0,called_strike,0,0,1
823473,2026-04-28,1,2,2,R,FF,4-Seam Fastball,97.1,0.164,2.793,2.0,swinging_strike,0,1,1
823473,2026-04-28,1,2,3,R,FF,4-Seam Fastball,98.7,0.011,3.66,12.0,foul_tip,0,2,1
823473,2026-04-28,1,3,1,L,SI,Sinker,95.0,0.559,2.266,6.0,foul,0,0,1
823473,2026-04-28,1,3,2,L,SI,Sinker,97.5,0.543,1.606,9.0,hit_into_play,0,1,1
823473,2026-04-28,2,7,1,R,FF,4-Seam Fastball,96.3,-0.538,2.447,4.0,called_strike,0,0,1
823473,2026-04-28,2,7,2,R,ST,Sweeper,84.9,-0.994,2.365,13.0,hit_into_play,0,1,1
823473,2026-04-28,2,8,1,L,SI,Sinker,96.0,-0.162,1.44,13.0,called_strike,0,0,1
823473,2026-04-28,2,8,2,L,ST,Sweeper,86.9,-1.738,0.614,13.0,swinging_strike,0,1,1
823473,2026-04-28,2,8,3,L,ST,Sweeper,88.2,-1.03,2.159,13.0,foul,0,2,1
823473,2026-04-28,2,8,4,L,ST,Sweeper,87.5,-3.314,1.049,13.0,ball,0,2,1
823473,2026-04-28,2,8,5,L,FF,4-Seam Fastball,98.6,-0.732,2.716,4.0,swinging_strike,1,2,1
823473,2026-04-28,2,9,1,R,FF,4-Seam Fastball,97.7,-0.89,2.739,11.0,called_strike,0,0,1
823473,2026-04-28,2,9,2,R,ST,Sweeper,85.9,0.222,0.674,14.0,ball,0,1,1
823473,2026-04-28,2,9,3,R,ST,Sweeper,86.8,-0.615,1.029,13.0,ball,1,1,1
823473,2026-04-28,2,9,4,R,FF,4-Seam Fastball,97.4,1.338,2.828,12.0,hit_into_play,2,1,1
823473,2026-04-28,3,13,1,R,FF,4-Seam Fastball,96.4,-1.83,1.53,13.0,ball,0,0,1
823473,2026-04-28,3,13,2,R,CH,Changeup,85.3,-0.105,2.306,5.0,swinging_strike,1,0,1
823473,2026-04-28,3,13,3,R,CH,Changeup,86.7,1.035,1.934,14.0,swinging_strike,1,1,1
823473,2026-04-28,3,13,4,R,CH,Changeup,87.3,0.44,0.255,14.0,ball,1,2,1
823473,2026-04-28,3,13,5,R,FF,4-Seam Fastball,98.3,-0.248,3.078,2.0,foul,2,2,1
823473,2026-04-28,3,13,6,R,FF,4-Seam Fastball,98.2,0.027,2.089,8.0,hit_into_play,2,2,1
823473,2026-04-28,3,14,1,L,SI,Sinker,96.4,0.826,3.145,12.0,foul,0,0,1
823473,2026-04-28,3,14,2,L,SI,Sinker,97.5,0.849,2.355,12.0,foul,0,1,1
823473,2026-04-28,3,14,3,L,ST,Sweeper,88.5,-3.42,0.213,13.0,blocked_ball,0,2,1
823473,2026-04-28,3,14,4,L,ST,Sweeper,88.5,-0.679,2.777,1.0,swinging_strike,1,2,1
823473,2026-04-28,3,15,1,R,CH,Changeup,87.4,0.632,2.173,6.0,swinging_strike,0,0,1
823473,2026-04-28,3,15,2,R,ST,Sweeper,86.6,-0.878,1.769,13.0,swinging_strike,0,1,1
823473,2026-04-28,3,15,3,R,ST,Sweeper,89.0,-1.543,0.246,13.0,swinging_strike_blocked,0,2,1
823473,2026-04-28,3,16,1,L,SI,Sinker,97.5,0.198,1.577,8.0,called_strike,0,0,2
823473,2026-04-28,3,16,2,L,ST,Sweeper,88.5,-2.368,0.28,13.0,blocked_ball,0,1,2
823473,2026-04-28,3,16,3,L,ST,Sweeper,88.9,-1.444,1.154,13.0,ball,1,1,2
823473,2026-04-28,3,16,4,L,SI,Sinker,97.8,0.723,2.814,3.0,called_strike,2,1,2
823473,2026-04-28,3,16,5,L,ST,Sweeper,89.2,-1.883,0.535,13.0,swinging_strike_blocked,2,2,2
823473,2026-04-28,4,20,1,R,ST,Sweeper,83.5,-1.042,2.001,13.0,ball,0,0,2
823473,2026-04-28,4,20,2,R,CH,Changeup,85.6,1.777,3.016,12.0,ball,1,0,2
823473,2026-04-28,4,20,3,R,ST,Sweeper,84.2,0.768,2.555,6.0,called_strike,2,0,2
823473,2026-04-28,4,20,4,R,ST,Sweeper,85.4,-0.309,2.506,4.0,called_strike,2,1,2
823473,2026-04-28,4,20,5,R,FF,4-Seam Fastball,98.5,-0.278,2.476,4.0,swinging_strike,2,2,2
823473,2026-04-28,4,21,1,L,SI,Sinker,94.1,0.089,2.334,5.0,called_strike,0,0,2
823473,2026-04-28,4,21,2,L,ST,Sweeper,87.2,-0.867,0.848,13.0,ball,0,1,2
823473,2026-04-28,4,21,3,L,SI,Sinker,97.1,0.339,1.619,9.0,hit_into_play,1,1,2
823473,2026-04-28,4,22,1,R,CH,Changeup,87.0,-0.234,1.23,13.0,ball,0,0,2
823473,2026-04-28,4,22,2,R,ST,Sweeper,85.2,0.328,3.156,3.0,called_strike,1,0,2
823473,2026-04-28,4,22,3,R,FF,4-Seam Fastball,97.2,-1.112,2.148,13.0,ball,1,1,2
823473,2026-04-28,4,22,4,R,FF,4-Seam Fastball,97.4,-1.25,2.344,13.0,ball,2,1,2
823473,2026-04-28,4,22,5,R,CH,Changeup,87.8,-0.426,1.631,7.0,hit_into_play,3,1,2
823473,2026-04-28,4,23,1,L,ST,Sweeper,84.7,0.803,2.661,6.0,ball,0,0,2
823473,2026-04-28,4,23,2,L,ST,Sweeper,86.6,-0.273,0.825,13.0,swinging_strike,1,0,2
823473,2026-04-28,4,23,3,L,SI,Sinker,97.2,-0.677,2.626,4.0,hit_into_play,1,1,2
823473,2026-04-28,5,30,1,R,ST,Sweeper,82.5,0.15,1.765,8.0,called_strike,0,0,2
823473,2026-04-28,5,30,2,R,ST,Sweeper,85.9,-1.164,0.436,13.0,ball,0,1,2
823473,2026-04-28,5,30,3,R,FF,4-Seam Fastball,96.1,-1.271,1.738,13.0,ball,1,1,2
823473,2026-04-28,5,30,4,R,CH,Changeup,85.6,-0.194,1.833,8.0,called_strike,2,1,2
823473,2026-04-28,5,30,5,R,CH,Changeup,87.1,0.979,1.702,14.0,foul,2,2,2
823473,2026-04-28,5,30,6,R,ST,Sweeper,86.3,-0.223,1.897,8.0,foul,2,2,2
823473,2026-04-28,5,30,7,R,FF,4-Seam Fastball,97.4,-0.74,2.523,4.0,hit_into_play,2,2,2
823473,2026-04-28,5,31,1,R,CH,Changeup,85.2,0.314,1.077,14.0,swinging_strike,0,0,2
823473,2026-04-28,5,31,2,R,ST,Sweeper,84.4,-1.291,0.745,13.0,ball,0,1,2
823473,2026-04-28,5,31,3,R,FF,4-Seam Fastball,96.1,-0.85,2.829,11.0,swinging_strike,1,1,2
823473,2026-04-28,5,31,4,R,CH,Changeup,86.8,1.16,1.303,14.0,ball,1,2,2
823473,2026-04-28,5,31,5,R,CH,Changeup,86.6,1.56,2.579,12.0,ball,2,2,2
823473,2026-04-28,5,31,6,R,FF,4-Seam Fastball,98.3,0.003,2.617,5.0,foul,3,2,2
823473,2026-04-28,5,31,7,R,FF,4-Seam Fastball,98.4,-0.41,2.953,1.0,foul,3,2,2
823473,2026-04-28,5,31,8,R,ST,Sweeper,84.7,-0.143,2.236,5.0,hit_into_play,3,2,2
823473,2026-04-28,5,32,1,L,SI,Sinker,95.9,0.748,2.558,6.0,hit_into_play,0,0,2
823473,2026-04-28,6,36,1,R,SI,Sinker,95.0,0.842,2.674,12.0,called_strike,0,0,2
823473,2026-04-28,6,36,2,R,CH,Changeup,85.7,0.012,1.832,8.0,foul,0,1,2
823473,2026-04-28,6,36,3,R,ST,Sweeper,85.6,1.057,3.301,12.0,ball,0,2,2
823473,2026-04-28,6,36,4,R,ST,Sweeper,85.8,-1.271,0.458,13.0,swinging_strike_blocked,1,2,2
823473,2026-04-28,6,37,1,L,ST,Sweeper,82.9,0.012,2.311,5.0,hit_into_play,0,0,3
823473,2026-04-28,6,38,1,R,FF,4-Seam Fastball,95.8,-1.164,1.554,13.0,ball,0,0,3
823473,2026-04-28,6,38,2,R,CH,Changeup,84.6,-0.291,1.4,13.0,foul,1,0,3
823473,2026-04-28,6,38,3,R,CH,Changeup,86.4,0.753,2.229,6.0,foul,1,1,3
823473,2026-04-28,6,38,4,R,ST,Sweeper,87.6,-0.386,2.202,4.0,called_strike,1,2,3
823473,2026-04-28,7,48,1,L,SI,Sinker,91.3,0.147,2.065,5.0,called_strike,0,0,3
823473,2026-04-28,7,48,2,L,CH,Changeup,85.1,0.628,2.485,6.0,foul,0,1,3
823473,2026-04-28,7,48,3,L,ST,Sweeper,85.9,-0.139,1.807,8.0,hit_into_play,0,2,3
823473,2026-04-28,7,49,1,R,ST,Sweeper,80.6,-0.122,3.104,2.0,called_strike,0,0,3
823473,2026-04-28,7,49,2,R,ST,Sweeper,84.6,-0.296,1.033,13.0,ball,0,1,3
823473,2026-04-28,7,49,3,R,FF,4-Seam Fastball,96.1,0.023,2.534,5.0,foul,1,1,3
823473,2026-04-28,7,49,4,R,ST,Sweeper,85.8,1.723,3.756,12.0,ball,1,2,3
823473,2026-04-28,7,49,5,R,ST,Sweeper,85.3,0.057,2.483,5.0,hit_into_play,2,2,3
823473,2026-04-28,7,50,1,L,ST,Sweeper,82.3,0.248,0.893,14.0,foul,0,0,3
823473,2026-04-28,7,50,2,L,ST,Sweeper,85.9,-2.878,0.411,13.0,ball,0,1,3
823473,2026-04-28,7,50,3,L,ST,Sweeper,86.2,-2.462,0.88,13.0,ball,1,1,3
823473,2026-04-28,7,50,4,L,CH,Changeup,85.9,-0.157,1.991,8.0,hit_into_play,2,1,3
823875,2026-05-03,1,10,1,R,FF,4-Seam Fastball,93.9,1.379,2.796,12.0,ball,0,0,1
823875,2026-05-03,1,10,2,R,FF,4-Seam Fastball,95.5,-0.037,1.994,8.0,called_strike,1,0,1
823875,2026-05-03,1,10,3,R,ST,Sweeper,85.3,-0.034,2.203,5.0,foul,1,1,1
823875,2026-05-03,1,10,4,R,CH,Changeup,87.5,1.72,3.214,12.0,ball,1,2,1
823875,2026-05-03,1,10,5,R,CH,Changeup,86.7,0.818,1.661,9.0,swinging_strike,2,2,1
823875,2026-05-03,1,11,1,R,FF,4-Seam Fastball,97.6,-0.58,2.213,4.0,hit_into_play,0,0,1
823875,2026-05-03,1,12,1,L,ST,Sweeper,84.9,0.827,3.101,3.0,called_strike,0,0,1
823875,2026-05-03,1,12,2,L,ST,Sweeper,87.8,-0.996,2.531,11.0,hit_into_play,0,1,1
823875,2026-05-03,1,13,1,R,ST,Sweeper,82.9,1.099,4.795,12.0,ball,0,0,1
823875,2026-05-03,1,13,2,R,ST,Sweeper,84.7,0.461,2.465,6.0,called_strike,1,0,1
823875,2026-05-03,1,13,3,R,CH,Changeup,86.7,-0.563,1.324,13.0,swinging_strike,1,1,1
823875,2026-05-03,1,13,4,R,CH,Changeup,88.1,0.951,1.411,14.0,swinging_strike,1,2,1
823875,2026-05-03,2,18,1,R,SI,Sinker,94.1,0.935,2.723,12.0,ball,0,0,1
823875,2026-05-03,2,18,2,R,ST,Sweeper,83.1,1.387,3.749,12.0,ball,1,0,1
823875,2026-05-03,2,18,3,R,SI,Sinker,95.5,-0.084,1.504,8.0,hit_into_play,2,0,1
823875,2026-05-03,2,19,1,R,ST,Sweeper,85.0,-1.613,1.025,13.0,swinging_strike,0,0,1
823875,2026-05-03,2,19,2,R,ST,Sweeper,86.8,-0.484,2.103,7.0,hit_into_play,0,1,1
823875,2026-05-03,2,20,1,R,FF,4-Seam Fastball,97.7,-0.349,2.649,1.0,called_strike,0,0,1
823875,2026-05-03,2,20,2,R,CH,Changeup,86.8,0.926,1.532,14.0,swinging_strike,0,1,1
823875,2026-05-03,2,20,3,R,CH,Changeup,87.8,-0.179,0.918,13.0,swinging_strike,0,2,1
823875,2026-05-03,2,21,1,R,CH,Changeup,87.7,1.207,1.707,14.0,ball,0,0,1
823875,2026-05-03,2,21,2,R,CH,Changeup,87.3,-0.578,1.125,13.0,ball,1,0,1
823875,2026-05-03,2,21,3,R,SI,Sinker,97.9,1.023,1.796,14.0,ball,2,0,1
823875,2026-05-03,2,21,4,R,FF,4-Seam Fastball,96.7,0.329,2.82,3.0,called_strike,3,0,1
823875,2026-05-03,2,21,5,R,CH,Changeup,87.6,0.145,1.425,14.0,swinging_strike,3,1,1
823875,2026-05-03,2,21,6,R,FF,4-Seam Fastball,98.2,-0.258,1.949,8.0,called_strike,3,2,1
823875,2026-05-03,2,22,1,R,FF,4-Seam Fastball,98.8,-1.034,2.332,11.0,ball,0,0,1
823875,2026-05-03,2,22,2,R,ST,Sweeper,86.3,-0.87,1.566,13.0,foul,1,0,1
823875,2026-05-03,2,22,3,R,FF,4-Seam Fastball,98.8,-0.281,2.842,1.0,hit_into_play,1,1,1
823875,2026-05-03,3,29,1,R,FF,4-Seam Fastball,96.5,-0.134,1.868,8.0,called_strike,0,0,2
823875,2026-05-03,3,29,2,R,CH,Changeup,86.2,0.742,1.861,9.0,hit_into_play,0,1,2
823875,2026-05-03,3,30,1,R,FF,4-Seam Fastball,96.3,0.25,2.337,5.0,hit_into_play,0,0,2
823875,2026-05-03,3,31,1,L,SI,Sinker,97.1,0.128,2.466,5.0,called_strike,0,0,2
823875,2026-05-03,3,31,2,L,ST,Sweeper,85.8,-1.601,2.098,13.0,swinging_strike,0,1,2
823875,2026-05-03,3,31,3,L,FF,4-Seam Fastball,97.5,-1.131,2.526,11.0,ball,0,2,2
823875,2026-05-03,3,31,4,L,FF,4-Seam Fastball,97.2,-0.639,3.982,11.0,ball,1,2,2
823875,2026-05-03,3,31,5,L,ST,Sweeper,85.6,-1.136,2.295,13.0,hit_into_play,2,2,2
823875,2026-05-03,4,35,1,R,CH,Changeup,84.0,-0.167,1.368,13.0,ball,0,0,2
823875,2026-05-03,4,35,2,R,FF,4-Seam Fastball,95.9,-0.646,2.226,4.0,foul,1,0,2
823875,2026-05-03,4,35,3,R,ST,Sweeper,83.7,0.177,3.101,2.0,called_strike,1,1,2
823875,2026-05-03,4,35,4,R,FF,4-Seam Fastball,96.5,0.465,3.858,12.0,ball,1,2,2
823875,2026-05-03,4,35,5,R,CH,Changeup,87.2,0.624,1.592,9.0,called_strike,2,2,2
823875,2026-05-03,4,36,1,R,ST,Sweeper,84.1,-0.513,1.311,13.0,ball,0,0,2
823875,2026-05-03,4,36,2,R,CH,Changeup,86.5,1.115,2.498,12.0,ball,1,0,2
823875,2026-05-03,4,36,3,R,CH,Changeup,86.0,0.556,2.695,3.0,called_strike,2,0,2
823875,2026-05-03,4,36,4,R,ST,Sweeper,83.1,0.279,3.219,12.0,ball,2,1,2
823875,2026-05-03,4,36,5,R,FF,4-Seam Fastball,97.5,-0.385,1.903,7.0,called_strike,3,1,2
823875,2026-05-03,4,36,6,R,FF,4-Seam Fastball,97.3,0.086,2.175,5.0,foul,3,2,2
823875,2026-05-03,4,36,7,R,CH,Changeup,86.5,0.99,2.034,14.0,hit_into_play,3,2,2
823875,2026-05-03,4,37,1,R,FF,4-Seam Fastball,98.0,-0.712,3.069,1.0,foul,0,0,2
823875,2026-05-03,4,37,2,R,ST,Sweeper,86.4,-1.537,0.849,13.0,ball,0,1,2
823875,2026-05-03,4,37,3,R,FF,4-Seam Fastball,97.1,0.465,4.358,12.0,ball,1,1,2
823875,2026-05-03,4,37,4,R,ST,Sweeper,84.7,-0.173,3.004,2.0,foul_tip,2,1,2
823875,2026-05-03,4,37,5,R,FF,4-Seam Fastball,97.9,-0.365,2.163,4.0,hit_into_play,2,2,2
823875,2026-05-03,4,38,1,R,FF,4-Seam Fastball,96.3,-1.141,1.94,13.0,ball,0,0,2
823875,2026-05-03,4,38,2,R,FF,4-Seam Fastball,96.5,-0.601,2.528,4.0,hit_into_play,1,0,2
823875,2026-05-03,5,43,1,R,FF,4-Seam Fastball,95.0,-0.449,3.438,11.0,ball,0,0,2
823875,2026-05-03,5,43,2,R,ST,Sweeper,80.9,0.297,3.531,12.0,ball,1,0,2
823875,2026-05-03,5,43,3,R,FF,4-Seam Fastball,95.0,-0.233,1.995,8.0,called_strike,2,0,2
823875,2026-05-03,5,43,4,R,CH,Changeup,85.0,-0.024,1.243,13.0,foul,2,1,2
823875,2026-05-03,5,43,5,R,ST,Sweeper,86.9,-1.602,1.422,13.0,swinging_strike,2,2,2
823875,2026-05-03,5,44,1,R,CH,Changeup,85.0,0.298,1.952,9.0,foul,0,0,2
823875,2026-05-03,5,44,2,R,ST,Sweeper,84.7,-1.289,1.131,13.0,foul,0,1,2
823875,2026-05-03,5,44,3,R,CH,Changeup,87.3,1.203,2.267,12.0,foul,0,2,2
823875,2026-05-03,5,44,4,R,FF,4-Seam Fastball,96.8,0.668,3.529,12.0,foul,0,2,2
823875,2026-05-03,5,44,5,R,ST,Sweeper,87.3,-0.686,0.158,13.0,swinging_strike_blocked,0,2,2
823875,2026-05-03,5,45,1,R,CH,Changeup,86.8,0.812,1.776,9.0,swinging_strike,0,0,3
823875,2026-05-03,5,45,2,R,FF,4-Seam Fastball,98.0,-1.704,1.785,13.0,ball,0,1,3
823875,2026-05-03,5,45,3,R,ST,Sweeper,86.1,0.169,1.206,14.0,hit_into_play,1,1,3
823875,2026-05-03,5,46,1,R,ST,Sweeper,84.7,-1.027,0.772,13.0,ball,0,0,3
823875,2026-05-03,5,46,2,R,CH,Changeup,86.5,0.842,1.632,14.0,ball,1,0,3
823875,2026-05-03,5,46,3,R,FF,4-Seam Fastball,97.6,-0.688,1.767,7.0,hit_into_play,2,0,3
823875,2026-05-03,6,51,1,L,ST,Sweeper,84.8,-0.408,1.036,13.0,ball,0,0,3
823875,2026-05-03,6,51,2,L,ST,Sweeper,84.6,-1.315,2.064,13.0,ball,1,0,3
823875,2026-05-03,6,51,3,L,FF,4-Seam Fastball,96.5,0.521,1.866,9.0,called_strike,2,0,3
823875,2026-05-03,6,51,4,L,FF,4-Seam Fastball,96.3,-0.333,2.306,4.0,called_strike,2,1,3
823875,2026-05-03,6,51,5,L,ST,Sweeper,87.3,-0.167,2.15,8.0,swinging_strike,2,2,3
823875,2026-05-03,6,52,1,R,FF,4-Seam Fastball,96.9,-0.101,2.212,5.0,called_strike,0,0,3
823875,2026-05-03,6,52,2,R,CH,Changeup,87.6,0.884,1.966,14.0,foul,0,1,3
823875,2026-05-03,6,52,3,R,ST,Sweeper,87.3,-1.27,1.206,13.0,ball,0,2,3
823875,2026-05-03,6,52,4,R,ST,Sweeper,87.1,-1.052,1.712,13.0,foul_tip,1,2,3
823875,2026-05-03,6,53,1,R,FF,4-Seam Fastball,96.9,-0.803,1.809,7.0,called_strike,0,0,3
823875,2026-05-03,6,53,2,R,CH,Changeup,87.1,1.137,1.822,14.0,ball,0,1,3
823875,2026-05-03,6,53,3,R,CH,Changeup,86.3,0.305,1.397,14.0,foul,1,1,3
823875,2026-05-03,6,53,4,R,ST,Sweeper,87.0,-0.453,1.909,7.0,hit_into_play,1,2,3
823875,2026-05-03,7,59,1,R,ST,Sweeper,81.4,0.227,1.809,8.0,called_strike,0,0,3
823875,2026-05-03,7,59,2,R,CH,Changeup,84.3,0.657,1.082,14.0,ball,0,1,3
823875,2026-05-03,7,59,3,R,ST,Sweeper,83.5,0.805,1.799,9.0,called_strike,1,1,3
823875,2026-05-03,7,59,4,R,CH,Changeup,85.5,1.154,1.457,14.0,swinging_strike,1,2,3
823875,2026-05-03,7,60,1,R,CH,Changeup,84.5,0.105,1.641,8.0,called_strike,0,0,3
823875,2026-05-03,7,60,2,R,FF,4-Seam Fastball,97.3,-1.437,1.284,13.0,ball,0,1,3
823875,2026-05-03,7,60,3,R,ST,Sweeper,84.4,-0.859,1.24,13.0,swinging_strike,1,1,3
823875,2026-05-03,7,60,4,R,CH,Changeup,86.4,1.489,1.835,14.0,ball,1,2,3
823875,2026-05-03,7,60,5,R,ST,Sweeper,86.8,-2.271,0.41,13.0,hit_by_pitch,2,2,3
823875,2026-05-03,7,61,1,R,ST,Sweeper,81.0,1.954,3.336,12.0,ball,0,0,3
823875,2026-05-03,7,61,2,R,FF,4-Seam Fastball,94.5,1.787,2.925,12.0,ball,1,0,3
823875,2026-05-03,7,61,3,R,FF,4-Seam Fastball,94.9,0.119,1.959,8.0,hit_into_play,2,0,3
823875,2026-05-03,7,62,1,R,ST,Sweeper,83.1,-0.414,1.804,7.0,called_strike,0,0,3
823875,2026-05-03,7,62,2,R,CH,Changeup,86.2,1.085,2.716,12.0,ball,0,1,3
823875,2026-05-03,7,62,3,R,CH,Changeup,86.1,0.689,2.287,6.0,foul,1,1,3
823875,2026-05-03,7,62,4,R,ST,Sweeper,85.8,-1.036,1.206,13.0,ball,1,2,3
823875,2026-05-03,7,62,5,R,CH,Changeup,86.6,0.349,1.453,9.0,hit_into_play,2,2,3
823466,2026-05-08,1,1,1,R,FF,4-Seam Fastball,95.4,-1.155,2.319,13.0,ball,0,0,1
823466,2026-05-08,1,1,2,R,ST,Sweeper,83.3,0.445,1.893,9.0,called_strike,1,0,1
823466,2026-05-08,1,1,3,R,FF,4-Seam Fastball,96.7,-1.386,2.324,13.0,ball,1,1,1
823466,2026-05-08,1,1,4,R,CH,Changeup,86.2,-0.114,1.531,13.0,swinging_strike,2,1,1
823466,2026-05-08,1,1,5,R,ST,Sweeper,87.4,-1.476,0.342,13.0,ball,2,2,1
823466,2026-05-08,1,1,6,R,FF,4-Seam Fastball,98.4,-0.528,1.884,7.0,foul,3,2,1
823466,2026-05-08,1,1,7,R,FF,4-Seam Fastball,98.2,-0.907,2.739,11.0,foul,3,2,1
823466,2026-05-08,1,1,8,R,ST,Sweeper,86.1,-1.281,-0.018,13.0,blocked_ball,3,2,1
823466,2026-05-08,1,2,1,R,FF,4-Seam Fastball,96.5,0.291,3.534,12.0,ball,0,0,1
823466,2026-05-08,1,2,2,R,CH,Changeup,84.7,1.581,3.318,12.0,ball,1,0,1
823466,2026-05-08,1,2,3,R,SI,Sinker,94.8,-0.34,1.855,7.0,called_strike,2,0,1
823466,2026-05-08,1,2,4,R,CH,Changeup,85.5,-0.619,2.158,4.0,hit_into_play,2,1,1
823466,2026-05-08,1,3,1,L,ST,Sweeper,86.0,-1.838,0.478,13.0,blocked_ball,0,0,1
823466,2026-05-08,1,3,2,L,SI,Sinker,97.2,0.443,2.366,6.0,called_strike,1,0,1
823466,2026-05-08,1,3,3,L,SI,Sinker,96.9,0.858,1.981,14.0,foul,1,1,1
823466,2026-05-08,1,3,4,L,ST,Sweeper,87.4,-2.91,0.666,13.0,ball,1,2,1
823466,2026-05-08,1,3,5,L,ST,Sweeper,86.4,-0.115,2.594,5.0,foul,2,2,1
823466,2026-05-08,1,3,6,L,CH,Changeup,85.8,-0.38,1.652,7.0,hit_into_play,2,2,1
823466,2026-05-08,1,4,1,R,ST,Sweeper,83.8,-0.829,0.663,13.0,swinging_strike,0,0,1
823466,2026-05-08,1,4,2,R,ST,Sweeper,86.0,-0.876,1.138,13.0,swinging_strike,0,1,1
823466,2026-05-08,1,4,3,R,ST,Sweeper,87.1,-2.101,-0.022,13.0,ball,0,2,1
823466,2026-05-08,1,4,4,R,FF,4-Seam Fastball,97.8,-1.476,2.275,13.0,foul,1,2,1
823466,2026-05-08,1,4,5,R,CH,Changeup,86.9,0.59,1.683,9.0,foul,1,2,1
823466,2026-05-08,1,4,6,R,FF,4-Seam Fastball,97.6,-0.056,3.635,11.0,foul,1,2,1
823466,2026-05-08,1,4,7,R,ST,Sweeper,86.7,-0.362,1.801,7.0,foul,1,2,1
823466,2026-05-08,1,4,8,R,ST,Sweeper,86.6,-1.914,0.978,13.0,ball,1,2,1
823466,2026-05-08,1,4,9,R,ST,Sweeper,88.1,-0.742,0.305,13.0,swinging_strike_blocked,2,2,1
823466,2026-05-08,2,9,1,R,FF,4-Seam Fastball,95.2,-0.838,3.007,11.0,foul,0,0,1
823466,2026-05-08,2,9,2,R,ST,Sweeper,83.4,-0.05,1.33,13.0,swinging_strike,0,1,1
823466,2026-05-08,2,9,3,R,CH,Changeup,85.2,1.567,2.934,12.0,ball,0,2,1
823466,2026-05-08,2,9,4,R,CH,Changeup,84.4,1.404,2.474,14.0,foul,1,2,1
823466,2026-05-08,2,9,5,R,FF,4-Seam Fastball,97.0,0.541,3.676,12.0,swinging_strike,1,2,1
823466,2026-05-08,2,10,1,R,CH,Changeup,85.3,-0.237,1.543,8.0,swinging_strike,0,0,1
823466,2026-05-08,2,10,2,R,FF,4-Seam Fastball,96.4,-0.617,3.042,1.0,hit_into_play,0,1,1
823466,2026-05-08,2,11,1,R,SI,Sinker,94.1,0.657,1.797,9.0,called_strike,0,0,1
823466,2026-05-08,2,11,2,R,CH,Changeup,85.4,0.553,2.679,6.0,called_strike,0,1,1
823466,2026-05-08,2,11,3,R,ST,Sweeper,85.4,-0.477,0.975,13.0,ball,0,2,1
823466,2026-05-08,2,11,4,R,CH,Changeup,84.9,0.935,1.764,14.0,swinging_strike,1,2,1
823466,2026-05-08,2,12,1,R,CH,Changeup,85.2,0.596,2.001,9.0,swinging_strike,0,0,1
823466,2026-05-08,2,12,2,R,FF,4-Seam Fastball,96.9,0.396,4.665,12.0,ball,0,1,1
823466,2026-05-08,2,12,3,R,ST,Sweeper,87.7,-2.046,0.749,13.0,ball,1,1,1
823466,2026-05-08,2,12,4,R,ST,Sweeper,87.7,-0.379,1.322,13.0,swinging_strike,2,1,1
823466,2026-05-08,2,12,5,R,FF,4-Seam Fastball,97.2,0.374,3.412,12.0,foul,2,2,1
823466,2026-05-08,2,12,6,R,CH,Changeup,86.7,0.889,1.272,14.0,hit_into_play,2,2,1
823466,2026-05-08,3,16,1,L,ST,Sweeper,83.1,-0.023,2.475,5.0,called_strike,0,0,1
823466,2026-05-08,3,16,2,L,ST,Sweeper,85.4,-1.919,1.941,13.0,ball,0,1,1
823466,2026-05-08,3,16,3,L,FF,4-Seam Fastball,95.7,-0.81,2.524,4.0,ball,1,1,1
823466,2026-05-08,3,16,4,L,ST,Sweeper,83.5,0.783,2.945,3.0,called_strike,2,1,1
823466,2026-05-08,3,16,5,L,ST,Sweeper,85.1,-1.488,1.471,13.0,swinging_strike,2,2,1
823466,2026-05-08,3,17,1,R,SI,Sinker,93.7,-0.159,1.363,13.0,ball,0,0,2
823466,2026-05-08,3,17,2,R,CH,Changeup,85.0,0.558,1.994,9.0,swinging_strike,1,0,2
823466,2026-05-08,3,17,3,R,CH,Changeup,85.5,1.251,0.688,14.0,ball,1,1,2
823466,2026-05-08,3,17,4,R,FF,4-Seam Fastball,96.4,0.24,3.235,2.0,foul,2,1,2
823466,2026-05-08,3,17,5,R,FF,4-Seam Fastball,97.9,-1.386,1.61,13.0,ball,2,2,2
823466,2026-05-08,3,17,6,R,CH,Changeup,86.9,-0.228,2.491,5.0,swinging_strike,3,2,2
823466,2026-05-08,3,18,1,R,SI,Sinker,94.8,-0.3,1.733,7.0,called_strike,0,0,2
823466,2026-05-08,3,18,2,R,ST,Sweeper,83.5,0.351,2.335,6.0,called_strike,0,1,2
823466,2026-05-08,3,18,3,R,ST,Sweeper,86.0,0.01,1.643,8.0,foul,0,2,2
823466,2026-05-08,3,18,4,R,FF,4-Seam Fastball,97.5,-0.35,2.025,7.0,foul,0,2,2
823466,2026-05-08,3,18,5,R,CH,Changeup,86.2,0.285,0.547,14.0,ball,0,2,2
823466,2026-05-08,3,18,6,R,CH,Changeup,86.0,1.023,1.628,14.0,foul,1,2,2
823466,2026-05-08,3,18,7,R,ST,Sweeper,87.7,-0.878,1.668,13.0,foul,1,2,2
823466,2026-05-08,3,18,8,R,FF,4-Seam Fastball,97.9,-0.763,3.369,11.0,foul,1,2,2
823466,2026-05-08,3,18,9,R,FF,4-Seam Fastball,97.2,-0.847,2.899,11.0,foul,1,2,2
823466,2026-05-08,3,18,10,R,ST,Sweeper,85.1,1.473,2.867,12.0,ball,1,2,2
823466,2026-05-08,3,18,11,R,CH,Changeup,86.8,-0.356,0.049,13.0,ball,2,2,2
823466,2026-05-08,3,18,12,R,CH,Changeup,87.0,-0.453,1.222,13.0,swinging_strike,3,2,2
823466,2026-05-08,4,23,1,L,ST,Sweeper,83.4,-1.876,1.233,13.0,ball,0,0,2
823466,2026-05-08,4,23,2,L,ST,Sweeper,84.0,0.593,2.932,3.0,called_strike,1,0,2
823466,2026-05-08,4,23,3,L,SI,Sinker,96.2,0.199,0.588,14.0,ball,1,1,2
823466,2026-05-08,4,23,4,L,SI,Sinker,96.1,0.199,1.38,14.0,foul_tip,2,1,2
823466,2026-05-08,4,23,5,L,FF,4-Seam Fastball,97.6,-0.727,3.174,1.0,hit_into_play,2,2,2
823466,2026-05-08,4,24,1,R,CH,Changeup,86.3,-0.595,0.341,13.0,blocked_ball,0,0,2
823466,2026-05-08,4,24,2,R,FF,4-Seam Fastball,96.3,-0.195,4.439,11.0,ball,1,0,2
823466,2026-05-08,4,24,3,R,CH,Changeup,85.2,0.334,2.169,6.0,called_strike,2,0,2
823466,2026-05-08,4,24,4,R,ST,Sweeper,84.0,0.307,2.23,6.0,called_strike,2,1,2
823466,2026-05-08,4,24,5,R,ST,Sweeper,84.7,-0.264,1.451,13.0,hit_into_play,2,2,2
823466,2026-05-08,4,25,1,R,ST,Sweeper,84.1,-2.122,-0.057,13.0,ball,0,0,2
823466,2026-05-08,4,25,2,R,CH,Changeup,85.4,-0.14,1.174,13.0,ball,1,0,2
823466,2026-05-08,4,25,3,R,SI,Sinker,95.0,0.135,1.289,14.0,foul,2,0,2
823466,2026-05-08,4,25,4,R,FF,4-Seam Fastball,96.5,-1.221,1.69,13.0,ball,2,1,2
823466,2026-05-08,4,25,5,R,CH,Changeup,85.8,-1.174,1.286,13.0,ball,3,1,2
823466,2026-05-08,4,26,1,R,CH,Changeup,84.6,0.159,2.138,5.0,hit_into_play,0,0,2
823466,2026-05-08,4,27,1,R,ST,Sweeper,79.4,1.055,4.103,12.0,ball,0,0,2
823466,2026-05-08,4,27,2,R,FF,4-Seam Fastball,95.4,-1.226,2.337,13.0,hit_into_play,1,0,2
823466,2026-05-08,4,28,1,R,FF,4-Seam Fastball,96.1,-0.024,2.428,5.0,called_strike,0,0,2
823466,2026-05-08,4,28,2,R,ST,Sweeper,86.1,-1.175,0.237,13.0,blocked_ball,0,1,2
823466,2026-05-08,4,28,3,R,CH,Changeup,86.0,0.127,1.684,8.0,swinging_strike,1,1,2
823466,2026-05-08,4,28,4,R,FF,4-Seam Fastball,96.4,0.313,3.301,3.0,hit_into_play,1,2,2
823466,2026-05-08,4,29,1,L,FF,4-Seam Fastball,96.3,-1.449,3.845,11.0,ball,0,0,2
823466,2026-05-08,4,29,2,L,ST,Sweeper,85.6,-0.872,2.714,11.0,ball,1,0,2
823466,2026-05-08,4,29,3,L,SI,Sinker,95.1,1.162,2.968,12.0,ball,2,0,2
823466,2026-05-08,4,29,4,L,SI,Sinker,94.8,-0.306,1.557,7.0,called_strike,3,0,2
823466,2026-05-08,4,29,5,L,ST,Sweeper,85.1,0.622,2.865,3.0,called_strike,3,1,2
823466,2026-05-08,4,29,6,L,SI,Sinker,97.3,-0.867,2.066,13.0,ball,3,2,2
824762,2026-05-14,1,4,1,L,FF,4-Seam Fastball,93.5,0.593,3.152,3.0,called_strike,0,0,1
824762,2026-05-14,1,4,2,L,ST,Sweeper,86.0,-1.763,2.148,13.0,ball,0,1,1
824762,2026-05-14,1,4,3,L,SI,Sinker,95.9,0.029,1.519,8.0,hit_into_play,1,1,1
824762,2026-05-14,1,5,1,R,SI,Sinker,93.2,0.365,1.746,9.0,called_strike,0,0,1
824762,2026-05-14,1,5,2,R,ST,Sweeper,85.3,-0.769,0.799,13.0,ball,0,1,1
824762,2026-05-14,1,5,3,R,CH,Changeup,86.6,-1.289,1.876,13.0,ball,1,1,1
824762,2026-05-14,1,5,4,R,SI,Sinker,95.5,-0.293,1.842,7.0,called_strike,2,1,1
824762,2026-05-14,1,5,5,R,FF,4-Seam Fastball,97.2,-0.339,2.379,4.0,foul,2,2,1
824762,2026-05-14,1,5,6,R,ST,Sweeper,85.9,0.31,2.144,6.0,foul,2,2,1
824762,2026-05-14,1,5,7,R,CH,Changeup,87.0,-0.248,1.725,8.0,foul,2,2,1
824762,2026-05-14,1,5,8,R,ST,Sweeper,87.5,-0.006,1.485,8.0,foul,2,2,1
824762,2026-05-14,1,5,9,R,FF,4-Seam Fastball,96.7,0.878,2.705,12.0,foul_tip,2,2,1
824762,2026-05-14,1,6,1,L,SI,Sinker,96.1,1.023,2.252,14.0,hit_into_play,0,0,1
824762,2026-05-14,2,10,1,R,CH,Changeup,84.9,-0.7,1.709,7.0,called_strike,0,0,1
824762,2026-05-14,2,10,2,R,CH,Changeup,85.2,-0.018,1.155,13.0,swinging_strike,0,1,1
824762,2026-05-14,2,10,3,R,FF,4-Seam Fastball,96.3,-0.235,3.413,11.0,hit_into_play,0,2,1
824762,2026-05-14,2,11,1,R,ST,Sweeper,84.7,-1.464,1.775,13.0,swinging_strike,0,0,1
824762,2026-05-14,2,11,2,R,ST,Sweeper,84.4,0.647,1.52,9.0,ball,0,1,1
824762,2026-05-14,2,11,3,R,FF,4-Seam Fastball,96.2,0.77,3.929,12.0,ball,1,1,1
824762,2026-05-14,2,11,4,R,ST,Sweeper,84.5,-0.997,2.2,13.0,foul,2,1,1
824762,2026-05-14,2,11,5,R,FF,4-Seam Fastball,96.4,0.864,4.451,12.0,ball,2,2,1
824762,2026-05-14,2,11,6,R,ST,Sweeper,85.7,-0.364,0.975,13.0,swinging_strike,3,2,1
824762,2026-05-14,2,12,1,R,SI,Sinker,94.8,0.369,2.143,6.0,called_strike,0,0,1
824762,2026-05-14,2,12,2,R,FF,4-Seam Fastball,96.1,-0.627,3.625,11.0,ball,0,1,1
824762,2026-05-14,2,12,3,R,ST,Sweeper,85.9,0.278,2.358,6.0,called_strike,1,1,1
824762,2026-05-14,2,12,4,R,ST,Sweeper,86.6,-1.022,0.652,13.0,ball,1,2,1
824762,2026-05-14,2,12,5,R,CH,Changeup,85.5,0.837,2.082,14.0,hit_into_play,2,2,1
824762,2026-05-14,3,16,1,R,SI,Sinker,93.4,-0.025,1.37,13.0,ball,0,0,1
824762,2026-05-14,3,16,2,R,CH,Changeup,84.7,0.219,3.099,2.0,called_strike,1,0,1
824762,2026-05-14,3,16,3,R,FF,4-Seam Fastball,94.8,-0.892,2.068,13.0,swinging_strike,1,1,1
824762,2026-05-14,3,16,4,R,FF,4-Seam Fastball,96.2,-0.38,3.055,1.0,hit_into_play,1,2,1
824762,2026-05-14,3,17,1,R,SI,Sinker,93.7,-0.159,2.21,5.0,hit_into_play,0,0,1
824762,2026-05-14,3,18,1,R,FF,4-Seam Fastball,96.3,0.208,2.577,5.0,foul,0,0,1
824762,2026-05-14,3,18,2,R,ST,Sweeper,85.9,-0.987,1.151,13.0,swinging_strike,0,1,1
824762,2026-05-14,3,18,3,R,ST,Sweeper,88.2,-1.22,0.239,13.0,swinging_strike_blocked,0,2,1
824762,2026-05-14,3,19,1,L,ST,Sweeper,85.1,1.262,2.938,12.0,ball,0,0,2
824762,2026-05-14,3,19,2,L,ST,Sweeper,85.6,0.432,2.654,6.0,hit_into_play,1,0,2
824762,2026-05-14,4,24,1,R,SI,Sinker,93.0,0.16,1.88,8.0,called_strike,0,0,2
824762,2026-05-14,4,24,2,R,ST,Sweeper,82.8,-0.594,1.727,7.0,foul,0,1,2
824762,2026-05-14,4,24,3,R,ST,Sweeper,85.8,-0.668,2.131,4.0,hit_into_play,0,2,2
824762,2026-05-14,4,25,1,L,FF,4-Seam Fastball,96.1,0.665,1.105,14.0,ball,0,0,2
824762,2026-05-14,4,25,2,L,ST,Sweeper,84.9,-0.26,2.099,5.0,called_strike,1,0,2
824762,2026-05-14,4,25,3,L,SI,Sinker,96.5,0.168,2.526,5.0,hit_into_play,1,1,2
824762,2026-05-14,4,26,1,R,FF,4-Seam Fastball,95.9,0.015,3.461,12.0,ball,0,0,2
824762,2026-05-14,4,26,2,R,ST,Sweeper,84.9,0.67,2.962,3.0,called_strike,1,0,2
824762,2026-05-14,4,26,3,R,CH,Changeup,85.7,0.227,2.009,8.0,hit_into_play,1,1,2
824762,2026-05-14,4,27,1,R,ST,Sweeper,85.7,-0.333,0.277,13.0,blocked_ball,0,0,2
824762,2026-05-14,4,27,2,R,ST,Sweeper,85.2,0.037,2.546,5.0,foul,1,0,2
824762,2026-05-14,4,27,3,R,ST,Sweeper,87.2,0.207,2.211,5.0,foul,1,1,2
824762,2026-05-14,4,27,4,R,CH,Changeup,86.4,1.886,1.983,14.0,ball,1,2,2
824762,2026-05-14,4,27,5,R,FF,4-Seam Fastball,98.4,-0.277,4.629,11.0,ball,2,2,2
824762,2026-05-14,4,27,6,R,ST,Sweeper,87.9,0.21,1.741,8.0,hit_into_play,3,2,2
824762,2026-05-14,5,34,1,R,CH,Changeup,84.1,-0.604,2.028,7.0,swinging_strike,0,0,2
824762,2026-05-14,5,34,2,R,ST,Sweeper,84.6,-1.299,0.775,13.0,swinging_strike,0,1,2
824762,2026-05-14,5,34,3,R,ST,Sweeper,84.7,0.369,1.196,14.0,swinging_strike,0,2,2
824762,2026-05-14,5,35,1,R,SI,Sinker,93.2,0.739,2.117,6.0,hit_into_play,0,0,2
824762,2026-05-14,5,36,1,R,SI,Sinker,92.1,1.283,2.155,14.0,ball,0,0,2
824762,2026-05-14,5,36,2,R,CH,Changeup,85.1,0.23,2.06,5.0,foul,1,0,2
824762,2026-05-14,5,36,3,R,ST,Sweeper,84.0,1.412,1.536,14.0,ball,1,1,2
824762,2026-05-14,5,36,4,R,CH,Changeup,85.7,-0.231,1.551,8.0,foul,2,1,2
824762,2026-05-14,5,36,5,R,ST,Sweeper,86.1,0.23,3.402,12.0,foul,2,2,2
824762,2026-05-14,5,36,6,R,ST,Sweeper,86.6,-2.671,0.667,13.0,hit_by_pitch,2,2,2
824762,2026-05-14,5,37,1,R,CH,Changeup,84.7,0.68,3.302,12.0,ball,0,0,2
824762,2026-05-14,5,37,2,R,FF,4-Seam Fastball,95.5,0.152,1.769,8.0,foul,1,0,2
824762,2026-05-14,5,37,3,R,CH,Changeup,85.2,-0.155,1.351,13.0,foul,1,1,2
824762,2026-05-14,5,37,4,R,ST,Sweeper,86.2,1.715,2.941,12.0,ball,1,2,2
824762,2026-05-14,5,37,5,R,FF,4-Seam Fastball,95.3,-0.596,3.372,11.0,foul,2,2,2
824762,2026-05-14,5,37,6,R,ST,Sweeper,85.9,-0.304,0.863,13.0,blocked_ball,2,2,2
824762,2026-05-14,5,37,7,R,CH,Changeup,85.9,-0.922,2.945,11.0,ball,3,2,2
824762,2026-05-14,5,38,1,L,SI,Sinker,96.3,0.627,1.059,14.0,ball,0,0,3
824762,2026-05-14,5,38,2,L,ST,Sweeper,85.1,-1.206,0.306,13.0,swinging_strike_blocked,1,0,3
824762,2026-05-14,5,38,3,L,ST,Sweeper,86.6,-0.885,2.384,13.0,foul,1,1,3
824762,2026-05-14,5,38,4,L,ST,Sweeper,86.4,-1.411,2.463,11.0,hit_into_play,1,2,3
824762,2026-05-14,6,44,1,R,ST,Sweeper,80.6,0.983,3.085,12.0,ball,0,0,3
824762,2026-05-14,6,44,2,R,CH,Changeup,83.5,0.7,3.65,12.0,ball,1,0,3
824762,2026-05-14,6,44,3,R,SI,Sinker,92.8,0.583,2.694,3.0,called_strike,2,0,3
824762,2026-05-14,6,44,4,R,FF,4-Seam Fastball,94.9,-0.716,2.19,4.0,called_strike,2,1,3
824762,2026-05-14,6,44,5,R,ST,Sweeper,86.2,-1.549,-0.104,13.0,ball,2,2,3
824762,2026-05-14,6,44,6,R,FF,4-Seam Fastball,95.9,-0.804,1.814,7.0,hit_into_play,3,2,3
824762,2026-05-14,6,45,1,L,SI,Sinker,95.7,-0.341,1.286,13.0,ball,0,0,3
824762,2026-05-14,6,45,2,L,ST,Sweeper,86.5,-2.373,-0.661,13.0,blocked_ball,1,0,3
824762,2026-05-14,6,45,3,L,ST,Sweeper,85.1,-1.097,0.953,13.0,ball,2,0,3
824762,2026-05-14,6,45,4,L,FF,4-Seam Fastball,95.4,-0.79,1.979,7.0,called_strike,3,0,3
824762,2026-05-14,6,45,5,L,SI,Sinker,95.6,0.983,2.967,12.0,hit_into_play,3,1,3
824762,2026-05-14,6,46,1,R,FF,4-Seam Fastball,95.5,0.015,4.088,12.0,ball,0,0,3
824762,2026-05-14,6,46,2,R,FF,4-Seam Fastball,95.4,-0.526,3.762,11.0,ball,1,0,3
824762,2026-05-14,6,46,3,R,ST,Sweeper,84.7,-0.331,1.633,7.0,called_strike,2,0,3
824762,2026-05-14,6,46,4,R,FF,4-Seam Fastball,96.7,-0.436,3.364,11.0,swinging_strike,2,1,3
824762,2026-05-14,6,46,5,R,FF,4-Seam Fastball,97.3,-1.386,2.582,11.0,ball,2,2,3
824762,2026-05-14,6,46,6,R,CH,Changeup,87.1,-0.351,2.162,4.0,hit_into_play,3,2,3
824762,2026-05-14,6,47,1,R,FF,4-Seam Fastball,97.8,-1.018,1.608,13.0,ball,0,0,3
824762,2026-05-14,6,47,2,R,ST,Sweeper,85.9,-1.059,1.736,13.0,hit_into_play,1,0,3
823464,2026-05-19,1,1,1,R,FF,4-Seam Fastball,96.9,-0.009,2.639,2.0,foul,0,0,1
823464,2026-05-19,1,1,2,R,CH,Changeup,86.7,0.237,2.302,5.0,foul,0,1,1
823464,2026-05-19,1,1,3,R,CH,Changeup,87.4,1.069,1.261,14.0,ball,0,2,1
823464,2026-05-19,1,1,4,R,FF,4-Seam Fastball,98.0,-0.259,3.626,11.0,foul_tip,1,2,1
823464,2026-05-19,1,2,1,R,FF,4-Seam Fastball,97.9,-0.593,2.945,1.0,called_strike,0,0,1
823464,2026-05-19,1,2,2,R,FF,4-Seam Fastball,98.0,-0.976,3.799,11.0,ball,0,1,1
823464,2026-05-19,1,2,3,R,CH,Changeup,87.9,0.295,0.717,14.0,ball,1,1,1
823464,2026-05-19,1,2,4,R,ST,Sweeper,86.3,-0.07,1.215,13.0,ball,2,1,1
823464,2026-05-19,1,2,5,R,FF,4-Seam Fastball,97.9,-0.759,2.301,4.0,called_strike,3,1,1
823464,2026-05-19,1,2,6,R,FF,4-Seam Fastball,97.3,-0.093,2.8,5.0,called_strike,3,2,1
823464,2026-05-19,1,3,1,R,FF,4-Seam Fastball,98.6,-0.829,1.853,13.0,ball,0,0,1
823464,2026-05-19,1,3,2,R,FF,4-Seam Fastball,97.6,-0.688,1.826,7.0,hit_into_play,1,0,1
823464,2026-05-19,2,8,1,R,ST,Sweeper,83.1,0.638,2.219,6.0,called_strike,0,0,1
823464,2026-05-19,2,8,2,R,CH,Changeup,85.0,0.078,2.21,5.0,foul,0,1,1
823464,2026-05-19,2,8,3,R,ST,Sweeper,87.1,-1.523,0.136,13.0,ball,0,2,1
823464,2026-05-19,2,8,4,R,FF,4-Seam Fastball,96.6,-0.384,2.879,1.0,hit_into_play,1,2,1
823464,2026-05-19,2,9,1,R,SI,Sinker,92.8,-0.349,1.929,7.0,called_strike,0,0,1
823464,2026-05-19,2,9,2,R,FF,4-Seam Fastball,98.4,-1.926,1.237,13.0,ball,0,1,1
823464,2026-05-19,2,9,3,R,FF,4-Seam Fastball,97.1,0.121,2.43,5.0,foul,1,1,1
823464,2026-05-19,2,9,4,R,FF,4-Seam Fastball,97.5,0.235,4.012,12.0,ball,1,2,1
823464,2026-05-19,2,9,5,R,ST,Sweeper,88.6,0.813,0.322,14.0,ball,2,2,1
823464,2026-05-19,2,9,6,R,FF,4-Seam Fastball,96.9,-0.695,2.088,7.0,foul,3,2,1
823464,2026-05-19,2,9,7,R,CH,Changeup,87.6,0.305,2.452,6.0,swinging_strike,3,2,1
823464,2026-05-19,2,10,1,L,ST,Sweeper,87.5,-0.818,1.111,13.0,swinging_strike,0,0,1
823464,2026-05-19,2,10,2,L,ST,Sweeper,87.2,-2.162,0.387,13.0,ball,0,1,1
823464,2026-05-19,2,10,3,L,ST,Sweeper,87.9,-0.796,1.995,7.0,swinging_strike,1,1,1
823464,2026-05-19,2,10,4,L,FF,4-Seam Fastball,98.6,0.453,3.342,3.0,hit_into_play,1,2,1
823464,2026-05-19,3,14,1,R,FF,4-Seam Fastball,95.5,-0.606,3.395,11.0,ball,0,0,1
823464,2026-05-19,3,14,2,R,SI,Sinker,94.1,-0.232,1.83,8.0,hit_into_play,1,0,1
823464,2026-05-19,3,15,1,R,CH,Changeup,84.9,-1.399,1.702,13.0,ball,0,0,1
823464,2026-05-19,3,15,2,R,CH,Changeup,86.4,-0.465,2.811,4.0,called_strike,1,0,1
823464,2026-05-19,3,15,3,R,ST,Sweeper,85.9,-1.45,1.7,13.0,ball,1,1,1
823464,2026-05-19,3,15,4,R,CH,Changeup,86.5,-0.269,1.923,8.0,called_strike,2,1,1
823464,2026-05-19,3,15,5,R,FF,4-Seam Fastball,98.1,-0.689,3.424,1.0,foul,2,2,1
823464,2026-05-19,3,15,6,R,CH,Changeup,86.6,-0.003,1.332,13.0,ball,2,2,1
823464,2026-05-19,3,15,7,R,ST,Sweeper,87.2,-1.423,1.61,13.0,ball,3,2,1
823464,2026-05-19,3,16,1,R,SI,Sinker,95.7,-0.09,1.722,8.0,hit_into_play,0,0,1
823464,2026-05-19,3,17,1,R,ST,Sweeper,87.2,-0.335,1.462,7.0,called_strike,0,0,2
823464,2026-05-19,3,17,2,R,FF,4-Seam Fastball,97.0,-1.07,2.272,13.0,ball,0,1,2
823464,2026-05-19,3,17,3,R,CH,Changeup,87.7,0.681,1.702,9.0,hit_into_play,1,1,2
823464,2026-05-19,4,22,1,R,CH,Changeup,85.5,-0.206,2.291,5.0,hit_into_play,0,0,2
823464,2026-05-19,4,23,1,R,ST,Sweeper,86.6,0.307,1.082,14.0,ball,0,0,2
823464,2026-05-19,4,23,2,R,ST,Sweeper,87.6,0.007,1.483,8.0,called_strike,1,0,2
823464,2026-05-19,4,23,3,R,CH,Changeup,87.7,-0.922,1.885,13.0,swinging_strike,1,1,2
823464,2026-05-19,4,23,4,R,ST,Sweeper,89.0,-0.567,2.067,4.0,foul,1,2,2
823464,2026-05-19,4,23,5,R,ST,Sweeper,88.3,0.599,2.395,6.0,hit_into_play,1,2,2
823464,2026-05-19,4,24,1,R,SI,Sinker,96.3,-0.375,0.609,13.0,blocked_ball,0,0,2
823464,2026-05-19,4,24,2,R,ST,Sweeper,87.1,-0.654,0.691,13.0,ball,1,0,2
823464,2026-05-19,4,24,3,R,FF,4-Seam Fastball,98.2,0.039,2.408,5.0,called_strike,2,0,2
823464,2026-05-19,4,24,4,R,CH,Changeup,87.7,-0.617,0.705,13.0,swinging_strike,2,1,2
823464,2026-05-19,4,24,5,R,CH,Changeup,88.6,-0.578,1.317,13.0,ball,2,2,2
823464,2026-05-19,4,24,6,R,CH,Changeup,87.9,-0.744,1.946,7.0,foul,3,2,2
823464,2026-05-19,4,24,7,R,FF,4-Seam Fastball,98.6,-0.267,1.334,13.0,ball,3,2,2
823464,2026-05-19,4,25,1,R,CH,Changeup,85.7,-0.409,2.614,4.0,foul,0,0,2
823464,2026-05-19,4,25,2,R,FF,4-Seam Fastball,97.2,-1.293,1.125,13.0,ball,0,1,2
823464,2026-05-19,4,25,3,R,FF,4-Seam Fastball,97.0,-0.374,2.091,7.0,hit_into_play,1,1,2
823464,2026-05-19,4,26,1,L,ST,Sweeper,88.5,-1.291,0.24,13.0,blocked_ball,0,0,2
823464,2026-05-19,4,26,2,L,FF,4-Seam Fastball,98.3,0.01,2.25,5.0,hit_into_play,1,0,2
823464,2026-05-19,4,27,1,R,CH,Changeup,86.7,-0.727,1.78,7.0,called_strike,0,0,2
823464,2026-05-19,4,27,2,R,ST,Sweeper,88.6,-1.586,0.177,13.0,blocked_ball,0,1,2
823464,2026-05-19,4,27,3,R,FF,4-Seam Fastball,97.2,-0.049,4.025,11.0,ball,1,1,2
823464,2026-05-19,4,27,4,R,ST,Sweeper,85.7,-0.668,2.371,4.0,foul,2,1,2
823464,2026-05-19,4,27,5,R,ST,Sweeper,89.2,-1.1,1.412,13.0,swinging_strike,2,2,2
823464,2026-05-19,5,31,1,R,SI,Sinker,93.9,0.395,1.089,14.0,ball,0,0,2
823464,2026-05-19,5,31,2,R,ST,Sweeper,83.8,0.698,3.631,12.0,ball,1,0,2
823464,2026-05-19,5,31,3,R,FF,4-Seam Fastball,95.8,0.079,2.548,5.0,foul,2,0,2
823464,2026-05-19,5,31,4,R,FF,4-Seam Fastball,97.2,-0.592,1.94,7.0,hit_into_play,2,1,2
823464,2026-05-19,5,32,1,R,CH,Changeup,85.1,-1.405,2.494,11.0,ball,0,0,2
823464,2026-05-19,5,32,2,R,CH,Changeup,86.9,-1.032,2.273,13.0,ball,1,0,2
823464,2026-05-19,5,32,3,R,SI,Sinker,95.9,-0.011,2.413,5.0,foul,2,0,2
823464,2026-05-19,5,32,4,R,FF,4-Seam Fastball,96.6,-0.293,1.494,7.0,hit_into_play,2,1,2
823464,2026-05-19,5,33,1,R,ST,Sweeper,84.2,2.099,4.266,12.0,ball,0,0,3
823464,2026-05-19,5,33,2,R,FF,4-Seam Fastball,96.0,-0.576,1.743,7.0,foul,1,0,3
823464,2026-05-19,5,33,3,R,CH,Changeup,86.2,0.747,2.356,6.0,called_strike,1,1,3
823464,2026-05-19,5,33,4,R,ST,Sweeper,89.3,-1.664,-0.207,13.0,ball,1,2,3
823464,2026-05-19,5,33,5,R,FF,4-Seam Fastball,97.4,1.091,3.664,12.0,ball,2,2,3
823464,2026-05-19,5,33,6,R,FF,4-Seam Fastball,96.4,0.178,3.137,2.0,hit_into_play,3,2,3
823464,2026-05-19,6,37,1,R,FF,4-Seam Fastball,95.2,0.109,3.07,2.0,foul,0,0,3
823464,2026-05-19,6,37,2,R,FF,4-Seam Fastball,97.1,-0.804,3.157,1.0,called_strike,0,1,3
823464,2026-05-19,6,37,3,R,ST,Sweeper,87.0,-0.45,1.394,13.0,foul,0,2,3
823464,2026-05-19,6,37,4,R,FF,4-Seam Fastball,98.4,-1.828,3.022,11.0,ball,0,2,3
823464,2026-05-19,6,37,5,R,ST,Sweeper,87.6,-1.584,0.672,13.0,ball,1,2,3
823464,2026-05-19,6,37,6,R,FF,4-Seam Fastball,98.2,0.054,3.016,2.0,foul,2,2,3
823464,2026-05-19,6,37,7,R,CH,Changeup,86.6,0.456,1.803,9.0,swinging_strike,2,2,3
823464,2026-05-19,6,38,1,R,FF,4-Seam Fastball,97.6,-0.375,1.915,7.0,called_strike,0,0,3
823464,2026-05-19,6,38,2,R,CH,Changeup,86.3,0.179,2.457,5.0,hit_into_play,0,1,3
823464,2026-05-19,6,39,1,R,FF,4-Seam Fastball,98.9,-1.539,1.435,13.0,ball,0,0,3
823464,2026-05-19,6,39,2,R,ST,Sweeper,86.4,-0.681,1.545,7.0,called_strike,1,0,3
823464,2026-05-19,6,39,3,R,CH,Changeup,86.8,-0.677,0.408,13.0,ball,1,1,3
823464,2026-05-19,6,39,4,R,CH,Changeup,87.8,-0.096,3.092,2.0,swinging_strike,2,1,3
823464,2026-05-19,6,39,5,R,FF,4-Seam Fastball,99.1,-0.61,2.506,4.0,foul,2,2,3
823464,2026-05-19,6,39,6,R,ST,Sweeper,88.7,-1.945,0.597,13.0,ball,2,2,3
823464,2026-05-19,6,39,7,R,CH,Changeup,87.6,-0.403,2.424,4.0,hit_into_play,3,2,3
823464,2026-05-19,6,40,1,R,FF,4-Seam Fastball,96.9,-0.937,2.062,13.0,called_strike,0,0,3
823464,2026-05-19,6,40,2,R,FF,4-Seam Fastball,97.3,-0.652,3.207,1.0,hit_into_play,0,1,3
823296,2026-05-25,1,5,1,R,FF,4-Seam Fastball,97.1,-0.813,2.43,4.0,hit_into_play,0,0,1
823296,2026-05-25,1,6,1,R,ST,Sweeper,85.4,0.736,1.712,9.0,called_strike,0,0,1
823296,2026-05-25,1,6,2,R,FF,4-Seam Fastball,97.5,-0.062,2.385,5.0,swinging_strike,0,1,1
823296,2026-05-25,1,6,3,R,ST,Sweeper,87.2,0.204,1.306,14.0,ball,0,2,1
823296,2026-05-25,1,6,4,R,ST,Sweeper,87.8,0.826,2.511,6.0,foul,1,2,1
823296,2026-05-25,1,6,5,R,CH,Changeup,86.0,3.064,3.302,12.0,ball,1,2,1
823296,2026-05-25,1,6,6,R,CH,Changeup,86.9,1.571,2.519,12.0,foul,2,2,1
823296,2026-05-25,1,6,7,R,FF,4-Seam Fastball,98.1,0.377,3.68,12.0,foul,2,2,1
823296,2026-05-25,1,6,8,R,FF,4-Seam Fastball,98.5,-0.099,2.391,5.0,hit_into_play,2,2,1
823296,2026-05-25,1,7,1,R,SI,Sinker,95.5,1.503,1.535,14.0,ball,0,0,1
823296,2026-05-25,1,7,2,R,CH,Changeup,85.5,-0.874,0.606,13.0,blocked_ball,1,0,1
823296,2026-05-25,1,7,3,R,SI,Sinker,97.2,0.265,1.745,8.0,hit_into_play,2,0,1
823296,2026-05-25,1,8,1,R,ST,Sweeper,86.0,-1.181,0.589,13.0,ball,0,0,1
823296,2026-05-25,1,8,2,R,CH,Changeup,87.0,-0.244,1.668,8.0,called_strike,1,0,1
823296,2026-05-25,1,8,3,R,FF,4-Seam Fastball,97.8,-1.597,1.411,13.0,ball,1,1,1
823296,2026-05-25,1,8,4,R,ST,Sweeper,86.0,-1.303,1.796,13.0,swinging_strike,2,1,1
823296,2026-05-25,1,8,5,R,ST,Sweeper,88.3,-1.874,-0.151,13.0,blocked_ball,2,2,1
823296,2026-05-25,1,8,6,R,SI,Sinker,97.2,-0.425,1.805,7.0,swinging_strike,3,2,1
823296,2026-05-25,1,9,1,L,ST,Sweeper,86.5,-0.195,2.722,5.0,called_strike,0,0,1
823296,2026-05-25,1,9,2,L,ST,Sweeper,87.5,-0.808,1.129,13.0,swinging_strike,0,1,1
823296,2026-05-25,1,9,3,L,ST,Sweeper,88.7,-0.619,2.151,7.0,called_strike,0,2,1
823296,2026-05-25,1,10,1,R,ST,Sweeper,88.3,0.223,2.45,5.0,called_strike,0,0,1
823296,2026-05-25,1,10,2,R,CH,Changeup,87.5,0.512,1.406,14.0,swinging_strike,0,1,1
823296,2026-05-25,1,10,3,R,ST,Sweeper,89.9,-1.038,0.302,13.0,blocked_ball,0,2,1
823296,2026-05-25,1,10,4,R,FF,4-Seam Fastball,98.7,-2.167,3.592,11.0,ball,1,2,1
823296,2026-05-25,1,10,5,R,ST,Sweeper,89.0,-1.51,-0.507,13.0,blocked_ball,2,2,1
823296,2026-05-25,1,10,6,R,FF,4-Seam Fastball,98.9,-0.772,3.063,1.0,hit_into_play,3,2,1
823296,2026-05-25,2,14,1,R,FF,4-Seam Fastball,96.6,0.401,2.648,3.0,called_strike,0,0,1
823296,2026-05-25,2,14,2,R,CH,Changeup,85.3,1.227,2.005,14.0,hit_into_play,0,1,1
823296,2026-05-25,2,15,1,R,FF,4-Seam Fastball,95.5,0.934,3.112,12.0,ball,0,0,1
823296,2026-05-25,2,15,2,R,CH,Changeup,84.9,0.571,1.396,14.0,swinging_strike,1,0,1
823296,2026-05-25,2,15,3,R,CH,Changeup,86.4,0.396,1.459,9.0,swinging_strike,1,1,1
823296,2026-05-25,2,15,4,R,ST,Sweeper,87.3,-0.294,0.739,13.0,blocked_ball,1,2,1
823296,2026-05-25,2,15,5,R,FF,4-Seam Fastball,97.6,-0.543,3.535,11.0,hit_into_play,2,2,1
823296,2026-05-25,2,16,1,R,CH,Changeup,85.5,0.022,1.672,8.0,swinging_strike,0,0,1
823296,2026-05-25,2,16,2,R,CH,Changeup,86.4,-0.24,2.149,5.0,called_strike,0,1,1
823296,2026-05-25,2,16,3,R,ST,Sweeper,87.8,0.046,1.349,14.0,ball,0,2,1
823296,2026-05-25,2,16,4,R,ST,Sweeper,88.6,-0.913,0.851,13.0,swinging_strike,1,2,1
823296,2026-05-25,3,20,1,R,FF,4-Seam Fastball,96.7,0.145,3.649,12.0,ball,0,0,2
823296,2026-05-25,3,20,2,R,CH,Changeup,85.6,0.302,1.894,9.0,called_strike,1,0,2
823296,2026-05-25,3,20,3,R,ST,Sweeper,86.8,-0.343,1.814,7.0,called_strike,1,1,2
823296,2026-05-25,3,20,4,R,ST,Sweeper,87.7,-1.478,0.879,13.0,ball,1,2,2
823296,2026-05-25,3,20,5,R,FF,4-Seam Fastball,97.7,-0.678,2.258,4.0,foul,2,2,2
823296,2026-05-25,3,20,6,R,CH,Changeup,86.6,1.535,2.63,12.0,ball,2,2,2
823296,2026-05-25,3,20,7,R,FF,4-Seam Fastball,99.4,-0.409,2.704,4.0,hit_into_play,3,2,2
823296,2026-05-25,3,21,1,R,CH,Changeup,84.0,2.14,3.195,12.0,ball,0,0,2
823296,2026-05-25,3,21,2,R,CH,Changeup,85.5,0.841,3.733,12.0,ball,1,0,2
823296,2026-05-25,3,21,3,R,FF,4-Seam Fastball,97.2,-0.863,1.111,13.0,ball,2,0,2
823296,2026-05-25,3,21,4,R,FF,4-Seam Fastball,97.4,-0.624,1.851,7.0,called_strike,3,0,2
823296,2026-05-25,3,21,5,R,CH,Changeup,86.1,-0.377,1.788,7.0,swinging_strike,3,1,2
823296,2026-05-25,3,21,6,R,CH,Changeup,86.3,-0.329,2.134,4.0,foul,3,2,2
823296,2026-05-25,3,21,7,R,FF,4-Seam Fastball,97.4,-1.163,1.491,13.0,ball,3,2,2
823296,2026-05-25,3,22,1,R,SI,Sinker,94.7,0.001,2.119,8.0,called_strike,0,0,2
823296,2026-05-25,3,22,2,R,FF,4-Seam Fastball,97.4,-1.216,1.668,13.0,ball,0,1,2
823296,2026-05-25,3,22,3,R,FF,4-Seam Fastball,96.5,-0.515,2.222,4.0,foul,1,1,2
823296,2026-05-25,3,22,4,R,CH,Changeup,86.5,0.98,2.247,14.0,hit_into_play,1,2,2
823296,2026-05-25,3,23,1,R,SI,Sinker,95.6,0.056,1.346,14.0,hit_into_play,0,0,2
823296,2026-05-25,4,27,1,L,ST,Sweeper,84.7,-0.522,2.187,4.0,called_strike,0,0,2
823296,2026-05-25,4,27,2,L,FF,4-Seam Fastball,97.3,0.127,3.106,2.0,called_strike,0,1,2
823296,2026-05-25,4,27,3,L,ST,Sweeper,87.6,-2.397,-0.366,13.0,ball,0,2,2
823296,2026-05-25,4,27,4,L,ST,Sweeper,87.0,-1.333,2.481,13.0,ball,1,2,2
823296,2026-05-25,4,27,5,L,CH,Changeup,86.4,1.559,2.351,14.0,ball,2,2,2
823296,2026-05-25,4,27,6,L,FF,4-Seam Fastball,97.1,-1.423,3.526,11.0,swinging_strike,3,2,2
823296,2026-05-25,4,28,1,R,CH,Changeup,84.9,1.324,1.135,14.0,ball,0,0,2
823296,2026-05-25,4,28,2,R,CH,Changeup,86.0,-0.047,2.099,8.0,hit_into_play,1,0,2
823296,2026-05-25,4,29,1,R,CH,Changeup,85.2,1.178,2.405,12.0,ball,0,0,2
823296,2026-05-25,4,29,2,R,ST,Sweeper,84.4,-0.146,1.759,8.0,foul,1,0,2
823296,2026-05-25,4,29,3,R,ST,Sweeper,86.3,0.376,1.863,9.0,foul,1,1,2
823296,2026-05-25,4,29,4,R,FF,4-Seam Fastball,96.9,0.207,3.584,12.0,ball,1,2,2
823296,2026-05-25,4,29,5,R,CH,Changeup,86.0,1.404,1.161,14.0,swinging_strike,2,2,2
823296,2026-05-25,5,33,1,R,SI,Sinker,92.3,0.661,1.581,9.0,called_strike,0,0,2
823296,2026-05-25,5,33,2,R,CH,Changeup,84.6,-0.134,1.414,13.0,foul,0,1,2
823296,2026-05-25,5,33,3,R,ST,Sweeper,86.4,-0.402,1.603,7.0,hit_into_play,0,2,2
823296,2026-05-25,5,34,1,R,FF,4-Seam Fastball,94.6,-0.75,3.092,1.0,called_strike,0,0,2
823296,2026-05-25,5,34,2,R,CH,Changeup,85.5,1.652,1.518,14.0,ball,0,1,2
823296,2026-05-25,5,34,3,R,CH,Changeup,85.6,0.111,0.638,14.0,ball,1,1,2
823296,2026-05-25,5,34,4,R,FF,4-Seam Fastball,96.4,-0.834,1.439,13.0,called_strike,2,1,2
823296,2026-05-25,5,34,5,R,ST,Sweeper,86.8,-2.572,0.651,13.0,hit_by_pitch,2,2,2
823296,2026-05-25,5,35,1,R,ST,Sweeper,84.4,1.095,3.163,12.0,ball,0,0,3
823296,2026-05-25,5,35,2,R,FF,4-Seam Fastball,96.4,-0.089,3.087,2.0,foul,1,0,3
823296,2026-05-25,5,35,3,R,FF,4-Seam Fastball,97.3,-0.206,3.622,11.0,ball,1,1,3
823296,2026-05-25,5,35,4,R,FF,4-Seam Fastball,97.4,0.689,3.57,12.0,ball,2,1,3
823296,2026-05-25,5,35,5,R,FF,4-Seam Fastball,97.3,0.545,2.626,6.0,foul,3,1,3
823296,2026-05-25,5,35,6,R,CH,Changeup,85.5,-0.878,1.718,13.0,ball,3,2,3
823296,2026-05-25,5,36,1,R,CH,Changeup,85.3,0.686,1.433,14.0,swinging_strike,0,0,3
823296,2026-05-25,5,36,2,R,ST,Sweeper,85.5,-1.111,0.255,13.0,blocked_ball,0,1,3
823296,2026-05-25,5,36,3,R,FF,4-Seam Fastball,96.7,-0.709,3.094,1.0,hit_into_play,1,1,3
823296,2026-05-25,5,37,1,R,CH,Changeup,85.6,1.272,1.323,14.0,ball,0,0,3
823296,2026-05-25,5,37,2,R,ST,Sweeper,85.4,-0.13,2.211,5.0,called_strike,1,0,3
823296,2026-05-25,5,37,3,R,FF,4-Seam Fastball,97.4,-0.45,3.493,11.0,hit_into_play,1,1,3
823296,2026-05-25,6,41,1,R,CH,Changeup,84.5,0.183,1.927,8.0,hit_into_play,0,0,3
823296,2026-05-25,6,42,1,L,SI,Sinker,95.3,1.461,3.71,12.0,ball,0,0,3
823296,2026-05-25,6,42,2,L,ST,Sweeper,84.6,1.44,2.859,12.0,ball,1,0,3
823296,2026-05-25,6,42,3,L,SI,Sinker,96.9,0.293,2.558,6.0,foul,2,0,3
823296,2026-05-25,6,42,4,L,FF,4-Seam Fastball,96.9,-0.49,2.629,4.0,called_strike,2,1,3
823296,2026-05-25,6,42,5,L,CH,Changeup,86.6,0.636,1.933,9.0,foul,2,2,3
823296,2026-05-25,6,42,6,L,ST,Sweeper,87.7,-0.199,1.071,13.0,ball,2,2,3
823296,2026-05-25,6,42,7,L,FF,4-Seam Fastball,97.3,0.191,2.429,5.0,foul,3,2,3
823296,2026-05-25,6,42,8,L,FF,4-Seam Fastball,98.1,0.116,3.17,2.0,foul,3,2,3
823296,2026-05-25,6,42,9,L,CH,Changeup,87.0,0.282,2.143,9.0,swinging_strike,3,2,3
823296,2026-05-25,6,43,1,R,ST,Sweeper,84.6,-0.813,1.505,13.0,swinging_strike,0,0,3
823296,2026-05-25,6,43,2,R,FF,4-Seam Fastball,97.7,-0.189,2.825,2.0,foul,0,1,3
823296,2026-05-25,6,43,3,R,CH,Changeup,86.1,1.496,1.061,14.0,ball,0,2,3
823296,2026-05-25,6,43,4,R,FF,4-Seam Fastball,98.3,-0.078,3.516,11.0,hit_into_play,1,2,3
823945,2026-05-30,1,5,1,L,SI,Sinker,97.2,0.478,1.855,9.0,called_strike,0,0,1
823945,2026-05-30,1,5,2,L,ST,Sweeper,87.5,0.02,2.453,5.0,foul,0,1,1
823945,2026-05-30,1,5,3,L,ST,Sweeper,88.3,-1.584,2.041,13.0,swinging_strike,0,2,1
823945,2026-05-30,1,6,1,R,CH,Changeup,85.5,0.775,3.552,12.0,ball,0,0,1
823945,2026-05-30,1,6,2,R,CH,Changeup,86.0,-0.698,1.955,7.0,called_strike,1,0,1
823945,2026-05-30,1,6,3,R,FF,4-Seam Fastball,97.1,0.535,3.15,3.0,hit_into_play,1,1,1
823945,2026-05-30,1,7,1,L,ST,Sweeper,86.0,-0.341,2.001,7.0,called_strike,0,0,1
823945,2026-05-30,1,7,2,L,ST,Sweeper,86.9,-1.553,0.775,13.0,ball,0,1,1
823945,2026-05-30,1,7,3,L,SI,Sinker,97.7,0.172,2.928,2.0,hit_into_play,1,1,1
823945,2026-05-30,1,8,1,R,FF,4-Seam Fastball,97.7,-0.366,2.88,1.0,foul,0,0,1
823945,2026-05-30,1,8,2,R,CH,Changeup,86.7,0.231,2.098,5.0,hit_into_play,0,1,1
823945,2026-05-30,1,9,1,L,SI,Sinker,97.3,0.301,2.797,6.0,hit_into_play,0,0,1
823945,2026-05-30,2,14,1,R,SI,Sinker,93.2,0.331,1.319,14.0,ball,0,0,1
823945,2026-05-30,2,14,2,R,ST,Sweeper,83.8,0.967,2.527,12.0,ball,1,0,1
823945,2026-05-30,2,14,3,R,ST,Sweeper,84.5,0.194,3.489,12.0,ball,2,0,1
823945,2026-05-30,2,14,4,R,SI,Sinker,94.0,0.705,2.276,6.0,foul,3,0,1
823945,2026-05-30,2,14,5,R,SI,Sinker,97.4,-0.37,2.433,4.0,foul,3,1,1
823945,2026-05-30,2,14,6,R,FF,4-Seam Fastball,98.8,-0.476,2.022,7.0,foul,3,2,1
823945,2026-05-30,2,14,7,R,ST,Sweeper,86.1,-0.964,2.593,11.0,foul,3,2,1
823945,2026-05-30,2,14,8,R,ST,Sweeper,86.6,-0.116,2.487,5.0,hit_into_play,3,2,1
823945,2026-05-30,2,15,1,R,SI,Sinker,95.5,0.752,0.886,14.0,ball,0,0,1
823945,2026-05-30,2,15,2,R,FF,4-Seam Fastball,97.4,-0.854,1.596,13.0,ball,1,0,1
823945,2026-05-30,2,15,3,R,SI,Sinker,96.5,-0.67,0.965,13.0,ball,2,0,1
823945,2026-05-30,2,15,4,R,FF,4-Seam Fastball,96.5,-0.317,2.076,4.0,called_strike,3,0,1
823945,2026-05-30,2,15,5,R,FF,4-Seam Fastball,97.8,-0.286,3.01,1.0,foul,3,1,1
823945,2026-05-30,2,15,6,R,CH,Changeup,87.4,-0.697,2.754,1.0,foul,3,2,1
823945,2026-05-30,2,15,7,R,ST,Sweeper,86.6,-1.112,-0.122,13.0,blocked_ball,3,2,1
823945,2026-05-30,2,16,1,R,FF,4-Seam Fastball,97.2,-0.512,1.896,7.0,called_strike,0,0,1
823945,2026-05-30,2,16,2,R,FF,4-Seam Fastball,97.2,-1.004,2.44,11.0,ball,0,1,1
823945,2026-05-30,2,16,3,R,ST,Sweeper,86.6,-0.054,1.768,8.0,foul,1,1,1
823945,2026-05-30,2,16,4,R,FF,4-Seam Fastball,98.2,0.203,3.667,12.0,foul,1,2,1
823945,2026-05-30,2,16,5,R,CH,Changeup,88.2,0.803,2.191,6.0,hit_into_play,1,2,1
823945,2026-05-30,2,17,1,R,FF,4-Seam Fastball,94.8,-0.491,1.924,7.0,missed_bunt,0,0,1
823945,2026-05-30,2,17,2,R,ST,Sweeper,86.8,-1.403,1.889,13.0,hit_into_play,0,1,1
823945,2026-05-30,2,18,1,L,SI,Sinker,97.8,0.365,2.955,3.0,foul,0,0,2
823945,2026-05-30,2,18,2,L,CH,Changeup,87.2,0.26,2.405,5.0,foul,0,1,2
823945,2026-05-30,2,18,3,L,ST,Sweeper,88.4,-1.534,1.378,13.0,ball,0,2,2
823945,2026-05-30,2,18,4,L,ST,Sweeper,89.5,-0.841,1.659,13.0,foul,1,2,2
823945,2026-05-30,2,18,5,L,FF,4-Seam Fastball,98.4,-0.767,1.843,7.0,called_strike,1,2,2
823945,2026-05-30,2,19,1,R,CH,Changeup,88.2,-0.348,1.178,13.0,ball,0,0,2
823945,2026-05-30,2,19,2,R,ST,Sweeper,86.8,0.12,1.681,8.0,called_strike,1,0,2
823945,2026-05-30,2,19,3,R,ST,Sweeper,87.3,-0.123,1.877,8.0,hit_into_play,1,1,2
823945,2026-05-30,3,23,1,L,SI,Sinker,94.8,-0.175,1.529,13.0,ball,0,0,2
823945,2026-05-30,3,23,2,L,ST,Sweeper,85.1,-0.804,1.951,7.0,swinging_strike,1,0,2
823945,2026-05-30,3,23,3,L,ST,Sweeper,86.7,-0.294,2.48,4.0,called_strike,1,1,2
823945,2026-05-30,3,23,4,L,ST,Sweeper,88.5,-1.173,1.146,13.0,swinging_strike,1,2,2
823945,2026-05-30,3,24,1,R,FF,4-Seam Fastball,95.2,1.577,2.711,12.0,ball,0,0,2
823945,2026-05-30,3,24,2,R,ST,Sweeper,84.5,-0.56,0.72,13.0,ball,1,0,2
823945,2026-05-30,3,24,3,R,CH,Changeup,86.7,0.345,2.548,6.0,called_strike,2,0,2
823945,2026-05-30,3,24,4,R,CH,Changeup,87.9,0.135,2.313,5.0,swinging_strike,2,1,2
823945,2026-05-30,3,24,5,R,FF,4-Seam Fastball,97.2,-0.267,3.111,2.0,hit_into_play,2,2,2
823945,2026-05-30,3,25,1,L,ST,Sweeper,85.4,-0.779,1.21,13.0,swinging_strike,0,0,2
823945,2026-05-30,3,25,2,L,SI,Sinker,97.8,0.536,1.79,9.0,foul,0,1,2
823945,2026-05-30,3,25,3,L,CH,Changeup,87.8,0.105,1.535,14.0,hit_into_play,0,2,2
823945,2026-05-30,3,26,1,R,FF,4-Seam Fastball,96.8,-0.171,2.724,2.0,foul,0,0,2
823945,2026-05-30,3,26,2,R,FF,4-Seam Fastball,97.5,-0.927,3.569,11.0,ball,0,1,2
823945,2026-05-30,3,26,3,R,ST,Sweeper,86.9,0.557,2.134,6.0,called_strike,1,1,2
823945,2026-05-30,3,26,4,R,ST,Sweeper,88.5,-0.993,0.696,13.0,blocked_ball,1,2,2
823945,2026-05-30,3,26,5,R,ST,Sweeper,88.1,0.481,1.492,9.0,ball,2,2,2
823945,2026-05-30,3,26,6,R,ST,Sweeper,87.5,-0.604,2.485,4.0,swinging_strike,3,2,2
823945,2026-05-30,4,30,1,R,ST,Sweeper,83.9,0.054,1.874,8.0,called_strike,0,0,2
823945,2026-05-30,4,30,2,R,CH,Changeup,85.7,0.285,1.237,14.0,swinging_strike,0,1,2
823945,2026-05-30,4,30,3,R,ST,Sweeper,87.9,-0.202,1.131,13.0,swinging_strike,0,2,2
823945,2026-05-30,4,31,1,R,SI,Sinker,96.0,0.375,2.564,6.0,called_strike,0,0,2
823945,2026-05-30,4,31,2,R,FF,4-Seam Fastball,96.7,0.157,2.867,2.0,swinging_strike,0,1,2
823945,2026-05-30,4,31,3,R,ST,Sweeper,88.0,-1.205,0.153,13.0,ball,0,2,2
823945,2026-05-30,4,31,4,R,ST,Sweeper,88.0,-1.123,1.096,13.0,ball,1,2,2
823945,2026-05-30,4,31,5,R,ST,Sweeper,86.6,-0.494,0.491,13.0,ball,2,2,2
823945,2026-05-30,4,31,6,R,FF,4-Seam Fastball,97.7,-0.254,2.939,2.0,hit_into_play,3,2,2
823945,2026-05-30,4,32,1,R,ST,Sweeper,85.7,0.138,0.848,14.0,ball,0,0,2
823945,2026-05-30,4,32,2,R,ST,Sweeper,85.5,0.936,2.43,12.0,called_strike,1,0,2
823945,2026-05-30,4,32,3,R,FF,4-Seam Fastball,97.1,0.151,3.689,12.0,hit_into_play,1,1,2
823945,2026-05-30,4,33,1,L,ST,Sweeper,86.3,-0.306,2.969,1.0,hit_into_play,0,0,3
823945,2026-05-30,4,34,1,R,FF,4-Seam Fastball,97.5,-0.627,3.377,11.0,foul_tip,0,0,3
823945,2026-05-30,4,34,2,R,FF,4-Seam Fastball,97.9,-1.183,3.38,11.0,foul,0,1,3
823945,2026-05-30,4,34,3,R,CH,Changeup,87.1,-0.486,0.931,13.0,swinging_strike,0,2,3
823945,2026-05-30,5,38,1,L,ST,Sweeper,84.8,0.164,4.002,12.0,ball,0,0,3
823945,2026-05-30,5,38,2,L,ST,Sweeper,85.6,-1.292,1.086,13.0,ball,1,0,3
823945,2026-05-30,5,38,3,L,ST,Sweeper,85.6,-0.359,2.524,4.0,hit_into_play,2,0,3
823945,2026-05-30,5,39,1,R,FF,4-Seam Fastball,96.5,-0.234,2.607,5.0,called_strike,0,0,3
823945,2026-05-30,5,39,2,R,FF,4-Seam Fastball,96.8,-0.954,3.151,11.0,ball,0,1,3
823945,2026-05-30,5,39,3,R,ST,Sweeper,84.6,1.546,2.267,14.0,ball,1,1,3
823945,2026-05-30,5,39,4,R,CH,Changeup,86.9,-1.391,1.308,13.0,ball,2,1,3
823945,2026-05-30,5,39,5,R,ST,Sweeper,85.1,-0.535,1.687,7.0,hit_into_play,3,1,3
823945,2026-05-30,5,40,1,L,SI,Sinker,96.1,0.611,2.411,6.0,foul,0,0,3
823945,2026-05-30,5,40,2,L,SI,Sinker,97.6,-0.321,1.494,13.0,hit_into_play,0,1,3
823945,2026-05-30,6,47,1,R,CH,Changeup,91.2,1.162,3.071,12.0,ball,0,0,3
823945,2026-05-30,6,47,2,R,ST,Sweeper,81.9,0.954,3.512,12.0,ball,1,0,3
823945,2026-05-30,6,47,3,R,SI,Sinker,94.6,0.028,1.976,8.0,foul,2,0,3
823945,2026-05-30,6,47,4,R,ST,Sweeper,83.8,0.453,2.801,3.0,called_strike,2,1,3
823945,2026-05-30,6,47,5,R,CH,Changeup,85.2,-0.076,2.347,5.0,foul,2,2,3
823945,2026-05-30,6,47,6,R,ST,Sweeper,87.3,1.123,3.446,12.0,ball,2,2,3
823945,2026-05-30,6,47,7,R,FF,4-Seam Fastball,97.2,1.01,2.204,14.0,ball,3,2,3
823945,2026-05-30,6,48,1,R,ST,Sweeper,82.8,0.349,3.035,3.0,called_strike,0,0,3
823945,2026-05-30,6,48,2,R,CH,Changeup,86.3,-0.29,1.706,7.0,hit_into_play,0,1,3
823455,2026-06-05,1,1,1,R,FF,4-Seam Fastball,95.5,-0.44,2.539,4.0,foul,0,0,1
823455,2026-06-05,1,1,2,R,CH,Changeup,85.7,0.941,3.269,12.0,ball,0,1,1
823455,2026-06-05,1,1,3,R,CH,Changeup,86.0,-0.295,1.657,7.0,swinging_strike,1,1,1
823455,2026-06-05,1,1,4,R,FF,4-Seam Fastball,98.0,0.791,3.252,12.0,hit_into_play,1,2,1
823455,2026-06-05,1,2,1,R,FF,4-Seam Fastball,97.5,0.126,2.763,2.0,called_strike,0,0,1
823455,2026-06-05,1,2,2,R,FF,4-Seam Fastball,97.8,-0.198,2.491,5.0,hit_into_play,0,1,1
823455,2026-06-05,1,3,1,R,ST,Sweeper,84.1,1.615,2.882,12.0,ball,0,0,1
823455,2026-06-05,1,3,2,R,FF,4-Seam Fastball,96.4,0.723,1.605,9.0,ball,1,0,1
823455,2026-06-05,1,3,3,R,CH,Changeup,86.5,-0.205,2.145,8.0,foul,2,0,1
823455,2026-06-05,1,3,4,R,CH,Changeup,87.4,-0.293,1.607,7.0,swinging_strike,2,1,1
823455,2026-06-05,1,3,5,R,ST,Sweeper,89.0,-0.041,0.669,13.0,ball,2,2,1
823455,2026-06-05,1,3,6,R,CH,Changeup,87.4,-0.739,1.251,13.0,ball,3,2,1
823455,2026-06-05,1,4,1,L,ST,Sweeper,86.9,0.235,2.292,5.0,called_strike,0,0,1
823455,2026-06-05,1,4,2,L,ST,Sweeper,88.0,0.319,3.558,12.0,foul,0,1,1
823455,2026-06-05,1,4,3,L,FF,4-Seam Fastball,98.1,-1.8,4.097,11.0,ball,0,2,1
823455,2026-06-05,1,4,4,L,FF,4-Seam Fastball,97.9,-1.457,3.451,11.0,ball,1,2,1
823455,2026-06-05,1,4,5,L,ST,Sweeper,86.5,-0.238,2.667,5.0,foul,2,2,1
823455,2026-06-05,1,4,6,L,CH,Changeup,87.1,-0.772,2.132,7.0,hit_into_play,2,2,1
823455,2026-06-05,2,10,1,R,SI,Sinker,92.5,0.677,1.95,9.0,foul,0,0,1
823455,2026-06-05,2,10,2,R,CH,Changeup,83.5,0.433,2.428,6.0,foul,0,1,1
823455,2026-06-05,2,10,3,R,ST,Sweeper,84.7,1.44,2.46,12.0,ball,0,2,1
823455,2026-06-05,2,10,4,R,CH,Changeup,85.1,0.742,2.073,6.0,hit_into_play,1,2,1
823455,2026-06-05,2,11,1,R,CH,Changeup,85.3,-1.158,2.264,13.0,ball,0,0,1
823455,2026-06-05,2,11,2,R,SI,Sinker,94.4,0.302,1.824,9.0,hit_into_play,1,0,1
823455,2026-06-05,2,12,1,L,SI,Sinker,95.9,-0.715,1.746,7.0,called_strike,0,0,1
823455,2026-06-05,2,12,2,L,SI,Sinker,96.5,0.347,1.428,14.0,ball,0,1,1
823455,2026-06-05,2,12,3,L,ST,Sweeper,87.5,0.737,3.474,12.0,hit_by_pitch,1,1,1
823455,2026-06-05,2,13,1,R,FF,4-Seam Fastball,98.0,-1.761,2.392,11.0,ball,0,0,1
823455,2026-06-05,2,13,2,R,CH,Changeup,87.4,-0.827,1.015,13.0,ball,1,0,1
823455,2026-06-05,2,13,3,R,FF,4-Seam Fastball,97.5,-0.435,1.97,7.0,hit_into_play,2,0,1
823455,2026-06-05,2,14,1,L,SI,Sinker,96.5,-0.556,1.773,7.0,called_strike,0,0,1
823455,2026-06-05,2,14,2,L,ST,Sweeper,87.5,-0.737,0.167,13.0,blocked_ball,0,1,1
823455,2026-06-05,2,14,3,L,SI,Sinker,98.3,0.281,2.736,3.0,hit_into_play,1,1,1
823455,2026-06-05,2,15,1,R,FF,4-Seam Fastball,97.3,0.629,2.192,6.0,called_strike,0,0,2
823455,2026-06-05,2,15,2,R,ST,Sweeper,86.7,0.752,2.442,6.0,called_strike,0,1,2
823455,2026-06-05,2,15,3,R,CH,Changeup,87.3,0.185,1.378,14.0,swinging_strike,0,2,2
823455,2026-06-05,3,24,1,R,ST,Sweeper,82.4,1.242,3.016,12.0,ball,0,0,2
823455,2026-06-05,3,24,2,R,CH,Changeup,83.9,0.345,3.15,3.0,called_strike,1,0,2
823455,2026-06-05,3,24,3,R,CH,Changeup,84.0,0.052,2.12,5.0,swinging_strike,1,1,2
823455,2026-06-05,3,24,4,R,SI,Sinker,96.3,-0.38,2.502,4.0,hit_into_play,1,2,2
823455,2026-06-05,3,25,1,R,ST,Sweeper,85.0,1.102,2.216,14.0,ball,0,0,2
823455,2026-06-05,3,25,2,R,ST,Sweeper,85.8,0.678,2.182,6.0,called_strike,1,0,2
823455,2026-06-05,3,25,3,R,FF,4-Seam Fastball,96.0,1.0,1.66,14.0,ball,1,1,2
823455,2026-06-05,3,25,4,R,CH,Changeup,85.6,-0.931,1.771,13.0,ball,2,1,2
823455,2026-06-05,3,25,5,R,CH,Changeup,85.9,0.445,2.92,3.0,called_strike,3,1,2
823455,2026-06-05,3,25,6,R,CH,Changeup,86.2,-0.945,0.444,13.0,blocked_ball,3,2,2
823455,2026-06-05,3,26,1,L,SI,Sinker,96.5,-1.074,1.016,13.0,ball,0,0,2
823455,2026-06-05,3,26,2,L,SI,Sinker,97.1,0.888,2.358,14.0,swinging_strike,1,0,2
823455,2026-06-05,3,26,3,L,ST,Sweeper,87.2,-0.916,0.291,13.0,swinging_strike_blocked,1,1,2
823455,2026-06-05,3,26,4,L,ST,Sweeper,88.7,-1.524,-0.222,13.0,blocked_ball,1,2,2
823455,2026-06-05,3,26,5,L,ST,Sweeper,88.5,-2.745,0.785,13.0,ball,2,2,2
823455,2026-06-05,3,26,6,L,SI,Sinker,97.9,0.216,2.334,5.0,hit_into_play,3,2,2
823455,2026-06-05,3,27,1,R,CH,Changeup,85.2,-0.767,1.052,13.0,ball,0,0,2
823455,2026-06-05,3,27,2,R,SI,Sinker,94.9,0.354,2.024,9.0,hit_into_play,1,0,2
823455,2026-06-05,4,31,1,R,SI,Sinker,93.9,0.448,1.756,9.0,hit_into_play,0,0,2
823455,2026-06-05,4,32,1,L,FF,4-Seam Fastball,96.9,0.227,1.581,8.0,called_strike,0,0,2
823455,2026-06-05,4,32,2,L,SI,Sinker,97.3,-0.511,1.389,13.0,ball,0,1,2
823455,2026-06-05,4,32,3,L,SI,Sinker,98.3,-0.354,1.511,7.0,called_strike,1,1,2
823455,2026-06-05,4,32,4,L,ST,Sweeper,89.1,-0.697,0.209,13.0,ball,1,2,2
823455,2026-06-05,4,32,5,L,ST,Sweeper,89.3,-1.294,1.113,13.0,hit_into_play,2,2,2
823455,2026-06-05,4,33,1,R,ST,Sweeper,85.3,-1.162,0.9,13.0,ball,0,0,2
823455,2026-06-05,4,33,2,R,SI,Sinker,96.1,-0.57,2.174,4.0,hit_into_play,1,0,2
823455,2026-06-05,4,34,1,L,SI,Sinker,96.5,0.228,1.989,8.0,called_strike,0,0,2
823455,2026-06-05,4,34,2,L,ST,Sweeper,87.2,-0.579,0.871,13.0,ball,0,1,2
823455,2026-06-05,4,34,3,L,ST,Sweeper,87.4,-0.042,1.113,13.0,swinging_strike,1,1,2
823455,2026-06-05,4,34,4,L,ST,Sweeper,87.6,-0.084,1.551,8.0,hit_into_play,1,2,2
823455,2026-06-05,5,39,1,R,SI,Sinker,93.4,0.621,1.817,9.0,hit_into_play,0,0,3
823455,2026-06-05,5,40,1,R,SI,Sinker,94.8,-0.687,1.799,7.0,called_strike,0,0,3
823455,2026-06-05,5,40,2,R,CH,Changeup,85.5,-0.162,2.505,5.0,foul,0,1,3
823455,2026-06-05,5,40,3,R,CH,Changeup,86.0,0.386,1.954,9.0,hit_into_play,0,2,3
823455,2026-06-05,5,41,1,R,FF,4-Seam Fastball,95.5,2.391,2.892,12.0,ball,0,0,3
823455,2026-06-05,5,41,2,R,SI,Sinker,94.1,-0.18,1.909,8.0,called_strike,1,0,3
823455,2026-06-05,5,41,3,R,ST,Sweeper,86.9,-0.419,1.82,7.0,hit_into_play,1,1,3
823455,2026-06-05,5,42,1,L,ST,Sweeper,85.5,-0.593,1.475,13.0,swinging_strike,0,0,3
823455,2026-06-05,5,42,2,L,SI,Sinker,97.4,0.63,1.181,14.0,ball,0,1,3
823455,2026-06-05,5,42,3,L,FF,4-Seam Fastball,97.4,-0.033,4.121,11.0,ball,1,1,3
823455,2026-06-05,5,42,4,L,SI,Sinker,97.1,0.775,2.129,9.0,foul,2,1,3
823455,2026-06-05,5,42,5,L,CH,Changeup,86.0,0.512,1.463,14.0,swinging_strike,2,2,3
823455,2026-06-05,5,43,1,R,FF,4-Seam Fastball,97.8,-0.565,2.139,4.0,called_strike,0,0,3
823455,2026-06-05,5,43,2,R,CH,Changeup,86.2,-0.311,1.724,7.0,hit_into_play,0,1,3
823455,2026-06-05,6,48,1,R,CH,Changeup,84.7,0.845,2.676,12.0,called_strike,0,0,3
823455,2026-06-05,6,48,2,R,CH,Changeup,85.1,0.199,1.926,8.0,hit_into_play,0,1,3
823455,2026-06-05,6,49,1,L,FF,4-Seam Fastball,97.1,-0.523,3.244,1.0,ball,0,0,3
823455,2026-06-05,6,49,2,L,SI,Sinker,96.6,0.836,2.356,14.0,foul,1,0,3
823455,2026-06-05,6,49,3,L,SI,Sinker,97.2,0.461,1.634,9.0,hit_into_play,1,1,3
823455,2026-06-05,6,50,1,R,FF,4-Seam Fastball,97.6,-0.021,2.432,5.0,hit_into_play,0,0,3
823455,2026-06-05,6,51,1,L,ST,Sweeper,85.5,-1.108,0.908,13.0,ball,0,0,3
823455,2026-06-05,6,51,2,L,SI,Sinker,96.6,-0.852,1.915,13.0,ball,1,0,3
823455,2026-06-05,6,51,3,L,SI,Sinker,96.5,0.664,2.508,6.0,called_strike,2,0,3
823455,2026-06-05,6,51,4,L,SI,Sinker,97.4,0.333,1.986,9.0,hit_into_play,2,1,3
822804,2026-06-10,1,6,1,R,SI,Sinker,94.6,0.775,2.312,6.0,hit_into_play,0,0,1
822804,2026-06-10,1,7,1,R,SI,Sinker,94.5,1.348,2.295,14.0,ball,0,0,1
822804,2026-06-10,1,7,2,R,SI,Sinker,95.4,0.039,1.259,14.0,ball,1,0,1
822804,2026-06-10,1,7,3,R,SI,Sinker,96.0,0.698,2.206,6.0,hit_into_play,2,0,1
822804,2026-06-10,1,8,1,R,CH,Changeup,85.2,0.766,2.3,6.0,called_strike,0,0,1
822804,2026-06-10,1,8,2,R,FF,4-Seam Fastball,96.3,-1.15,2.685,11.0,hit_into_play,0,1,1
822804,2026-06-10,1,9,1,R,SI,Sinker,94.3,0.483,1.842,9.0,called_strike,0,0,1
822804,2026-06-10,1,9,2,R,ST,Sweeper,86.8,-0.054,1.241,13.0,ball,0,1,1
822804,2026-06-10,1,9,3,R,ST,Sweeper,87.8,0.126,1.479,14.0,ball,1,1,1
822804,2026-06-10,1,9,4,R,CH,Changeup,86.9,0.409,2.83,3.0,called_strike,2,1,1
822804,2026-06-10,1,9,5,R,ST,Sweeper,88.0,0.014,1.746,8.0,hit_into_play,2,2,1
822804,2026-06-10,2,14,1,L,FF,4-Seam Fastball,96.4,-0.14,2.997,2.0,hit_into_play,0,0,1
822804,2026-06-10,2,15,1,R,FF,4-Seam Fastball,92.5,0.718,2.992,3.0,called_strike,0,0,1
822804,2026-06-10,2,15,2,R,ST,Sweeper,83.9,0.54,2.125,6.0,called_strike,0,1,1
822804,2026-06-10,2,15,3,R,FF,4-Seam Fastball,97.6,0.026,3.608,12.0,ball,0,2,1
822804,2026-06-10,2,15,4,R,FF,4-Seam Fastball,97.7,1.006,3.121,12.0,ball,1,2,1
822804,2026-06-10,2,15,5,R,CH,Changeup,86.3,1.045,2.536,12.0,hit_into_play,2,2,1
822804,2026-06-10,2,16,1,R,FF,4-Seam Fastball,97.4,0.226,4.059,12.0,ball,0,0,1
822804,2026-06-10,2,16,2,R,CH,Changeup,85.9,0.521,1.756,9.0,called_strike,1,0,1
822804,2026-06-10,2,16,3,R,FF,4-Seam Fastball,98.0,-0.431,2.861,1.0,swinging_strike,1,1,1
822804,2026-06-10,2,16,4,R,FF,4-Seam Fastball,98.7,-0.613,2.732,1.0,called_strike,1,2,1
822804,2026-06-10,3,24,1,R,FF,4-Seam Fastball,93.9,-0.815,2.165,4.0,ball,0,0,1
822804,2026-06-10,3,24,2,R,ST,Sweeper,82.3,1.707,4.392,12.0,ball,1,0,1
822804,2026-06-10,3,24,3,R,FF,4-Seam Fastball,96.5,-0.552,1.94,7.0,foul,2,0,1
822804,2026-06-10,3,24,4,R,FF,4-Seam Fastball,97.7,-0.062,1.945,8.0,hit_into_play,2,1,1
822804,2026-06-10,3,25,1,L,FF,4-Seam Fastball,96.1,-0.263,2.266,5.0,called_strike,0,0,1
822804,2026-06-10,3,25,2,L,ST,Sweeper,85.8,0.204,2.968,2.0,called_strike,0,1,1
822804,2026-06-10,3,25,3,L,ST,Sweeper,86.6,-1.952,0.843,13.0,ball,0,2,1
822804,2026-06-10,3,25,4,L,ST,Sweeper,88.3,-0.916,1.501,13.0,swinging_strike,1,2,1
822804,2026-06-10,3,26,1,R,ST,Sweeper,85.0,-0.534,1.606,7.0,ball,0,0,2
822804,2026-06-10,3,26,2,R,CH,Changeup,86.1,1.572,3.083,12.0,ball,1,0,2
822804,2026-06-10,3,26,3,R,SI,Sinker,94.5,1.145,2.833,12.0,swinging_strike,2,0,2
822804,2026-06-10,3,26,4,R,ST,Sweeper,86.0,-0.326,1.233,13.0,ball,2,1,2
822804,2026-06-10,3,26,5,R,FF,4-Seam Fastball,97.7,-0.613,1.927,7.0,ball,3,1,2
822804,2026-06-10,3,27,1,R,CH,Changeup,86.2,-1.047,1.238,13.0,ball,0,0,2
822804,2026-06-10,3,27,2,R,SI,Sinker,96.4,0.329,1.427,14.0,ball,1,0,2
822804,2026-06-10,3,27,3,R,FF,4-Seam Fastball,98.4,-1.064,2.28,13.0,ball,2,0,2
822804,2026-06-10,3,27,4,R,SI,Sinker,94.5,1.59,2.203,14.0,ball,3,0,2
822804,2026-06-10,3,28,1,R,ST,Sweeper,85.7,-0.909,1.272,13.0,swinging_strike,0,0,2
822804,2026-06-10,3,28,2,R,CH,Changeup,87.4,0.316,1.997,9.0,foul,0,1,2
822804,2026-06-10,3,28,3,R,ST,Sweeper,88.4,-1.005,1.777,13.0,swinging_strike,0,2,2
822804,2026-06-10,4,34,1,R,ST,Sweeper,82.7,0.591,3.418,12.0,ball,0,0,2
822804,2026-06-10,4,34,2,R,FF,4-Seam Fastball,96.2,-1.029,2.767,11.0,ball,1,0,2
822804,2026-06-10,4,34,3,R,SI,Sinker,93.9,0.388,1.528,9.0,swinging_strike,2,0,2
822804,2026-06-10,4,34,4,R,SI,Sinker,95.3,-0.422,1.418,13.0,ball,2,1,2
822804,2026-06-10,4,34,5,R,FF,4-Seam Fastball,97.1,-0.117,2.318,5.0,called_strike,3,1,2
822804,2026-06-10,4,34,6,R,ST,Sweeper,87.2,0.595,2.395,6.0,swinging_strike,3,2,2
822804,2026-06-10,4,35,1,L,FF,4-Seam Fastball,92.9,-0.363,2.464,4.0,called_strike,0,0,2
822804,2026-06-10,4,35,2,L,ST,Sweeper,87.4,-0.731,1.755,7.0,hit_into_play,0,1,2
822804,2026-06-10,4,36,1,R,FF,4-Seam Fastball,97.7,-0.397,3.131,1.0,foul,0,0,2
822804,2026-06-10,4,36,2,R,ST,Sweeper,86.9,1.302,2.075,14.0,ball,0,1,2
822804,2026-06-10,4,36,3,R,ST,Sweeper,86.8,-0.437,1.957,7.0,foul,1,1,2
822804,2026-06-10,4,36,4,R,ST,Sweeper,87.8,0.29,3.053,3.0,foul,1,2,2
822804,2026-06-10,4,36,5,R,FF,4-Seam Fastball,97.6,0.062,3.532,12.0,foul,1,2,2
822804,2026-06-10,4,36,6,R,ST,Sweeper,88.1,-0.474,1.698,7.0,swinging_strike,1,2,2
822804,2026-06-10,5,41,1,R,FF,4-Seam Fastball,95.4,-0.214,2.577,5.0,called_strike,0,0,2
822804,2026-06-10,5,41,2,R,ST,Sweeper,85.7,-0.718,0.441,13.0,ball,0,1,2
822804,2026-06-10,5,41,3,R,ST,Sweeper,85.4,0.316,2.329,6.0,swinging_strike,1,1,2
822804,2026-06-10,5,41,4,R,ST,Sweeper,87.4,0.498,3.033,3.0,called_strike,1,2,2
822804,2026-06-10,5,42,1,R,FF,4-Seam Fastball,97.0,1.018,3.544,12.0,ball,0,0,2
822804,2026-06-10,5,42,2,R,ST,Sweeper,85.0,0.443,2.36,6.0,called_strike,1,0,2
822804,2026-06-10,5,42,3,R,ST,Sweeper,86.3,-1.958,0.562,13.0,ball,1,1,2
822804,2026-06-10,5,42,4,R,FF,4-Seam Fastball,97.2,-0.379,2.71,1.0,hit_into_play,2,1,2
822804,2026-06-10,5,43,1,L,SI,Sinker,95.3,0.722,2.481,6.0,hit_into_play,0,0,2
822804,2026-06-10,5,44,1,R,ST,Sweeper,85.6,0.877,2.512,12.0,foul,0,0,3
822804,2026-06-10,5,44,2,R,CH,Changeup,86.0,0.587,1.59,9.0,foul,0,1,3
822804,2026-06-10,5,44,3,R,ST,Sweeper,89.0,0.373,2.515,6.0,swinging_strike,0,2,3
822804,2026-06-10,5,45,1,R,ST,Sweeper,85.2,1.077,2.472,12.0,ball,0,0,3
822804,2026-06-10,5,45,2,R,ST,Sweeper,87.0,-1.082,1.121,13.0,swinging_strike,1,0,3
822804,2026-06-10,5,45,3,R,FF,4-Seam Fastball,98.6,0.22,2.933,2.0,foul,1,1,3
822804,2026-06-10,5,45,4,R,FF,4-Seam Fastball,99.6,-1.053,3.987,11.0,ball,1,2,3
822804,2026-06-10,5,45,5,R,ST,Sweeper,89.7,-1.525,-0.609,13.0,blocked_ball,2,2,3
822804,2026-06-10,6,50,1,R,CH,Changeup,83.4,-0.481,2.118,4.0,called_strike,0,0,3
822804,2026-06-10,6,50,2,R,ST,Sweeper,83.6,-1.005,1.48,13.0,foul,0,1,3
822804,2026-06-10,6,50,3,R,ST,Sweeper,87.5,-2.176,0.016,13.0,ball,0,2,3
822804,2026-06-10,6,50,4,R,ST,Sweeper,87.2,-1.154,1.133,13.0,ball,1,2,3
822804,2026-06-10,6,50,5,R,ST,Sweeper,86.6,0.157,1.394,14.0,ball,2,2,3
822804,2026-06-10,6,50,6,R,FF,4-Seam Fastball,98.5,0.235,3.467,12.0,foul,3,2,3
822804,2026-06-10,6,50,7,R,ST,Sweeper,86.4,-0.139,3.221,2.0,hit_into_play,3,2,3
822804,2026-06-10,6,51,1,R,ST,Sweeper,83.8,-0.864,0.443,13.0,ball,0,0,3
822804,2026-06-10,6,51,2,R,ST,Sweeper,83.9,0.298,0.576,14.0,ball,1,0,3
822804,2026-06-10,6,51,3,R,FF,4-Seam Fastball,96.5,0.001,1.491,8.0,called_strike,2,0,3
822804,2026-06-10,6,51,4,R,CH,Changeup,85.9,-1.081,0.339,13.0,ball,2,1,3
822804,2026-06-10,6,51,5,R,SI,Sinker,95.0,1.204,2.847,12.0,ball,3,1,3
822804,2026-06-10,6,52,1,R,FF,4-Seam Fastball,96.6,0.965,3.806,12.0,ball,0,0,3
822804,2026-06-10,6,52,2,R,CH,Changeup,85.8,0.037,2.834,2.0,foul,1,0,3
822804,2026-06-10,6,52,3,R,ST,Sweeper,85.4,-0.975,1.833,13.0,ball,1,1,3
822804,2026-06-10,6,52,4,R,ST,Sweeper,84.5,-0.248,1.778,8.0,called_strike,2,1,3
822804,2026-06-10,6,52,5,R,FF,4-Seam Fastball,97.2,-0.345,3.481,11.0,foul,2,2,3
822804,2026-06-10,6,52,6,R,ST,Sweeper,87.4,-0.943,0.412,13.0,blocked_ball,2,2,3
822804,2026-06-10,6,52,7,R,FF,4-Seam Fastball,97.9,0.941,3.39,12.0,ball,3,2,3
822804,2026-06-10,6,53,1,L,ST,Sweeper,86.4,-0.645,1.869,7.0,called_strike,0,0,3
822804,2026-06-10,6,53,2,L,ST,Sweeper,87.4,-0.653,1.504,7.0,swinging_strike,0,1,3
822804,2026-06-10,6,53,3,L,ST,Sweeper,88.5,-3.729,-1.972,13.0,blocked_ball,0,2,3
822804,2026-06-10,6,53,4,L,ST,Sweeper,88.3,-2.467,0.244,13.0,swinging_strike_blocked,1,2,3
822804,2026-06-10,6,54,1,R,FF,4-Seam Fastball,97.6,-0.074,3.255,2.0,hit_into_play,0,0,3
823451,2026-06-16,1,1,1,R,FF,4-Seam Fastball,94.4,-0.391,1.989,7.0,foul_bunt,0,0,1
823451,2026-06-16,1,1,2,R,CH,Changeup,86.5,0.683,1.487,9.0,ball,0,1,1
823451,2026-06-16,1,1,3,R,CH,Changeup,85.9,-0.034,1.986,8.0,swinging_strike,1,1,1
823451,2026-06-16,1,1,4,R,ST,Sweeper,88.7,-0.565,0.666,13.0,ball,1,2,1
823451,2026-06-16,1,1,5,R,CH,Changeup,86.3,1.332,2.842,12.0,ball,2,2,1
823451,2026-06-16,1,1,6,R,SI,Sinker,97.3,1.294,3.025,12.0,ball,3,2,1
823451,2026-06-16,1,2,1,R,FF,4-Seam Fastball,96.9,0.535,1.64,9.0,called_strike,0,0,1
823451,2026-06-16,1,2,2,R,ST,Sweeper,87.4,-0.888,0.495,13.0,blocked_ball,0,1,1
823451,2026-06-16,1,2,3,R,SI,Sinker,96.0,1.841,2.796,12.0,ball,1,1,1
823451,2026-06-16,1,2,4,R,SI,Sinker,95.5,0.344,3.533,12.0,ball,2,1,1
823451,2026-06-16,1,2,5,R,FF,4-Seam Fastball,97.3,0.232,2.091,5.0,foul,3,1,1
823451,2026-06-16,1,2,6,R,CH,Changeup,86.5,-0.708,2.319,4.0,hit_into_play,3,2,1
823451,2026-06-16,1,3,1,L,SI,Sinker,96.7,-0.19,2.967,2.0,called_strike,0,0,1
823451,2026-06-16,1,3,2,L,SI,Sinker,96.8,0.698,1.268,14.0,ball,0,1,1
823451,2026-06-16,1,3,3,L,ST,Sweeper,87.0,-0.418,2.675,1.0,hit_into_play,1,1,1
823451,2026-06-16,1,4,1,R,ST,Sweeper,85.8,-2.121,-0.585,13.0,ball,0,0,1
823451,2026-06-16,1,4,2,R,CH,Changeup,85.4,0.043,1.306,14.0,ball,1,0,1
823451,2026-06-16,1,4,3,R,CH,Changeup,85.3,-0.498,1.253,13.0,ball,2,0,1
823451,2026-06-16,1,4,4,R,SI,Sinker,96.4,0.739,2.254,6.0,foul,3,0,1
823451,2026-06-16,1,4,5,R,FF,4-Seam Fastball,98.2,0.403,2.966,3.0,foul,3,1,1
823451,2026-06-16,1,4,6,R,CH,Changeup,85.5,0.002,2.392,5.0,foul,3,2,1
823451,2026-06-16,1,4,7,R,ST,Sweeper,86.9,-0.57,2.195,4.0,swinging_strike,3,2,1
823451,2026-06-16,2,12,1,R,SI,Sinker,92.6,0.864,2.171,14.0,missed_bunt,0,0,1
823451,2026-06-16,2,12,2,R,ST,Sweeper,83.4,0.298,3.271,12.0,ball,0,1,1
823451,2026-06-16,2,12,3,R,FF,4-Seam Fastball,96.7,-1.296,2.059,13.0,hit_into_play,1,1,1
823451,2026-06-16,2,13,1,R,FF,4-Seam Fastball,93.1,0.112,2.61,5.0,foul,0,0,1
823451,2026-06-16,2,13,2,R,ST,Sweeper,84.5,0.741,1.958,9.0,called_strike,0,1,1
823451,2026-06-16,2,13,3,R,FF,4-Seam Fastball,98.3,0.394,3.068,3.0,foul,0,2,1
823451,2026-06-16,2,13,4,R,ST,Sweeper,86.8,-0.276,1.635,8.0,swinging_strike,0,2,1
823451,2026-06-16,2,14,1,R,CH,Changeup,84.9,-0.826,1.538,13.0,ball,0,0,1
823451,2026-06-16,2,14,2,R,CH,Changeup,85.3,-0.02,2.828,2.0,called_strike,1,0,1
823451,2026-06-16,2,14,3,R,ST,Sweeper,86.4,-0.476,1.028,13.0,swinging_strike,1,1,1
823451,2026-06-16,2,14,4,R,ST,Sweeper,87.0,0.349,2.527,6.0,foul,1,2,1
823451,2026-06-16,2,14,5,R,FF,4-Seam Fastball,98.2,0.465,3.07,3.0,swinging_strike,1,2,1
823451,2026-06-16,3,22,1,L,SI,Sinker,93.1,-0.769,0.869,13.0,ball,0,0,1
823451,2026-06-16,3,22,2,L,SI,Sinker,95.2,0.91,3.288,12.0,called_strike,1,0,1
823451,2026-06-16,3,22,3,L,ST,Sweeper,85.4,-1.063,1.807,13.0,ball,1,1,1
823451,2026-06-16,3,22,4,L,ST,Sweeper,86.4,0.171,1.93,8.0,called_strike,2,1,1
823451,2026-06-16,3,22,5,L,ST,Sweeper,87.9,-1.667,0.81,13.0,swinging_strike,2,2,1
823451,2026-06-16,3,23,1,R,SI,Sinker,94.9,0.652,1.764,9.0,hit_into_play,0,0,1
823451,2026-06-16,3,24,1,R,FF,4-Seam Fastball,94.5,0.492,1.768,9.0,called_strike,0,0,2
823451,2026-06-16,3,24,2,R,ST,Sweeper,85.3,-0.782,1.181,13.0,ball,0,1,2
823451,2026-06-16,3,24,3,R,SI,Sinker,96.9,0.954,1.684,14.0,foul,1,1,2
823451,2026-06-16,3,24,4,R,CH,Changeup,84.9,0.735,1.049,14.0,ball,1,2,2
823451,2026-06-16,3,24,5,R,FF,4-Seam Fastball,97.0,0.129,2.077,5.0,hit_into_play,2,2,2
823451,2026-06-16,4,28,1,R,SI,Sinker,92.8,-0.241,1.799,8.0,called_strike,0,0,2
823451,2026-06-16,4,28,2,R,ST,Sweeper,83.1,0.279,3.032,3.0,hit_into_play,0,1,2
823451,2026-06-16,4,29,1,L,SI,Sinker,94.5,0.638,2.707,3.0,called_strike,0,0,2
823451,2026-06-16,4,29,2,L,FF,4-Seam Fastball,96.1,-1.017,3.48,11.0,ball,0,1,2
823451,2026-06-16,4,29,3,L,SI,Sinker,96.3,-0.432,2.129,4.0,called_strike,1,1,2
823451,2026-06-16,4,29,4,L,ST,Sweeper,87.2,-0.543,2.427,4.0,hit_into_play,1,2,2
823451,2026-06-16,4,30,1,R,SI,Sinker,93.6,0.448,1.756,9.0,called_strike,0,0,2
823451,2026-06-16,4,30,2,R,FF,4-Seam Fastball,97.3,-0.643,1.493,7.0,called_strike,0,1,2
823451,2026-06-16,4,30,3,R,ST,Sweeper,88.5,-1.005,0.293,13.0,ball,0,2,2
823451,2026-06-16,4,30,4,R,ST,Sweeper,87.5,0.23,2.782,2.0,swinging_strike,1,2,2
823451,2026-06-16,5,35,1,R,ST,Sweeper,82.9,-0.307,1.774,7.0,called_strike,0,0,2
823451,2026-06-16,5,35,2,R,CH,Changeup,83.5,0.595,2.462,6.0,hit_into_play,0,1,2
823451,2026-06-16,5,36,1,R,FF,4-Seam Fastball,95.8,-0.497,1.751,7.0,called_strike,0,0,2
823451,2026-06-16,5,36,2,R,FF,4-Seam Fastball,97.0,-0.087,3.019,2.0,foul_tip,0,1,2
823451,2026-06-16,5,36,3,R,ST,Sweeper,88.5,-1.52,0.33,13.0,blocked_ball,0,2,2
823451,2026-06-16,5,36,4,R,ST,Sweeper,87.2,-0.733,1.894,7.0,foul,1,2,2
823451,2026-06-16,5,36,5,R,FF,4-Seam Fastball,98.0,-0.11,3.797,11.0,ball,1,2,2
823451,2026-06-16,5,36,6,R,FF,4-Seam Fastball,97.7,-0.365,2.238,4.0,foul,2,2,2
823451,2026-06-16,5,36,7,R,CH,Changeup,85.5,0.482,2.12,6.0,hit_into_play,2,2,2
823451,2026-06-16,5,37,1,R,CH,Changeup,84.5,1.26,2.056,14.0,hit_into_play,0,0,2
823451,2026-06-16,5,38,1,L,ST,Sweeper,86.6,0.247,1.919,8.0,called_strike,0,0,2
823451,2026-06-16,5,38,2,L,SI,Sinker,96.4,0.879,1.591,14.0,ball,0,1,2
823451,2026-06-16,5,38,3,L,SI,Sinker,97.5,0.495,2.493,6.0,hit_into_play,1,1,2
823451,2026-06-16,5,39,1,R,CH,Changeup,85.6,-0.445,1.446,13.0,swinging_strike,0,0,2
823451,2026-06-16,5,39,2,R,CH,Changeup,86.7,0.402,0.929,14.0,ball,0,1,2
823451,2026-06-16,5,39,3,R,CH,Changeup,86.6,1.043,3.837,12.0,ball,1,1,2
823451,2026-06-16,5,39,4,R,FF,4-Seam Fastball,97.8,-0.513,3.034,1.0,foul,2,1,2
823451,2026-06-16,5,39,5,R,CH,Changeup,85.1,1.31,1.758,14.0,ball,2,2,2
823451,2026-06-16,5,39,6,R,ST,Sweeper,88.4,-1.766,1.068,13.0,blocked_ball,3,2,2
823451,2026-06-16,5,40,1,R,ST,Sweeper,86.0,-2.159,-0.3,13.0,blocked_ball,0,0,3
823451,2026-06-16,5,40,2,R,SI,Sinker,96.3,0.291,1.98,9.0,called_strike,1,0,3
823451,2026-06-16,5,40,3,R,CH,Changeup,87.1,0.626,2.136,6.0,hit_into_play,1,1,3
823451,2026-06-16,6,44,1,R,CH,Changeup,82.5,-1.416,1.313,13.0,ball,0,0,3
823451,2026-06-16,6,44,2,R,SI,Sinker,93.6,0.638,2.116,6.0,called_strike,1,0,3
823451,2026-06-16,6,44,3,R,SI,Sinker,93.9,0.585,2.541,6.0,hit_into_play,1,1,3
823451,2026-06-16,6,45,1,L,ST,Sweeper,83.7,0.889,2.051,14.0,ball,0,0,3
823451,2026-06-16,6,45,2,L,SI,Sinker,96.1,0.548,1.62,9.0,called_strike,1,0,3
823451,2026-06-16,6,45,3,L,SI,Sinker,96.3,0.471,2.027,6.0,called_strike,1,1,3
823451,2026-06-16,6,45,4,L,FF,4-Seam Fastball,98.2,-0.779,2.398,4.0,called_strike,1,2,3
823451,2026-06-16,6,46,1,R,SI,Sinker,95.2,0.821,1.834,9.0,called_strike,0,0,3
823451,2026-06-16,6,46,2,R,ST,Sweeper,85.8,0.826,2.452,6.0,hit_into_play,0,1,3
823451,2026-06-16,6,47,1,R,ST,Sweeper,85.7,-0.77,0.609,13.0,swinging_strike_blocked,0,0,3
823451,2026-06-16,6,47,2,R,FF,4-Seam Fastball,98.4,0.356,3.398,12.0,foul,0,1,3
823451,2026-06-16,6,47,3,R,ST,Sweeper,87.6,0.45,3.015,3.0,swinging_strike,0,2,3
823451,2026-06-16,7,51,1,R,SI,Sinker,92.9,0.575,1.321,14.0,ball,0,0,3
823451,2026-06-16,7,51,2,R,CH,Changeup,83.7,0.329,2.613,6.0,called_strike,1,0,3
823451,2026-06-16,7,51,3,R,ST,Sweeper,84.1,-0.009,2.689,2.0,foul,1,1,3
823451,2026-06-16,7,51,4,R,SI,Sinker,96.2,-1.025,1.624,13.0,ball,1,2,3
823451,2026-06-16,7,51,5,R,FF,4-Seam Fastball,97.1,-0.226,3.04,2.0,hit_into_play,2,2,3
823451,2026-06-16,7,52,1,R,ST,Sweeper,84.1,0.191,1.289,14.0,swinging_strike,0,0,3
823451,2026-06-16,7,52,2,R,ST,Sweeper,86.0,0.162,1.616,8.0,hit_into_play,0,1,3
823451,2026-06-16,7,53,1,L,SI,Sinker,95.4,0.683,2.777,3.0,hit_into_play,0,0,3
823451,2026-06-16,7,54,1,R,CH,Changeup,84.1,0.708,2.772,3.0,called_strike,0,0,3
823451,2026-06-16,7,54,2,R,FF,4-Seam Fastball,96.9,-0.9,2.226,13.0,called_strike,0,1,3
823451,2026-06-16,7,54,3,R,ST,Sweeper,87.0,-0.265,1.341,13.0,foul,0,2,3
823451,2026-06-16,7,54,4,R,ST,Sweeper,88.5,-2.067,-0.5,13.0,ball,0,2,3
823451,2026-06-16,7,54,5,R,CH,Changeup,85.2,1.376,3.549,12.0,ball,1,2,3
823451,2026-06-16,7,54,6,R,CH,Changeup,86.2,-0.857,1.04,13.0,swinging_strike,2,2,3
823451,2026-06-16,7,55,1,R,SI,Sinker,97.2,0.594,1.722,9.0,called_strike,0,0,4
823451,2026-06-16,7,55,2,R,FF,4-Seam Fastball,97.9,-0.702,2.065,4.0,called_strike,0,1,4
823451,2026-06-16,7,55,3,R,SI,Sinker,97.8,0.085,2.89,2.0,called_strike,0,2,4
822718,2026-06-23,1,4,1,L,SI,Sinker,96.8,0.307,2.132,9.0,hit_into_play,0,0,1
822718,2026-06-23,1,5,1,R,SI,Sinker,94.8,-0.21,2.159,5.0,called_strike,0,0,1
822718,2026-06-23,1,5,2,R,ST,Sweeper,87.4,-0.845,0.861,13.0,ball,0,1,1
822718,2026-06-23,1,5,3,R,SI,Sinker,97.0,0.3,1.701,9.0,foul,1,1,1
822718,2026-06-23,1,5,4,R,ST,Sweeper,88.0,-0.331,2.182,4.0,called_strike,1,2,1
822718,2026-06-23,1,6,1,R,SI,Sinker,96.1,0.76,2.389,6.0,swinging_strike,0,0,1
822718,2026-06-23,1,6,2,R,CH,Changeup,86.8,1.279,2.661,12.0,ball,0,1,1
822718,2026-06-23,1,6,3,R,CH,Changeup,86.1,0.494,1.869,9.0,swinging_strike,1,1,1
822718,2026-06-23,1,6,4,R,ST,Sweeper,89.0,-1.32,1.854,13.0,ball,1,2,1
822718,2026-06-23,1,6,5,R,CH,Changeup,86.4,1.378,2.031,14.0,swinging_strike,2,2,1
822718,2026-06-23,2,10,1,R,ST,Sweeper,83.5,0.706,2.136,6.0,called_strike,0,0,1
822718,2026-06-23,2,10,2,R,SI,Sinker,95.0,1.14,2.745,12.0,ball,0,1,1
822718,2026-06-23,2,10,3,R,CH,Changeup,86.2,-0.497,1.507,7.0,swinging_strike,1,1,1
822718,2026-06-23,2,10,4,R,CH,Changeup,86.3,0.365,1.323,14.0,hit_into_play,1,2,1
822718,2026-06-23,2,11,1,L,SI,Sinker,96.5,-0.149,1.964,8.0,hit_into_play,0,0,1
822718,2026-06-23,2,12,1,R,SI,Sinker,97.1,-0.065,0.608,13.0,blocked_ball,0,0,1
822718,2026-06-23,2,12,2,R,SI,Sinker,96.8,-0.066,1.903,8.0,foul,1,0,1
822718,2026-06-23,2,12,3,R,ST,Sweeper,88.7,-0.504,0.804,13.0,swinging_strike,1,1,1
822718,2026-06-23,2,12,4,R,CH,Changeup,87.1,-0.004,1.664,8.0,hit_into_play,1,2,1
822718,2026-06-23,2,13,1,R,SI,Sinker,96.2,0.901,1.263,14.0,ball,0,0,1
822718,2026-06-23,2,13,2,R,CH,Changeup,85.9,0.169,1.825,8.0,foul,1,0,1
822718,2026-06-23,2,13,3,R,ST,Sweeper,87.4,0.226,2.614,2.0,called_strike,1,1,1
822718,2026-06-23,2,13,4,R,FF,4-Seam Fastball,98.8,-0.339,3.432,11.0,swinging_strike,1,2,1
822718,2026-06-23,3,17,1,L,SI,Sinker,95.6,-0.396,1.777,7.0,called_strike,0,0,1
822718,2026-06-23,3,17,2,L,ST,Sweeper,85.7,-0.885,2.384,11.0,foul,0,1,1
822718,2026-06-23,3,17,3,L,ST,Sweeper,86.6,-1.879,1.231,13.0,swinging_strike,0,2,1
822718,2026-06-23,3,18,1,R,SI,Sinker,96.4,0.226,0.962,14.0,ball,0,0,1
822718,2026-06-23,3,18,2,R,ST,Sweeper,86.0,-0.474,1.032,13.0,ball,1,0,1
822718,2026-06-23,3,18,3,R,SI,Sinker,95.9,0.577,2.3,6.0,hit_into_play,2,0,1
822718,2026-06-23,3,19,1,L,FF,4-Seam Fastball,97.9,-0.468,1.632,13.0,ball,0,0,2
822718,2026-06-23,3,19,2,L,ST,Sweeper,86.9,-0.935,1.711,13.0,swinging_strike,1,0,2
822718,2026-06-23,3,19,3,L,SI,Sinker,96.5,1.508,2.799,12.0,ball,1,1,2
822718,2026-06-23,3,19,4,L,FF,4-Seam Fastball,97.3,-0.458,2.381,4.0,called_strike,2,1,2
822718,2026-06-23,3,19,5,L,ST,Sweeper,88.6,-1.967,1.674,13.0,swinging_strike,2,2,2
822718,2026-06-23,4,24,1,R,ST,Sweeper,81.6,1.35,4.157,12.0,ball,0,0,2
822718,2026-06-23,4,24,2,R,SI,Sinker,94.0,0.81,2.683,6.0,hit_into_play,1,0,2
822718,2026-06-23,4,25,1,R,ST,Sweeper,85.1,0.76,2.419,6.0,called_strike,0,0,2
822718,2026-06-23,4,25,2,R,ST,Sweeper,86.1,0.813,2.601,6.0,ball,0,1,2
822718,2026-06-23,4,25,3,R,FF,4-Seam Fastball,98.5,-0.375,2.143,4.0,hit_into_play,1,1,2
822718,2026-06-23,4,26,1,R,SI,Sinker,95.2,-1.319,0.202,13.0,ball,0,0,2
822718,2026-06-23,4,26,2,R,CH,Changeup,86.1,0.1,2.822,2.0,hit_into_play,1,0,2
822718,2026-06-23,4,27,1,L,SI,Sinker,96.9,-0.165,2.887,2.0,foul,0,0,2
822718,2026-06-23,4,27,2,L,ST,Sweeper,88.0,-1.927,3.165,11.0,ball,0,1,2
822718,2026-06-23,4,27,3,L,ST,Sweeper,88.1,-0.103,1.09,13.0,ball,1,1,2
822718,2026-06-23,4,27,4,L,ST,Sweeper,87.8,-1.246,1.447,13.0,ball,2,1,2
822718,2026-06-23,4,27,5,L,SI,Sinker,97.7,1.007,3.447,12.0,ball,3,1,2
822718,2026-06-23,4,28,1,R,CH,Changeup,87.9,-0.282,1.68,7.0,hit_into_play,0,0,2
822718,2026-06-23,4,29,1,R,CH,Changeup,88.0,-0.098,1.864,8.0,hit_into_play,0,0,2
822718,2026-06-23,4,30,1,L,ST,Sweeper,86.4,0.342,2.336,6.0,called_strike,0,0,2
822718,2026-06-23,4,30,2,L,ST,Sweeper,88.7,-0.653,2.743,1.0,hit_into_play,0,1,2
822718,2026-06-23,4,31,1,R,SI,Sinker,98.3,-0.471,1.607,7.0,called_strike,0,0,2
822718,2026-06-23,4,31,2,R,FF,4-Seam Fastball,98.6,-0.657,2.094,4.0,foul,0,1,2
822718,2026-06-23,4,31,3,R,ST,Sweeper,88.6,-0.237,2.095,5.0,swinging_strike,0,2,2
822718,2026-06-23,5,38,1,L,ST,Sweeper,84.5,-0.256,1.774,8.0,swinging_strike,0,0,3
822718,2026-06-23,5,38,2,L,SI,Sinker,95.3,0.601,2.025,9.0,swinging_strike,0,1,3
822718,2026-06-23,5,38,3,L,FF,4-Seam Fastball,97.0,-1.547,1.164,13.0,ball,0,2,3
822718,2026-06-23,5,38,4,L,ST,Sweeper,87.2,-1.195,1.262,13.0,foul_tip,1,2,3
822718,2026-06-23,5,39,1,R,CH,Changeup,85.5,-0.7,0.94,13.0,ball,0,0,3
822718,2026-06-23,5,39,2,R,ST,Sweeper,84.8,-0.027,1.968,8.0,called_strike,1,0,3
822718,2026-06-23,5,39,3,R,FF,4-Seam Fastball,96.6,0.215,3.641,12.0,foul,1,1,3
822718,2026-06-23,5,39,4,R,SI,Sinker,97.2,-0.161,4.037,11.0,ball,1,2,3
822718,2026-06-23,5,39,5,R,ST,Sweeper,88.0,-0.072,1.834,8.0,foul,2,2,3
822718,2026-06-23,5,39,6,R,ST,Sweeper,88.0,0.189,1.211,14.0,swinging_strike,2,2,3
822718,2026-06-23,5,40,1,R,CH,Changeup,86.3,2.273,2.36,14.0,ball,0,0,3
822718,2026-06-23,5,40,2,R,CH,Changeup,86.0,1.143,2.516,12.0,ball,1,0,3
822718,2026-06-23,5,40,3,R,ST,Sweeper,84.3,0.071,1.821,8.0,called_strike,2,0,3
822718,2026-06-23,5,40,4,R,SI,Sinker,96.1,1.36,2.706,12.0,foul,2,1,3
822718,2026-06-23,5,40,5,R,ST,Sweeper,88.6,-0.977,0.959,13.0,swinging_strike,2,2,3
822718,2026-06-23,6,44,1,R,CH,Changeup,85.6,0.359,2.589,6.0,foul,0,0,3
822718,2026-06-23,6,44,2,R,FF,4-Seam Fastball,98.1,-0.747,3.054,1.0,ball,0,1,3
822718,2026-06-23,6,44,3,R,ST,Sweeper,87.4,-0.345,1.447,13.0,called_strike,1,1,3
822718,2026-06-23,6,44,4,R,FF,4-Seam Fastball,98.5,-1.991,1.254,13.0,ball,1,2,3
822718,2026-06-23,6,44,5,R,ST,Sweeper,89.4,-0.437,1.618,7.0,foul,2,2,3
822718,2026-06-23,6,44,6,R,FF,4-Seam Fastball,98.1,-0.57,1.699,7.0,called_strike,2,2,3
822718,2026-06-23,6,45,1,L,SI,Sinker,97.9,0.4,2.511,6.0,hit_into_play,0,0,3
822718,2026-06-23,6,46,1,R,SI,Sinker,95.5,-0.382,1.988,7.0,called_strike,0,0,3
822718,2026-06-23,6,46,2,R,ST,Sweeper,88.2,0.625,1.597,9.0,called_strike,0,1,3
822718,2026-06-23,6,46,3,R,ST,Sweeper,88.6,0.188,1.413,14.0,ball,0,2,3
822718,2026-06-23,6,46,4,R,FF,4-Seam Fastball,98.0,0.306,3.557,12.0,foul,1,2,3
822718,2026-06-23,6,46,5,R,ST,Sweeper,88.9,0.341,2.666,6.0,swinging_strike,1,2,3
822718,2026-06-23,7,52,1,R,SI,Sinker,95.2,-1.118,2.242,13.0,ball,0,0,3
822718,2026-06-23,7,52,2,R,SI,Sinker,95.3,-0.584,2.514,4.0,called_strike,1,0,3
822718,2026-06-23,7,52,3,R,ST,Sweeper,86.0,0.849,1.82,14.0,called_strike,1,1,3
822718,2026-06-23,7,52,4,R,ST,Sweeper,87.7,0.714,2.483,6.0,ball,1,2,3
822718,2026-06-23,7,52,5,R,ST,Sweeper,87.5,-0.163,1.989,8.0,foul,2,2,3
822718,2026-06-23,7,52,6,R,FF,4-Seam Fastball,98.4,0.911,3.222,12.0,foul,2,2,3
822718,2026-06-23,7,52,7,R,ST,Sweeper,88.5,-0.055,1.087,13.0,foul,2,2,3
822718,2026-06-23,7,52,8,R,ST,Sweeper,89.0,-0.426,0.891,13.0,foul,2,2,3
822718,2026-06-23,7,52,9,R,CH,Changeup,85.9,2.236,1.892,14.0,ball,2,2,3
822718,2026-06-23,7,52,10,R,FF,4-Seam Fastball,98.3,0.916,3.699,12.0,ball,3,2,3
822718,2026-06-23,7,53,1,L,SI,Sinker,96.8,-0.38,1.558,7.0,called_strike,0,0,3
822718,2026-06-23,7,53,2,L,ST,Sweeper,85.2,1.738,4.097,12.0,ball,0,1,3
822718,2026-06-23,7,53,3,L,SI,Sinker,97.2,-0.374,2.414,4.0,called_strike,1,1,3
822718,2026-06-23,7,53,4,L,ST,Sweeper,87.5,-0.51,1.438,13.0,foul_tip,1,2,3
822718,2026-06-23,7,54,1,R,ST,Sweeper,86.8,-1.269,2.332,13.0,ball,0,0,3
822718,2026-06-23,7,54,2,R,ST,Sweeper,87.2,0.27,1.052,14.0,ball,1,0,3
822718,2026-06-23,7,54,3,R,ST,Sweeper,85.8,0.774,3.219,3.0,ball,2,0,3
822718,2026-06-23,7,54,4,R,SI,Sinker,97.2,0.191,2.15,5.0,called_strike,3,0,3
822718,2026-06-23,7,54,5,R,SI,Sinker,97.7,-0.539,1.144,13.0,ball,3,1,3
822718,2026-06-23,7,55,1,L,ST,Sweeper,87.6,-0.424,2.91,4.0,called_strike,0,0,4
822718,2026-06-23,7,55,2,L,ST,Sweeper,87.9,-1.204,1.098,13.0,swinging_strike,0,1,4
822718,2026-06-23,7,55,3,L,FF,4-Seam Fastball,99.0,-0.57,2.966,1.0,foul,0,2,4
822718,2026-06-23,7,55,4,L,ST,Sweeper,89.5,-1.603,-0.163,13.0,ball,0,2,4
822718,2026-06-23,7,55,5,L,ST,Sweeper,89.4,-1.868,0.397,13.0,swinging_strike_blocked,1,2,4
823608,2026-06-28,1,4,1,L,SI,Sinker,94.9,-0.536,1.872,7.0,called_strike,0,0,1
823608,2026-06-28,1,4,2,L,ST,Sweeper,87.4,-2.303,0.21,13.0,ball,0,1,1
823608,2026-06-28,1,4,3,L,ST,Sweeper,86.6,-1.171,1.57,13.0,swinging_strike,1,1,1
823608,2026-06-28,1,4,4,L,ST,Sweeper,88.1,-0.939,1.859,13.0,foul,1,2,1
823608,2026-06-28,1,4,5,L,SI,Sinker,97.9,-0.03,2.384,5.0,foul,1,2,1
823608,2026-06-28,1,4,6,L,ST,Sweeper,87.2,-1.36,1.631,13.0,hit_into_play,1,2,1
823608,2026-06-28,1,5,1,L,SI,Sinker,95.7,-0.046,1.908,8.0,foul,0,0,1
823608,2026-06-28,1,5,2,L,SI,Sinker,97.6,-0.144,1.807,8.0,called_strike,0,1,1
823608,2026-06-28,1,5,3,L,ST,Sweeper,88.7,-1.01,2.331,13.0,hit_into_play,0,2,1
823608,2026-06-28,1,6,1,R,SI,Sinker,97.2,-0.135,1.388,13.0,ball,0,0,1
823608,2026-06-28,1,6,2,R,SI,Sinker,97.7,-0.101,1.816,8.0,foul,1,0,1
823608,2026-06-28,1,6,3,R,FF,4-Seam Fastball,98.5,-1.025,0.664,13.0,ball,1,1,1
823608,2026-06-28,1,6,4,R,CH,Changeup,87.1,-1.239,1.144,13.0,ball,2,1,1
823608,2026-06-28,1,6,5,R,SI,Sinker,94.1,-0.243,3.501,11.0,called_strike,3,1,1
823608,2026-06-28,1,6,6,R,ST,Sweeper,88.8,-1.26,1.217,13.0,foul_tip,3,2,1
823608,2026-06-28,2,12,1,R,SI,Sinker,93.8,-0.484,1.282,13.0,ball,0,0,1
823608,2026-06-28,2,12,2,R,SI,Sinker,94.8,-0.357,1.733,7.0,called_strike,1,0,1
823608,2026-06-28,2,12,3,R,CH,Changeup,84.6,0.339,3.102,3.0,hit_into_play,1,1,1
823608,2026-06-28,2,13,1,R,ST,Sweeper,83.2,-0.15,1.61,8.0,called_strike,0,0,1
823608,2026-06-28,2,13,2,R,SI,Sinker,95.3,0.372,1.478,9.0,ball,0,1,1
823608,2026-06-28,2,13,3,R,SI,Sinker,95.2,0.97,1.961,14.0,ball,1,1,1
823608,2026-06-28,2,13,4,R,SI,Sinker,97.1,0.525,2.129,6.0,called_strike,2,1,1
823608,2026-06-28,2,13,5,R,FF,4-Seam Fastball,97.6,-0.382,2.592,4.0,foul,2,2,1
823608,2026-06-28,2,13,6,R,ST,Sweeper,87.6,-0.47,1.599,7.0,hit_into_play,2,2,1
823608,2026-06-28,2,14,1,R,SI,Sinker,95.8,0.59,1.556,14.0,ball,0,0,1
823608,2026-06-28,2,14,2,R,ST,Sweeper,83.1,0.929,2.664,12.0,ball,1,0,1
823608,2026-06-28,2,14,3,R,SI,Sinker,95.1,0.781,2.483,6.0,hit_into_play,2,0,1
823608,2026-06-28,3,22,1,R,SI,Sinker,94.8,-0.113,1.044,13.0,ball,0,0,1
823608,2026-06-28,3,22,2,R,CH,Changeup,85.3,-0.325,1.879,7.0,foul,1,0,1
823608,2026-06-28,3,22,3,R,FF,4-Seam Fastball,96.1,-0.724,2.442,4.0,hit_into_play,1,1,1
823608,2026-06-28,3,23,1,L,ST,Sweeper,84.7,0.456,3.402,3.0,ball,0,0,1
823608,2026-06-28,3,23,2,L,SI,Sinker,95.9,-0.132,1.983,8.0,hit_into_play,1,0,1
823608,2026-06-28,3,24,1,R,ST,Sweeper,82.8,0.067,1.969,8.0,called_strike,0,0,1
823608,2026-06-28,3,24,2,R,ST,Sweeper,85.2,-0.031,1.625,8.0,called_strike,0,1,1
823608,2026-06-28,3,24,3,R,FF,4-Seam Fastball,97.7,0.259,3.811,12.0,foul,0,2,1
823608,2026-06-28,3,24,4,R,ST,Sweeper,87.0,1.278,2.956,12.0,ball,0,2,1
823608,2026-06-28,3,24,5,R,CH,Changeup,85.5,0.152,1.666,8.0,hit_into_play,1,2,1
823608,2026-06-28,3,25,1,L,ST,Sweeper,86.3,-1.595,3.232,11.0,ball,0,0,2
823608,2026-06-28,3,25,2,L,ST,Sweeper,86.3,-0.823,2.018,7.0,called_strike,1,0,2
823608,2026-06-28,3,25,3,L,ST,Sweeper,87.7,-0.969,1.144,13.0,swinging_strike,1,1,2
823608,2026-06-28,3,25,4,L,ST,Sweeper,88.6,-0.904,2.82,11.0,foul,1,2,2
823608,2026-06-28,3,25,5,L,FF,4-Seam Fastball,98.7,-0.208,2.94,2.0,foul,1,2,2
823608,2026-06-28,3,25,6,L,ST,Sweeper,87.8,-0.795,2.102,7.0,swinging_strike,1,2,2
823608,2026-06-28,4,29,1,L,SI,Sinker,93.1,-0.429,1.169,13.0,ball,0,0,2
823608,2026-06-28,4,29,2,L,SI,Sinker,95.5,-0.928,1.987,13.0,called_strike,1,0,2
823608,2026-06-28,4,29,3,L,ST,Sweeper,85.4,-1.228,1.179,13.0,ball,1,1,2
823608,2026-06-28,4,29,4,L,SI,Sinker,96.7,-0.37,1.523,13.0,called_strike,2,1,2
823608,2026-06-28,4,29,5,L,ST,Sweeper,89.1,-0.775,1.253,13.0,ball,2,2,2
823608,2026-06-28,4,29,6,L,SI,Sinker,97.6,-0.134,1.084,13.0,ball,3,2,2
823608,2026-06-28,4,30,1,R,CH,Changeup,85.8,-0.638,0.6,13.0,blocked_ball,0,0,2
823608,2026-06-28,4,30,2,R,SI,Sinker,96.3,1.272,2.381,12.0,ball,1,0,2
823608,2026-06-28,4,30,3,R,CH,Changeup,86.7,-0.173,3.071,2.0,hit_into_play,2,0,2
823608,2026-06-28,4,31,1,R,SI,Sinker,95.3,-0.577,1.984,7.0,called_strike,0,0,2
823608,2026-06-28,4,31,2,R,ST,Sweeper,86.6,-1.258,2.026,13.0,swinging_strike,0,1,2
823608,2026-06-28,4,31,3,R,ST,Sweeper,88.2,-0.921,0.767,13.0,ball,0,2,2
823608,2026-06-28,4,31,4,R,FF,4-Seam Fastball,97.5,-0.584,4.059,11.0,swinging_strike,1,2,2
823608,2026-06-28,4,32,1,R,ST,Sweeper,86.3,-1.486,1.058,13.0,ball,0,0,2
823608,2026-06-28,4,32,2,R,SI,Sinker,96.6,0.8,2.172,6.0,called_strike,1,0,2
823608,2026-06-28,4,32,3,R,SI,Sinker,96.1,0.837,1.822,14.0,ball,1,1,2
823608,2026-06-28,4,32,4,R,ST,Sweeper,86.8,-0.689,1.007,13.0,ball,2,1,2
823608,2026-06-28,4,32,5,R,SI,Sinker,96.6,0.429,2.591,6.0,foul,3,1,2
823608,2026-06-28,4,32,6,R,FF,4-Seam Fastball,98.0,-0.45,3.408,11.0,foul_tip,3,2,2
823608,2026-06-28,4,33,1,R,SI,Sinker,96.7,0.747,1.949,9.0,called_strike,0,0,2
823608,2026-06-28,4,33,2,R,ST,Sweeper,87.9,0.098,1.771,8.0,called_strike,0,1,2
823608,2026-06-28,4,33,3,R,FF,4-Seam Fastball,98.6,0.214,4.077,12.0,ball,0,2,2
823608,2026-06-28,4,33,4,R,FF,4-Seam Fastball,97.9,-0.115,3.448,2.0,swinging_strike,1,2,2
823608,2026-06-28,5,37,1,R,ST,Sweeper,82.3,1.162,3.204,12.0,ball,0,0,2
823608,2026-06-28,5,37,2,R,ST,Sweeper,83.8,-0.328,1.682,7.0,foul,1,0,2
823608,2026-06-28,5,37,3,R,CH,Changeup,83.9,0.498,1.657,9.0,swinging_strike,1,1,2
823608,2026-06-28,5,37,4,R,CH,Changeup,84.1,0.262,1.931,8.0,hit_into_play,1,2,2
823608,2026-06-28,5,38,1,L,ST,Sweeper,84.6,-0.402,2.33,4.0,foul,0,0,2
823608,2026-06-28,5,38,2,L,ST,Sweeper,85.6,-1.446,1.147,13.0,swinging_strike,0,1,2
823608,2026-06-28,5,38,3,L,ST,Sweeper,87.3,-2.569,1.069,13.0,ball,0,2,2
823608,2026-06-28,5,38,4,L,ST,Sweeper,88.1,-1.261,1.251,13.0,ball,1,2,2
823608,2026-06-28,5,38,5,L,SI,Sinker,96.8,0.051,1.227,14.0,ball,2,2,2
823608,2026-06-28,5,38,6,L,SI,Sinker,97.1,0.15,2.572,5.0,foul,3,2,2
823608,2026-06-28,5,38,7,L,SI,Sinker,97.2,0.555,3.717,12.0,ball,3,2,2
823608,2026-06-28,5,39,1,R,ST,Sweeper,85.0,-0.19,1.979,8.0,called_strike,0,0,2
823608,2026-06-28,5,39,2,R,FF,4-Seam Fastball,96.7,0.357,3.571,12.0,foul,0,1,2
823608,2026-06-28,5,39,3,R,CH,Changeup,85.6,1.12,1.614,14.0,hit_into_play,0,2,2
823608,2026-06-28,5,40,1,L,SI,Sinker,96.2,0.274,2.154,5.0,hit_into_play,0,0,3
823608,2026-06-28,5,41,1,L,ST,Sweeper,86.4,0.118,3.697,12.0,ball,0,0,3
823608,2026-06-28,5,41,2,L,SI,Sinker,97.1,-0.078,2.403,5.0,swinging_strike,1,0,3
823608,2026-06-28,5,41,3,L,SI,Sinker,97.7,0.433,1.192,14.0,ball,1,1,3
823608,2026-06-28,5,41,4,L,SI,Sinker,96.7,-0.721,1.515,13.0,foul,2,1,3
823608,2026-06-28,5,41,5,L,SI,Sinker,97.6,0.803,2.921,3.0,foul,2,2,3
823608,2026-06-28,5,41,6,L,SI,Sinker,98.6,-0.188,3.815,11.0,ball,2,2,3
823608,2026-06-28,5,41,7,L,ST,Sweeper,87.5,1.025,3.655,12.0,ball,3,2,3
823608,2026-06-28,5,42,1,R,ST,Sweeper,86.7,0.786,2.431,6.0,called_strike,0,0,3
823608,2026-06-28,5,42,2,R,CH,Changeup,86.7,0.445,2.24,6.0,foul,0,1,3
823608,2026-06-28,5,42,3,R,ST,Sweeper,88.2,0.649,1.743,9.0,foul,0,2,3
823608,2026-06-28,5,42,4,R,FF,4-Seam Fastball,98.2,-0.664,3.318,11.0,foul_tip,0,2,3
823608,2026-06-28,5,43,1,R,CH,Changeup,86.9,-0.536,1.949,7.0,called_strike,0,0,3
823608,2026-06-28,5,43,2,R,ST,Sweeper,88.3,-0.329,1.079,13.0,ball,0,1,3
823608,2026-06-28,5,43,3,R,FF,4-Seam Fastball,97.4,0.331,2.679,6.0,swinging_strike,1,1,3
823608,2026-06-28,5,43,4,R,ST,Sweeper,89.1,-0.642,1.949,7.0,hit_into_play,1,2,3
824092,2026-07-04,1,7,1,L,SI,Sinker,96.0,-0.519,1.845,7.0,called_strike,0,0,1
824092,2026-07-04,1,7,2,L,ST,Sweeper,88.5,-1.182,1.604,13.0,ball,0,1,1
824092,2026-07-04,1,7,3,L,ST,Sweeper,88.2,-1.096,1.21,13.0,swinging_strike,1,1,1
824092,2026-07-04,1,7,4,L,FF,4-Seam Fastball,98.1,-1.982,0.841,13.0,ball,1,2,1
824092,2026-07-04,1,7,5,L,ST,Sweeper,88.5,-1.869,-0.435,13.0,ball,2,2,1
824092,2026-07-04,1,7,6,L,SI,Sinker,97.6,0.498,2.297,6.0,hit_into_play,3,2,1
824092,2026-07-04,1,8,1,R,SI,Sinker,96.4,0.261,1.965,8.0,called_strike,0,0,1
824092,2026-07-04,1,8,2,R,CH,Changeup,86.3,0.069,2.691,5.0,hit_into_play,0,1,1
824092,2026-07-04,1,9,1,R,FF,4-Seam Fastball,97.0,-0.974,1.669,13.0,ball,0,0,1
824092,2026-07-04,1,9,2,R,FF,4-Seam Fastball,98.2,-0.479,2.784,1.0,foul,1,0,1
824092,2026-07-04,1,9,3,R,ST,Sweeper,87.7,-0.675,1.597,7.0,swinging_strike,1,1,1
824092,2026-07-04,1,9,4,R,FF,4-Seam Fastball,98.7,-1.298,1.153,13.0,ball,1,2,1
824092,2026-07-04,1,9,5,R,ST,Sweeper,88.4,0.964,2.684,12.0,ball,2,2,1
824092,2026-07-04,1,9,6,R,ST,Sweeper,88.4,-0.495,0.502,13.0,swinging_strike_blocked,3,2,1
824092,2026-07-04,2,13,1,L,ST,Sweeper,86.6,-1.424,1.816,13.0,swinging_strike,0,0,1
824092,2026-07-04,2,13,2,L,ST,Sweeper,88.0,-2.152,0.251,13.0,ball,0,1,1
824092,2026-07-04,2,13,3,L,SI,Sinker,97.6,0.046,1.375,14.0,swinging_strike,1,1,1
824092,2026-07-04,2,13,4,L,ST,Sweeper,88.4,0.559,3.553,12.0,ball,1,2,1
824092,2026-07-04,2,13,5,L,ST,Sweeper,87.7,-0.029,3.158,2.0,called_strike,2,2,1
824092,2026-07-04,2,14,1,R,SI,Sinker,98.0,0.33,2.407,6.0,called_strike,0,0,1
824092,2026-07-04,2,14,2,R,ST,Sweeper,85.8,1.092,4.076,12.0,ball,0,1,1
824092,2026-07-04,2,14,3,R,ST,Sweeper,86.7,-0.931,1.023,13.0,ball,1,1,1
824092,2026-07-04,2,14,4,R,CH,Changeup,86.5,-0.095,1.47,13.0,swinging_strike,2,1,1
824092,2026-07-04,2,14,5,R,ST,Sweeper,89.6,-1.062,1.086,13.0,swinging_strike,2,2,1
824092,2026-07-04,2,15,1,R,ST,Sweeper,86.2,-0.519,1.154,13.0,swinging_strike,0,0,1
824092,2026-07-04,2,15,2,R,CH,Changeup,85.8,0.682,1.823,9.0,called_strike,0,1,1
824092,2026-07-04,2,15,3,R,ST,Sweeper,89.4,-1.336,1.593,13.0,swinging_strike,0,2,1
824092,2026-07-04,3,20,1,R,SI,Sinker,95.8,-0.969,1.579,13.0,ball,0,0,1
824092,2026-07-04,3,20,2,R,CH,Changeup,86.2,-0.301,1.978,4.0,foul,1,0,1
824092,2026-07-04,3,20,3,R,FF,4-Seam Fastball,97.7,-1.81,1.798,13.0,ball,1,1,1
824092,2026-07-04,3,20,4,R,SI,Sinker,96.6,-0.206,1.824,8.0,foul,2,1,1
824092,2026-07-04,3,20,5,R,ST,Sweeper,88.6,-0.014,1.883,8.0,foul,2,2,1
824092,2026-07-04,3,20,6,R,SI,Sinker,97.9,0.462,2.897,3.0,hit_into_play,2,2,1
824092,2026-07-04,3,21,1,L,SI,Sinker,97.3,0.598,2.708,6.0,foul,0,0,1
824092,2026-07-04,3,21,2,L,SI,Sinker,98.3,0.323,0.631,14.0,ball,0,1,1
824092,2026-07-04,3,21,3,L,ST,Sweeper,87.5,-0.574,0.878,13.0,swinging_strike,1,1,1
824092,2026-07-04,3,21,4,L,ST,Sweeper,88.1,-2.171,1.298,13.0,swinging_strike,1,2,1
824092,2026-07-04,3,22,1,R,CH,Changeup,86.6,0.311,1.072,14.0,ball,0,0,1
824092,2026-07-04,3,22,2,R,CH,Changeup,86.7,-0.288,2.087,4.0,swinging_strike,1,0,1
824092,2026-07-04,3,22,3,R,ST,Sweeper,87.2,-0.717,0.808,13.0,swinging_strike,1,1,1
824092,2026-07-04,3,22,4,R,ST,Sweeper,87.8,-0.702,2.258,4.0,hit_into_play,1,2,1
824092,2026-07-04,3,23,1,L,SI,Sinker,96.5,-0.288,1.734,7.0,called_strike,0,0,2
824092,2026-07-04,3,23,2,L,ST,Sweeper,87.6,-1.217,1.151,13.0,swinging_strike,0,1,2
824092,2026-07-04,3,23,3,L,FF,4-Seam Fastball,98.2,0.213,2.589,5.0,foul,0,2,2
824092,2026-07-04,3,23,4,L,ST,Sweeper,88.7,-1.762,0.532,13.0,blocked_ball,0,2,2
824092,2026-07-04,3,23,5,L,FF,4-Seam Fastball,98.5,-1.639,1.373,13.0,ball,1,2,2
824092,2026-07-04,3,23,6,L,SI,Sinker,98.1,-0.472,1.985,7.0,called_strike,2,2,2
824092,2026-07-04,4,30,1,R,SI,Sinker,93.7,1.426,1.45,14.0,ball,0,0,2
824092,2026-07-04,4,30,2,R,ST,Sweeper,83.7,-0.574,0.782,13.0,ball,1,0,2
824092,2026-07-04,4,30,3,R,SI,Sinker,94.8,0.004,2.127,8.0,called_strike,2,0,2
824092,2026-07-04,4,30,4,R,FF,4-Seam Fastball,96.3,-0.296,2.784,1.0,hit_into_play,2,1,2
824092,2026-07-04,4,31,1,R,FF,4-Seam Fastball,96.2,-0.231,2.282,5.0,hit_into_play,0,0,2
824092,2026-07-04,4,32,1,L,SI,Sinker,96.9,-0.412,2.316,4.0,called_strike,0,0,2
824092,2026-07-04,4,32,2,L,SI,Sinker,97.7,-0.349,2.365,4.0,hit_into_play,0,1,2
824092,2026-07-04,4,33,1,R,ST,Sweeper,85.7,-1.312,0.196,13.0,ball,0,0,2
824092,2026-07-04,4,33,2,R,CH,Changeup,86.5,-0.039,2.295,5.0,hit_into_play,1,0,2
824092,2026-07-04,4,34,1,R,CH,Changeup,86.6,-0.097,2.114,5.0,called_strike,0,0,2
824092,2026-07-04,4,34,2,R,FF,4-Seam Fastball,97.0,0.44,3.002,3.0,called_strike,0,1,2
824092,2026-07-04,4,34,3,R,FF,4-Seam Fastball,98.5,-0.594,3.974,11.0,hit_by_pitch,0,2,2
824092,2026-07-04,4,35,1,R,FF,4-Seam Fastball,96.9,-0.487,1.786,7.0,hit_into_play,0,0,2
824092,2026-07-04,5,39,1,L,ST,Sweeper,84.3,0.205,2.283,5.0,called_strike,0,0,2
824092,2026-07-04,5,39,2,L,ST,Sweeper,86.0,-1.648,1.11,13.0,ball,0,1,2
824092,2026-07-04,5,39,3,L,ST,Sweeper,86.3,0.126,2.245,5.0,foul,1,1,2
824092,2026-07-04,5,39,4,L,ST,Sweeper,87.6,-2.693,0.373,13.0,ball,1,2,2
824092,2026-07-04,5,39,5,L,SI,Sinker,97.1,-0.639,1.688,7.0,called_strike,2,2,2
824092,2026-07-04,5,40,1,R,CH,Changeup,84.9,-0.407,1.68,7.0,foul,0,0,2
824092,2026-07-04,5,40,2,R,FF,4-Seam Fastball,96.7,-0.773,2.482,4.0,called_strike,0,1,2
824092,2026-07-04,5,40,3,R,ST,Sweeper,86.3,0.31,2.687,3.0,foul,0,2,2
824092,2026-07-04,5,40,4,R,FF,4-Seam Fastball,98.0,0.787,3.759,12.0,ball,0,2,2
824092,2026-07-04,5,40,5,R,FF,4-Seam Fastball,97.6,0.018,2.595,5.0,hit_into_play,1,2,2
824092,2026-07-04,5,41,1,L,SI,Sinker,95.6,-0.28,1.297,13.0,ball,0,0,3
824092,2026-07-04,5,41,2,L,SI,Sinker,95.3,0.584,1.931,9.0,foul,1,0,3
824092,2026-07-04,5,41,3,L,ST,Sweeper,87.1,-1.334,1.489,13.0,ball,1,1,3
824092,2026-07-04,5,41,4,L,SI,Sinker,96.1,-0.652,1.477,13.0,ball,2,1,3
824092,2026-07-04,5,41,5,L,SI,Sinker,96.3,-0.281,2.743,1.0,foul,3,1,3
824092,2026-07-04,5,41,6,L,SI,Sinker,97.1,-0.205,3.013,2.0,swinging_strike,3,2,3
824092,2026-07-04,5,42,1,R,ST,Sweeper,85.3,-0.465,0.996,13.0,swinging_strike,0,0,3
824092,2026-07-04,5,42,2,R,ST,Sweeper,86.5,0.603,1.508,14.0,ball,0,1,3
824092,2026-07-04,5,42,3,R,CH,Changeup,86.7,0.599,2.442,6.0,foul,1,1,3
824092,2026-07-04,5,42,4,R,ST,Sweeper,88.9,-0.729,1.69,7.0,hit_into_play,1,2,3
824092,2026-07-04,6,47,1,R,FF,4-Seam Fastball,94.5,0.495,3.441,12.0,ball,0,0,3
824092,2026-07-04,6,47,2,R,CH,Changeup,84.3,-0.376,1.344,13.0,ball,1,0,3
824092,2026-07-04,6,47,3,R,CH,Changeup,85.4,0.407,2.664,6.0,foul,2,0,3
824092,2026-07-04,6,47,4,R,ST,Sweeper,84.9,-0.513,1.793,7.0,foul,2,1,3
824092,2026-07-04,6,47,5,R,ST,Sweeper,88.5,0.523,1.976,9.0,hit_into_play,2,2,3
824092,2026-07-04,6,48,1,L,ST,Sweeper,85.2,-0.324,1.988,7.0,swinging_strike,0,0,3
824092,2026-07-04,6,48,2,L,ST,Sweeper,84.5,-1.761,1.594,13.0,swinging_strike,0,1,3
824092,2026-07-04,6,48,3,L,ST,Sweeper,87.5,-2.339,1.343,13.0,ball,0,2,3
824092,2026-07-04,6,48,4,L,ST,Sweeper,86.3,-1.43,1.308,13.0,swinging_strike,1,2,3
824092,2026-07-04,6,49,1,R,SI,Sinker,97.3,-0.624,1.713,7.0,called_strike,0,0,3
824092,2026-07-04,6,49,2,R,ST,Sweeper,86.1,-0.798,-0.18,13.0,ball,0,1,3
824092,2026-07-04,6,49,3,R,ST,Sweeper,86.3,0.376,3.12,3.0,called_strike,1,1,3
824092,2026-07-04,6,49,4,R,CH,Changeup,85.0,2.084,2.411,12.0,ball,1,2,3
824092,2026-07-04,6,49,5,R,FF,4-Seam Fastball,97.5,0.289,3.881,12.0,ball,2,2,3
824092,2026-07-04,6,49,6,R,ST,Sweeper,86.7,0.472,2.637,6.0,hit_into_play,3,2,3
824494,2026-07-09,1,4,1,R,FF,4-Seam Fastball,97.3,-0.316,3.159,1.0,foul,0,0,1
824494,2026-07-09,1,4,2,R,ST,Sweeper,86.6,0.512,2.698,6.0,called_strike,0,1,1
824494,2026-07-09,1,4,3,R,ST,Sweeper,88.6,-0.546,1.742,7.0,swinging_strike,0,2,1
824494,2026-07-09,1,5,1,R,SI,Sinker,96.7,0.113,2.657,5.0,hit_into_play,0,0,1
824494,2026-07-09,1,6,1,L,FF,4-Seam Fastball,97.9,0.402,3.301,3.0,hit_into_play,0,0,1
824494,2026-07-09,2,11,1,R,SI,Sinker,95.2,0.059,1.943,8.0,called_strike,0,0,1
824494,2026-07-09,2,11,2,R,FF,4-Seam Fastball,97.1,-0.746,1.77,7.0,called_strike,0,1,1
824494,2026-07-09,2,11,3,R,ST,Sweeper,87.9,0.463,0.821,14.0,ball,0,2,1
824494,2026-07-09,2,11,4,R,ST,Sweeper,87.1,0.967,3.706,12.0,ball,1,2,1
824494,2026-07-09,2,11,5,R,CH,Changeup,85.7,0.682,1.667,9.0,hit_into_play,2,2,1
824494,2026-07-09,2,12,1,R,FF,4-Seam Fastball,98.2,0.718,2.849,3.0,swinging_strike,0,0,1
824494,2026-07-09,2,12,2,R,FF,4-Seam Fastball,96.9,-0.5,2.648,4.0,foul,0,1,1
824494,2026-07-09,2,12,3,R,FF,4-Seam Fastball,97.3,1.143,3.5,12.0,ball,0,2,1
824494,2026-07-09,2,12,4,R,ST,Sweeper,87.2,-0.561,1.213,13.0,swinging_strike,1,2,1
824494,2026-07-09,2,13,1,R,SI,Sinker,96.6,0.508,1.841,9.0,hit_into_play,0,0,1
824494,2026-07-09,2,14,1,R,ST,Sweeper,84.6,-1.355,0.956,13.0,ball,0,0,1
824494,2026-07-09,2,14,2,R,FF,4-Seam Fastball,97.2,-0.329,3.592,11.0,swinging_strike,1,0,1
824494,2026-07-09,2,14,3,R,FF,4-Seam Fastball,97.0,0.058,3.135,2.0,hit_into_play,1,1,1
824494,2026-07-09,3,18,1,R,CH,Changeup,83.9,0.625,2.56,6.0,swinging_strike,0,0,1
824494,2026-07-09,3,18,2,R,ST,Sweeper,86.6,-1.044,-0.1,13.0,ball,0,1,1
824494,2026-07-09,3,18,3,R,FF,4-Seam Fastball,97.8,-0.233,3.436,11.0,foul,1,1,1
824494,2026-07-09,3,18,4,R,ST,Sweeper,87.1,-0.762,1.462,13.0,foul_tip,1,2,1
824494,2026-07-09,3,19,1,L,SI,Sinker,96.4,1.058,2.858,12.0,ball,0,0,1
824494,2026-07-09,3,19,2,L,SI,Sinker,96.1,-0.055,1.61,8.0,foul,1,0,1
824494,2026-07-09,3,19,3,L,FF,4-Seam Fastball,97.8,-0.449,2.056,4.0,called_strike,1,1,1
824494,2026-07-09,3,19,4,L,ST,Sweeper,88.3,-1.865,1.123,13.0,swinging_strike,1,2,1
824494,2026-07-09,3,20,1,R,ST,Sweeper,86.5,-1.644,0.436,13.0,ball,0,0,2
824494,2026-07-09,3,20,2,R,FF,4-Seam Fastball,97.3,-0.952,2.476,13.0,ball,1,0,2
824494,2026-07-09,3,20,3,R,CH,Changeup,86.1,-0.442,2.305,4.0,called_strike,2,0,2
824494,2026-07-09,3,20,4,R,FF,4-Seam Fastball,95.7,-0.211,1.935,8.0,called_strike,2,1,2
824494,2026-07-09,3,20,5,R,ST,Sweeper,88.5,-0.131,1.026,13.0,ball,2,2,2
824494,2026-07-09,3,20,6,R,ST,Sweeper,87.7,-0.544,1.8,7.0,swinging_strike,3,2,2
824494,2026-07-09,4,24,1,R,FF,4-Seam Fastball,97.3,0.459,2.513,6.0,foul,0,0,2
824494,2026-07-09,4,24,2,R,ST,Sweeper,86.0,-0.883,1.598,13.0,foul,0,1,2
824494,2026-07-09,4,24,3,R,ST,Sweeper,89.1,-0.749,2.363,4.0,hit_into_play,0,2,2
824494,2026-07-09,4,25,1,L,FF,4-Seam Fastball,97.4,-0.797,2.53,4.0,ball,0,0,2
824494,2026-07-09,4,25,2,L,ST,Sweeper,84.9,0.917,3.098,12.0,ball,1,0,2
824494,2026-07-09,4,25,3,L,ST,Sweeper,86.2,0.22,3.092,2.0,called_strike,2,0,2
824494,2026-07-09,4,25,4,L,ST,Sweeper,87.1,1.72,3.435,12.0,ball,2,1,2
824494,2026-07-09,4,25,5,L,FF,4-Seam Fastball,97.5,0.895,3.096,12.0,foul,3,1,2
824494,2026-07-09,4,25,6,L,ST,Sweeper,86.9,-0.423,2.581,4.0,called_strike,3,2,2
824494,2026-07-09,4,26,1,R,CH,Changeup,85.8,0.75,2.984,3.0,called_strike,0,0,2
824494,2026-07-09,4,26,2,R,ST,Sweeper,87.8,-2.209,-0.236,13.0,hit_by_pitch,0,1,2
824494,2026-07-09,4,27,1,R,ST,Sweeper,85.5,0.64,3.33,12.0,ball,0,0,2
824494,2026-07-09,4,27,2,R,FF,4-Seam Fastball,96.5,0.875,3.905,12.0,ball,1,0,2
824494,2026-07-09,4,27,3,R,CH,Changeup,85.7,-0.539,3.052,1.0,called_strike,2,0,2
824494,2026-07-09,4,27,4,R,ST,Sweeper,85.9,-0.175,1.945,8.0,swinging_strike,2,1,2
824494,2026-07-09,4,27,5,R,ST,Sweeper,87.6,-0.417,0.603,13.0,swinging_strike_blocked,2,2,2
824494,2026-07-09,5,31,1,R,FF,4-Seam Fastball,94.4,-0.973,1.072,13.0,ball,0,0,2
824494,2026-07-09,5,31,2,R,SI,Sinker,94.5,0.296,1.849,9.0,hit_into_play,1,0,2
824494,2026-07-09,5,32,1,R,FF,4-Seam Fastball,92.1,-0.78,2.188,4.0,ball,0,0,2
824494,2026-07-09,5,32,2,R,ST,Sweeper,84.4,-1.446,0.209,13.0,ball,1,0,2
824494,2026-07-09,5,32,3,R,CH,Changeup,83.9,0.767,2.381,6.0,foul,2,0,2
824494,2026-07-09,5,32,4,R,ST,Sweeper,85.8,0.196,1.85,8.0,foul,2,1,2
824494,2026-07-09,5,32,5,R,FF,4-Seam Fastball,97.0,0.989,3.497,12.0,foul,2,2,2
824494,2026-07-09,5,32,6,R,ST,Sweeper,86.9,1.618,2.77,12.0,ball,2,2,2
824494,2026-07-09,5,32,7,R,ST,Sweeper,87.2,0.728,3.999,12.0,ball,3,2,2
824494,2026-07-09,5,33,1,R,CH,Changeup,86.3,1.367,3.839,12.0,ball,0,0,2
824494,2026-07-09,5,33,2,R,CH,Changeup,85.9,0.303,3.096,3.0,hit_into_play,1,0,2
824494,2026-07-09,5,34,1,L,ST,Sweeper,86.4,-1.426,1.642,13.0,ball,0,0,2
824494,2026-07-09,5,34,2,L,SI,Sinker,95.9,-0.571,1.567,7.0,swinging_strike,1,0,2
824494,2026-07-09,5,34,3,L,SI,Sinker,97.1,-0.498,2.029,4.0,hit_into_play,1,1,2
824494,2026-07-09,5,35,1,R,FF,4-Seam Fastball,97.5,-0.456,2.488,4.0,foul,0,0,3
824494,2026-07-09,5,35,2,R,FF,4-Seam Fastball,97.7,-0.237,3.133,2.0,hit_into_play,0,1,3
824494,2026-07-09,6,39,1,R,ST,Sweeper,82.9,0.081,1.913,8.0,called_strike,0,0,3
824494,2026-07-09,6,39,2,R,ST,Sweeper,85.1,-1.004,1.8,13.0,foul,0,1,3
824494,2026-07-09,6,39,3,R,ST,Sweeper,87.0,-1.674,1.704,13.0,swinging_strike,0,2,3
824494,2026-07-09,6,40,1,L,ST,Sweeper,83.6,-1.945,1.121,13.0,swinging_strike,0,0,3
824494,2026-07-09,6,40,2,L,FF,4-Seam Fastball,95.7,-1.189,1.579,13.0,ball,0,1,3
824494,2026-07-09,6,40,3,L,ST,Sweeper,84.8,-1.33,1.553,13.0,swinging_strike,1,1,3
824494,2026-07-09,6,40,4,L,ST,Sweeper,86.9,-2.073,0.736,13.0,ball,1,2,3
824494,2026-07-09,6,40,5,L,ST,Sweeper,86.1,-1.616,1.282,13.0,ball,2,2,3
824494,2026-07-09,6,40,6,L,CH,Changeup,86.2,0.253,2.501,5.0,swinging_strike,3,2,3
824494,2026-07-09,6,41,1,R,CH,Changeup,85.1,0.155,1.133,14.0,swinging_strike,0,0,3
824494,2026-07-09,6,41,2,R,CH,Changeup,84.8,1.561,2.064,14.0,ball,0,1,3
824494,2026-07-09,6,41,3,R,FF,4-Seam Fastball,97.1,-0.536,3.084,1.0,swinging_strike,1,1,3
824494,2026-07-09,6,41,4,R,ST,Sweeper,87.5,-0.994,0.82,13.0,ball,1,2,3
824494,2026-07-09,6,41,5,R,FF,4-Seam Fastball,97.8,-0.206,1.723,8.0,called_strike,2,2,3
824494,2026-07-09,7,47,1,R,FF,4-Seam Fastball,95.1,0.591,4.911,12.0,ball,0,0,3
824494,2026-07-09,7,47,2,R,FF,4-Seam Fastball,93.2,-0.795,3.099,1.0,foul,1,0,3
824494,2026-07-09,7,47,3,R,ST,Sweeper,83.6,-1.398,1.27,13.0,ball,1,1,3
824494,2026-07-09,7,47,4,R,ST,Sweeper,84.3,-0.884,1.34,13.0,swinging_strike,2,1,3
824494,2026-07-09,7,47,5,R,ST,Sweeper,87.2,-1.916,0.981,13.0,ball,2,2,3
824494,2026-07-09,7,47,6,R,FF,4-Seam Fastball,96.6,-1.177,0.708,13.0,ball,3,2,3
824494,2026-07-09,7,48,1,R,CH,Changeup,85.0,-0.512,1.83,7.0,called_strike,0,0,3
824494,2026-07-09,7,48,2,R,ST,Sweeper,84.4,-1.282,0.656,13.0,ball,0,1,3
824494,2026-07-09,7,48,3,R,CH,Changeup,85.5,0.725,2.197,9.0,hit_into_play,1,1,3
824494,2026-07-09,7,49,1,R,ST,Sweeper,83.9,-0.034,1.862,8.0,foul,0,0,3
824494,2026-07-09,7,49,2,R,ST,Sweeper,86.1,0.461,2.73,6.0,called_strike,0,1,3
824494,2026-07-09,7,49,3,R,FF,4-Seam Fastball,98.3,-0.513,2.696,4.0,called_strike,0,2,3
824494,2026-07-09,7,50,1,R,ST,Sweeper,85.2,-1.235,1.373,13.0,ball,0,0,3
824494,2026-07-09,7,50,2,R,CH,Changeup,86.1,-0.356,1.933,7.0,swinging_strike,1,0,3
824494,2026-07-09,7,50,3,R,ST,Sweeper,85.9,-0.806,0.975,13.0,swinging_strike,1,1,3
824494,2026-07-09,7,50,4,R,ST,Sweeper,88.8,0.075,2.124,5.0,foul,1,2,3
824494,2026-07-09,7,50,5,R,FF,4-Seam Fastball,98.3,0.466,4.064,12.0,ball,1,2,3
824494,2026-07-09,7,50,6,R,FF,4-Seam Fastball,98.2,-0.1,2.218,5.0,hit_into_play,2,2,3
823441,2026-07-18,1,1,1,R,SI,Sinker,94.3,-0.149,2.734,2.0,called_strike,0,0,1
823441,2026-07-18,1,1,2,R,ST,Sweeper,83.1,0.218,2.898,2.0,called_strike,0,1,1
823441,2026-07-18,1,1,3,R,ST,Sweeper,85.2,-0.096,1.767,8.0,foul,0,2,1
823441,2026-07-18,1,1,4,R,CH,Changeup,83.9,1.708,0.651,14.0,ball,0,2,1
823441,2026-07-18,1,1,5,R,FF,4-Seam Fastball,96.8,0.815,3.226,12.0,swinging_strike,1,2,1
823441,2026-07-18,1,2,1,L,SI,Sinker,96.8,0.537,3.028,3.0,hit_into_play,0,0,1
823441,2026-07-18,1,3,1,R,SI,Sinker,96.3,0.798,3.521,12.0,ball,0,0,1
823441,2026-07-18,1,3,2,R,ST,Sweeper,84.9,1.611,3.796,12.0,ball,1,0,1
823441,2026-07-18,1,3,3,R,SI,Sinker,92.2,0.456,2.357,6.0,called_strike,2,0,1
823441,2026-07-18,1,3,4,R,FF,4-Seam Fastball,96.8,-1.196,3.412,11.0,ball,2,1,1
823441,2026-07-18,1,3,5,R,SI,Sinker,96.1,-0.661,1.127,13.0,ball,3,1,1
823441,2026-07-18,1,4,1,R,SI,Sinker,95.7,0.528,0.969,14.0,blocked_ball,0,0,1
823441,2026-07-18,1,4,2,R,CH,Changeup,83.8,-0.441,1.228,13.0,swinging_strike,1,0,1
823441,2026-07-18,1,4,3,R,ST,Sweeper,84.2,0.957,3.091,12.0,ball,1,1,1
823441,2026-07-18,1,4,4,R,CH,Changeup,85.3,1.266,2.526,12.0,ball,2,1,1
823441,2026-07-18,1,4,5,R,SI,Sinker,95.8,-0.403,1.364,13.0,ball,3,1,1
823441,2026-07-18,1,5,1,L,SI,Sinker,97.0,0.429,2.743,6.0,foul,0,0,1
823441,2026-07-18,1,5,2,L,ST,Sweeper,86.6,-2.109,1.481,13.0,ball,0,1,1
823441,2026-07-18,1,5,3,L,ST,Sweeper,86.7,-1.57,0.951,13.0,swinging_strike,1,1,1
823441,2026-07-18,1,5,4,L,ST,Sweeper,86.1,-1.588,1.886,13.0,hit_into_play,1,2,1
823441,2026-07-18,2,12,1,R,ST,Sweeper,82.1,-0.225,1.776,8.0,called_strike,0,0,1
823441,2026-07-18,2,12,2,R,FF,4-Seam Fastball,94.5,-0.631,3.45,11.0,ball,0,1,1
823441,2026-07-18,2,12,3,R,FF,4-Seam Fastball,95.7,-0.571,2.169,4.0,foul,1,1,1
823441,2026-07-18,2,12,4,R,ST,Sweeper,84.8,-0.89,1.778,13.0,foul,1,2,1
823441,2026-07-18,2,12,5,R,ST,Sweeper,86.4,-0.64,1.287,13.0,foul,1,2,1
823441,2026-07-18,2,12,6,R,ST,Sweeper,86.3,0.786,3.267,3.0,ball,1,2,1
823441,2026-07-18,2,12,7,R,FF,4-Seam Fastball,97.5,-0.027,3.957,11.0,ball,2,2,1
823441,2026-07-18,2,12,8,R,ST,Sweeper,86.0,-0.417,2.029,7.0,hit_into_play,3,2,1
823441,2026-07-18,2,13,1,R,SI,Sinker,96.6,0.878,2.0,14.0,ball,0,0,1
823441,2026-07-18,2,13,2,R,ST,Sweeper,84.8,0.166,2.707,5.0,called_strike,1,0,1
823441,2026-07-18,2,13,3,R,ST,Sweeper,85.6,-0.996,1.277,13.0,ball,1,1,1
823441,2026-07-18,2,13,4,R,CH,Changeup,85.4,0.423,2.533,6.0,hit_into_play,2,1,1
823441,2026-07-18,2,14,1,L,FF,4-Seam Fastball,97.4,0.417,2.014,9.0,foul,0,0,1
823441,2026-07-18,2,14,2,L,ST,Sweeper,85.2,-2.13,1.574,13.0,ball,0,1,1
823441,2026-07-18,2,14,3,L,ST,Sweeper,84.2,-1.205,1.694,13.0,ball,1,1,1
823441,2026-07-18,2,14,4,L,SI,Sinker,96.2,0.174,2.055,8.0,hit_into_play,2,1,1
823441,2026-07-18,2,15,1,R,SI,Sinker,94.5,0.795,2.395,6.0,ball,0,0,1
823441,2026-07-18,2,15,2,R,SI,Sinker,94.7,0.568,2.215,9.0,called_strike,1,0,1
823441,2026-07-18,2,15,3,R,ST,Sweeper,84.5,-1.182,0.442,13.0,blocked_ball,1,1,1
823441,2026-07-18,2,15,4,R,SI,Sinker,94.4,0.553,1.865,9.0,called_strike,2,1,1
823441,2026-07-18,2,15,5,R,FF,4-Seam Fastball,96.5,0.246,3.64,12.0,foul,2,2,1
823441,2026-07-18,2,15,6,R,ST,Sweeper,85.2,0.367,3.181,3.0,called_strike,2,2,1
823441,2026-07-18,2,16,1,R,CH,Changeup,84.6,0.823,3.498,12.0,ball,0,0,2
823441,2026-07-18,2,16,2,R,SI,Sinker,94.8,-0.392,4.518,11.0,ball,1,0,2
823441,2026-07-18,2,16,3,R,CH,Changeup,84.3,-0.157,1.639,8.0,foul,2,0,2
823441,2026-07-18,2,16,4,R,ST,Sweeper,84.9,-1.214,0.855,13.0,swinging_strike,2,1,2
823441,2026-07-18,2,16,5,R,ST,Sweeper,86.3,-0.419,1.045,13.0,foul_tip,2,2,2
823441,2026-07-18,3,21,1,L,FF,4-Seam Fastball,92.8,-0.47,2.565,4.0,called_strike,0,0,2
823441,2026-07-18,3,21,2,L,SI,Sinker,95.5,0.025,1.777,8.0,foul,0,1,2
823441,2026-07-18,3,21,3,L,ST,Sweeper,86.4,-1.752,1.566,13.0,ball,0,2,2
823441,2026-07-18,3,21,4,L,FF,4-Seam Fastball,97.7,-0.921,2.282,13.0,foul,1,2,2
823441,2026-07-18,3,21,5,L,ST,Sweeper,86.2,-1.0,1.922,13.0,foul,1,2,2
823441,2026-07-18,3,21,6,L,ST,Sweeper,87.3,-1.277,1.329,13.0,swinging_strike,1,2,2
823441,2026-07-18,3,22,1,R,SI,Sinker,96.8,0.896,3.54,12.0,ball,0,0,2
823441,2026-07-18,3,22,2,R,ST,Sweeper,85.2,0.656,3.55,12.0,ball,1,0,2
823441,2026-07-18,3,22,3,R,SI,Sinker,96.4,0.805,1.992,9.0,hit_into_play,2,0,2
823441,2026-07-18,3,23,1,R,SI,Sinker,95.1,0.606,2.521,6.0,called_strike,0,0,2
823441,2026-07-18,3,23,2,R,ST,Sweeper,84.6,0.35,2.873,3.0,called_strike,0,1,2
823441,2026-07-18,3,23,3,R,FF,4-Seam Fastball,97.6,1.173,5.212,12.0,ball,0,2,2
823441,2026-07-18,3,23,4,R,ST,Sweeper,85.7,-0.937,1.925,13.0,foul,1,2,2
823441,2026-07-18,3,23,5,R,FF,4-Seam Fastball,98.1,-0.732,3.026,1.0,foul,1,2,2
823441,2026-07-18,3,23,6,R,FF,4-Seam Fastball,98.2,-0.466,2.748,1.0,swinging_strike,1,2,2
823441,2026-07-18,4,27,1,L,ST,Sweeper,83.6,-0.86,1.107,13.0,ball,0,0,2
823441,2026-07-18,4,27,2,L,ST,Sweeper,83.2,-1.769,2.488,11.0,ball,1,0,2
823441,2026-07-18,4,27,3,L,SI,Sinker,94.5,0.407,3.003,3.0,hit_into_play,2,0,2
823441,2026-07-18,4,28,1,R,FF,4-Seam Fastball,95.9,-1.208,2.294,13.0,ball,0,0,2
823441,2026-07-18,4,28,2,R,ST,Sweeper,83.4,-0.676,2.168,4.0,hit_into_play,1,0,2
823441,2026-07-18,4,29,1,R,FF,4-Seam Fastball,96.1,-0.506,1.5,13.0,ball,0,0,2
823441,2026-07-18,4,29,2,R,ST,Sweeper,85.0,-2.479,-0.337,13.0,ball,1,0,2
823441,2026-07-18,4,29,3,R,SI,Sinker,95.1,1.107,3.333,12.0,ball,2,0,2
823441,2026-07-18,4,29,4,R,SI,Sinker,93.6,0.15,2.78,2.0,called_strike,3,0,2
823441,2026-07-18,4,29,5,R,FF,4-Seam Fastball,96.4,0.02,3.113,2.0,foul,3,1,2
823441,2026-07-18,4,29,6,R,FF,4-Seam Fastball,97.3,-0.165,2.237,5.0,hit_into_play,3,2,2
823441,2026-07-18,4,30,1,L,ST,Sweeper,83.9,0.148,2.103,5.0,called_strike,0,0,2
823441,2026-07-18,4,30,2,L,ST,Sweeper,85.0,-0.478,2.035,7.0,swinging_strike,0,1,2
823441,2026-07-18,4,30,3,L,ST,Sweeper,86.1,-2.7,0.973,13.0,ball,0,2,2
823441,2026-07-18,4,30,4,L,ST,Sweeper,85.7,-1.38,1.719,13.0,swinging_strike,1,2,2
823441,2026-07-18,5,36,1,R,CH,Changeup,81.4,-0.195,2.893,2.0,hit_into_play,0,0,2
823441,2026-07-18,5,37,1,R,SI,Sinker,91.3,-0.882,1.807,13.0,ball,0,0,3
823441,2026-07-18,5,37,2,R,CH,Changeup,81.3,1.804,4.064,12.0,ball,1,0,3
823441,2026-07-18,5,37,3,R,SI,Sinker,93.6,-0.275,1.845,8.0,called_strike,2,0,3
823441,2026-07-18,5,37,4,R,ST,Sweeper,83.2,-0.678,2.418,4.0,foul,2,1,3
823441,2026-07-18,5,37,5,R,FF,4-Seam Fastball,95.6,-0.406,2.528,4.0,hit_into_play,2,2,3
823441,2026-07-18,5,38,1,L,ST,Sweeper,82.4,-0.559,1.711,7.0,called_strike,0,0,3
823441,2026-07-18,5,38,2,L,ST,Sweeper,84.8,-1.925,0.788,13.0,ball,0,1,3
823441,2026-07-18,5,38,3,L,SI,Sinker,95.9,0.09,2.118,8.0,foul,1,1,3
823441,2026-07-18,5,38,4,L,FF,4-Seam Fastball,97.0,-0.748,2.702,4.0,foul,1,2,3
823441,2026-07-18,5,38,5,L,ST,Sweeper,84.0,-0.167,3.947,11.0,ball,1,2,3
823441,2026-07-18,5,38,6,L,ST,Sweeper,86.1,-0.037,3.16,2.0,foul,2,2,3
823441,2026-07-18,5,38,7,L,CH,Changeup,84.5,-0.172,3.06,2.0,swinging_strike,2,2,3
823434,2026-07-24,1,1,1,R,SI,Sinker,96.2,-0.034,1.961,8.0,swinging_strike,0,0,1
823434,2026-07-24,1,1,2,R,ST,Sweeper,84.5,0.173,1.992,8.0,called_strike,0,1,1
823434,2026-07-24,1,1,3,R,ST,Sweeper,87.5,-1.626,0.333,13.0,ball,0,2,1
823434,2026-07-24,1,1,4,R,ST,Sweeper,86.9,0.485,2.257,6.0,called_strike,1,2,1
823434,2026-07-24,1,2,1,L,ST,Sweeper,85.7,-0.513,2.88,1.0,called_strike,0,0,1
823434,2026-07-24,1,2,2,L,SI,Sinker,98.2,1.396,1.263,14.0,ball,0,1,1
823434,2026-07-24,1,2,3,L,SI,Sinker,98.1,0.157,1.165,14.0,hit_into_play,1,1,1
823434,2026-07-24,1,3,1,R,FF,4-Seam Fastball,97.8,-0.403,2.485,4.0,foul,0,0,1
823434,2026-07-24,1,3,2,R,FF,4-Seam Fastball,96.1,-0.531,2.245,4.0,hit_into_play,0,1,1
823434,2026-07-24,2,7,1,L,SI,Sinker,94.0,-1.12,1.141,13.0,ball,0,0,1
823434,2026-07-24,2,7,2,L,ST,Sweeper,84.1,-0.779,3.353,1.0,ball,1,0,1
823434,2026-07-24,2,7,3,L,FF,4-Seam Fastball,96.0,-0.619,1.912,7.0,called_strike,2,0,1
823434,2026-07-24,2,7,4,L,FF,4-Seam Fastball,95.0,-0.366,2.375,4.0,called_strike,2,1,1
823434,2026-07-24,2,7,5,L,ST,Sweeper,85.4,-0.066,2.668,5.0,foul,2,2,1
823434,2026-07-24,2,7,6,L,ST,Sweeper,85.3,-0.36,3.358,1.0,foul,2,2,1
823434,2026-07-24,2,7,7,L,ST,Sweeper,85.7,0.92,3.282,12.0,foul,2,2,1
823434,2026-07-24,2,7,8,L,FF,4-Seam Fastball,98.2,-0.457,3.471,11.0,foul,2,2,1
823434,2026-07-24,2,7,9,L,CH,Changeup,84.8,0.695,1.886,9.0,foul,2,2,1
823434,2026-07-24,2,7,10,L,ST,Sweeper,86.2,-0.099,3.219,2.0,foul,2,2,1
823434,2026-07-24,2,7,11,L,ST,Sweeper,85.8,-1.381,1.033,13.0,swinging_strike,2,2,1
823434,2026-07-24,2,8,1,R,FF,4-Seam Fastball,96.1,-0.901,2.285,13.0,foul,0,0,1
823434,2026-07-24,2,8,2,R,ST,Sweeper,84.8,-0.568,2.092,4.0,foul,0,1,1
823434,2026-07-24,2,8,3,R,CH,Changeup,85.5,1.873,1.447,14.0,ball,0,2,1
823434,2026-07-24,2,8,4,R,ST,Sweeper,86.6,-0.233,1.656,8.0,swinging_strike,1,2,1
823434,2026-07-24,2,9,1,R,SI,Sinker,96.0,0.47,1.901,9.0,hit_into_play,0,0,1
823434,2026-07-24,3,13,1,L,SI,Sinker,94.5,1.055,2.605,12.0,hit_into_play,0,0,1
823434,2026-07-24,3,14,1,R,SI,Sinker,93.1,-0.493,1.641,7.0,called_strike,0,0,1
823434,2026-07-24,3,14,2,R,FF,4-Seam Fastball,96.8,-2.101,2.427,11.0,ball,0,1,1
823434,2026-07-24,3,14,3,R,ST,Sweeper,83.8,-0.036,2.278,5.0,called_strike,1,1,1
823434,2026-07-24,3,14,4,R,ST,Sweeper,87.1,-1.715,0.871,13.0,foul_tip,1,2,1
823434,2026-07-24,3,15,1,R,ST,Sweeper,83.6,-1.715,0.646,13.0,ball,0,0,1
823434,2026-07-24,3,15,2,R,FF,4-Seam Fastball,96.4,-1.303,1.659,13.0,ball,1,0,1
823434,2026-07-24,3,15,3,R,SI,Sinker,94.5,-1.536,2.132,13.0,ball,2,0,1
823434,2026-07-24,3,15,4,R,FF,4-Seam Fastball,94.3,-0.123,1.788,8.0,called_strike,3,0,1
823434,2026-07-24,3,15,5,R,SI,Sinker,96.0,-0.081,1.899,8.0,called_strike,3,1,1
823434,2026-07-24,3,15,6,R,FF,4-Seam Fastball,96.8,-0.267,2.015,8.0,hit_into_play,3,2,1
823434,2026-07-24,4,19,1,R,SI,Sinker,92.8,-0.166,0.998,13.0,ball,0,0,2
823434,2026-07-24,4,19,2,R,CH,Changeup,83.5,1.478,3.04,12.0,ball,1,0,2
823434,2026-07-24,4,19,3,R,SI,Sinker,94.0,0.09,1.598,8.0,hit_into_play,2,0,2
823434,2026-07-24,4,20,1,L,ST,Sweeper,82.2,0.369,1.918,9.0,called_strike,0,0,2
823434,2026-07-24,4,20,2,L,ST,Sweeper,85.0,-0.236,1.403,13.0,ball,0,1,2
823434,2026-07-24,4,20,3,L,ST,Sweeper,83.8,0.081,2.008,8.0,foul,1,1,2
823434,2026-07-24,4,20,4,L,SI,Sinker,96.4,0.666,1.435,14.0,swinging_strike,1,2,2
823434,2026-07-24,4,21,1,R,ST,Sweeper,83.2,0.233,2.631,5.0,called_strike,0,0,2
823434,2026-07-24,4,21,2,R,CH,Changeup,84.9,0.893,2.22,14.0,hit_into_play,0,1,2
823434,2026-07-24,4,22,1,L,ST,Sweeper,83.2,0.854,3.663,12.0,ball,0,0,2
823434,2026-07-24,4,22,2,L,FF,4-Seam Fastball,96.3,-1.047,2.303,13.0,ball,1,0,2
823434,2026-07-24,4,22,3,L,FF,4-Seam Fastball,95.9,-0.574,3.38,1.0,swinging_strike,2,0,2
823434,2026-07-24,4,22,4,L,ST,Sweeper,85.0,-1.942,1.632,13.0,ball,2,1,2
823434,2026-07-24,4,22,5,L,FF,4-Seam Fastball,96.3,-1.069,1.921,13.0,ball,3,1,2
823434,2026-07-24,4,23,1,R,CH,Changeup,84.3,-0.825,0.189,13.0,blocked_ball,0,0,2
823434,2026-07-24,4,23,2,R,ST,Sweeper,83.2,0.436,2.904,3.0,called_strike,1,0,2
823434,2026-07-24,4,23,3,R,ST,Sweeper,84.7,-1.325,2.161,13.0,foul,1,1,2
823434,2026-07-24,4,23,4,R,FF,4-Seam Fastball,96.4,-1.355,2.624,11.0,ball,1,2,2
823434,2026-07-24,4,23,5,R,FF,4-Seam Fastball,96.2,-1.29,3.182,11.0,ball,2,2,2
823434,2026-07-24,5,28,1,R,ST,Sweeper,82.1,-0.625,1.794,7.0,foul,0,0,2
823434,2026-07-24,5,28,2,R,ST,Sweeper,83.3,-1.371,1.689,13.0,foul,0,1,2
823434,2026-07-24,5,28,3,R,ST,Sweeper,85.5,1.115,2.991,12.0,ball,0,2,2
823434,2026-07-24,5,28,4,R,FF,4-Seam Fastball,96.5,-0.242,2.245,5.0,hit_into_play,1,2,2
823434,2026-07-24,5,29,1,R,SI,Sinker,93.8,-0.098,0.58,13.0,blocked_ball,0,0,2
823434,2026-07-24,5,29,2,R,ST,Sweeper,84.0,-1.493,-0.118,13.0,blocked_ball,1,0,2
823434,2026-07-24,5,29,3,R,CH,Changeup,84.8,1.413,3.775,12.0,ball,2,0,2
823434,2026-07-24,5,29,4,R,FF,4-Seam Fastball,93.9,-0.316,1.871,7.0,called_strike,3,0,2
823434,2026-07-24,5,29,5,R,SI,Sinker,94.1,0.405,1.897,9.0,hit_into_play,3,1,2
823434,2026-07-24,5,30,1,L,SI,Sinker,94.7,0.079,2.443,5.0,hit_into_play,0,0,2
823434,2026-07-24,5,31,1,R,CH,Changeup,85.5,1.386,3.34,12.0,ball,0,0,2
823434,2026-07-24,5,31,2,R,FF,4-Seam Fastball,96.4,0.101,1.738,8.0,foul,1,0,2
823434,2026-07-24,5,31,3,R,ST,Sweeper,83.2,1.935,3.339,12.0,ball,1,1,2
823434,2026-07-24,5,31,4,R,ST,Sweeper,84.6,-0.603,2.006,7.0,foul,2,1,2
823434,2026-07-24,5,31,5,R,ST,Sweeper,86.5,-0.433,1.458,7.0,swinging_strike,2,2,2
823434,2026-07-24,5,32,1,R,ST,Sweeper,84.0,-2.125,0.32,13.0,hit_by_pitch,0,0,2
823434,2026-07-24,5,33,1,R,ST,Sweeper,83.8,0.032,1.666,8.0,called_strike,0,0,3
823434,2026-07-24,5,33,2,R,FF,4-Seam Fastball,96.9,-0.546,3.69,11.0,ball,0,1,3
823434,2026-07-24,5,33,3,R,ST,Sweeper,86.7,-0.82,2.169,7.0,hit_into_play,1,1,3
823434,2026-07-24,6,38,1,L,SI,Sinker,92.9,-0.312,2.708,4.0,called_strike,0,0,3
823434,2026-07-24,6,38,2,L,SI,Sinker,94.6,0.258,1.309,14.0,ball,0,1,3
823434,2026-07-24,6,38,3,L,SI,Sinker,95.2,0.805,2.137,9.0,swinging_strike,1,1,3
823434,2026-07-24,6,38,4,L,ST,Sweeper,85.5,-1.17,1.939,13.0,swinging_strike,1,2,3
823434,2026-07-24,6,39,1,R,FF,4-Seam Fastball,95.5,-0.61,2.69,4.0,called_strike,0,0,3
823434,2026-07-24,6,39,2,R,ST,Sweeper,84.8,-1.024,0.749,13.0,foul,0,1,3
823434,2026-07-24,6,39,3,R,ST,Sweeper,85.5,-0.284,1.273,13.0,foul_tip,0,2,3
823434,2026-07-24,6,40,1,L,SI,Sinker,96.3,0.35,2.809,6.0,called_strike,0,0,3
823434,2026-07-24,6,40,2,L,FF,4-Seam Fastball,96.9,0.389,3.242,3.0,foul,0,1,3
823434,2026-07-24,6,40,3,L,ST,Sweeper,86.6,-0.883,1.324,13.0,ball,0,2,3
823434,2026-07-24,6,40,4,L,ST,Sweeper,86.3,-1.323,1.651,13.0,ball,1,2,3
823434,2026-07-24,6,40,5,L,ST,Sweeper,86.5,-0.4,1.622,7.0,foul,2,2,3
823434,2026-07-24,6,40,6,L,FF,4-Seam Fastball,96.3,0.037,3.326,2.0,foul,2,2,3
823434,2026-07-24,6,40,7,L,FF,4-Seam Fastball,98.2,0.937,2.961,12.0,foul,2,2,3
823434,2026-07-24,6,40,8,L,ST,Sweeper,86.9,0.239,3.924,12.0,foul,2,2,3
823434,2026-07-24,6,40,9,L,ST,Sweeper,87.2,-2.054,0.401,13.0,ball,2,2,3
823434,2026-07-24,6,40,10,L,FF,4-Seam Fastball,96.8,-0.442,2.588,4.0,hit_into_play,3,2,3
823434,2026-07-24,6,41,1,R,FF,4-Seam Fastball,95.2,-0.34,2.746,1.0,foul,0,0,3
823434,2026-07-24,6,41,2,R,ST,Sweeper,84.5,0.58,2.458,6.0,hit_into_play,0,1,3
823434,2026-07-24,7,45,1,R,FF,4-Seam Fastball,94.3,0.094,2.386,5.0,called_strike,0,0,3
823434,2026-07-24,7,45,2,R,ST,Sweeper,83.0,0.96,2.592,12.0,ball,0,1,3
823434,2026-07-24,7,45,3,R,ST,Sweeper,82.6,0.17,3.252,12.0,foul,1,1,3
823434,2026-07-24,7,45,4,R,ST,Sweeper,86.9,-2.21,-0.579,13.0,ball,1,2,3
823434,2026-07-24,7,45,5,R,FF,4-Seam Fastball,96.2,-1.368,0.977,13.0,ball,2,2,3
823434,2026-07-24,7,45,6,R,FF,4-Seam Fastball,97.3,0.14,3.335,12.0,swinging_strike,3,2,3
823434,2026-07-24,7,46,1,L,SI,Sinker,94.7,0.051,1.715,8.0,hit_into_play,0,0,3
823434,2026-07-24,7,47,1,R,ST,Sweeper,83.6,-1.389,0.259,13.0,swinging_strike,0,0,3
823434,2026-07-24,7,47,2,R,FF,4-Seam Fastball,96.7,-1.041,2.582,11.0,ball,0,1,3
823434,2026-07-24,7,47,3,R,ST,Sweeper,84.9,-1.292,-0.606,13.0,ball,1,1,3
823434,2026-07-24,7,47,4,R,FF,4-Seam Fastball,96.3,0.37,2.495,6.0,foul,2,1,3
823434,2026-07-24,7,47,5,R,FF,4-Seam Fastball,97.9,0.026,2.838,2.0,hit_into_play,2,2,3
823837,2026-07-29,1,4,1,R,SI,Sinker,92.9,-0.887,1.236,13.0,ball,0,0,1
823837,2026-07-29,1,4,2,R,SI,Sinker,94.4,0.415,2.936,3.0,foul,1,0,1
823837,2026-07-29,1,4,3,R,ST,Sweeper,82.8,-0.344,1.919,7.0,hit_into_play,1,1,1
823837,2026-07-29,1,5,1,R,CH,Changeup,83.2,0.745,2.536,6.0,swinging_strike,0,0,1
823837,2026-07-29,1,5,2,R,FF,4-Seam Fastball,96.3,-1.086,2.446,11.0,ball,0,1,1
823837,2026-07-29,1,5,3,R,FF,4-Seam Fastball,95.9,-0.474,2.237,4.0,hit_into_play,1,1,1
823837,2026-07-29,1,6,1,L,SI,Sinker,94.4,0.45,1.918,9.0,foul,0,0,1
823837,2026-07-29,1,6,2,L,SI,Sinker,93.7,0.911,2.439,12.0,foul,0,1,1
823837,2026-07-29,1,6,3,L,ST,Sweeper,85.7,-0.962,1.876,13.0,foul,0,2,1
823837,2026-07-29,1,6,4,L,ST,Sweeper,84.6,-1.095,2.078,13.0,foul,0,2,1
823837,2026-07-29,1,6,5,L,ST,Sweeper,85.2,-0.638,2.308,4.0,hit_into_play,0,2,1
823837,2026-07-29,2,10,1,R,SI,Sinker,92.2,-0.694,1.56,7.0,called_strike,0,0,1
823837,2026-07-29,2,10,2,R,ST,Sweeper,81.9,-1.732,0.632,13.0,swinging_strike,0,1,1
823837,2026-07-29,2,10,3,R,ST,Sweeper,84.0,0.05,3.251,12.0,ball,0,2,1
823837,2026-07-29,2,10,4,R,CH,Changeup,82.5,1.644,2.878,12.0,ball,1,2,1
823837,2026-07-29,2,10,5,R,ST,Sweeper,84.4,-0.74,0.988,13.0,ball,2,2,1
823837,2026-07-29,2,10,6,R,CH,Changeup,85.0,0.676,3.228,12.0,ball,3,2,1
823837,2026-07-29,2,11,1,R,CH,Changeup,84.9,0.74,2.863,3.0,hit_into_play,0,0,1
823837,2026-07-29,2,12,1,L,SI,Sinker,94.9,1.578,2.767,12.0,ball,0,0,1
823837,2026-07-29,2,12,2,L,SI,Sinker,94.9,-0.308,2.623,4.0,called_strike,1,0,1
823837,2026-07-29,2,12,3,L,ST,Sweeper,85.1,-1.288,1.565,13.0,swinging_strike,1,1,1
823837,2026-07-29,2,12,4,L,ST,Sweeper,85.1,-1.474,2.803,11.0,ball,1,2,1
823837,2026-07-29,2,12,5,L,ST,Sweeper,85.8,-1.926,1.422,13.0,ball,2,2,1
823837,2026-07-29,2,12,6,L,ST,Sweeper,86.1,-0.736,1.964,7.0,called_strike,3,2,1
823837,2026-07-29,2,13,1,R,FF,4-Seam Fastball,96.8,-0.36,2.083,4.0,called_strike,0,0,1
823837,2026-07-29,2,13,2,R,CH,Changeup,86.0,0.512,1.194,14.0,swinging_strike,0,1,1
823837,2026-07-29,2,13,3,R,FF,4-Seam Fastball,96.9,1.204,3.817,12.0,ball,0,2,1
823837,2026-07-29,2,13,4,R,ST,Sweeper,87.9,-0.824,1.03,13.0,foul,1,2,1
823837,2026-07-29,2,13,5,R,CH,Changeup,85.6,1.348,1.229,14.0,swinging_strike,1,2,1
823837,2026-07-29,3,20,1,R,CH,Changeup,81.9,0.767,2.511,6.0,called_strike,0,0,1
823837,2026-07-29,3,20,2,R,ST,Sweeper,83.4,-1.664,0.567,13.0,swinging_strike,0,1,1
823837,2026-07-29,3,20,3,R,ST,Sweeper,84.6,-0.586,2.393,4.0,foul,0,2,1
823837,2026-07-29,3,20,4,R,FF,4-Seam Fastball,96.1,0.12,3.476,12.0,foul,0,2,1
823837,2026-07-29,3,20,5,R,CH,Changeup,83.4,1.598,2.565,12.0,ball,0,2,1
823837,2026-07-29,3,20,6,R,ST,Sweeper,84.8,-2.327,0.219,13.0,ball,1,2,1
823837,2026-07-29,3,20,7,R,ST,Sweeper,85.0,-1.014,2.024,13.0,foul,2,2,1
823837,2026-07-29,3,20,8,R,CH,Changeup,85.3,-0.133,1.227,13.0,swinging_strike,2,2,1
823837,2026-07-29,3,21,1,L,SI,Sinker,95.3,-0.041,1.554,8.0,called_strike,0,0,1
823837,2026-07-29,3,21,2,L,SI,Sinker,95.5,0.712,1.747,9.0,called_strike,0,1,1
823837,2026-07-29,3,21,3,L,ST,Sweeper,86.7,-1.162,1.188,13.0,swinging_strike,0,2,1
823837,2026-07-29,3,22,1,R,CH,Changeup,84.5,-0.328,1.994,7.0,called_strike,0,0,2
823837,2026-07-29,3,22,2,R,FF,4-Seam Fastball,96.5,-0.71,1.884,7.0,hit_into_play,0,1,2
823837,2026-07-29,3,23,1,R,CH,Changeup,84.0,0.579,2.424,6.0,hit_into_play,0,0,2
823837,2026-07-29,4,30,1,L,ST,Sweeper,81.5,-0.706,2.686,1.0,ball,0,0,2
823837,2026-07-29,4,30,2,L,SI,Sinker,92.7,-0.229,2.046,5.0,called_strike,1,0,2
823837,2026-07-29,4,30,3,L,SI,Sinker,93.8,-0.139,1.337,13.0,hit_into_play,1,1,2
823837,2026-07-29,4,31,1,R,CH,Changeup,84.0,-0.782,1.394,13.0,called_strike,0,0,2
823837,2026-07-29,4,31,2,R,ST,Sweeper,83.1,-0.821,2.183,4.0,foul,0,1,2
823837,2026-07-29,4,31,3,R,FF,4-Seam Fastball,95.5,-0.78,2.285,4.0,foul,0,2,2
823837,2026-07-29,4,31,4,R,CH,Changeup,84.8,0.766,0.94,14.0,ball,0,2,2
823837,2026-07-29,4,31,5,R,CH,Changeup,85.3,0.249,1.034,14.0,hit_into_play,1,2,2
823837,2026-07-29,4,32,1,R,FF,4-Seam Fastball,95.8,-0.454,2.541,4.0,called_strike,0,0,2
823837,2026-07-29,4,32,2,R,ST,Sweeper,84.1,-0.777,1.299,13.0,ball,0,1,2
823837,2026-07-29,4,32,3,R,FF,4-Seam Fastball,95.6,-0.966,3.885,11.0,ball,1,1,2
823837,2026-07-29,4,32,4,R,SI,Sinker,94.3,0.83,1.753,14.0,ball,2,1,2
823837,2026-07-29,4,32,5,R,SI,Sinker,94.5,0.473,1.307,14.0,ball,3,1,2
823837,2026-07-29,4,33,1,L,SI,Sinker,95.5,0.037,2.609,5.0,called_strike,0,0,2
823837,2026-07-29,4,33,2,L,ST,Sweeper,85.0,-0.099,1.83,8.0,hit_into_play,0,1,2
823837,2026-07-29,5,40,1,R,CH,Changeup,82.4,-0.08,1.957,8.0,hit_into_play,0,0,2
823837,2026-07-29,5,41,1,R,CH,Changeup,82.6,-0.722,1.264,13.0,ball,0,0,2
823837,2026-07-29,5,41,2,R,SI,Sinker,92.8,-1.05,0.172,13.0,blocked_ball,1,0,2
823837,2026-07-29,5,41,3,R,SI,Sinker,93.9,-0.541,1.212,13.0,foul,2,0,2
823837,2026-07-29,5,41,4,R,ST,Sweeper,83.9,-2.572,1.45,13.0,hit_by_pitch,2,1,2
823837,2026-07-29,5,42,1,L,SI,Sinker,93.2,0.382,2.659,6.0,hit_into_play,0,0,2
823837,2026-07-29,5,43,1,R,ST,Sweeper,84.0,-0.589,1.014,13.0,swinging_strike,0,0,3
823837,2026-07-29,5,43,2,R,CH,Changeup,86.9,0.723,2.744,3.0,hit_into_play,0,1,3
823837,2026-07-29,5,44,1,R,FF,4-Seam Fastball,95.4,-1.045,1.787,13.0,ball,0,0,3
823837,2026-07-29,5,44,2,R,ST,Sweeper,83.2,0.146,1.773,8.0,foul,1,0,3
823837,2026-07-29,5,44,3,R,ST,Sweeper,85.0,-0.608,1.843,7.0,called_strike,1,1,3
823837,2026-07-29,5,44,4,R,ST,Sweeper,85.6,-0.706,0.234,13.0,blocked_ball,1,2,3
823837,2026-07-29,5,44,5,R,ST,Sweeper,84.9,1.505,3.238,12.0,ball,2,2,3
823837,2026-07-29,5,44,6,R,CH,Changeup,86.4,0.558,2.899,3.0,hit_into_play,3,2,3
823837,2026-07-29,5,45,1,L,SI,Sinker,97.8,0.959,2.449,12.0,hit_into_play,0,0,3
823837,2026-07-29,6,49,1,R,ST,Sweeper,83.2,-0.519,0.274,13.0,ball,0,0,3
823837,2026-07-29,6,49,2,R,SI,Sinker,95.8,1.004,2.322,12.0,ball,1,0,3
823837,2026-07-29,6,49,3,R,SI,Sinker,95.3,0.388,2.02,6.0,hit_into_play,2,0,3
823837,2026-07-29,6,50,1,R,SI,Sinker,96.7,0.208,2.307,5.0,foul,0,0,3
823837,2026-07-29,6,50,2,R,ST,Sweeper,84.2,-0.86,1.735,13.0,hit_into_play,0,1,3
823837,2026-07-29,6,51,1,L,ST,Sweeper,84.0,-0.565,0.776,13.0,swinging_strike,0,0,3
823837,2026-07-29,6,51,2,L,SI,Sinker,96.9,-0.127,2.071,8.0,foul,0,1,3
823837,2026-07-29,6,51,3,L,ST,Sweeper,86.5,-1.426,1.768,13.0,foul,0,2,3
823837,2026-07-29,6,51,4,L,CH,Changeup,86.2,1.15,1.134,14.0,ball,0,2,3
823837,2026-07-29,6,51,5,L,FF,4-Seam Fastball,96.9,-0.533,2.34,4.0,called_strike,1,2,3
823837,2026-07-29,7,56,1,R,FF,4-Seam Fastball,95.5,0.007,3.159,2.0,foul_bunt,0,0,3
823837,2026-07-29,7,56,2,R,FF,4-Seam Fastball,96.2,-0.607,3.082,1.0,foul_tip,0,1,3
823837,2026-07-29,7,56,3,R,ST,Sweeper,86.5,-0.867,1.398,13.0,ball,0,2,3
823837,2026-07-29,7,56,4,R,CH,Changeup,85.8,2.469,1.551,14.0,ball,1,2,3
823837,2026-07-29,7,56,5,R,CH,Changeup,85.9,0.219,2.023,8.0,hit_into_play,2,2,3
823837,2026-07-29,7,57,1,R,SI,Sinker,94.6,0.529,1.809,9.0,called_strike,0,0,3
823837,2026-07-29,7,57,2,R,CH,Changeup,85.9,1.321,1.976,14.0,ball,0,1,3
823837,2026-07-29,7,57,3,R,FF,4-Seam Fastball,95.8,-0.805,2.692,4.0,hit_into_play,1,1,3
823837,2026-07-29,7,58,1,L,SI,Sinker,96.3,0.356,2.901,3.0,called_strike,0,0,3
823837,2026-07-29,7,58,2,L,ST,Sweeper,85.6,-1.605,2.835,11.0,ball,0,1,3
823837,2026-07-29,7,58,3,L,ST,Sweeper,86.6,-1.012,1.639,13.0,swinging_strike,1,1,3
823837,2026-07-29,7,58,4,L,ST,Sweeper,87.5,-2.629,1.355,13.0,ball,1,2,3
823837,2026-07-29,7,58,5,L,ST,Sweeper,86.9,-2.345,1.463,13.0,ball,2,2,3
823837,2026-07-29,7,58,6,L,FF,4-Seam Fastball,98.0,-0.262,2.506,5.0,foul,3,2,3
823837,2026-07-29,7,58,7,L,SI,Sinker,96.6,-0.91,0.633,13.0,ball,3,2,3
823837,2026-07-29,7,59,1,R,SI,Sinker,95.3,-0.078,1.299,13.0,ball,0,0,4
823837,2026-07-29,7,59,2,R,CH,Changeup,87.4,-0.115,1.472,8.0,hit_into_play,1,0,4
823432,2026-08-04,1,1,1,R,SI,Sinker,97.2,0.579,1.897,9.0,hit_into_play,0,0,1
823432,2026-08-04,1,2,1,R,SI,Sinker,96.8,0.073,1.962,8.0,called_strike,0,0,1
823432,2026-08-04,1,2,2,R,ST,Sweeper,87.6,-0.194,0.81,13.0,swinging_strike,0,1,1
823432,2026-08-04,1,2,3,R,ST,Sweeper,88.8,-1.141,1.221,13.0,swinging_strike,0,2,1
823432,2026-08-04,1,3,1,R,ST,Sweeper,85.9,-1.107,-0.112,13.0,ball,0,0,1
823432,2026-08-04,1,3,2,R,SI,Sinker,96.4,0.082,2.125,8.0,swinging_strike,1,0,1
823432,2026-08-04,1,3,3,R,SI,Sinker,97.5,0.737,2.626,6.0,swinging_strike,1,1,1
823432,2026-08-04,1,3,4,R,ST,Sweeper,89.0,-0.367,0.857,13.0,swinging_strike,1,2,1
823432,2026-08-04,2,9,1,L,ST,Sweeper,84.1,-0.385,0.751,13.0,ball,0,0,1
823432,2026-08-04,2,9,2,L,SI,Sinker,96.0,0.372,1.36,14.0,ball,1,0,1
823432,2026-08-04,2,9,3,L,SI,Sinker,96.4,0.797,1.744,9.0,swinging_strike,2,0,1
823432,2026-08-04,2,9,4,L,SI,Sinker,97.4,0.195,2.363,5.0,hit_into_play,2,1,1
823432,2026-08-04,2,10,1,R,SI,Sinker,95.9,2.679,2.996,12.0,ball,0,0,1
823432,2026-08-04,2,10,2,R,FF,4-Seam Fastball,96.8,0.341,3.063,3.0,ball,1,0,1
823432,2026-08-04,2,10,3,R,FF,4-Seam Fastball,95.7,-0.24,2.533,5.0,foul,2,0,1
823432,2026-08-04,2,10,4,R,FF,4-Seam Fastball,97.6,0.414,3.007,3.0,swinging_strike,2,1,1
823432,2026-08-04,2,10,5,R,FF,4-Seam Fastball,97.7,0.274,3.877,12.0,ball,2,2,1
823432,2026-08-04,2,10,6,R,FF,4-Seam Fastball,97.6,0.199,2.85,2.0,hit_into_play,3,2,1
823432,2026-08-04,2,11,1,R,SI,Sinker,96.7,-0.117,0.855,13.0,ball,0,0,1
823432,2026-08-04,2,11,2,R,CH,Changeup,86.2,0.205,2.599,5.0,called_strike,1,0,1
823432,2026-08-04,2,11,3,R,ST,Sweeper,86.3,-0.362,2.22,4.0,hit_into_play,1,1,1
823432,2026-08-04,2,12,1,L,ST,Sweeper,85.4,0.5,3.196,3.0,called_strike,0,0,1
823432,2026-08-04,2,12,2,L,ST,Sweeper,86.4,-1.568,2.443,11.0,ball,0,1,1
823432,2026-08-04,2,12,3,L,ST,Sweeper,86.7,-0.165,3.32,11.0,hit_into_play,1,1,1
823432,2026-08-04,3,18,1,R,SI,Sinker,94.8,-1.05,2.353,11.0,ball,0,0,1
823432,2026-08-04,3,18,2,R,SI,Sinker,94.7,-0.966,1.738,13.0,ball,1,0,1
823432,2026-08-04,3,18,3,R,SI,Sinker,95.9,-1.101,1.6,13.0,ball,2,0,1
823432,2026-08-04,3,18,4,R,FF,4-Seam Fastball,94.3,-0.854,1.134,13.0,ball,3,0,1
823432,2026-08-04,3,19,1,L,ST,Sweeper,83.8,0.214,3.139,2.0,called_strike,0,0,1
823432,2026-08-04,3,19,2,L,ST,Sweeper,83.1,-2.07,0.992,13.0,ball,0,1,1
823432,2026-08-04,3,19,3,L,ST,Sweeper,85.8,-1.291,0.235,13.0,blocked_ball,1,1,1
823432,2026-08-04,3,19,4,L,SI,Sinker,96.3,0.573,2.68,3.0,hit_into_play,2,1,1
823432,2026-08-04,3,20,1,R,SI,Sinker,96.0,-0.144,2.206,5.0,hit_into_play,0,0,2
823432,2026-08-04,4,28,1,R,ST,Sweeper,83.5,0.184,2.095,8.0,called_strike,0,0,2
823432,2026-08-04,4,28,2,R,CH,Changeup,84.4,1.148,2.277,14.0,hit_into_play,0,1,2
823432,2026-08-04,4,29,1,R,ST,Sweeper,82.8,-0.003,1.771,8.0,called_strike,0,0,2
823432,2026-08-04,4,29,2,R,FF,4-Seam Fastball,96.7,0.112,3.668,12.0,ball,0,1,2
823432,2026-08-04,4,29,3,R,FF,4-Seam Fastball,97.5,0.513,3.378,3.0,foul,1,1,2
823432,2026-08-04,4,29,4,R,ST,Sweeper,86.0,0.287,2.521,6.0,foul,1,2,2
823432,2026-08-04,4,29,5,R,CH,Changeup,85.0,1.708,2.705,12.0,ball,1,2,2
823432,2026-08-04,4,29,6,R,FF,4-Seam Fastball,98.3,-0.243,3.778,11.0,hit_into_play,2,2,2
823432,2026-08-04,4,30,1,L,SI,Sinker,96.4,0.406,1.223,14.0,ball,0,0,2
823432,2026-08-04,4,30,2,L,ST,Sweeper,84.6,1.543,2.91,12.0,ball,1,0,2
823432,2026-08-04,4,30,3,L,FF,4-Seam Fastball,97.2,1.035,3.254,12.0,ball,2,0,2
823432,2026-08-04,4,30,4,L,FF,4-Seam Fastball,96.1,0.23,2.595,5.0,called_strike,3,0,2
823432,2026-08-04,4,30,5,L,SI,Sinker,96.6,-0.03,2.806,2.0,called_strike,3,1,2
823432,2026-08-04,4,30,6,L,ST,Sweeper,86.9,0.503,2.458,6.0,called_strike,3,2,2
823432,2026-08-04,4,31,1,R,ST,Sweeper,84.4,0.954,1.607,14.0,ball,0,0,2
823432,2026-08-04,4,31,2,R,FF,4-Seam Fastball,97.7,-1.193,2.471,11.0,ball,1,0,2
823432,2026-08-04,4,31,3,R,FF,4-Seam Fastball,97.2,-0.815,1.345,13.0,ball,2,0,2
823432,2026-08-04,4,31,4,R,FF,4-Seam Fastball,94.8,0.085,2.072,5.0,foul,3,0,2
823432,2026-08-04,4,31,5,R,FF,4-Seam Fastball,96.5,-1.46,2.204,13.0,ball,3,1,2
823432,2026-08-04,4,32,1,R,CH,Changeup,85.3,-0.036,2.522,5.0,called_strike,0,0,2
823432,2026-08-04,4,32,2,R,ST,Sweeper,86.5,0.14,3.01,2.0,foul,0,1,2
823432,2026-08-04,4,32,3,R,FF,4-Seam Fastball,98.1,-0.123,3.554,11.0,foul,0,2,2
823432,2026-08-04,4,32,4,R,FF,4-Seam Fastball,98.9,-1.042,2.491,11.0,ball,0,2,2
823432,2026-08-04,4,32,5,R,ST,Sweeper,88.1,-0.855,0.734,13.0,swinging_strike,1,2,2
823432,2026-08-04,5,36,1,L,SI,Sinker,93.8,0.066,2.751,2.0,hit_into_play,0,0,2
823432,2026-08-04,5,37,1,R,SI,Sinker,92.0,-0.178,3.112,2.0,called_strike,0,0,2
823432,2026-08-04,5,37,2,R,ST,Sweeper,84.6,-0.867,0.464,13.0,ball,0,1,2
823432,2026-08-04,5,37,3,R,FF,4-Seam Fastball,96.0,-0.563,2.693,1.0,hit_into_play,1,1,2
823432,2026-08-04,5,38,1,L,ST,Sweeper,84.2,-1.776,1.525,13.0,ball,0,0,2
823432,2026-08-04,5,38,2,L,SI,Sinker,94.5,0.218,2.703,2.0,hit_into_play,1,0,2
823432,2026-08-04,6,42,1,R,SI,Sinker,93.1,0.298,2.839,3.0,called_strike,0,0,3
823432,2026-08-04,6,42,2,R,ST,Sweeper,84.1,0.11,2.288,5.0,called_strike,0,1,3
823432,2026-08-04,6,42,3,R,ST,Sweeper,87.6,0.21,2.044,8.0,hit_into_play,0,2,3
823432,2026-08-04,6,43,1,R,CH,Changeup,85.9,0.361,3.024,3.0,foul,0,0,3
823432,2026-08-04,6,43,2,R,SI,Sinker,96.6,-0.345,2.28,4.0,called_strike,0,1,3
823432,2026-08-04,6,43,3,R,ST,Sweeper,87.0,-0.032,1.83,8.0,called_strike,0,2,3
823432,2026-08-04,6,44,1,R,ST,Sweeper,84.8,-0.562,1.392,13.0,ball,0,0,3
823432,2026-08-04,6,44,2,R,ST,Sweeper,85.1,-0.484,1.398,13.0,foul_tip,1,0,3
823432,2026-08-04,6,44,3,R,SI,Sinker,95.5,1.439,1.605,14.0,ball,1,1,3
823432,2026-08-04,6,44,4,R,ST,Sweeper,85.6,-1.352,1.089,13.0,swinging_strike,2,1,3
823432,2026-08-04,6,44,5,R,ST,Sweeper,86.6,-0.096,2.018,8.0,hit_into_play,2,2,3
823432,2026-08-04,7,48,1,L,SI,Sinker,95.4,0.444,2.256,6.0,foul,0,0,3
823432,2026-08-04,7,48,2,L,SI,Sinker,96.7,-0.105,1.683,8.0,called_strike,0,1,3
823432,2026-08-04,7,48,3,L,ST,Sweeper,85.3,0.433,3.581,12.0,swinging_strike,0,2,3
823432,2026-08-04,7,49,1,R,SI,Sinker,95.0,-0.955,1.568,13.0,ball,0,0,3
823432,2026-08-04,7,49,2,R,CH,Changeup,84.6,0.77,2.994,3.0,called_strike,1,0,3
823432,2026-08-04,7,49,3,R,ST,Sweeper,84.7,-0.014,2.398,5.0,hit_into_play,1,1,3
823432,2026-08-04,7,50,1,R,ST,Sweeper,83.9,1.456,3.311,12.0,ball,0,0,3
823432,2026-08-04,7,50,2,R,SI,Sinker,95.7,0.275,2.662,5.0,foul,1,0,3
823432,2026-08-04,7,50,3,R,FF,4-Seam Fastball,96.7,-0.973,2.327,13.0,ball,1,1,3
823432,2026-08-04,7,50,4,R,CH,Changeup,86.2,0.356,1.903,9.0,hit_into_play,2,1,3
823432,2026-08-04,7,51,1,L,ST,Sweeper,85.4,-0.599,1.737,7.0,swinging_strike,0,0,3
823432,2026-08-04,7,51,2,L,FF,4-Seam Fastball,97.3,-0.964,3.786,11.0,ball,0,1,3
823432,2026-08-04,7,51,3,L,SI,Sinker,97.0,-0.179,2.083,8.0,foul,1,1,3
823432,2026-08-04,7,51,4,L,ST,Sweeper,87.9,-1.757,2.484,11.0,swinging_strike,1,2,3
823432,2026-08-04,8,57,1,R,CH,Changeup,84.6,-0.138,1.911,8.0,called_strike,0,0,3
823432,2026-08-04,8,57,2,R,CH,Changeup,83.8,0.271,1.534,8.0,foul,0,1,3
823432,2026-08-04,8,57,3,R,ST,Sweeper,87.5,-0.847,2.563,11.0,hit_into_play,0,2,3
823432,2026-08-04,8,58,1,L,SI,Sinker,99.2,0.318,3.271,12.0,hit_into_play,0,0,3
823432,2026-08-04,8,59,1,R,ST,Sweeper,84.8,0.746,2.558,6.0,called_strike,0,0,4
823432,2026-08-04,8,59,2,R,ST,Sweeper,86.6,-1.437,1.063,13.0,ball,0,1,4
823432,2026-08-04,8,59,3,R,FF,4-Seam Fastball,97.4,-0.282,3.172,1.0,foul,1,1,4
823432,2026-08-04,8,59,4,R,SI,Sinker,97.0,-0.696,1.89,7.0,hit_into_play,1,2,4
823432,2026-08-04,8,60,1,R,FF,4-Seam Fastball,97.8,0.934,3.278,12.0,swinging_strike,0,0,4
823432,2026-08-04,8,60,2,R,ST,Sweeper,88.3,0.846,2.503,12.0,hit_into_play,0,1,4
823425,2026-08-09,1,1,1,L,SI,Sinker,95.3,0.827,3.262,12.0,ball,0,0,1
823425,2026-08-09,1,1,2,L,SI,Sinker,95.5,0.019,2.313,5.0,hit_into_play,1,0,1
823425,2026-08-09,1,2,1,R,SI,Sinker,95.3,0.188,2.744,2.0,called_strike,0,0,1
823425,2026-08-09,1,2,2,R,ST,Sweeper,85.3,-1.397,0.342,13.0,ball,0,1,1
823425,2026-08-09,1,2,3,R,FF,4-Seam Fastball,97.4,-0.369,3.709,11.0,ball,1,1,1
823425,2026-08-09,1,2,4,R,FF,4-Seam Fastball,96.6,-0.427,1.746,7.0,called_strike,2,1,1
823425,2026-08-09,1,2,5,R,FF,4-Seam Fastball,98.1,-0.052,4.037,11.0,ball,2,2,1
823425,2026-08-09,1,2,6,R,FF,4-Seam Fastball,96.7,0.289,2.915,3.0,swinging_strike,3,2,1
823425,2026-08-09,1,3,1,R,CH,Changeup,85.6,-0.579,1.64,7.0,called_strike,0,0,1
823425,2026-08-09,1,3,2,R,FF,4-Seam Fastball,97.5,-1.08,2.291,11.0,ball,0,1,1
823425,2026-08-09,1,3,3,R,FF,4-Seam Fastball,97.3,0.288,1.778,9.0,called_strike,1,1,1
823425,2026-08-09,1,3,4,R,ST,Sweeper,87.0,-0.978,1.664,13.0,swinging_strike,1,2,1
823425,2026-08-09,2,7,1,R,SI,Sinker,94.2,0.111,2.293,5.0,called_strike,0,0,1
823425,2026-08-09,2,7,2,R,ST,Sweeper,83.5,-0.698,1.91,7.0,swinging_strike,0,1,1
823425,2026-08-09,2,7,3,R,ST,Sweeper,85.5,-0.507,2.716,4.0,hit_into_play,0,2,1
823425,2026-08-09,2,8,1,R,FF,4-Seam Fastball,95.3,-0.452,3.011,1.0,hit_into_play,0,0,1
823425,2026-08-09,2,9,1,L,SI,Sinker,93.6,-0.262,1.825,8.0,called_strike,0,0,1
823425,2026-08-09,2,9,2,L,ST,Sweeper,85.5,-0.008,2.657,5.0,foul,0,1,1
823425,2026-08-09,2,9,3,L,ST,Sweeper,86.9,-2.29,1.464,13.0,ball,0,2,1
823425,2026-08-09,2,9,4,L,ST,Sweeper,87.0,-2.246,1.669,13.0,swinging_strike,1,2,1
823425,2026-08-09,3,14,1,R,FF,4-Seam Fastball,93.6,-0.3,1.939,7.0,called_strike,0,0,1
823425,2026-08-09,3,14,2,R,FF,4-Seam Fastball,95.8,-1.395,2.071,13.0,ball,0,1,1
823425,2026-08-09,3,14,3,R,ST,Sweeper,83.5,0.103,2.329,5.0,called_strike,1,1,1
823425,2026-08-09,3,14,4,R,ST,Sweeper,86.0,-0.747,1.931,7.0,swinging_strike,1,2,1
823425,2026-08-09,3,15,1,L,ST,Sweeper,85.2,-0.549,1.437,7.0,swinging_strike,0,0,1
823425,2026-08-09,3,15,2,L,ST,Sweeper,85.2,0.299,2.405,6.0,called_strike,0,1,1
823425,2026-08-09,3,15,3,L,ST,Sweeper,86.7,-1.381,1.734,13.0,swinging_strike,0,2,1
823425,2026-08-09,3,16,1,R,SI,Sinker,94.7,-0.513,2.484,4.0,called_strike,0,0,1
823425,2026-08-09,3,16,2,R,FF,4-Seam Fastball,97.4,0.024,2.382,5.0,foul,0,1,1
823425,2026-08-09,3,16,3,R,FF,4-Seam Fastball,98.5,-0.18,2.729,2.0,foul,0,2,1
823425,2026-08-09,3,16,4,R,ST,Sweeper,84.0,0.062,2.55,5.0,called_strike,0,2,1
823425,2026-08-09,4,24,1,L,SI,Sinker,92.6,-0.242,1.417,13.0,ball,0,0,2
823425,2026-08-09,4,24,2,L,SI,Sinker,94.9,-0.085,1.989,8.0,called_strike,1,0,2
823425,2026-08-09,4,24,3,L,ST,Sweeper,84.7,-0.338,2.453,4.0,called_strike,1,1,2
823425,2026-08-09,4,24,4,L,ST,Sweeper,86.8,-4.614,-0.786,13.0,ball,1,2,2
823425,2026-08-09,4,24,5,L,ST,Sweeper,86.5,-2.304,1.357,13.0,swinging_strike,2,2,2
823425,2026-08-09,4,25,1,R,FF,4-Seam Fastball,96.2,-0.496,2.986,1.0,called_strike,0,0,2
823425,2026-08-09,4,25,2,R,FF,4-Seam Fastball,96.7,-0.502,2.579,4.0,hit_into_play,0,1,2
823425,2026-08-09,4,26,1,R,FF,4-Seam Fastball,96.8,-0.273,1.631,8.0,foul,0,0,2
823425,2026-08-09,4,26,2,R,ST,Sweeper,84.6,2.303,5.25,12.0,ball,0,1,2
823425,2026-08-09,4,26,3,R,ST,Sweeper,83.7,-1.176,1.622,13.0,hit_into_play,1,1,2
823425,2026-08-09,4,27,1,R,CH,Changeup,85.5,1.018,2.297,14.0,ball,0,0,2
823425,2026-08-09,4,27,2,R,CH,Changeup,85.6,0.592,2.337,6.0,hit_into_play,1,0,2
823425,2026-08-09,4,28,1,R,ST,Sweeper,84.6,-1.496,0.938,13.0,swinging_strike,0,0,2
823425,2026-08-09,4,28,2,R,ST,Sweeper,86.2,-0.821,1.928,7.0,hit_into_play,0,1,2
823425,2026-08-09,5,32,1,L,ST,Sweeper,83.8,-1.666,1.012,13.0,missed_bunt,0,0,2
823425,2026-08-09,5,32,2,L,ST,Sweeper,85.5,-2.178,1.234,13.0,swinging_strike,0,1,2
823425,2026-08-09,5,32,3,L,ST,Sweeper,86.7,-3.041,-0.374,13.0,ball,0,2,2
823425,2026-08-09,5,32,4,L,ST,Sweeper,85.6,-0.955,3.071,11.0,foul,1,2,2
823425,2026-08-09,5,32,5,L,FF,4-Seam Fastball,98.2,-0.323,3.224,1.0,foul,1,2,2
823425,2026-08-09,5,32,6,L,FF,4-Seam Fastball,98.5,-0.871,2.78,11.0,called_strike,1,2,2
823425,2026-08-09,5,33,1,R,ST,Sweeper,83.7,1.013,3.143,12.0,ball,0,0,2
823425,2026-08-09,5,33,2,R,FF,4-Seam Fastball,96.3,0.542,2.529,6.0,foul,1,0,2
823425,2026-08-09,5,33,3,R,CH,Changeup,85.2,2.143,2.828,12.0,ball,1,1,2
823425,2026-08-09,5,33,4,R,ST,Sweeper,84.8,-1.535,0.566,13.0,swinging_strike,2,1,2
823425,2026-08-09,5,33,5,R,FF,4-Seam Fastball,97.6,0.051,3.028,2.0,hit_into_play,2,2,2
823425,2026-08-09,5,34,1,L,SI,Sinker,95.8,0.861,2.886,12.0,hit_into_play,0,0,2
823425,2026-08-09,5,35,1,R,FF,4-Seam Fastball,95.9,-0.264,3.929,11.0,ball,0,0,2
823425,2026-08-09,5,35,2,R,FF,4-Seam Fastball,97.5,-0.923,3.025,11.0,ball,1,0,2
823425,2026-08-09,5,35,3,R,ST,Sweeper,84.2,-0.964,1.595,13.0,ball,2,0,2
823425,2026-08-09,5,35,4,R,FF,4-Seam Fastball,96.7,-0.211,2.251,5.0,called_strike,3,0,2
823425,2026-08-09,5,35,5,R,ST,Sweeper,85.7,0.381,3.176,12.0,called_strike,3,1,2
823425,2026-08-09,5,35,6,R,ST,Sweeper,87.0,-1.948,-0.13,13.0,ball,3,2,2
823425,2026-08-09,5,36,1,L,ST,Sweeper,85.5,-0.86,1.741,13.0,hit_into_play,0,0,3
823425,2026-08-09,5,37,1,R,CH,Changeup,84.8,1.244,3.237,12.0,ball,0,0,3
823425,2026-08-09,5,37,2,R,FF,4-Seam Fastball,96.9,0.174,3.507,12.0,foul,1,0,3
823425,2026-08-09,5,37,3,R,ST,Sweeper,84.7,-0.758,2.812,1.0,hit_into_play,1,1,3
823425,2026-08-09,6,43,1,R,SI,Sinker,92.9,-0.639,1.922,7.0,hit_into_play,0,0,3
823425,2026-08-09,6,44,1,R,ST,Sweeper,82.0,-0.785,1.638,7.0,swinging_strike,0,0,3
823425,2026-08-09,6,44,2,R,CH,Changeup,84.9,-0.184,1.048,13.0,swinging_strike,0,1,3
823425,2026-08-09,6,44,3,R,FF,4-Seam Fastball,96.4,-0.252,3.938,11.0,ball,0,2,3
823425,2026-08-09,6,44,4,R,ST,Sweeper,86.2,-0.297,1.92,7.0,foul,1,2,3
823425,2026-08-09,6,44,5,R,ST,Sweeper,86.7,-0.292,1.649,7.0,foul,1,2,3
823425,2026-08-09,6,44,6,R,FF,4-Seam Fastball,97.3,0.5,3.45,12.0,ball,1,2,3
823425,2026-08-09,6,44,7,R,FF,4-Seam Fastball,97.2,-1.122,2.426,13.0,foul,2,2,3
823425,2026-08-09,6,44,8,R,CH,Changeup,86.5,-0.982,1.136,13.0,ball,2,2,3
823425,2026-08-09,6,44,9,R,FF,4-Seam Fastball,97.0,-1.342,3.203,11.0,swinging_strike,3,2,3
823425,2026-08-09,6,45,1,R,CH,Changeup,85.3,-0.648,1.431,13.0,ball,0,0,3
823425,2026-08-09,6,45,2,R,CH,Changeup,84.8,-0.677,0.419,13.0,blocked_ball,1,0,3
823425,2026-08-09,6,45,3,R,SI,Sinker,96.1,-0.29,1.903,7.0,hit_into_play,2,0,3
823425,2026-08-09,6,46,1,L,ST,Sweeper,85.2,-2.05,1.312,13.0,swinging_strike,0,0,3
823425,2026-08-09,6,46,2,L,SI,Sinker,97.4,-0.309,1.344,13.0,ball,0,1,3
823425,2026-08-09,6,46,3,L,ST,Sweeper,86.1,-1.559,-0.018,13.0,blocked_ball,1,1,3
823425,2026-08-09,6,46,4,L,FF,4-Seam Fastball,96.1,0.364,2.724,3.0,foul,2,1,3
823425,2026-08-09,6,46,5,L,ST,Sweeper,88.0,-1.538,1.017,13.0,foul,2,2,3
823425,2026-08-09,6,46,6,L,FF,4-Seam Fastball,98.2,-0.407,2.247,4.0,foul,2,2,3
823425,2026-08-09,6,46,7,L,ST,Sweeper,87.0,-0.29,1.649,7.0,hit_into_play,2,2,3
823425,2026-08-09,7,52,1,R,CH,Changeup,82.5,-0.328,1.83,7.0,called_strike,0,0,3
823425,2026-08-09,7,52,2,R,ST,Sweeper,82.8,-2.887,0.04,13.0,ball,0,1,3
823425,2026-08-09,7,52,3,R,ST,Sweeper,81.0,-0.643,0.569,13.0,swinging_strike,1,1,3
823425,2026-08-09,7,52,4,R,ST,Sweeper,85.6,-1.643,2.397,11.0,swinging_strike,1,2,3
823425,2026-08-09,7,53,1,L,SI,Sinker,93.7,-0.031,1.969,8.0,called_strike,0,0,3
823425,2026-08-09,7,53,2,L,SI,Sinker,96.2,0.303,2.363,6.0,called_strike,0,1,3
823425,2026-08-09,7,53,3,L,ST,Sweeper,86.9,-3.045,-0.378,13.0,ball,0,2,3
823425,2026-08-09,7,53,4,L,ST,Sweeper,85.6,-2.164,2.595,11.0,ball,1,2,3
823425,2026-08-09,7,53,5,L,ST,Sweeper,85.5,-1.47,0.892,13.0,swinging_strike,2,2,3
823425,2026-08-09,7,54,1,R,SI,Sinker,92.2,0.618,3.056,3.0,called_strike,0,0,3
823425,2026-08-09,7,54,2,R,ST,Sweeper,84.0,-0.747,0.509,13.0,ball,0,1,3
823425,2026-08-09,7,54,3,R,SI,Sinker,94.9,-0.261,2.789,2.0,called_strike,1,1,3
823425,2026-08-09,7,54,4,R,ST,Sweeper,84.2,0.526,2.115,6.0,swinging_strike,1,2,3
823671,2026-08-15,1,4,1,R,SI,Sinker,94.2,-1.452,1.583,13.0,ball,0,0,1
823671,2026-08-15,1,4,2,R,SI,Sinker,94.7,-0.972,0.959,13.0,ball,1,0,1
823671,2026-08-15,1,4,3,R,FF,4-Seam Fastball,95.0,-0.021,2.511,5.0,hit_into_play,2,0,1
823671,2026-08-15,1,5,1,R,FF,4-Seam Fastball,96.7,-1.313,2.24,13.0,ball,0,0,1
823671,2026-08-15,1,5,2,R,CH,Changeup,86.0,-1.603,0.4,13.0,blocked_ball,1,0,1
823671,2026-08-15,1,5,3,R,CH,Changeup,86.3,0.262,1.886,8.0,foul_tip,2,0,1
823671,2026-08-15,1,5,4,R,ST,Sweeper,85.3,0.487,2.222,6.0,called_strike,2,1,1
823671,2026-08-15,1,5,5,R,ST,Sweeper,86.8,-0.943,1.813,13.0,swinging_strike,2,2,1
823671,2026-08-15,1,6,1,R,FF,4-Seam Fastball,96.8,-0.252,2.427,5.0,foul,0,0,1
823671,2026-08-15,1,6,2,R,FF,4-Seam Fastball,97.4,-0.68,3.022,1.0,called_strike,0,1,1
823671,2026-08-15,1,6,3,R,ST,Sweeper,87.6,0.0,1.585,8.0,foul,0,2,1
823671,2026-08-15,1,6,4,R,ST,Sweeper,87.8,-1.607,0.774,13.0,swinging_strike,0,2,1
823671,2026-08-15,1,7,1,R,CH,Changeup,87.0,-0.577,1.318,13.0,swinging_strike,0,0,1
823671,2026-08-15,1,7,2,R,ST,Sweeper,86.5,-1.126,1.104,13.0,swinging_strike,0,1,1
823671,2026-08-15,1,7,3,R,ST,Sweeper,87.5,-0.742,1.255,13.0,foul,0,2,1
823671,2026-08-15,1,7,4,R,ST,Sweeper,87.5,0.336,2.274,6.0,called_strike,0,2,1
823671,2026-08-15,2,14,1,R,FF,4-Seam Fastball,94.3,-1.27,1.687,13.0,ball,0,0,1
823671,2026-08-15,2,14,2,R,ST,Sweeper,83.4,-0.96,1.317,13.0,ball,1,0,1
823671,2026-08-15,2,14,3,R,FF,4-Seam Fastball,95.6,-0.322,2.423,4.0,called_strike,2,0,1
823671,2026-08-15,2,14,4,R,CH,Changeup,84.9,0.084,2.046,8.0,foul,2,1,1
823671,2026-08-15,2,14,5,R,ST,Sweeper,86.3,0.909,2.598,12.0,ball,2,2,1
823671,2026-08-15,2,14,6,R,FF,4-Seam Fastball,97.6,-0.476,3.264,1.0,foul,3,2,1
823671,2026-08-15,2,14,7,R,ST,Sweeper,86.1,0.096,2.765,5.0,hit_into_play,3,2,1
823671,2026-08-15,2,15,1,R,SI,Sinker,95.6,-0.728,0.995,13.0,ball,0,0,1
823671,2026-08-15,2,15,2,R,CH,Changeup,85.8,1.17,2.287,14.0,ball,1,0,1
823671,2026-08-15,2,15,3,R,SI,Sinker,96.0,0.54,2.791,3.0,hit_into_play,2,0,1
823671,2026-08-15,2,16,1,R,CH,Changeup,86.3,0.55,2.214,6.0,called_strike,0,0,1
823671,2026-08-15,2,16,2,R,ST,Sweeper,86.2,0.602,1.75,9.0,called_strike,0,1,1
823671,2026-08-15,2,16,3,R,ST,Sweeper,87.8,-1.293,0.326,13.0,swinging_strike_blocked,0,2,1
823671,2026-08-15,2,17,1,R,ST,Sweeper,84.2,0.262,2.548,5.0,foul,0,0,1
823671,2026-08-15,2,17,2,R,FF,4-Seam Fastball,97.4,-0.88,2.774,11.0,called_strike,0,1,1
823671,2026-08-15,2,17,3,R,ST,Sweeper,87.0,-0.226,1.889,8.0,foul,0,2,1
823671,2026-08-15,2,17,4,R,CH,Changeup,86.5,1.399,1.347,14.0,swinging_strike,0,2,1
823671,2026-08-15,3,21,1,R,FF,4-Seam Fastball,94.5,-1.383,1.513,13.0,ball,0,0,1
823671,2026-08-15,3,21,2,R,FF,4-Seam Fastball,95.6,-0.726,1.415,13.0,hit_into_play,1,0,1
823671,2026-08-15,3,22,1,R,FF,4-Seam Fastball,95.7,-0.686,2.496,4.0,called_strike,0,0,2
823671,2026-08-15,3,22,2,R,ST,Sweeper,84.4,-0.394,0.531,13.0,ball,0,1,2
823671,2026-08-15,3,22,3,R,CH,Changeup,85.4,-0.985,1.666,13.0,swinging_strike,1,1,2
823671,2026-08-15,3,22,4,R,ST,Sweeper,83.5,1.665,3.358,12.0,ball,1,2,2
823671,2026-08-15,3,22,5,R,CH,Changeup,85.3,1.108,2.643,12.0,foul_tip,2,2,2
823671,2026-08-15,3,23,1,R,CH,Changeup,85.6,-0.305,2.146,4.0,foul,0,0,2
823671,2026-08-15,3,23,2,R,FF,4-Seam Fastball,96.3,-1.073,2.411,13.0,ball,0,1,2
823671,2026-08-15,3,23,3,R,FF,4-Seam Fastball,95.8,-1.393,2.281,13.0,ball,1,1,2
823671,2026-08-15,3,23,4,R,CH,Changeup,85.8,-0.208,0.863,13.0,ball,2,1,2
823671,2026-08-15,3,23,5,R,ST,Sweeper,84.9,-2.268,0.941,13.0,ball,3,1,2
823671,2026-08-15,3,24,1,R,FF,4-Seam Fastball,95.4,-0.443,2.783,1.0,hit_into_play,0,0,2
823671,2026-08-15,4,29,1,R,FF,4-Seam Fastball,95.6,-0.447,3.469,11.0,hit_into_play,0,0,2
823671,2026-08-15,4,30,1,R,FF,4-Seam Fastball,93.0,-0.149,2.094,8.0,called_strike,0,0,2
823671,2026-08-15,4,30,2,R,CH,Changeup,85.4,-0.487,1.034,13.0,ball,0,1,2
823671,2026-08-15,4,30,3,R,CH,Changeup,85.0,-0.287,1.405,13.0,ball,1,1,2
823671,2026-08-15,4,30,4,R,CH,Changeup,84.8,-0.028,2.447,5.0,hit_into_play,2,1,2
823671,2026-08-15,4,31,1,R,CH,Changeup,84.8,-0.502,1.399,13.0,ball,0,0,2
823671,2026-08-15,4,31,2,R,SI,Sinker,96.3,0.288,2.748,3.0,hit_into_play,1,0,2
823671,2026-08-15,4,32,1,R,CH,Changeup,84.5,0.653,2.097,9.0,hit_into_play,0,0,2
823671,2026-08-15,5,43,1,R,FF,4-Seam Fastball,93.1,-0.621,2.711,4.0,called_strike,0,0,2
823671,2026-08-15,5,43,2,R,ST,Sweeper,84.2,-0.809,1.144,13.0,swinging_strike,0,1,2
823671,2026-08-15,5,43,3,R,FF,4-Seam Fastball,95.5,0.562,4.065,12.0,ball,0,2,2
823671,2026-08-15,5,43,4,R,ST,Sweeper,86.1,-1.281,1.395,13.0,ball,1,2,2
823671,2026-08-15,5,43,5,R,ST,Sweeper,85.0,-0.495,1.35,13.0,swinging_strike,2,2,2
823671,2026-08-15,5,44,1,R,CH,Changeup,84.9,0.076,1.249,14.0,ball,0,0,2
823671,2026-08-15,5,44,2,R,ST,Sweeper,84.3,-0.517,1.574,7.0,called_strike,1,0,2
823671,2026-08-15,5,44,3,R,CH,Changeup,85.7,0.096,2.158,5.0,hit_into_play,1,1,2
823671,2026-08-15,5,45,1,R,ST,Sweeper,84.0,0.359,2.157,6.0,called_strike,0,0,3
823671,2026-08-15,5,45,2,R,FF,4-Seam Fastball,96.0,-0.367,3.559,11.0,ball,0,1,3
823671,2026-08-15,5,45,3,R,ST,Sweeper,85.4,0.217,2.051,8.0,hit_into_play,1,1,3
823671,2026-08-15,5,46,1,R,FF,4-Seam Fastball,95.3,0.644,3.484,12.0,swinging_strike,0,0,3
823671,2026-08-15,5,46,2,R,ST,Sweeper,87.0,-0.078,0.791,13.0,swinging_strike,0,1,3
823671,2026-08-15,5,46,3,R,ST,Sweeper,87.7,0.029,1.887,8.0,hit_into_play,0,2,3
823671,2026-08-15,6,52,1,R,FF,4-Seam Fastball,93.9,-0.35,2.138,7.0,called_strike,0,0,3
823671,2026-08-15,6,52,2,R,ST,Sweeper,82.2,-0.429,2.671,4.0,foul,0,1,3
823671,2026-08-15,6,52,3,R,ST,Sweeper,86.2,-1.086,1.415,13.0,foul,0,2,3
823671,2026-08-15,6,52,4,R,FF,4-Seam Fastball,97.1,-0.229,4.055,11.0,foul,0,2,3
823671,2026-08-15,6,52,5,R,CH,Changeup,85.6,1.288,2.146,14.0,foul,0,2,3
823671,2026-08-15,6,52,6,R,ST,Sweeper,85.5,-1.269,1.113,13.0,ball,0,2,3
823671,2026-08-15,6,52,7,R,ST,Sweeper,83.0,-1.005,0.638,13.0,ball,1,2,3
823671,2026-08-15,6,52,8,R,ST,Sweeper,85.3,-1.3,2.528,11.0,foul,2,2,3
823671,2026-08-15,6,52,9,R,CH,Changeup,86.0,-0.13,1.869,8.0,hit_into_play,2,2,3
823671,2026-08-15,6,53,1,R,CH,Changeup,84.0,0.123,1.93,8.0,hit_into_play,0,0,3
823671,2026-08-15,6,54,1,R,FF,4-Seam Fastball,95.2,-0.536,2.894,1.0,called_strike,0,0,3
823671,2026-08-15,6,54,2,R,ST,Sweeper,83.5,0.231,3.424,2.0,foul_tip,0,1,3
823671,2026-08-15,6,54,3,R,FF,4-Seam Fastball,96.0,0.432,3.579,12.0,foul,0,2,3
823671,2026-08-15,6,54,4,R,FF,4-Seam Fastball,98.0,-0.591,4.329,11.0,ball,0,2,3
823671,2026-08-15,6,54,5,R,ST,Sweeper,86.0,-0.056,1.664,8.0,foul,1,2,3
823671,2026-08-15,6,54,6,R,FF,4-Seam Fastball,97.1,-0.639,2.612,4.0,hit_into_play,1,2,3
823671,2026-08-15,6,55,1,R,ST,Sweeper,84.5,-0.582,1.058,13.0,ball,0,0,3
823671,2026-08-15,6,55,2,R,ST,Sweeper,85.4,0.333,2.126,6.0,called_strike,1,0,3
823671,2026-08-15,6,55,3,R,ST,Sweeper,85.8,-0.303,1.618,7.0,foul,1,1,3
823671,2026-08-15,6,55,4,R,ST,Sweeper,86.7,-1.268,0.963,13.0,ball,1,2,3
823671,2026-08-15,6,55,5,R,FF,4-Seam Fastball,97.9,-0.843,3.055,11.0,swinging_strike,2,2,3
823671,2026-08-15,6,56,1,R,ST,Sweeper,84.1,0.031,2.053,8.0,called_strike,0,0,3
823671,2026-08-15,6,56,2,R,FF,4-Seam Fastball,95.8,-1.617,2.966,11.0,ball,0,1,3
823671,2026-08-15,6,56,3,R,ST,Sweeper,87.2,-0.947,1.603,13.0,ball,1,1,3
823671,2026-08-15,6,56,4,R,ST,Sweeper,85.9,-0.89,1.033,13.0,swinging_strike,2,1,3
823671,2026-08-15,6,56,5,R,FF,4-Seam Fastball,97.7,0.437,5.118,12.0,ball,2,2,3
823671,2026-08-15,6,56,6,R,CH,Changeup,87.0,0.466,3.184,3.0,hit_into_play,3,2,3
823671,2026-08-15,7,62,1,R,FF,4-Seam Fastball,93.5,-1.639,1.787,13.0,ball,0,0,3
823671,2026-08-15,7,62,2,R,ST,Sweeper,82.5,-0.796,0.969,13.0,ball,1,0,3
823671,2026-08-15,7,62,3,R,FF,4-Seam Fastball,93.5,-0.686,1.441,13.0,ball,2,0,3
823671,2026-08-15,7,62,4,R,FF,4-Seam Fastball,92.8,-0.158,1.12,13.0,ball,3,0,3
823671,2026-08-15,7,63,1,R,FF,4-Seam Fastball,94.8,-1.401,2.754,11.0,ball,0,0,3
823671,2026-08-15,7,63,2,R,CH,Changeup,84.3,0.045,2.436,5.0,called_strike,1,0,3
823671,2026-08-15,7,63,3,R,FF,4-Seam Fastball,95.2,-0.855,2.302,13.0,swinging_strike,1,1,3
823671,2026-08-15,7,63,4,R,ST,Sweeper,85.6,0.893,2.949,12.0,ball,1,2,3
823671,2026-08-15,7,63,5,R,ST,Sweeper,85.9,0.276,1.775,8.0,called_strike,2,2,3
823671,2026-08-15,7,64,1,R,FF,4-Seam Fastball,95.7,0.183,4.129,12.0,ball,0,0,4
823671,2026-08-15,7,64,2,R,FF,4-Seam Fastball,95.2,-0.711,2.257,4.0,foul,1,0,4
823671,2026-08-15,7,64,3,R,ST,Sweeper,85.4,-1.572,1.531,13.0,ball,1,1,4
823671,2026-08-15,7,64,4,R,FF,4-Seam Fastball,95.0,-0.855,2.695,11.0,foul,2,1,4
823671,2026-08-15,7,64,5,R,CH,Changeup,86.2,-0.074,2.045,8.0,hit_into_play,2,2,4
823420,2026-08-21,1,1,1,L,SI,Sinker,97.1,1.422,2.636,12.0,ball,0,0,1
823420,2026-08-21,1,1,2,L,SI,Sinker,97.3,0.785,2.64,3.0,foul,1,0,1
823420,2026-08-21,1,1,3,L,SI,Sinker,98.8,-0.155,1.91,8.0,called_strike,1,1,1
823420,2026-08-21,1,1,4,L,ST,Sweeper,87.4,0.477,2.173,6.0,called_strike,1,2,1
823420,2026-08-21,1,2,1,R,FF,4-Seam Fastball,99.1,-0.651,2.978,1.0,hit_into_play,0,0,1
823420,2026-08-21,1,3,1,R,SI,Sinker,96.6,0.938,1.804,14.0,ball,0,0,1
823420,2026-08-21,1,3,2,R,ST,Sweeper,87.0,-0.719,-0.166,13.0,ball,1,0,1
823420,2026-08-21,1,3,3,R,SI,Sinker,97.6,-0.382,2.245,7.0,hit_into_play,2,0,1
823420,2026-08-21,1,4,1,R,FF,4-Seam Fastball,98.7,0.522,3.57,12.0,hit_into_play,0,0,1
823420,2026-08-21,1,5,1,R,FF,4-Seam Fastball,98.5,1.04,3.293,12.0,ball,0,0,1
823420,2026-08-21,1,5,2,R,ST,Sweeper,86.8,0.262,2.541,5.0,hit_into_play,1,0,1
823420,2026-08-21,2,11,1,R,SI,Sinker,93.1,-0.585,0.928,13.0,ball,0,0,1
823420,2026-08-21,2,11,2,R,CH,Changeup,85.6,-0.582,2.841,1.0,called_strike,1,0,1
823420,2026-08-21,2,11,3,R,ST,Sweeper,83.2,3.682,4.613,12.0,ball,1,1,1
823420,2026-08-21,2,11,4,R,SI,Sinker,94.7,1.013,2.042,14.0,ball,2,1,1
823420,2026-08-21,2,11,5,R,SI,Sinker,94.8,0.456,2.323,6.0,hit_into_play,3,1,1
823420,2026-08-21,2,12,1,R,ST,Sweeper,84.1,0.519,4.084,12.0,ball,0,0,1
823420,2026-08-21,2,12,2,R,FF,4-Seam Fastball,95.7,-1.157,2.07,13.0,ball,1,0,1
823420,2026-08-21,2,12,3,R,FF,4-Seam Fastball,96.7,-1.123,2.126,13.0,foul,2,0,1
823420,2026-08-21,2,12,4,R,ST,Sweeper,85.7,-1.025,1.995,13.0,hit_into_play,2,1,1
823420,2026-08-21,2,13,1,L,ST,Sweeper,85.6,0.87,3.957,12.0,ball,0,0,1
823420,2026-08-21,2,13,2,L,ST,Sweeper,85.6,0.388,3.064,3.0,called_strike,1,0,1
823420,2026-08-21,2,13,3,L,ST,Sweeper,87.0,-1.884,0.786,13.0,swinging_strike,1,1,1
823420,2026-08-21,2,13,4,L,ST,Sweeper,87.7,-2.254,-0.123,13.0,blocked_ball,1,2,1
823420,2026-08-21,2,13,5,L,ST,Sweeper,87.6,0.005,1.618,8.0,foul,2,2,1
823420,2026-08-21,2,13,6,L,FF,4-Seam Fastball,98.7,0.457,2.705,3.0,foul_tip,2,2,1
823420,2026-08-21,2,14,1,R,ST,Sweeper,84.6,1.676,4.471,12.0,ball,0,0,1
823420,2026-08-21,2,14,2,R,FF,4-Seam Fastball,97.7,-0.146,3.613,11.0,ball,1,0,1
823420,2026-08-21,2,14,3,R,FF,4-Seam Fastball,97.8,-0.312,3.97,11.0,ball,2,0,1
823420,2026-08-21,2,14,4,R,FF,4-Seam Fastball,97.3,-0.812,2.776,1.0,called_strike,3,0,1
823420,2026-08-21,2,14,5,R,FF,4-Seam Fastball,97.3,-1.905,3.419,11.0,ball,3,1,1
823420,2026-08-21,2,15,1,L,ST,Sweeper,83.7,0.41,2.666,3.0,called_strike,0,0,2
823420,2026-08-21,2,15,2,L,ST,Sweeper,86.6,-0.882,1.305,13.0,ball,0,1,2
823420,2026-08-21,2,15,3,L,SI,Sinker,97.0,0.37,1.045,14.0,ball,1,1,2
823420,2026-08-21,2,15,4,L,SI,Sinker,96.4,-0.796,1.188,13.0,ball,2,1,2
823420,2026-08-21,2,15,5,L,SI,Sinker,96.9,-0.097,1.663,8.0,hit_into_play,3,1,2
823420,2026-08-21,3,22,1,R,FF,4-Seam Fastball,96.6,-0.12,2.918,2.0,foul,0,0,2
823420,2026-08-21,3,22,2,R,ST,Sweeper,86.3,-2.015,1.852,13.0,ball,0,1,2
823420,2026-08-21,3,22,3,R,FF,4-Seam Fastball,95.5,-0.33,2.84,1.0,foul,1,1,2
823420,2026-08-21,3,22,4,R,ST,Sweeper,88.3,-0.924,0.7,13.0,swinging_strike,1,2,2
823420,2026-08-21,3,23,1,R,CH,Changeup,86.5,1.387,1.93,14.0,ball,0,0,2
823420,2026-08-21,3,23,2,R,CH,Changeup,87.6,0.424,1.308,14.0,swinging_strike,1,0,2
823420,2026-08-21,3,23,3,R,FF,4-Seam Fastball,97.0,-0.7,3.334,1.0,foul_tip,1,1,2
823420,2026-08-21,3,23,4,R,ST,Sweeper,88.0,-0.727,0.981,13.0,ball,1,2,2
823420,2026-08-21,3,23,5,R,ST,Sweeper,87.3,0.658,1.956,9.0,called_strike,2,2,2
823420,2026-08-21,3,24,1,R,FF,4-Seam Fastball,98.2,-0.657,2.898,1.0,called_strike,0,0,2
823420,2026-08-21,3,24,2,R,ST,Sweeper,88.0,0.349,2.413,6.0,called_strike,0,1,2
823420,2026-08-21,3,24,3,R,FF,4-Seam Fastball,98.7,-0.974,3.215,11.0,foul,0,2,2
823420,2026-08-21,3,24,4,R,FF,4-Seam Fastball,98.7,-0.302,3.671,11.0,foul_tip,0,2,2
823420,2026-08-21,4,29,1,R,FF,4-Seam Fastball,95.8,0.515,3.463,12.0,ball,0,0,2
823420,2026-08-21,4,29,2,R,FF,4-Seam Fastball,95.9,-0.748,2.592,4.0,foul,1,0,2
823420,2026-08-21,4,29,3,R,CH,Changeup,86.1,1.372,1.302,14.0,ball,1,1,2
823420,2026-08-21,4,29,4,R,ST,Sweeper,84.6,0.503,2.817,3.0,foul,2,1,2
823420,2026-08-21,4,29,5,R,CH,Changeup,87.2,0.753,0.928,14.0,swinging_strike,2,2,2
823420,2026-08-21,4,30,1,R,FF,4-Seam Fastball,96.0,-0.444,2.047,7.0,called_strike,0,0,2
823420,2026-08-21,4,30,2,R,ST,Sweeper,87.4,-1.592,-0.352,13.0,ball,0,1,2
823420,2026-08-21,4,30,3,R,ST,Sweeper,84.6,1.101,2.306,14.0,ball,1,1,2
823420,2026-08-21,4,30,4,R,CH,Changeup,85.4,1.526,2.117,14.0,ball,2,1,2
823420,2026-08-21,4,30,5,R,FF,4-Seam Fastball,97.6,-0.72,2.37,4.0,called_strike,3,1,2
823420,2026-08-21,4,30,6,R,FF,4-Seam Fastball,97.3,-0.507,2.715,1.0,foul,3,2,2
823420,2026-08-21,4,30,7,R,CH,Changeup,87.9,-0.444,1.625,7.0,hit_into_play,3,2,2
823420,2026-08-21,4,31,1,R,FF,4-Seam Fastball,97.5,-0.511,3.68,11.0,swinging_strike,0,0,2
823420,2026-08-21,4,31,2,R,ST,Sweeper,87.3,-0.458,1.138,13.0,ball,0,1,2
823420,2026-08-21,4,31,3,R,ST,Sweeper,86.0,0.398,2.423,6.0,called_strike,1,1,2
823420,2026-08-21,4,31,4,R,ST,Sweeper,88.4,-0.574,0.763,13.0,ball,1,2,2
823420,2026-08-21,4,31,5,R,FF,4-Seam Fastball,97.0,0.574,3.802,12.0,swinging_strike,2,2,2
823420,2026-08-21,5,36,1,L,SI,Sinker,94.1,-0.049,2.335,5.0,called_strike,0,0,2
823420,2026-08-21,5,36,2,L,ST,Sweeper,84.8,-0.09,2.974,2.0,foul,0,1,2
823420,2026-08-21,5,36,3,L,ST,Sweeper,86.5,-2.411,0.755,13.0,ball,0,2,2
823420,2026-08-21,5,36,4,L,ST,Sweeper,86.4,0.312,2.152,6.0,hit_into_play,1,2,2
823420,2026-08-21,5,37,1,R,CH,Changeup,86.1,0.693,2.216,6.0,called_strike,0,0,2
823420,2026-08-21,5,37,2,R,FF,4-Seam Fastball,96.5,-0.488,3.059,1.0,hit_into_play,0,1,2
823420,2026-08-21,5,38,1,L,SI,Sinker,92.0,-0.913,2.236,13.0,ball,0,0,3
823420,2026-08-21,5,38,2,L,ST,Sweeper,86.2,-0.321,2.005,7.0,foul,1,0,3
823420,2026-08-21,5,38,3,L,ST,Sweeper,84.8,2.084,3.961,12.0,ball,1,1,3
823420,2026-08-21,5,38,4,L,SI,Sinker,96.8,-0.256,3.139,2.0,called_strike,2,1,3
823420,2026-08-21,5,38,5,L,CH,Changeup,86.4,1.434,1.819,14.0,ball,2,2,3
823420,2026-08-21,5,38,6,L,FF,4-Seam Fastball,97.0,-0.275,3.543,11.0,swinging_strike,3,2,3
823420,2026-08-21,6,42,1,R,FF,4-Seam Fastball,95.4,-1.166,3.03,11.0,foul,0,0,3
823420,2026-08-21,6,42,2,R,ST,Sweeper,84.6,-1.465,1.467,13.0,ball,0,1,3
823420,2026-08-21,6,42,3,R,ST,Sweeper,84.3,-0.246,0.707,13.0,ball,1,1,3
823420,2026-08-21,6,42,4,R,CH,Changeup,85.6,-0.183,1.71,8.0,called_strike,2,1,3
823420,2026-08-21,6,42,5,R,FF,4-Seam Fastball,97.0,-0.356,3.506,11.0,foul,2,2,3
823420,2026-08-21,6,42,6,R,ST,Sweeper,87.0,0.598,2.359,6.0,hit_into_play,2,2,3
823420,2026-08-21,6,43,1,R,SI,Sinker,94.9,-0.744,2.376,4.0,called_strike,0,0,3
823420,2026-08-21,6,43,2,R,ST,Sweeper,85.2,-1.506,0.934,13.0,swinging_strike,0,1,3
823420,2026-08-21,6,43,3,R,FF,4-Seam Fastball,97.8,-0.548,3.76,11.0,foul,0,2,3
823420,2026-08-21,6,43,4,R,CH,Changeup,86.3,1.678,1.823,14.0,ball,0,2,3
823420,2026-08-21,6,43,5,R,ST,Sweeper,86.5,-1.635,-0.156,13.0,blocked_ball,1,2,3
823420,2026-08-21,6,43,6,R,FF,4-Seam Fastball,97.6,-1.606,2.598,13.0,ball,2,2,3
823420,2026-08-21,6,43,7,R,FF,4-Seam Fastball,97.2,-0.085,2.83,5.0,hit_into_play,3,2,3
823420,2026-08-21,6,44,1,R,ST,Sweeper,83.7,0.227,1.541,14.0,called_strike,0,0,3
823420,2026-08-21,6,44,2,R,ST,Sweeper,85.4,0.3,2.882,3.0,called_strike,0,1,3
823420,2026-08-21,6,44,3,R,ST,Sweeper,86.7,-0.126,1.975,8.0,foul,0,2,3
823420,2026-08-21,6,44,4,R,CH,Changeup,86.0,2.056,2.074,14.0,ball,0,2,3
823420,2026-08-21,6,44,5,R,FF,4-Seam Fastball,97.5,-1.356,3.438,11.0,ball,1,2,3
823420,2026-08-21,6,44,6,R,ST,Sweeper,87.0,-0.856,0.742,13.0,swinging_strike,2,2,3
823420,2026-08-21,6,45,1,R,ST,Sweeper,84.2,0.808,1.653,9.0,ball,0,0,3
823420,2026-08-21,6,45,2,R,CH,Changeup,86.2,1.117,1.175,14.0,swinging_strike,1,0,3
823420,2026-08-21,6,45,3,R,FF,4-Seam Fastball,96.9,-0.999,2.946,11.0,hit_into_play,1,1,3
823420,2026-08-21,6,46,1,R,CH,Changeup,85.5,-0.04,2.538,5.0,called_strike,0,0,3
823420,2026-08-21,6,46,2,R,ST,Sweeper,85.0,-0.287,1.529,7.0,called_strike,0,1,3
823420,2026-08-21,6,46,3,R,ST,Sweeper,86.6,0.51,3.254,3.0,foul,0,2,3
823420,2026-08-21,6,46,4,R,FF,4-Seam Fastball,98.1,-0.747,2.422,4.0,foul,0,2,3
823420,2026-08-21,6,46,5,R,CH,Changeup,86.5,1.05,1.193,14.0,ball,0,2,3
823420,2026-08-21,6,46,6,R,CH,Changeup,86.3,0.742,1.001,14.0,ball,1,2,3
823420,2026-08-21,6,46,7,R,ST,Sweeper,87.3,0.036,2.693,2.0,foul,2,2,3
823420,2026-08-21,6,46,8,R,ST,Sweeper,87.0,-0.405,1.346,13.0,ball,2,2,3
823420,2026-08-21,6,46,9,R,CH,Changeup,86.6,0.17,1.961,8.0,foul,3,2,3
823420,2026-08-21,6,46,10,R,CH,Changeup,86.5,-0.016,1.524,8.0,hit_into_play,3,2,3
823096,2026-08-26,1,6,1,R,FF,4-Seam Fastball,94.6,-0.986,2.665,11.0,swinging_strike,0,0,1
823096,2026-08-26,1,6,2,R,FF,4-Seam Fastball,95.8,-1.0,3.066,11.0,ball,0,1,1
823096,2026-08-26,1,6,3,R,FF,4-Seam Fastball,95.7,0.078,2.747,2.0,foul,1,1,1
823096,2026-08-26,1,6,4,R,ST,Sweeper,86.2,-0.979,2.305,13.0,foul,1,2,1
823096,2026-08-26,1,6,5,R,FF,4-Seam Fastball,96.7,0.726,3.467,12.0,ball,1,2,1
823096,2026-08-26,1,6,6,R,ST,Sweeper,86.2,-1.144,2.644,11.0,hit_into_play,2,2,1
823096,2026-08-26,1,7,1,R,FF,4-Seam Fastball,95.9,-0.205,1.641,8.0,called_strike,0,0,1
823096,2026-08-26,1,7,2,R,ST,Sweeper,85.6,0.037,2.005,8.0,hit_into_play,0,1,1
823096,2026-08-26,1,8,1,R,FF,4-Seam Fastball,96.1,-0.298,2.509,4.0,called_strike,0,0,1
823096,2026-08-26,1,8,2,R,FF,4-Seam Fastball,96.2,-0.178,2.627,5.0,swinging_strike,0,1,1
823096,2026-08-26,1,8,3,R,FF,4-Seam Fastball,97.5,-0.144,3.044,2.0,hit_into_play,0,2,1
823096,2026-08-26,2,16,1,R,FF,4-Seam Fastball,92.9,0.712,2.877,3.0,called_strike,0,0,1
823096,2026-08-26,2,16,2,R,ST,Sweeper,84.2,-1.056,1.877,13.0,swinging_strike,0,1,1
823096,2026-08-26,2,16,3,R,ST,Sweeper,85.3,-1.066,1.733,13.0,swinging_strike,0,2,1
823096,2026-08-26,2,17,1,R,ST,Sweeper,83.8,-0.189,1.629,8.0,called_strike,0,0,1
823096,2026-08-26,2,17,2,R,FF,4-Seam Fastball,96.1,-0.231,2.348,5.0,foul,0,1,1
823096,2026-08-26,2,17,3,R,ST,Sweeper,85.8,-1.025,1.239,13.0,ball,0,2,1
823096,2026-08-26,2,17,4,R,ST,Sweeper,86.6,-1.991,-0.074,13.0,ball,1,2,1
823096,2026-08-26,2,17,5,R,ST,Sweeper,86.1,0.103,3.118,2.0,called_strike,2,2,1
823096,2026-08-26,2,18,1,L,SI,Sinker,95.2,-0.508,1.135,13.0,ball,0,0,1
823096,2026-08-26,2,18,2,L,SI,Sinker,95.1,0.876,2.826,12.0,ball,1,0,1
823096,2026-08-26,2,18,3,L,SI,Sinker,94.8,0.367,1.836,9.0,called_strike,2,0,1
823096,2026-08-26,2,18,4,L,SI,Sinker,95.1,-1.364,1.598,13.0,ball,2,1,1
823096,2026-08-26,2,18,5,L,FF,4-Seam Fastball,95.3,-0.531,2.794,1.0,swinging_strike,3,1,1
823096,2026-08-26,2,18,6,L,FF,4-Seam Fastball,97.3,-0.638,2.28,4.0,swinging_strike,3,2,1
823096,2026-08-26,3,22,1,R,FF,4-Seam Fastball,93.5,-0.278,2.197,7.0,hit_into_play,0,0,1
823096,2026-08-26,3,23,1,R,FF,4-Seam Fastball,91.9,-1.814,1.824,13.0,ball,0,0,1
823096,2026-08-26,3,23,2,R,FF,4-Seam Fastball,95.5,-0.981,1.686,13.0,called_strike,1,0,1
823096,2026-08-26,3,23,3,R,ST,Sweeper,85.7,-0.773,2.187,4.0,foul,1,1,1
823096,2026-08-26,3,23,4,R,ST,Sweeper,85.2,-1.77,0.448,13.0,ball,1,2,1
823096,2026-08-26,3,23,5,R,CH,Changeup,84.5,0.893,1.717,14.0,ball,2,2,1
823096,2026-08-26,3,23,6,R,ST,Sweeper,85.0,0.117,1.294,14.0,ball,3,2,1
823096,2026-08-26,3,24,1,R,CH,Changeup,83.6,0.542,2.283,6.0,called_strike,0,0,1
823096,2026-08-26,3,24,2,R,FF,4-Seam Fastball,95.5,-0.803,3.242,11.0,foul,0,1,1
823096,2026-08-26,3,24,3,R,ST,Sweeper,86.0,-1.217,0.593,13.0,swinging_strike_blocked,0,2,1
823096,2026-08-26,3,25,1,R,FF,4-Seam Fastball,95.1,-0.83,2.258,13.0,foul,0,0,2
823096,2026-08-26,3,25,2,R,CH,Changeup,86.3,0.256,1.596,8.0,foul,0,1,2
823096,2026-08-26,3,25,3,R,FF,4-Seam Fastball,96.0,-0.073,2.422,5.0,foul,0,2,2
823096,2026-08-26,3,25,4,R,ST,Sweeper,86.7,-0.382,2.53,4.0,hit_into_play,0,2,2
823096,2026-08-26,4,29,1,R,CH,Changeup,83.5,-0.073,1.917,8.0,called_strike,0,0,2
823096,2026-08-26,4,29,2,R,ST,Sweeper,84.4,-0.382,1.071,13.0,ball,0,1,2
823096,2026-08-26,4,29,3,R,ST,Sweeper,85.5,-1.588,-0.332,13.0,ball,1,1,2
823096,2026-08-26,4,29,4,R,CH,Changeup,85.1,0.63,3.113,3.0,foul,2,1,2
823096,2026-08-26,4,29,5,R,FF,4-Seam Fastball,96.5,0.332,2.825,3.0,foul,2,2,2
823096,2026-08-26,4,29,6,R,FF,4-Seam Fastball,97.2,-0.975,3.074,11.0,ball,2,2,2
823096,2026-08-26,4,29,7,R,ST,Sweeper,85.9,-0.627,2.104,4.0,foul,3,2,2
823096,2026-08-26,4,29,8,R,FF,4-Seam Fastball,96.2,-0.826,0.943,13.0,ball,3,2,2
823096,2026-08-26,4,30,1,R,FF,4-Seam Fastball,95.7,-1.059,2.048,13.0,called_strike,0,0,2
823096,2026-08-26,4,30,2,R,ST,Sweeper,85.5,-0.562,1.684,7.0,swinging_strike,0,1,2
823096,2026-08-26,4,30,3,R,ST,Sweeper,86.1,-1.513,0.915,13.0,ball,0,2,2
823096,2026-08-26,4,30,4,R,ST,Sweeper,86.8,-0.842,0.524,13.0,ball,1,2,2
823096,2026-08-26,4,30,5,R,CH,Changeup,86.4,1.957,2.387,14.0,ball,2,2,2
823096,2026-08-26,4,30,6,R,FF,4-Seam Fastball,96.1,-0.147,3.331,2.0,swinging_strike,3,2,2
823096,2026-08-26,4,31,1,R,CH,Changeup,86.1,0.176,2.207,5.0,foul,0,0,2
823096,2026-08-26,4,31,2,R,ST,Sweeper,86.0,-0.432,1.382,13.0,ball,0,1,2
823096,2026-08-26,4,31,3,R,ST,Sweeper,86.6,-0.799,0.839,13.0,swinging_strike,1,1,2
823096,2026-08-26,4,31,4,R,FF,4-Seam Fastball,96.8,0.194,3.679,12.0,swinging_strike,1,2,2
823096,2026-08-26,4,32,1,R,ST,Sweeper,85.7,-2.165,-0.29,13.0,ball,0,0,2
823096,2026-08-26,4,32,2,R,ST,Sweeper,84.1,-0.247,1.45,13.0,swinging_strike,1,0,2
823096,2026-08-26,4,32,3,R,FF,4-Seam Fastball,96.4,-0.439,2.079,7.0,hit_into_play,1,1,2
823096,2026-08-26,5,37,1,L,SI,Sinker,92.5,-1.211,2.608,11.0,ball,0,0,2
823096,2026-08-26,5,37,2,L,FF,4-Seam Fastball,93.9,0.02,3.921,12.0,ball,1,0,2
823096,2026-08-26,5,37,3,L,SI,Sinker,93.0,0.06,3.265,2.0,called_strike,2,0,2
823096,2026-08-26,5,37,4,L,ST,Sweeper,85.2,-0.806,0.593,13.0,ball,2,1,2
823096,2026-08-26,5,37,5,L,SI,Sinker,93.9,-0.729,2.122,4.0,hit_into_play,3,1,2
823096,2026-08-26,5,38,1,R,CH,Changeup,84.0,0.243,1.376,14.0,called_strike,0,0,2
823096,2026-08-26,5,38,2,R,ST,Sweeper,84.8,-0.922,2.592,11.0,ball,0,1,2
823096,2026-08-26,5,38,3,R,ST,Sweeper,83.6,-1.019,1.664,13.0,swinging_strike,1,1,2
823096,2026-08-26,5,38,4,R,ST,Sweeper,85.6,-0.31,1.491,13.0,swinging_strike,1,2,2
823096,2026-08-26,5,39,1,R,CH,Changeup,84.8,-0.158,1.851,8.0,swinging_strike,0,0,2
823096,2026-08-26,5,39,2,R,FF,4-Seam Fastball,95.8,-1.39,2.411,13.0,ball,0,1,2
823096,2026-08-26,5,39,3,R,ST,Sweeper,84.7,-0.584,1.713,7.0,hit_into_play,1,1,2
823096,2026-08-26,5,40,1,R,FF,4-Seam Fastball,95.5,-0.417,2.977,1.0,called_strike,0,0,2
823096,2026-08-26,5,40,2,R,ST,Sweeper,85.3,-0.384,1.059,13.0,ball,0,1,2
823096,2026-08-26,5,40,3,R,CH,Changeup,85.1,0.441,2.262,6.0,hit_into_play,1,1,2
823096,2026-08-26,6,46,1,R,ST,Sweeper,80.9,-0.467,2.845,1.0,called_strike,0,0,3
823096,2026-08-26,6,46,2,R,FF,4-Seam Fastball,93.3,-1.555,2.811,11.0,ball,0,1,3
823096,2026-08-26,6,46,3,R,FF,4-Seam Fastball,93.3,0.14,3.258,2.0,called_strike,1,1,3
823096,2026-08-26,6,46,4,R,SI,Sinker,94.1,-0.779,2.7,4.0,hit_into_play,1,2,3
823096,2026-08-26,6,47,1,R,FF,4-Seam Fastball,95.0,-1.277,0.713,13.0,ball,0,0,3
823096,2026-08-26,6,47,2,R,CH,Changeup,85.5,0.408,1.687,9.0,hit_into_play,1,0,3
823096,2026-08-26,6,48,1,R,CH,Changeup,84.5,0.056,2.808,5.0,called_strike,0,0,3
823096,2026-08-26,6,48,2,R,ST,Sweeper,85.6,0.12,2.282,5.0,called_strike,0,1,3
823096,2026-08-26,6,48,3,R,SI,Sinker,94.4,-1.217,3.62,11.0,ball,0,2,3
823096,2026-08-26,6,48,4,R,FF,4-Seam Fastball,96.6,-0.715,1.943,7.0,hit_into_play,1,2,3
823096,2026-08-26,7,52,1,R,FF,4-Seam Fastball,94.2,-0.862,4.77,11.0,ball,0,0,3
823096,2026-08-26,7,52,2,R,ST,Sweeper,83.7,-0.448,2.107,7.0,foul,1,0,3
823096,2026-08-26,7,52,3,R,CH,Changeup,83.5,0.873,1.557,14.0,swinging_strike,1,1,3
823096,2026-08-26,7,52,4,R,ST,Sweeper,85.5,0.727,3.641,12.0,ball,1,2,3
823096,2026-08-26,7,52,5,R,ST,Sweeper,85.8,-1.815,1.604,13.0,ball,2,2,3
823096,2026-08-26,7,52,6,R,CH,Changeup,86.0,0.738,1.833,9.0,called_strike,3,2,3
823096,2026-08-26,7,53,1,R,ST,Sweeper,83.1,-0.058,1.851,8.0,hit_into_play,0,0,3
823096,2026-08-26,7,54,1,L,FF,4-Seam Fastball,91.1,-0.064,3.568,11.0,ball,0,0,3
823096,2026-08-26,7,54,2,L,FF,4-Seam Fastball,96.4,0.477,2.964,3.0,foul,1,0,3
823096,2026-08-26,7,54,3,L,SI,Sinker,97.0,0.122,2.084,8.0,foul,1,1,3
823096,2026-08-26,7,54,4,L,ST,Sweeper,86.5,0.1,3.527,12.0,ball,1,2,3
823096,2026-08-26,7,54,5,L,ST,Sweeper,87.1,-2.487,-0.385,13.0,ball,2,2,3
823096,2026-08-26,7,54,6,L,FF,4-Seam Fastball,96.7,-1.241,1.04,13.0,ball,3,2,3
823096,2026-08-26,7,55,1,R,CH,Changeup,85.0,0.596,1.515,14.0,swinging_strike,0,0,3
823096,2026-08-26,7,55,2,R,FF,4-Seam Fastball,95.4,-1.459,2.138,13.0,ball,0,1,3
823096,2026-08-26,7,55,3,R,CH,Changeup,85.8,1.027,1.211,14.0,ball,1,1,3
823096,2026-08-26,7,55,4,R,CH,Changeup,85.1,-0.157,3.159,2.0,swinging_strike,2,1,3
823096,2026-08-26,7,55,5,R,ST,Sweeper,87.9,-0.402,0.797,13.0,ball,2,2,3
823096,2026-08-26,7,55,6,R,FF,4-Seam Fastball,97.2,0.476,2.815,6.0,called_strike,3,2,3
825038,2026-09-01,1,7,1,R,SI,Sinker,94.5,0.995,1.822,14.0,ball,0,0,1
825038,2026-09-01,1,7,2,R,FF,4-Seam Fastball,94.6,0.832,2.944,12.0,ball,1,0,1
825038,2026-09-01,1,7,3,R,FF,4-Seam Fastball,95.3,-0.268,1.088,13.0,ball,2,0,1
825038,2026-09-01,1,7,4,R,FF,4-Seam Fastball,94.8,0.44,2.234,6.0,called_strike,3,0,1
825038,2026-09-01,1,7,5,R,FF,4-Seam Fastball,96.4,0.092,2.545,5.0,called_strike,3,1,1
825038,2026-09-01,1,7,6,R,FF,4-Seam Fastball,98.2,-0.07,1.575,8.0,hit_into_play,3,2,1
825038,2026-09-01,1,8,1,L,ST,Sweeper,86.2,0.601,2.77,3.0,called_strike,0,0,1
825038,2026-09-01,1,8,2,L,SI,Sinker,97.5,-0.169,1.725,8.0,called_strike,0,1,1
825038,2026-09-01,1,8,3,L,ST,Sweeper,87.8,-2.276,0.948,13.0,ball,0,2,1
825038,2026-09-01,1,8,4,L,ST,Sweeper,88.1,-1.246,1.22,13.0,swinging_strike,1,2,1
825038,2026-09-01,1,9,1,R,FF,4-Seam Fastball,95.6,0.064,2.443,5.0,called_strike,0,0,1
825038,2026-09-01,1,9,2,R,FF,4-Seam Fastball,97.4,0.284,2.982,3.0,foul,0,1,1
825038,2026-09-01,1,9,3,R,ST,Sweeper,86.9,-0.598,0.305,13.0,swinging_strike_blocked,0,2,1
825038,2026-09-01,2,14,1,R,ST,Sweeper,84.7,-0.018,2.155,5.0,foul,0,0,1
825038,2026-09-01,2,14,2,R,CH,Changeup,86.9,-0.396,0.428,13.0,ball,0,1,1
825038,2026-09-01,2,14,3,R,ST,Sweeper,83.9,1.394,2.388,14.0,ball,1,1,1
825038,2026-09-01,2,14,4,R,ST,Sweeper,84.6,0.038,2.543,5.0,foul,2,1,1
825038,2026-09-01,2,14,5,R,FF,4-Seam Fastball,97.6,0.199,4.728,12.0,ball,2,2,1
825038,2026-09-01,2,14,6,R,CH,Changeup,87.1,0.298,3.158,3.0,hit_into_play,3,2,1
825038,2026-09-01,2,15,1,R,FF,4-Seam Fastball,96.7,-0.073,3.059,2.0,called_strike,0,0,1
825038,2026-09-01,2,15,2,R,ST,Sweeper,87.0,-1.063,0.498,13.0,blocked_ball,0,1,1
825038,2026-09-01,2,15,3,R,ST,Sweeper,86.0,-0.089,1.464,13.0,ball,1,1,1
825038,2026-09-01,2,15,4,R,FF,4-Seam Fastball,96.7,-0.627,2.984,1.0,called_strike,2,1,1
825038,2026-09-01,2,15,5,R,FF,4-Seam Fastball,97.6,-0.624,2.768,4.0,foul,2,2,1
825038,2026-09-01,2,15,6,R,ST,Sweeper,85.4,2.555,3.595,12.0,ball,2,2,1
825038,2026-09-01,2,15,7,R,ST,Sweeper,86.2,-0.436,1.54,7.0,swinging_strike,3,2,1
825038,2026-09-01,2,16,1,R,CH,Changeup,87.0,-0.265,1.077,13.0,ball,0,0,1
825038,2026-09-01,2,16,2,R,FF,4-Seam Fastball,96.4,-0.894,3.142,11.0,ball,1,0,1
825038,2026-09-01,2,16,3,R,SI,Sinker,95.7,0.527,2.246,6.0,hit_into_play,2,0,1
825038,2026-09-01,3,23,1,R,FF,4-Seam Fastball,94.9,-1.169,1.771,13.0,ball,0,0,1
825038,2026-09-01,3,23,2,R,ST,Sweeper,83.8,-0.143,1.933,8.0,called_strike,1,0,1
825038,2026-09-01,3,23,3,R,FF,4-Seam Fastball,97.8,-1.927,1.923,13.0,ball,1,1,1
825038,2026-09-01,3,23,4,R,FF,4-Seam Fastball,96.4,-0.508,1.879,7.0,called_strike,2,1,1
825038,2026-09-01,3,23,5,R,ST,Sweeper,86.9,0.6,1.945,9.0,hit_into_play,2,2,1
825038,2026-09-01,3,24,1,R,ST,Sweeper,85.3,-1.348,2.088,13.0,ball,0,0,1
825038,2026-09-01,3,24,2,R,CH,Changeup,86.6,0.536,1.847,9.0,called_strike,1,0,1
825038,2026-09-01,3,24,3,R,FF,4-Seam Fastball,96.2,0.672,2.654,6.0,foul,1,1,1
825038,2026-09-01,3,24,4,R,FF,4-Seam Fastball,97.3,-0.145,2.229,5.0,hit_into_play,1,2,1
825038,2026-09-01,3,25,1,R,CH,Changeup,86.6,1.065,2.602,12.0,ball,0,0,1
825038,2026-09-01,3,25,2,R,CH,Changeup,86.8,1.424,1.845,14.0,ball,1,0,1
825038,2026-09-01,3,25,3,R,SI,Sinker,94.9,0.861,2.461,12.0,foul,2,0,1
825038,2026-09-01,3,25,4,R,ST,Sweeper,85.2,0.47,1.421,14.0,ball,2,1,1
825038,2026-09-01,3,25,5,R,FF,4-Seam Fastball,97.0,-0.685,2.527,4.0,called_strike,3,1,1
825038,2026-09-01,3,25,6,R,FF,4-Seam Fastball,97.5,-0.87,1.946,13.0,called_strike,3,2,1
825038,2026-09-01,3,26,1,R,FF,4-Seam Fastball,97.1,-0.947,2.38,13.0,hit_into_play,0,0,2
825038,2026-09-01,3,27,1,L,ST,Sweeper,86.9,-1.348,0.784,13.0,swinging_strike,0,0,2
825038,2026-09-01,3,27,2,L,ST,Sweeper,87.3,-1.96,1.439,13.0,swinging_strike,0,1,2
825038,2026-09-01,3,27,3,L,ST,Sweeper,88.5,-0.774,1.839,7.0,called_strike,0,2,2
825038,2026-09-01,4,31,1,R,FF,4-Seam Fastball,94.4,-0.63,1.963,7.0,called_strike,0,0,2
825038,2026-09-01,4,31,2,R,CH,Changeup,85.1,0.387,0.915,14.0,ball,0,1,2
825038,2026-09-01,4,31,3,R,ST,Sweeper,84.3,0.132,2.294,5.0,called_strike,1,1,2
825038,2026-09-01,4,31,4,R,ST,Sweeper,86.5,-1.042,1.827,13.0,hit_into_play,1,2,2
825038,2026-09-01,4,32,1,R,SI,Sinker,96.4,1.197,1.388,14.0,hit_into_play,0,0,2
825038,2026-09-01,4,33,1,R,FF,4-Seam Fastball,93.8,0.116,1.678,8.0,called_strike,0,0,2
825038,2026-09-01,4,33,2,R,FF,4-Seam Fastball,96.8,-0.408,2.505,4.0,hit_into_play,0,1,2
825038,2026-09-01,5,40,1,R,SI,Sinker,94.1,-0.049,1.745,8.0,called_strike,0,0,2
825038,2026-09-01,5,40,2,R,CH,Changeup,85.6,0.568,1.996,9.0,foul,0,1,2
825038,2026-09-01,5,40,3,R,ST,Sweeper,86.6,-1.484,0.437,13.0,swinging_strike_blocked,0,2,2
825038,2026-09-01,5,41,1,R,FF,4-Seam Fastball,96.2,0.684,2.49,6.0,called_strike,0,0,2
825038,2026-09-01,5,41,2,R,ST,Sweeper,86.2,-0.188,1.901,8.0,foul,0,1,2
825038,2026-09-01,5,41,3,R,ST,Sweeper,88.0,0.199,2.23,5.0,hit_into_play,0,2,2
825038,2026-09-01,5,42,1,R,SI,Sinker,94.4,1.18,1.566,14.0,ball,0,0,2
825038,2026-09-01,5,42,2,R,CH,Changeup,86.7,-0.163,1.664,8.0,swinging_strike,1,0,2
825038,2026-09-01,5,42,3,R,ST,Sweeper,85.3,-1.303,0.739,13.0,ball,1,1,2
825038,2026-09-01,5,42,4,R,FF,4-Seam Fastball,97.2,-0.265,2.461,5.0,hit_into_play,2,1,2
825038,2026-09-01,5,43,1,R,CH,Changeup,85.5,-0.085,2.448,5.0,swinging_strike,0,0,2
825038,2026-09-01,5,43,2,R,ST,Sweeper,85.5,-0.56,1.253,13.0,ball,0,1,2
825038,2026-09-01,5,43,3,R,ST,Sweeper,84.7,-0.506,2.235,4.0,foul,1,1,2
825038,2026-09-01,5,43,4,R,ST,Sweeper,87.3,-1.335,0.677,13.0,ball,1,2,2
825038,2026-09-01,5,43,5,R,FF,4-Seam Fastball,97.7,-0.637,2.118,4.0,hit_into_play,2,2,2
825038,2026-09-01,5,44,1,R,FF,4-Seam Fastball,96.2,0.88,3.515,12.0,ball,0,0,3
825038,2026-09-01,5,44,2,R,SI,Sinker,96.6,-0.514,1.779,7.0,called_strike,1,0,3
825038,2026-09-01,5,44,3,R,ST,Sweeper,85.5,0.371,1.619,9.0,called_strike,1,1,3
825038,2026-09-01,5,44,4,R,FF,4-Seam Fastball,96.7,-0.282,3.423,1.0,foul,1,2,3
825038,2026-09-01,5,44,5,R,ST,Sweeper,87.7,0.385,1.933,9.0,foul,1,2,3
825038,2026-09-01,5,44,6,R,CH,Changeup,86.7,0.76,0.929,14.0,hit_into_play,1,2,3
825038,2026-09-01,6,48,1,L,SI,Sinker,94.4,0.217,2.415,5.0,called_strike,0,0,3
825038,2026-09-01,6,48,2,L,SI,Sinker,96.6,-0.369,2.345,4.0,called_strike,0,1,3
825038,2026-09-01,6,48,3,L,ST,Sweeper,86.8,-2.111,0.367,13.0,ball,0,2,3
825038,2026-09-01,6,48,4,L,ST,Sweeper,86.7,-0.154,2.526,5.0,hit_into_play,1,2,3
825038,2026-09-01,6,49,1,R,CH,Changeup,84.2,0.139,2.936,2.0,called_strike,0,0,3
825038,2026-09-01,6,49,2,R,ST,Sweeper,85.3,-0.064,1.727,8.0,hit_into_play,0,1,3
825038,2026-09-01,6,50,1,R,CH,Changeup,85.8,0.837,2.137,14.0,called_strike,0,0,3
825038,2026-09-01,6,50,2,R,FF,4-Seam Fastball,96.6,-1.199,3.427,11.0,hit_by_pitch,0,1,3
825038,2026-09-01,6,51,1,R,ST,Sweeper,84.7,-0.206,2.47,5.0,hit_into_play,0,0,3
825038,2026-09-01,7,57,1,R,ST,Sweeper,83.7,0.588,1.845,9.0,called_strike,0,0,3
825038,2026-09-01,7,57,2,R,ST,Sweeper,86.3,-1.465,0.672,13.0,ball,0,1,3
825038,2026-09-01,7,57,3,R,CH,Changeup,86.1,1.455,2.568,12.0,hit_into_play,1,1,3
825038,2026-09-01,7,58,1,R,ST,Sweeper,83.5,-0.615,2.191,4.0,hit_into_play,0,0,3
825038,2026-09-01,7,59,1,R,ST,Sweeper,85.0,1.105,1.877,14.0,ball,0,0,3
825038,2026-09-01,7,59,2,R,CH,Changeup,87.1,1.039,1.9,14.0,ball,1,0,3
825038,2026-09-01,7,59,3,R,CH,Changeup,85.9,2.579,3.101,12.0,ball,2,0,3
825038,2026-09-01,7,59,4,R,SI,Sinker,96.0,0.252,1.587,8.0,foul,3,0,3
825038,2026-09-01,7,59,5,R,SI,Sinker,94.8,1.069,2.223,14.0,hit_into_play,3,1,3
825038,2026-09-01,7,60,1,R,CH,Changeup,86.2,-0.373,1.47,13.0,ball,0,0,3
825038,2026-09-01,7,60,2,R,ST,Sweeper,85.5,-0.476,2.212,4.0,foul,1,0,3
825038,2026-09-01,7,60,3,R,CH,Changeup,87.1,0.783,0.965,14.0,ball,1,1,3
825038,2026-09-01,7,60,4,R,CH,Changeup,86.9,-0.184,0.74,13.0,ball,2,1,3
825038,2026-09-01,7,60,5,R,SI,Sinker,96.3,1.076,3.175,12.0,ball,3,1,3
823415,2026-09-07,1,1,1,R,FF,4-Seam Fastball,97.3,-0.813,3.048,1.0,hit_into_play,0,0,1
823415,2026-09-07,1,2,1,L,SI,Sinker,95.8,-0.244,1.49,13.0,ball,0,0,1
823415,2026-09-07,1,2,2,L,ST,Sweeper,87.8,-1.777,0.033,13.0,ball,1,0,1
823415,2026-09-07,1,2,3,L,SI,Sinker,97.0,0.445,2.16,6.0,foul,2,0,1
823415,2026-09-07,1,2,4,L,SI,Sinker,97.3,1.08,2.835,12.0,hit_into_play,2,1,1
823415,2026-09-07,1,3,1,R,CH,Changeup,86.9,-0.21,2.19,5.0,foul,0,0,1
823415,2026-09-07,1,3,2,R,ST,Sweeper,88.2,-1.446,0.379,13.0,swinging_strike,0,1,1
823415,2026-09-07,1,3,3,R,ST,Sweeper,88.7,-1.094,2.445,11.0,foul,0,2,1
823415,2026-09-07,1,3,4,R,ST,Sweeper,88.4,-1.122,0.13,13.0,ball,0,2,1
823415,2026-09-07,1,3,5,R,FF,4-Seam Fastball,97.5,1.735,4.406,12.0,ball,1,2,1
823415,2026-09-07,1,3,6,R,FF,4-Seam Fastball,98.1,0.123,3.231,12.0,swinging_strike,2,2,1
823415,2026-09-07,2,10,1,L,FF,4-Seam Fastball,95.2,0.132,3.449,2.0,called_strike,0,0,1
823415,2026-09-07,2,10,2,L,ST,Sweeper,85.5,-0.282,3.029,1.0,foul,0,1,1
823415,2026-09-07,2,10,3,L,FF,4-Seam Fastball,97.0,-0.825,3.299,1.0,called_strike,0,2,1
823415,2026-09-07,2,11,1,R,FF,4-Seam Fastball,96.1,-0.824,3.432,11.0,swinging_strike,0,0,1
823415,2026-09-07,2,11,2,R,FF,4-Seam Fastball,96.3,-1.261,1.374,13.0,ball,0,1,1
823415,2026-09-07,2,11,3,R,ST,Sweeper,86.3,-0.418,2.218,4.0,hit_into_play,1,1,1
823415,2026-09-07,2,12,1,L,SI,Sinker,96.4,-0.062,1.607,8.0,called_strike,0,0,1
823415,2026-09-07,2,12,2,L,SI,Sinker,98.2,0.692,3.128,3.0,foul,0,1,1
823415,2026-09-07,2,12,3,L,FF,4-Seam Fastball,97.9,-1.32,4.619,11.0,ball,0,2,1
823415,2026-09-07,2,12,4,L,ST,Sweeper,88.1,-2.319,-0.474,13.0,ball,1,2,1
823415,2026-09-07,2,12,5,L,ST,Sweeper,86.8,-0.272,2.233,5.0,foul,2,2,1
823415,2026-09-07,2,12,6,L,ST,Sweeper,87.5,-2.703,0.698,13.0,swinging_strike_blocked,2,2,1
823415,2026-09-07,3,16,1,R,FF,4-Seam Fastball,95.3,-0.565,3.629,11.0,hit_into_play,0,0,1
823415,2026-09-07,3,17,1,R,SI,Sinker,93.0,0.204,2.873,2.0,called_strike,0,0,1
823415,2026-09-07,3,17,2,R,FF,4-Seam Fastball,95.3,-1.118,3.251,11.0,ball,0,1,1
823415,2026-09-07,3,17,3,R,ST,Sweeper,86.9,-2.131,0.656,13.0,hit_by_pitch,1,1,1
823415,2026-09-07,3,18,1,R,SI,Sinker,93.9,-0.781,1.423,13.0,ball,0,0,1
823415,2026-09-07,3,18,2,R,FF,4-Seam Fastball,95.8,-0.533,2.881,1.0,called_strike,1,0,1
823415,2026-09-07,3,18,3,R,CH,Changeup,86.0,-0.328,1.529,7.0,swinging_strike,1,1,1
823415,2026-09-07,3,18,4,R,ST,Sweeper,86.1,-0.559,1.253,13.0,foul,1,2,1
823415,2026-09-07,3,18,5,R,FF,4-Seam Fastball,96.1,0.098,2.802,2.0,swinging_strike,1,2,1
823415,2026-09-07,3,19,1,R,CH,Changeup,86.0,-0.53,2.146,4.0,hit_into_play,0,0,2
823415,2026-09-07,4,23,1,L,ST,Sweeper,85.3,-0.42,2.777,1.0,called_strike,0,0,2
823415,2026-09-07,4,23,2,L,ST,Sweeper,85.2,-2.311,1.773,13.0,swinging_strike,0,1,2
823415,2026-09-07,4,23,3,L,ST,Sweeper,85.3,-1.497,1.342,13.0,swinging_strike,0,2,2
823415,2026-09-07,4,24,1,R,CH,Changeup,85.2,-0.403,1.575,7.0,swinging_strike,0,0,2
823415,2026-09-07,4,24,2,R,FF,4-Seam Fastball,95.8,-0.55,2.782,1.0,foul,0,1,2
823415,2026-09-07,4,24,3,R,ST,Sweeper,87.5,-0.292,1.852,7.0,hit_into_play,0,2,2
823415,2026-09-07,4,25,1,L,ST,Sweeper,85.3,-1.038,1.476,13.0,swinging_strike,0,0,2
823415,2026-09-07,4,25,2,L,SI,Sinker,97.4,0.1,2.047,8.0,called_strike,0,1,2
823415,2026-09-07,4,25,3,L,ST,Sweeper,86.6,-1.254,1.62,13.0,foul,0,2,2
823415,2026-09-07,4,25,4,L,FF,4-Seam Fastball,96.3,-0.696,3.283,1.0,hit_into_play,0,2,2
823415,2026-09-07,4,26,1,R,FF,4-Seam Fastball,97.0,-0.03,2.862,2.0,swinging_strike,0,0,2
823415,2026-09-07,4,26,2,R,ST,Sweeper,86.8,-1.016,1.798,13.0,swinging_strike,0,1,2
823415,2026-09-07,4,26,3,R,ST,Sweeper,87.1,-0.507,1.515,7.0,called_strike,0,2,2
823415,2026-09-07,5,30,1,L,SI,Sinker,94.4,1.414,2.11,14.0,ball,0,0,2
823415,2026-09-07,5,30,2,L,SI,Sinker,93.8,0.332,2.592,6.0,hit_into_play,1,0,2
823415,2026-09-07,5,31,1,R,FF,4-Seam Fastball,95.1,-0.272,2.919,2.0,called_strike,0,0,2
823415,2026-09-07,5,31,2,R,CH,Changeup,85.7,0.124,1.156,14.0,ball,0,1,2
823415,2026-09-07,5,31,3,R,FF,4-Seam Fastball,94.7,-0.403,3.956,11.0,ball,1,1,2
823415,2026-09-07,5,31,4,R,CH,Changeup,85.5,0.291,2.007,9.0,hit_into_play,2,1,2
823415,2026-09-07,5,32,1,R,CH,Changeup,83.8,-0.54,0.833,13.0,ball,0,0,2
823415,2026-09-07,5,32,2,R,ST,Sweeper,84.6,-0.844,1.264,13.0,ball,1,0,2
823415,2026-09-07,5,32,3,R,CH,Changeup,85.6,-0.219,1.389,13.0,called_strike,2,0,2
823415,2026-09-07,5,32,4,R,CH,Changeup,86.3,-0.124,2.266,5.0,foul,2,1,2
823415,2026-09-07,5,32,5,R,FF,4-Seam Fastball,96.4,0.751,3.495,12.0,swinging_strike,2,2,2
823415,2026-09-07,6,36,1,R,FF,4-Seam Fastball,93.7,-0.709,2.836,1.0,foul,0,0,2
823415,2026-09-07,6,36,2,R,CH,Changeup,84.5,1.193,2.271,14.0,ball,0,1,2
823415,2026-09-07,6,36,3,R,ST,Sweeper,83.7,-0.809,2.632,4.0,called_strike,1,1,2
823415,2026-09-07,6,36,4,R,FF,4-Seam Fastball,95.9,-0.262,4.138,11.0,ball,1,2,2
823415,2026-09-07,6,36,5,R,ST,Sweeper,86.1,-0.857,1.546,13.0,foul,2,2,2
823415,2026-09-07,6,36,6,R,ST,Sweeper,84.5,2.037,3.342,12.0,ball,2,2,2
823415,2026-09-07,6,36,7,R,FF,4-Seam Fastball,97.1,0.442,2.956,3.0,swinging_strike,3,2,2
823415,2026-09-07,6,37,1,R,FF,4-Seam Fastball,96.8,-0.169,3.402,11.0,called_strike,0,0,3
823415,2026-09-07,6,37,2,R,FF,4-Seam Fastball,97.3,-0.155,2.537,5.0,swinging_strike,0,1,3
823415,2026-09-07,6,37,3,R,ST,Sweeper,88.3,-1.054,1.708,13.0,swinging_strike,0,2,3
823415,2026-09-07,6,38,1,L,ST,Sweeper,86.6,-1.589,0.366,13.0,swinging_strike,0,0,3
823415,2026-09-07,6,38,2,L,SI,Sinker,97.6,-0.042,3.419,11.0,ball,0,1,3
823415,2026-09-07,6,38,3,L,SI,Sinker,97.1,0.355,1.564,9.0,called_strike,1,1,3
823415,2026-09-07,6,38,4,L,ST,Sweeper,88.1,-3.679,-0.793,13.0,ball,1,2,3
823415,2026-09-07,6,38,5,L,ST,Sweeper,87.3,-0.031,2.941,2.0,foul,2,2,3
823415,2026-09-07,6,38,6,L,ST,Sweeper,86.9,-2.498,0.513,13.0,ball,2,2,3
823415,2026-09-07,6,38,7,L,SI,Sinker,96.6,0.85,2.2,14.0,hit_into_play,3,2,3
823415,2026-09-07,7,43,1,R,FF,4-Seam Fastball,93.9,-0.142,2.032,5.0,foul,0,0,3
823415,2026-09-07,7,43,2,R,CH,Changeup,84.6,0.791,1.426,9.0,hit_into_play,0,1,3
823415,2026-09-07,7,44,1,L,FF,4-Seam Fastball,95.3,0.059,3.269,2.0,foul_tip,0,0,3
823415,2026-09-07,7,44,2,L,SI,Sinker,95.3,0.909,2.869,12.0,hit_into_play,0,1,3
823415,2026-09-07,7,45,1,R,FF,4-Seam Fastball,96.0,-0.39,3.41,11.0,called_strike,0,0,3
823415,2026-09-07,7,45,2,R,ST,Sweeper,86.1,-0.235,1.135,13.0,ball,0,1,3
823415,2026-09-07,7,45,3,R,ST,Sweeper,84.8,-0.023,2.805,2.0,called_strike,1,1,3
823415,2026-09-07,7,45,4,R,FF,4-Seam Fastball,96.2,-0.895,3.73,11.0,foul,1,2,3
823415,2026-09-07,7,45,5,R,ST,Sweeper,83.0,1.708,3.316,12.0,ball,1,2,3
823415,2026-09-07,7,45,6,R,ST,Sweeper,86.9,-1.7,0.574,13.0,swinging_strike_blocked,2,2,3
823415,2026-09-07,8,49,1,L,SI,Sinker,93.4,0.829,1.46,14.0,foul,0,0,3
823415,2026-09-07,8,49,2,L,SI,Sinker,94.9,0.34,1.926,9.0,hit_into_play,0,1,3
823415,2026-09-07,8,50,1,R,FF,4-Seam Fastball,94.7,-0.3,2.535,4.0,swinging_strike,0,0,3
823415,2026-09-07,8,50,2,R,ST,Sweeper,84.9,-0.45,1.506,7.0,foul,0,1,3
823415,2026-09-07,8,50,3,R,FF,4-Seam Fastball,96.3,0.219,3.331,12.0,hit_into_play,0,2,3
823415,2026-09-07,8,51,1,R,ST,Sweeper,84.1,-0.748,1.357,13.0,swinging_strike,0,0,3
823415,2026-09-07,8,51,2,R,FF,4-Seam Fastball,96.0,-0.229,3.332,2.0,foul,0,1,3
823415,2026-09-07,8,51,3,R,ST,Sweeper,88.0,0.443,1.92,9.0,called_strike,0,2,3
823415,2026-09-07,9,56,1,R,FF,4-Seam Fastball,97.1,0.743,2.856,3.0,ball,0,0,3
823415,2026-09-07,9,56,2,R,FF,4-Seam Fastball,97.0,-0.397,2.372,4.0,foul,1,0,3
823415,2026-09-07,9,56,3,R,CH,Changeup,86.4,-0.343,0.811,13.0,foul,1,1,3
823415,2026-09-07,9,56,4,R,FF,4-Seam Fastball,97.5,0.395,3.438,12.0,hit_into_play,1,2,3
823415,2026-09-07,9,57,1,R,FF,4-Seam Fastball,97.9,-0.172,3.809,11.0,ball,0,0,4
823415,2026-09-07,9,57,2,R,ST,Sweeper,86.4,-1.12,2.052,13.0,swinging_strike,1,0,4
823415,2026-09-07,9,57,3,R,FF,4-Seam Fastball,98.0,0.339,4.446,12.0,ball,1,1,4
823415,2026-09-07,9,57,4,R,FF,4-Seam Fastball,97.1,0.117,4.283,12.0,ball,2,1,4
823415,2026-09-07,9,57,5,R,ST,Sweeper,86.1,-0.555,1.962,7.0,called_strike,3,1,4
823415,2026-09-07,9,57,6,R,ST,Sweeper,88.0,-1.51,1.16,13.0,ball,3,2,4
823415,2026-09-07,9,58,1,L,ST,Sweeper,85.5,-1.601,0.797,13.0,swinging_strike,0,0,4
823415,2026-09-07,9,58,2,L,ST,Sweeper,86.5,-1.071,1.265,13.0,ball,0,1,4
823415,2026-09-07,9,58,3,L,ST,Sweeper,86.3,-0.967,1.566,13.0,ball,1,1,4
823415,2026-09-07,9,58,4,L,SI,Sinker,96.3,1.166,3.214,12.0,ball,2,1,4
823415,2026-09-07,9,58,5,L,SI,Sinker,94.7,0.45,2.121,6.0,called_strike,3,1,4
823415,2026-09-07,9,58,6,L,SI,Sinker,96.4,0.104,3.05,2.0,called_strike,3,2,4
823415,2026-09-07,9,59,1,R,CH,Changeup,87.0,0.224,2.113,5.0,hit_into_play,0,0,4
