game_year,pitcher,name,is_cohort,on_phi_2026,phi_season,frame,coverage,role,med_pitches_per_outing,games,n,swings,pa_end,usage,thin,pop_member,velo,ivb_in,spin,ext,hb_in,whiff_rate,rv100,xwoba,velo_final,ivb_in_final,spin_final,whiff_rate_final,rv100_final,g_velo,g_ivb_in,g_spin,g_whiff_rate,g_rv100,z_velo,z_ivb_in,z_spin,z_whiff_rate,z_rv100,shape_grade,results_grade,shape_score,results_score,ff_elite_shape_flag,ff_elite_results_flag,ff_elite_archetype_flag,ff_elite_composite,efc_score,archetype_tier
2026,694819,Jacob Misiorowski,False,False,False,VS_PHI,PARTIAL,SP,95.0,1,69,40,17,0.7263,True,False,101.6681,14.8852,2617.7826,7.6319,-12.3113,0.575,6.5493,0.0439,101.6681,14.8852,2617.7826,0.364,0.0831,80.0,45.0,70.0,80.0,60.0,2.9785,-0.3464,2.1687,2.9549,0.8974,65.0,70.0,66.0027,69.2618,True,True,True,70.0,67.6323,ELITE
2020,621111,Walker Buehler,False,False,False,FILE,COMPLETE,SP,75.0,8,323,138,66,0.5383,False,True,96.8176,19.2825,2546.0093,6.3402,-5.2042,0.2609,3.6972,0.2003,97.8002,19.2825,2595.5506,0.2472,0.5958,60.0,65.0,70.0,55.0,70.0,1.134,1.6435,2.0045,0.626,2.2088,65.0,65.0,65.94,64.174,True,True,True,65.0,65.057,ELITE
2026,680742,Jonathan Bowlan,True,True,True,PHI,COMPLETE,RP,17.0,59,467,243,94,0.4829,False,True,97.0388,18.0331,2410.6338,6.6559,-7.875,0.3704,2.2711,0.1932,97.0388,18.0331,2410.6338,0.341,0.4543,60.0,60.0,55.0,75.0,70.0,0.7709,1.0781,0.6386,2.4952,1.8469,60.0,75.0,58.2922,71.7104,True,True,True,70.0,65.0013,ELITE
2018,434378,Justin Verlander,False,False,False,INCIDENTAL,PARTIAL,UNK,,6,50,34,7,0.5495,True,False,95.168,20.4336,2633.38,5.974,-11.4144,0.4118,4.666,0.412,96.478,20.4336,2699.4351,0.2884,-0.1083,55.0,70.0,80.0,65.0,55.0,0.5035,2.1644,2.7718,1.4468,0.4077,70.0,60.0,68.1325,59.2729,True,True,True,65.0,63.7027,ELITE
2018,621111,Walker Buehler,False,False,False,FILE,COMPLETE,SP,93.0,23,847,420,187,0.3898,False,True,96.2105,17.8558,2415.2373,6.1989,-3.7269,0.3048,1.4054,0.2748,97.5205,17.8558,2481.2924,0.294,0.4321,60.0,60.0,60.0,65.0,70.0,1.0006,0.9979,1.1605,1.5592,1.7902,60.0,70.0,60.5301,66.747,True,True,True,65.0,63.6386,ELITE
2022,675911,Spencer Strider,False,False,False,FILE,COMPLETE,SP,87.0,31,1525,797,329,0.6697,False,True,98.1629,17.7081,2342.6719,6.9259,-5.113,0.2773,1.345,0.2913,98.8179,17.7081,2375.6995,0.2731,0.6498,65.0,60.0,55.0,60.0,75.0,1.6193,0.9311,0.3806,1.1422,2.3469,60.0,70.0,59.7699,67.4455,True,True,True,65.0,63.6077,ELITE
2021,605447,Jordan Romano,False,False,False,FILE,COMPLETE,RP,17.0,62,642,322,135,0.6227,False,True,97.5894,18.1948,2389.9953,7.2128,-5.3224,0.2888,1.8537,0.2539,98.4082,18.1948,2431.2797,0.2777,0.4833,65.0,60.0,60.0,60.0,70.0,1.4239,1.1513,0.7911,1.2331,1.921,60.0,65.0,61.2211,65.7704,True,True,True,65.0,63.4958,ELITE
2019,621111,Walker Buehler,False,False,False,FILE,COMPLETE,SP,96.0,30,1505,710,328,0.5303,False,True,96.5393,17.5968,2456.2326,6.2841,-4.7991,0.2465,1.447,0.2823,97.6856,17.5968,2514.0307,0.2441,0.7037,60.0,60.0,65.0,55.0,75.0,1.0793,0.8807,1.4024,0.5634,2.4847,60.0,65.0,61.2079,65.2409,True,True,True,65.0,63.2244,ELITE
2023,554430,Zack Wheeler,True,True,True,PHI,COMPLETE,SP,100.0,32,1370,720,197,0.4342,False,True,95.7924,15.2826,2494.5292,7.2536,-6.2933,0.3139,1.2071,0.3501,96.2837,15.2826,2519.2998,0.3066,0.5288,55.0,50.0,65.0,70.0,70.0,0.4108,-0.1666,1.4413,1.8108,2.0375,55.0,70.0,55.6183,69.2417,False,True,False,65.0,62.43,RESULTS-ONLY
2020,594798,Jacob deGrom,False,False,False,VS_PHI,PARTIAL,SP,74.0,5,84,45,10,0.4693,True,False,98.6726,16.7829,2457.5714,6.9357,-7.36,0.4889,-0.2774,0.3771,99.6551,16.7829,2507.1127,0.3361,-0.325,70.0,55.0,65.0,75.0,50.0,2.0186,0.5123,1.3513,2.3988,-0.1463,65.0,65.0,62.9406,61.2627,True,True,True,65.0,62.1016,ELITE
2022,622098,Drew Smith,False,False,False,VS_PHI,PARTIAL,RP,15.0,13,69,37,5,0.4894,True,False,96.0362,19.7009,2497.9275,5.871,-6.5304,0.4595,2.3986,0.4674,96.6912,19.7009,2530.9551,0.3113,-0.1654,55.0,70.0,65.0,70.0,55.0,0.6052,1.8328,1.5274,1.904,0.2619,65.0,65.0,63.2179,60.8292,True,True,True,65.0,62.0236,ELITE
2024,656546,Jeff Hoffman,False,False,True,PHI,COMPLETE,RP,14.0,66,391,211,114,0.3906,False,True,96.646,17.0863,2592.892,6.5794,-12.2007,0.3081,1.3524,0.3188,96.9735,17.0863,2609.4058,0.2882,0.1171,55.0,55.0,70.0,65.0,60.0,0.7398,0.6497,2.1069,1.4436,0.9844,60.0,65.0,61.6544,62.1398,True,True,True,65.0,61.8971,ELITE
2020,605447,Jordan Romano,False,False,False,FILE,COMPLETE,RP,17.0,15,95,42,21,0.4008,True,False,96.5368,17.3078,2331.4316,7.4116,-5.8396,0.5238,3.5821,0.1915,97.5194,17.3078,2380.9729,0.3464,-0.0134,60.0,55.0,55.0,75.0,55.0,1.0001,0.7499,0.4195,2.6038,0.6505,55.0,65.0,57.2317,66.2715,False,True,False,60.0,61.7516,RESULTS-ONLY
2024,656629,Michael Kopech,False,False,False,VS_PHI,PARTIAL,RP,15.0,10,56,28,13,0.8,True,False,99.175,18.6471,2667.7321,6.7768,-9.9921,0.2857,3.1143,0.0984,99.5025,18.6471,2684.2459,0.2376,-0.1595,70.0,65.0,75.0,55.0,55.0,1.9458,1.356,2.6597,0.4347,0.277,70.0,55.0,69.8714,53.5584,True,False,False,65.0,61.7149,SHAPE-ONLY
2025,695505,Chase Burns,False,False,False,INCIDENTAL,PARTIAL,SP,91.0,2,113,58,26,0.6209,False,True,98.5354,18.6584,2635.7257,6.4168,-4.2765,0.3276,0.223,0.3339,98.6992,18.6584,2643.9825,0.2715,-0.2766,65.0,65.0,75.0,60.0,50.0,1.5627,1.3611,2.3623,1.1111,-0.0225,70.0,55.0,67.6201,55.4434,True,False,False,65.0,61.5317,SHAPE-ONLY
2025,695243,Mason Miller,False,False,False,VS_PHI,PARTIAL,RP,21.0,7,55,31,14,0.5288,True,False,101.0927,17.1098,2548.6909,6.7309,-9.0218,0.4194,-1.2782,0.2989,101.2565,17.1098,2556.9478,0.2868,-0.3745,80.0,55.0,65.0,65.0,45.0,2.7822,0.6603,1.7194,1.416,-0.273,65.0,55.0,67.2063,55.7146,True,False,False,60.0,61.4604,SHAPE-ONLY
2021,656322,Sam Coonrod,False,False,True,PHI,COMPLETE,RP,16.0,36,139,86,18,0.1952,False,True,98.5331,15.9574,2282.1007,6.554,-9.6527,0.4419,1.3561,0.3292,99.3519,15.9574,2323.3851,0.3517,-0.1371,70.0,50.0,50.0,75.0,55.0,1.8739,0.1388,-0.0058,2.7101,0.3342,55.0,65.0,56.6897,65.2214,False,True,False,60.0,60.9555,RESULTS-ONLY
2024,686752,Ryan Pepiot,False,False,False,FILE,COMPLETE,SP,87.5,26,1084,494,262,0.5044,False,True,94.9094,19.4222,2379.4834,6.7923,-8.8256,0.3138,0.7293,0.2908,95.2369,19.4222,2395.9971,0.3036,0.2004,50.0,65.0,55.0,65.0,60.0,-0.0884,1.7067,0.5305,1.7492,1.1976,55.0,65.0,57.1629,64.7339,False,True,False,60.0,60.9484,RESULTS-ONLY
2025,694819,Jacob Misiorowski,False,False,False,INCIDENTAL,PARTIAL,SP,73.0,3,81,40,15,0.4765,True,False,99.5667,16.0059,2605.5309,7.637,-9.6193,0.4,-0.1173,0.2934,99.7304,16.0059,2613.7877,0.2912,-0.3139,70.0,50.0,70.0,65.0,50.0,2.0545,0.1608,2.1392,1.5028,-0.1181,65.0,60.0,64.5148,56.9233,True,True,True,65.0,60.719,ELITE
2023,675911,Spencer Strider,False,False,False,FILE,COMPLETE,SP,98.0,32,1826,992,418,0.589,False,True,97.2482,18.4009,2362.2297,7.0489,-6.0509,0.2873,0.401,0.3282,97.7395,18.4009,2387.0004,0.2834,0.1293,60.0,60.0,55.0,65.0,60.0,1.105,1.2445,0.4641,1.3466,1.0156,60.0,65.0,59.3788,61.8107,True,True,True,65.0,60.5947,ELITE
2018,641341,MLBAM 641341,False,False,False,VS_PHI,PARTIAL,RP,26.5,13,110,63,18,0.6707,False,True,96.5073,18.4516,2693.8909,6.2509,-8.8309,0.2381,1.9618,0.3273,97.8173,18.4516,2759.946,0.2266,-0.1176,60.0,65.0,80.0,50.0,55.0,1.1421,1.2675,3.2188,0.2143,0.3842,70.0,55.0,68.0322,52.9925,True,False,False,65.0,60.5123,SHAPE-ONLY
2026,661395,Jhoan Duran,True,True,True,PHI,COMPLETE,RP,16.0,54,241,129,59,0.2675,False,True,100.4386,13.2901,2075.7718,6.0548,-12.8435,0.4341,3.2531,0.2034,100.4386,13.2901,2075.7718,0.3673,0.323,75.0,40.0,30.0,80.0,65.0,2.3922,-1.0682,-1.8348,3.0197,1.5111,50.0,75.0,48.2971,72.5554,False,True,False,65.0,60.4263,RESULTS-ONLY
2018,518886,Craig Kimbrel,False,False,False,FILE,COMPLETE,RP,16.0,63,718,360,90,0.6463,False,True,97.0708,15.6105,2356.1379,6.3054,-9.2773,0.3333,0.5224,0.3729,98.3808,15.6105,2422.193,0.3172,0.0105,65.0,50.0,55.0,70.0,55.0,1.4109,-0.0182,0.724,2.0212,0.7118,55.0,65.0,57.0556,63.6649,False,True,False,60.0,60.3603,RESULTS-ONLY
2021,554430,Zack Wheeler,True,True,True,PHI,COMPLETE,SP,100.0,32,1359,694,195,0.424,False,True,97.176,15.914,2388.2975,7.1977,-7.6494,0.2594,1.0149,0.3552,97.9948,15.914,2429.5819,0.2559,0.4189,60.0,50.0,60.0,60.0,70.0,1.2268,0.1192,0.7786,0.8001,1.7563,55.0,65.0,57.0817,62.782,False,True,False,60.0,59.9319,RESULTS-ONLY
2025,554430,Zack Wheeler,True,True,True,PHI,COMPLETE,SP,101.5,24,981,522,212,0.4098,False,True,96.0726,14.6944,2470.4037,7.2771,-10.1387,0.3046,1.1354,0.2788,96.2363,14.6944,2478.6606,0.2958,0.367,55.0,45.0,60.0,65.0,65.0,0.3882,-0.4327,1.1411,1.5941,1.6235,55.0,65.0,53.6553,66.0879,False,True,False,60.0,59.8716,RESULTS-ONLY
2023,605447,Jordan Romano,False,False,False,FILE,COMPLETE,RP,14.0,59,419,196,92,0.4579,False,True,96.706,17.522,2325.8517,7.5415,-4.1298,0.3214,1.3291,0.2952,97.1972,17.522,2350.6223,0.2974,0.1336,60.0,60.0,50.0,65.0,60.0,0.8464,0.8468,0.1954,1.6273,1.0266,55.0,65.0,56.2955,63.2697,False,True,False,60.0,59.7826,RESULTS-ONLY
2021,592791,Jameson Taillon,False,False,False,FILE,COMPLETE,SP,84.0,29,1174,672,305,0.4949,False,True,93.9201,17.8743,2418.5324,6.707,-3.3953,0.2812,0.9842,0.2927,94.7389,17.8743,2459.8168,0.276,0.354,45.0,60.0,60.0,60.0,65.0,-0.3259,1.0062,1.0019,1.2007,1.5904,55.0,65.0,55.6076,63.9557,False,True,False,60.0,59.7817,RESULTS-ONLY
2025,680742,Jonathan Bowlan,True,True,False,FILE,COMPLETE,RP,19.5,34,243,124,44,0.3343,False,True,95.5292,17.6711,2345.2222,6.684,-7.9669,0.4355,0.1095,0.3486,95.693,17.6711,2353.4791,0.3664,-0.2484,50.0,60.0,50.0,80.0,50.0,0.1291,0.9143,0.2165,3.0016,0.0495,55.0,65.0,54.1996,65.2477,False,True,False,60.0,59.7236,RESULTS-ONLY
2024,554430,Zack Wheeler,True,True,True,PHI,COMPLETE,SP,98.0,32,1298,678,287,0.4142,False,True,95.2673,14.6315,2430.7974,7.2409,-9.5412,0.2965,1.252,0.3062,95.5948,14.6315,2447.3111,0.2901,0.5328,50.0,45.0,60.0,65.0,70.0,0.0823,-0.4612,0.9095,1.4816,2.0477,50.0,70.0,51.7688,67.6467,False,True,False,60.0,59.7077,RESULTS-ONLY
2022,554430,Zack Wheeler,True,True,True,PHI,COMPLETE,SP,96.0,26,998,499,146,0.4232,False,True,95.9205,16.2107,2391.5752,7.285,-9.221,0.2866,1.0787,0.3946,96.5756,16.2107,2424.6027,0.2792,0.3461,55.0,55.0,55.0,65.0,65.0,0.55,0.2534,0.7418,1.2637,1.57,55.0,65.0,55.1507,64.1689,False,True,False,60.0,59.6598,RESULTS-ONLY
2025,656730,Trevor Megill,False,False,False,INCIDENTAL,PARTIAL,RP,20.0,7,51,28,14,0.6892,True,False,99.8706,18.9271,2477.0196,6.6961,-4.8141,0.2857,2.1137,0.1962,100.0343,18.9271,2485.2765,0.2376,-0.2189,70.0,65.0,60.0,55.0,50.0,2.1994,1.4827,1.19,0.4347,0.1251,65.0,55.0,66.2401,52.7988,True,False,False,60.0,59.5195,SHAPE-ONLY
2021,656629,Michael Kopech,False,False,False,INCIDENTAL,PARTIAL,UNK,,16,56,34,17,0.6087,True,False,96.8482,18.2057,2545.2857,6.5571,-10.2064,0.3824,-0.6518,0.4924,97.667,18.2057,2586.5701,0.2773,-0.3445,60.0,60.0,70.0,60.0,50.0,1.0705,1.1562,1.9382,1.2256,-0.1963,65.0,55.0,63.8829,55.1461,True,False,False,60.0,59.5145,SHAPE-ONLY
2023,543037,Gerrit Cole,False,False,False,INCIDENTAL,PARTIAL,SP,103.0,13,136,87,25,0.5551,False,True,96.8691,18.0971,2395.8676,6.3081,-9.6926,0.2644,5.0684,0.1748,97.3604,18.0971,2420.6383,0.2445,0.2732,60.0,60.0,55.0,55.0,65.0,0.9243,1.1071,0.7125,0.5713,1.3836,60.0,60.0,59.1461,59.7747,True,True,True,60.0,59.4604,ELITE
2021,594798,Jacob deGrom,False,False,False,VS_PHI,PARTIAL,SP,82.5,3,111,52,20,0.5722,False,True,99.4018,16.933,2452.3874,6.9162,-9.7308,0.25,3.0631,0.3376,100.2206,16.933,2493.6718,0.2311,-0.0135,75.0,55.0,65.0,55.0,55.0,2.2882,0.5803,1.252,0.3051,0.6504,65.0,55.0,63.7349,54.7772,True,False,False,60.0,59.256,SHAPE-ONLY
2023,593576,Hector Neris,False,False,False,FILE,COMPLETE,RP,15.0,70,565,285,72,0.5174,False,True,93.0188,17.6502,2429.0938,6.1565,-8.2677,0.2912,1.8823,0.3589,93.51,17.6502,2453.8645,0.2785,0.4291,40.0,60.0,60.0,60.0,70.0,-0.9119,0.9048,0.958,1.249,1.7823,55.0,65.0,53.1697,65.157,False,True,False,60.0,59.1633,RESULTS-ONLY
2025,668881,Hunter Greene,False,False,False,INCIDENTAL,PARTIAL,SP,85.0,3,91,48,20,0.4764,True,False,99.8176,16.8765,2470.4835,6.7022,-8.3486,0.2917,2.3505,0.1873,99.9813,16.8765,2478.7404,0.2496,-0.1211,70.0,55.0,60.0,55.0,55.0,2.1741,0.5547,1.1417,0.6736,0.3752,60.0,55.0,62.9018,55.2441,True,False,False,60.0,59.0729,SHAPE-ONLY
2022,605447,Jordan Romano,False,False,False,FILE,COMPLETE,RP,16.0,62,476,251,116,0.4813,False,True,96.8609,18.1044,2289.5823,7.4134,-5.3786,0.2669,1.6248,0.2771,97.5159,18.1044,2322.6098,0.2572,0.2676,60.0,60.0,50.0,60.0,65.0,0.9984,1.1104,-0.0116,0.825,1.3692,55.0,65.0,56.9908,60.971,False,True,False,60.0,58.9809,RESULTS-ONLY
2021,453286,Max Scherzer,False,False,False,VS_PHI,PARTIAL,SP,97.0,9,182,95,18,0.4375,False,True,94.6643,16.227,2400.2198,6.1984,-10.3305,0.3368,3.6566,0.3268,95.483,16.227,2441.5042,0.2911,0.2444,50.0,55.0,60.0,65.0,65.0,0.029,0.2608,0.8667,1.5007,1.3101,55.0,65.0,53.8549,64.0543,False,True,False,60.0,58.9546,RESULTS-ONLY
2023,518886,Craig Kimbrel,False,False,True,PHI,COMPLETE,RP,15.0,71,754,366,98,0.672,False,True,95.8245,15.1845,2356.5822,6.8829,-10.51,0.306,1.3109,0.3812,96.3158,15.1845,2381.3529,0.2937,0.3441,55.0,50.0,55.0,65.0,65.0,0.4261,-0.211,0.4223,1.5534,1.5649,55.0,65.0,52.1249,65.5918,False,True,False,60.0,58.8584,RESULTS-ONLY
2021,621111,Walker Buehler,False,False,False,FILE,COMPLETE,SP,95.0,33,1408,630,330,0.4467,False,True,95.3383,17.9886,2472.1502,6.3917,-3.0381,0.2063,1.0513,0.3285,96.157,17.9886,2513.4346,0.2069,0.4512,55.0,60.0,65.0,50.0,70.0,0.3504,1.058,1.398,-0.1768,1.8389,60.0,60.0,59.3545,58.3106,True,True,True,60.0,58.8326,ELITE
2022,656302,Dylan Cease,False,False,False,INCIDENTAL,PARTIAL,UNK,,12,77,31,8,0.4278,True,False,96.7247,19.1377,2496.3766,6.1117,-3.4816,0.2903,2.4312,0.2468,97.3797,19.1377,2529.4042,0.2409,-0.1455,60.0,65.0,65.0,55.0,55.0,0.9335,1.578,1.5159,0.5004,0.3126,65.0,55.0,63.4245,54.065,True,False,False,60.0,58.7448,SHAPE-ONLY
2018,594798,Jacob deGrom,False,False,False,VS_PHI,PARTIAL,SP,76.5,13,177,95,28,0.4286,False,True,96.2379,16.1119,2382.5254,6.9593,-4.1756,0.2842,3.4277,0.2759,97.5479,16.1119,2448.5805,0.258,0.1988,60.0,50.0,60.0,60.0,60.0,1.0137,0.2087,0.9189,0.841,1.1933,55.0,60.0,57.1376,60.1717,False,True,False,60.0,58.6546,RESULTS-ONLY
2026,686934,Alex McFarlane,True,True,True,PHI,COMPLETE,RP,15.0,16,94,53,21,0.3884,True,False,99.9606,14.9209,2572.8617,6.3223,-9.8106,0.3019,1.3394,0.3041,99.9606,14.9209,2572.8617,0.2565,-0.1955,70.0,45.0,70.0,60.0,50.0,2.1643,-0.3303,1.8369,0.8111,0.1848,60.0,55.0,62.2363,54.9794,True,False,False,60.0,58.6078,SHAPE-ONLY
2018,453286,Max Scherzer,False,False,False,VS_PHI,PARTIAL,SP,109.0,14,229,111,27,0.5135,False,True,94.2869,14.0431,2483.5852,6.0074,-11.399,0.3243,2.9939,0.2605,95.5969,14.0431,2549.6402,0.2872,0.251,50.0,45.0,65.0,65.0,65.0,0.0833,-0.7275,1.6654,1.4223,1.3269,55.0,65.0,53.4041,63.7461,False,True,False,60.0,58.5751,RESULTS-ONLY
2025,660271,Shohei Ohtani,False,False,False,TEAM,COMPLETE,SP,52.5,14,291,149,65,0.3865,False,True,98.4234,14.5175,2467.1409,6.6904,-5.2454,0.2416,2.999,0.2526,98.5871,14.5175,2475.3978,0.234,0.3758,65.0,45.0,60.0,55.0,65.0,1.5093,-0.5128,1.117,0.3617,1.6461,55.0,60.0,57.0449,60.0387,False,True,False,60.0,58.5418,RESULTS-ONLY
2025,656629,Michael Kopech,False,False,False,TEAM,COMPLETE,RP,15.5,14,191,78,42,0.8268,False,True,97.4503,17.9378,2624.541,6.7995,-8.0293,0.2436,0.577,0.3513,97.614,17.9378,2632.7979,0.231,-0.1929,60.0,60.0,75.0,55.0,50.0,1.0452,1.035,2.2796,0.3038,0.1914,65.0,55.0,64.5328,52.4757,True,False,False,60.0,58.5042,SHAPE-ONLY
2025,678495,Randy Rodríguez,False,False,False,TEAM,COMPLETE,RP,15.0,12,94,39,16,0.5281,True,False,97.4181,18.7979,2635.7872,6.6202,-6.2757,0.2051,1.6617,0.1642,97.5818,18.7979,2644.0441,0.2101,-0.1698,60.0,65.0,75.0,50.0,55.0,1.0299,1.4242,2.3627,-0.1133,0.2506,65.0,55.0,66.0559,50.687,True,False,False,60.0,58.3714,SHAPE-ONLY
2021,518886,Craig Kimbrel,False,False,False,FILE,COMPLETE,RP,16.0,62,585,277,72,0.5804,False,True,96.5174,14.6435,2301.4171,6.5766,-10.2751,0.3321,0.9398,0.373,97.3362,14.6435,2342.7015,0.3122,0.1161,60.0,45.0,50.0,70.0,60.0,0.9127,-0.4558,0.1369,1.921,0.9818,50.0,65.0,51.9792,64.5139,False,True,False,60.0,58.2466,RESULTS-ONLY
2025,656302,Dylan Cease,False,False,False,INCIDENTAL,PARTIAL,SP,103.0,4,182,81,36,0.4643,False,True,97.3511,18.0653,2577.0659,6.4066,-2.8859,0.2716,-0.0505,0.2982,97.5149,18.0653,2585.3228,0.2479,-0.2887,60.0,60.0,70.0,55.0,50.0,0.9979,1.0927,1.929,0.6392,-0.0534,65.0,55.0,63.3985,52.9288,True,False,False,60.0,58.1637,SHAPE-ONLY
2023,661395,Jhoan Duran,True,True,False,FILE,COMPLETE,RP,17.0,58,456,258,93,0.4484,False,True,101.8147,13.7424,2097.7763,6.5386,-10.6924,0.3566,0.5774,0.3065,102.306,13.7424,2122.547,0.3311,-0.0603,80.0,40.0,35.0,75.0,55.0,3.2827,-0.8636,-1.4893,2.2975,0.5307,50.0,65.0,52.157,64.1408,False,True,False,60.0,58.1489,RESULTS-ONLY
2019,593576,Hector Neris,False,False,True,PHI,COMPLETE,RP,16.0,64,290,121,35,0.2575,False,True,94.4028,15.3666,2477.1034,6.1355,-9.5781,0.3388,0.9593,0.4356,95.549,15.3666,2534.9016,0.2992,-0.0567,50.0,50.0,65.0,65.0,55.0,0.0605,-0.1286,1.5565,1.6619,0.5398,55.0,60.0,54.9615,61.0085,False,True,False,60.0,57.985,RESULTS-ONLY
2019,554430,Zack Wheeler,True,True,False,FILE,COMPLETE,SP,103.0,31,947,456,120,0.2998,False,True,96.7921,15.5311,2340.8087,6.8437,-10.4958,0.2697,0.7201,0.3691,97.9383,15.5311,2398.6069,0.2636,0.1604,60.0,50.0,55.0,60.0,60.0,1.1999,-0.0541,0.5498,0.9525,1.0952,55.0,60.0,55.6518,60.2387,False,True,False,60.0,57.9452,RESULTS-ONLY
2022,622554,Seranthony Domínguez,True,False,True,PHI,COMPLETE,RP,14.5,49,309,148,32,0.3755,False,True,97.6366,13.9441,2357.1812,6.2307,-3.1542,0.3581,0.6201,0.3048,98.2916,13.9441,2390.2088,0.3184,-0.1181,65.0,40.0,55.0,70.0,55.0,1.3683,-0.7723,0.4878,2.0451,0.3827,55.0,65.0,53.6126,62.1387,False,True,False,60.0,57.8757,RESULTS-ONLY
2024,668881,Hunter Greene,False,False,False,VS_PHI,PARTIAL,SP,99.0,4,74,47,24,0.5873,True,False,98.2041,17.7778,2406.4189,6.4919,-9.2043,0.2979,2.4554,0.2288,98.5316,17.7778,2422.9327,0.252,-0.1507,65.0,60.0,55.0,55.0,55.0,1.4828,0.9626,0.7295,0.7219,0.2995,60.0,55.0,60.5828,55.1069,True,False,False,60.0,57.8448,SHAPE-ONLY
2019,592826,Vince Velasquez,False,False,True,PHI,COMPLETE,SP,77.0,33,1324,716,202,0.6245,False,True,94.173,16.9579,2397.8829,6.4912,-4.0718,0.2472,0.8802,0.4248,95.3192,16.9579,2455.6811,0.2448,0.3361,50.0,55.0,60.0,55.0,65.0,-0.0491,0.5915,0.9714,0.5773,1.5446,55.0,60.0,55.046,60.6094,False,True,False,60.0,57.8277,RESULTS-ONLY
2019,663432,Tanner Rainey,False,False,False,VS_PHI,PARTIAL,RP,17.0,14,95,44,8,0.6786,True,False,97.3705,17.6867,2396.0316,6.3221,-4.2429,0.3182,0.5211,0.3089,98.5168,17.6867,2453.8298,0.2596,-0.2602,65.0,60.0,60.0,60.0,50.0,1.4757,0.9214,0.9577,0.8725,0.0195,60.0,55.0,61.1826,54.4597,True,False,False,60.0,57.8211,SHAPE-ONLY
2023,691587,MLBAM 691587,False,False,False,VS_PHI,PARTIAL,SP,87.0,5,78,43,11,0.4906,True,False,97.2128,18.2785,2609.0,6.9936,-8.5769,0.186,2.591,0.2675,97.7041,18.2785,2633.7707,0.2016,-0.1326,60.0,60.0,75.0,45.0,55.0,1.0882,1.1892,2.2868,-0.2823,0.3457,65.0,50.0,65.2138,50.3169,True,False,False,60.0,57.7654,SHAPE-ONLY
2018,554430,Zack Wheeler,True,True,False,FILE,COMPLETE,SP,100.0,29,1255,612,205,0.4352,False,True,95.7589,16.001,2306.6462,6.9073,-9.5224,0.2337,1.1797,0.3544,97.0689,16.001,2372.7013,0.232,0.4808,60.0,50.0,55.0,55.0,70.0,0.7853,0.1585,0.3584,0.3223,1.9146,55.0,65.0,54.3408,61.1846,False,True,False,60.0,57.7627,RESULTS-ONLY
2022,608349,Corey Knebel,False,False,True,PHI,COMPLETE,RP,15.5,46,555,276,93,0.6981,False,True,95.6411,17.5098,2368.7928,6.5119,-3.8441,0.2536,1.3081,0.3169,96.2961,17.5098,2401.8203,0.2469,0.2257,55.0,60.0,55.0,55.0,65.0,0.4167,0.8413,0.5735,0.6191,1.2622,55.0,60.0,56.1052,59.4066,False,True,False,60.0,57.7559,RESULTS-ONLY
2019,453286,Max Scherzer,False,False,False,VS_PHI,PARTIAL,SP,101.0,10,189,108,19,0.4599,False,True,95.2693,14.5384,2474.9947,5.9873,-11.7384,0.3241,1.8952,0.4811,96.4156,14.5384,2532.7929,0.2863,0.0016,55.0,45.0,65.0,65.0,55.0,0.4737,-0.5033,1.541,1.4055,0.689,55.0,60.0,55.0377,60.4727,False,True,False,60.0,57.7552,RESULTS-ONLY
2023,672578,Carlos Hernández,False,False,False,FILE,COMPLETE,RP,19.0,66,699,380,161,0.5588,False,True,99.0721,16.8951,2436.8942,6.6489,-9.8517,0.2553,-0.1296,0.3791,99.5634,16.8951,2461.6649,0.2499,-0.2506,70.0,55.0,60.0,55.0,50.0,1.9748,0.5631,1.0156,0.6797,0.0439,60.0,55.0,61.845,53.6181,True,False,False,60.0,57.7316,SHAPE-ONLY
2022,571479,Andrew Bellatti,False,False,True,PHI,COMPLETE,RP,16.0,59,389,180,47,0.4039,False,True,94.3517,16.7537,2436.473,5.856,-10.4801,0.3,1.2319,0.4079,95.0067,16.7537,2469.5005,0.2795,0.0836,50.0,55.0,60.0,65.0,60.0,-0.1982,0.4992,1.0734,1.2692,0.8986,55.0,65.0,54.5815,60.8391,False,True,False,60.0,57.7103,RESULTS-ONLY
2021,656302,Dylan Cease,False,False,False,INCIDENTAL,PARTIAL,UNK,,17,141,73,27,0.4965,False,True,96.6511,18.2417,2532.5248,6.0064,-4.7379,0.2603,-0.0362,0.318,97.4698,18.2417,2573.8092,0.24,-0.295,60.0,60.0,70.0,55.0,50.0,0.9764,1.1725,1.8439,0.4822,-0.0696,65.0,55.0,63.3096,52.0628,True,False,False,60.0,57.6862,SHAPE-ONLY
2019,656977,Chad Sobotka,False,False,False,VS_PHI,PARTIAL,RP,19.0,11,78,36,10,0.5493,True,False,95.95,18.6046,2494.1923,6.1244,-5.4585,0.2778,0.741,0.3902,97.0963,18.6046,2551.9905,0.2387,-0.2568,60.0,65.0,65.0,55.0,50.0,0.7983,1.3367,1.6828,0.4561,0.028,65.0,55.0,62.726,52.4206,True,False,False,60.0,57.5733,SHAPE-ONLY
2025,594798,Jacob deGrom,False,False,False,INCIDENTAL,PARTIAL,SP,99.0,2,86,49,26,0.441,True,False,97.6186,16.4763,2517.5,6.8012,-8.3916,0.2245,5.6326,0.2587,97.7824,16.4763,2525.7569,0.2187,0.1097,60.0,55.0,65.0,50.0,60.0,1.1255,0.3736,1.489,0.0572,0.9654,60.0,55.0,59.9602,55.1131,True,False,False,60.0,57.5367,SHAPE-ONLY
2024,669093,MLBAM 669093,False,False,False,VS_PHI,PARTIAL,RP,15.0,10,50,26,12,0.5556,True,False,97.212,19.8696,2215.22,6.744,-2.2392,0.4231,3.134,0.1352,97.5395,19.8696,2231.7338,0.2799,-0.1759,60.0,70.0,45.0,65.0,50.0,1.0097,1.9092,-0.6828,1.2786,0.2349,60.0,60.0,57.4536,57.5674,True,True,True,60.0,57.5105,ELITE
2023,608032,Carlos Estévez,False,False,False,FILE,COMPLETE,RP,17.0,63,753,424,196,0.6681,False,True,97.1143,17.0261,2179.2897,6.3947,-8.6481,0.2854,1.0276,0.3125,97.6056,17.0261,2204.0604,0.277,0.2274,60.0,55.0,40.0,60.0,65.0,1.0412,0.6224,-0.8872,1.2197,1.2666,50.0,65.0,52.588,62.4314,False,True,False,60.0,57.5097,RESULTS-ONLY
2019,621242,Edwin Díaz,False,False,False,VS_PHI,PARTIAL,RP,15.0,19,124,65,13,0.6294,False,True,97.9008,14.0148,2352.6129,6.804,-13.0132,0.4462,-1.7863,0.4286,99.0471,14.0148,2410.4111,0.3384,-0.4783,65.0,45.0,55.0,75.0,45.0,1.7286,-0.7403,0.637,2.4445,-0.5386,55.0,60.0,55.4177,59.5296,False,True,False,60.0,57.4737,RESULTS-ONLY
2021,672578,Carlos Hernández,False,False,False,FILE,COMPLETE,SP,65.5,24,800,392,198,0.5579,False,True,97.1608,17.1698,2372.2553,6.7955,-7.3904,0.2219,0.8811,0.3491,97.9795,17.1698,2413.5397,0.2209,0.1852,60.0,55.0,55.0,50.0,60.0,1.2195,0.6874,0.6601,0.1014,1.1585,55.0,55.0,58.5567,56.2994,False,False,False,55.0,57.4281,NOT ELITE
2025,676508,Ben Casparius,False,False,False,TEAM,COMPLETE,RP,22.0,43,384,180,95,0.3043,False,True,96.1435,17.8891,2434.7708,5.7766,-2.8109,0.3333,-0.6456,0.3687,96.3072,17.8891,2443.0277,0.3049,-0.4116,55.0,60.0,60.0,70.0,45.0,0.422,1.0129,0.8779,1.7758,-0.3678,60.0,60.0,57.7096,57.04,True,True,True,60.0,57.3748,ELITE
2019,434378,Justin Verlander,False,False,False,INCIDENTAL,PARTIAL,UNK,,7,69,40,12,0.5391,True,False,94.0232,20.5304,2539.7391,5.8551,-9.807,0.25,0.2188,0.3364,95.1695,20.5304,2597.5373,0.2288,-0.2959,50.0,70.0,70.0,55.0,50.0,-0.1205,2.2082,2.0192,0.2581,-0.0719,65.0,55.0,63.6896,50.9308,True,False,False,60.0,57.3102,SHAPE-ONLY
2024,683003,MLBAM 683003,False,False,False,VS_PHI,PARTIAL,SP,85.0,5,61,32,16,0.4586,True,False,97.0459,18.2931,2533.6102,6.8154,-7.1666,0.3125,-1.2656,0.3876,97.3734,18.2931,2550.1239,0.2495,-0.3786,60.0,60.0,65.0,55.0,45.0,0.9305,1.1958,1.669,0.6722,-0.2834,60.0,50.0,62.6507,51.9437,True,False,False,55.0,57.2972,SHAPE-ONLY
2020,621242,Edwin Díaz,False,False,False,VS_PHI,PARTIAL,RP,17.0,6,70,26,3,0.6796,True,False,97.5629,12.6703,2399.0286,7.0843,-15.5606,0.5,3.5314,0.0603,98.5454,12.6703,2448.5699,0.3043,-0.0944,65.0,35.0,60.0,70.0,55.0,1.4893,-1.3487,0.9188,1.7642,0.4434,55.0,65.0,53.5315,61.0379,False,True,False,60.0,57.2847,RESULTS-ONLY
2019,605540,Brandon Woodruff,False,False,False,VS_PHI,PARTIAL,SP,95.5,3,72,41,6,0.36,True,False,96.3319,15.4017,2249.8611,6.2847,-9.795,0.439,4.1167,0.3108,97.4782,15.4017,2307.6593,0.3088,-0.0517,60.0,50.0,50.0,70.0,55.0,0.9804,-0.1127,-0.122,1.8536,0.5527,55.0,65.0,52.4859,62.0316,False,True,False,60.0,57.2587,RESULTS-ONLY
2019,641729,Joe Jimenez,False,False,False,INCIDENTAL,PARTIAL,RP,9.5,13,62,33,8,0.6966,True,False,95.1887,18.2342,2526.371,6.4113,-10.6471,0.303,0.0387,0.4105,96.335,18.2342,2584.1692,0.2467,-0.3088,55.0,60.0,70.0,55.0,50.0,0.4353,1.1691,1.9204,0.6164,-0.1049,60.0,55.0,61.7494,52.5574,True,False,False,60.0,57.1534,SHAPE-ONLY
2018,642008,MLBAM 642008,False,False,False,VS_PHI,PARTIAL,RP,17.0,9,55,28,9,0.618,True,False,96.1745,18.7047,2576.6364,5.7945,-11.2102,0.1429,2.6364,0.158,97.4846,18.7047,2642.6914,0.1901,-0.1854,60.0,65.0,75.0,45.0,50.0,0.9835,1.3821,2.3527,-0.5135,0.2106,65.0,50.0,65.7275,48.4854,True,False,False,60.0,57.1064,SHAPE-ONLY
2026,554430,Zack Wheeler,True,True,True,PHI,COMPLETE,SP,97.5,26,877,442,197,0.3578,False,True,95.2166,14.0826,2432.7948,7.2397,-11.4837,0.3032,0.9363,0.2795,95.2166,14.0826,2432.7948,0.2931,0.2372,50.0,45.0,60.0,65.0,65.0,-0.098,-0.7096,0.8023,1.5405,1.2915,50.0,65.0,49.9821,64.1598,False,True,False,60.0,57.071,RESULTS-ONLY
2019,623433,Nick Anderson,False,False,False,VS_PHI,PARTIAL,RP,14.0,16,82,49,12,0.5857,True,False,95.8098,19.6741,2299.8659,5.922,-6.5122,0.2857,2.3415,0.3464,96.956,19.6741,2357.664,0.2472,-0.1408,55.0,70.0,50.0,55.0,55.0,0.7314,1.8207,0.2474,0.6263,0.3247,60.0,55.0,59.3318,54.7551,True,False,False,60.0,57.0435,SHAPE-ONLY
2021,643338,Chad Green,False,False,False,INCIDENTAL,PARTIAL,RP,18.5,19,73,44,14,0.6404,True,False,95.7726,19.0175,2498.0274,6.6438,-4.3463,0.2273,2.4548,0.3915,96.5914,19.0175,2539.3118,0.2196,-0.153,55.0,65.0,65.0,50.0,55.0,0.5575,1.5236,1.5891,0.0758,0.2936,60.0,55.0,62.2341,51.8472,True,False,False,60.0,57.0407,SHAPE-ONLY
2022,661395,Jhoan Duran,True,True,False,FILE,COMPLETE,RP,16.0,57,504,291,110,0.4927,False,True,100.8175,14.0629,2173.5119,6.2208,-11.6631,0.2577,1.3768,0.2493,101.4725,14.0629,2206.5394,0.2506,0.2128,80.0,45.0,40.0,55.0,60.0,2.8852,-0.7186,-0.8689,0.6936,1.2291,55.0,60.0,54.3258,59.6132,False,True,False,60.0,56.9695,RESULTS-ONLY
2022,543037,Gerrit Cole,False,False,False,INCIDENTAL,PARTIAL,UNK,,12,77,33,15,0.4695,True,False,97.7104,18.5345,2431.9481,6.4286,-10.5694,0.303,-1.3532,0.3376,98.3654,18.5345,2464.9756,0.2467,-0.3966,65.0,65.0,60.0,55.0,45.0,1.4035,1.305,1.04,0.6164,-0.3296,65.0,50.0,62.4953,51.4338,True,False,False,60.0,56.9645,SHAPE-ONLY
2023,670280,MLBAM 670280,False,False,False,VS_PHI,PARTIAL,RP,20.0,11,50,25,6,0.4808,True,False,96.778,17.8728,2435.38,6.596,-7.7928,0.4,-1.306,0.2432,97.2693,17.8728,2460.1507,0.2711,-0.3718,60.0,60.0,60.0,60.0,45.0,0.8808,1.0056,1.0044,1.1016,-0.266,60.0,55.0,59.6359,54.1779,True,False,False,60.0,56.9069,SHAPE-ONLY
2018,622663,Luis Severino,False,False,False,VS_PHI,PARTIAL,SP,103.0,6,102,50,15,0.6375,False,True,98.2696,16.1247,2393.4314,6.1804,-5.7082,0.26,1.4598,0.4105,99.5796,16.1247,2459.4864,0.2355,-0.1748,70.0,50.0,60.0,55.0,50.0,1.9826,0.2145,0.9995,0.3919,0.2378,60.0,55.0,60.6551,53.1488,True,False,False,60.0,56.902,SHAPE-ONLY
2018,622554,Seranthony Domínguez,True,False,True,PHI,COMPLETE,RP,16.0,53,557,246,84,0.5983,False,True,97.9858,12.4281,2338.3824,6.246,-1.0167,0.2683,1.2894,0.34,99.2958,12.4281,2404.4375,0.2581,0.2207,70.0,35.0,55.0,60.0,60.0,1.8472,-1.4583,0.5929,0.8439,1.2494,55.0,60.0,53.2725,60.4661,False,True,False,60.0,56.8693,RESULTS-ONLY
2021,543507,Trevor May,False,False,False,VS_PHI,PARTIAL,RP,16.0,17,135,79,15,0.6429,False,True,96.4474,18.1751,2369.7111,6.9756,-6.4729,0.2658,1.6222,0.3882,97.2662,18.1751,2410.9955,0.2441,-0.1125,60.0,60.0,55.0,55.0,55.0,0.8793,1.1424,0.6413,0.5648,0.3971,60.0,55.0,58.8767,54.8093,True,False,False,60.0,56.843,SHAPE-ONLY
2018,614179,José Ruiz,False,False,False,FILE,COMPLETE,RP,15.5,6,51,26,9,0.573,True,False,96.1569,17.9435,2381.9608,5.8137,-8.2494,0.2692,5.1,0.2608,97.4669,17.9435,2448.0159,0.2312,-0.0846,60.0,60.0,60.0,55.0,55.0,0.975,1.0376,0.9148,0.3072,0.4684,60.0,55.0,59.7579,53.8783,True,False,False,60.0,56.8181,SHAPE-ONLY
2019,594027,Tayron Guerrero,False,False,False,VS_PHI,PARTIAL,RP,18.0,14,109,50,13,0.7219,False,True,98.2954,16.2848,2173.4771,6.5881,-8.8679,0.32,3.5275,0.1546,99.4417,16.2848,2231.2753,0.2637,0.0238,70.0,55.0,45.0,60.0,55.0,1.9168,0.2869,-0.6862,0.9556,0.7457,55.0,60.0,55.0584,58.5068,False,True,False,60.0,56.7826,RESULTS-ONLY
2023,656546,Jeff Hoffman,False,False,True,PHI,COMPLETE,RP,16.0,54,298,158,48,0.3429,False,True,97.1289,16.86,2585.1174,6.6148,-12.0173,0.2152,0.3983,0.4003,97.6201,16.86,2609.8881,0.2148,-0.1718,60.0,55.0,70.0,50.0,50.0,1.0481,0.5473,2.1104,-0.0206,0.2453,60.0,50.0,62.3526,51.1235,True,False,False,55.0,56.7381,SHAPE-ONLY
2026,686751,Seth Johnson,False,True,True,PHI,COMPLETE,RP,17.0,16,154,69,45,0.4768,False,True,97.9292,17.4226,2391.1948,6.4571,-7.8966,0.3333,-0.6396,0.3587,97.9292,17.4226,2391.1948,0.2796,-0.3673,60.0,60.0,55.0,65.0,45.0,1.1955,0.8018,0.495,1.2726,-0.2547,60.0,55.0,58.308,55.0894,True,False,False,60.0,56.6987,SHAPE-ONLY
2024,689147,Orion Kerkering,False,True,True,PHI,COMPLETE,RP,16.0,63,317,150,68,0.2916,False,True,97.5871,15.622,2354.877,6.3599,-10.7955,0.2733,1.3688,0.261,97.9146,15.622,2371.3908,0.2571,0.0555,60.0,50.0,55.0,60.0,60.0,1.1885,-0.013,0.3488,0.8227,0.8269,55.0,60.0,55.081,58.248,False,True,False,60.0,56.6645,RESULTS-ONLY
2020,453286,Max Scherzer,False,False,False,VS_PHI,PARTIAL,SP,108.0,3,59,32,9,0.4646,True,False,94.1678,16.0841,2452.9661,6.1712,-10.2976,0.4062,3.7169,0.2738,95.1503,16.0841,2502.5074,0.2836,-0.1197,50.0,50.0,65.0,65.0,55.0,-0.1297,0.1961,1.3173,1.3511,0.3786,55.0,60.0,54.6123,58.6482,False,True,False,60.0,56.6303,RESULTS-ONLY
2023,571479,Andrew Bellatti,False,False,True,PHI,COMPLETE,RP,16.0,27,216,99,36,0.4737,False,True,94.0704,16.3183,2508.9721,5.9935,-9.9056,0.2626,2.5866,0.3565,94.5616,16.3183,2533.7427,0.2449,0.1559,45.0,55.0,65.0,55.0,60.0,-0.4104,0.3021,1.548,0.5799,1.0836,55.0,60.0,54.799,58.3171,False,True,False,60.0,56.5581,RESULTS-ONLY
2018,644364,Víctor Arano,False,False,True,PHI,COMPLETE,RP,15.0,55,236,135,37,0.2495,False,True,93.9339,16.2885,2339.8517,5.9682,-11.5571,0.2741,2.7894,0.3079,95.2439,16.2885,2405.9068,0.2563,0.229,50.0,55.0,55.0,60.0,65.0,-0.085,0.2886,0.6037,0.8077,1.2706,55.0,65.0,52.691,60.3913,False,True,False,60.0,56.5411,RESULTS-ONLY
2025,683618,Edgardo Henriquez,False,False,False,TEAM,COMPLETE,RP,13.0,20,78,45,23,0.2796,True,False,100.7308,15.4754,2510.3881,6.6872,-8.5662,0.2444,-0.9974,0.3465,100.8945,15.4754,2518.6449,0.2273,-0.3736,75.0,50.0,65.0,50.0,45.0,2.6096,-0.0793,1.4364,0.2297,-0.2706,65.0,50.0,63.2224,49.7956,True,False,False,60.0,56.509,SHAPE-ONLY
2025,661395,Jhoan Duran,True,True,False,FILE,COMPLETE,RP,14.0,67,377,210,90,0.3514,False,True,100.5682,12.6337,2107.1751,6.2085,-13.2388,0.3286,1.4918,0.2823,100.7319,12.6337,2115.432,0.3043,0.1412,75.0,35.0,35.0,70.0,60.0,2.5321,-1.3653,-1.5419,1.7648,1.0461,50.0,65.0,48.7497,64.0547,False,True,False,60.0,56.4022,RESULTS-ONLY
2018,592314,Mike Foltynewicz,False,False,False,VS_PHI,PARTIAL,SP,91.5,19,310,133,46,0.3924,False,True,96.6632,16.6378,2373.7387,6.1816,-7.5333,0.2256,1.2661,0.3526,97.9732,16.6378,2439.7938,0.222,0.0261,60.0,55.0,60.0,50.0,60.0,1.2165,0.4467,0.854,0.1237,0.7516,60.0,55.0,58.3908,54.3769,True,False,False,60.0,56.3838,SHAPE-ONLY
2025,689147,Orion Kerkering,False,True,True,PHI,COMPLETE,RP,15.0,65,365,164,88,0.3402,False,True,97.5307,15.9465,2410.211,6.414,-11.5588,0.2561,0.9619,0.2864,97.6944,15.9465,2418.4678,0.2453,-0.0035,60.0,50.0,55.0,55.0,55.0,1.0836,0.1339,0.6965,0.5873,0.676,55.0,55.0,56.3797,56.3164,False,False,False,55.0,56.3481,NOT ELITE
2025,687377,Orlando Ribalta,False,False,False,VS_PHI,PARTIAL,RP,24.0,5,54,27,13,0.3214,True,False,96.0444,17.88,2608.8148,6.4315,-7.7311,0.2222,1.8185,0.3868,96.2082,17.88,2617.0717,0.2164,-0.2267,55.0,60.0,70.0,50.0,50.0,0.3748,1.0088,2.1635,0.0119,0.105,60.0,50.0,61.8237,50.5842,True,False,False,55.0,56.204,SHAPE-ONLY
2026,689147,Orion Kerkering,False,True,True,PHI,COMPLETE,RP,17.0,62,372,159,94,0.3391,False,True,97.1487,15.9132,2348.5134,6.2495,-11.2206,0.327,0.0694,0.3369,97.1487,15.9132,2348.5134,0.2975,-0.2269,60.0,50.0,50.0,65.0,50.0,0.8233,0.1188,0.1798,1.6278,0.1044,55.0,60.0,53.7396,58.661,False,True,False,60.0,56.2003,RESULTS-ONLY
2019,543037,Gerrit Cole,False,False,False,INCIDENTAL,PARTIAL,UNK,,10,68,25,8,0.5231,True,False,96.8,18.6741,2524.1912,6.2471,-11.0612,0.16,-0.2044,0.4148,97.9463,18.6741,2581.9894,0.1971,-0.3213,60.0,65.0,70.0,45.0,50.0,1.2036,1.3682,1.9043,-0.3734,-0.137,65.0,50.0,64.9206,47.4483,True,False,False,60.0,56.1845,SHAPE-ONLY
2019,571704,Ken Giles,False,False,False,FILE,COMPLETE,RP,14.0,53,397,197,60,0.4901,False,True,96.9048,16.7852,2323.1108,5.5416,-9.9255,0.2589,0.4098,0.4414,98.0511,16.7852,2380.909,0.2488,-0.1306,65.0,55.0,55.0,55.0,55.0,1.2536,0.5134,0.4191,0.6586,0.3507,60.0,55.0,57.2869,55.0469,True,False,False,60.0,56.1669,SHAPE-ONLY
2021,614179,José Ruiz,False,False,False,FILE,COMPLETE,RP,17.0,59,617,321,157,0.595,False,True,96.9882,17.7061,2329.0211,6.0397,-6.4143,0.2181,0.7259,0.3474,97.8069,17.7061,2370.3055,0.2174,0.054,60.0,60.0,55.0,50.0,60.0,1.1372,0.9302,0.3407,0.0318,0.8229,60.0,55.0,58.027,54.2735,True,False,False,60.0,56.1503,SHAPE-ONLY
2018,608716,Drew Steckenrider,False,False,False,VS_PHI,PARTIAL,RP,16.0,19,163,79,19,0.7617,False,True,94.481,18.6324,2352.1534,6.1804,-9.5742,0.2278,2.4675,0.254,95.791,18.6324,2418.2084,0.2219,0.037,50.0,65.0,55.0,50.0,60.0,0.1759,1.3493,0.6946,0.1221,0.7794,55.0,55.0,57.3992,54.5075,False,False,False,55.0,55.9534,NOT ELITE
2024,614179,José Ruiz,False,False,True,PHI,COMPLETE,RP,16.0,47,232,124,58,0.2778,False,True,96.3724,17.5164,2316.1696,6.0598,-5.8159,0.2984,0.5513,0.342,96.6999,17.5164,2332.6834,0.272,-0.1735,55.0,60.0,50.0,60.0,50.0,0.6093,0.8443,0.0629,1.1198,0.2412,55.0,55.0,55.0548,56.8048,False,False,False,55.0,55.9298,NOT ELITE
2021,543339,Daniel Hudson,False,False,False,VS_PHI,PARTIAL,RP,16.0,9,64,35,8,0.7111,True,False,97.3047,16.7625,2326.8438,6.4094,-10.5844,0.3143,2.3125,0.2364,98.1235,16.7625,2368.1282,0.2523,-0.1814,65.0,55.0,55.0,55.0,50.0,1.2881,0.5031,0.3247,0.7272,0.221,60.0,55.0,57.0531,54.7411,True,False,False,60.0,55.8971,SHAPE-ONLY
2026,695505,Chase Burns,False,False,False,VS_PHI,PARTIAL,SP,96.0,3,118,47,21,0.5871,False,True,98.122,18.658,2689.7542,6.3907,-3.7312,0.0851,0.2746,0.3765,98.122,18.658,2689.7542,0.155,-0.2694,65.0,65.0,75.0,40.0,50.0,1.2875,1.3609,2.7003,-1.2118,-0.0042,70.0,45.0,67.829,43.9201,True,False,False,60.0,55.8745,SHAPE-ONLY
2022,656629,Michael Kopech,False,False,False,INCIDENTAL,PARTIAL,UNK,,11,99,37,17,0.6513,True,False,94.9,18.9127,2535.3939,6.6788,-10.3345,0.2162,1.0495,0.364,95.555,18.9127,2568.4215,0.2146,-0.2133,50.0,65.0,70.0,50.0,50.0,0.0633,1.4762,1.8041,-0.0233,0.1394,60.0,50.0,61.1454,50.5805,True,False,False,55.0,55.863,SHAPE-ONLY
2022,656731,Tylor Megill,False,False,False,VS_PHI,PARTIAL,SP,82.0,6,119,67,15,0.6041,False,True,95.9126,17.3687,2137.916,7.2471,-7.2161,0.3582,2.937,0.3323,96.5676,17.3687,2170.9435,0.2923,-0.0055,55.0,60.0,40.0,65.0,55.0,0.5462,0.7775,-1.1318,1.5251,0.6708,50.0,60.0,50.6395,60.9795,False,True,False,55.0,55.8095,RESULTS-ONLY
2022,664299,Cristian Javier,False,False,False,INCIDENTAL,PARTIAL,UNK,,16,87,48,21,0.6084,True,False,93.923,19.2441,2380.8276,6.0391,-7.3738,0.3125,1.4494,0.1876,94.578,19.2441,2413.8551,0.2592,-0.1965,45.0,65.0,55.0,60.0,50.0,-0.4026,1.6262,0.6624,0.8651,0.1823,55.0,55.0,56.2866,55.2371,False,False,False,55.0,55.7619,NOT ELITE
2026,681035,Christian Scott,False,False,False,VS_PHI,PARTIAL,SP,79.0,3,94,41,17,0.39,True,False,95.8351,15.3843,2357.0426,7.0521,-9.8362,0.4634,0.5234,0.2577,95.8351,15.3843,2357.0426,0.3191,-0.2606,50.0,50.0,50.0,70.0,50.0,0.1969,-0.1206,0.2428,2.0589,0.0182,50.0,60.0,51.0636,60.3859,False,True,False,55.0,55.7248,RESULTS-ONLY
2018,592826,Vince Velasquez,False,False,True,PHI,COMPLETE,SP,85.0,31,1342,654,171,0.5431,False,True,94.0396,16.9873,2334.6684,6.4467,-4.4073,0.2813,0.0007,0.3597,95.3497,16.9873,2400.7235,0.276,-0.1464,50.0,55.0,55.0,60.0,55.0,-0.0346,0.6049,0.5654,1.1998,0.3103,55.0,60.0,53.7856,57.5507,False,True,False,60.0,55.6682,RESULTS-ONLY
2019,543339,Daniel Hudson,False,False,False,VS_PHI,PARTIAL,RP,11.5,12,60,29,13,0.6186,True,False,96.405,15.914,2489.4167,6.1583,-8.97,0.2414,2.795,0.4275,97.5513,15.914,2547.2149,0.2231,-0.1648,60.0,50.0,65.0,50.0,55.0,1.0153,0.1192,1.6475,0.1447,0.2635,60.0,55.0,59.2731,52.041,True,False,False,60.0,55.657,SHAPE-ONLY
2022,592773,Ryne Stanek,False,False,False,INCIDENTAL,PARTIAL,RP,12.0,16,56,28,9,0.6512,True,False,98.1875,17.1686,2279.0357,5.9607,-10.365,0.3214,1.4946,0.2848,98.8425,17.1686,2312.0633,0.2495,-0.2391,65.0,55.0,50.0,55.0,50.0,1.631,0.6869,-0.0895,0.6717,0.0734,55.0,55.0,57.4283,53.7259,False,False,False,55.0,55.5771,NOT ELITE
2020,592826,Vince Velasquez,False,False,True,PHI,COMPLETE,SP,76.0,9,338,173,41,0.52,False,True,93.7615,19.1581,2434.5296,6.7243,-5.3496,0.2601,-0.1929,0.4359,94.7441,19.1581,2484.0709,0.2487,-0.2964,45.0,65.0,60.0,55.0,50.0,-0.3234,1.5872,1.1811,0.6562,-0.0732,55.0,55.0,58.1496,52.9153,False,False,False,55.0,55.5325,NOT ELITE
2024,621242,Edwin Díaz,False,False,False,VS_PHI,PARTIAL,RP,21.0,9,81,40,19,0.5704,True,False,98.1531,12.9837,2372.7654,7.4642,-13.9259,0.475,-1.7358,0.4005,98.4806,12.9837,2389.2792,0.3224,-0.4265,65.0,40.0,55.0,70.0,45.0,1.4585,-1.2069,0.4809,2.1251,-0.4061,55.0,60.0,52.4415,58.5954,False,True,False,60.0,55.5184,RESULTS-ONLY
2019,592773,Ryne Stanek,False,False,False,VS_PHI,PARTIAL,RP,20.0,12,52,27,12,0.5361,True,False,97.8288,18.3185,2390.5,5.7788,-8.4877,0.1852,-0.1346,0.3717,98.9751,18.3185,2448.2982,0.2044,-0.3198,65.0,60.0,60.0,50.0,50.0,1.6943,1.2073,0.9168,-0.228,-0.133,60.0,50.0,62.7279,48.1948,True,False,False,55.0,55.4614,SHAPE-ONLY
2023,622554,Seranthony Domínguez,True,False,True,PHI,COMPLETE,RP,14.0,55,336,177,53,0.3912,False,True,97.5006,15.0907,2354.2381,6.5625,-4.0632,0.3107,-0.3479,0.3705,97.9919,15.0907,2379.0087,0.2874,-0.3332,60.0,45.0,55.0,65.0,50.0,1.2254,-0.2534,0.405,1.4264,-0.1674,55.0,60.0,54.59,56.2951,False,True,False,60.0,55.4426,RESULTS-ONLY
2020,641401,Connor Brogdon,False,False,True,PHI,COMPLETE,RP,15.0,9,90,40,11,0.4891,True,False,95.2844,17.8347,2454.1556,7.1111,-8.9747,0.225,2.0633,0.3529,96.267,17.8347,2503.6969,0.2183,-0.1452,55.0,60.0,65.0,50.0,55.0,0.4028,0.9883,1.326,0.0506,0.3135,60.0,55.0,59.0573,51.8203,True,False,False,60.0,55.4388,SHAPE-ONLY
2021,605540,Brandon Woodruff,False,False,False,VS_PHI,PARTIAL,SP,102.0,11,114,69,17,0.3008,False,True,96.4149,17.4021,2388.8053,6.4425,-6.9253,0.3043,-1.3728,0.4932,97.2337,17.4021,2430.0897,0.2637,-0.428,60.0,60.0,60.0,60.0,45.0,0.8638,0.7926,0.7823,0.9539,-0.4099,60.0,55.0,58.1291,52.7195,True,False,False,60.0,55.4243,SHAPE-ONLY
2023,656629,Michael Kopech,False,False,False,INCIDENTAL,PARTIAL,UNK,,9,83,36,18,0.5685,True,False,95.394,16.6641,2520.6265,6.7928,-8.6458,0.1667,6.0542,0.2925,95.8852,16.6641,2545.3972,0.1953,0.1255,50.0,55.0,65.0,45.0,60.0,0.2208,0.4586,1.6341,-0.4097,1.0058,55.0,55.0,57.7115,52.9804,False,False,False,55.0,55.3459,NOT ELITE
2023,594798,Jacob deGrom,False,False,False,VS_PHI,PARTIAL,SP,73.0,2,51,25,9,0.6538,True,False,98.4588,17.0847,2545.4118,6.8176,-8.3765,0.2,-3.3235,0.418,98.9501,17.0847,2570.1824,0.2094,-0.4633,65.0,55.0,70.0,50.0,45.0,1.6823,0.6489,1.8171,-0.1276,-0.5,65.0,50.0,63.828,46.862,True,False,False,60.0,55.345,SHAPE-ONLY
2021,453178,Ian Kennedy,False,False,True,PHI,COMPLETE,RP,19.0,28,381,205,52,0.8265,False,True,93.8913,17.5965,2412.1024,6.5068,-10.8627,0.2585,0.6121,0.3935,94.7101,17.5965,2453.3868,0.2489,-0.0839,45.0,60.0,60.0,55.0,55.0,-0.3396,0.8806,0.9544,0.6594,0.4702,55.0,55.0,54.9846,55.6478,False,False,False,55.0,55.3162,NOT ELITE
2024,672578,Carlos Hernández,False,False,False,FILE,COMPLETE,RP,18.0,27,302,160,69,0.5393,False,True,97.8841,16.9669,2411.7318,6.7675,-8.2192,0.1562,2.1017,0.3122,98.2116,16.9669,2428.2456,0.1711,0.2011,65.0,55.0,60.0,40.0,60.0,1.3302,0.5956,0.7687,-0.8905,1.1991,60.0,50.0,58.9817,51.5428,True,False,False,55.0,55.2623,SHAPE-ONLY
2021,543037,Gerrit Cole,False,False,False,INCIDENTAL,PARTIAL,UNK,,8,56,25,9,0.4628,True,False,97.4071,17.6764,2422.8929,6.5196,-11.7707,0.28,-2.7286,0.4587,98.2259,17.6764,2464.1773,0.2341,-0.4466,65.0,60.0,60.0,55.0,45.0,1.337,0.9167,1.0341,0.3641,-0.4574,60.0,50.0,60.9595,49.5336,True,False,False,55.0,55.2465,SHAPE-ONLY
2025,686218,Emmet Sheehan,False,False,False,TEAM,COMPLETE,SP,80.0,15,536,275,135,0.4677,False,True,95.6213,17.8766,2444.0448,6.7151,-9.2975,0.2655,-0.3097,0.3588,95.785,17.8766,2452.3017,0.2567,-0.3224,50.0,60.0,60.0,60.0,50.0,0.173,1.0073,0.9464,0.8146,-0.1397,55.0,55.0,57.0891,53.3745,False,False,False,55.0,55.2318,NOT ELITE
2018,595465,Dan Winkler,False,False,False,VS_PHI,PARTIAL,RP,10.0,17,62,26,5,0.3924,True,False,93.3274,15.0716,2531.5323,6.0613,-5.8568,0.3846,1.7194,0.4496,94.6374,15.0716,2597.5873,0.2678,-0.2178,45.0,45.0,70.0,60.0,50.0,-0.3742,-0.2621,2.0196,1.0357,0.1278,55.0,55.0,54.6108,55.8175,False,False,False,55.0,55.2142,NOT ELITE
2025,690953,Mick Abel,False,False,True,PHI,COMPLETE,SP,77.0,8,235,123,55,0.436,False,True,96.3179,16.3797,2538.4255,6.6791,-8.1779,0.2602,-0.3443,0.4221,96.4816,16.3797,2546.6824,0.2456,-0.3314,55.0,55.0,65.0,55.0,50.0,0.5052,0.3299,1.6435,0.5935,-0.1628,60.0,55.0,58.2622,52.1533,True,False,False,60.0,55.2077,SHAPE-ONLY
2022,593576,Hector Neris,False,False,False,FILE,COMPLETE,RP,15.0,69,414,199,65,0.4091,False,True,94.2821,17.1278,2448.1691,6.2029,-10.4412,0.2412,0.7768,0.4163,94.9371,17.1278,2481.1966,0.2351,-0.0231,50.0,55.0,60.0,55.0,55.0,-0.2313,0.6685,1.1598,0.3853,0.6259,55.0,55.0,55.3232,55.0561,False,False,False,55.0,55.1896,NOT ELITE
2018,593576,Hector Neris,False,False,True,PHI,COMPLETE,RP,15.0,53,339,156,42,0.4259,False,True,94.6422,16.4874,2462.6106,5.9873,-8.7529,0.2821,-0.6024,0.4544,95.9522,16.4874,2528.6657,0.2639,-0.3939,55.0,55.0,65.0,60.0,45.0,0.2527,0.3787,1.5105,0.9597,-0.3226,60.0,55.0,57.1395,53.1857,True,False,False,60.0,55.1626,SHAPE-ONLY
2018,502522,Justin Miller,False,False,False,VS_PHI,PARTIAL,RP,16.0,16,130,74,15,0.6047,False,True,94.1608,17.0169,2425.5385,6.3562,-5.0114,0.2838,0.3831,0.3285,95.4708,17.0169,2491.5935,0.2535,-0.2524,50.0,55.0,60.0,60.0,50.0,0.0232,0.6183,1.2366,0.7518,0.0393,55.0,55.0,56.2602,53.9556,False,False,False,55.0,55.1079,NOT ELITE
2025,592779,Brock Stewart,False,False,False,TEAM,COMPLETE,RP,18.5,7,52,35,15,0.4952,True,False,97.0481,13.0038,2613.5,6.3827,-5.8269,0.2857,3.5442,0.2663,97.2118,13.0038,2621.7569,0.2413,-0.1513,60.0,40.0,70.0,55.0,55.0,0.8534,-1.1978,2.1981,0.5084,0.2979,55.0,55.0,56.179,54.0312,False,False,False,55.0,55.1051,NOT ELITE
2025,669358,Shane Baz,False,False,False,INCIDENTAL,PARTIAL,SP,83.0,3,81,44,13,0.4241,True,False,97.2469,16.9481,2468.8765,6.416,-9.7067,0.2273,1.6,0.3148,97.4107,16.9481,2477.1334,0.2196,-0.1945,60.0,55.0,60.0,50.0,50.0,0.9482,0.5871,1.1298,0.0758,0.1874,60.0,50.0,58.884,51.316,True,False,False,55.0,55.1,SHAPE-ONLY
2019,608032,Carlos Estévez,False,False,False,FILE,COMPLETE,RP,17.0,71,837,431,203,0.675,False,True,97.845,14.7533,2248.3106,6.1232,-6.0358,0.3039,-0.4517,0.3402,98.9913,14.7533,2306.1088,0.2935,-0.3823,65.0,45.0,50.0,65.0,45.0,1.702,-0.4061,-0.1334,1.5496,-0.2929,55.0,55.0,53.8748,56.2836,False,False,False,55.0,55.0792,NOT ELITE
2025,806185,Hayden Birdsong,False,False,False,TEAM,COMPLETE,RP,26.0,7,69,39,24,0.46,True,False,96.4783,18.6226,2373.7246,6.4841,-6.7426,0.2308,3.042,0.3643,96.642,18.6226,2381.9815,0.2206,-0.1269,55.0,65.0,55.0,50.0,55.0,0.5817,1.3449,0.427,0.0964,0.3604,60.0,55.0,57.8452,52.2839,True,False,False,60.0,55.0645,SHAPE-ONLY
2021,669302,Logan Gilbert,False,False,False,INCIDENTAL,PARTIAL,UNK,,8,91,52,20,0.6319,True,False,95.6154,17.6189,2221.022,7.4604,-5.4607,0.2885,3.9626,0.2839,96.4341,17.6189,2262.3064,0.2496,0.0038,55.0,60.0,45.0,55.0,55.0,0.4826,0.8907,-0.457,0.6739,0.6946,55.0,55.0,53.0542,56.8428,False,False,False,55.0,54.9485,NOT ELITE
2022,621242,Edwin Díaz,False,False,False,VS_PHI,PARTIAL,RP,14.0,20,75,36,8,0.3589,True,False,99.216,13.7856,2346.0933,7.3284,-13.2272,0.3611,-1.0293,0.2401,99.871,13.7856,2379.1209,0.2713,-0.374,70.0,40.0,55.0,60.0,45.0,2.1215,-0.844,0.4059,1.1055,-0.2717,55.0,55.0,55.6112,54.1689,False,False,False,55.0,54.89,NOT ELITE
2025,694973,Paul Skenes,False,False,False,VS_PHI,PARTIAL,SP,99.5,4,158,80,30,0.3901,False,True,98.1892,11.6613,2235.6266,6.612,-14.9332,0.3625,2.9582,0.2469,98.353,11.6613,2243.8835,0.3011,0.0896,65.0,30.0,45.0,65.0,60.0,1.3976,-1.8054,-0.5931,1.7009,0.9141,45.0,65.0,46.664,63.075,False,True,False,55.0,54.8695,RESULTS-ONLY
2023,601713,Nick Pivetta,False,False,False,INCIDENTAL,PARTIAL,UNK,,9,68,29,9,0.5397,True,False,94.7691,20.0718,2352.9412,6.9147,-4.1382,0.2069,3.8147,0.433,95.2604,20.0718,2377.7118,0.2113,-0.084,50.0,70.0,55.0,50.0,55.0,-0.0772,2.0007,0.3955,-0.0895,0.47,60.0,55.0,57.7298,51.9026,True,False,False,60.0,54.8162,SHAPE-ONLY
2019,622554,Seranthony Domínguez,True,False,True,PHI,COMPLETE,RP,16.0,27,277,132,41,0.597,False,True,97.2989,12.9994,2380.4152,6.0679,-2.3311,0.2955,0.1487,0.3344,98.4452,12.9994,2438.2134,0.271,-0.2315,65.0,40.0,60.0,60.0,50.0,1.4416,-1.1998,0.8423,1.1012,0.0929,55.0,55.0,53.6137,55.9701,False,False,False,55.0,54.7919,NOT ELITE
2023,668881,Hunter Greene,False,False,False,VS_PHI,PARTIAL,SP,93.0,6,108,63,13,0.5567,False,True,99.1318,15.6718,2349.2762,6.4415,-13.32,0.254,0.0833,0.461,99.623,15.6718,2374.0468,0.235,-0.2913,70.0,50.0,55.0,55.0,50.0,2.0033,0.0095,0.3684,0.3817,-0.0602,60.0,55.0,57.9373,51.6074,True,False,False,60.0,54.7723,SHAPE-ONLY
2024,656302,Dylan Cease,False,False,False,VS_PHI,PARTIAL,SP,91.0,5,52,25,16,0.3714,True,False,96.6769,18.2123,2539.38,6.2692,-2.3608,0.2,-2.6538,0.3418,97.0044,18.2123,2555.8938,0.2094,-0.4351,60.0,60.0,65.0,50.0,45.0,0.7545,1.1592,1.7116,-0.1276,-0.4281,60.0,50.0,62.0844,47.2219,True,False,False,55.0,54.6532,SHAPE-ONLY
2021,663432,Tanner Rainey,False,False,False,VS_PHI,PARTIAL,RP,19.0,11,90,38,11,0.6081,True,False,96.57,18.2973,2401.4222,6.2022,-8.1947,0.3158,-4.4022,0.4831,97.3888,18.2973,2442.7066,0.2549,-0.641,60.0,60.0,60.0,60.0,40.0,0.9378,1.1977,0.8755,0.7787,-0.9547,60.0,50.0,60.0367,49.1199,True,False,False,55.0,54.5783,SHAPE-ONLY
2023,676440,Tanner Bibee,False,False,False,VS_PHI,PARTIAL,SP,102.0,8,77,34,10,0.4254,True,False,95.2416,16.2732,2342.2468,6.6052,-4.7268,0.3529,2.5234,0.1362,95.7328,16.2732,2367.0174,0.2662,-0.1394,50.0,55.0,55.0,60.0,55.0,0.1481,0.2817,0.3165,1.0043,0.3282,55.0,60.0,52.4876,56.6627,False,True,False,60.0,54.5752,RESULTS-ONLY
2021,642547,Freddy Peralta,False,False,False,VS_PHI,PARTIAL,SP,77.0,14,153,70,18,0.4968,False,True,93.5268,16.8384,2372.7124,7.1294,-7.3702,0.3429,0.1065,0.4849,94.3456,16.8384,2413.9968,0.2854,-0.2748,45.0,55.0,55.0,65.0,50.0,-0.5134,0.5375,0.6635,1.3865,-0.018,50.0,60.0,52.2917,56.8423,False,True,False,55.0,54.567,RESULTS-ONLY
2024,601713,Nick Pivetta,False,False,False,VS_PHI,PARTIAL,SP,93.0,5,71,33,17,0.5108,True,False,94.0859,20.2834,2355.5352,6.8577,-4.1899,0.2727,1.3042,0.2946,94.4134,20.2834,2372.049,0.2355,-0.2282,45.0,70.0,55.0,55.0,50.0,-0.4811,2.0964,0.3536,0.3926,0.1011,55.0,55.0,56.5633,52.4685,False,False,False,55.0,54.5159,NOT ELITE
2021,683232,Nick Mears,False,False,False,VS_PHI,PARTIAL,RP,15.5,11,62,39,8,0.6526,True,False,95.65,19.5542,2195.2258,6.7129,-4.3084,0.2821,2.25,0.4692,96.4688,19.5542,2236.5102,0.2417,-0.1891,55.0,70.0,45.0,55.0,50.0,0.4991,1.7665,-0.6475,0.5157,0.2012,55.0,55.0,55.3933,53.5844,False,False,False,55.0,54.4889,NOT ELITE
2021,670280,MLBAM 670280,False,False,False,INCIDENTAL,PARTIAL,RP,17.5,14,58,39,10,0.5577,True,False,96.6621,16.6552,2315.5172,6.65,-8.5428,0.2308,5.3362,0.1725,97.4808,16.6552,2356.8017,0.2206,-0.0408,60.0,55.0,50.0,50.0,55.0,0.9817,0.4546,0.241,0.0964,0.5804,55.0,55.0,55.5908,53.384,False,False,False,55.0,54.4874,NOT ELITE
2022,669302,Logan Gilbert,False,False,False,INCIDENTAL,PARTIAL,SP,95.0,9,123,74,17,0.634,False,True,96.0309,17.4263,2119.0407,7.4382,-6.1034,0.3243,1.9057,0.4181,96.6859,17.4263,2152.0682,0.2766,-0.1009,55.0,60.0,35.0,60.0,55.0,0.6026,0.8035,-1.2713,1.2116,0.4268,50.0,60.0,50.4497,58.192,False,True,False,55.0,54.3209,RESULTS-ONLY
2021,656546,Jeff Hoffman,False,False,False,FILE,COMPLETE,RP,34.0,31,762,369,132,0.5603,False,True,94.2732,18.3203,2467.4447,6.5068,-10.4009,0.2412,-0.4959,0.4,95.092,18.3203,2508.7292,0.2376,-0.3977,50.0,60.0,65.0,55.0,45.0,-0.1575,1.2081,1.3632,0.4335,-0.3324,60.0,50.0,58.046,50.5054,True,False,False,55.0,54.2757,SHAPE-ONLY
2018,592791,Jameson Taillon,False,False,False,FILE,COMPLETE,SP,95.5,32,1045,507,244,0.353,False,True,95.1737,15.4288,2350.2421,6.2717,-3.9475,0.2426,0.1938,0.2934,96.4837,15.4288,2416.2972,0.2397,-0.0722,55.0,50.0,55.0,55.0,55.0,0.5062,-0.1004,0.6805,0.4766,0.5003,55.0,55.0,53.6208,54.8843,False,False,False,55.0,54.2525,NOT ELITE
2022,686752,Ryan Pepiot,False,False,False,FILE,COMPLETE,SP,84.0,9,413,181,92,0.5604,False,True,93.9511,18.0837,2410.3632,6.8579,-9.9356,0.2762,-0.4923,0.3615,94.6061,18.0837,2443.3907,0.2614,-0.3738,45.0,60.0,60.0,60.0,45.0,-0.3892,1.101,0.8806,0.9093,-0.2712,55.0,55.0,55.308,53.1907,False,False,False,55.0,54.2494,NOT ELITE
2025,642547,Freddy Peralta,False,False,False,INCIDENTAL,PARTIAL,SP,92.0,6,160,60,34,0.5178,False,True,95.4231,16.9492,2462.2312,6.7962,-4.5945,0.2,2.2988,0.2119,95.5869,16.9492,2470.4881,0.2066,0.0094,50.0,55.0,60.0,50.0,55.0,0.0785,0.5876,1.0807,-0.1841,0.7089,55.0,55.0,55.823,52.6239,False,False,False,55.0,54.2234,NOT ELITE
2019,608337,Lucas Giolito,False,False,False,INCIDENTAL,PARTIAL,UNK,,14,110,61,14,0.5473,False,True,94.1091,18.0785,2333.2545,6.7,-7.6756,0.2623,1.1791,0.2989,95.2554,18.0785,2391.0527,0.239,-0.1897,50.0,60.0,55.0,55.0,50.0,-0.0796,1.0987,0.494,0.4617,0.1997,55.0,55.0,55.0437,53.3069,False,False,False,55.0,54.1753,NOT ELITE
2025,621242,Edwin Díaz,False,False,False,INCIDENTAL,PARTIAL,RP,16.0,9,57,28,16,0.4672,True,False,97.2719,13.2316,2313.193,7.2825,-13.2758,0.4643,1.9333,0.28,97.4357,13.2316,2321.4499,0.2971,-0.2156,60.0,40.0,50.0,65.0,50.0,0.9602,-1.0947,-0.0201,1.6199,0.1334,50.0,60.0,49.4843,58.7667,False,True,False,55.0,54.1255,RESULTS-ONLY
2020,543339,Daniel Hudson,False,False,False,VS_PHI,PARTIAL,RP,21.5,5,70,42,10,0.7143,True,False,96.46,17.3571,2305.3286,6.4157,-9.7577,0.2143,3.1014,0.33,97.4425,17.3571,2354.8699,0.2139,-0.1205,60.0,60.0,50.0,50.0,55.0,0.9634,0.7722,0.2267,-0.0381,0.3766,55.0,55.0,56.5413,51.6925,False,False,False,55.0,54.1169,NOT ELITE
2018,607192,Tyler Glasnow,False,False,False,VS_PHI,PARTIAL,SP,61.0,11,131,46,16,0.736,False,True,95.813,15.9408,2408.0382,7.7115,0.8986,0.3478,-3.0061,0.3721,97.123,15.9408,2474.0932,0.2741,-0.6174,60.0,50.0,60.0,60.0,40.0,0.8111,0.1313,1.1074,1.1616,-0.8943,55.0,50.0,56.8323,51.3365,False,False,False,55.0,54.0844,NOT ELITE
2019,605513,Spencer Turnbull,False,False,False,FILE,COMPLETE,SP,92.0,30,1190,611,190,0.4472,False,True,93.6374,11.3916,2395.5361,6.0923,-2.1918,0.2308,1.4402,0.3731,94.7837,11.3916,2453.3343,0.2293,0.5971,45.0,30.0,60.0,55.0,70.0,-0.3045,-1.9274,0.954,0.2695,2.2122,45.0,65.0,45.7405,62.4085,False,True,False,55.0,54.0745,RESULTS-ONLY
2021,608337,Lucas Giolito,False,False,False,INCIDENTAL,PARTIAL,UNK,,13,107,49,27,0.4886,False,True,93.9084,19.4041,2350.8505,6.7972,-6.3219,0.2449,0.9252,0.3365,94.7272,19.4041,2392.1349,0.2282,-0.216,45.0,65.0,55.0,50.0,50.0,-0.3315,1.6985,0.502,0.2469,0.1325,55.0,50.0,56.2303,51.8971,False,False,False,55.0,54.0637,NOT ELITE
2025,607192,Tyler Glasnow,False,False,False,TEAM,COMPLETE,SP,87.0,18,524,245,136,0.3541,False,True,95.7296,16.4194,2529.5897,7.6099,-1.0837,0.1878,0.638,0.3227,95.8933,16.4194,2537.8466,0.1926,-0.0136,50.0,55.0,65.0,45.0,55.0,0.2247,0.3479,1.5783,-0.4633,0.6502,55.0,50.0,57.1693,50.9344,False,False,False,55.0,54.0518,NOT ELITE
2023,686752,Ryan Pepiot,False,False,False,FILE,COMPLETE,SP,84.0,8,331,152,70,0.5061,False,True,93.9683,17.6367,2341.6707,6.8514,-7.8475,0.2237,1.5553,0.2837,94.4595,17.6367,2366.4413,0.221,0.1122,45.0,60.0,55.0,50.0,60.0,-0.4591,0.8988,0.3122,0.1028,0.9718,55.0,55.0,52.5062,55.373,False,False,False,55.0,53.9396,NOT ELITE
2022,660853,Enyel De Los Santos,False,False,False,FILE,COMPLETE,RP,16.0,50,511,284,75,0.6047,False,True,95.2693,14.2297,2250.5772,6.0044,-11.8499,0.2606,1.4528,0.4541,95.9243,14.2297,2283.6047,0.2528,0.2422,50.0,45.0,45.0,55.0,65.0,0.2394,-0.643,-0.2997,0.7378,1.3045,45.0,60.0,47.6557,60.2113,False,True,False,55.0,53.9335,RESULTS-ONLY
2023,607192,Tyler Glasnow,False,False,False,INCIDENTAL,PARTIAL,UNK,,10,67,32,12,0.4926,True,False,96.3746,17.2281,2523.1493,7.5149,-1.0406,0.1562,0.6791,0.4687,96.8659,17.2281,2547.9199,0.1928,-0.27,55.0,55.0,65.0,45.0,50.0,0.6884,0.7138,1.6527,-0.4593,-0.0056,60.0,50.0,60.1831,47.6755,True,False,False,55.0,53.9293,SHAPE-ONLY
2020,502202,Brad Boxberger,False,False,False,VS_PHI,PARTIAL,RP,18.5,7,56,25,6,0.6292,True,False,92.6696,17.8007,2484.2679,5.7339,-5.22,0.28,1.5839,0.4735,93.6522,17.8007,2533.8092,0.2341,-0.2347,40.0,60.0,65.0,55.0,50.0,-0.8441,0.973,1.5485,0.3641,0.0847,55.0,55.0,55.591,52.2438,False,False,False,55.0,53.9174,NOT ELITE
2025,664854,Ryan Helsley,False,False,False,VS_PHI,PARTIAL,RP,15.0,9,66,32,16,0.4925,True,False,99.2955,17.94,2525.5455,6.6212,-1.7655,0.125,-4.4106,0.4375,99.4592,17.94,2533.8023,0.1814,-0.563,70.0,60.0,65.0,45.0,40.0,1.9251,1.036,1.5484,-0.6856,-0.7551,65.0,45.0,65.0318,42.7965,True,False,False,55.0,53.9141,SHAPE-ONLY
2018,593140,MLBAM 593140,False,False,False,INCIDENTAL,PARTIAL,RP,16.0,11,60,35,7,0.5769,True,False,95.3017,18.716,2325.5167,6.555,-3.81,0.2857,-3.6683,0.6051,96.6117,18.716,2391.5717,0.2413,-0.5039,55.0,65.0,55.0,55.0,45.0,0.5672,1.3872,0.4978,0.5084,-0.6039,60.0,50.0,58.174,49.5224,True,False,False,55.0,53.8482,SHAPE-ONLY
2025,694361,Will Klein,False,False,False,TEAM,COMPLETE,RP,21.5,14,175,74,36,0.5738,False,True,97.9194,17.2587,2215.3429,6.6326,-6.5815,0.2703,0.396,0.3252,98.0832,17.2587,2223.5997,0.2458,-0.2279,65.0,55.0,45.0,55.0,50.0,1.2689,0.7277,-0.7429,0.5986,0.102,55.0,55.0,54.1792,53.503,False,False,False,55.0,53.8411,NOT ELITE
2021,622491,Luis Castillo,False,False,False,VS_PHI,PARTIAL,SP,106.0,7,79,44,7,0.3004,True,False,97.9633,12.4815,2335.1772,5.5532,-13.5965,0.3636,-0.0329,0.223,98.7821,12.4815,2376.4616,0.2796,-0.3086,65.0,35.0,55.0,65.0,50.0,1.6022,-1.4342,0.3862,1.2708,-0.1043,50.0,60.0,51.8476,55.8324,False,True,False,55.0,53.84,RESULTS-ONLY
2022,640451,Hunter Harvey,False,False,False,VS_PHI,PARTIAL,RP,23.0,9,75,45,13,0.6944,True,False,98.5813,17.2224,2021.5067,6.1053,-9.3648,0.2889,3.7653,0.3465,99.2363,17.2224,2054.5342,0.2471,-0.0636,70.0,55.0,30.0,55.0,55.0,1.8189,0.7112,-1.9917,0.6241,0.5221,50.0,55.0,51.7947,55.7311,False,False,False,55.0,53.7629,NOT ELITE
2025,641745,Brad Keller,False,True,False,FILE,COMPLETE,RP,16.0,68,471,211,113,0.4228,False,True,97.1771,15.106,2381.983,5.9558,-1.4155,0.1706,1.7433,0.3194,97.3408,15.106,2390.2399,0.1796,0.2991,60.0,50.0,55.0,45.0,65.0,0.9149,-0.2465,0.488,-0.721,1.4499,55.0,55.0,53.8547,53.6446,False,False,False,55.0,53.7496,NOT ELITE
2025,664747,Alexis Díaz,False,False,False,TEAM,COMPLETE,RP,17.0,10,105,50,20,0.6176,False,True,93.8657,15.6571,2585.3429,7.5943,-10.7166,0.24,2.1095,0.2657,94.0295,15.6571,2593.5997,0.226,-0.1133,45.0,50.0,70.0,50.0,55.0,-0.6642,0.0029,1.9901,0.204,0.3952,55.0,55.0,54.4295,52.9961,False,False,False,55.0,53.7128,NOT ELITE
2022,605218,Carl Edwards,False,False,False,VS_PHI,PARTIAL,RP,16.5,10,89,33,8,0.6794,True,False,94.7989,16.138,2505.9326,6.8865,2.0885,0.2727,-0.191,0.5345,95.4539,16.138,2538.9601,0.2355,-0.3182,50.0,50.0,65.0,55.0,50.0,0.0151,0.2205,1.5865,0.3926,-0.129,55.0,55.0,56.0737,51.318,False,False,False,55.0,53.6958,NOT ELITE
2021,656876,Drew Rasmussen,False,False,False,VS_PHI,PARTIAL,RP,35.0,11,118,60,25,0.6277,False,True,96.6975,17.0919,2399.6695,6.5449,-4.5875,0.1,4.3212,0.322,97.5162,17.0919,2440.9539,0.1549,0.128,60.0,55.0,60.0,40.0,60.0,0.9986,0.6522,0.8626,-1.2144,1.0122,60.0,50.0,58.3778,48.989,True,False,False,55.0,53.6834,SHAPE-ONLY
2024,593423,Frankie Montas,False,False,False,VS_PHI,PARTIAL,SP,100.0,4,63,46,21,0.2812,True,False,94.6698,16.16,2389.5238,5.981,-5.4019,0.3261,1.3683,0.374,94.9973,16.16,2406.0376,0.2643,-0.2354,50.0,50.0,55.0,60.0,50.0,-0.2026,0.2305,0.6047,0.9664,0.0827,50.0,55.0,52.1085,55.2456,False,False,False,55.0,53.677,NOT ELITE
2025,808967,Yoshinobu Yamamoto,False,False,False,TEAM,COMPLETE,SP,95.0,30,994,392,201,0.3564,False,True,95.3674,15.9546,2200.494,6.4817,-6.9664,0.1913,1.7002,0.2988,95.5312,15.9546,2208.7508,0.1941,0.642,50.0,50.0,40.0,45.0,75.0,0.0519,0.1375,-0.8526,-0.4325,2.327,45.0,60.0,47.7896,59.4726,False,True,False,55.0,53.6311,RESULTS-ONLY
2020,554430,Zack Wheeler,True,True,True,PHI,COMPLETE,SP,98.0,11,472,258,99,0.4378,False,True,96.9439,14.0949,2333.7394,7.153,-5.9502,0.2016,1.2475,0.3424,97.9264,14.0949,2383.2807,0.2037,0.1496,60.0,45.0,55.0,50.0,60.0,1.1942,-0.704,0.4366,-0.2413,1.0674,55.0,55.0,53.089,54.1305,False,False,False,55.0,53.6097,NOT ELITE
2025,669194,Ryne Nelson,False,False,False,INCIDENTAL,PARTIAL,SP,95.0,8,197,108,56,0.6334,False,True,95.7893,18.932,2247.0914,6.9066,-2.6175,0.1481,3.9426,0.3192,95.9531,18.932,2255.3483,0.1705,0.3284,55.0,65.0,45.0,40.0,65.0,0.2532,1.4849,-0.5084,-0.9028,1.5249,55.0,55.0,54.0989,53.1105,False,False,False,55.0,53.6047,NOT ELITE
2023,614179,José Ruiz,False,False,False,FILE,COMPLETE,RP,22.0,37,257,121,66,0.3134,False,True,96.4665,16.9695,2273.5914,6.016,-5.668,0.3388,-2.0253,0.3633,96.9578,16.9695,2298.3621,0.2992,-0.6539,55.0,55.0,50.0,65.0,40.0,0.7323,0.5968,-0.1907,1.6619,-0.9876,55.0,55.0,53.7947,53.3714,False,False,False,55.0,53.583,NOT ELITE
2024,661395,Jhoan Duran,True,True,False,FILE,COMPLETE,RP,15.0,56,359,180,81,0.4075,False,True,100.461,12.2497,2035.4429,6.3588,-12.3052,0.3611,-0.2579,0.2823,100.7885,12.2497,2051.9567,0.3261,-0.3111,75.0,35.0,30.0,70.0,50.0,2.559,-1.5391,-2.0107,2.198,-0.1107,45.0,60.0,46.6975,60.4365,False,True,False,55.0,53.567,RESULTS-ONLY
2020,605513,Spencer Turnbull,False,False,False,FILE,COMPLETE,SP,88.0,11,434,179,56,0.4507,False,True,93.7235,11.1771,2500.2903,6.2558,-2.155,0.2793,1.1606,0.4182,94.706,11.1771,2549.8316,0.2636,0.0972,45.0,30.0,65.0,60.0,60.0,-0.3415,-2.0244,1.6668,0.9537,0.9336,45.0,60.0,47.6694,59.4364,False,True,False,55.0,53.5529,RESULTS-ONLY
2024,669194,Ryne Nelson,False,False,False,VS_PHI,PARTIAL,SP,97.0,7,102,63,28,0.6,False,True,95.5696,18.1541,2205.4706,6.749,-4.8635,0.254,3.2696,0.2543,95.8971,18.1541,2221.9844,0.235,-0.0191,50.0,60.0,40.0,55.0,55.0,0.2265,1.1329,-0.7548,0.3817,0.6361,50.0,55.0,52.0151,55.0889,False,False,False,55.0,53.552,NOT ELITE
2023,669194,Ryne Nelson,False,False,False,VS_PHI,PARTIAL,SP,82.0,5,115,62,23,0.5583,False,True,94.9843,18.8296,2252.9391,6.7539,-3.6073,0.2419,1.8965,0.3653,95.4756,18.8296,2277.7098,0.2285,-0.1152,50.0,65.0,45.0,55.0,55.0,0.0255,1.4385,-0.3432,0.2526,0.3903,55.0,55.0,53.736,53.2145,False,False,False,55.0,53.4752,NOT ELITE
2021,502202,Brad Boxberger,False,False,False,VS_PHI,PARTIAL,RP,17.0,9,52,27,8,0.52,True,False,93.7077,17.9585,2442.8462,5.6712,-6.87,0.2222,2.525,0.4129,94.5265,17.9585,2484.1306,0.2164,-0.198,45.0,60.0,60.0,50.0,50.0,-0.4272,1.0443,1.1815,0.0119,0.1785,55.0,50.0,55.9956,50.9518,False,False,False,55.0,53.4737,NOT ELITE
2022,641401,Connor Brogdon,False,False,True,PHI,COMPLETE,RP,15.0,45,227,115,34,0.3197,False,True,95.1242,16.4849,2294.467,7.0132,-10.7931,0.3304,-1.137,0.4466,95.7792,16.4849,2327.4945,0.2921,-0.4687,50.0,55.0,50.0,65.0,45.0,0.1702,0.3775,0.0245,1.5215,-0.5138,50.0,55.0,51.9076,55.0384,False,False,False,55.0,53.473,NOT ELITE
2026,669302,Logan Gilbert,False,False,False,VS_PHI,PARTIAL,SP,102.0,2,54,26,10,0.4779,True,False,97.4852,17.2378,2343.7222,7.5667,-8.5178,0.2692,-0.2944,0.3573,97.4852,17.2378,2343.7222,0.2312,-0.327,60.0,55.0,50.0,55.0,50.0,0.9838,0.7182,0.1444,0.3072,-0.1516,55.0,55.0,56.1546,50.7784,False,False,False,55.0,53.4665,NOT ELITE
2024,607192,Tyler Glasnow,False,False,False,VS_PHI,PARTIAL,SP,91.0,4,55,30,14,0.4472,True,False,95.8691,12.6153,2626.7636,7.4418,1.9484,0.2667,2.1818,0.1968,96.1966,12.6153,2643.2774,0.2321,-0.2074,55.0,35.0,75.0,55.0,50.0,0.3693,-1.3736,2.357,0.3246,0.1544,55.0,55.0,54.5089,52.3954,False,False,False,55.0,53.4522,NOT ELITE
2024,608032,Carlos Estévez,False,False,False,FILE,COMPLETE,RP,15.0,54,502,270,137,0.6114,False,True,96.7568,17.0639,2124.4382,6.3914,-7.893,0.2296,1.1918,0.3134,97.0843,17.0639,2140.952,0.2269,0.1527,60.0,55.0,35.0,50.0,60.0,0.7926,0.6395,-1.3534,0.2206,1.0755,50.0,55.0,50.2625,56.4805,False,False,False,55.0,53.3715,NOT ELITE
2018,594027,Tayron Guerrero,False,False,False,VS_PHI,PARTIAL,RP,20.0,15,132,68,17,0.7811,False,True,98.1053,15.8964,2148.2576,6.7205,-10.1473,0.3529,-3.1591,0.521,99.4153,15.8964,2214.3127,0.29,-0.636,70.0,50.0,40.0,65.0,40.0,1.9042,0.1112,-0.8115,1.4782,-0.9419,55.0,55.0,54.013,52.6815,False,False,False,55.0,53.3472,NOT ELITE
2022,605400,Aaron Nola,False,True,True,PHI,COMPLETE,SP,97.5,32,1015,491,144,0.334,False,True,92.7527,15.4223,2307.8345,6.951,-13.0559,0.2424,0.9975,0.3618,93.4077,15.4223,2340.862,0.2394,0.3128,40.0,50.0,50.0,55.0,65.0,-0.9607,-0.1034,0.1233,0.4706,1.4849,45.0,60.0,46.8641,59.7772,False,True,False,55.0,53.3206,RESULTS-ONLY
2025,628452,Raisel Iglesias,False,False,False,VS_PHI,PARTIAL,RP,14.0,12,64,38,16,0.3556,True,False,94.7266,15.5062,2293.9688,6.225,-8.4956,0.3684,3.7906,0.2189,94.8903,15.5062,2302.2256,0.2761,-0.0989,45.0,50.0,50.0,60.0,55.0,-0.2537,-0.0654,-0.1621,1.2024,0.4319,50.0,60.0,48.3962,58.1715,False,True,False,55.0,53.2838,RESULTS-ONLY
2023,607067,Colin Rea,False,False,False,FILE,COMPLETE,SP,83.5,26,384,203,88,0.1905,False,True,93.2253,14.6772,2156.4726,6.5841,-6.9597,0.266,2.9773,0.2819,93.7165,14.6772,2181.2432,0.2547,0.5364,40.0,45.0,40.0,60.0,70.0,-0.8134,-0.4405,-1.0558,0.7746,2.0568,40.0,65.0,42.3009,64.1568,False,True,False,55.0,53.2289,RESULTS-ONLY
2024,642547,Freddy Peralta,False,False,False,VS_PHI,PARTIAL,SP,91.0,7,85,47,16,0.5705,True,False,94.0529,16.8014,2427.7294,6.6576,-6.7129,0.2766,1.18,0.2549,94.3804,16.8014,2444.2432,0.2423,-0.2189,45.0,55.0,60.0,55.0,50.0,-0.4968,0.5207,0.8869,0.5285,0.1249,55.0,55.0,53.0361,53.2674,False,False,False,55.0,53.1517,NOT ELITE
2018,605195,Kyle Crick,False,False,False,VS_PHI,PARTIAL,RP,16.0,13,64,33,12,0.5981,True,False,95.5547,14.1431,2277.4844,6.1438,-4.3631,0.2424,7.7188,0.1505,96.8647,14.1431,2343.5394,0.2243,0.1201,55.0,45.0,50.0,50.0,60.0,0.6879,-0.6822,0.143,0.1688,0.9922,50.0,55.0,50.4956,55.8051,False,False,False,55.0,53.1504,NOT ELITE
2019,594798,Jacob deGrom,False,False,False,INCIDENTAL,PARTIAL,SP,102.0,15,143,86,22,0.4897,False,True,96.9476,16.0892,2364.5524,6.8545,-5.5116,0.1977,0.2881,0.4102,98.0938,16.0892,2422.3506,0.204,-0.2567,65.0,50.0,55.0,50.0,50.0,1.274,0.1985,0.7252,-0.2362,0.0282,55.0,50.0,57.3255,48.9601,False,False,False,55.0,53.1428,NOT ELITE
2022,453286,Max Scherzer,False,False,False,VS_PHI,PARTIAL,SP,97.0,10,208,108,26,0.4592,False,True,93.8303,16.7285,2378.1779,6.1507,-10.8075,0.2685,0.3505,0.4372,94.4853,16.7285,2411.2054,0.2497,-0.2193,45.0,55.0,55.0,55.0,50.0,-0.4468,0.4877,0.6429,0.6766,0.124,50.0,55.0,52.2792,54.0028,False,False,False,55.0,53.141,NOT ELITE
2020,645261,Sandy Alcantara,False,False,False,FILE,COMPLETE,SP,98.0,7,164,87,40,0.2477,False,True,96.8524,15.382,2320.0183,6.0799,-9.4815,0.2414,0.2939,0.2858,97.835,15.382,2369.5596,0.2305,-0.2468,60.0,50.0,55.0,55.0,50.0,1.1506,-0.1216,0.3352,0.2927,0.0536,55.0,55.0,54.5473,51.7314,False,False,False,55.0,53.1393,NOT ELITE
2025,694037,MLBAM 694037,False,False,False,VS_PHI,PARTIAL,RP,15.0,6,50,27,12,0.7353,True,False,98.412,15.9144,2299.16,6.682,-11.7696,0.2593,1.088,0.5265,98.5758,15.9144,2307.4169,0.2284,-0.2662,65.0,50.0,50.0,55.0,50.0,1.5038,0.1193,-0.1238,0.2518,0.0041,55.0,55.0,54.998,51.2794,False,False,False,55.0,53.1387,NOT ELITE
2023,625643,Reynaldo Lopez,False,False,False,INCIDENTAL,PARTIAL,RP,19.5,15,59,37,14,0.6629,True,False,97.6017,16.7797,2157.1017,6.4661,-8.6949,0.3784,-2.9034,0.5634,98.093,16.7797,2181.8723,0.2791,-0.4616,65.0,55.0,40.0,65.0,45.0,1.2736,0.5109,-1.0511,1.2616,-0.4958,55.0,55.0,52.4446,53.8289,False,False,False,55.0,53.1368,NOT ELITE
2021,592426,Luke Jackson,False,False,False,VS_PHI,PARTIAL,RP,13.0,18,72,31,8,0.3789,True,False,96.025,17.8867,2221.5,6.8194,-7.1033,0.2903,0.1375,0.3595,96.8438,17.8867,2262.7844,0.2409,-0.2996,55.0,60.0,45.0,55.0,50.0,0.6779,1.0119,-0.4535,0.5004,-0.0814,55.0,55.0,54.121,52.0948,False,False,False,55.0,53.1079,NOT ELITE
2023,676130,Jose Butto,False,False,False,VS_PHI,PARTIAL,SP,92.5,4,111,50,14,0.5388,False,True,93.8586,16.5222,2425.2883,6.1387,-5.7816,0.3,0.045,0.4032,94.3498,16.5222,2450.0589,0.2543,-0.2939,45.0,55.0,60.0,60.0,50.0,-0.5114,0.3944,0.9298,0.7677,-0.0669,55.0,55.0,52.7093,53.5041,False,False,False,55.0,53.1067,NOT ELITE
2023,645261,Sandy Alcantara,False,False,False,FILE,COMPLETE,SP,96.0,28,585,360,162,0.215,False,True,97.9778,13.5528,2254.5,6.0397,-11.9151,0.2694,0.074,0.3037,98.469,13.5528,2279.2707,0.2619,-0.1875,65.0,40.0,45.0,60.0,50.0,1.4529,-0.9494,-0.3317,0.9192,0.2054,50.0,55.0,50.573,55.6227,False,False,False,55.0,53.0979,NOT ELITE
2024,661563,MLBAM 661563,False,False,False,VS_PHI,PARTIAL,SP,92.0,8,55,26,16,0.3618,True,False,97.7455,16.7956,2434.5926,6.8073,-6.2902,0.1538,-0.3782,0.3513,98.073,16.7956,2451.1064,0.1947,-0.331,65.0,55.0,60.0,45.0,50.0,1.2641,0.5181,0.9376,-0.4212,-0.1618,60.0,50.0,59.0659,47.0846,True,False,False,55.0,53.0752,SHAPE-ONLY
2022,518876,Merrill Kelly,False,False,False,FILE,COMPLETE,SP,96.0,33,947,449,244,0.3084,False,True,92.5658,15.3391,2360.7389,6.1648,-7.837,0.2339,0.9375,0.2787,93.2208,15.3391,2393.7664,0.2316,0.2618,40.0,50.0,55.0,55.0,65.0,-1.0498,-0.141,0.514,0.3149,1.3546,50.0,60.0,47.744,58.3473,False,True,False,55.0,53.0457,RESULTS-ONLY
2018,594577,Mike Mayers,False,False,False,VS_PHI,PARTIAL,RP,17.0,10,64,32,9,0.5872,True,False,96.4875,16.8112,2336.5469,6.1109,-9.5719,0.2188,-1.1281,0.4236,97.7975,16.8112,2402.6019,0.2155,-0.3732,60.0,55.0,55.0,50.0,45.0,1.1327,0.5252,0.5793,-0.0067,-0.2698,55.0,50.0,57.4574,48.6177,False,False,False,55.0,53.0375,NOT ELITE
2022,434378,Justin Verlander,False,False,False,INCIDENTAL,PARTIAL,SP,77.0,18,152,82,33,0.517,False,True,94.7059,19.6634,2407.3355,6.0493,-9.36,0.1707,0.1711,0.4727,95.3609,19.6634,2440.3631,0.1881,-0.2672,50.0,70.0,60.0,45.0,50.0,-0.0292,1.8159,0.8582,-0.5515,0.0015,60.0,50.0,58.8163,47.2502,True,False,False,55.0,53.0332,SHAPE-ONLY
2020,543037,Gerrit Cole,False,False,False,VS_PHI,PARTIAL,SP,91.0,3,63,29,17,0.5431,True,False,96.6683,17.5981,2473.1746,6.554,-11.5181,0.0345,2.1159,0.3817,97.6508,17.5981,2522.7159,0.1526,-0.1943,60.0,60.0,65.0,35.0,50.0,1.0627,0.8813,1.4665,-1.2609,0.1878,60.0,45.0,61.3684,44.6348,True,False,False,55.0,53.0016,SHAPE-ONLY
2024,656731,Tylor Megill,False,False,False,VS_PHI,PARTIAL,SP,83.0,5,66,38,14,0.5789,True,False,95.7106,16.3073,2224.6818,7.3788,-7.26,0.3684,0.797,0.2824,96.0381,16.3073,2241.1956,0.2761,-0.264,55.0,55.0,45.0,60.0,50.0,0.2937,0.2971,-0.6129,1.2024,0.0096,50.0,55.0,49.9263,56.06,False,False,False,55.0,52.9932,NOT ELITE
2019,453178,Ian Kennedy,False,False,False,INCIDENTAL,PARTIAL,RP,10.0,13,53,27,6,0.7162,True,False,94.3491,15.514,2423.5849,6.3717,-9.8242,0.2222,4.5698,0.2232,95.4953,15.514,2481.3831,0.2164,-0.1002,50.0,50.0,60.0,50.0,55.0,0.0349,-0.0619,1.1612,0.0119,0.4285,55.0,55.0,53.7806,52.2019,False,False,False,55.0,52.9913,NOT ELITE
2022,506433,Yu Darvish,False,False,False,VS_PHI,PARTIAL,SP,105.0,7,58,26,5,0.1973,True,False,95.131,17.5407,2424.9483,6.6759,-8.1869,0.1538,2.9466,0.0972,95.786,17.5407,2457.9758,0.1947,-0.1623,50.0,60.0,60.0,45.0,55.0,0.1735,0.8553,0.9883,-0.4212,0.2699,55.0,50.0,56.7237,49.2432,False,False,False,55.0,52.9834,NOT ELITE
2025,592773,Ryne Stanek,False,False,False,VS_PHI,PARTIAL,RP,20.0,10,82,48,19,0.5395,True,False,98.4976,18.1888,2346.2439,5.9134,-8.6722,0.125,1.0939,0.4247,98.6613,18.1888,2354.5008,0.1727,-0.2286,65.0,60.0,50.0,40.0,50.0,1.5446,1.1486,0.224,-0.8584,0.1002,60.0,45.0,59.724,46.209,True,False,False,55.0,52.9665,SHAPE-ONLY
2023,641360,Phil Bickford,False,False,False,VS_PHI,PARTIAL,RP,18.5,14,86,40,11,0.6719,True,False,93.8558,16.5251,2347.7791,6.8535,-6.3014,0.325,1.2721,0.3526,94.3471,16.5251,2372.5497,0.26,-0.2109,45.0,55.0,55.0,60.0,50.0,-0.5127,0.3957,0.3573,0.8804,0.1453,50.0,55.0,50.801,55.1287,False,False,False,55.0,52.9649,NOT ELITE
2023,641154,Pablo Lopez,False,False,False,VS_PHI,PARTIAL,SP,92.0,7,58,27,8,0.3718,True,False,95.1052,14.491,2268.6379,7.1328,-4.5807,0.4074,4.0362,0.3502,95.5964,14.491,2293.4086,0.2766,-0.1069,50.0,45.0,50.0,60.0,55.0,0.0831,-0.5248,-0.2272,1.2114,0.4115,50.0,60.0,47.7701,58.1144,False,True,False,55.0,52.9423,RESULTS-ONLY
2021,593576,Hector Neris,False,False,True,PHI,COMPLETE,RP,14.0,72,458,232,54,0.3685,False,True,94.1485,15.9899,2349.1943,6.2079,-9.5243,0.3233,-1.21,0.4336,94.9672,15.9899,2390.4787,0.3019,-0.5905,50.0,50.0,55.0,65.0,40.0,-0.217,0.1535,0.4898,1.7167,-0.8255,50.0,55.0,51.4209,54.4562,False,False,False,55.0,52.9385,NOT ELITE
2020,593576,Hector Neris,False,False,True,PHI,COMPLETE,RP,15.5,24,170,79,27,0.4261,False,True,93.8424,15.7595,2352.5,6.1494,-10.1167,0.3038,-0.06,0.3366,94.8249,15.7595,2402.0413,0.2663,-0.2922,45.0,50.0,55.0,60.0,50.0,-0.2849,0.0492,0.5752,1.0075,-0.0625,50.0,55.0,51.1318,54.7247,False,False,False,55.0,52.9283,NOT ELITE
2025,489446,Kirby Yates,False,False,False,TEAM,COMPLETE,RP,14.5,49,440,241,96,0.5774,False,True,92.7541,13.7858,2328.4509,6.0814,-13.5415,0.3527,0.2052,0.3323,92.9178,13.7858,2336.7078,0.3264,-0.1745,40.0,40.0,50.0,70.0,50.0,-1.1943,-0.8439,0.0926,2.2054,0.2386,45.0,60.0,43.5146,62.2202,False,True,False,55.0,52.8674,RESULTS-ONLY
2019,656302,Dylan Cease,False,False,False,INCIDENTAL,PARTIAL,UNK,,6,58,28,10,0.5979,True,False,96.8362,14.4579,2474.569,5.8759,-1.3614,0.2143,-1.4,0.3399,97.9825,14.4579,2532.3672,0.2138,-0.3831,60.0,45.0,65.0,50.0,45.0,1.2209,-0.5398,1.5378,-0.0394,-0.2949,55.0,50.0,57.3965,48.3281,False,False,False,55.0,52.8623,NOT ELITE
2021,605513,Spencer Turnbull,False,False,False,FILE,COMPLETE,SP,86.0,9,299,167,48,0.3858,False,True,93.8237,12.3488,2496.9967,6.3164,-2.4594,0.2455,1.5799,0.2959,94.6425,12.3488,2538.2811,0.2375,0.0841,45.0,35.0,65.0,55.0,60.0,-0.3718,-1.4942,1.5815,0.4322,0.9,50.0,60.0,49.0514,56.6607,False,True,False,55.0,52.856,RESULTS-ONLY
2020,554340,Yimi Garcia,False,False,False,VS_PHI,PARTIAL,RP,22.0,6,64,31,8,0.5664,True,False,94.6062,12.765,2544.2031,6.0047,-7.5713,0.2903,1.6219,0.5048,95.5888,12.765,2593.7444,0.2409,-0.2199,50.0,35.0,70.0,55.0,50.0,0.0794,-1.3059,1.9912,0.5004,0.1225,50.0,55.0,52.549,53.1145,False,False,False,55.0,52.8318,NOT ELITE
2018,607457,Kyle Barraclough,False,False,False,VS_PHI,PARTIAL,RP,23.5,14,83,33,10,0.5123,True,False,93.6855,16.5354,2440.4578,6.1265,-4.8549,0.2424,0.1422,0.3468,94.9956,16.5354,2506.5129,0.2243,-0.2952,50.0,55.0,65.0,50.0,50.0,-0.2035,0.4004,1.3468,0.1688,-0.07,55.0,50.0,55.1458,50.494,False,False,False,55.0,52.8199,NOT ELITE
2019,450203,Charlie Morton,False,False,False,FILE,COMPLETE,SP,95.0,33,936,474,114,0.2982,False,True,94.7168,12.7231,2258.6346,5.9629,-13.589,0.289,0.3099,0.4159,95.863,12.7231,2316.4328,0.281,-0.0327,50.0,35.0,50.0,65.0,55.0,0.2102,-1.3249,-0.0572,1.3006,0.6013,45.0,60.0,46.0939,59.5093,False,True,False,55.0,52.8016,RESULTS-ONLY
2019,607625,Seth Lugo,False,False,False,VS_PHI,PARTIAL,RP,21.0,13,67,30,9,0.335,True,False,94.5776,17.0257,2230.2239,6.1493,-8.1797,0.2667,3.7493,0.3824,95.7239,17.0257,2288.0221,0.2321,-0.0912,50.0,55.0,45.0,55.0,55.0,0.1438,0.6222,-0.267,0.3246,0.4516,50.0,55.0,51.6634,53.8814,False,False,False,55.0,52.7724,NOT ELITE
2023,664299,Cristian Javier,False,False,False,INCIDENTAL,PARTIAL,SP,97.0,9,116,67,22,0.5771,False,True,92.6698,18.9848,2239.8879,6.0491,-6.0931,0.2687,2.5293,0.351,93.1611,18.9848,2264.6586,0.2436,-0.0523,40.0,65.0,45.0,55.0,55.0,-1.0783,1.5088,-0.4396,0.5534,0.5511,50.0,55.0,49.9697,55.5227,False,False,False,55.0,52.7462,NOT ELITE
2022,614179,José Ruiz,False,False,False,FILE,COMPLETE,RP,16.0,63,529,252,114,0.4744,False,True,96.8841,17.1271,2353.6257,5.8938,-7.0544,0.2421,-1.0372,0.4088,97.5391,17.1271,2386.6532,0.2369,-0.5611,60.0,55.0,55.0,55.0,40.0,1.0095,0.6681,0.4615,0.4201,-0.7503,55.0,50.0,57.1304,48.3492,False,False,False,55.0,52.7398,NOT ELITE
2023,453286,Max Scherzer,False,False,False,VS_PHI,PARTIAL,SP,104.0,7,131,63,17,0.4781,False,True,93.8519,15.6073,2366.4198,6.3962,-11.8031,0.3492,-0.7389,0.3907,94.3432,15.6073,2391.1905,0.2853,-0.3729,45.0,50.0,55.0,65.0,45.0,-0.5146,-0.0196,0.495,1.386,-0.2689,50.0,55.0,49.8693,55.5857,False,False,False,55.0,52.7275,NOT ELITE
2018,623454,Drew Anderson,False,False,True,PHI,COMPLETE,RP,37.0,5,95,44,11,0.4299,True,False,93.0116,17.4417,2309.4842,6.0747,-5.5301,0.2727,1.2558,0.4385,94.3216,17.4417,2375.5393,0.2396,-0.2009,45.0,60.0,55.0,55.0,50.0,-0.5249,0.8105,0.3794,0.4742,0.1709,55.0,55.0,52.2167,53.2254,False,False,False,55.0,52.7211,NOT ELITE
2019,608717,Chris Stratton,False,False,False,VS_PHI,PARTIAL,RP,41.0,11,85,36,17,0.6343,True,False,93.4235,15.7214,2514.0941,6.5047,-6.0311,0.1944,2.1788,0.3194,94.5698,15.7214,2571.8923,0.2061,-0.1463,45.0,50.0,70.0,50.0,55.0,-0.4065,0.032,1.8298,-0.1933,0.3108,55.0,55.0,54.8508,50.5876,False,False,False,55.0,52.7192,NOT ELITE
2021,592773,Ryne Stanek,False,False,False,INCIDENTAL,PARTIAL,UNK,,16,55,30,12,0.6471,True,False,97.2145,16.4204,2278.1852,5.9964,-10.2196,0.2667,-1.3455,0.4734,98.0333,16.4204,2319.4696,0.2321,-0.3778,60.0,55.0,50.0,55.0,45.0,1.2452,0.3483,-0.0347,0.3246,-0.2814,55.0,50.0,55.1957,50.2164,False,False,False,55.0,52.7061,NOT ELITE
2018,601713,Nick Pivetta,False,False,True,PHI,COMPLETE,SP,91.0,33,1411,701,184,0.4958,False,True,94.7847,17.2166,2268.0369,6.6246,-8.8741,0.2382,-0.2665,0.3992,96.0948,17.2166,2334.092,0.2364,-0.2935,55.0,55.0,50.0,55.0,50.0,0.3207,0.7086,0.0733,0.4106,-0.0659,55.0,55.0,53.6753,51.7237,False,False,False,55.0,52.6995,NOT ELITE
2026,668873,Caleb Kilian,False,True,False,FILE,COMPLETE,RP,17.0,49,392,194,86,0.4937,False,True,96.8033,15.6986,2380.2015,6.6514,-1.8484,0.1907,0.9985,0.2892,96.8033,15.6986,2380.2015,0.1959,0.0239,55.0,50.0,55.0,45.0,55.0,0.6586,0.0217,0.4138,-0.3978,0.746,55.0,50.0,53.647,51.741,False,False,False,55.0,52.694,NOT ELITE
2022,592791,Jameson Taillon,False,False,False,FILE,COMPLETE,SP,92.0,32,996,487,238,0.3551,False,True,94.0855,17.7482,2371.3675,6.6312,-5.7601,0.2259,-0.1325,0.3534,94.7406,17.7482,2404.395,0.2246,-0.2347,45.0,60.0,55.0,50.0,50.0,-0.3251,0.9492,0.5925,0.1754,0.0845,55.0,50.0,54.0555,51.2994,False,False,False,55.0,52.6775,NOT ELITE
2021,608717,Chris Stratton,False,False,False,INCIDENTAL,PARTIAL,RP,16.5,18,63,39,11,0.5164,True,False,93.0302,15.6114,2607.4444,6.5413,-4.979,0.2308,-0.0397,0.6259,93.8489,15.6114,2648.7289,0.2206,-0.3128,40.0,50.0,75.0,50.0,50.0,-0.7503,-0.0178,2.3973,0.0964,-0.1151,55.0,50.0,55.4309,49.9063,False,False,False,55.0,52.6686,NOT ELITE
2021,641816,Tyler Mahle,False,False,False,INCIDENTAL,PARTIAL,SP,108.0,10,122,57,17,0.4841,False,True,93.4959,17.4177,2259.582,6.6459,-11.7256,0.2456,2.9525,0.3275,94.3147,17.4177,2300.8664,0.2297,0.0034,45.0,60.0,50.0,55.0,55.0,-0.5282,0.7996,-0.1722,0.2777,0.6935,50.0,55.0,50.331,54.8559,False,False,False,55.0,52.5935,NOT ELITE
2020,672578,Carlos Hernández,False,False,False,FILE,COMPLETE,RP,47.0,5,130,63,34,0.5098,False,True,96.1292,16.6615,2372.4923,6.96,-9.5252,0.2222,-1.0331,0.4389,97.1117,16.6615,2422.0336,0.2182,-0.4041,60.0,55.0,55.0,50.0,45.0,0.8057,0.4574,0.7228,0.0469,-0.3487,55.0,50.0,56.6199,48.491,False,False,False,55.0,52.5554,NOT ELITE
2021,641401,Connor Brogdon,False,False,True,PHI,COMPLETE,RP,14.0,55,414,211,61,0.4485,False,True,96.0048,16.6571,2287.8357,6.9937,-10.3658,0.2607,-0.7519,0.4019,96.8236,16.6571,2329.1202,0.2508,-0.4457,55.0,55.0,50.0,55.0,45.0,0.6683,0.4554,0.0365,0.6972,-0.455,55.0,50.0,53.8675,51.2108,False,False,False,55.0,52.5391,NOT ELITE
2025,682243,Bryce Miller,False,False,False,INCIDENTAL,PARTIAL,SP,85.0,5,74,42,15,0.3936,True,False,95.2932,18.8027,2528.5946,6.2851,-7.0573,0.2619,-7.7176,0.5778,95.457,18.8027,2536.8515,0.2343,-0.801,50.0,65.0,65.0,55.0,35.0,0.0166,1.4264,1.5709,0.3683,-1.3638,60.0,45.0,60.0463,45.0223,True,False,False,55.0,52.5343,SHAPE-ONLY
2019,592426,Luke Jackson,False,False,False,VS_PHI,PARTIAL,RP,15.0,14,64,27,10,0.4238,True,False,95.9516,17.3756,2296.8438,6.5969,-8.0419,0.2593,-2.3547,0.5436,97.0978,17.3756,2354.6419,0.2284,-0.4416,60.0,60.0,50.0,55.0,45.0,0.799,0.7806,0.225,0.2518,-0.4447,55.0,50.0,56.0156,49.0353,False,False,False,55.0,52.5254,NOT ELITE
2020,518886,Craig Kimbrel,False,False,False,FILE,COMPLETE,RP,16.5,18,187,82,20,0.6233,False,True,96.8957,14.1722,2262.3871,6.6128,-10.7012,0.3049,-0.7278,0.504,97.8782,14.1722,2311.9284,0.2678,-0.3874,60.0,45.0,50.0,60.0,45.0,1.1712,-0.6691,-0.0905,1.0365,-0.306,50.0,55.0,51.3723,53.6526,False,False,False,55.0,52.5124,NOT ELITE
2018,622098,Drew Smith,False,False,False,VS_PHI,PARTIAL,RP,18.5,10,71,45,16,0.5868,True,False,96.1706,16.68,2307.6029,5.9015,-6.5471,0.2,0.4,0.3941,97.4806,16.68,2373.658,0.2075,-0.2838,60.0,55.0,55.0,50.0,50.0,0.9816,0.4658,0.3655,-0.1647,-0.0411,55.0,50.0,56.043,48.971,False,False,False,55.0,52.507,NOT ELITE
2023,622491,Luis Castillo,False,False,False,INCIDENTAL,PARTIAL,UNK,,10,57,27,13,0.5044,True,False,96.8333,13.5874,2284.6071,5.6368,-11.6989,0.3704,1.7596,0.3055,97.3246,13.5874,2309.3778,0.2645,-0.2243,60.0,40.0,50.0,60.0,50.0,0.9072,-0.9337,-0.1093,0.9715,0.1112,50.0,55.0,49.5472,55.4135,False,False,False,55.0,52.4804,NOT ELITE
2019,614179,José Ruiz,False,False,False,FILE,COMPLETE,RP,20.0,40,464,240,109,0.6162,False,True,96.3668,17.9206,2348.6487,5.8631,-4.9653,0.225,-1.3069,0.3958,97.5131,17.9206,2406.4469,0.2228,-0.6219,60.0,60.0,55.0,50.0,40.0,0.9971,1.0272,0.6077,0.1402,-0.9059,60.0,45.0,58.7733,46.1714,True,False,False,55.0,52.4723,SHAPE-ONLY
2021,593334,Domingo German,False,False,False,VS_PHI,PARTIAL,SP,76.0,8,73,27,12,0.2744,True,False,93.1014,15.9616,2499.2603,6.0274,-9.0559,0.3333,-2.0041,0.4308,93.9201,15.9616,2540.5447,0.2525,-0.4344,45.0,50.0,65.0,55.0,45.0,-0.7163,0.1407,1.5982,0.7316,-0.4262,55.0,50.0,53.4087,51.5269,False,False,False,55.0,52.4678,NOT ELITE
2020,641816,Tyler Mahle,False,False,False,INCIDENTAL,PARTIAL,UNK,,7,56,25,7,0.6437,True,False,94.3286,17.2457,2387.0357,6.6071,-12.3214,0.28,-2.2571,0.5174,95.3111,17.2457,2436.577,0.2341,-0.4234,50.0,55.0,60.0,55.0,45.0,-0.053,0.7218,0.8303,0.3641,-0.3981,55.0,50.0,54.9968,49.8299,False,False,False,55.0,52.4134,NOT ELITE
2019,518876,Merrill Kelly,False,False,False,FILE,COMPLETE,SP,94.0,32,1106,465,254,0.3734,False,True,91.9573,15.2972,2411.2414,6.2023,-4.6519,0.2043,0.7954,0.3563,93.1036,15.2972,2469.0396,0.2053,0.2391,40.0,50.0,60.0,50.0,65.0,-1.1057,-0.16,1.07,-0.2095,1.2965,50.0,60.0,49.3479,55.4351,False,True,False,55.0,52.3915,RESULTS-ONLY
2018,642152,Lou Trivino,False,True,False,FILE,COMPLETE,RP,15.0,67,368,196,108,0.3274,False,True,97.4106,14.5529,2148.3668,6.2557,-8.3632,0.2398,0.5478,0.3843,98.7206,14.5529,2214.4219,0.234,-0.1065,65.0,45.0,40.0,55.0,55.0,1.5729,-0.4968,-0.8107,0.362,0.4126,50.0,55.0,50.8849,53.873,False,False,False,55.0,52.379,NOT ELITE
2020,675921,Spencer Howard,False,False,True,PHI,COMPLETE,SP,68.0,6,248,112,39,0.5649,False,True,94.0427,17.9323,2344.8911,6.5573,-9.8637,0.1875,0.8831,0.3649,95.0253,17.9323,2394.4324,0.1962,-0.103,50.0,60.0,55.0,45.0,55.0,-0.1893,1.0325,0.519,-0.3907,0.4215,55.0,50.0,54.5404,50.1539,False,False,False,55.0,52.3472,NOT ELITE
2019,656257,MLBAM 656257,False,False,False,VS_PHI,PARTIAL,RP,21.5,8,78,46,14,0.5455,True,False,96.3769,17.1785,2410.2308,5.7218,-12.0108,0.1522,-1.2269,0.4984,97.5232,17.1785,2468.029,0.1859,-0.389,60.0,55.0,60.0,45.0,45.0,1.0019,0.6914,1.0626,-0.5957,-0.31,60.0,45.0,59.1861,45.4714,True,False,False,55.0,52.3287,SHAPE-ONLY
2018,642528,Jonathan Loaisiga,False,False,False,VS_PHI,PARTIAL,SP,86.0,3,62,29,7,0.5849,True,False,95.8081,16.1632,2336.0645,6.1371,-5.8084,0.2069,0.3823,0.3076,97.1181,16.1632,2402.1196,0.2113,-0.2902,60.0,50.0,55.0,50.0,50.0,0.8087,0.2319,0.5757,-0.0895,-0.0573,55.0,50.0,55.3879,49.2658,False,False,False,55.0,52.3269,NOT ELITE
2024,622554,Seranthony Domínguez,True,False,True,PHI,COMPLETE,RP,16.0,39,263,116,55,0.4003,False,True,97.4817,14.1846,2386.229,6.5401,-4.5308,0.2069,0.7034,0.2974,97.8093,14.1846,2402.7428,0.2091,-0.1271,60.0,45.0,55.0,50.0,55.0,1.1383,-0.6634,0.5803,-0.1341,0.3598,55.0,55.0,53.5174,51.1287,False,False,False,55.0,52.3231,NOT ELITE
2022,668678,Zac Gallen,False,False,False,VS_PHI,PARTIAL,SP,77.0,8,105,36,12,0.4545,False,True,94.2095,18.1509,2442.4667,6.6324,-2.96,0.1944,-0.5276,0.4232,94.8645,18.1509,2475.4942,0.2061,-0.3462,45.0,60.0,60.0,50.0,50.0,-0.266,1.1314,1.1177,-0.1933,-0.2007,55.0,50.0,56.6106,48.0303,False,False,False,55.0,52.3204,NOT ELITE
2025,672578,Carlos Hernández,False,False,True,PHI,COMPLETE,RP,16.0,27,243,132,68,0.5436,False,True,97.8457,17.72,2422.9177,6.9123,-8.5491,0.1515,-0.3255,0.3886,98.0094,17.72,2431.1746,0.17,-0.3281,60.0,60.0,60.0,40.0,50.0,1.2338,0.9364,0.7904,-0.9126,-0.1543,60.0,45.0,59.8685,44.6657,True,False,False,55.0,52.2671,SHAPE-ONLY
2020,656302,Dylan Cease,False,False,False,INCIDENTAL,PARTIAL,UNK,,9,65,30,15,0.4483,True,False,97.6492,15.7717,2546.2,5.9231,-3.9637,0.0667,-2.2077,0.4138,98.6317,15.7717,2595.7413,0.1624,-0.435,65.0,50.0,70.0,40.0,45.0,1.5305,0.0548,2.0059,-1.0646,-0.4277,60.0,45.0,61.9707,42.5383,True,False,False,55.0,52.2545,SHAPE-ONLY
2023,596133,Luke Weaver,False,False,False,INCIDENTAL,PARTIAL,UNK,,8,63,39,13,0.4065,True,False,94.0635,16.3829,2417.7143,5.9095,-7.7371,0.2564,1.2603,0.2525,94.5547,16.3829,2442.4849,0.2312,-0.2413,45.0,55.0,60.0,55.0,50.0,-0.4137,0.3313,0.8739,0.306,0.0676,55.0,55.0,52.6385,51.868,False,False,False,55.0,52.2532,NOT ELITE
2022,593423,Frankie Montas,False,False,False,INCIDENTAL,PARTIAL,SP,92.0,10,56,35,13,0.2772,True,False,96.3339,16.8193,2358.9464,5.9786,-5.7964,0.2,-0.2196,0.3355,96.9889,16.8193,2391.974,0.2084,-0.3233,55.0,55.0,55.0,50.0,50.0,0.7471,0.5288,0.5008,-0.1482,-0.142,55.0,50.0,55.9225,48.5491,False,False,False,55.0,52.2358,NOT ELITE
2018,542882,Matt Andriese,False,False,False,VS_PHI,PARTIAL,RP,19.0,13,64,30,8,0.5079,True,False,92.0328,17.4112,2350.4219,5.6938,-7.2844,0.3333,-0.7734,0.442,93.3428,17.4112,2416.4769,0.2553,-0.3535,40.0,60.0,55.0,60.0,50.0,-0.9916,0.7967,0.6818,0.7877,-0.2192,50.0,55.0,51.6229,52.8428,False,False,False,55.0,52.2329,NOT ELITE
2021,592390,Heath Hembree,False,False,False,VS_PHI,PARTIAL,RP,23.0,9,52,28,9,0.4262,True,False,95.4462,17.82,2426.7115,6.6346,-9.2792,0.1429,-1.0462,0.3883,96.2649,17.82,2467.996,0.1901,-0.3615,55.0,60.0,60.0,45.0,50.0,0.4019,0.9817,1.0623,-0.5135,-0.2398,60.0,50.0,58.1529,46.2335,True,False,False,55.0,52.1932,SHAPE-ONLY
2023,642547,Freddy Peralta,False,False,False,INCIDENTAL,PARTIAL,SP,94.0,8,109,52,14,0.4977,False,True,94.1651,15.4987,2430.4037,6.8725,-6.2246,0.2692,0.467,0.3358,94.6564,15.4987,2455.1743,0.2404,-0.2559,45.0,50.0,60.0,55.0,50.0,-0.3652,-0.0688,0.9676,0.4895,0.0303,50.0,55.0,51.7788,52.5989,False,False,False,55.0,52.1888,NOT ELITE
2022,544727,Jeurys Familia,False,False,True,PHI,COMPLETE,RP,16.5,36,140,62,20,0.2208,False,True,95.5943,13.4383,2295.75,5.81,-9.6883,0.3065,1.2114,0.4078,96.2493,13.4383,2328.7775,0.2623,-0.1524,55.0,40.0,50.0,60.0,55.0,0.3944,-1.0012,0.034,0.9278,0.295,50.0,60.0,48.0907,56.1138,False,True,False,55.0,52.1023,RESULTS-ONLY
2018,571704,Ken Giles,False,False,False,FILE,COMPLETE,RP,13.0,54,449,243,104,0.5794,False,True,97.2775,17.1974,2372.7149,5.4675,-9.5965,0.1687,-0.6895,0.3594,98.5875,17.1974,2438.77,0.1771,-0.4344,65.0,55.0,60.0,40.0,45.0,1.5094,0.6999,0.8465,-0.7709,-0.4261,60.0,45.0,60.1862,44.0149,True,False,False,55.0,52.1005,SHAPE-ONLY
2018,592836,Taijuan Walker,False,True,False,FILE,COMPLETE,SP,85.0,3,146,49,18,0.6518,False,True,93.861,17.5948,2191.8562,6.2863,-8.5907,0.2449,1.5281,0.3646,95.171,17.5948,2257.9112,0.2282,-0.1082,50.0,60.0,45.0,50.0,55.0,-0.1198,0.8798,-0.4894,0.2469,0.4082,50.0,55.0,50.9017,53.2754,False,False,False,55.0,52.0885,NOT ELITE
2021,608723,Austin Voth,False,False,False,VS_PHI,PARTIAL,RP,21.5,13,96,49,10,0.5714,True,False,94.5438,17.31,2350.9375,6.2375,-5.1625,0.2449,-0.7146,0.452,95.3625,17.31,2392.2219,0.2282,-0.3601,50.0,60.0,55.0,50.0,50.0,-0.0285,0.7509,0.5026,0.2469,-0.2361,55.0,50.0,54.0835,50.0543,False,False,False,55.0,52.0689,NOT ELITE
2023,669923,George Kirby,False,False,False,VS_PHI,PARTIAL,SP,89.0,8,78,52,20,0.4105,True,False,95.5821,15.4615,2244.3077,6.4308,-7.8092,0.2885,2.1705,0.2762,96.0733,15.4615,2269.0783,0.2496,-0.1608,55.0,50.0,45.0,55.0,55.0,0.3105,-0.0856,-0.407,0.6739,0.2735,50.0,55.0,49.3931,54.7372,False,False,False,55.0,52.0651,NOT ELITE
2021,592826,Vince Velasquez,False,False,True,PHI,COMPLETE,SP,80.0,23,781,364,102,0.5068,False,True,93.1599,18.3156,2358.6504,6.5849,-3.7103,0.25,-0.6301,0.3979,93.9787,18.3156,2399.9349,0.2451,-0.4549,45.0,60.0,55.0,55.0,45.0,-0.6884,1.206,0.5596,0.5847,-0.4787,55.0,50.0,53.5906,50.5303,False,False,False,55.0,52.0604,NOT ELITE
2022,571945,Miles Mikolas,False,False,False,FILE,COMPLETE,SP,98.0,33,855,482,210,0.2713,False,True,93.5204,14.9816,2291.2435,6.4076,-4.9029,0.2178,1.0396,0.2891,94.1754,14.9816,2324.2711,0.2174,0.2748,45.0,45.0,50.0,50.0,65.0,-0.5946,-0.3028,0.0007,0.0317,1.3878,45.0,60.0,47.0111,57.0976,False,True,False,55.0,52.0544,RESULTS-ONLY
2024,681293,Spencer Arrighetti,False,False,False,VS_PHI,PARTIAL,SP,103.0,5,63,33,15,0.4118,True,False,94.2889,14.0857,2295.9841,7.1032,-12.7829,0.3939,3.027,0.2137,94.6164,14.0857,2312.4979,0.2804,-0.1443,45.0,45.0,50.0,65.0,55.0,-0.3843,-0.7082,-0.0862,1.2876,0.3159,45.0,60.0,46.0709,58.0173,False,True,False,55.0,52.0441,RESULTS-ONLY
2021,543135,Nathan Eovaldi,False,False,False,INCIDENTAL,PARTIAL,SP,85.0,12,114,65,29,0.4453,False,True,96.9289,14.6179,2123.5263,6.6956,-12.4989,0.2769,2.5123,0.2342,97.7477,14.6179,2164.8107,0.2476,-0.0582,60.0,45.0,40.0,55.0,55.0,1.109,-0.4674,-1.1771,0.6336,0.536,50.0,55.0,48.2148,55.8478,False,False,False,55.0,52.0313,NOT ELITE
2019,605182,Mike Clevinger,False,False,False,INCIDENTAL,PARTIAL,UNK,,9,75,34,17,0.5245,True,False,95.4867,17.4208,2353.0133,6.736,-5.4144,0.1176,1.948,0.3012,96.6329,17.4208,2410.8115,0.1774,-0.1813,55.0,60.0,55.0,40.0,50.0,0.5774,0.801,0.6399,-0.7658,0.2212,55.0,45.0,56.7278,47.2769,False,False,False,50.0,52.0023,NOT ELITE
2022,607179,Jordan Weems,False,False,False,VS_PHI,PARTIAL,RP,22.0,10,132,75,18,0.6168,False,True,96.6326,18.7355,2133.6288,6.5417,-6.6482,0.2267,0.0182,0.371,97.2876,18.7355,2166.6563,0.2211,-0.291,60.0,65.0,40.0,50.0,50.0,0.8895,1.396,-1.1635,0.105,-0.0594,55.0,50.0,53.74,50.2281,False,False,False,55.0,51.9841,NOT ELITE
2025,686751,Seth Johnson,False,True,True,PHI,COMPLETE,RP,20.0,10,110,55,23,0.514,False,True,97.1745,17.148,2342.8273,6.3545,-8.1425,0.2,-0.6191,0.3274,97.3383,17.148,2351.0842,0.2069,-0.3554,60.0,55.0,50.0,50.0,50.0,0.9137,0.6776,0.1988,-0.1782,-0.2242,55.0,50.0,55.9669,47.988,False,False,False,55.0,51.9774,NOT ELITE
2025,701542,Will Warren,False,False,False,VS_PHI,PARTIAL,SP,89.0,4,66,27,18,0.3976,True,False,93.7576,15.1309,2591.9091,6.7924,-8.0018,0.3333,-3.8424,0.4673,93.9213,15.1309,2600.166,0.2525,-0.5304,45.0,50.0,70.0,55.0,45.0,-0.7157,-0.2352,2.0386,0.7316,-0.6717,55.0,50.0,53.6254,50.2994,False,False,False,55.0,51.9624,NOT ELITE
2025,688158,David Morgan,False,False,False,INCIDENTAL,PARTIAL,RP,26.0,8,72,34,19,0.4138,True,False,97.6764,15.7433,2427.875,5.9917,-7.5183,0.1471,0.4958,0.3687,97.8401,15.7433,2436.1319,0.1885,-0.2773,60.0,50.0,60.0,45.0,50.0,1.153,0.0419,0.827,-0.5446,-0.0243,55.0,50.0,56.7398,47.1554,False,False,False,55.0,51.9476,NOT ELITE
2019,521655,Wilmer Font,False,False,False,VS_PHI,PARTIAL,RP,34.0,11,57,33,14,0.4419,True,False,95.1667,17.4421,2412.5965,6.6667,-5.4358,0.1515,-1.2368,0.5566,96.3129,17.4421,2470.3947,0.1906,-0.374,55.0,60.0,60.0,45.0,45.0,0.4248,0.8107,1.0801,-0.5024,-0.2718,60.0,45.0,57.7183,46.1289,True,False,False,55.0,51.9236,SHAPE-ONLY
2019,605441,Yacksel Ríos,False,False,False,FILE,COMPLETE,RP,14.5,13,75,46,15,0.3165,True,False,96.1707,15.512,2082.5867,6.112,-9.0992,0.3261,1.4547,0.387,97.3169,15.512,2140.3849,0.2643,-0.2132,60.0,50.0,35.0,60.0,50.0,0.9035,-0.0628,-1.3576,0.9664,0.1395,50.0,55.0,48.2774,55.5296,False,False,False,55.0,51.9035,NOT ELITE
2018,502624,Chase Anderson,False,False,False,FILE,COMPLETE,SP,86.0,30,1062,528,167,0.4081,False,True,92.4519,17.4237,2159.8202,5.6584,-8.5776,0.2197,0.7202,0.4413,93.7619,17.4237,2225.8752,0.2191,0.1905,40.0,60.0,45.0,50.0,60.0,-0.7918,0.8024,-0.7261,0.0658,1.1722,50.0,55.0,47.615,56.1901,False,False,False,55.0,51.9025,NOT ELITE
2025,669160,Dustin May,False,False,False,TEAM,COMPLETE,SP,88.0,18,263,128,74,0.1579,False,True,95.5224,12.5457,2348.3764,6.6875,-11.1801,0.2656,1.5209,0.2658,95.6862,12.5457,2356.6333,0.2498,0.0326,50.0,35.0,50.0,55.0,60.0,0.1259,-1.4051,0.2398,0.6771,0.7682,45.0,60.0,46.535,57.2266,False,True,False,55.0,51.8808,RESULTS-ONLY
2020,665759,Ramón Rosso,False,False,True,PHI,COMPLETE,RP,28.0,7,126,60,16,0.6495,False,True,93.6317,13.2362,2527.9048,5.969,-0.8029,0.3,-1.1508,0.4925,94.6143,13.2362,2577.4461,0.2583,-0.4143,45.0,40.0,70.0,60.0,45.0,-0.3853,-1.0926,1.8708,0.8462,-0.3748,50.0,55.0,51.3094,52.357,False,False,False,55.0,51.8332,NOT ELITE
2022,663372,Ryan Feltner,False,False,False,VS_PHI,PARTIAL,SP,84.0,8,64,29,8,0.3902,True,False,93.9609,16.1662,2309.9531,6.4812,-7.7644,0.3448,-0.0172,0.6429,94.6159,16.1662,2342.9807,0.2583,-0.3113,45.0,50.0,50.0,60.0,50.0,-0.3845,0.2333,0.1389,0.8476,-0.1113,50.0,55.0,49.9591,53.6813,False,False,False,55.0,51.8202,NOT ELITE
2025,669093,MLBAM 669093,False,False,False,INCIDENTAL,PARTIAL,RP,11.5,13,97,48,25,0.5132,True,False,98.0918,19.4647,2219.4124,6.8206,-1.3423,0.2292,-4.1289,0.4678,98.2555,19.4647,2227.6693,0.2208,-0.6409,65.0,65.0,45.0,50.0,40.0,1.3511,1.726,-0.7128,0.0991,-0.9543,60.0,45.0,57.8809,45.7238,True,False,False,55.0,51.8024,SHAPE-ONLY
2023,668678,Zac Gallen,False,False,False,INCIDENTAL,PARTIAL,SP,100.0,9,111,61,25,0.4476,False,True,94.0009,17.1881,2325.1892,6.4468,-2.5503,0.1475,5.1378,0.39,94.4922,17.1881,2349.9598,0.1792,0.1793,45.0,55.0,50.0,45.0,60.0,-0.4435,0.6957,0.1905,-0.73,1.1434,50.0,55.0,51.4755,52.0671,False,False,False,55.0,51.7713,NOT ELITE
2025,680885,Spencer Schwellenbach,False,False,False,VS_PHI,PARTIAL,SP,85.5,5,88,46,20,0.3088,True,False,96.3648,15.2086,2318.0568,6.8875,-5.6823,0.3043,-1.1614,0.381,96.5285,15.2086,2326.3137,0.2545,-0.3912,55.0,50.0,50.0,60.0,45.0,0.5276,-0.2,0.0158,0.7711,-0.3157,50.0,55.0,51.1444,52.277,False,False,False,55.0,51.7107,NOT ELITE
2018,641438,Shane Carle,False,False,False,VS_PHI,PARTIAL,RP,20.0,15,101,52,18,0.4654,False,True,94.6644,14.3739,2244.7129,6.1257,-10.9723,0.2692,2.5129,0.3066,95.9744,14.3739,2310.7679,0.2404,-0.0864,55.0,45.0,50.0,55.0,55.0,0.2633,-0.5778,-0.099,0.4895,0.4639,50.0,55.0,48.6215,54.7672,False,False,False,55.0,51.6944,NOT ELITE
2023,656605,Mitch Keller,False,False,False,VS_PHI,PARTIAL,SP,100.0,6,78,41,9,0.2878,True,False,94.5756,14.7877,2405.7532,6.5359,-9.2477,0.2927,0.0244,0.5224,95.0669,14.7877,2430.5239,0.247,-0.3049,50.0,45.0,60.0,55.0,50.0,-0.1695,-0.3905,0.7855,0.6217,-0.0951,50.0,55.0,50.7518,52.6332,False,False,False,55.0,51.6925,NOT ELITE
2018,448855,Junior Guerra,False,False,False,INCIDENTAL,PARTIAL,SP,82.0,12,81,37,14,0.3649,True,False,93.3284,17.117,2258.3457,6.2469,-5.6919,0.2162,3.3691,0.428,94.6384,17.117,2324.4008,0.2146,-0.0715,45.0,55.0,50.0,50.0,55.0,-0.3738,0.6636,0.0017,-0.0233,0.5021,50.0,55.0,50.9715,52.3942,False,False,False,55.0,51.6829,NOT ELITE
2021,450203,Charlie Morton,False,False,False,FILE,COMPLETE,SP,94.0,33,1075,526,156,0.3599,False,True,95.5225,12.5201,2340.4795,6.2951,-12.9954,0.2357,0.325,0.374,96.3413,12.5201,2381.7639,0.2336,-0.0031,55.0,35.0,55.0,55.0,55.0,0.4383,-1.4167,0.4254,0.3548,0.6769,50.0,55.0,48.1564,55.1587,False,False,False,55.0,51.6576,NOT ELITE
2020,592836,Taijuan Walker,False,True,False,FILE,COMPLETE,SP,88.0,11,338,143,47,0.3824,False,True,93.1586,18.3983,2134.7418,6.1802,-6.8176,0.2308,1.1033,0.4118,94.1411,18.3983,2184.2831,0.2259,0.0118,45.0,60.0,40.0,50.0,55.0,-0.6109,1.2434,-1.0333,0.2018,0.7151,50.0,55.0,48.6639,54.5844,False,False,False,55.0,51.6241,NOT ELITE
2025,680684,MLBAM 680684,False,False,False,INCIDENTAL,PARTIAL,SP,92.0,3,67,31,15,0.3454,True,False,93.5836,18.2991,2388.0448,6.7716,-7.757,0.2258,0.5866,0.4952,93.7473,18.2991,2396.3017,0.2179,-0.2754,40.0,60.0,55.0,50.0,50.0,-0.7987,1.1985,0.5328,0.0426,-0.0194,50.0,50.0,53.1085,50.1161,False,False,False,50.0,51.6123,NOT ELITE
2021,458681,Lance Lynn,False,False,False,INCIDENTAL,PARTIAL,UNK,,11,74,31,11,0.3592,True,False,93.6284,15.1427,2427.1486,6.3311,-5.6254,0.2581,1.3216,0.2197,94.4471,15.1427,2468.4331,0.2294,-0.2232,45.0,50.0,60.0,55.0,50.0,-0.465,-0.2299,1.0656,0.2715,0.1141,50.0,55.0,51.2356,51.9281,False,False,False,55.0,51.5818,NOT ELITE
2024,669358,Shane Baz,False,False,False,VS_PHI,PARTIAL,SP,78.0,3,56,27,13,0.4828,True,False,94.725,17.46,2415.6607,6.6357,-9.3814,0.1481,1.9661,0.2249,95.0525,17.46,2432.1745,0.1923,-0.2159,50.0,60.0,60.0,45.0,50.0,-0.1763,0.8188,0.7977,-0.4679,0.1327,55.0,50.0,54.8006,48.3238,False,False,False,55.0,51.5622,NOT ELITE
2022,608032,Carlos Estévez,False,False,False,FILE,COMPLETE,RP,16.0,62,721,386,170,0.7062,False,True,97.5154,14.5819,2240.8669,6.3026,-10.0199,0.2098,0.2123,0.3419,98.1704,14.5819,2273.8944,0.2103,-0.1125,65.0,45.0,45.0,50.0,55.0,1.3105,-0.4837,-0.3714,-0.1094,0.3971,50.0,55.0,51.5183,51.4386,False,False,False,55.0,51.4784,NOT ELITE
2021,642152,Lou Trivino,False,True,False,FILE,COMPLETE,RP,15.0,66,311,165,97,0.2642,False,True,95.6373,14.6894,2010.8689,6.6167,-8.1955,0.2848,1.4804,0.3343,96.4561,14.6894,2052.1533,0.2668,0.0748,55.0,45.0,30.0,60.0,60.0,0.493,-0.435,-2.0093,1.016,0.8761,45.0,60.0,43.4957,59.4606,False,True,False,55.0,51.4781,RESULTS-ONLY
2021,645261,Sandy Alcantara,False,False,False,FILE,COMPLETE,SP,95.0,32,668,369,163,0.2158,False,True,98.0669,13.7646,2238.9192,5.9048,-10.5952,0.2331,-0.221,0.3022,98.8857,13.7646,2280.2036,0.2305,-0.2876,65.0,40.0,45.0,55.0,50.0,1.6516,-0.8535,-0.3248,0.2928,-0.0507,50.0,55.0,51.5777,51.2104,False,False,False,55.0,51.3941,NOT ELITE
2020,605400,Aaron Nola,False,True,True,PHI,COMPLETE,SP,93.5,12,280,116,37,0.2439,False,True,92.8493,13.833,2180.3441,6.9671,-13.7919,0.3017,1.7446,0.3758,93.8318,13.833,2229.8854,0.273,0.0971,40.0,40.0,45.0,60.0,60.0,-0.7584,-0.8226,-0.6965,1.1402,0.9332,40.0,60.0,42.4084,60.3667,False,True,False,50.0,51.3875,RESULTS-ONLY
2025,642016,Daniel Robert,False,False,True,PHI,COMPLETE,RP,16.0,15,59,25,15,0.2314,True,False,96.2661,15.419,2450.9322,6.0441,-7.9892,0.28,-4.6763,0.4541,96.4299,15.419,2459.1891,0.2341,-0.5531,55.0,50.0,60.0,55.0,45.0,0.4805,-0.1049,0.9973,0.3641,-0.7299,55.0,50.0,54.5764,48.1708,False,False,False,55.0,51.3736,NOT ELITE
2019,571656,Buck Farmer,False,False,False,INCIDENTAL,PARTIAL,RP,20.5,16,63,25,11,0.5385,True,False,94.7937,16.4819,2320.5556,5.8603,-11.5162,0.24,-1.0238,0.4293,95.9399,16.4819,2378.3537,0.2217,-0.3668,50.0,55.0,55.0,50.0,45.0,0.2469,0.3761,0.4002,0.1183,-0.2534,55.0,50.0,53.4107,49.3242,False,False,False,55.0,51.3675,NOT ELITE
2025,656848,MLBAM 656848,False,False,False,VS_PHI,PARTIAL,RP,19.0,12,89,60,32,0.5933,True,False,97.2652,18.4544,2301.4831,6.4517,-8.036,0.1667,-1.2944,0.4731,97.4289,18.4544,2309.74,0.1893,-0.4019,60.0,65.0,50.0,45.0,45.0,0.9569,1.2688,-0.1066,-0.5276,-0.3432,60.0,45.0,57.0636,45.6462,True,False,False,55.0,51.3549,SHAPE-ONLY
2019,518886,Craig Kimbrel,False,False,False,FILE,COMPLETE,RP,18.0,22,251,121,36,0.6403,False,True,96.202,14.6845,2322.9522,6.31,-10.2287,0.2479,-1.0179,0.5831,97.3483,14.6845,2380.7504,0.2371,-0.4583,60.0,45.0,55.0,55.0,45.0,0.9185,-0.4373,0.4179,0.4236,-0.4873,55.0,50.0,52.9971,49.6818,False,False,False,55.0,51.3394,NOT ELITE
2024,656605,Mitch Keller,False,False,False,VS_PHI,PARTIAL,SP,95.0,8,60,26,10,0.339,True,False,94.15,14.95,2393.9167,6.455,-9.292,0.3077,1.2317,0.2483,94.4775,14.95,2410.4304,0.2434,-0.2468,45.0,45.0,55.0,55.0,50.0,-0.4505,-0.3171,0.6371,0.5501,0.0537,50.0,55.0,49.5651,53.0187,False,False,False,55.0,51.2919,NOT ELITE
2023,641729,Joe Jimenez,False,False,False,VS_PHI,PARTIAL,RP,16.0,15,77,47,14,0.6311,True,False,95.6234,17.9455,2449.4935,7.1338,-9.6717,0.1489,-2.3909,0.4584,96.1146,17.9455,2474.2642,0.1841,-0.4655,55.0,60.0,60.0,45.0,45.0,0.3302,1.0385,1.1086,-0.6317,-0.5057,60.0,45.0,58.2576,44.3132,True,False,False,55.0,51.2854,SHAPE-ONLY
2025,592791,Jameson Taillon,False,False,False,FILE,COMPLETE,SP,87.5,6,220,103,51,0.4207,False,True,92.6314,18.2127,2309.3909,6.7886,-8.2424,0.2039,1.8268,0.2972,92.7951,18.2127,2317.6478,0.2073,0.0351,35.0,60.0,50.0,50.0,60.0,-1.2528,1.1594,-0.0482,-0.1694,0.7747,50.0,55.0,49.528,53.0264,False,False,False,55.0,51.2772,NOT ELITE
2019,571945,Miles Mikolas,False,False,False,FILE,COMPLETE,SP,93.5,31,774,393,187,0.27,False,True,93.703,14.8228,2301.8385,6.2286,-5.8659,0.2239,0.4021,0.3144,94.8492,14.8228,2359.6367,0.2226,-0.0242,45.0,45.0,55.0,50.0,55.0,-0.2732,-0.3747,0.2619,0.136,0.623,50.0,55.0,48.7135,53.795,False,False,False,55.0,51.2542,NOT ELITE
2025,675848,MLBAM 675848,False,False,False,INCIDENTAL,PARTIAL,UNK,,7,79,41,16,0.7745,True,False,96.7506,11.9073,2586.7848,6.1506,-1.0041,0.2195,-0.4886,0.2137,96.9144,11.9073,2595.0417,0.2161,-0.3395,55.0,35.0,70.0,50.0,50.0,0.7116,-1.694,2.0008,0.0058,-0.1835,55.0,50.0,53.3944,49.1113,False,False,False,55.0,51.2528,NOT ELITE
2024,693433,MLBAM 693433,False,False,False,VS_PHI,PARTIAL,SP,92.0,3,56,31,13,0.4956,True,False,94.4661,15.2743,2259.8393,6.625,-9.96,0.3226,3.4571,0.225,94.7936,15.2743,2276.3531,0.2524,-0.1426,45.0,50.0,45.0,55.0,55.0,-0.2998,-0.1703,-0.3532,0.7293,0.3201,45.0,55.0,47.2555,55.247,False,False,False,50.0,51.2512,NOT ELITE
2025,681190,Randy Vásquez,False,False,False,INCIDENTAL,PARTIAL,UNK,,4,56,29,15,0.2679,True,False,94.0679,15.7971,2438.9821,6.1411,-8.9871,0.2759,-0.3768,0.4667,94.2316,15.7971,2447.239,0.2348,-0.331,45.0,50.0,60.0,55.0,50.0,-0.5678,0.0663,0.909,0.379,-0.1618,50.0,55.0,51.3583,51.0862,False,False,False,55.0,51.2223,NOT ELITE
2022,518886,Craig Kimbrel,False,False,False,FILE,COMPLETE,RP,15.0,63,738,346,105,0.6852,False,True,95.7721,14.4894,2263.9282,6.7138,-10.4472,0.2341,0.1551,0.3311,96.4271,14.4894,2296.9557,0.2312,-0.1326,55.0,45.0,50.0,55.0,55.0,0.4792,-0.5255,-0.201,0.3077,0.3456,50.0,55.0,49.1754,53.2666,False,False,False,55.0,51.221,NOT ELITE
2020,592390,Heath Hembree,False,False,True,PHI,COMPLETE,RP,18.0,12,123,57,19,0.5829,False,True,93.9049,17.1971,2513.2602,6.5943,-10.7249,0.2632,-5.2626,0.7739,94.8874,17.1971,2562.8015,0.2386,-0.8316,45.0,55.0,70.0,55.0,35.0,-0.2551,0.6998,1.7626,0.4539,-1.4422,55.0,45.0,57.3578,45.0588,False,False,False,50.0,51.2083,NOT ELITE
2023,665152,Dean Kremer,False,False,False,INCIDENTAL,PARTIAL,SP,95.0,9,75,36,17,0.3641,True,False,94.252,17.1984,2337.7067,6.2427,-9.376,0.1944,1.9147,0.3095,94.7433,17.1984,2362.4773,0.2061,-0.1834,45.0,55.0,55.0,50.0,50.0,-0.3238,0.7004,0.2829,-0.1933,0.2157,50.0,50.0,52.1984,50.1122,False,False,False,50.0,51.1553,NOT ELITE
2025,640448,Kyle Finnegan,False,False,False,VS_PHI,PARTIAL,RP,18.0,8,64,30,18,0.5664,True,False,96.0406,17.9962,2220.2656,6.6469,-10.5,0.1667,3.1766,0.3779,96.2044,17.9962,2228.5225,0.1973,-0.1332,55.0,60.0,45.0,45.0,55.0,0.373,1.0614,-0.7065,-0.37,0.3443,55.0,50.0,52.4263,49.8713,False,False,False,55.0,51.1488,NOT ELITE
2025,680767,Victor Vodnik,False,False,False,INCIDENTAL,PARTIAL,RP,7.0,10,59,27,15,0.5619,True,False,98.4271,14.0888,2288.5593,6.6627,-6.2847,0.2222,1.061,0.4363,98.5909,14.0888,2296.8162,0.2164,-0.2569,65.0,45.0,50.0,50.0,50.0,1.511,-0.7068,-0.2021,0.0119,0.0278,55.0,50.0,52.0072,50.1984,False,False,False,55.0,51.1028,NOT ELITE
2025,694477,Chad Patrick,False,False,False,FILE,COMPLETE,SP,86.0,15,263,130,58,0.2437,False,True,93.8042,16.7995,2323.289,6.1536,-6.9887,0.2462,0.1909,0.3135,93.9679,16.7995,2331.5459,0.2363,-0.2272,45.0,55.0,50.0,55.0,50.0,-0.6935,0.5199,0.0545,0.4093,0.1038,50.0,55.0,49.6027,52.5657,False,False,False,55.0,51.0842,NOT ELITE
2021,663474,Triston McKenzie,False,False,False,INCIDENTAL,PARTIAL,UNK,,13,135,61,31,0.6279,False,True,91.9222,19.7893,2260.7185,6.7793,-3.6791,0.1639,2.6822,0.2865,92.741,19.7893,2302.0029,0.1877,0.0049,35.0,70.0,50.0,45.0,55.0,-1.2786,1.8729,-0.1638,-0.5598,0.6974,50.0,50.0,51.435,50.6882,False,False,False,50.0,51.0616,NOT ELITE
2024,641729,Joe Jimenez,False,False,False,VS_PHI,PARTIAL,RP,12.0,11,60,30,17,0.4511,True,False,94.755,17.682,2389.3167,7.255,-9.32,0.1667,-0.0567,0.3463,95.0825,17.682,2405.8304,0.1973,-0.3144,50.0,60.0,55.0,45.0,50.0,-0.162,0.9192,0.6032,-0.37,-0.1192,55.0,50.0,54.5346,47.5539,False,False,False,55.0,51.0442,NOT ELITE
2025,601713,Nick Pivetta,False,False,False,VS_PHI,PARTIAL,SP,97.0,5,163,77,44,0.4148,False,True,93.8982,19.7956,2339.9877,6.7742,-3.3048,0.1818,-0.1871,0.402,94.0619,19.7956,2348.2446,0.1952,-0.3101,45.0,70.0,50.0,45.0,50.0,-0.6487,1.8757,0.1778,-0.4106,-0.1084,55.0,50.0,54.6826,47.4053,False,False,False,55.0,51.044,NOT ELITE
2019,545333,Trevor Bauer,False,False,False,INCIDENTAL,PARTIAL,SP,89.0,15,142,74,25,0.4551,False,True,94.6958,17.3544,2519.7394,6.2514,-10.0961,0.1757,-3.2197,0.5504,95.842,17.3544,2577.5376,0.192,-0.6636,50.0,60.0,70.0,45.0,40.0,0.2002,0.771,1.8715,-0.474,-1.0125,60.0,45.0,59.4754,42.5674,True,False,False,55.0,51.0214,SHAPE-ONLY
2025,686752,Ryan Pepiot,False,False,False,FILE,COMPLETE,SP,89.5,9,302,147,75,0.4131,False,True,94.8709,19.5564,2400.6821,6.793,-7.7293,0.2109,-1.8278,0.4166,95.0346,19.5564,2408.939,0.2116,-0.6554,50.0,70.0,55.0,50.0,40.0,-0.1848,1.7675,0.6261,-0.0832,-0.9915,60.0,45.0,57.3625,44.6266,True,False,False,55.0,50.9945,SHAPE-ONLY
2018,593144,Richard Rodriguez,False,False,False,VS_PHI,PARTIAL,RP,28.0,16,97,45,12,0.6831,True,False,93.0289,15.506,2372.0103,6.5887,-12.2388,0.2667,-0.5629,0.2914,94.3389,15.506,2438.0654,0.2372,-0.3479,45.0,50.0,60.0,55.0,50.0,-0.5166,-0.0655,0.8413,0.4269,-0.2049,50.0,55.0,50.8638,51.1098,False,False,False,55.0,50.9868,NOT ELITE
2018,605182,Mike Clevinger,False,False,False,INCIDENTAL,PARTIAL,UNK,,13,88,44,15,0.4972,True,False,93.2466,15.7732,2272.125,6.6409,-7.0623,0.2273,2.9443,0.362,94.5566,15.7732,2338.1801,0.2196,-0.0828,45.0,50.0,50.0,50.0,55.0,-0.4128,0.0554,0.1035,0.0758,0.4731,50.0,55.0,49.1536,52.7444,False,False,False,55.0,50.949,NOT ELITE
2020,608032,Carlos Estévez,False,False,False,FILE,COMPLETE,RP,16.5,26,268,144,77,0.6147,False,True,96.9086,15.1093,2167.5448,6.3746,-8.6499,0.25,-0.4213,0.3596,97.8911,15.1093,2217.0861,0.2398,-0.347,60.0,50.0,40.0,55.0,50.0,1.1773,-0.245,-0.791,0.4782,-0.2027,50.0,55.0,50.471,51.3775,False,False,False,55.0,50.9243,NOT ELITE
2019,592789,Noah Syndergaard,False,False,False,VS_PHI,PARTIAL,SP,82.5,14,96,51,18,0.2347,True,False,97.5125,14.81,2177.2604,6.5031,-6.7325,0.3137,-3.8406,0.3939,98.6588,14.81,2235.0586,0.2613,-0.6145,65.0,45.0,45.0,60.0,40.0,1.5434,-0.3804,-0.6582,0.9065,-0.8868,50.0,50.0,51.6824,50.0988,False,False,False,50.0,50.8906,NOT ELITE
2023,543518,Scott McGough,False,False,False,VS_PHI,PARTIAL,RP,20.0,14,66,26,11,0.5593,True,False,93.2803,18.2164,2326.6212,5.7212,-8.26,0.2308,0.0712,0.3429,93.7716,18.2164,2351.3919,0.219,-0.3057,40.0,60.0,50.0,50.0,50.0,-0.7872,1.1611,0.201,0.0644,-0.097,50.0,50.0,51.9164,49.8371,False,False,False,50.0,50.8767,NOT ELITE
2024,605400,Aaron Nola,False,True,True,PHI,COMPLETE,SP,96.0,33,887,389,200,0.2781,False,True,92.4862,14.6289,2307.1353,6.9824,-11.9326,0.2237,0.9829,0.2896,92.8138,14.6289,2323.6491,0.2224,0.2617,40.0,45.0,50.0,50.0,65.0,-1.2439,-0.4624,-0.0039,0.1311,1.3542,45.0,60.0,44.2993,57.4264,False,True,False,55.0,50.8629,RESULTS-ONLY
2022,642547,Freddy Peralta,False,False,False,VS_PHI,PARTIAL,SP,89.0,6,77,37,11,0.5704,True,False,92.5922,17.4623,2385.4675,7.0,-9.6499,0.2162,0.8455,0.341,93.2472,17.4623,2418.4951,0.2146,-0.2508,40.0,60.0,55.0,50.0,50.0,-1.0372,0.8198,0.6967,-0.0233,0.0435,50.0,50.0,51.5977,50.1013,False,False,False,50.0,50.8495,NOT ELITE
2024,663432,Tanner Rainey,False,False,False,VS_PHI,PARTIAL,RP,25.0,9,76,39,23,0.6496,True,False,94.3105,18.5289,2390.9342,6.2579,-10.1763,0.1795,-1.6105,0.4925,94.638,18.5289,2407.448,0.1996,-0.4127,45.0,65.0,55.0,45.0,45.0,-0.374,1.3025,0.6151,-0.3229,-0.3706,55.0,45.0,55.1455,46.5325,False,False,False,50.0,50.839,NOT ELITE
2019,544931,Stephen Strasburg,False,False,False,VS_PHI,PARTIAL,SP,92.0,10,109,53,19,0.2802,False,True,94.078,14.8349,2149.6972,6.8789,-9.6484,0.3396,0.5101,0.2854,95.2243,14.8349,2207.4954,0.2748,-0.252,50.0,45.0,40.0,60.0,50.0,-0.0944,-0.3692,-0.8618,1.1765,0.0403,45.0,55.0,45.5818,56.0843,False,False,False,50.0,50.8331,NOT ELITE
2018,450203,Charlie Morton,False,False,False,FILE,COMPLETE,SP,95.0,30,835,384,126,0.3106,False,True,96.1049,12.5011,2242.9677,5.9731,-14.1249,0.2292,0.2423,0.3568,97.4149,12.5011,2309.0227,0.2272,-0.0802,60.0,35.0,50.0,50.0,55.0,0.9503,-1.4253,-0.1119,0.2267,0.4798,50.0,55.0,48.0435,53.5328,False,False,False,55.0,50.7881,NOT ELITE
2020,518876,Merrill Kelly,False,False,False,FILE,COMPLETE,SP,96.0,5,117,48,22,0.2474,False,True,92.1111,16.1272,2436.3248,6.3923,-6.0769,0.2292,0.3197,0.2668,93.0936,16.1272,2485.8661,0.2208,-0.2655,40.0,50.0,60.0,50.0,50.0,-1.1105,0.2156,1.1943,0.0991,0.0059,50.0,50.0,50.9983,50.5249,False,False,False,50.0,50.7616,NOT ELITE
2025,434378,Justin Verlander,False,False,False,TEAM,COMPLETE,SP,90.0,8,246,124,61,0.4362,False,True,94.3496,18.7595,2431.9634,6.0439,-8.9059,0.1774,-0.8049,0.4107,94.5133,18.7595,2440.2203,0.1887,-0.4168,45.0,65.0,60.0,45.0,45.0,-0.4334,1.4068,0.8572,-0.5406,-0.3811,55.0,45.0,56.102,45.3913,False,False,False,50.0,50.7467,NOT ELITE
2021,669456,Shane Bieber,False,False,False,INCIDENTAL,PARTIAL,UNK,,8,59,28,14,0.3907,True,False,92.6356,18.2054,2316.7069,6.5932,-9.3966,0.2143,1.0119,0.3961,93.4544,18.2054,2357.9913,0.2138,-0.2594,40.0,60.0,50.0,50.0,50.0,-0.9384,1.1561,0.2498,-0.0394,0.0213,50.0,50.0,51.5582,49.9095,False,False,False,50.0,50.7338,NOT ELITE
2022,645261,Sandy Alcantara,False,False,False,FILE,COMPLETE,SP,101.5,32,826,433,188,0.2543,False,True,97.9676,13.7814,2200.2764,5.8989,-12.0722,0.2425,-0.353,0.3309,98.6226,13.7814,2233.3039,0.2392,-0.3392,65.0,40.0,45.0,55.0,50.0,1.5262,-0.8459,-0.6712,0.4659,-0.1827,50.0,55.0,50.0301,51.4162,False,False,False,55.0,50.7231,NOT ELITE
2020,601713,Nick Pivetta,False,False,True,PHI,COMPLETE,RP,30.0,4,62,28,14,0.5299,True,False,93.4145,19.5677,2353.7742,6.6935,-7.8852,0.1786,-4.2435,0.3545,94.397,19.5677,2403.3155,0.2019,-0.5405,45.0,70.0,55.0,45.0,45.0,-0.4889,1.7726,0.5846,-0.2765,-0.6976,55.0,45.0,56.2276,45.1294,False,False,False,50.0,50.6785,NOT ELITE
2021,621249,Duane Underwood,False,False,False,INCIDENTAL,PARTIAL,RP,36.0,12,52,29,9,0.4522,True,False,94.875,16.1585,2183.5,6.5192,-7.6615,0.2414,4.1673,0.3936,95.6938,16.1585,2224.7844,0.2231,-0.1228,50.0,50.0,45.0,50.0,55.0,0.1295,0.2298,-0.7341,0.1447,0.3708,50.0,55.0,48.7504,52.578,False,False,False,55.0,50.6642,NOT ELITE
2025,686701,Ryan Bergert,False,False,False,VS_PHI,PARTIAL,SP,79.0,3,100,52,27,0.4367,False,True,93.399,18.618,2413.45,6.405,-8.0328,0.1923,-0.931,0.4141,93.5628,18.618,2421.7069,0.2034,-0.3795,40.0,65.0,55.0,50.0,45.0,-0.8867,1.3428,0.7204,-0.2482,-0.2859,55.0,50.0,53.9216,47.3296,False,False,False,55.0,50.6256,NOT ELITE
2018,488984,Tommy Hunter,False,False,True,PHI,COMPLETE,RP,15.0,38,82,46,17,0.0856,True,False,96.178,16.061,2409.8171,6.3439,-6.9541,0.1304,-2.2256,0.4728,97.4881,16.061,2475.8721,0.1761,-0.4621,60.0,50.0,60.0,40.0,45.0,0.9851,0.1857,1.1205,-0.791,-0.4971,55.0,45.0,57.6377,43.5598,False,False,False,50.0,50.5988,NOT ELITE
2018,641745,Brad Keller,False,True,False,FILE,COMPLETE,RP,43.0,41,993,462,265,0.4437,False,True,94.3248,13.5869,2297.3266,6.0006,-0.9207,0.1905,0.66,0.3283,95.6348,13.5869,2363.3817,0.193,0.1441,50.0,40.0,55.0,45.0,60.0,0.1014,-0.9339,0.2896,-0.4551,1.0535,50.0,55.0,48.1902,52.9919,False,False,False,55.0,50.591,NOT ELITE
2021,656731,Tylor Megill,False,False,False,VS_PHI,PARTIAL,SP,79.0,5,63,29,9,0.4922,True,False,94.4048,16.9486,2156.4921,7.2349,-10.4971,0.3103,0.1794,0.528,95.2235,16.9486,2197.7765,0.2466,-0.3007,50.0,55.0,40.0,55.0,50.0,-0.0948,0.5873,-0.9336,0.6133,-0.0843,50.0,55.0,48.5298,52.6448,False,False,False,55.0,50.5873,NOT ELITE
2026,696149,Bubba Chandler,False,False,False,VS_PHI,PARTIAL,SP,87.0,3,78,37,20,0.4262,True,False,98.2128,18.1323,2388.0385,6.6987,-8.7154,0.0541,-1.8346,0.4452,98.2128,18.1323,2388.0385,0.1502,-0.4298,65.0,60.0,55.0,35.0,45.0,1.3308,1.123,0.4717,-1.3081,-0.4144,60.0,40.0,59.7517,41.3877,True,False,False,50.0,50.5697,SHAPE-ONLY
2019,622694,Elieser Hernandez,False,False,False,VS_PHI,PARTIAL,SP,82.0,7,162,75,28,0.5382,False,True,91.0796,17.8333,2248.3272,6.066,-7.8341,0.2533,0.9204,0.4025,92.2259,17.8333,2306.1254,0.2363,-0.1662,35.0,60.0,50.0,55.0,55.0,-1.5243,0.9877,-0.1333,0.4092,0.2598,50.0,55.0,47.7672,53.3446,False,False,False,55.0,50.5559,NOT ELITE
2025,621051,Steven Wilson,False,False,False,INCIDENTAL,PARTIAL,RP,13.5,31,53,38,30,0.3136,True,False,93.8415,18.6385,2485.3019,6.7019,-6.6475,0.0526,3.2623,0.3655,94.0053,18.6385,2493.5588,0.1486,-0.1612,45.0,65.0,65.0,35.0,55.0,-0.6757,1.3521,1.2512,-1.3399,0.2726,60.0,45.0,56.425,44.6633,True,False,False,55.0,50.5442,SHAPE-ONLY
2019,502522,Justin Miller,False,False,False,VS_PHI,PARTIAL,RP,21.5,6,60,33,15,0.6186,True,False,92.1767,17.69,2388.3,6.3567,-6.252,0.1515,2.0517,0.225,93.3229,17.69,2446.0982,0.1906,-0.2038,40.0,60.0,60.0,45.0,50.0,-1.0011,0.9229,0.9006,-0.5024,0.1637,55.0,50.0,52.7411,48.3065,False,False,False,55.0,50.5238,NOT ELITE
2023,673540,Kodai Senga,False,False,False,VS_PHI,PARTIAL,SP,101.0,10,129,66,22,0.3862,False,True,96.0527,16.5498,2292.845,6.4504,-8.7935,0.1515,1.4287,0.305,96.544,16.5498,2317.6156,0.18,-0.1417,55.0,55.0,50.0,45.0,55.0,0.5349,0.4069,-0.0484,-0.713,0.3224,55.0,50.0,52.9778,48.047,False,False,False,55.0,50.5124,NOT ELITE
2025,605447,Jordan Romano,False,False,True,PHI,COMPLETE,RP,13.0,48,258,94,58,0.368,False,True,95.4795,17.9065,2268.2946,7.5221,-7.2949,0.266,-1.9143,0.3947,95.6432,17.9065,2276.5515,0.2464,-0.6336,50.0,60.0,45.0,55.0,40.0,0.1054,1.0208,-0.3518,0.6097,-0.9357,50.0,50.0,52.5815,48.3699,False,False,False,50.0,50.4757,NOT ELITE
2026,676917,Cade Cavalli,False,False,False,VS_PHI,PARTIAL,SP,90.5,3,76,36,21,0.3878,True,False,96.5724,14.5832,2332.5132,6.388,-6.3111,0.2778,-1.5658,0.4174,96.5724,14.5832,2332.5132,0.2387,-0.4097,55.0,45.0,50.0,55.0,45.0,0.5485,-0.4831,0.0616,0.4561,-0.3631,50.0,50.0,50.4232,50.4651,False,False,False,50.0,50.4442,NOT ELITE
2025,694297,Brandon Pfaadt,False,False,False,INCIDENTAL,PARTIAL,SP,93.0,7,120,52,29,0.2395,False,True,93.6842,15.656,2570.3613,6.5075,-6.196,0.1346,1.1642,0.521,93.8479,15.656,2578.6182,0.1756,-0.1798,40.0,50.0,70.0,40.0,50.0,-0.7508,0.0024,1.8794,-0.8015,0.225,55.0,45.0,53.7703,47.1175,False,False,False,50.0,50.4439,NOT ELITE
2018,591693,Edubray Ramos,False,False,True,PHI,COMPLETE,RP,15.0,49,260,114,42,0.3499,False,True,93.3124,14.4051,2472.8147,6.0108,-4.8533,0.193,0.1238,0.4161,94.6224,14.4051,2538.8697,0.1998,-0.2411,45.0,45.0,65.0,45.0,50.0,-0.3814,-0.5637,1.5858,-0.3195,0.0682,50.0,50.0,52.1358,48.7437,False,False,False,50.0,50.4397,NOT ELITE
2025,656731,Tylor Megill,False,False,False,VS_PHI,PARTIAL,SP,92.0,2,84,39,21,0.4098,True,False,95.325,16.9271,2249.3929,7.1405,-6.1314,0.1795,2.7952,0.2468,95.4888,16.9271,2257.6497,0.1996,-0.1039,50.0,55.0,45.0,45.0,55.0,0.0317,0.5776,-0.4914,-0.3229,0.4191,50.0,50.0,50.3933,50.4811,False,False,False,50.0,50.4372,NOT ELITE
2021,675921,Spencer Howard,False,False,True,PHI,COMPLETE,RP,48.0,19,556,265,81,0.594,False,True,94.2469,17.2882,2155.0414,6.5586,-7.4176,0.2453,-0.2142,0.3492,95.0657,17.2882,2196.3258,0.2397,-0.2898,50.0,55.0,40.0,55.0,50.0,-0.17,0.741,-0.9443,0.4773,-0.0565,50.0,55.0,48.7555,52.1039,False,False,False,55.0,50.4297,NOT ELITE
2025,680573,Simeon Woods Richardson,False,False,False,VS_PHI,PARTIAL,SP,81.0,3,74,31,19,0.5068,True,False,93.0041,18.0032,2210.3514,6.6014,-5.7714,0.3226,0.2081,0.2342,93.1678,18.0032,2218.6082,0.2524,-0.2943,40.0,60.0,40.0,55.0,50.0,-1.0751,1.0646,-0.7798,0.7293,-0.068,45.0,55.0,47.3659,53.3067,False,False,False,50.0,50.3363,NOT ELITE
2021,592836,Taijuan Walker,False,True,False,FILE,COMPLETE,SP,89.5,30,903,411,147,0.3545,False,True,94.5405,17.2828,2093.5127,6.0588,-9.446,0.2482,-0.1869,0.4274,95.3593,17.2828,2134.7972,0.244,-0.2642,50.0,55.0,35.0,55.0,50.0,-0.03,0.7386,-1.3988,0.5625,0.009,45.0,55.0,47.6991,52.8576,False,False,False,50.0,50.2783,NOT ELITE
2025,668909,MLBAM 668909,False,False,False,INCIDENTAL,PARTIAL,SP,98.0,5,86,35,18,0.3789,True,False,97.2849,15.5065,2302.1977,6.8965,-10.394,0.2571,-3.3,0.5073,97.4486,15.5065,2310.4546,0.2303,-0.5471,60.0,50.0,50.0,55.0,45.0,0.9663,-0.0653,-0.1013,0.2895,-0.7145,55.0,50.0,52.6658,47.8749,False,False,False,55.0,50.2704,NOT ELITE
2023,518876,Merrill Kelly,False,False,False,FILE,COMPLETE,SP,93.0,30,834,374,197,0.2975,False,True,92.1777,14.7344,2345.5204,6.1999,-7.3856,0.262,0.017,0.3359,92.669,14.7344,2370.2911,0.2557,-0.1783,35.0,45.0,55.0,60.0,50.0,-1.313,-0.4147,0.3406,0.7956,0.2288,45.0,55.0,45.3767,55.1219,False,False,False,50.0,50.2493,NOT ELITE
2023,621107,Zach Eflin,False,False,False,FILE,COMPLETE,SP,83.0,27,159,97,20,0.0617,False,True,92.9031,14.1102,2218.044,6.6818,-7.8174,0.3196,1.0849,0.4066,93.3944,14.1102,2242.8147,0.2808,-0.1478,40.0,45.0,45.0,65.0,55.0,-0.967,-0.6971,-0.601,1.2947,0.3069,45.0,60.0,42.4496,58.0081,False,True,False,55.0,50.2289,RESULTS-ONLY
2022,547179,Michael Lorenzen,False,False,False,VS_PHI,PARTIAL,SP,102.0,8,53,25,8,0.2912,True,False,94.5868,14.2075,2442.7547,5.8396,-11.6174,0.2,0.6623,0.2392,95.2418,14.2075,2475.7823,0.2094,-0.2824,50.0,45.0,60.0,50.0,50.0,-0.086,-0.6531,1.1198,-0.1276,-0.0375,50.0,50.0,51.2691,49.1745,False,False,False,50.0,50.2218,NOT ELITE
2019,669060,Bryse Wilson,False,True,False,VS_PHI,PARTIAL,SP,79.5,3,111,49,16,0.6687,False,True,94.0685,14.9308,2256.7748,6.1541,-9.8973,0.2857,-0.5559,0.4302,95.2147,14.9308,2314.573,0.2472,-0.3498,50.0,45.0,50.0,55.0,50.0,-0.099,-0.3258,-0.0709,0.6263,-0.2097,50.0,55.0,48.3479,52.0828,False,False,False,55.0,50.2153,NOT ELITE
2022,640448,Kyle Finnegan,False,False,False,VS_PHI,PARTIAL,RP,14.0,11,78,42,14,0.7222,True,False,97.3513,15.4138,2063.1026,6.5577,-11.3385,0.2857,-0.0962,0.29,98.0063,15.4138,2096.1301,0.2445,-0.313,60.0,50.0,35.0,55.0,50.0,1.2323,-0.1072,-1.6844,0.5715,-0.1158,50.0,55.0,48.1355,52.2787,False,False,False,55.0,50.2071,NOT ELITE
2022,628708,Yunior Marte,False,False,False,FILE,COMPLETE,RP,20.0,37,222,95,41,0.2593,False,True,97.7505,14.2346,2411.9457,6.2955,-12.1816,0.1579,-0.6437,0.3672,98.4055,14.2346,2444.9732,0.1786,-0.3822,65.0,45.0,60.0,45.0,45.0,1.4226,-0.6408,0.8923,-0.7422,-0.2927,55.0,45.0,55.5802,44.8251,False,False,False,50.0,50.2027,NOT ELITE
2021,608032,Carlos Estévez,False,False,False,FILE,COMPLETE,RP,16.0,63,663,334,175,0.6584,False,True,97.0817,14.4029,2163.3384,6.3766,-8.4919,0.2305,-0.1842,0.3576,97.9005,14.4029,2204.6228,0.2281,-0.2738,60.0,45.0,40.0,50.0,50.0,1.1818,-0.5647,-0.8831,0.2451,-0.0154,50.0,50.0,49.1136,51.1483,False,False,False,50.0,50.131,NOT ELITE
2022,656546,Jeff Hoffman,False,False,False,FILE,COMPLETE,RP,24.0,35,427,213,78,0.5035,False,True,94.2602,17.1296,2457.4329,6.4642,-10.6176,0.169,-0.5506,0.3546,94.9152,17.1296,2490.4605,0.1783,-0.3914,50.0,55.0,60.0,45.0,45.0,-0.2418,0.6693,1.2283,-0.7476,-0.3162,55.0,45.0,55.5192,44.6811,False,False,False,50.0,50.1001,NOT ELITE
2021,456501,Johnny Cueto,False,False,False,VS_PHI,PARTIAL,SP,94.0,6,86,51,11,0.4526,True,False,92.2395,15.4702,2229.7976,5.7663,-11.8842,0.3333,0.5244,0.5922,93.0583,15.4702,2271.082,0.2706,-0.2659,40.0,50.0,45.0,60.0,50.0,-1.1273,-0.0817,-0.3922,1.0927,0.0047,45.0,55.0,44.6629,55.487,False,False,False,50.0,50.0749,NOT ELITE
2018,605513,Spencer Turnbull,False,False,False,FILE,COMPLETE,SP,86.5,4,59,31,4,0.2085,True,False,93.5746,10.1247,2417.1017,6.2508,-1.8407,0.3548,1.7627,0.403,94.8846,10.1247,2483.1568,0.2639,-0.2207,45.0,25.0,60.0,60.0,50.0,-0.2564,-2.5007,1.1743,0.9582,0.1205,45.0,55.0,44.7242,55.3934,False,False,False,50.0,50.0588,NOT ELITE
2019,543475,Jordan Lyles,False,False,False,VS_PHI,PARTIAL,SP,100.0,8,95,48,14,0.5108,True,False,92.9095,15.9549,2172.1579,6.7011,-6.4851,0.25,2.9084,0.3358,94.0557,15.9549,2229.9561,0.2304,-0.0677,45.0,50.0,45.0,55.0,55.0,-0.6516,0.1377,-0.6959,0.2906,0.5116,45.0,55.0,45.967,54.0113,False,False,False,50.0,49.9891,NOT ELITE
2024,622663,Luis Severino,False,False,False,VS_PHI,PARTIAL,SP,86.0,9,90,61,21,0.3516,True,False,96.4711,16.1387,2256.2667,6.3011,-6.3733,0.1475,2.47,0.2917,96.7986,16.1387,2272.7804,0.1792,-0.114,55.0,50.0,45.0,45.0,55.0,0.6564,0.2208,-0.3796,-0.73,0.3932,50.0,50.0,51.6586,48.3159,False,False,False,50.0,49.9872,NOT ELITE
2019,642547,Freddy Peralta,False,False,False,VS_PHI,PARTIAL,SP,58.5,9,124,66,24,0.747,False,True,92.7855,16.3084,2408.75,7.0113,-7.8523,0.2576,-3.1194,0.5135,93.9318,16.3084,2466.5482,0.2374,-0.6152,45.0,55.0,60.0,55.0,40.0,-0.7108,0.2976,1.0516,0.4299,-0.8887,55.0,50.0,52.1283,47.7061,False,False,False,55.0,49.9172,NOT ELITE
2021,665759,Ramón Rosso,False,False,True,PHI,COMPLETE,RP,19.0,7,85,45,13,0.5903,True,False,94.7153,13.1845,2471.6824,5.9506,-4.5445,0.1556,2.06,0.3725,95.5341,13.1845,2512.9668,0.1878,-0.1549,50.0,40.0,65.0,45.0,55.0,0.0533,-1.1161,1.3945,-0.5591,0.2887,50.0,50.0,51.1059,48.648,False,False,False,50.0,49.877,NOT ELITE
2022,608337,Lucas Giolito,False,False,False,INCIDENTAL,PARTIAL,UNK,,10,79,38,19,0.5163,True,False,92.419,18.3387,2202.3038,6.8342,-5.9985,0.2368,1.6038,0.3706,93.074,18.3387,2235.3313,0.223,-0.1973,40.0,60.0,45.0,50.0,50.0,-1.1198,1.2164,-0.6562,0.1431,0.1801,50.0,50.0,48.1346,51.6163,False,False,False,50.0,49.8755,NOT ELITE
2020,571735,David Hale,False,False,True,PHI,COMPLETE,RP,32.0,7,90,51,19,0.4348,True,False,92.5678,13.628,2283.0444,6.5633,-6.9173,0.2549,4.3189,0.4538,93.5503,13.628,2332.5858,0.2333,0.0278,40.0,40.0,50.0,55.0,60.0,-0.8927,-0.9153,0.0621,0.3481,0.7559,45.0,60.0,44.1804,55.5199,False,True,False,55.0,49.8501,RESULTS-ONLY
2018,543135,Nathan Eovaldi,False,False,False,INCIDENTAL,PARTIAL,SP,86.0,10,79,41,9,0.4031,True,False,96.7506,13.9792,2113.0886,6.0038,-12.0122,0.2439,1.1177,0.4063,98.0607,13.9792,2179.1437,0.2264,-0.2304,65.0,40.0,40.0,50.0,50.0,1.2582,-0.7564,-1.0713,0.2111,0.0957,50.0,50.0,48.1018,51.5338,False,False,False,50.0,49.8178,NOT ELITE
2020,450203,Charlie Morton,False,False,False,FILE,COMPLETE,SP,80.0,9,234,121,30,0.3545,False,True,93.3821,14.5179,2349.0256,6.5291,-10.3421,0.2479,-0.4034,0.4719,94.3646,14.5179,2398.5669,0.2371,-0.3419,45.0,45.0,55.0,55.0,50.0,-0.5044,-0.5126,0.5495,0.4236,-0.1897,50.0,55.0,48.4417,51.1698,False,False,False,55.0,49.8057,NOT ELITE
2025,678692,MLBAM 678692,False,False,False,INCIDENTAL,PARTIAL,RP,21.0,29,52,35,28,0.2889,True,False,96.6846,18.39,2486.0769,6.4596,-6.1431,0.1143,-10.8904,0.5294,96.8484,18.39,2494.3338,0.1754,-0.8123,55.0,60.0,65.0,40.0,35.0,0.6801,1.2396,1.2569,-0.8047,-1.3927,60.0,40.0,60.5886,39.013,True,False,False,50.0,49.8008,SHAPE-ONLY
2023,615698,Cal Quantrill,False,False,False,FILE,COMPLETE,SP,93.0,19,274,110,50,0.1602,False,True,93.7062,16.8074,2205.073,6.5128,-10.193,0.2273,0.5164,0.449,94.1975,16.8074,2229.8436,0.2227,-0.1581,45.0,55.0,45.0,50.0,55.0,-0.5841,0.5235,-0.6968,0.1365,0.2805,50.0,55.0,47.4754,52.0851,False,False,False,55.0,49.7803,NOT ELITE
2018,571945,Miles Mikolas,False,False,False,FILE,COMPLETE,SP,94.5,32,803,446,216,0.2673,False,True,94.1445,13.8441,2308.9041,6.2655,-4.8898,0.1704,0.7376,0.2858,95.4545,13.8441,2374.9592,0.1752,0.1252,50.0,40.0,55.0,40.0,60.0,0.0154,-0.8176,0.3751,-0.809,1.0051,50.0,50.0,48.5765,50.9804,False,False,False,50.0,49.7784,NOT ELITE
2024,678495,Randy Rodríguez,False,False,False,VS_PHI,PARTIAL,RP,28.0,22,86,57,52,0.5244,True,False,97.5012,17.5102,2584.0465,6.6419,-6.8679,0.1053,-8.2465,0.4226,97.8287,17.5102,2600.5603,0.159,-0.9108,60.0,60.0,70.0,40.0,35.0,1.1476,0.8415,2.0415,-1.1325,-1.6448,65.0,40.0,63.4353,36.1133,True,False,False,55.0,49.7743,SHAPE-ONLY
2020,656793,Nick Nelson,False,False,False,FILE,COMPLETE,RP,39.0,11,214,94,30,0.5722,False,True,96.3248,17.0708,2091.5467,6.3757,-7.6716,0.2234,-0.6808,0.4822,97.3073,17.0708,2141.088,0.2197,-0.3867,60.0,55.0,35.0,50.0,45.0,0.8989,0.6427,-1.3524,0.0784,-0.3043,50.0,50.0,50.6308,48.8705,False,False,False,50.0,49.7507,NOT ELITE
2022,615698,Cal Quantrill,False,False,False,FILE,COMPLETE,SP,93.5,31,283,113,50,0.0969,False,True,93.9254,16.8632,2191.5512,6.3986,-9.0861,0.2212,0.3827,0.4221,94.5805,16.8632,2224.5788,0.2187,-0.1813,45.0,55.0,45.0,50.0,50.0,-0.4014,0.5487,-0.7357,0.0578,0.221,50.0,50.0,48.0387,51.394,False,False,False,50.0,49.7163,NOT ELITE
2019,601713,Nick Pivetta,False,False,True,PHI,COMPLETE,RP,46.5,30,798,365,123,0.4929,False,True,94.556,17.76,2339.6566,6.452,-9.8543,0.2247,-1.4313,0.5017,95.7023,17.76,2397.4548,0.2232,-0.7963,50.0,60.0,55.0,50.0,35.0,0.1335,0.9545,0.5413,0.147,-1.3519,55.0,45.0,55.4312,43.9759,False,False,False,50.0,49.7035,NOT ELITE
2022,596133,Luke Weaver,False,False,False,VS_PHI,PARTIAL,SP,62.0,5,57,35,10,0.57,True,False,93.7228,16.0484,2321.0,5.6298,-9.3832,0.2571,-1.8263,0.312,94.3778,16.0484,2354.0275,0.2303,-0.4035,45.0,50.0,50.0,55.0,45.0,-0.4981,0.18,0.2205,0.2895,-0.3472,50.0,50.0,49.6748,49.7118,False,False,False,50.0,49.6933,NOT ELITE
2019,593144,Richard Rodriguez,False,False,False,VS_PHI,PARTIAL,RP,23.0,13,87,38,14,0.7632,True,False,93.3563,14.9476,2466.0115,6.4609,-13.5738,0.1842,-1.2023,0.3994,94.5026,14.9476,2523.8097,0.2017,-0.3936,45.0,45.0,65.0,45.0,45.0,-0.4386,-0.3182,1.4746,-0.2806,-0.3218,50.0,45.0,52.3929,46.988,False,False,False,50.0,49.6904,NOT ELITE
2018,664208,Phil Maton,False,False,False,VS_PHI,PARTIAL,RP,17.5,11,58,33,7,0.5979,True,False,90.6948,12.4883,2546.7069,7.0379,1.5352,0.2424,3.3379,0.268,92.0048,12.4883,2612.762,0.2243,-0.1424,35.0,35.0,70.0,50.0,55.0,-1.6297,-1.4311,2.1316,0.1688,0.3207,45.0,55.0,46.9029,52.448,False,False,False,50.0,49.6754,NOT ELITE
2022,676130,Jose Butto,False,False,False,VS_PHI,PARTIAL,SP,98.0,1,50,27,9,0.5102,True,False,94.756,15.9624,2330.64,6.158,-5.6712,0.2593,-4.908,0.4357,95.411,15.9624,2363.6675,0.2284,-0.5306,50.0,50.0,55.0,55.0,45.0,-0.0054,0.1411,0.2917,0.2518,-0.6723,50.0,50.0,51.4247,47.8972,False,False,False,50.0,49.6609,NOT ELITE
2019,543606,Jake Odorizzi,False,False,False,INCIDENTAL,PARTIAL,RP,36.0,10,65,32,11,0.5242,True,False,92.2415,18.0591,2253.5692,5.9046,-9.5631,0.25,-1.8785,0.5863,93.3878,18.0591,2311.3674,0.2268,-0.4164,40.0,60.0,50.0,50.0,45.0,-0.9702,1.0899,-0.0946,0.2196,-0.3801,50.0,50.0,50.0837,49.1977,False,False,False,50.0,49.6407,NOT ELITE
2024,669302,Logan Gilbert,False,False,False,INCIDENTAL,PARTIAL,SP,98.0,12,66,36,21,0.3173,True,False,96.7591,15.8891,2049.8939,7.5924,-7.6073,0.2222,4.1303,0.4298,97.0866,15.8891,2066.4077,0.217,-0.0727,60.0,50.0,30.0,50.0,55.0,0.7937,0.1079,-1.904,0.0232,0.499,45.0,55.0,46.6586,52.6112,False,False,False,50.0,49.6349,NOT ELITE
2019,642152,Lou Trivino,False,True,False,FILE,COMPLETE,RP,15.0,56,323,160,94,0.3273,False,True,97.3879,14.3855,2111.3715,6.1712,-9.4284,0.175,0.9833,0.3554,98.5342,14.3855,2169.1697,0.185,-0.0274,65.0,45.0,40.0,45.0,55.0,1.484,-0.5725,-1.1449,-0.6138,0.6148,50.0,50.0,49.2218,50.0052,False,False,False,50.0,49.6135,NOT ELITE
2025,676661,Max Lazar,False,True,True,PHI,COMPLETE,RP,16.0,36,357,172,105,0.5526,False,True,94.493,16.3445,2498.535,6.9585,-1.1425,0.157,-0.288,0.4026,94.6567,16.3445,2506.7919,0.1709,-0.3186,45.0,55.0,65.0,40.0,50.0,-0.365,0.314,1.3489,-0.8952,-0.1299,55.0,45.0,54.3261,44.8741,False,False,False,50.0,49.6001,NOT ELITE
2020,621107,Zach Eflin,False,False,True,PHI,COMPLETE,SP,88.0,11,88,42,12,0.0964,True,False,94.2943,13.7005,2160.2614,6.7511,-10.8055,0.3333,0.7693,0.4732,95.2768,13.7005,2209.8027,0.2649,-0.2462,50.0,40.0,40.0,60.0,50.0,-0.0693,-0.8826,-0.8448,0.978,0.0552,45.0,55.0,44.011,55.166,False,False,False,50.0,49.5885,NOT ELITE
2022,656322,Sam Coonrod,False,False,True,PHI,COMPLETE,RP,17.5,12,82,44,8,0.3475,True,False,97.022,16.1459,2230.9024,6.5146,-10.5937,0.1818,-1.8012,0.4878,97.677,16.1459,2263.93,0.1996,-0.4322,60.0,50.0,45.0,45.0,45.0,1.0752,0.2241,-0.445,-0.3225,-0.4207,50.0,45.0,52.8477,46.284,False,False,False,50.0,49.5659,NOT ELITE
2022,666201,MLBAM 666201,False,False,False,INCIDENTAL,PARTIAL,UNK,,10,58,29,11,0.3625,True,False,94.15,15.989,2357.7069,6.6621,-5.1683,0.1724,0.1707,0.4393,94.805,15.989,2390.7344,0.1996,-0.3033,45.0,50.0,55.0,45.0,50.0,-0.2943,0.1531,0.4916,-0.3238,-0.0908,50.0,50.0,51.1679,47.9269,False,False,False,50.0,49.5474,NOT ELITE
2024,680570,MLBAM 680570,False,False,False,VS_PHI,PARTIAL,SP,99.0,4,76,45,16,0.5802,True,False,96.3382,14.8658,2260.7895,7.3803,-13.1874,0.1778,2.0368,0.374,96.6657,14.8658,2277.3032,0.1977,-0.1736,55.0,45.0,45.0,45.0,50.0,0.593,-0.3552,-0.3462,-0.3619,0.2408,50.0,50.0,49.6385,49.3947,False,False,False,50.0,49.5166,NOT ELITE
2024,683155,MLBAM 683155,False,False,False,VS_PHI,PARTIAL,SP,91.0,7,76,45,11,0.539,True,False,92.4079,16.5332,2364.2763,6.0224,-8.9337,0.1778,3.4461,0.1898,92.7354,16.5332,2380.7901,0.1977,-0.0813,35.0,55.0,55.0,45.0,55.0,-1.2813,0.3993,0.4182,-0.3619,0.477,50.0,50.0,48.4542,50.5759,False,False,False,50.0,49.515,NOT ELITE
2022,669212,Eli Morgan,False,False,False,INCIDENTAL,PARTIAL,UNK,,18,58,30,10,0.6237,True,False,92.3897,17.0483,2271.2931,6.2259,-11.1062,0.2333,1.9724,0.2879,93.0447,17.0483,2304.3206,0.2205,-0.2117,40.0,55.0,50.0,50.0,50.0,-1.1338,0.6325,-0.1466,0.0931,0.1433,50.0,50.0,47.84,51.1819,False,False,False,50.0,49.511,NOT ELITE
2021,605441,Yacksel Ríos,False,False,False,FILE,COMPLETE,RP,22.0,23,135,62,21,0.2948,False,True,96.8689,16.2791,2051.963,6.2304,-8.3111,0.2581,-1.2148,0.4978,97.6877,16.2791,2093.2474,0.2369,-0.4268,60.0,55.0,35.0,55.0,45.0,1.0803,0.2844,-1.7057,0.4214,-0.4068,50.0,50.0,48.8632,50.0727,False,False,False,50.0,49.468,NOT ELITE
2026,681190,Randy Vásquez,False,False,False,VS_PHI,PARTIAL,SP,91.5,4,60,34,15,0.303,True,False,94.6883,17.04,2418.05,6.0833,-9.108,0.0882,1.6383,0.2561,94.6883,17.04,2418.05,0.1663,-0.2255,45.0,55.0,55.0,40.0,50.0,-0.35,0.6287,0.6934,-0.9871,0.1082,50.0,45.0,53.2405,45.6056,False,False,False,50.0,49.423,NOT ELITE
2018,548389,Ross Stripling,False,False,False,VS_PHI,PARTIAL,SP,95.5,7,94,44,15,0.3507,True,False,91.4372,17.8404,2298.3191,6.0798,-3.0651,0.1818,0.8191,0.3207,92.7473,17.8404,2364.3742,0.1996,-0.237,35.0,60.0,55.0,45.0,50.0,-1.2756,0.9909,0.2969,-0.3225,0.0786,50.0,50.0,50.0408,48.7806,False,False,False,50.0,49.4107,NOT ELITE
2022,571710,Mychal Givens,False,False,False,VS_PHI,PARTIAL,RP,13.0,13,50,28,10,0.5208,True,False,93.078,12.0984,2433.26,6.394,-7.092,0.3571,-1.044,0.3477,93.733,12.0984,2466.2875,0.2614,-0.3602,40.0,35.0,60.0,60.0,50.0,-0.8056,-1.6075,1.0497,0.9088,-0.2364,45.0,55.0,45.4554,53.3618,False,False,False,50.0,49.4086,NOT ELITE
2018,545333,Trevor Bauer,False,False,False,INCIDENTAL,PARTIAL,UNK,,13,79,34,16,0.3798,True,False,95.0468,16.8744,2298.2405,6.2506,-8.1797,0.1176,-1.3797,0.3737,96.3569,16.8744,2364.2956,0.1774,-0.4001,55.0,55.0,55.0,40.0,45.0,0.4457,0.5538,0.2964,-0.7658,-0.3384,55.0,45.0,54.3194,44.4787,False,False,False,50.0,49.3991,NOT ELITE
2022,677651,MLBAM 677651,False,False,False,INCIDENTAL,PARTIAL,UNK,,9,57,31,13,0.5182,True,False,94.3632,17.6295,2385.1228,6.0439,-7.7453,0.1613,-5.1263,0.4289,95.0182,17.6295,2418.1503,0.195,-0.5684,50.0,60.0,55.0,45.0,40.0,-0.1927,0.8955,0.6942,-0.4151,-0.769,55.0,45.0,54.6564,44.0794,False,False,False,50.0,49.3679,NOT ELITE
2019,641755,Tyler Kinley,False,False,False,VS_PHI,PARTIAL,RP,18.5,10,78,30,12,0.4643,True,False,94.7885,18.2754,2281.2564,5.0949,-3.3769,0.0667,-0.7141,0.2625,95.9347,18.2754,2339.0546,0.1624,-0.3545,50.0,60.0,50.0,40.0,50.0,0.2444,1.1878,0.1099,-1.0646,-0.2219,55.0,45.0,55.1402,43.5672,False,False,False,50.0,49.3537,NOT ELITE
2023,605400,Aaron Nola,False,True,True,PHI,COMPLETE,SP,98.0,32,904,402,135,0.2928,False,True,92.7298,15.1692,2304.8226,6.8979,-12.2007,0.2189,0.244,0.3828,93.221,15.1692,2329.5933,0.2183,-0.0682,40.0,50.0,50.0,50.0,55.0,-1.0497,-0.2179,0.04,0.0488,0.5105,45.0,55.0,45.9082,52.7963,False,False,False,50.0,49.3522,NOT ELITE
2019,625643,Reynaldo Lopez,False,False,False,INCIDENTAL,PARTIAL,SP,95.0,17,181,100,39,0.5728,False,True,95.5978,14.7898,2151.1105,6.0652,-9.6935,0.18,1.7652,0.3601,96.7441,14.7898,2208.9087,0.1921,-0.029,55.0,45.0,40.0,45.0,55.0,0.6303,-0.3896,-0.8514,-0.4731,0.6108,45.0,50.0,47.9646,50.6883,False,False,False,50.0,49.3265,NOT ELITE
2019,645261,Sandy Alcantara,False,False,False,FILE,COMPLETE,SP,96.5,32,933,470,254,0.3018,False,True,95.6217,14.9547,2356.3976,5.7383,-9.3155,0.166,-0.2319,0.3398,96.7679,14.9547,2414.1958,0.171,-0.2839,55.0,45.0,55.0,40.0,50.0,0.6417,-0.315,0.6649,-0.8926,-0.0413,50.0,45.0,53.3057,45.3307,False,False,False,50.0,49.3182,NOT ELITE
2025,614179,José Ruiz,False,False,True,PHI,COMPLETE,RP,15.5,15,92,48,27,0.3695,True,False,95.6978,17.6257,2311.3587,6.112,-6.2504,0.2708,-6.8935,0.4924,95.8616,17.6257,2319.6156,0.24,-0.8424,50.0,60.0,50.0,55.0,35.0,0.2095,0.8937,-0.0337,0.4821,-1.4698,55.0,45.0,53.5652,45.0618,False,False,False,50.0,49.3135,NOT ELITE
2025,592332,Kevin Gausman,False,False,False,VS_PHI,PARTIAL,SP,95.0,5,75,38,18,0.5319,True,False,94.884,15.8752,2293.04,6.66,-10.904,0.2632,-2.2267,0.4829,95.0478,15.8752,2301.2969,0.2336,-0.4515,50.0,50.0,50.0,55.0,45.0,-0.1786,0.1016,-0.169,0.355,-0.47,50.0,50.0,49.1801,49.425,False,False,False,50.0,49.3026,NOT ELITE
2022,592332,Kevin Gausman,False,False,False,INCIDENTAL,PARTIAL,SP,89.0,10,98,59,16,0.4828,True,False,95.2245,17.7024,2250.1633,6.4622,-10.6163,0.1525,-0.4663,0.3651,95.8795,17.7024,2283.1908,0.1823,-0.3401,50.0,60.0,45.0,45.0,50.0,0.2181,0.9285,-0.3027,-0.668,-0.1849,50.0,50.0,52.8127,45.7355,False,False,False,50.0,49.2741,NOT ELITE
2024,675911,Spencer Strider,False,False,False,FILE,COMPLETE,SP,89.0,2,91,53,21,0.5112,True,False,96.2802,17.3196,2259.8901,6.9242,-11.3749,0.1698,-1.9626,0.4722,96.6077,17.3196,2276.4039,0.1923,-0.4552,55.0,60.0,45.0,45.0,45.0,0.5653,0.7552,-0.3529,-0.4681,-0.4795,55.0,45.0,53.2256,45.262,False,False,False,50.0,49.2438,NOT ELITE
2021,621107,Zach Eflin,False,False,True,PHI,COMPLETE,SP,88.5,18,200,89,27,0.1238,False,True,93.1055,13.9578,2149.39,6.7205,-10.1868,0.3146,0.4035,0.3251,93.9243,13.9578,2190.6744,0.2756,-0.2146,45.0,40.0,40.0,60.0,50.0,-0.7143,-0.7661,-0.9861,1.1911,0.1361,40.0,55.0,41.7782,56.6359,False,False,False,50.0,49.2071,NOT ELITE
2023,592332,Kevin Gausman,False,False,False,VS_PHI,PARTIAL,SP,91.5,11,149,83,28,0.4745,False,True,95.5503,16.5809,2316.6779,6.5544,-11.4765,0.1325,0.5651,0.2804,96.0416,16.5809,2341.4485,0.1652,-0.2206,55.0,55.0,50.0,40.0,50.0,0.2954,0.421,0.1276,-1.0084,0.1206,55.0,45.0,52.8131,45.5611,False,False,False,50.0,49.1871,NOT ELITE
2021,547001,Cody Poteet,False,False,False,VS_PHI,PARTIAL,SP,85.0,2,57,32,10,0.5278,True,False,93.7439,16.4989,2413.8421,5.886,-6.4821,0.1562,-3.0579,0.3433,94.5626,16.4989,2455.1265,0.1928,-0.465,45.0,55.0,60.0,45.0,45.0,-0.4099,0.3839,0.9673,-0.4593,-0.5046,55.0,45.0,53.1374,45.1808,False,False,False,50.0,49.1591,NOT ELITE
2018,472610,Luis García,False,False,True,PHI,COMPLETE,RP,11.0,43,118,62,24,0.1545,False,True,97.1386,12.5505,2121.5789,6.5167,-8.9179,0.2258,1.1847,0.41,98.4486,12.5505,2187.634,0.22,-0.18,65.0,35.0,40.0,50.0,50.0,1.4432,-1.4029,-1.0085,0.0838,0.2244,45.0,50.0,46.7724,51.5408,False,False,False,50.0,49.1566,NOT ELITE
2019,607457,Kyle Barraclough,False,False,False,VS_PHI,PARTIAL,RP,14.0,9,56,28,8,0.6222,True,False,93.4589,15.4757,2369.0536,6.1804,-6.5443,0.1786,-1.2429,0.6641,94.6052,15.4757,2426.8518,0.2019,-0.3736,45.0,50.0,60.0,45.0,45.0,-0.3896,-0.0792,0.7584,-0.2765,-0.2706,50.0,45.0,50.9654,47.2644,False,False,False,50.0,49.1149,NOT ELITE
2019,453284,Blake Parker,False,False,True,PHI,COMPLETE,RP,16.0,29,189,89,32,0.4447,False,True,90.818,15.8324,2142.5873,6.9079,-2.6,0.2697,1.7804,0.3683,91.9643,15.8324,2200.3855,0.248,-0.0154,35.0,50.0,40.0,55.0,55.0,-1.649,0.0822,-0.9144,0.6415,0.6454,40.0,55.0,41.7294,56.4349,False,False,False,50.0,49.0822,NOT ELITE
2019,502188,Jeff Samardzija,False,False,False,VS_PHI,PARTIAL,SP,96.5,6,80,35,12,0.2963,True,False,91.8038,15.0465,2566.425,6.13,-10.587,0.1429,-1.1062,0.5496,92.95,15.0465,2624.2232,0.1864,-0.3821,40.0,45.0,70.0,45.0,45.0,-1.1789,-0.2734,2.2163,-0.5858,-0.2925,50.0,45.0,52.5465,45.6085,False,False,False,50.0,49.0775,NOT ELITE
2019,592791,Jameson Taillon,False,False,False,FILE,COMPLETE,SP,80.0,7,148,76,34,0.2667,False,True,94.6554,13.3159,2328.3041,6.1689,-1.2122,0.2368,-0.8554,0.3215,95.8017,13.3159,2386.1022,0.227,-0.3919,50.0,40.0,55.0,50.0,45.0,0.1809,-1.0566,0.4574,0.2226,-0.3176,50.0,50.0,48.6061,49.5247,False,False,False,50.0,49.0654,NOT ELITE
2021,543475,Jordan Lyles,False,False,False,INCIDENTAL,PARTIAL,UNK,,9,73,41,18,0.4932,True,False,93.1219,18.0049,2256.3014,6.7699,-7.6504,0.1707,0.137,0.3818,93.9407,18.0049,2297.5858,0.1955,-0.2993,45.0,60.0,50.0,45.0,50.0,-0.7065,1.0654,-0.1964,-0.4049,-0.0806,50.0,50.0,50.5415,47.573,False,False,False,50.0,49.0572,NOT ELITE
2018,621107,Zach Eflin,False,False,True,PHI,COMPLETE,SP,84.5,24,947,461,157,0.4642,False,True,94.6265,14.2327,2196.2904,6.4928,-9.1478,0.1974,0.229,0.3767,95.9365,14.2327,2262.3455,0.1992,-0.0686,50.0,45.0,45.0,45.0,55.0,0.2453,-0.6417,-0.4567,-0.332,0.5095,45.0,50.0,47.1563,50.8874,False,False,False,50.0,49.0219,NOT ELITE
2023,641401,Connor Brogdon,False,False,True,PHI,COMPLETE,RP,19.0,27,177,86,30,0.3254,False,True,94.7379,15.9736,2264.7345,6.9271,-10.9736,0.2326,-1.1723,0.5346,95.2291,15.9736,2289.5051,0.2251,-0.4471,50.0,50.0,45.0,50.0,45.0,-0.0921,0.1461,-0.2561,0.1847,-0.4587,50.0,50.0,49.3264,48.6301,False,False,False,50.0,48.9783,NOT ELITE
2021,643377,MLBAM 643377,False,False,False,INCIDENTAL,PARTIAL,UNK,,6,58,32,14,0.5577,True,False,92.4138,15.5979,2296.7586,5.8793,-12.7428,0.1875,4.4207,0.1276,93.2326,15.5979,2338.043,0.2041,-0.0874,40.0,50.0,50.0,50.0,55.0,-1.0442,-0.0239,0.1024,-0.233,0.4614,45.0,55.0,46.7812,51.1423,False,False,False,50.0,48.9618,NOT ELITE
2018,592468,MLBAM 592468,False,False,False,VS_PHI,PARTIAL,SP,84.0,7,56,30,7,0.3784,True,False,92.1,16.2536,2288.0536,5.5,-5.7729,0.1667,3.0107,0.3397,93.41,16.2536,2354.1086,0.1973,-0.1646,40.0,55.0,50.0,45.0,55.0,-0.9596,0.2728,0.2211,-0.37,0.264,50.0,50.0,48.4478,49.47,False,False,False,50.0,48.9589,NOT ELITE
2024,670102,MLBAM 670102,False,False,False,VS_PHI,PARTIAL,SP,89.0,4,50,31,17,0.4348,True,False,92.17,17.6016,2333.74,6.788,-3.96,0.2258,-1.19,0.3893,92.4975,17.6016,2350.2538,0.2179,-0.3666,35.0,60.0,50.0,50.0,45.0,-1.3947,0.8828,0.1926,0.0426,-0.2529,50.0,50.0,48.9358,48.9487,False,False,False,50.0,48.9423,NOT ELITE
2026,453286,Max Scherzer,False,False,False,VS_PHI,PARTIAL,SP,83.0,2,75,40,16,0.4518,True,False,93.8813,16.6784,2334.1333,6.228,-8.3392,0.225,-1.4787,0.3054,93.8813,16.6784,2334.1333,0.2183,-0.4031,45.0,55.0,50.0,50.0,45.0,-0.7348,0.4651,0.0736,0.0506,-0.3461,50.0,50.0,49.346,48.5224,False,False,False,50.0,48.9342,NOT ELITE
2022,672578,Carlos Hernández,False,False,False,FILE,COMPLETE,RP,25.0,27,513,237,115,0.4957,False,True,96.7922,17.2318,2366.8783,6.5923,-8.2267,0.1814,-1.806,0.4149,97.4472,17.2318,2399.9058,0.1876,-0.8033,60.0,55.0,55.0,45.0,35.0,0.9657,0.7155,0.5594,-0.5625,-1.3699,55.0,40.0,57.4685,40.3378,False,False,False,50.0,48.9032,NOT ELITE
2025,689017,Landon Knack,False,False,False,TEAM,COMPLETE,SP,80.5,10,375,175,90,0.4851,False,True,93.0875,19.0362,2401.5493,5.9528,-6.6432,0.1543,-0.4789,0.419,93.2512,19.0362,2409.8062,0.1687,-0.3673,40.0,65.0,55.0,40.0,45.0,-1.0353,1.532,0.6325,-0.9395,-0.2545,55.0,45.0,53.7642,44.0299,False,False,False,50.0,48.897,NOT ELITE
2021,621242,Edwin Díaz,False,False,False,VS_PHI,PARTIAL,RP,13.0,17,109,50,16,0.6488,False,True,98.4615,11.9174,2266.1193,7.1725,-15.0396,0.24,-2.5009,0.5057,99.2802,11.9174,2307.4037,0.226,-0.5272,70.0,35.0,50.0,50.0,45.0,1.8398,-1.6894,-0.1239,0.204,-0.6635,50.0,50.0,50.0883,47.7025,False,False,False,50.0,48.8954,NOT ELITE
2024,605447,Jordan Romano,False,False,False,FILE,COMPLETE,RP,15.0,14,103,46,29,0.4791,False,True,96.3718,17.8416,2247.4466,7.5398,-6.2703,0.0652,1.1068,0.4681,96.6993,17.8416,2263.9604,0.1468,-0.204,55.0,60.0,45.0,35.0,50.0,0.609,0.9914,-0.4448,-1.3768,0.163,55.0,45.0,53.8523,43.931,False,False,False,50.0,48.8917,NOT ELITE
2026,801403,Chase Dollander,False,False,False,VS_PHI,PARTIAL,SP,80.0,2,53,29,16,0.3312,True,False,98.4585,12.1721,2311.9245,6.3849,-11.2709,0.2069,-0.8189,0.3072,98.4585,12.1721,2311.9245,0.2113,-0.3515,65.0,35.0,50.0,50.0,50.0,1.4479,-1.5742,-0.0905,-0.0895,-0.2142,50.0,50.0,49.2775,48.4814,False,False,False,50.0,48.8794,NOT ELITE
2025,673540,Kodai Senga,False,False,False,INCIDENTAL,PARTIAL,SP,93.0,2,65,33,15,0.3351,True,False,95.0431,16.7594,2406.2154,6.4538,-8.4129,0.1212,-2.2892,0.5521,95.2068,16.7594,2414.4723,0.1794,-0.4396,50.0,55.0,55.0,45.0,45.0,-0.1027,0.5017,0.667,-0.7262,-0.4395,55.0,45.0,53.5533,44.1717,False,False,False,50.0,48.8625,NOT ELITE
2022,554340,Yimi Garcia,False,False,False,INCIDENTAL,PARTIAL,RP,20.0,13,51,33,10,0.4811,True,False,94.6804,13.5012,2453.2745,5.7451,-9.1576,0.1212,2.2863,0.4411,95.3354,13.5012,2486.302,0.1794,-0.2111,50.0,40.0,60.0,45.0,50.0,-0.0414,-0.9727,1.1976,-0.7262,0.1449,50.0,50.0,50.6114,47.0938,False,False,False,50.0,48.8526,NOT ELITE
2021,605452,Joe Ross,False,False,False,FILE,COMPLETE,SP,86.0,20,272,130,51,0.16,False,True,93.6103,14.5138,2127.9596,6.5665,-5.6144,0.3769,-2.5279,0.3195,94.4291,14.5138,2169.244,0.3277,-0.7699,45.0,45.0,40.0,70.0,35.0,-0.4736,-0.5145,-1.1444,2.2305,-1.2844,45.0,55.0,42.8917,54.7303,False,False,False,50.0,48.811,NOT ELITE
2023,682967,Devin Sweet,False,False,False,FILE,COMPLETE,RP,21.0,7,83,30,24,0.5,True,False,92.8651,19.2824,2171.2771,6.5301,-6.0781,0.2,-0.2807,0.3635,93.3563,19.2824,2196.0478,0.2089,-0.3252,40.0,65.0,40.0,50.0,50.0,-0.9852,1.6435,-0.9464,-0.1385,-0.147,50.0,50.0,49.0396,48.5727,False,False,False,50.0,48.8062,NOT ELITE
2021,660623,Huascar Ynoa,False,False,False,VS_PHI,PARTIAL,SP,53.0,5,66,31,18,0.44,True,False,96.7439,17.0091,2177.6212,6.0788,-7.5018,0.0,4.1712,0.3979,97.5627,17.0091,2218.9056,0.1376,-0.0703,60.0,55.0,40.0,35.0,55.0,1.0207,0.6147,-0.7776,-1.5596,0.5051,50.0,45.0,52.8596,44.7273,False,False,False,50.0,48.7935,NOT ELITE
2020,669456,Shane Bieber,False,False,False,INCIDENTAL,PARTIAL,UNK,,7,50,25,12,0.4673,True,False,93.812,18.1488,2346.48,6.592,-9.0432,0.04,-1.478,0.4914,94.7945,18.1488,2396.0213,0.1601,-0.3793,45.0,60.0,55.0,40.0,45.0,-0.2993,1.1305,0.5307,-1.1108,-0.2854,55.0,45.0,54.5394,43.0188,False,False,False,50.0,48.7791,NOT ELITE
2018,425844,Zack Greinke,False,False,False,VS_PHI,PARTIAL,SP,100.0,11,147,52,29,0.4804,False,True,89.5361,17.3984,2341.4898,5.9082,-2.0196,0.1538,2.2735,0.2946,90.8461,17.3984,2407.5449,0.1849,-0.0178,30.0,60.0,55.0,45.0,55.0,-2.1823,0.7909,0.6158,-0.617,0.6393,50.0,50.0,47.4148,50.1114,False,False,False,50.0,48.7631,NOT ELITE
2025,801403,Chase Dollander,False,False,False,INCIDENTAL,PARTIAL,UNK,,5,127,61,33,0.4774,False,True,98.4268,11.4227,2441.9528,6.085,-12.0274,0.1475,-0.2102,0.3772,98.5905,11.4227,2450.2096,0.1792,-0.3162,65.0,30.0,60.0,45.0,50.0,1.5109,-1.9133,0.931,-0.73,-0.124,50.0,50.0,51.7617,45.7301,False,False,False,50.0,48.7459,NOT ELITE
2019,663978,Chris Paddack,False,False,False,VS_PHI,PARTIAL,SP,92.0,4,125,69,16,0.5814,False,True,93.5448,17.8771,2212.688,6.7272,-7.7952,0.2029,-1.7016,0.5578,94.6911,17.8771,2270.4862,0.2077,-0.4706,45.0,60.0,45.0,50.0,45.0,-0.3487,1.0075,-0.3966,-0.1617,-0.5189,50.0,50.0,50.8743,46.597,False,False,False,50.0,48.7357,NOT ELITE
2023,608337,Lucas Giolito,False,False,False,VS_PHI,PARTIAL,SP,104.0,11,155,64,25,0.4294,False,True,93.1729,18.6201,2197.3161,6.9084,-5.7724,0.1719,0.5774,0.4103,93.6642,18.6201,2222.0868,0.1914,-0.2153,40.0,65.0,40.0,45.0,50.0,-0.8384,1.3438,-0.7541,-0.4873,0.1343,50.0,50.0,49.1711,48.2351,False,False,False,50.0,48.7031,NOT ELITE
2019,434671,Anibal Sanchez,False,False,False,VS_PHI,PARTIAL,SP,88.0,14,171,59,21,0.3065,False,True,89.931,17.6365,2253.6316,6.0953,-2.8365,0.2542,-0.0316,0.3291,91.0773,17.6365,2311.4298,0.2344,-0.2882,30.0,60.0,50.0,55.0,50.0,-2.072,0.8986,-0.0941,0.3713,-0.0522,45.0,55.0,45.775,51.5956,False,False,False,50.0,48.6853,NOT ELITE
2021,605400,Aaron Nola,False,True,True,PHI,COMPLETE,SP,95.0,32,1115,518,152,0.3753,False,True,92.8987,14.2028,2198.2099,6.9099,-13.2766,0.2239,0.3507,0.4364,93.7174,14.2028,2239.4943,0.2229,0.0159,40.0,45.0,45.0,50.0,55.0,-0.813,-0.6552,-0.6255,0.1419,0.7254,45.0,55.0,43.0211,54.3369,False,False,False,50.0,48.679,NOT ELITE
2018,605400,Aaron Nola,False,True,True,PHI,COMPLETE,SP,101.0,33,1171,546,185,0.3646,False,True,92.7324,12.4327,2116.3467,6.7095,-12.5763,0.1868,1.3698,0.3616,94.0424,12.4327,2182.4018,0.1893,0.5535,45.0,35.0,40.0,45.0,70.0,-0.658,-1.4563,-1.0472,-0.5283,2.1005,40.0,60.0,39.4617,57.8611,False,True,False,50.0,48.6614,RESULTS-ONLY
2019,670456,JD Hammer,False,False,True,PHI,COMPLETE,RP,15.0,19,185,77,26,0.5473,False,True,94.3584,16.4737,2234.1351,5.9168,-10.2532,0.1948,-0.9654,0.438,95.5046,16.4737,2291.9333,0.2027,-0.4215,50.0,55.0,50.0,45.0,45.0,0.0393,0.3724,-0.2381,-0.2608,-0.3932,50.0,45.0,50.5787,46.73,False,False,False,50.0,48.6543,NOT ELITE
2018,605540,Brandon Woodruff,False,False,False,VS_PHI,PARTIAL,SP,67.0,7,68,27,8,0.6126,True,False,94.2853,14.9047,2092.3824,6.3559,-9.2665,0.2593,1.9809,0.3081,95.5953,14.9047,2158.4374,0.2284,-0.1923,50.0,45.0,40.0,55.0,50.0,0.0825,-0.3376,-1.2242,0.2518,0.1931,45.0,55.0,45.0691,52.2243,False,False,False,50.0,48.6467,NOT ELITE
2018,518774,Matt Harvey,False,False,False,VS_PHI,PARTIAL,SP,89.0,11,106,55,22,0.3533,False,True,93.3302,16.1004,2138.7736,5.8717,-10.7423,0.2545,-0.5491,0.3538,94.6402,16.1004,2204.8287,0.2339,-0.3483,45.0,50.0,40.0,55.0,50.0,-0.3729,0.2035,-0.8815,0.3601,-0.206,45.0,55.0,46.4968,50.7708,False,False,False,50.0,48.6338,NOT ELITE
2021,663986,Trevor Stephan,False,False,False,INCIDENTAL,PARTIAL,UNK,,16,58,28,12,0.5686,True,False,96.3672,14.1103,2376.3966,6.6362,-9.029,0.1429,-3.681,0.5415,97.186,14.1103,2417.681,0.1901,-0.499,60.0,45.0,55.0,45.0,45.0,0.8411,-0.6971,0.6907,-0.5135,-0.5914,55.0,45.0,52.7824,44.4755,False,False,False,50.0,48.629,NOT ELITE
2026,641745,Brad Keller,False,True,True,PHI,COMPLETE,RP,16.0,31,170,70,33,0.3189,False,True,96.9794,14.5828,2400.9882,6.1006,-0.2005,0.2143,-2.9718,0.4089,96.9794,14.5828,2400.9882,0.214,-0.6871,55.0,45.0,55.0,50.0,40.0,0.7426,-0.4833,0.5674,-0.0364,-1.0725,50.0,45.0,52.7557,44.4554,False,False,False,50.0,48.6056,NOT ELITE
2019,670950,Trevor Richards,False,True,False,VS_PHI,PARTIAL,SP,80.0,7,81,29,7,0.401,True,False,90.9272,18.4874,2157.0494,6.3543,-7.7733,0.2759,-0.5247,0.445,92.0734,18.4874,2214.8476,0.2348,-0.3423,35.0,65.0,40.0,55.0,50.0,-1.597,1.2837,-0.8075,0.379,-0.1906,45.0,55.0,46.264,50.9421,False,False,False,50.0,48.603,NOT ELITE
2025,656427,Jack Flaherty,False,False,False,INCIDENTAL,PARTIAL,SP,95.0,3,80,37,20,0.4324,True,False,93.5038,15.717,2275.4375,6.6325,-5.3835,0.1622,4.0438,0.4529,93.6675,15.717,2283.6944,0.1932,-0.028,40.0,50.0,45.0,45.0,55.0,-0.8368,0.03,-0.299,-0.4515,0.6132,45.0,50.0,46.314,50.8082,False,False,False,50.0,48.5611,NOT ELITE
2019,543101,Anthony DeSclafani,False,False,False,INCIDENTAL,PARTIAL,SP,104.0,10,78,36,15,0.3714,True,False,95.2346,15.5738,2245.5,6.3026,-9.7062,0.1389,-0.1769,0.2596,96.3809,15.5738,2303.2982,0.1844,-0.3185,55.0,50.0,50.0,45.0,50.0,0.4572,-0.0348,-0.1542,-0.6262,-0.1297,50.0,50.0,50.8939,46.2208,False,False,False,50.0,48.5573,NOT ELITE
2019,657140,Kyle Wright,False,False,False,VS_PHI,PARTIAL,RP,48.0,5,59,25,9,0.513,True,False,94.3458,14.2292,2406.3898,6.3051,-7.3281,0.12,-1.0542,0.5592,95.492,14.2292,2464.188,0.1848,-0.3661,50.0,45.0,60.0,45.0,45.0,0.0333,-0.6433,1.0342,-0.6192,-0.2516,50.0,45.0,51.414,45.6462,False,False,False,50.0,48.5301,NOT ELITE
2019,591693,Edubray Ramos,False,False,True,PHI,COMPLETE,RP,12.5,18,104,47,10,0.3649,False,True,91.5048,12.7638,2420.0192,6.0971,-2.3504,0.2766,-0.1856,0.3031,92.6511,12.7638,2477.8174,0.2423,-0.3161,35.0,35.0,60.0,55.0,50.0,-1.3215,-1.3064,1.1349,0.5285,-0.1237,45.0,55.0,45.0233,52.0243,False,False,False,50.0,48.5238,NOT ELITE
2019,669456,Shane Bieber,False,False,False,INCIDENTAL,PARTIAL,SP,101.0,11,122,61,28,0.4959,False,True,92.9025,17.1698,2257.5082,6.432,-8.7698,0.082,3.5213,0.2806,94.0487,17.1698,2315.3064,0.145,0.0609,45.0,55.0,50.0,35.0,60.0,-0.655,0.6875,-0.0655,-1.411,0.8408,50.0,50.0,49.8899,47.1486,False,False,False,50.0,48.5193,NOT ELITE
2018,642547,Freddy Peralta,False,False,False,INCIDENTAL,PARTIAL,UNK,,7,62,26,12,0.775,True,False,90.8871,16.7535,2398.4677,7.1774,-3.42,0.1923,-2.1968,0.451,92.1971,16.7535,2464.5228,0.2069,-0.4298,35.0,55.0,60.0,50.0,45.0,-1.538,0.4991,1.0367,-0.1784,-0.4143,50.0,50.0,49.9926,47.0364,False,False,False,50.0,48.5145,NOT ELITE
2021,660853,Enyel De Los Santos,False,False,True,PHI,COMPLETE,RP,17.0,33,477,277,67,0.6844,False,True,94.8459,13.4958,2194.1384,5.8987,-13.082,0.3032,-1.453,0.4667,95.6647,13.4958,2235.4228,0.2882,-0.6723,50.0,40.0,45.0,65.0,40.0,0.1156,-0.9751,-0.6556,1.4422,-1.0348,45.0,55.0,44.9497,52.0374,False,False,False,50.0,48.4935,NOT ELITE
2021,670456,JD Hammer,False,False,True,PHI,COMPLETE,RP,18.5,20,240,107,35,0.5926,False,True,94.0054,16.6175,2298.4083,6.0062,-11.2245,0.2056,-1.4042,0.3825,94.8242,16.6175,2339.6928,0.2084,-0.5237,45.0,55.0,50.0,50.0,45.0,-0.2852,0.4375,0.1146,-0.1485,-0.6545,50.0,50.0,50.8898,45.9846,False,False,False,50.0,48.4372,NOT ELITE
2026,663767,Chase Shugart,False,True,True,PHI,COMPLETE,RP,18.0,34,81,30,20,0.0975,True,False,96.0593,15.9037,2148.963,6.2951,-8.8696,0.2667,-1.5556,0.4577,96.0593,15.9037,2148.963,0.2321,-0.414,55.0,50.0,35.0,55.0,45.0,0.3038,0.1145,-1.2942,0.3246,-0.374,45.0,50.0,47.0803,49.7533,False,False,False,50.0,48.4168,NOT ELITE
2019,605447,Jordan Romano,False,False,False,FILE,COMPLETE,RP,18.0,17,197,97,46,0.6334,False,True,94.5574,15.1724,2260.6447,7.4294,-6.4483,0.268,-2.9721,0.475,95.7036,15.1724,2318.4429,0.2481,-0.7353,50.0,50.0,50.0,55.0,40.0,0.1342,-0.2165,-0.0423,0.6436,-1.1958,50.0,50.0,49.5847,47.239,False,False,False,50.0,48.4118,NOT ELITE
2022,657746,Joe Ryan,False,False,False,INCIDENTAL,PARTIAL,UNK,,11,76,47,15,0.623,True,False,92.0382,14.9716,2174.2237,6.3882,-10.7668,0.3404,0.0013,0.3249,92.6932,14.9716,2207.2512,0.2714,-0.307,35.0,45.0,40.0,60.0,50.0,-1.3014,-0.3073,-0.8636,1.1086,-0.1004,40.0,55.0,41.7587,55.0411,False,False,False,50.0,48.3999,NOT ELITE
2018,573185,Dan Straily,False,False,False,VS_PHI,PARTIAL,SP,90.5,7,114,44,17,0.4145,False,True,90.0781,18.2526,2337.2807,6.1781,-8.4274,0.1591,0.2623,0.3945,91.3881,18.2526,2403.3358,0.1896,-0.2724,30.0,60.0,55.0,45.0,50.0,-1.9238,1.1775,0.5847,-0.5217,-0.0118,50.0,50.0,49.4613,47.3324,False,False,False,50.0,48.3969,NOT ELITE
2022,621107,Zach Eflin,False,False,True,PHI,COMPLETE,SP,80.0,15,185,107,38,0.1549,False,True,93.0811,14.1282,2175.6378,6.6822,-10.4316,0.2336,1.9703,0.2899,93.7361,14.1282,2208.6654,0.2268,0.0066,40.0,45.0,40.0,50.0,55.0,-0.8041,-0.689,-0.8532,0.2182,0.7018,40.0,55.0,42.1791,54.5996,False,False,False,50.0,48.3894,NOT ELITE
2018,656798,MLBAM 656798,False,False,False,VS_PHI,PARTIAL,SP,88.0,3,73,37,17,0.6636,True,False,93.2562,14.8668,2220.2466,6.1603,-10.3742,0.1351,4.8329,0.3516,94.5662,14.8668,2286.3016,0.1824,-0.0029,45.0,45.0,45.0,45.0,55.0,-0.4082,-0.3547,-0.2797,-0.6657,0.6775,45.0,50.0,46.5244,50.0593,False,False,False,50.0,48.2918,NOT ELITE
2021,664299,Cristian Javier,False,False,False,INCIDENTAL,PARTIAL,UNK,,12,58,29,14,0.6304,True,False,93.169,17.2593,2342.1379,5.9345,-8.0131,0.2069,-6.1897,0.4111,93.9877,17.2593,2383.4224,0.2113,-0.6264,45.0,55.0,55.0,50.0,40.0,-0.6841,0.728,0.4376,-0.0895,-0.9174,50.0,45.0,51.605,44.9656,False,False,False,50.0,48.2853,NOT ELITE
2018,592789,Noah Syndergaard,False,False,False,VS_PHI,PARTIAL,SP,100.5,7,121,63,20,0.2756,False,True,97.5554,15.4106,2181.4959,6.3554,-7.5669,0.1587,-2.4826,0.3919,98.8654,15.4106,2247.5509,0.1846,-0.545,65.0,50.0,45.0,45.0,45.0,1.642,-0.1087,-0.566,-0.6226,-0.7091,55.0,45.0,53.2244,43.3412,False,False,False,50.0,48.2828,NOT ELITE
2022,663474,Triston McKenzie,False,False,False,INCIDENTAL,PARTIAL,UNK,,12,116,53,28,0.5888,False,True,92.5509,20.6483,2305.0259,6.8181,-3.2597,0.0566,0.3164,0.327,93.2059,20.6483,2338.0534,0.1373,-0.2663,40.0,75.0,50.0,35.0,50.0,-1.0569,2.2616,0.1025,-1.5645,0.0038,55.0,45.0,54.3572,42.1966,False,False,False,50.0,48.2769,NOT ELITE
2020,608337,Lucas Giolito,False,False,False,INCIDENTAL,PARTIAL,UNK,,8,65,32,15,0.4924,True,False,94.18,18.5686,2320.4154,6.7462,-7.1926,0.125,-6.3954,0.5827,95.1625,18.5686,2369.9567,0.1814,-0.672,50.0,65.0,55.0,45.0,40.0,-0.1239,1.3205,0.3382,-0.6856,-1.0339,55.0,45.0,55.1159,41.4029,False,False,False,50.0,48.2594,NOT ELITE
2022,657140,Kyle Wright,False,False,False,VS_PHI,PARTIAL,SP,97.0,5,62,27,8,0.1867,True,False,94.6371,11.9574,2355.2258,6.5516,-11.6961,0.2963,-1.7177,0.7093,95.2921,11.9574,2388.2533,0.2405,-0.4038,50.0,35.0,55.0,55.0,45.0,-0.0621,-1.6713,0.4733,0.4917,-0.348,45.0,50.0,45.7998,50.7184,False,False,False,50.0,48.2591,NOT ELITE
2019,605452,Joe Ross,False,False,False,FILE,COMPLETE,RP,26.0,25,271,128,45,0.2381,False,True,94.1081,14.427,2148.0738,6.4904,-7.5786,0.2422,-0.11,0.5211,95.2544,14.427,2205.872,0.2335,-0.2849,50.0,45.0,40.0,55.0,50.0,-0.08,-0.5538,-0.8738,0.3522,-0.0438,45.0,55.0,44.9745,51.5421,False,False,False,50.0,48.2583,NOT ELITE
2023,660261,MLBAM 660261,False,False,False,INCIDENTAL,PARTIAL,RP,24.5,13,64,37,11,0.6095,True,False,99.0406,14.4131,2015.7031,6.925,-10.9575,0.2162,-0.7203,0.2938,99.5319,14.4131,2040.4738,0.2146,-0.3505,70.0,45.0,30.0,50.0,50.0,1.9598,-0.56,-2.0955,-0.0233,-0.2116,50.0,50.0,47.6807,48.8257,False,False,False,50.0,48.2532,NOT ELITE
2023,660853,Enyel De Los Santos,False,False,False,FILE,COMPLETE,RP,15.0,70,634,336,113,0.6044,False,True,95.629,13.083,2265.9874,6.2276,-11.4659,0.1875,0.374,0.3799,96.1203,13.083,2290.758,0.1912,-0.0693,55.0,40.0,50.0,45.0,55.0,0.3329,-1.162,-0.2468,-0.4899,0.5076,50.0,50.0,46.4136,50.0886,False,False,False,50.0,48.2511,NOT ELITE
2021,605151,Archie Bradley,False,False,True,PHI,COMPLETE,RP,17.0,50,430,215,63,0.4669,False,True,94.0291,16.4118,2131.0209,6.5779,-8.393,0.1814,0.6307,0.3911,94.8478,16.4118,2172.3054,0.1881,-0.0561,45.0,55.0,40.0,45.0,55.0,-0.2739,0.3444,-1.1218,-0.5532,0.5414,45.0,50.0,46.4958,49.9408,False,False,False,50.0,48.2183,NOT ELITE
2024,543518,Scott McGough,False,False,False,VS_PHI,PARTIAL,RP,38.0,4,55,25,15,0.6627,True,False,92.7873,18.0327,2277.6364,5.8891,-8.0313,0.16,-0.5345,0.4316,93.1148,18.0327,2294.1501,0.1971,-0.3386,40.0,60.0,50.0,45.0,50.0,-1.1004,1.0779,-0.2218,-0.3734,-0.1812,50.0,50.0,49.186,47.2273,False,False,False,50.0,48.2067,NOT ELITE
2018,457915,Javy Guerra,False,False,False,VS_PHI,PARTIAL,RP,23.0,9,86,42,19,0.5276,True,False,93.3837,18.7158,2134.2209,5.9988,-4.553,0.2381,-4.6547,0.4823,94.6937,18.7158,2200.276,0.2241,-0.6467,45.0,65.0,40.0,50.0,40.0,-0.3474,1.3871,-0.9152,0.1651,-0.9693,50.0,45.0,50.415,45.9789,False,False,False,50.0,48.1969,NOT ELITE
2019,668676,Zach Plesac,False,False,False,VS_PHI,PARTIAL,SP,90.0,8,78,40,13,0.4815,True,False,93.8526,16.3246,2161.3077,5.8615,-9.5892,0.2,-0.1308,0.4041,94.9988,16.3246,2219.1059,0.2079,-0.3154,50.0,55.0,40.0,50.0,50.0,-0.2019,0.305,-0.7761,-0.1568,-0.1217,50.0,50.0,47.7566,48.6071,False,False,False,50.0,48.1818,NOT ELITE
2018,605441,Yacksel Ríos,False,False,True,PHI,COMPLETE,RP,16.0,32,125,58,21,0.1965,False,True,96.1402,14.5033,2038.2541,6.1156,-9.1977,0.2759,-1.7464,0.3436,97.4502,14.5033,2104.3092,0.2453,-0.4753,60.0,45.0,35.0,55.0,45.0,0.9671,-0.5192,-1.624,0.587,-0.5308,45.0,50.0,46.0794,50.281,False,False,False,50.0,48.1802,NOT ELITE
2018,669456,Shane Bieber,False,False,False,INCIDENTAL,PARTIAL,UNK,,7,63,26,14,0.6774,True,False,93.0508,15.1981,2275.9841,6.3968,-10.7829,0.1923,-0.4286,0.416,94.3608,15.1981,2342.0392,0.2069,-0.3341,45.0,50.0,50.0,50.0,50.0,-0.5062,-0.2048,0.132,-0.1784,-0.1698,50.0,50.0,48.0699,48.2591,False,False,False,50.0,48.1645,NOT ELITE
2019,641745,Brad Keller,False,True,False,FILE,COMPLETE,SP,101.0,28,1131,561,284,0.4169,False,True,93.667,14.2128,2295.4969,5.9721,-0.0199,0.1836,0.0401,0.3762,94.8133,14.2128,2353.2951,0.1863,-0.1403,45.0,45.0,50.0,45.0,55.0,-0.2904,-0.6507,0.2151,-0.5877,0.326,45.0,50.0,47.5801,48.6913,False,False,False,50.0,48.1357,NOT ELITE
2020,607625,Seth Lugo,False,False,False,VS_PHI,PARTIAL,RP,33.5,4,51,25,11,0.3072,True,False,92.9725,17.7388,2249.7255,6.0392,-7.56,0.24,-6.849,1.0041,93.9551,17.7388,2299.2668,0.2217,-0.6217,45.0,60.0,50.0,50.0,40.0,-0.6997,0.9449,-0.184,0.1183,-0.9054,50.0,45.0,50.2044,46.0645,False,False,False,50.0,48.1344,NOT ELITE
2020,542585,Jose Cisnero,False,False,False,INCIDENTAL,PARTIAL,UNK,,20,53,40,31,0.6625,True,False,96.317,14.4996,2421.2642,6.0736,-9.326,0.075,-3.4774,0.5287,97.2995,14.4996,2470.8055,0.1559,-0.4755,60.0,45.0,60.0,40.0,45.0,0.8952,-0.5209,1.0831,-1.1941,-0.5313,55.0,45.0,54.858,41.3731,False,False,False,50.0,48.1156,NOT ELITE
2025,675911,Spencer Strider,False,False,False,VS_PHI,PARTIAL,SP,92.5,4,199,97,46,0.5574,False,True,95.3844,17.0937,2271.6281,6.8925,-8.7926,0.134,0.1487,0.3423,95.5482,17.0937,2279.885,0.1632,-0.2546,50.0,55.0,45.0,40.0,50.0,0.0601,0.653,-0.3271,-1.0492,0.0337,50.0,45.0,51.2864,44.9227,False,False,False,50.0,48.1045,NOT ELITE
2025,669199,MLBAM 669199,False,False,False,INCIDENTAL,PARTIAL,RP,26.5,35,101,70,60,0.387,False,True,95.002,18.524,2722.0198,6.0584,-9.1972,0.0571,-7.7376,0.5374,95.1657,18.524,2730.2767,0.1268,-0.9603,50.0,65.0,80.0,30.0,30.0,-0.1223,1.3002,2.9997,-1.7755,-1.7714,65.0,30.0,63.9253,32.2653,True,False,False,50.0,48.0953,SHAPE-ONLY
2024,663623,Jake Irvin,False,False,False,VS_PHI,PARTIAL,SP,93.0,6,111,51,29,0.2868,False,True,93.8604,15.1286,2363.8468,6.9486,-9.8281,0.2157,-1.6333,0.3221,94.1879,15.1286,2380.3606,0.2146,-0.4499,45.0,50.0,55.0,50.0,45.0,-0.5886,-0.2362,0.415,-0.0242,-0.4658,50.0,50.0,48.6338,47.5501,False,False,False,50.0,48.0919,NOT ELITE
2022,641154,Pablo Lopez,False,False,False,VS_PHI,PARTIAL,SP,91.0,9,102,46,19,0.3984,False,True,94.0627,14.0671,2187.3725,6.8843,-5.0224,0.2826,-0.2863,0.4283,94.7178,14.0671,2220.4001,0.2447,-0.325,45.0,45.0,40.0,55.0,50.0,-0.3359,-0.7167,-0.7665,0.5758,-0.1464,45.0,55.0,43.9363,52.1472,False,False,False,50.0,48.0417,NOT ELITE
2026,641816,Tyler Mahle,False,False,False,VS_PHI,PARTIAL,SP,94.0,4,175,66,30,0.4768,False,True,92.9543,17.2793,2324.0914,6.6589,-11.9253,0.197,-0.6451,0.3221,92.9543,17.2793,2324.0914,0.2046,-0.3727,40.0,55.0,50.0,50.0,45.0,-1.1769,0.737,-0.0006,-0.2232,-0.2683,50.0,50.0,48.5316,47.5425,False,False,False,50.0,48.0371,NOT ELITE
2018,544931,Stephen Strasburg,False,False,False,VS_PHI,PARTIAL,SP,99.0,9,146,68,30,0.4257,False,True,93.6034,15.2786,2151.6027,6.8801,-8.8044,0.2059,0.6295,0.2957,94.9134,15.2786,2217.6578,0.2094,-0.2149,50.0,50.0,40.0,50.0,50.0,-0.2426,-0.1684,-0.7868,-0.1283,0.1353,45.0,50.0,46.0074,50.0347,False,False,False,50.0,48.0211,NOT ELITE
2021,592332,Kevin Gausman,False,False,False,VS_PHI,PARTIAL,SP,108.0,7,103,45,20,0.5049,False,True,93.6204,17.8206,2288.6893,6.4398,-11.1915,0.0889,0.3204,0.4258,94.4392,17.8206,2329.9737,0.1581,-0.2723,45.0,60.0,50.0,40.0,50.0,-0.4688,0.9819,0.0428,-1.1506,-0.0116,50.0,45.0,51.8533,44.1887,False,False,False,50.0,48.021,NOT ELITE
2023,458681,Lance Lynn,False,False,False,VS_PHI,PARTIAL,SP,107.0,7,85,46,15,0.4359,True,False,92.2588,13.2974,2459.7792,6.3788,-3.0593,0.2609,-1.8,0.3541,92.7501,13.2974,2484.5499,0.2349,-0.4357,35.0,40.0,60.0,55.0,45.0,-1.2743,-1.0649,1.1846,0.3806,-0.4295,45.0,50.0,46.1513,49.7556,False,False,False,50.0,47.9534,NOT ELITE
2025,664062,Tony Gonsolin,False,False,False,TEAM,COMPLETE,SP,88.0,7,245,115,66,0.4023,False,True,93.5012,16.5757,2235.7633,5.9192,-10.1295,0.2348,-0.8155,0.4073,93.665,16.5757,2244.0201,0.2278,-0.4184,40.0,55.0,45.0,50.0,45.0,-0.838,0.4186,-0.5921,0.2398,-0.3854,45.0,50.0,46.6284,49.2723,False,False,False,50.0,47.9504,NOT ELITE
2020,608723,Austin Voth,False,False,False,VS_PHI,PARTIAL,SP,105.0,3,69,35,14,0.6106,True,False,92.287,17.8261,2286.2174,6.458,-7.6643,0.0857,1.829,0.3513,93.2695,17.8261,2335.7587,0.1645,-0.1995,40.0,60.0,50.0,40.0,50.0,-1.0266,0.9844,0.0856,-1.0235,0.1746,50.0,45.0,50.1447,45.7557,False,False,False,50.0,47.9502,NOT ELITE
2021,571945,Miles Mikolas,False,False,False,FILE,COMPLETE,SP,84.0,9,187,91,38,0.2638,False,True,93.1984,13.5035,2300.7914,6.4005,-4.139,0.1758,1.9144,0.3382,94.0172,13.5035,2342.0759,0.1902,0.0015,45.0,40.0,50.0,45.0,55.0,-0.67,-0.9717,0.1322,-0.5099,0.6887,45.0,50.0,44.9684,50.8938,False,False,False,50.0,47.9311,NOT ELITE
2024,641927,Bailey Ober,False,False,False,VS_PHI,PARTIAL,SP,83.0,6,58,37,21,0.4203,True,False,91.5586,16.5931,2317.5172,7.2448,-8.2779,0.1622,3.9776,0.2234,91.8861,16.5931,2334.031,0.1932,-0.1099,35.0,55.0,50.0,45.0,55.0,-1.6863,0.4265,0.0728,-0.4515,0.4039,45.0,50.0,46.0433,49.7617,False,False,False,50.0,47.9025,NOT ELITE
2021,640444,MLBAM 640444,False,False,False,VS_PHI,PARTIAL,SP,93.5,11,101,27,10,0.3079,False,True,93.4208,17.16,2397.9208,6.3574,-3.2733,0.0741,-2.0832,0.1766,94.2396,17.16,2439.2052,0.1683,-0.4782,45.0,55.0,60.0,40.0,45.0,-0.564,0.683,0.8497,-0.9478,-0.5383,55.0,45.0,53.229,42.5695,False,False,False,50.0,47.8992,NOT ELITE
2020,607067,Colin Rea,False,False,False,FILE,COMPLETE,RP,19.0,9,96,51,24,0.3983,True,False,93.0812,14.075,2239.0632,6.5656,-7.59,0.1961,2.5583,0.3213,94.0638,14.075,2288.6045,0.2053,-0.0937,45.0,45.0,45.0,50.0,55.0,-0.6478,-0.7131,-0.2627,-0.2103,0.4452,45.0,55.0,44.588,51.1745,False,False,False,50.0,47.8812,NOT ELITE
2019,543243,Sonny Gray,False,False,False,VS_PHI,PARTIAL,SP,93.5,10,87,43,17,0.2797,True,False,93.5161,14.5531,2565.0575,6.4828,-1.6234,0.093,-3.008,0.3209,94.6624,14.5531,2622.8557,0.1613,-0.5278,45.0,45.0,70.0,40.0,45.0,-0.3624,-0.4967,2.2062,-1.087,-0.6651,55.0,45.0,54.4904,41.2395,False,False,False,50.0,47.865,NOT ELITE
2019,502624,Chase Anderson,False,False,False,FILE,COMPLETE,SP,81.5,31,998,547,162,0.4172,False,True,93.3436,16.9109,2165.5261,5.7333,-8.6862,0.2285,-0.7488,0.4045,94.4899,16.9109,2223.3242,0.2271,-0.5301,45.0,55.0,45.0,50.0,45.0,-0.4446,0.5703,-0.7449,0.2257,-0.6709,50.0,50.0,47.9357,47.7739,False,False,False,50.0,47.8548,NOT ELITE
2023,547179,Michael Lorenzen,False,False,True,PHI,COMPLETE,SP,88.0,14,299,136,57,0.3637,False,True,94.0983,16.1314,2420.5953,5.8314,-11.7632,0.1471,-0.6856,0.4484,94.5896,16.1314,2445.366,0.1665,-0.4058,45.0,50.0,60.0,40.0,45.0,-0.3971,0.2175,0.8952,-0.9832,-0.3532,50.0,45.0,52.3854,43.3182,False,False,False,50.0,47.8518,NOT ELITE
2021,571670,Dylan Floro,False,False,False,VS_PHI,PARTIAL,RP,17.0,12,50,26,9,0.3049,True,False,93.5,15.7776,2205.72,6.368,-9.6504,0.2308,-1.016,0.3892,94.3188,15.7776,2247.0044,0.219,-0.359,45.0,50.0,45.0,50.0,50.0,-0.5262,0.0574,-0.57,0.0644,-0.2333,45.0,50.0,46.5373,49.1558,False,False,False,50.0,47.8465,NOT ELITE
2023,571945,Miles Mikolas,False,False,False,FILE,COMPLETE,SP,95.0,35,830,456,203,0.2596,False,True,93.3318,15.1167,2276.0639,6.356,-5.6837,0.1886,0.1773,0.3374,93.8231,15.1167,2300.8346,0.1913,-0.1092,40.0,50.0,50.0,45.0,55.0,-0.7626,-0.2417,-0.1724,-0.4879,0.4056,45.0,50.0,46.0778,49.5886,False,False,False,50.0,47.8332,NOT ELITE
2019,615698,Cal Quantrill,False,False,False,FILE,COMPLETE,SP,86.0,22,357,186,83,0.2004,False,True,94.5246,15.9983,2135.2605,6.2417,-8.0834,0.1774,0.2168,0.3986,95.6709,15.9983,2193.0587,0.1858,-0.1935,50.0,50.0,40.0,45.0,50.0,0.1186,0.1573,-0.9685,-0.5982,0.19,45.0,50.0,47.6914,47.9591,False,False,False,50.0,47.8253,NOT ELITE
2022,656793,Nick Nelson,False,False,True,PHI,COMPLETE,RP,25.0,47,517,256,94,0.4294,False,True,96.2625,16.4836,1968.53,6.2611,-6.5605,0.2109,-0.0513,0.352,96.9175,16.4836,2001.5575,0.2114,-0.2391,55.0,55.0,25.0,50.0,50.0,0.713,0.3769,-2.383,-0.0876,0.0734,45.0,50.0,45.69,49.9294,False,False,False,50.0,47.8097,NOT ELITE
2021,592135,Cam Bedrosian,False,False,True,PHI,COMPLETE,RP,19.0,15,109,49,16,0.4977,False,True,92.9679,18.8147,2242.422,5.9697,-3.9853,0.2041,-3.8541,0.492,93.7867,18.8147,2283.7064,0.2092,-0.6509,40.0,65.0,45.0,50.0,40.0,-0.78,1.4318,-0.2989,-0.1325,-0.9799,50.0,45.0,51.1764,44.4383,False,False,False,50.0,47.8074,NOT ELITE
2024,458681,Lance Lynn,False,False,False,VS_PHI,PARTIAL,SP,86.0,7,98,41,14,0.4033,True,False,91.9939,14.1992,2440.6735,6.3673,-5.0535,0.2439,-1.101,0.4128,92.3214,14.1992,2457.1872,0.2264,-0.3927,35.0,45.0,60.0,50.0,45.0,-1.4787,-0.6569,0.9825,0.2111,-0.3196,45.0,50.0,46.1564,49.4576,False,False,False,50.0,47.807,NOT ELITE
2024,607067,Colin Rea,False,False,False,FILE,COMPLETE,SP,87.0,32,518,283,156,0.1955,False,True,92.9745,13.8053,2174.1718,6.6429,-6.5305,0.2509,0.384,0.2989,93.302,13.8053,2190.6856,0.2447,-0.0982,40.0,40.0,40.0,55.0,55.0,-1.0111,-0.8351,-0.986,0.5763,0.4338,40.0,55.0,40.5594,55.0504,False,False,False,50.0,47.8049,NOT ELITE
2022,680686,Josiah Gray,False,False,False,VS_PHI,PARTIAL,SP,100.0,10,159,76,30,0.4087,False,True,94.4629,18.1457,2215.4969,5.6,-9.4204,0.2237,-3.6258,0.4183,95.1179,18.1457,2248.5244,0.2194,-0.7505,50.0,60.0,45.0,50.0,40.0,-0.1451,1.1291,-0.5588,0.0717,-1.2348,50.0,45.0,51.4171,44.1842,False,False,False,50.0,47.8007,NOT ELITE
2021,677651,MLBAM 677651,False,False,False,INCIDENTAL,PARTIAL,UNK,,11,60,29,15,0.3947,True,False,92.8633,18.348,2335.1667,6.2,-5.62,0.069,-2.035,0.4885,93.6821,18.348,2376.4511,0.1643,-0.4182,40.0,60.0,55.0,40.0,45.0,-0.8298,1.2206,0.3861,-1.0266,-0.3847,50.0,45.0,52.5898,42.9435,False,False,False,50.0,47.7666,NOT ELITE
2025,691587,MLBAM 691587,False,False,False,INCIDENTAL,PARTIAL,UNK,,20,106,99,95,0.6463,False,True,97.8717,17.6819,2687.2453,6.4698,-10.2125,0.0202,-6.9368,0.4328,98.0355,17.6819,2695.5022,0.0902,-0.9175,60.0,60.0,75.0,25.0,35.0,1.2462,0.9192,2.7428,-2.505,-1.6618,65.0,30.0,66.3605,29.1658,True,False,False,50.0,47.7632,SHAPE-ONLY
2020,667498,MLBAM 667498,False,False,False,VS_PHI,PARTIAL,SP,62.0,2,52,28,13,0.4194,True,False,92.2308,16.3408,2322.8846,6.1288,-9.6508,0.1071,1.9558,0.4572,93.2133,16.3408,2372.4259,0.1782,-0.224,40.0,55.0,55.0,40.0,50.0,-1.0534,0.3123,0.3564,-0.7506,0.1118,50.0,45.0,48.7177,46.8062,False,False,False,50.0,47.7619,NOT ELITE
2021,641729,Joe Jimenez,False,False,False,INCIDENTAL,PARTIAL,UNK,,29,55,41,35,0.5556,True,False,94.9582,17.5724,2491.0182,6.3564,-8.5527,0.0244,-7.04,0.4407,95.7769,17.5724,2532.3026,0.1337,-0.6528,50.0,60.0,65.0,35.0,40.0,0.1692,0.8696,1.5373,-1.6367,-0.9849,60.0,40.0,58.587,36.8916,True,False,False,50.0,47.7393,SHAPE-ONLY
2018,605446,Dereck Rodriguez,False,False,False,VS_PHI,PARTIAL,SP,85.0,7,59,32,13,0.396,True,False,91.9051,16.0027,2070.2712,6.2271,-4.7024,0.375,-3.0051,0.3402,93.2151,16.0027,2136.3263,0.2722,-0.4669,40.0,50.0,35.0,60.0,45.0,-1.0525,0.1593,-1.3875,1.1248,-0.5092,40.0,55.0,42.3975,53.0778,False,False,False,50.0,47.7376,NOT ELITE
2024,572143,MLBAM 572143,False,False,False,INCIDENTAL,PARTIAL,RP,37.0,18,65,45,35,0.5372,True,False,94.3354,16.6191,2295.8462,6.7738,-4.1797,0.1333,-0.3185,0.459,94.6629,16.6191,2312.3599,0.1779,-0.3281,45.0,55.0,50.0,40.0,50.0,-0.3621,0.4382,-0.0873,-0.7563,-0.1543,50.0,45.0,49.9628,45.4475,False,False,False,50.0,47.7052,NOT ELITE
2022,592836,Taijuan Walker,False,True,False,FILE,COMPLETE,SP,93.0,29,744,315,115,0.2976,False,True,93.7074,17.364,2147.9879,6.0171,-10.0989,0.2127,-0.5117,0.4094,94.3624,17.364,2181.0154,0.2128,-0.4032,45.0,60.0,40.0,50.0,45.0,-0.5054,0.7753,-1.0574,-0.0593,-0.3463,50.0,50.0,47.375,47.972,False,False,False,50.0,47.6735,NOT ELITE
2026,677952,Braxton Ashcraft,False,False,False,VS_PHI,PARTIAL,SP,98.5,3,63,37,12,0.3043,True,False,97.5889,14.9105,2336.2698,6.3984,-10.2914,0.1351,-4.8444,0.6803,97.5889,14.9105,2336.2698,0.1824,-0.5768,60.0,45.0,50.0,45.0,40.0,1.0332,-0.335,0.0893,-0.6657,-0.7904,50.0,45.0,52.6253,42.7199,False,False,False,50.0,47.6726,NOT ELITE
2023,592791,Jameson Taillon,False,False,False,FILE,COMPLETE,SP,87.0,30,889,411,185,0.351,False,True,93.6952,16.8614,2329.3119,6.7369,-7.7694,0.2068,-0.9715,0.4187,94.1864,16.8614,2354.0826,0.2076,-0.6184,45.0,55.0,50.0,50.0,40.0,-0.5893,0.5479,0.2209,-0.1631,-0.8968,50.0,45.0,50.5983,44.7005,False,False,False,50.0,47.6494,NOT ELITE
2018,608717,Chris Stratton,False,False,False,VS_PHI,PARTIAL,SP,95.5,9,148,54,19,0.5034,False,True,91.2432,15.0754,2434.6419,6.2432,-3.6819,0.1296,0.6277,0.4382,92.5533,15.0754,2500.697,0.1724,-0.2137,35.0,45.0,65.0,40.0,50.0,-1.3681,-0.2603,1.3039,-0.8651,0.1382,50.0,45.0,48.918,46.3658,False,False,False,50.0,47.6419,NOT ELITE
2019,605397,Joe Musgrove,False,False,False,VS_PHI,PARTIAL,SP,90.0,8,83,46,17,0.3333,True,False,92.7735,13.1104,2411.1928,5.6241,-5.5113,0.1739,0.4602,0.426,93.9198,13.1104,2468.991,0.1957,-0.2725,45.0,40.0,60.0,45.0,50.0,-0.7165,-1.1496,1.0697,-0.4005,-0.0122,50.0,50.0,47.3453,47.9369,False,False,False,50.0,47.6411,NOT ELITE
2023,668909,MLBAM 668909,False,False,False,VS_PHI,PARTIAL,SP,81.0,3,60,26,12,0.5882,True,False,94.535,15.644,2178.2833,7.5217,-10.146,0.1538,2.3217,0.2927,95.0263,15.644,2203.054,0.1947,-0.1896,50.0,50.0,40.0,45.0,50.0,-0.1888,-0.003,-0.8946,-0.4212,0.1999,45.0,50.0,46.3783,48.8935,False,False,False,50.0,47.6359,NOT ELITE
2024,677944,Slade Cecconi,False,False,False,VS_PHI,PARTIAL,RP,49.0,8,80,44,22,0.5333,True,False,94.0375,15.633,2373.6,6.6,-13.2825,0.1364,-0.7388,0.3275,94.365,15.633,2390.1138,0.1797,-0.3568,45.0,50.0,55.0,45.0,50.0,-0.5042,-0.008,0.4871,-0.7208,-0.2278,50.0,50.0,49.9163,45.2567,False,False,False,50.0,47.5865,NOT ELITE
2024,669854,Ronel Blanco,False,False,False,INCIDENTAL,PARTIAL,SP,91.0,9,79,34,9,0.427,True,False,93.2924,18.8446,2253.3924,6.838,-6.4997,0.0882,-0.043,0.3335,93.6199,18.8446,2269.9062,0.1663,-0.3092,40.0,65.0,45.0,40.0,50.0,-0.8595,1.4453,-0.4008,-0.9871,-0.1061,50.0,45.0,50.6167,44.534,False,False,False,50.0,47.5753,NOT ELITE
2022,548389,Ross Stripling,False,False,False,VS_PHI,PARTIAL,SP,75.0,10,82,42,15,0.3388,True,False,92.1024,19.0156,2130.4634,5.9963,-6.4624,0.1667,1.0744,0.5017,92.7574,19.0156,2163.491,0.1935,-0.2299,35.0,65.0,40.0,45.0,50.0,-1.2708,1.5227,-1.1869,-0.4446,0.0967,45.0,50.0,46.8836,48.2608,False,False,False,50.0,47.5722,NOT ELITE
2025,668678,Zac Gallen,False,False,False,INCIDENTAL,PARTIAL,SP,103.0,6,139,46,30,0.4264,False,True,94.3489,17.1643,2320.9568,6.5403,-4.9494,0.1304,-1.0806,0.3051,94.5127,17.1643,2329.2137,0.1761,-0.4141,45.0,55.0,50.0,40.0,45.0,-0.4337,0.685,0.0372,-0.791,-0.3744,50.0,45.0,50.9615,44.1732,False,False,False,50.0,47.5673,NOT ELITE
2019,519144,Rick Porcello,False,False,False,VS_PHI,PARTIAL,SP,88.0,9,98,49,17,0.3415,True,False,90.9571,15.5057,2405.5,6.0816,-9.0857,0.1429,1.0704,0.3584,92.1034,15.5057,2463.2982,0.1806,-0.2126,35.0,50.0,60.0,45.0,50.0,-1.5827,-0.0656,1.0276,-0.7015,0.1411,50.0,50.0,47.9312,47.1977,False,False,False,50.0,47.5644,NOT ELITE
2022,502624,Chase Anderson,False,False,False,FILE,COMPLETE,SP,56.0,8,131,54,13,0.2657,False,True,91.9595,17.6656,2162.5496,5.9435,-6.8327,0.2407,-0.7794,0.2405,92.6146,17.6656,2195.5772,0.2269,-0.3773,35.0,60.0,40.0,50.0,45.0,-1.3389,0.9118,-0.9499,0.2214,-0.2801,45.0,50.0,45.4101,49.7066,False,False,False,50.0,47.5584,NOT ELITE
2022,664353,José Urquidy,False,True,False,INCIDENTAL,PARTIAL,RP,44.0,15,123,65,26,0.5279,False,True,93.7537,20.1756,2227.0244,5.9114,-7.3893,0.0923,-1.1374,0.3872,94.4087,20.1756,2260.0519,0.1485,-0.4111,45.0,70.0,45.0,35.0,45.0,-0.4833,2.0477,-0.4736,-1.3419,-0.3666,55.0,40.0,53.6357,41.4575,False,False,False,50.0,47.5466,NOT ELITE
2019,543699,Tanner Roark,False,False,False,VS_PHI,PARTIAL,SP,92.0,8,56,25,10,0.3077,True,False,92.125,17.0657,2145.6429,5.9643,-4.4829,0.28,-3.0321,0.4604,93.2713,17.0657,2203.441,0.2341,-0.4615,40.0,55.0,40.0,55.0,45.0,-1.0257,0.6403,-0.8918,0.3641,-0.4955,45.0,50.0,45.7427,49.3428,False,False,False,50.0,47.5428,NOT ELITE
2021,666120,Ian Anderson,False,False,False,VS_PHI,PARTIAL,SP,91.0,7,233,101,36,0.4669,False,True,94.4408,17.3861,2041.0858,6.9498,-5.6745,0.198,-0.0545,0.4011,95.2595,17.3861,2082.3703,0.2036,-0.2801,50.0,60.0,30.0,50.0,50.0,-0.0776,0.7853,-1.7861,-0.2437,-0.0316,45.0,50.0,46.4055,48.6233,False,False,False,50.0,47.5144,NOT ELITE
2019,592644,Adam Plutko,False,False,False,INCIDENTAL,PARTIAL,SP,78.0,9,101,51,21,0.5316,False,True,91.2129,18.4539,2268.3861,5.9941,-4.4638,0.1765,-1.8436,0.3197,92.3591,18.4539,2326.1843,0.1959,-0.4578,35.0,65.0,50.0,45.0,45.0,-1.4607,1.2685,0.0148,-0.3965,-0.4861,50.0,45.0,49.4089,45.5871,False,False,False,50.0,47.498,NOT ELITE
2020,642152,Lou Trivino,False,True,False,FILE,COMPLETE,RP,16.0,20,111,56,28,0.3,False,True,95.4342,14.8238,2043.1982,6.4252,-8.2281,0.2143,0.7667,0.3615,96.4168,14.8238,2092.7395,0.2139,-0.2269,55.0,45.0,35.0,50.0,50.0,0.4743,-0.3742,-1.7095,-0.0372,0.1046,45.0,50.0,44.6352,50.3371,False,False,False,50.0,47.4862,NOT ELITE
2022,623451,Jackson Stephens,False,False,False,VS_PHI,PARTIAL,RP,18.0,11,52,27,6,0.323,True,False,93.7365,14.2962,2037.9423,5.7231,-6.2238,0.2963,5.1481,0.3393,94.3915,14.2962,2070.9698,0.2405,-0.0779,45.0,45.0,30.0,55.0,55.0,-0.4915,-0.613,-1.8703,0.4917,0.4857,40.0,55.0,40.0841,54.887,False,False,False,50.0,47.4855,NOT ELITE
2021,542585,Jose Cisnero,False,False,False,INCIDENTAL,PARTIAL,UNK,,33,54,45,34,0.3803,True,False,96.6685,14.8311,2404.9074,6.0574,-10.9644,0.1333,-9.8111,0.5255,97.4873,14.8311,2446.1918,0.1779,-0.7788,60.0,45.0,60.0,40.0,35.0,0.9848,-0.3709,0.9013,-0.7563,-1.307,55.0,40.0,55.0505,39.6837,False,False,False,50.0,47.3671,NOT ELITE
2025,656605,Mitch Keller,False,False,False,INCIDENTAL,PARTIAL,UNK,,6,59,31,11,0.4155,True,False,93.8492,14.9146,2349.322,6.3966,-8.3756,0.1613,-0.361,0.331,94.0129,14.9146,2357.5789,0.195,-0.3303,45.0,45.0,50.0,45.0,50.0,-0.6721,-0.3331,0.2467,-0.4151,-0.16,45.0,50.0,47.4718,47.1243,False,False,False,50.0,47.298,NOT ELITE
2021,543606,Jake Odorizzi,False,False,False,INCIDENTAL,PARTIAL,UNK,,10,82,40,13,0.5093,True,False,92.1622,16.478,2114.4321,6.0793,-11.5668,0.25,0.5732,0.2567,92.981,16.478,2155.7165,0.2288,-0.2652,40.0,55.0,40.0,55.0,50.0,-1.1642,0.3744,-1.2443,0.2581,0.0065,45.0,55.0,43.2197,51.323,False,False,False,50.0,47.2714,NOT ELITE
2020,519443,Brandon Workman,False,False,True,PHI,COMPLETE,RP,18.0,14,75,25,7,0.2632,True,False,92.4667,17.5232,2111.28,7.3653,-3.6768,0.28,-2.9533,0.8924,93.4492,17.5232,2160.8213,0.2341,-0.4986,40.0,60.0,40.0,55.0,45.0,-0.9409,0.8474,-1.2066,0.3641,-0.5903,45.0,50.0,45.6662,48.869,False,False,False,50.0,47.2676,NOT ELITE
2018,608566,German Marquez,False,False,False,VS_PHI,PARTIAL,SP,106.5,8,130,59,23,0.4626,False,True,95.4062,14.4711,2211.2615,5.4792,-7.5083,0.1356,-0.0508,0.3559,96.7162,14.4711,2277.3166,0.1736,-0.2989,55.0,45.0,45.0,40.0,50.0,0.617,-0.5338,-0.3461,-0.8412,-0.0796,50.0,45.0,49.1237,45.3962,False,False,False,50.0,47.26,NOT ELITE
2023,700363,AJ Smith-Shawver,False,False,False,FILE,COMPLETE,SP,79.5,6,245,125,65,0.5396,False,True,94.4604,17.712,2194.298,6.5416,-6.5961,0.12,0.5751,0.3314,94.9517,17.712,2219.0686,0.149,-0.162,50.0,60.0,40.0,35.0,55.0,-0.2244,0.9328,-0.7764,-1.332,0.2705,50.0,45.0,49.7735,44.6927,False,False,False,50.0,47.2331,NOT ELITE
2018,645261,Sandy Alcantara,False,False,False,FILE,COMPLETE,SP,97.5,6,190,84,50,0.3351,False,True,95.5405,14.7309,2275.9,6.0189,-7.8505,0.1905,-2.6926,0.409,96.8505,14.7309,2341.9551,0.1997,-0.6813,55.0,45.0,50.0,45.0,40.0,0.6811,-0.4162,0.1313,-0.3204,-1.0578,50.0,45.0,51.3208,43.1092,False,False,False,50.0,47.215,NOT ELITE
2019,592314,Mike Foltynewicz,False,False,False,VS_PHI,PARTIAL,SP,100.5,8,73,30,6,0.2517,True,False,95.2658,15.3041,2254.0548,6.1644,-8.6121,0.0667,-0.6822,0.2332,96.412,15.3041,2311.853,0.1624,-0.351,55.0,50.0,50.0,40.0,50.0,0.472,-0.1568,-0.091,-1.0646,-0.2128,50.0,45.0,50.7472,43.6128,False,False,False,50.0,47.18,NOT ELITE
2022,668676,Zach Plesac,False,False,False,INCIDENTAL,PARTIAL,UNK,,11,80,34,12,0.4396,True,False,92.335,18.417,2144.3125,6.1412,-7.3365,0.1176,2.245,0.4673,92.99,18.417,2177.34,0.1774,-0.1517,40.0,65.0,40.0,40.0,55.0,-1.1599,1.2518,-1.0846,-0.7658,0.2969,50.0,50.0,46.6913,47.655,False,False,False,50.0,47.1732,NOT ELITE
2022,621076,James Kaprielian,False,False,False,INCIDENTAL,PARTIAL,UNK,,13,68,31,12,0.3908,True,False,93.7618,15.5453,2015.5294,6.0824,-7.3818,0.2581,2.6779,0.1743,94.4168,15.5453,2048.5569,0.2294,-0.1511,45.0,50.0,30.0,55.0,55.0,-0.4795,-0.0477,-2.0358,0.2715,0.2984,40.0,55.0,41.4566,52.8494,False,False,False,50.0,47.153,NOT ELITE
2021,668678,Zac Gallen,False,False,False,VS_PHI,PARTIAL,SP,103.0,3,86,43,10,0.6565,True,False,93.6581,17.7586,2271.6628,6.7593,-2.9302,0.093,-1.3465,0.3722,94.4769,17.7586,2312.9472,0.1613,-0.4035,45.0,60.0,50.0,40.0,45.0,-0.4508,0.9539,-0.0829,-1.087,-0.3472,50.0,45.0,51.4006,42.8291,False,False,False,50.0,47.1148,NOT ELITE
2026,693433,MLBAM 693433,False,False,False,VS_PHI,PARTIAL,SP,76.0,2,51,32,13,0.573,True,False,97.1431,14.0376,2234.9216,6.3686,-11.04,0.1562,-1.9216,0.4991,97.1431,14.0376,2234.9216,0.1928,-0.4003,60.0,45.0,45.0,45.0,45.0,0.8207,-0.73,-0.6593,-0.4593,-0.3389,50.0,45.0,48.1048,46.0093,False,False,False,50.0,47.0571,NOT ELITE
2019,647336,Mike Soroka,False,False,False,VS_PHI,PARTIAL,SP,88.0,10,107,54,16,0.2716,False,True,92.3514,12.7279,2368.9439,5.2551,-4.6542,0.1481,2.415,0.3154,93.4977,12.7279,2426.7421,0.1815,-0.0821,40.0,35.0,60.0,45.0,55.0,-0.9178,-1.3227,0.7576,-0.684,0.4749,45.0,50.0,45.0571,48.9548,False,False,False,50.0,47.006,NOT ELITE
2019,641816,Tyler Mahle,False,False,False,INCIDENTAL,PARTIAL,SP,73.0,11,82,35,13,0.4824,True,False,93.3171,14.4263,2205.5,6.6293,-11.1454,0.2,0.1061,0.2906,94.4633,14.4263,2263.2982,0.2084,-0.2981,45.0,45.0,45.0,50.0,50.0,-0.4573,-0.5541,-0.4497,-0.1482,-0.0775,45.0,50.0,45.13,48.8718,False,False,False,50.0,47.0009,NOT ELITE
2023,681857,MLBAM 681857,False,False,False,INCIDENTAL,PARTIAL,SP,75.0,8,51,28,12,0.3377,True,False,95.0294,14.5624,2315.0588,6.0373,-9.9812,0.1071,-0.9961,0.4188,95.5207,14.5624,2339.8295,0.1782,-0.3587,50.0,45.0,50.0,40.0,50.0,0.0469,-0.4925,0.1156,-0.7506,-0.2325,50.0,45.0,48.9002,45.0848,False,False,False,50.0,46.9925,NOT ELITE
2018,625643,Reynaldo Lopez,False,False,False,INCIDENTAL,PARTIAL,UNK,,15,112,56,26,0.6022,False,True,95.7089,14.6957,2099.5179,6.1821,-10.0136,0.1964,-1.4589,0.36,97.0189,14.6957,2165.5729,0.205,-0.4345,60.0,45.0,40.0,50.0,45.0,0.7614,-0.4322,-1.1715,-0.215,-0.4265,50.0,50.0,47.1926,46.7922,False,False,False,50.0,46.9924,NOT ELITE
2018,596133,Luke Weaver,False,False,False,VS_PHI,PARTIAL,SP,98.0,11,138,59,22,0.5055,False,True,93.5246,15.1965,2305.6812,6.0957,-8.4713,0.1695,-1.9696,0.4548,94.8347,15.1965,2371.7362,0.191,-0.514,45.0,50.0,55.0,45.0,45.0,-0.2802,-0.2055,0.3513,-0.4948,-0.6299,50.0,45.0,49.5519,44.377,False,False,False,50.0,46.9645,NOT ELITE
2025,543243,Sonny Gray,False,False,False,INCIDENTAL,PARTIAL,SP,77.0,4,62,33,13,0.2222,True,False,91.6742,10.8058,2485.6613,6.3806,1.9877,0.2121,5.1048,0.2152,91.8379,10.8058,2493.9182,0.2131,-0.0346,35.0,30.0,65.0,50.0,55.0,-1.7093,-2.1925,1.2538,-0.0549,0.5964,45.0,55.0,41.1735,52.7075,False,False,False,50.0,46.9405,NOT ELITE
2024,676661,Max Lazar,False,True,True,PHI,COMPLETE,RP,19.0,11,131,65,35,0.6121,False,True,93.4412,13.5563,2322.8397,6.9664,0.3124,0.2,0.3542,0.3061,93.7687,13.5563,2339.3535,0.2063,-0.255,40.0,40.0,50.0,50.0,50.0,-0.7885,-0.9478,0.1121,-0.1895,0.0326,45.0,50.0,44.5861,49.2156,False,False,False,50.0,46.9008,NOT ELITE
2019,656427,Jack Flaherty,False,False,False,INCIDENTAL,PARTIAL,SP,91.0,9,120,58,24,0.5405,False,True,94.09,14.108,2222.775,6.6975,-5.271,0.1379,1.455,0.3593,95.2363,14.108,2280.5732,0.1751,-0.1508,50.0,45.0,45.0,40.0,55.0,-0.0887,-0.6981,-0.3221,-0.8108,0.2991,45.0,50.0,46.3038,47.4414,False,False,False,50.0,46.8726,NOT ELITE
2025,660853,Enyel De Los Santos,False,False,False,INCIDENTAL,PARTIAL,RP,16.0,9,63,38,18,0.45,True,False,96.2127,13.4476,2271.6349,6.2571,-11.2571,0.1316,0.9365,0.4024,96.3765,13.4476,2279.8918,0.1805,-0.2591,55.0,40.0,45.0,45.0,50.0,0.455,-0.997,-0.3271,-0.7043,0.0221,45.0,50.0,47.1033,46.5888,False,False,False,50.0,46.846,NOT ELITE
2026,668964,Tobias Myers,False,False,False,VS_PHI,PARTIAL,RP,36.5,5,73,41,17,0.4506,True,False,92.2384,19.7967,2254.1096,6.6575,-4.1277,0.122,-1.5096,0.3813,92.2384,19.7967,2254.1096,0.1749,-0.4032,35.0,70.0,45.0,40.0,45.0,-1.5183,1.8762,-0.5175,-0.8155,-0.3464,50.0,45.0,49.4679,44.1907,False,False,False,50.0,46.8293,NOT ELITE
2025,669422,Matt Sauer,False,False,False,TEAM,COMPLETE,RP,49.0,10,112,57,22,0.2188,False,True,94.15,16.3671,2183.125,6.5446,-5.2639,0.193,-0.6402,0.319,94.3138,16.3671,2191.3819,0.2032,-0.3578,45.0,55.0,40.0,45.0,50.0,-0.5286,0.3242,-0.9809,-0.2512,-0.2304,45.0,50.0,46.0491,47.5924,False,False,False,50.0,46.8208,NOT ELITE
2021,663978,Chris Paddack,False,False,False,VS_PHI,PARTIAL,SP,95.0,8,103,52,20,0.6319,False,True,94.6369,16.92,2173.233,6.768,-9.7689,0.0769,1.401,0.2863,95.4557,16.92,2214.5174,0.1479,-0.1785,50.0,55.0,40.0,35.0,50.0,0.0159,0.5744,-0.81,-1.3547,0.2283,50.0,45.0,49.2679,44.3678,False,False,False,50.0,46.8178,NOT ELITE
2026,676083,Janson Junk,False,False,False,VS_PHI,PARTIAL,SP,90.5,2,57,29,11,0.3149,True,False,93.6947,18.1326,2251.6842,6.3491,-4.0884,0.1034,-1.714,0.3619,93.6947,18.1326,2251.6842,0.1761,-0.3979,40.0,60.0,45.0,40.0,45.0,-0.8238,1.1232,-0.5354,-0.7923,-0.3328,50.0,45.0,49.213,44.3743,False,False,False,50.0,46.7937,NOT ELITE
2025,700363,AJ Smith-Shawver,False,False,False,FILE,COMPLETE,SP,82.0,9,331,153,90,0.4655,False,True,95.606,16.0989,2103.3927,6.8435,-9.2375,0.1699,0.2628,0.4893,95.7698,16.0989,2111.6496,0.1817,-0.1902,50.0,50.0,35.0,45.0,50.0,0.1657,0.2028,-1.5698,-0.681,0.1983,45.0,50.0,45.9958,47.5864,False,False,False,50.0,46.7911,NOT ELITE
2020,640448,Kyle Finnegan,False,False,False,VS_PHI,PARTIAL,RP,21.0,7,77,38,10,0.6814,True,False,95.0701,15.5486,1971.3506,6.5714,-10.7922,0.2632,-1.3,0.5584,96.0526,15.5486,2020.892,0.2336,-0.3931,55.0,50.0,30.0,55.0,45.0,0.3006,-0.0462,-2.2402,0.355,-0.3206,45.0,50.0,43.3808,50.1722,False,False,False,50.0,46.7765,NOT ELITE
2023,656731,Tylor Megill,False,False,False,VS_PHI,PARTIAL,SP,100.0,10,178,84,37,0.5378,False,True,95.2084,14.8099,2058.8146,7.1455,-7.9079,0.2143,0.3399,0.3422,95.6997,14.8099,2083.5853,0.214,-0.2343,50.0,45.0,30.0,50.0,50.0,0.1323,-0.3805,-1.7771,-0.0358,0.0855,40.0,50.0,43.249,50.2486,False,False,False,45.0,46.7488,NOT ELITE
2019,658305,Edgar García,False,False,True,PHI,COMPLETE,RP,17.0,37,311,101,39,0.4302,False,True,93.7682,17.6983,2304.9968,6.1106,-5.4162,0.1485,-1.954,0.4227,94.9144,17.6983,2362.795,0.1718,-0.6911,50.0,60.0,55.0,40.0,40.0,-0.2422,0.9266,0.2853,-0.8782,-1.0828,55.0,40.0,53.2324,40.1949,False,False,False,50.0,46.7136,NOT ELITE
2019,595881,Tyler Beede,False,False,False,VS_PHI,PARTIAL,SP,83.0,7,135,68,30,0.6081,False,True,93.837,13.5573,2284.1407,6.1837,-9.5067,0.1765,-0.4496,0.5206,94.9833,13.5573,2341.9389,0.1933,-0.3421,50.0,40.0,50.0,45.0,50.0,-0.2093,-0.9473,0.1312,-0.4496,-0.19,45.0,50.0,46.5819,46.802,False,False,False,50.0,46.692,NOT ELITE
2025,676962,Ben Brown,False,False,False,INCIDENTAL,PARTIAL,SP,90.0,7,187,73,40,0.5238,False,True,95.6845,17.151,2218.4492,6.7957,-7.533,0.1781,-2.6519,0.498,95.8482,17.151,2226.7061,0.1935,-0.6706,50.0,55.0,45.0,45.0,40.0,0.2032,0.6789,-0.7199,-0.4444,-1.0303,50.0,45.0,50.5405,42.6267,False,False,False,50.0,46.5836,NOT ELITE
2024,680885,Spencer Schwellenbach,False,False,False,VS_PHI,PARTIAL,SP,82.0,5,79,40,12,0.2762,True,False,96.0101,13.8653,2249.8861,6.6557,-6.3494,0.125,0.2481,0.4615,96.3376,13.8653,2266.3998,0.1767,-0.2895,55.0,40.0,45.0,40.0,50.0,0.4365,-0.8079,-0.4267,-0.7792,-0.0555,45.0,45.0,47.3394,45.8266,False,False,False,45.0,46.583,NOT ELITE
2021,601713,Nick Pivetta,False,False,False,INCIDENTAL,PARTIAL,SP,76.0,11,115,60,17,0.4713,False,True,94.5487,19.4118,2278.9913,6.5548,-4.5068,0.0833,-4.0957,0.4257,95.3675,19.4118,2320.2757,0.1463,-0.6901,50.0,65.0,50.0,35.0,40.0,-0.0261,1.702,-0.0288,-1.3861,-1.0802,55.0,40.0,55.4904,37.6685,False,False,False,50.0,46.5795,NOT ELITE
2021,656605,Mitch Keller,False,False,False,INCIDENTAL,PARTIAL,SP,80.0,9,89,38,14,0.5205,True,False,93.7034,15.151,2358.236,6.1225,-5.8787,0.1316,-2.6101,0.5331,94.5221,15.151,2399.5204,0.1805,-0.5018,45.0,50.0,55.0,45.0,45.0,-0.4292,-0.2261,0.5565,-0.7043,-0.5986,50.0,45.0,49.6706,43.4853,False,False,False,50.0,46.5779,NOT ELITE
2021,593372,Carlos Martinez,False,False,False,VS_PHI,PARTIAL,SP,87.0,4,67,32,12,0.3252,True,False,93.4687,13.5636,2075.1045,5.8269,-8.8728,0.2188,5.006,0.3313,94.2874,13.5636,2116.3889,0.2155,-0.018,45.0,40.0,35.0,50.0,55.0,-0.5412,-0.9445,-1.5348,-0.0067,0.6388,40.0,55.0,39.9318,53.1606,False,False,False,50.0,46.5462,NOT ELITE
2022,450203,Charlie Morton,False,False,False,FILE,COMPLETE,SP,95.0,31,977,482,181,0.3365,False,True,94.9064,12.4987,2372.7105,6.1853,-10.637,0.1992,-0.6801,0.4125,95.5615,12.4987,2405.738,0.2007,-0.4953,50.0,35.0,55.0,45.0,45.0,0.0664,-1.4264,0.6025,-0.3017,-0.582,45.0,45.0,47.4749,45.5814,False,False,False,45.0,46.5282,NOT ELITE
2022,669952,Mitch White,False,False,False,INCIDENTAL,PARTIAL,RP,49.0,7,66,28,12,0.5366,True,False,93.6197,15.8109,2241.2424,6.353,-3.48,0.1429,-1.4636,0.358,94.2747,15.8109,2274.27,0.1901,-0.3938,45.0,50.0,45.0,45.0,45.0,-0.5472,0.0725,-0.3686,-0.5135,-0.3224,45.0,45.0,47.1889,45.8204,False,False,False,45.0,46.5046,NOT ELITE
2026,680732,Sean Burke,False,False,False,INCIDENTAL,PARTIAL,SP,90.0,16,86,68,59,0.3963,True,False,94.4581,19.0409,2546.686,6.8872,-4.2126,0.0735,-8.264,0.4808,94.4581,19.0409,2546.686,0.1369,-0.9121,45.0,65.0,65.0,35.0,35.0,-0.4598,1.5342,1.6436,-1.5741,-1.6481,60.0,35.0,59.0601,33.8888,True,False,False,50.0,46.4744,SHAPE-ONLY
2018,592866,Trevor Williams,False,False,False,INCIDENTAL,PARTIAL,SP,71.5,13,139,60,26,0.4964,False,True,90.9712,14.4147,2167.8777,6.736,-4.4719,0.2833,-0.7741,0.3364,92.2812,14.4147,2233.9328,0.2496,-0.3793,35.0,45.0,45.0,55.0,45.0,-1.4979,-0.5593,-0.6666,0.6745,-0.2853,40.0,50.0,40.9208,51.946,False,False,False,45.0,46.4334,NOT ELITE
2023,669302,Logan Gilbert,False,False,False,VS_PHI,PARTIAL,SP,86.0,7,66,37,11,0.3905,True,False,95.6061,18.3127,2061.6364,7.6136,-6.0073,0.1892,-6.3333,0.5239,96.0973,18.3127,2086.407,0.2039,-0.6734,55.0,60.0,30.0,50.0,40.0,0.3219,1.2047,-1.7563,-0.2374,-1.0375,50.0,45.0,49.2344,43.6257,False,False,False,50.0,46.43,NOT ELITE
2025,656288,Griffin Canning,False,False,False,VS_PHI,PARTIAL,SP,89.0,4,96,33,18,0.29,True,False,94.7365,15.555,2159.0833,6.0948,-8.8725,0.1818,-0.5406,0.4033,94.9002,15.555,2167.3402,0.2018,-0.3459,50.0,50.0,40.0,45.0,50.0,-0.2489,-0.0433,-1.1584,-0.2787,-0.1998,45.0,50.0,45.1643,47.6075,False,False,False,50.0,46.3859,NOT ELITE
2026,660604,Alan Rangel,False,True,True,PHI,COMPLETE,SP,70.0,7,168,89,44,0.3422,False,True,92.9226,19.5936,2279.875,6.4542,-3.5907,0.0899,-0.075,0.3738,92.9226,19.5936,2279.875,0.1377,-0.2946,40.0,70.0,45.0,35.0,50.0,-1.192,1.7843,-0.3272,-1.5568,-0.0686,50.0,45.0,50.8836,41.8728,False,False,False,50.0,46.3782,NOT ELITE
2024,625643,Reynaldo Lopez,False,False,False,VS_PHI,PARTIAL,SP,91.0,9,194,99,44,0.5575,False,True,96.0392,16.3645,2104.8402,6.5222,-7.4313,0.0909,1.718,0.3457,96.3667,16.3645,2121.354,0.1353,-0.0179,55.0,55.0,35.0,35.0,55.0,0.4504,0.323,-1.4981,-1.6053,0.6392,50.0,45.0,47.5843,45.1695,False,False,False,50.0,46.3769,NOT ELITE
2026,656550,Grant Holmes,False,False,False,VS_PHI,PARTIAL,SP,85.0,6,116,54,28,0.3353,False,True,94.475,15.8307,2309.431,6.0621,-7.6603,0.1296,-0.7716,0.4727,94.475,15.8307,2309.431,0.1724,-0.3715,45.0,50.0,50.0,40.0,45.0,-0.4517,0.0815,-0.1089,-0.8651,-0.2653,50.0,45.0,48.4028,44.3484,False,False,False,50.0,46.3756,NOT ELITE
2022,605135,Chris Bassitt,False,False,False,VS_PHI,PARTIAL,SP,100.5,14,71,37,10,0.1272,True,False,93.507,13.6952,2176.2394,6.1408,-5.2377,0.2432,0.1183,0.325,94.1621,13.6952,2209.267,0.2254,-0.3012,45.0,40.0,40.0,50.0,50.0,-0.601,-0.8849,-0.8488,0.1909,-0.0854,40.0,50.0,42.2179,50.5273,False,False,False,45.0,46.3726,NOT ELITE
2025,605452,Joe Ross,False,False,True,PHI,COMPLETE,RP,22.0,37,321,154,68,0.3724,False,True,94.1969,11.0867,2217.8411,6.7212,-3.0811,0.2727,-0.195,0.4013,94.3606,11.0867,2226.098,0.2569,-0.2981,45.0,30.0,45.0,60.0,50.0,-0.5063,-2.0654,-0.7244,0.82,-0.0776,40.0,55.0,39.0132,53.7119,False,False,False,50.0,46.3626,NOT ELITE
2020,656546,Jeff Hoffman,False,False,False,FILE,COMPLETE,RP,26.5,16,218,105,53,0.5464,False,True,94.4436,15.2174,2425.1835,6.6161,-9.8906,0.1429,-2.5642,0.4481,95.4261,15.2174,2474.7248,0.1675,-0.7031,50.0,50.0,60.0,40.0,40.0,0.0018,-0.1961,1.112,-0.9632,-1.1134,55.0,40.0,53.0594,39.6168,False,False,False,50.0,46.3381,NOT ELITE
2022,543606,Jake Odorizzi,False,False,False,VS_PHI,PARTIAL,SP,94.0,12,146,74,23,0.485,False,True,91.8137,17.5512,2139.411,6.1171,-10.0019,0.2027,-0.424,0.3597,92.4687,17.5512,2172.4385,0.2074,-0.34,35.0,60.0,40.0,50.0,50.0,-1.4085,0.8601,-1.1208,-0.1676,-0.1847,45.0,50.0,44.436,48.2387,False,False,False,50.0,46.3374,NOT ELITE
2019,543883,Nick Vincent,False,False,True,PHI,COMPLETE,RP,15.0,14,125,64,18,0.5924,False,True,88.7752,15.672,2335.352,5.8616,-5.0957,0.2031,0.5944,0.447,89.9215,15.672,2393.1502,0.208,-0.2332,25.0,50.0,55.0,50.0,50.0,-2.6232,0.0096,0.5095,-0.1553,0.0885,45.0,50.0,42.9865,49.6659,False,False,False,50.0,46.3262,NOT ELITE
2023,605513,Spencer Turnbull,False,False,False,FILE,COMPLETE,SP,82.0,7,227,115,43,0.409,False,True,92.8577,10.9908,2457.8899,6.367,-1.7625,0.2261,-0.7132,0.4743,93.349,10.9908,2482.6605,0.222,-0.3953,40.0,30.0,60.0,50.0,45.0,-0.9887,-2.1087,1.1707,0.1233,-0.3261,45.0,50.0,43.5774,48.9861,False,False,False,50.0,46.2817,NOT ELITE
2018,543606,Jake Odorizzi,False,False,False,INCIDENTAL,PARTIAL,UNK,,10,65,27,9,0.5804,True,False,90.9677,16.5323,2276.4,5.5538,-9.2714,0.1111,-0.2015,0.3426,92.2777,16.5323,2342.4551,0.1803,-0.3215,35.0,55.0,50.0,45.0,50.0,-1.4995,0.399,0.135,-0.7078,-0.1373,45.0,50.0,46.7815,45.7741,False,False,False,50.0,46.2778,NOT ELITE
2022,656803,James Norwood,False,False,True,PHI,COMPLETE,RP,17.0,20,180,92,25,0.4865,False,True,96.5889,15.5507,2144.8659,6.5061,-12.0153,0.1848,-2.4367,0.437,97.2439,15.5507,2177.8935,0.1957,-0.6289,60.0,50.0,40.0,45.0,40.0,0.8687,-0.0453,-1.0805,-0.4009,-0.9238,50.0,45.0,49.1431,43.3766,False,False,False,50.0,46.2599,NOT ELITE
2023,592836,Taijuan Walker,False,True,True,PHI,COMPLETE,SP,94.0,31,493,191,56,0.1738,False,True,92.855,16.6299,2113.4449,5.9801,-9.0431,0.2513,-1.083,0.4171,93.3462,16.6299,2138.2156,0.2427,-0.5645,40.0,55.0,35.0,55.0,40.0,-0.99,0.4431,-1.3736,0.5371,-0.759,45.0,50.0,43.5984,48.8902,False,False,False,50.0,46.2443,NOT ELITE
2021,608379,Michael Wacha,False,False,False,INCIDENTAL,PARTIAL,UNK,,10,53,31,15,0.3605,True,False,93.8264,18.6475,2093.2642,6.8132,-6.7585,0.0968,-2.0302,0.5531,94.6452,18.6475,2134.5486,0.172,-0.408,45.0,65.0,35.0,40.0,45.0,-0.3706,1.3562,-1.4007,-0.8729,-0.3587,50.0,45.0,48.6165,43.8421,False,False,False,50.0,46.2293,NOT ELITE
2019,592229,Dylan Covey,False,False,False,FILE,COMPLETE,SP,72.0,14,181,96,36,0.1776,False,True,94.1436,15.068,2119.8729,5.7696,-4.11,0.1458,0.9906,0.3689,95.2899,15.068,2177.6711,0.1708,-0.1398,50.0,45.0,40.0,40.0,55.0,-0.0631,-0.2637,-1.0821,-0.8967,0.3272,45.0,50.0,45.3036,47.1526,False,False,False,50.0,46.2281,NOT ELITE
2024,571945,Miles Mikolas,False,False,False,FILE,COMPLETE,SP,88.0,32,740,394,166,0.2736,False,True,93.2089,13.8169,2255.2838,6.3185,-6.2293,0.1802,0.3166,0.3275,93.5364,13.8169,2271.7976,0.1844,-0.0668,40.0,40.0,45.0,45.0,55.0,-0.8993,-0.8299,-0.3869,-0.6269,0.514,40.0,50.0,42.9465,49.4357,False,False,False,45.0,46.1911,NOT ELITE
2022,502043,Kyle Gibson,False,False,True,PHI,COMPLETE,SP,90.0,31,327,130,57,0.1194,False,True,92.033,15.9534,2278.9969,6.7361,-6.2352,0.1462,0.3829,0.3944,92.688,15.9534,2312.0245,0.1665,-0.1637,35.0,50.0,50.0,40.0,55.0,-1.3039,0.137,-0.0897,-0.9833,0.2662,45.0,50.0,45.8112,46.4143,False,False,False,50.0,46.1127,NOT ELITE
2024,669467,Andre Pallante,False,False,False,FILE,COMPLETE,SP,86.0,29,977,454,239,0.4939,False,True,94.4835,9.3884,2247.4877,6.6247,-0.0615,0.1652,1.2179,0.3302,94.811,9.3884,2264.0015,0.1705,0.4046,45.0,20.0,45.0,40.0,65.0,-0.2915,-2.8339,-0.4445,-0.9029,1.7198,35.0,55.0,38.1005,54.0847,False,False,False,45.0,46.0926,NOT ELITE
2019,656605,Mitch Keller,False,False,False,VS_PHI,PARTIAL,SP,99.0,4,85,42,16,0.4722,True,False,95.2694,15.48,2495.5882,6.0671,-6.8725,0.119,-10.8553,0.5708,96.4157,15.48,2553.3864,0.1731,-1.0943,55.0,50.0,65.0,40.0,30.0,0.4737,-0.0772,1.6931,-0.851,-2.1141,55.0,35.0,56.9652,35.1742,False,False,False,45.0,46.0697,NOT ELITE
2021,680686,Josiah Gray,False,False,False,VS_PHI,PARTIAL,SP,77.0,5,103,58,22,0.5479,False,True,94.3767,17.972,2258.5922,5.5243,-9.4555,0.0862,-3.0272,0.3965,95.1955,17.972,2299.8767,0.1488,-0.5629,50.0,60.0,50.0,35.0,40.0,-0.1081,1.0505,-0.1795,-1.335,-0.7549,55.0,40.0,52.5429,39.5507,False,False,False,50.0,46.0468,NOT ELITE
2025,700669,Gordon Graceffo,False,False,False,FILE,COMPLETE,RP,29.0,26,322,165,94,0.4259,False,True,95.6776,16.036,2083.646,6.3894,-5.2058,0.1758,-0.1994,0.35,95.8414,16.036,2091.9028,0.1854,-0.299,50.0,50.0,35.0,45.0,50.0,0.1999,0.1744,-1.7157,-0.607,-0.08,45.0,50.0,45.5287,46.5649,False,False,False,50.0,46.0468,NOT ELITE
2022,641745,Brad Keller,False,True,False,FILE,COMPLETE,SP,85.0,35,803,409,224,0.3523,False,True,94.5161,13.042,2408.721,5.9762,2.4172,0.1809,-0.8093,0.2989,95.1711,13.042,2441.7486,0.1849,-0.5332,50.0,40.0,60.0,45.0,45.0,-0.1198,-1.1805,0.8685,-0.6168,-0.679,50.0,45.0,48.5606,43.5208,False,False,False,50.0,46.0407,NOT ELITE
2019,504379,Juan Nicasio,False,False,True,PHI,COMPLETE,RP,18.0,44,349,182,64,0.4195,False,True,93.7639,15.5921,2075.0917,5.9562,-9.5742,0.1978,-0.4034,0.4529,94.9102,15.5921,2132.8899,0.2015,-0.3469,50.0,50.0,35.0,45.0,50.0,-0.2442,-0.0265,-1.4129,-0.2848,-0.2023,45.0,50.0,44.3879,47.5645,False,False,False,50.0,45.9762,NOT ELITE
2019,642098,Glenn Sparkman,False,False,False,INCIDENTAL,PARTIAL,RP,17.0,11,92,45,18,0.538,True,False,93.1739,13.7883,2230.25,6.4152,-10.23,0.1333,1.5935,0.3863,94.3202,13.7883,2288.0482,0.1779,-0.1782,45.0,40.0,45.0,40.0,50.0,-0.5255,-0.8428,-0.2668,-0.7563,0.229,45.0,45.0,44.5493,47.3638,False,False,False,45.0,45.9566,NOT ELITE
2021,518876,Merrill Kelly,False,False,False,FILE,COMPLETE,SP,90.0,27,775,350,187,0.3196,False,True,91.745,15.7149,2358.6477,6.3037,-7.1992,0.1943,-0.8659,0.3602,92.5638,15.7149,2399.9322,0.197,-0.5527,35.0,50.0,55.0,45.0,45.0,-1.3631,0.029,0.5596,-0.3759,-0.7288,45.0,45.0,47.4184,44.4767,False,False,False,45.0,45.9476,NOT ELITE
2025,607067,Colin Rea,False,False,False,FILE,COMPLETE,SP,68.0,9,183,88,49,0.4621,False,True,93.8131,14.4597,2187.0273,6.718,-8.5836,0.2159,-0.3235,0.3759,93.9769,14.4597,2195.2842,0.215,-0.3279,45.0,45.0,40.0,50.0,50.0,-0.6893,-0.539,-0.952,-0.0159,-0.1538,45.0,50.0,42.7324,49.1514,False,False,False,50.0,45.9419,NOT ELITE
2018,434671,Anibal Sanchez,False,False,False,VS_PHI,PARTIAL,SP,76.0,11,89,33,12,0.3436,True,False,90.518,17.0724,2253.2809,6.1989,-2.8773,0.1212,-0.4303,0.3949,91.828,17.0724,2319.336,0.1794,-0.3364,35.0,55.0,50.0,45.0,50.0,-1.714,0.6434,-0.0357,-0.7262,-0.1755,45.0,50.0,46.312,45.4919,False,False,False,50.0,45.902,NOT ELITE
2024,650633,Michael King,False,False,False,VS_PHI,PARTIAL,SP,97.5,8,62,32,12,0.2255,True,False,93.7565,15.0368,2272.5968,6.0161,-6.5516,0.1562,-2.1532,0.4324,94.084,15.0368,2289.1105,0.1928,-0.4274,45.0,45.0,45.0,45.0,45.0,-0.6382,-0.2778,-0.259,-0.4593,-0.4083,45.0,45.0,46.0833,45.6622,False,False,False,45.0,45.8727,NOT ELITE
2019,621107,Zach Eflin,False,False,True,PHI,COMPLETE,SP,85.5,32,865,415,158,0.3364,False,True,93.7673,13.1845,2185.6493,6.4905,-9.3095,0.2193,-0.555,0.3719,94.9136,13.1845,2243.4475,0.2186,-0.4291,50.0,40.0,45.0,50.0,45.0,-0.2426,-1.1161,-0.5963,0.0557,-0.4128,45.0,50.0,43.4836,48.2145,False,False,False,50.0,45.8491,NOT ELITE
2020,641745,Brad Keller,False,True,False,FILE,COMPLETE,SP,95.0,9,329,153,76,0.3834,False,True,92.8261,12.9337,2342.5031,5.9532,2.5915,0.1111,1.3997,0.3529,93.8087,12.9337,2392.0444,0.1386,0.0739,40.0,40.0,55.0,35.0,60.0,-0.7695,-1.2295,0.5013,-1.5391,0.8739,45.0,50.0,45.0077,46.674,False,False,False,50.0,45.8409,NOT ELITE
2022,471911,Carlos Carrasco,False,False,False,INCIDENTAL,PARTIAL,SP,85.0,13,85,43,14,0.3571,True,False,93.5529,14.376,2279.8118,6.2847,-7.1802,0.1628,-1.4788,0.2712,94.208,14.376,2312.8393,0.1916,-0.4123,45.0,45.0,50.0,45.0,45.0,-0.5791,-0.5768,-0.0837,-0.4835,-0.3697,45.0,45.0,45.8679,45.7339,False,False,False,45.0,45.8009,NOT ELITE
2023,669467,Andre Pallante,False,False,False,FILE,COMPLETE,RP,17.5,62,753,348,214,0.6611,False,True,96.0604,8.8975,2235.0962,6.484,-2.8287,0.1379,1.3603,0.3025,96.5517,8.8975,2259.8669,0.1484,0.3638,55.0,20.0,45.0,35.0,65.0,0.5386,-3.056,-0.475,-1.3432,1.6154,40.0,50.0,40.212,51.3613,False,False,False,45.0,45.7866,NOT ELITE
2025,695418,Brad Lord,False,False,False,FILE,COMPLETE,SP,57.0,13,240,139,63,0.4918,False,True,95.0387,10.079,2284.6208,5.8112,-14.888,0.2302,0.0438,0.361,95.2025,10.079,2292.8777,0.2254,-0.2611,50.0,25.0,50.0,50.0,50.0,-0.1048,-2.5214,-0.2312,0.192,0.017,40.0,50.0,40.4755,51.0449,False,False,False,45.0,45.7602,NOT ELITE
2021,656793,Nick Nelson,False,False,False,FILE,COMPLETE,RP,30.0,11,182,74,15,0.5385,False,True,96.3918,17.6684,2069.9553,6.3703,-7.9141,0.2297,-5.2813,0.5745,97.2105,17.6684,2111.2397,0.2228,-1.0409,60.0,60.0,35.0,50.0,30.0,0.8528,0.9131,-1.5728,0.1389,-1.9774,50.0,40.0,50.6434,40.8075,False,False,False,45.0,45.7254,NOT ELITE
2022,672851,Joan Adon,False,False,False,VS_PHI,PARTIAL,SP,96.5,6,140,73,23,0.6278,False,True,95.7529,14.43,2217.1429,6.3743,-10.1614,0.1644,-2.195,0.3979,96.4079,14.43,2250.1704,0.1858,-0.5422,55.0,45.0,45.0,45.0,45.0,0.47,-0.5524,-0.5466,-0.5988,-0.7019,50.0,45.0,47.9033,43.4963,False,False,False,50.0,45.6998,NOT ELITE
2025,592836,Taijuan Walker,False,True,True,PHI,COMPLETE,SP,69.0,32,195,76,46,0.0946,False,True,92.2097,17.1889,2128.2,6.0144,-9.0954,0.1842,0.301,0.3855,92.3735,17.1889,2136.4569,0.1967,-0.2326,35.0,55.0,35.0,45.0,50.0,-1.4539,0.6961,-1.3866,-0.3811,0.0899,40.0,50.0,42.8522,48.544,False,False,False,45.0,45.6981,NOT ELITE
2018,628317,Kenta Maeda,False,False,False,VS_PHI,PARTIAL,SP,67.0,12,82,49,19,0.3761,True,False,91.4378,16.238,2268.1585,6.1207,-7.3683,0.1633,-2.728,0.4576,92.7478,16.238,2334.2136,0.1901,-0.4974,35.0,55.0,50.0,45.0,45.0,-1.2754,0.2658,0.0742,-0.5118,-0.5875,45.0,45.0,46.882,44.5035,False,False,False,45.0,45.6927,NOT ELITE
2025,660604,Alan Rangel,False,True,True,PHI,COMPLETE,RP,29.0,5,76,38,22,0.4368,True,False,92.7763,19.3879,2264.6053,6.5316,-4.3958,0.0263,-1.0487,0.4947,92.9401,19.3879,2272.8621,0.138,-0.3758,40.0,65.0,45.0,35.0,45.0,-1.1837,1.6912,-0.379,-1.5518,-0.2764,50.0,40.0,50.4284,40.859,False,False,False,45.0,45.6437,NOT ELITE
2021,502179,Paolo Espino,False,False,False,VS_PHI,PARTIAL,RP,27.0,10,150,62,32,0.5515,False,True,88.6353,19.4072,2212.42,6.5567,-4.3224,0.0968,2.1813,0.3116,89.4541,19.4072,2253.7044,0.1523,-0.0234,20.0,65.0,45.0,35.0,55.0,-2.8461,1.6999,-0.5205,-1.2667,0.6249,45.0,45.0,44.4446,46.791,False,False,False,45.0,45.6178,NOT ELITE
2020,641154,Pablo Lopez,False,False,False,VS_PHI,PARTIAL,SP,95.0,4,51,30,13,0.3984,True,False,94.2863,13.7153,2115.7647,6.7706,-7.1553,0.1667,1.2941,0.3888,95.2688,13.7153,2165.306,0.1973,-0.2557,50.0,40.0,40.0,45.0,50.0,-0.0732,-0.8758,-1.1735,-0.37,0.0308,45.0,50.0,42.925,48.3042,False,False,False,50.0,45.6146,NOT ELITE
2018,656427,Jack Flaherty,False,False,False,INCIDENTAL,PARTIAL,SP,120.0,10,74,34,10,0.3394,True,False,92.7919,13.7254,2212.1622,6.9973,-4.8681,0.1471,0.723,0.3941,94.1019,13.7254,2278.2172,0.1885,-0.2614,45.0,40.0,45.0,45.0,50.0,-0.6296,-0.8713,-0.3395,-0.5446,0.0162,45.0,50.0,43.8655,47.3582,False,False,False,50.0,45.6119,NOT ELITE
2021,641154,Pablo Lopez,False,False,False,VS_PHI,PARTIAL,SP,67.0,5,57,34,9,0.3016,True,False,94.4193,14.4,2126.4737,6.6456,-7.0358,0.1765,-0.8807,0.3941,95.2381,14.4,2167.7581,0.1996,-0.3562,50.0,45.0,40.0,45.0,50.0,-0.0878,-0.566,-1.1554,-0.3233,-0.2263,45.0,50.0,43.9694,47.252,False,False,False,50.0,45.6107,NOT ELITE
2021,642203,Taylor Widener,False,False,False,VS_PHI,PARTIAL,SP,80.0,7,157,66,28,0.6947,False,True,91.5357,14.971,2080.6306,6.679,-5.2701,0.1818,2.5796,0.2969,92.3544,14.971,2121.915,0.1964,0.0394,35.0,45.0,35.0,45.0,60.0,-1.463,-0.3076,-1.494,-0.3865,0.7856,40.0,55.0,39.1182,51.9958,False,False,False,50.0,45.557,NOT ELITE
2026,694973,Paul Skenes,False,False,False,VS_PHI,PARTIAL,SP,86.5,2,63,34,17,0.3642,True,False,96.7349,12.6152,2089.0159,6.8143,-12.2343,0.2647,-2.5254,0.318,96.7349,12.6152,2089.0159,0.2329,-0.4494,55.0,35.0,35.0,55.0,45.0,0.626,-1.3737,-1.737,0.3405,-0.4644,40.0,50.0,41.7178,49.3802,False,False,False,45.0,45.549,NOT ELITE
2019,657141,Jordan Yamamoto,False,False,False,VS_PHI,PARTIAL,SP,90.0,7,161,60,22,0.5111,False,True,91.2404,18.278,2227.1056,6.0596,-7.1299,0.15,-2.0273,0.3355,92.3866,18.278,2284.9038,0.1807,-0.5484,35.0,60.0,45.0,45.0,45.0,-1.4476,1.1889,-0.2901,-0.6993,-0.7178,45.0,45.0,48.1709,42.9149,False,False,False,45.0,45.5429,NOT ELITE
2022,622694,Elieser Hernandez,False,False,False,VS_PHI,PARTIAL,RP,27.0,5,74,34,9,0.5139,True,False,91.6243,17.8897,2068.7297,6.623,-7.0735,0.2353,-2.3514,0.5297,92.2793,17.8897,2101.7573,0.2218,-0.458,35.0,60.0,35.0,50.0,45.0,-1.4988,1.0132,-1.6429,0.1192,-0.4864,45.0,50.0,42.9053,48.1639,False,False,False,50.0,45.5346,NOT ELITE
2026,645261,Sandy Alcantara,False,False,False,VS_PHI,PARTIAL,SP,97.0,4,55,26,10,0.1768,True,False,97.62,13.6844,2275.5818,5.9636,-12.408,0.0769,-5.1545,0.5503,97.62,13.6844,2275.5818,0.1703,-0.5618,60.0,40.0,45.0,40.0,40.0,1.0481,-0.8898,-0.3589,-0.9069,-0.752,50.0,40.0,49.331,41.7057,False,False,False,45.0,45.5183,NOT ELITE
2025,663574,Tony Santillan,False,False,False,VS_PHI,PARTIAL,RP,19.0,8,54,30,12,0.6067,True,False,96.1704,13.4622,2361.1667,5.9222,-11.7289,0.0667,-3.8333,0.649,96.3341,13.4622,2369.4236,0.1624,-0.495,55.0,40.0,55.0,40.0,45.0,0.4349,-0.9904,0.3342,-1.0646,-0.5812,50.0,45.0,49.2624,41.7706,False,False,False,50.0,45.5165,NOT ELITE
2018,462136,Marco Estrada,False,False,False,INCIDENTAL,PARTIAL,SP,71.0,7,83,31,12,0.5497,True,False,87.8458,21.5465,2254.1928,5.3976,-4.5022,0.129,-4.5181,0.441,89.1558,21.5465,2320.2478,0.1835,-0.6267,20.0,75.0,50.0,45.0,40.0,-2.9883,2.6681,-0.029,-0.644,-0.9181,50.0,45.0,48.8358,42.1893,False,False,False,50.0,45.5126,NOT ELITE
2018,622491,Luis Castillo,False,False,False,VS_PHI,PARTIAL,SP,95.5,14,103,41,17,0.3121,False,True,95.7155,13.6707,2225.7476,5.4903,-13.5775,0.122,-2.9311,0.5153,97.0256,13.6707,2291.8026,0.1749,-0.5545,60.0,40.0,50.0,40.0,45.0,0.7646,-0.896,-0.2391,-0.8155,-0.7335,50.0,45.0,48.7648,42.255,False,False,False,50.0,45.5099,NOT ELITE
2020,502624,Chase Anderson,False,False,False,FILE,COMPLETE,SP,67.0,10,221,108,40,0.339,False,True,92.4552,17.564,2187.2624,5.8339,-6.2851,0.2407,-3.7321,0.6538,93.4377,17.564,2236.8037,0.2315,-0.9052,40.0,60.0,45.0,55.0,35.0,-0.9464,0.8658,-0.6454,0.3121,-1.6304,50.0,45.0,47.5803,43.4085,False,False,False,50.0,45.4944,NOT ELITE
2023,605182,Mike Clevinger,False,False,False,VS_PHI,PARTIAL,SP,75.0,6,81,39,15,0.551,True,False,94.1642,17.3526,2247.5556,6.7346,-7.2622,0.0256,-0.7938,0.5156,94.6555,17.3526,2272.3262,0.1365,-0.361,45.0,60.0,45.0,35.0,50.0,-0.3657,0.7702,-0.383,-1.5807,-0.2385,50.0,45.0,50.0718,40.9042,False,False,False,50.0,45.488,NOT ELITE
2025,670102,MLBAM 670102,False,False,False,VS_PHI,PARTIAL,SP,66.0,4,71,43,19,0.4733,True,False,93.2465,17.7346,2251.7324,6.8535,-7.4011,0.1163,-3.1282,0.4614,93.4102,17.7346,2259.9893,0.1714,-0.5008,40.0,60.0,45.0,40.0,45.0,-0.9595,0.9431,-0.4741,-0.8859,-0.596,50.0,45.0,48.3649,42.5905,False,False,False,50.0,45.4777,NOT ELITE
2023,663623,Jake Irvin,False,False,False,INCIDENTAL,PARTIAL,SP,94.0,24,124,94,79,0.3263,False,True,94.9024,14.6874,2349.0887,6.8089,-10.9926,0.0745,0.3629,0.3976,95.3937,14.6874,2373.8594,0.1265,-0.2576,50.0,45.0,55.0,30.0,50.0,-0.0136,-0.4359,0.367,-1.7811,0.0259,50.0,40.0,49.7249,41.2241,False,False,False,45.0,45.4745,NOT ELITE
2024,605452,Joe Ross,False,False,False,FILE,COMPLETE,RP,35.0,24,192,102,57,0.1604,False,True,94.7844,13.7288,2120.5914,6.7286,-5.8869,0.2745,-2.4651,0.3274,95.1119,13.7288,2137.1052,0.2529,-0.6502,50.0,40.0,35.0,55.0,40.0,-0.148,-0.8697,-1.3818,0.7394,-0.9782,40.0,50.0,42.0016,48.8059,False,False,False,45.0,45.4037,NOT ELITE
2023,680694,Kyle Bradish,False,False,False,INCIDENTAL,PARTIAL,SP,84.0,11,66,26,13,0.2762,True,False,94.7545,11.9036,2396.3636,6.4864,3.5891,0.1154,-2.497,0.2535,95.2458,11.9036,2421.1343,0.1825,-0.4531,50.0,35.0,55.0,45.0,45.0,-0.0841,-1.6957,0.7162,-0.6641,-0.4741,45.0,45.0,46.4546,44.309,False,False,False,45.0,45.3818,NOT ELITE
2025,669467,Andre Pallante,False,False,False,FILE,COMPLETE,SP,92.0,4,147,69,41,0.5404,False,True,94.0211,10.6482,2271.2449,6.5605,-1.2808,0.1884,2.119,0.3753,94.1848,10.6482,2279.5018,0.1997,-0.0363,45.0,25.0,45.0,45.0,55.0,-0.5901,-2.2638,-0.33,-0.321,0.5921,40.0,50.0,39.3871,51.3554,False,False,False,45.0,45.3713,NOT ELITE
2025,622491,Luis Castillo,False,False,False,INCIDENTAL,PARTIAL,SP,88.0,7,63,36,14,0.4437,True,False,94.5778,11.9162,2193.5161,5.4984,-12.8286,0.1944,2.7,0.3597,94.7415,11.9162,2201.773,0.2061,-0.1622,45.0,35.0,40.0,50.0,55.0,-0.3246,-1.69,-0.9041,-0.1933,0.2699,40.0,55.0,40.2709,50.3832,False,False,False,50.0,45.3271,NOT ELITE
2021,471911,Carlos Carrasco,False,False,False,VS_PHI,PARTIAL,SP,82.0,6,55,28,11,0.3767,True,False,93.2727,14.9847,2247.5273,6.4327,-7.9069,0.1071,-1.6818,0.4283,94.0915,14.9847,2288.8117,0.1782,-0.394,45.0,45.0,45.0,40.0,45.0,-0.6346,-0.3014,-0.2612,-0.7506,-0.3229,45.0,45.0,46.0094,44.6325,False,False,False,45.0,45.321,NOT ELITE
2022,642152,Lou Trivino,False,True,False,FILE,COMPLETE,RP,14.5,51,173,100,57,0.1812,False,True,95.5647,13.9845,1991.8266,6.4185,-9.249,0.29,-2.9815,0.4444,96.2198,13.9845,2024.8541,0.2625,-0.6939,55.0,40.0,30.0,60.0,40.0,0.3803,-0.754,-2.2109,0.9317,-1.0899,40.0,50.0,41.3846,49.2092,False,False,False,45.0,45.2969,NOT ELITE
2021,623167,Chris Flexen,False,False,False,INCIDENTAL,PARTIAL,UNK,,8,59,26,11,0.4097,True,False,93.1203,18.1037,2116.1525,5.9881,-2.1844,0.0769,-2.4136,0.4665,93.9391,18.1037,2157.437,0.1703,-0.4363,45.0,60.0,40.0,40.0,45.0,-0.7073,1.1101,-1.2316,-0.9069,-0.4311,50.0,45.0,47.2374,43.3101,False,False,False,50.0,45.2737,NOT ELITE
2021,615698,Cal Quantrill,False,False,False,FILE,COMPLETE,SP,60.0,33,328,143,80,0.1392,False,True,94.3649,15.6457,2165.1567,6.527,-8.2032,0.1958,-1.6704,0.3589,95.1837,15.6457,2206.4412,0.2008,-0.6404,50.0,50.0,40.0,45.0,40.0,-0.1138,-0.0022,-0.8696,-0.2988,-0.9532,45.0,45.0,46.7146,43.74,False,False,False,45.0,45.2273,NOT ELITE
2025,608566,German Marquez,False,False,False,INCIDENTAL,PARTIAL,SP,81.0,7,121,66,40,0.3168,False,True,95.2579,13.9527,2213.0661,5.5521,-9.9263,0.0758,2.738,0.3909,95.4216,13.9527,2221.323,0.1391,-0.0206,50.0,40.0,40.0,35.0,55.0,-0.0003,-0.7684,-0.7597,-1.5294,0.6322,45.0,45.0,44.9053,45.5137,False,False,False,45.0,45.2095,NOT ELITE
2022,676194,Jackson Tetreault,False,False,False,VS_PHI,PARTIAL,SP,91.0,3,73,33,21,0.6636,True,False,94.4808,15.1299,2042.1233,7.1781,-9.1151,0.1212,2.3658,0.3618,95.1358,15.1299,2075.1508,0.1794,-0.1586,50.0,50.0,30.0,45.0,55.0,-0.1366,-0.2357,-1.8394,-0.7262,0.2792,45.0,50.0,42.6277,47.7655,False,False,False,50.0,45.1966,NOT ELITE
2024,592791,Jameson Taillon,False,False,False,FILE,COMPLETE,SP,89.0,28,732,347,176,0.2948,False,True,92.2787,16.1366,2282.944,6.6951,-6.8664,0.1441,-0.0303,0.3845,92.6062,16.1366,2299.4578,0.1538,-0.2084,35.0,50.0,50.0,40.0,50.0,-1.3429,0.2199,-0.1826,-1.2369,0.1519,45.0,45.0,45.648,44.575,False,False,False,45.0,45.1115,NOT ELITE
2025,669302,Logan Gilbert,False,False,False,INCIDENTAL,PARTIAL,SP,65.0,5,68,37,18,0.4024,True,False,95.4603,15.9706,2085.9167,7.6382,-7.3747,0.0811,1.4338,0.3458,95.624,15.9706,2094.1736,0.1609,-0.2246,50.0,50.0,35.0,40.0,50.0,0.0962,0.1448,-1.6989,-1.0939,0.1105,45.0,45.0,45.1404,45.0826,False,False,False,45.0,45.1115,NOT ELITE
2018,608379,Michael Wacha,False,False,False,VS_PHI,PARTIAL,SP,88.0,5,88,45,18,0.4231,True,False,93.5148,17.1914,2028.8068,6.8023,-7.1905,0.0667,1.7523,0.3207,94.8248,17.1914,2094.8619,0.1482,-0.1723,45.0,55.0,35.0,35.0,50.0,-0.2849,0.6972,-1.6938,-1.3478,0.2441,45.0,45.0,45.7283,44.4811,False,False,False,45.0,45.1047,NOT ELITE
2025,672782,Yoendrys Gómez,False,False,False,TEAM,COMPLETE,RP,30.0,14,75,45,37,0.4237,True,False,93.652,16.4272,2473.3467,6.8827,-6.7776,0.1111,-8.5573,0.5188,93.8158,16.4272,2481.6036,0.168,-0.8613,40.0,55.0,60.0,40.0,35.0,-0.7661,0.3514,1.1628,-0.9534,-1.5182,50.0,40.0,52.4938,37.642,False,False,False,45.0,45.0679,NOT ELITE
2018,621261,Corey Oswalt,False,False,False,VS_PHI,PARTIAL,SP,87.0,11,138,67,19,0.4259,False,True,90.6174,15.7878,2110.4855,6.9783,-8.4313,0.1791,1.0283,0.3383,91.9274,15.7878,2176.5406,0.1948,-0.1754,35.0,50.0,40.0,45.0,50.0,-1.6666,0.0621,-1.0905,-0.4183,0.2363,40.0,50.0,41.0166,49.0902,False,False,False,45.0,45.0534,NOT ELITE
2022,592351,Jon Gray,False,False,False,VS_PHI,PARTIAL,SP,81.0,10,149,81,30,0.5399,False,True,95.8295,13.0365,2007.2886,6.5007,-11.1374,0.1605,1.8913,0.4339,96.4845,13.0365,2040.3161,0.1822,-0.0603,55.0,40.0,30.0,45.0,55.0,0.5066,-1.183,-2.0967,-0.6695,0.5306,40.0,50.0,40.7562,49.3056,False,False,False,45.0,45.0309,NOT ELITE
2025,663623,Jake Irvin,False,False,False,INCIDENTAL,PARTIAL,SP,83.0,6,114,51,35,0.255,False,True,92.1947,15.3411,2322.3158,7.1096,-9.0737,0.1961,-2.7623,0.5142,92.3585,15.3411,2330.5727,0.2053,-0.5603,35.0,50.0,50.0,50.0,45.0,-1.461,-0.1401,0.0473,-0.2103,-0.7482,45.0,50.0,44.8204,45.2071,False,False,False,50.0,45.0137,NOT ELITE
2025,683627,Anthony Molina,False,False,False,INCIDENTAL,PARTIAL,UNK,,6,74,31,19,0.5286,True,False,95.5162,15.0065,2141.5135,6.2635,-7.3281,0.2258,-5.9514,0.4437,95.68,15.0065,2149.7704,0.2179,-0.6881,50.0,45.0,35.0,50.0,40.0,0.1229,-0.2915,-1.2882,0.0426,-1.0751,45.0,45.0,45.1438,44.8378,False,False,False,45.0,44.9908,NOT ELITE
2018,643410,Mark Leiter Jr.,False,False,True,PHI,COMPLETE,RP,23.5,12,91,30,15,0.2844,True,False,91.433,17.04,1939.6484,6.5297,-5.3222,0.2333,-0.0275,0.4809,92.743,17.04,2005.7034,0.2205,-0.3053,35.0,55.0,25.0,50.0,50.0,-1.2777,0.6287,-2.3524,0.0931,-0.096,40.0,50.0,39.9956,49.9853,False,False,False,45.0,44.9904,NOT ELITE
2024,663969,Tyler Phillips,False,False,True,PHI,COMPLETE,SP,79.0,8,108,70,32,0.1869,False,True,92.6583,9.5411,2313.463,6.2815,-3.0456,0.2143,2.9444,0.3362,92.9858,9.5411,2329.9767,0.214,-0.032,40.0,20.0,50.0,50.0,55.0,-1.1619,-2.7648,0.0429,-0.0364,0.603,35.0,55.0,37.054,52.8331,False,False,False,45.0,44.9436,NOT ELITE
2024,547179,Michael Lorenzen,False,False,False,INCIDENTAL,PARTIAL,UNK,,16,50,45,43,0.2793,True,False,93.734,15.8064,2372.82,5.856,-10.1904,0.0444,-2.828,0.402,94.0615,15.8064,2389.3338,0.1383,-0.4389,45.0,50.0,55.0,35.0,45.0,-0.6489,0.0705,0.4813,-1.545,-0.4377,50.0,40.0,49.6762,40.0864,False,False,False,45.0,44.8813,NOT ELITE
2018,592332,Kevin Gausman,False,False,False,VS_PHI,PARTIAL,SP,99.0,12,249,128,51,0.5646,False,True,93.649,14.9533,2170.0723,6.0932,-11.2169,0.1094,0.4659,0.3614,94.959,14.9533,2236.1274,0.1411,-0.1802,50.0,45.0,45.0,35.0,50.0,-0.2209,-0.3156,-0.6504,-1.4887,0.224,45.0,45.0,46.0438,43.6765,False,False,False,45.0,44.8601,NOT ELITE
2025,656550,Grant Holmes,False,False,False,INCIDENTAL,PARTIAL,SP,104.0,6,128,51,25,0.4,False,True,94.6602,14.7844,2326.0156,6.0672,-5.0372,0.1176,-2.35,0.4487,94.8239,14.7844,2334.2725,0.1679,-0.5422,45.0,45.0,50.0,40.0,45.0,-0.2853,-0.392,0.0746,-0.9549,-0.7019,45.0,45.0,47.9907,41.7158,False,False,False,45.0,44.8533,NOT ELITE
2019,605400,Aaron Nola,False,True,True,PHI,COMPLETE,SP,100.0,34,1180,465,157,0.3541,False,True,93.0558,13.0353,2170.8458,6.6632,-12.9394,0.1935,-0.2236,0.4155,94.2021,13.0353,2228.644,0.1957,-0.2739,45.0,40.0,45.0,45.0,50.0,-0.5818,-1.1836,-0.7056,-0.4008,-0.0157,45.0,50.0,41.7632,47.9176,False,False,False,50.0,44.8404,NOT ELITE
2018,656546,Jeff Hoffman,False,False,False,FILE,COMPLETE,RP,19.0,6,96,42,18,0.5304,True,False,92.7115,14.0312,2382.4792,6.476,-8.355,0.0476,-0.9375,0.3924,94.0215,14.0312,2448.5342,0.1425,-0.3782,45.0,45.0,60.0,35.0,45.0,-0.668,-0.7329,0.9186,-1.4607,-0.2825,50.0,40.0,48.3925,41.2842,False,False,False,45.0,44.8383,NOT ELITE
2023,621076,James Kaprielian,False,False,False,VS_PHI,PARTIAL,SP,83.0,4,59,36,17,0.4538,True,False,91.3831,14.88,1977.8136,6.0746,-8.0725,0.3056,2.2932,0.173,91.8743,14.88,2002.5842,0.2495,-0.1933,35.0,45.0,25.0,55.0,50.0,-1.6919,-0.3488,-2.3754,0.6726,0.1906,35.0,55.0,35.2797,54.3157,False,False,False,45.0,44.7977,NOT ELITE
2026,691725,Andrew Painter,True,True,True,PHI,COMPLETE,SP,86.0,24,665,331,183,0.3271,False,True,96.6024,16.5954,2315.585,6.5198,-2.2271,0.1601,-1.9632,0.3929,96.6024,16.5954,2315.585,0.1679,-0.9503,55.0,55.0,50.0,40.0,35.0,0.5628,0.4275,-0.0634,-0.9557,-1.7456,55.0,40.0,53.0895,36.4933,False,False,False,50.0,44.7914,NOT ELITE
2021,641745,Brad Keller,False,True,False,FILE,COMPLETE,SP,95.5,26,695,314,180,0.2956,False,True,94.1591,13.9749,2322.3962,5.8843,1.0116,0.2229,-1.9388,0.4193,94.9779,13.9749,2363.6806,0.2215,-0.9578,50.0,40.0,55.0,50.0,30.0,-0.2119,-0.7584,0.2918,0.1138,-1.7651,50.0,40.0,47.7386,41.7436,False,False,False,45.0,44.7411,NOT ELITE
2022,669456,Shane Bieber,False,False,False,INCIDENTAL,PARTIAL,UNK,,13,71,36,19,0.3333,True,False,91.2775,17.7025,2196.9155,6.6887,-9.049,0.0556,1.3775,0.4261,91.9325,17.7025,2229.943,0.1518,-0.2237,35.0,60.0,45.0,35.0,50.0,-1.6642,0.9285,-0.696,-1.2756,0.1126,45.0,45.0,45.2277,44.1852,False,False,False,45.0,44.7065,NOT ELITE
2024,518876,Merrill Kelly,False,False,False,FILE,COMPLETE,SP,91.0,13,233,102,52,0.204,False,True,91.8845,14.3985,2380.8541,6.0618,-8.3547,0.1961,-1.7957,0.3864,92.2121,14.3985,2397.3678,0.2023,-0.5883,35.0,45.0,55.0,45.0,40.0,-1.5309,-0.5667,0.5406,-0.2694,-0.8198,45.0,45.0,44.8103,44.5542,False,False,False,45.0,44.6823,NOT ELITE
2021,640448,Kyle Finnegan,False,False,False,VS_PHI,PARTIAL,RP,20.5,16,137,65,20,0.7135,False,True,96.0686,15.9679,2062.9124,6.6482,-12.0035,0.1692,-3.5774,0.2895,96.8874,15.9679,2104.1968,0.1898,-0.6933,55.0,50.0,35.0,45.0,40.0,0.6987,0.1435,-1.6249,-0.5188,-1.0884,45.0,45.0,47.3912,41.9642,False,False,False,45.0,44.6777,NOT ELITE
2026,673540,Kodai Senga,False,False,False,VS_PHI,PARTIAL,RP,45.0,4,54,25,11,0.3214,True,False,96.2278,15.1844,2297.1667,6.4185,-6.28,0.04,-7.3741,0.5655,96.2278,15.1844,2297.1667,0.1601,-0.6631,55.0,50.0,50.0,40.0,40.0,0.3841,-0.211,-0.1995,-1.1108,-1.0111,50.0,40.0,49.9122,39.3901,False,False,False,45.0,44.6512,NOT ELITE
2021,502624,Chase Anderson,False,False,True,PHI,COMPLETE,SP,70.5,14,280,130,49,0.3286,False,True,91.5032,17.6156,2119.7276,5.9136,-6.2271,0.2231,-2.0539,0.4741,92.322,17.6156,2161.012,0.2202,-0.6829,35.0,60.0,40.0,50.0,40.0,-1.4784,0.8892,-1.2052,0.088,-1.0619,45.0,45.0,44.0185,45.1306,False,False,False,45.0,44.5745,NOT ELITE
2019,519455,Jordan Zimmermann,False,False,False,INCIDENTAL,PARTIAL,SP,95.0,8,64,25,12,0.3216,True,False,90.3766,15.4256,2271.7969,6.1734,-5.5331,0.12,-1.1562,0.4497,91.5228,15.4256,2329.5951,0.1848,-0.3748,30.0,50.0,50.0,45.0,45.0,-1.8595,-0.1019,0.04,-0.6192,-0.2738,45.0,45.0,43.5955,45.5351,False,False,False,45.0,44.5653,NOT ELITE
2018,605276,MLBAM 605276,False,False,False,INCIDENTAL,PARTIAL,RP,45.0,5,69,32,12,0.5948,True,False,91.7217,17.16,2137.8841,5.7362,-2.5252,0.125,-3.1884,0.4391,93.0318,17.16,2203.9391,0.1814,-0.4998,40.0,55.0,40.0,45.0,45.0,-1.14,0.683,-0.8881,-0.6856,-0.5936,45.0,45.0,45.5165,43.6042,False,False,False,45.0,44.5603,NOT ELITE
2018,623149,Paul Sewald,False,False,False,VS_PHI,PARTIAL,RP,19.0,14,88,37,13,0.55,True,False,90.2284,12.8455,2285.875,6.3034,-12.7159,0.2162,-0.6273,0.3145,91.5384,12.8455,2351.9301,0.2146,-0.3511,30.0,35.0,50.0,50.0,50.0,-1.8521,-1.2695,0.205,-0.0233,-0.2131,40.0,50.0,40.2782,48.8182,False,False,False,45.0,44.5482,NOT ELITE
2024,675650,Michael Mercado,False,False,True,PHI,COMPLETE,SP,57.0,5,123,55,28,0.4731,False,True,95.3797,16.3971,2287.6667,6.4098,-10.9883,0.1455,-6.1813,0.581,95.7072,16.3971,2304.1804,0.1799,-0.9253,50.0,55.0,50.0,45.0,35.0,0.1359,0.3378,-0.1477,-0.7166,-1.6817,50.0,40.0,51.0865,38.0087,False,False,False,45.0,44.5476,NOT ELITE
2025,642152,Lou Trivino,False,True,False,FILE,COMPLETE,RP,17.0,41,135,66,36,0.1605,False,True,94.8385,14.3111,2054.2,6.4207,-8.5671,0.197,-0.2756,0.3522,95.0023,14.3111,2062.4569,0.2046,-0.3228,50.0,45.0,30.0,50.0,50.0,-0.2003,-0.6062,-1.9332,-0.2232,-0.1407,40.0,50.0,40.8679,48.1805,False,False,False,45.0,44.5242,NOT ELITE
2025,669387,Carmen Mlodzinski,False,False,False,VS_PHI,PARTIAL,SP,78.0,3,53,26,11,0.4046,True,False,95.7642,11.6377,2175.0256,6.2094,-9.4732,0.1923,-1.2736,0.4037,95.9279,11.6377,2183.2825,0.2069,-0.3727,50.0,30.0,40.0,50.0,45.0,0.2411,-1.816,-1.0407,-0.1784,-0.2684,40.0,50.0,41.2815,47.7658,False,False,False,45.0,44.5237,NOT ELITE
2018,543699,Tanner Roark,False,False,False,VS_PHI,PARTIAL,SP,107.0,11,98,38,18,0.186,True,False,91.3673,17.2935,2084.4388,5.8582,-7.009,0.2105,-4.0204,0.3814,92.6774,17.2935,2150.4938,0.2124,-0.6348,35.0,55.0,35.0,50.0,40.0,-1.309,0.7434,-1.2829,-0.0687,-0.9389,40.0,45.0,43.8386,44.9619,False,False,False,45.0,44.4003,NOT ELITE
2023,456501,Johnny Cueto,False,False,False,VS_PHI,PARTIAL,SP,92.0,4,64,37,8,0.3184,True,False,91.9078,15.9562,2208.4531,5.8328,-11.2969,0.1351,-1.0578,0.483,92.3991,15.9562,2233.2238,0.1824,-0.3693,35.0,50.0,45.0,45.0,45.0,-1.4417,0.1383,-0.6718,-0.6657,-0.2597,45.0,45.0,43.416,45.373,False,False,False,45.0,44.3945,NOT ELITE
2023,543135,Nathan Eovaldi,False,False,False,VS_PHI,PARTIAL,SP,82.0,6,57,29,12,0.38,True,False,95.5912,13.0989,2189.4211,6.7281,-11.5158,0.1379,-3.6895,0.4807,96.0825,13.0989,2214.1917,0.1878,-0.4966,55.0,40.0,40.0,45.0,45.0,0.3149,-1.1548,-0.8124,-0.5581,-0.5853,45.0,45.0,44.4924,44.2832,False,False,False,45.0,44.3878,NOT ELITE
2026,641793,Zack Littell,False,False,False,VS_PHI,PARTIAL,SP,75.0,4,56,29,19,0.2373,True,False,91.6268,16.6929,2031.3036,6.2429,-6.2657,0.2414,0.1268,0.3904,91.6268,16.6929,2031.3036,0.2231,-0.3063,30.0,55.0,30.0,50.0,50.0,-1.81,0.4716,-2.1633,0.1447,-0.0985,40.0,50.0,38.3279,50.2313,False,False,False,45.0,44.2796,NOT ELITE
2021,621076,James Kaprielian,False,False,False,INCIDENTAL,PARTIAL,UNK,,14,76,41,19,0.4903,True,False,93.0053,15.4153,2027.4342,5.9816,-8.6811,0.2195,-2.2079,0.3573,93.824,15.4153,2068.7186,0.2161,-0.4518,40.0,50.0,30.0,50.0,45.0,-0.7621,-0.1065,-1.8869,0.0058,-0.4708,40.0,50.0,40.8147,47.6751,False,False,False,45.0,44.2449,NOT ELITE
2021,572070,Garrett Richards,False,False,False,INCIDENTAL,PARTIAL,SP,85.0,10,120,58,30,0.5405,False,True,93.8983,8.705,2451.7815,5.9592,0.893,0.1379,-0.1825,0.3241,94.7171,8.705,2493.0659,0.1751,-0.3141,45.0,20.0,60.0,40.0,50.0,-0.3363,-3.1432,1.2475,-0.8108,-0.1185,40.0,45.0,43.0375,45.3536,False,False,False,45.0,44.1955,NOT ELITE
2025,683409,Angel Chivilli,False,False,False,INCIDENTAL,PARTIAL,RP,28.5,12,87,40,20,0.4971,True,False,97.1471,9.6469,2286.023,6.3184,-14.7269,0.2,-3.9644,0.4475,97.3109,9.6469,2294.2799,0.2079,-0.5989,60.0,25.0,50.0,50.0,40.0,0.9006,-2.7169,-0.2208,-0.1568,-0.8469,45.0,45.0,43.2097,44.9815,False,False,False,45.0,44.0956,NOT ELITE
2024,668873,Caleb Kilian,False,True,False,FILE,COMPLETE,SP,83.5,2,76,38,20,0.4551,True,False,93.6329,15.5605,2132.5263,6.95,-4.4589,0.0789,1.2329,0.4505,93.9604,15.5605,2149.0401,0.1592,-0.2263,45.0,50.0,35.0,40.0,50.0,-0.6971,-0.0408,-1.2936,-1.128,0.106,45.0,45.0,43.2282,44.89,False,False,False,45.0,44.0591,NOT ELITE
2018,660853,Enyel De Los Santos,False,False,True,PHI,COMPLETE,RP,37.0,7,202,99,34,0.603,False,True,94.598,11.3774,2144.7772,5.7827,-11.6739,0.1818,-0.5693,0.3697,95.908,11.3774,2210.8323,0.1933,-0.3665,50.0,30.0,40.0,45.0,45.0,0.2317,-1.9338,-0.8372,-0.4484,-0.2524,40.0,45.0,41.5356,46.4956,False,False,False,45.0,44.0156,NOT ELITE
2022,641729,Joe Jimenez,False,False,False,INCIDENTAL,PARTIAL,UNK,,43,89,73,60,0.7063,True,False,95.7427,18.1335,2458.0112,6.7618,-10.2458,0.0274,-10.5764,0.4926,96.3977,18.1335,2491.0388,0.1083,-1.1065,55.0,60.0,60.0,30.0,30.0,0.4652,1.1235,1.2325,-2.1431,-2.1451,60.0,30.0,59.4042,28.5589,True,False,False,45.0,43.9816,SHAPE-ONLY
2025,518876,Merrill Kelly,False,False,False,FILE,COMPLETE,SP,86.5,10,180,77,41,0.2628,False,True,91.7211,15.3027,2369.8278,5.9861,-9.1887,0.1818,-2.79,0.4291,91.8849,15.3027,2378.0847,0.1952,-0.6793,35.0,50.0,55.0,45.0,40.0,-1.6869,-0.1575,0.3982,-0.4106,-1.0525,45.0,45.0,45.1794,42.6846,False,False,False,45.0,43.932,NOT ELITE
2026,670950,Trevor Richards,False,True,True,PHI,COMPLETE,RP,25.5,16,101,70,49,0.6966,False,True,92.1574,20.1006,2272.8119,6.4792,-8.3739,0.0286,-1.4158,0.4269,92.1574,20.1006,2272.8119,0.1109,-0.4213,35.0,70.0,45.0,30.0,45.0,-1.5569,2.0137,-0.3794,-2.0917,-0.3928,50.0,40.0,50.2581,37.5775,False,False,False,45.0,43.9178,NOT ELITE
2023,543475,Jordan Lyles,False,False,False,INCIDENTAL,PARTIAL,SP,91.0,8,53,27,18,0.3046,True,False,91.4981,16.7479,2262.1538,6.9585,-6.7177,0.0741,-3.5925,0.4388,91.9894,16.7479,2286.9245,0.1683,-0.4808,35.0,55.0,45.0,40.0,45.0,-1.637,0.4965,-0.2751,-0.9478,-0.545,45.0,45.0,45.2811,42.5363,False,False,False,45.0,43.9087,NOT ELITE
2025,808963,Roki Sasaki,False,False,False,TEAM,COMPLETE,SP,64.5,10,312,154,98,0.5024,False,True,96.1446,14.3054,2084.4808,7.0734,-10.5815,0.1169,0.3926,0.4462,96.3083,14.3054,2092.7377,0.1427,-0.1674,55.0,45.0,35.0,35.0,55.0,0.4225,-0.6088,-1.7095,-1.4573,0.2567,45.0,45.0,43.6808,43.9969,False,False,False,45.0,43.8388,NOT ELITE
2021,668676,Zach Plesac,False,False,False,INCIDENTAL,PARTIAL,UNK,,12,90,41,20,0.45,True,False,93.0678,16.636,2043.7444,6.1789,-8.688,0.1463,-2.0322,0.4285,93.8865,16.636,2085.0289,0.1852,-0.4593,45.0,55.0,30.0,45.0,45.0,-0.7323,0.4459,-1.7664,-0.6102,-0.4899,45.0,45.0,43.157,44.4998,False,False,False,45.0,43.8284,NOT ELITE
2026,607067,Colin Rea,False,False,False,VS_PHI,PARTIAL,SP,89.5,4,81,42,22,0.407,True,False,94.0815,13.8681,2148.5062,6.7481,-7.9852,0.119,1.7111,0.2913,94.0815,13.8681,2148.5062,0.1731,-0.1868,45.0,40.0,35.0,40.0,50.0,-0.6394,-0.8067,-1.2976,-0.851,0.2071,40.0,45.0,40.8547,46.7806,False,False,False,45.0,43.8176,NOT ELITE
2021,425844,Zack Greinke,False,False,False,INCIDENTAL,PARTIAL,UNK,,13,88,42,24,0.3982,True,False,89.0739,16.875,2244.6364,6.0114,-1.5055,0.0952,1.1943,0.3148,89.8926,16.875,2285.9208,0.1629,-0.2143,25.0,55.0,45.0,40.0,50.0,-2.6369,0.554,-0.2826,-1.0543,0.1369,40.0,45.0,42.1152,45.413,False,False,False,45.0,43.7641,NOT ELITE
2021,608566,German Marquez,False,False,False,VS_PHI,PARTIAL,SP,96.5,12,137,55,28,0.4281,False,True,94.3365,11.6943,2049.4891,5.3577,-6.6289,0.1818,1.1934,0.3261,95.1553,11.6943,2090.7735,0.1979,-0.1578,50.0,30.0,35.0,45.0,55.0,-0.1273,-1.7904,-1.724,-0.3577,0.2812,40.0,50.0,37.8609,49.6179,False,False,False,45.0,43.7394,NOT ELITE
2023,471911,Carlos Carrasco,False,False,False,VS_PHI,PARTIAL,SP,80.0,4,76,36,15,0.3378,True,False,93.0092,12.2084,2224.4211,6.5368,-5.4837,0.1667,0.1171,0.4469,93.5005,12.2084,2249.1917,0.1953,-0.2994,40.0,35.0,45.0,45.0,50.0,-0.9164,-1.5578,-0.5539,-0.4097,-0.081,40.0,50.0,39.9065,47.5464,False,False,False,45.0,43.7264,NOT ELITE
2019,592332,Kevin Gausman,False,False,False,VS_PHI,PARTIAL,SP,61.5,9,104,56,24,0.5876,False,True,93.5106,16.3119,2286.3558,6.2635,-11.6135,0.1071,-6.1981,0.635,94.6568,16.3119,2344.154,0.1604,-0.8426,45.0,55.0,50.0,40.0,35.0,-0.365,0.2992,0.1476,-1.1042,-1.4704,50.0,40.0,50.2727,37.1269,False,False,False,45.0,43.6998,NOT ELITE
2023,450203,Charlie Morton,False,False,False,FILE,COMPLETE,SP,98.5,30,898,383,155,0.316,False,True,94.862,10.9143,2307.569,6.1518,-13.2386,0.2245,-1.2941,0.4255,95.3533,10.9143,2332.3397,0.2231,-0.7662,50.0,30.0,50.0,50.0,35.0,-0.0329,-2.1434,0.0603,0.1463,-1.2748,45.0,45.0,42.9468,44.3574,False,False,False,45.0,43.6521,NOT ELITE
2018,594902,Ben Lively,False,False,True,PHI,COMPLETE,SP,91.0,7,210,88,41,0.4884,False,True,90.9495,16.9611,2053.3619,6.6848,-6.3474,0.1932,-1.5219,0.4699,92.2595,16.9611,2119.417,0.2011,-0.5224,35.0,55.0,35.0,45.0,45.0,-1.5082,0.593,-1.5124,-0.2926,-0.6512,40.0,45.0,41.9079,45.2811,False,False,False,45.0,43.5945,NOT ELITE
2018,475115,Tyson Ross,False,False,False,INCIDENTAL,PARTIAL,SP,84.0,15,118,46,25,0.4758,False,True,90.7068,11.9451,2508.6864,5.5644,-1.6708,0.0652,-0.6322,0.6105,92.0168,11.9451,2574.7415,0.1468,-0.3585,35.0,35.0,70.0,35.0,50.0,-1.624,-1.6769,1.8508,-1.3768,-0.232,45.0,45.0,45.1664,41.9563,False,False,False,45.0,43.5613,NOT ELITE
2025,685299,MLBAM 685299,False,False,False,INCIDENTAL,PARTIAL,UNK,,3,66,35,17,0.5841,True,False,92.2894,13.5855,2318.1385,6.2515,-10.9255,0.0857,0.5015,0.3222,92.4531,13.5855,2326.3953,0.1645,-0.281,35.0,40.0,50.0,40.0,50.0,-1.4159,-0.9346,0.0164,-1.0235,-0.0338,40.0,45.0,42.2198,44.7134,False,False,False,45.0,43.4666,NOT ELITE
2021,622608,Antonio Senzatela,False,False,False,FILE,COMPLETE,SP,88.5,28,1311,623,345,0.5451,False,True,94.5813,11.0487,2096.2382,6.2082,-4.9188,0.1413,0.54,0.3277,95.4001,11.0487,2137.5226,0.1472,0.1469,50.0,30.0,35.0,35.0,60.0,-0.0106,-2.0826,-1.3787,-1.3672,1.0606,40.0,50.0,38.4272,48.4669,False,False,False,45.0,43.4471,NOT ELITE
2020,592866,Trevor Williams,False,False,False,INCIDENTAL,PARTIAL,UNK,,9,65,36,15,0.4221,True,False,91.5169,13.488,2265.4923,6.8231,-4.0948,0.0833,1.1108,0.3749,92.4994,13.488,2315.0336,0.1627,-0.2472,35.0,40.0,50.0,40.0,50.0,-1.3938,-0.9787,-0.0675,-1.0591,0.0526,40.0,45.0,41.8666,44.9676,False,False,False,45.0,43.4171,NOT ELITE
2024,605513,Spencer Turnbull,False,False,True,PHI,COMPLETE,RP,49.0,17,319,154,87,0.3483,False,True,91.9611,9.6105,2499.4734,6.2248,-0.3773,0.1623,-0.0075,0.3935,92.2886,9.6105,2515.9871,0.176,-0.2556,35.0,25.0,65.0,40.0,50.0,-1.4943,-2.7334,1.4168,-0.7931,0.0311,40.0,45.0,40.6303,46.1898,False,False,False,45.0,43.4101,NOT ELITE
2025,621111,Walker Buehler,False,False,False,FILE,COMPLETE,SP,89.0,26,552,186,112,0.2522,False,True,93.9902,16.9083,2249.3967,6.521,-5.7128,0.1505,-1.6259,0.4499,94.154,16.9083,2257.6536,0.1652,-0.7665,45.0,55.0,45.0,40.0,35.0,-0.6048,0.5691,-0.4914,-1.0099,-1.2755,50.0,40.0,48.2431,38.5727,False,False,False,45.0,43.4079,NOT ELITE
2019,595191,Jerad Eickhoff,False,False,True,PHI,COMPLETE,SP,86.5,12,357,152,64,0.3662,False,True,89.4216,18.1022,2414.6246,6.3336,-9.0413,0.1382,-2.3409,0.4828,90.5678,18.1022,2472.4228,0.1585,-0.8273,25.0,60.0,60.0,40.0,35.0,-2.3149,1.1094,1.095,-1.1426,-1.4312,50.0,40.0,49.6316,37.1312,False,False,False,45.0,43.3814,NOT ELITE
2018,670950,Trevor Richards,False,True,False,VS_PHI,PARTIAL,SP,90.0,10,244,89,36,0.5508,False,True,90.691,17.3149,2080.2295,6.5029,-8.5751,0.1573,-0.9975,0.4667,92.001,17.3149,2146.2846,0.1791,-0.4516,35.0,60.0,35.0,45.0,45.0,-1.6315,0.7531,-1.314,-0.7324,-0.4702,45.0,45.0,42.6921,43.9871,False,False,False,45.0,43.3396,NOT ELITE
2022,621111,Walker Buehler,False,False,False,FILE,COMPLETE,SP,91.5,12,363,155,90,0.347,False,True,95.2063,16.8988,2266.6006,6.4843,-6.001,0.1355,-3.008,0.4175,95.8613,16.8988,2299.6281,0.1562,-1.001,50.0,55.0,50.0,40.0,30.0,0.2094,0.5648,-0.1813,-1.1875,-1.8754,50.0,35.0,51.9764,34.6856,False,False,False,45.0,43.331,NOT ELITE
2025,665795,Edward Cabrera,False,False,False,INCIDENTAL,PARTIAL,SP,74.5,21,58,36,37,0.1391,True,False,97.0724,14.5821,2335.569,6.4879,-10.7938,0.0833,-14.2397,0.6211,97.2362,14.5821,2343.8258,0.1627,-1.0354,60.0,45.0,50.0,40.0,30.0,0.865,-0.4836,0.1452,-1.0591,-1.9634,50.0,35.0,51.7553,34.8873,False,False,False,45.0,43.3213,NOT ELITE
2021,502043,Kyle Gibson,False,False,True,PHI,COMPLETE,SP,99.5,15,160,66,32,0.1345,False,True,92.535,15.9142,2284.8875,6.6919,-5.2928,0.0909,-2.1206,0.4139,93.3538,15.9142,2326.1719,0.1473,-0.5592,40.0,50.0,50.0,35.0,45.0,-0.9864,0.1193,0.0148,-1.3662,-0.7454,45.0,40.0,47.1587,39.4421,False,False,False,45.0,43.3004,NOT ELITE
2022,623167,Chris Flexen,False,False,False,INCIDENTAL,PARTIAL,SP,91.0,14,87,40,14,0.358,True,False,91.5494,18.6359,2123.4253,5.9609,-2.5297,0.05,-1.269,0.4635,92.2044,18.6359,2156.4528,0.1455,-0.3985,35.0,65.0,40.0,35.0,45.0,-1.5345,1.3509,-1.2389,-1.4016,-0.3345,45.0,40.0,45.2584,41.3198,False,False,False,45.0,43.2891,NOT ELITE
2019,592351,Jon Gray,False,False,False,VS_PHI,PARTIAL,SP,97.5,5,97,42,14,0.4369,True,False,95.9835,11.6907,2006.9794,6.032,-11.0375,0.1429,-0.1268,0.4045,97.1298,11.6907,2064.7776,0.1833,-0.3121,60.0,30.0,30.0,45.0,50.0,0.8143,-1.792,-1.916,-0.6478,-0.1133,40.0,50.0,40.3541,46.1944,False,False,False,45.0,43.2743,NOT ELITE
2019,623149,Paul Sewald,False,False,False,VS_PHI,PARTIAL,RP,6.0,6,52,27,9,0.6933,True,False,90.0769,14.9123,2327.25,6.2942,-11.4946,0.037,-1.2154,0.3804,91.2232,14.9123,2385.0482,0.1562,-0.3693,30.0,45.0,55.0,40.0,45.0,-2.0024,-0.3341,0.4496,-1.1877,-0.2596,45.0,45.0,43.7102,42.7638,False,False,False,45.0,43.237,NOT ELITE
2025,681343,MLBAM 681343,False,False,False,INCIDENTAL,PARTIAL,UNK,,28,151,132,117,0.4734,False,True,95.7437,14.0162,2285.0067,6.7623,-7.0927,0.0455,0.7285,0.3857,95.9075,14.0162,2293.2636,0.0956,-0.1994,50.0,45.0,50.0,25.0,50.0,0.2314,-0.7397,-0.2283,-2.3964,0.175,50.0,40.0,47.5446,38.8927,False,False,False,45.0,43.2187,NOT ELITE
2022,675921,Spencer Howard,False,False,False,FILE,COMPLETE,SP,74.0,10,348,175,66,0.5029,False,True,94.3658,16.4679,2143.9023,6.4971,-7.5724,0.1257,-1.3115,0.3868,95.0208,16.4679,2176.9298,0.1471,-0.5676,50.0,55.0,40.0,35.0,40.0,-0.1914,0.3698,-1.0876,-1.3708,-0.7668,50.0,40.0,46.9693,39.3119,False,False,False,45.0,43.1406,NOT ELITE
2024,592836,Taijuan Walker,False,True,True,PHI,COMPLETE,SP,79.0,19,181,56,32,0.1261,False,True,91.4884,16.9551,2064.9576,5.9812,-9.2678,0.2321,-2.4818,0.4515,91.8159,16.9551,2081.4713,0.2229,-0.6368,35.0,55.0,30.0,50.0,40.0,-1.7198,0.5903,-1.7927,0.1407,-0.944,40.0,45.0,40.2594,45.9836,False,False,False,45.0,43.1215,NOT ELITE
2023,622608,Antonio Senzatela,False,False,False,FILE,COMPLETE,SP,60.0,2,66,34,17,0.55,True,False,93.9955,13.9255,2099.9848,6.1636,-7.3745,0.1765,-3.5818,0.5152,94.4867,13.9255,2124.7555,0.1996,-0.5154,45.0,40.0,35.0,45.0,45.0,-0.4461,-0.7807,-1.473,-0.3233,-0.6334,40.0,45.0,41.0005,45.2163,False,False,False,45.0,43.1084,NOT ELITE
2024,621111,Walker Buehler,False,False,False,FILE,COMPLETE,SP,84.5,16,386,160,90,0.2889,False,True,95.0337,16.6641,2279.158,6.4938,-4.2721,0.1688,-3.3886,0.451,95.3612,16.6641,2295.6718,0.1804,-1.1324,50.0,55.0,50.0,45.0,30.0,-0.0291,0.4586,-0.2105,-0.706,-2.2114,50.0,40.0,50.7299,35.4127,False,False,False,45.0,43.0713,NOT ELITE
2025,605400,Aaron Nola,False,True,True,PHI,COMPLETE,SP,95.0,17,475,202,96,0.3029,False,True,91.8621,14.8469,2317.1389,6.9074,-12.8274,0.1386,-0.4396,0.3654,92.0259,14.8469,2325.3958,0.1549,-0.3625,35.0,45.0,50.0,40.0,50.0,-1.6196,-0.3637,0.009,-1.214,-0.2422,45.0,45.0,43.4188,42.7189,False,False,False,45.0,43.0688,NOT ELITE
2019,660853,Enyel De Los Santos,False,False,True,PHI,COMPLETE,RP,31.0,5,103,45,15,0.5852,False,True,93.2738,11.7577,2130.0971,5.7019,-13.8186,0.2,-1.635,0.4023,94.4201,11.7577,2187.8953,0.2075,-0.442,45.0,30.0,40.0,50.0,45.0,-0.4779,-1.7617,-1.0066,-0.1647,-0.4457,40.0,50.0,39.1791,46.9479,False,False,False,45.0,43.0635,NOT ELITE
2023,670912,Johan Oviedo,False,False,False,VS_PHI,PARTIAL,SP,91.0,4,57,31,15,0.3931,True,False,94.3596,11.1768,2222.8772,7.0088,-9.2884,0.1935,-4.4789,0.5429,94.8509,11.1768,2247.6478,0.2065,-0.5361,45.0,30.0,45.0,50.0,45.0,-0.2725,-2.0246,-0.5653,-0.1863,-0.6862,40.0,50.0,40.459,45.6376,False,False,False,45.0,43.0483,NOT ELITE
2020,453284,Blake Parker,False,False,True,PHI,COMPLETE,RP,23.5,14,130,45,16,0.4127,False,True,90.5938,16.9874,1998.7846,6.8008,-2.8597,0.1778,-0.83,0.4321,91.5764,16.9874,2048.3259,0.1977,-0.3824,30.0,55.0,30.0,45.0,45.0,-1.834,0.6049,-2.0375,-0.3619,-0.2931,40.0,45.0,39.1112,46.7252,False,False,False,45.0,42.9182,NOT ELITE
2022,502179,Paolo Espino,False,False,False,VS_PHI,PARTIAL,SP,76.5,12,152,60,28,0.4919,False,True,88.1171,18.9379,2226.7171,6.5092,-1.9508,0.15,-2.427,0.3981,88.7721,18.9379,2259.7446,0.1807,-0.5868,20.0,65.0,45.0,45.0,40.0,-3.1713,1.4876,-0.4759,-0.6993,-0.816,45.0,45.0,43.3722,42.4239,False,False,False,45.0,42.8981,NOT ELITE
2018,527054,Julio Teheran,False,False,False,VS_PHI,PARTIAL,SP,91.5,13,169,62,28,0.3781,False,True,89.6065,14.1614,2287.7692,6.0621,-7.2263,0.1613,-1.5083,0.4174,90.9165,14.1614,2353.8243,0.1861,-0.4878,30.0,45.0,50.0,45.0,45.0,-2.1487,-0.674,0.219,-0.5915,-0.5628,40.0,45.0,41.3213,44.2286,False,False,False,45.0,42.775,NOT ELITE
2023,605218,Carl Edwards,False,False,False,INCIDENTAL,PARTIAL,RP,20.0,23,53,44,40,0.631,True,False,93.6679,14.9253,2549.2115,6.7943,2.6921,0.0455,-15.6604,0.4347,94.1592,14.9253,2573.9822,0.1397,-1.0436,45.0,45.0,70.0,35.0,30.0,-0.6023,-0.3283,1.8452,-1.5175,-1.9843,55.0,35.0,53.0487,32.491,False,False,False,45.0,42.7698,NOT ELITE
2024,675921,Spencer Howard,False,False,False,VS_PHI,PARTIAL,RP,49.0,8,55,42,33,0.534,True,False,94.1273,16.3309,2112.5455,6.7,-8.6902,0.0714,-3.7182,0.4758,94.4548,16.3309,2129.0592,0.1527,-0.4924,45.0,55.0,35.0,35.0,45.0,-0.4614,0.3078,-1.4412,-1.2575,-0.5745,45.0,40.0,44.6842,40.8401,False,False,False,45.0,42.7621,NOT ELITE
2019,596001,Jakob Junis,False,False,False,INCIDENTAL,PARTIAL,SP,96.0,12,86,39,14,0.3755,True,False,92.114,14.7126,2114.0698,5.9186,-6.3335,0.1538,-2.9209,0.5577,93.2602,14.7126,2171.868,0.1891,-0.5193,40.0,45.0,40.0,45.0,45.0,-1.031,-0.4245,-1.125,-0.5325,-0.6433,40.0,45.0,41.3981,44.1211,False,False,False,45.0,42.7596,NOT ELITE
2021,661440,Mauricio Llovera,False,False,True,PHI,COMPLETE,RP,24.0,6,80,40,14,0.5517,True,False,94.4162,13.359,1980.075,6.225,-7.3485,0.175,-1.1188,0.3096,95.235,13.359,2021.3594,0.1975,-0.383,50.0,40.0,30.0,45.0,45.0,-0.0893,-1.0371,-2.2367,-0.3643,-0.2947,40.0,45.0,38.7897,46.7052,False,False,False,45.0,42.7475,NOT ELITE
2019,641154,Pablo Lopez,False,False,False,VS_PHI,PARTIAL,SP,90.0,8,101,60,25,0.4262,False,True,93.5693,12.0713,2071.802,6.7822,-10.1525,0.1667,-0.1475,0.3386,94.7156,12.0713,2129.6002,0.1893,-0.3132,45.0,35.0,35.0,45.0,50.0,-0.337,-1.6198,-1.4372,-0.5276,-0.1162,40.0,50.0,38.6866,46.7811,False,False,False,45.0,42.7339,NOT ELITE
2022,592866,Trevor Williams,False,False,False,VS_PHI,PARTIAL,RP,49.5,13,78,42,21,0.4906,True,False,91.2731,12.6369,2274.4103,6.6756,-6.5523,0.0952,1.9962,0.424,91.9281,12.6369,2307.4378,0.1629,-0.1725,35.0,35.0,50.0,40.0,50.0,-1.6663,-1.3638,-0.1236,-1.0543,0.2436,40.0,45.0,39.4876,45.9465,False,False,False,45.0,42.717,NOT ELITE
2024,622608,Antonio Senzatela,False,False,False,FILE,COMPLETE,SP,73.0,3,125,55,31,0.5734,False,True,94.6576,11.1082,2186.776,6.0464,-3.4963,0.1818,-1.5568,0.4972,94.9851,11.1082,2203.2898,0.1979,-0.4557,50.0,30.0,40.0,45.0,45.0,-0.2085,-2.0557,-0.8929,-0.3577,-0.4806,40.0,45.0,39.4766,45.8086,False,False,False,45.0,42.6426,NOT ELITE
2018,571800,Drew Hutchison,False,False,True,PHI,COMPLETE,RP,31.0,13,179,68,27,0.4566,False,True,90.4832,13.1705,2154.933,5.6922,-4.0197,0.1765,-0.1911,0.4446,91.7933,13.1705,2220.988,0.1933,-0.3091,35.0,40.0,40.0,45.0,50.0,-1.7306,-1.1224,-0.7622,-0.4496,-0.1058,40.0,50.0,37.9496,47.2228,False,False,False,45.0,42.5862,NOT ELITE
2019,501381,Michael Pineda,False,False,False,VS_PHI,PARTIAL,SP,80.0,7,80,39,15,0.5755,True,False,92.7462,13.9485,2020.65,6.065,-6.264,0.1282,0.3737,0.3799,93.8925,13.9485,2078.4482,0.1786,-0.2804,45.0,40.0,30.0,45.0,50.0,-0.7295,-0.7703,-1.815,-0.7422,-0.0322,40.0,50.0,38.9506,46.1282,False,False,False,45.0,42.5394,NOT ELITE
2022,669467,Andre Pallante,False,False,False,FILE,COMPLETE,RP,26.0,47,932,439,255,0.5317,False,True,95.2222,8.9874,2222.1379,6.5577,-3.536,0.1253,0.4927,0.3081,95.8772,8.9874,2255.1655,0.1353,0.0511,50.0,20.0,45.0,35.0,60.0,0.217,-3.0154,-0.5097,-1.6052,0.8157,40.0,50.0,39.0241,46.0524,False,False,False,45.0,42.5382,NOT ELITE
2019,656546,Jeff Hoffman,False,False,False,FILE,COMPLETE,SP,87.0,15,738,358,133,0.5876,False,True,93.6673,13.746,2452.7263,6.1275,-11.5372,0.1564,-2.2547,0.5085,94.8136,13.746,2510.5245,0.1642,-1.109,45.0,40.0,65.0,40.0,30.0,-0.2902,-0.8619,1.3765,-1.0295,-2.1516,50.0,35.0,50.7477,34.0945,False,False,False,45.0,42.4211,NOT ELITE
2023,607179,Jordan Weems,False,False,False,INCIDENTAL,PARTIAL,RP,13.0,33,78,59,42,0.4699,True,False,96.4974,16.6815,2097.1026,6.4397,-7.4169,0.0847,-8.4231,0.6012,96.9887,16.6815,2121.8732,0.1476,-0.8722,55.0,55.0,35.0,35.0,35.0,0.747,0.4665,-1.4943,-1.3608,-1.5459,50.0,35.0,49.064,35.4663,False,False,False,45.0,42.2652,NOT ELITE
2018,571863,Matt Koch,False,False,False,VS_PHI,PARTIAL,SP,102.0,6,64,30,12,0.4238,True,False,91.6797,14.5725,2193.375,6.2547,-11.7769,0.0333,-2.0891,0.4518,92.9897,14.5725,2259.4301,0.1508,-0.4268,40.0,45.0,45.0,35.0,45.0,-1.16,-0.4879,-0.4782,-1.2962,-0.4068,45.0,40.0,42.9128,41.4849,False,False,False,45.0,42.1988,NOT ELITE
2018,641816,Tyler Mahle,False,False,False,INCIDENTAL,PARTIAL,SP,53.0,12,112,59,21,0.6474,False,True,92.475,14.76,2137.2523,6.3705,-11.0775,0.1695,-4.8875,0.4815,93.785,14.76,2203.3073,0.191,-0.7557,40.0,45.0,40.0,45.0,40.0,-0.7807,-0.4031,-0.8928,-0.4948,-1.248,40.0,45.0,43.078,41.2861,False,False,False,45.0,42.182,NOT ELITE
2024,641745,Brad Keller,False,True,False,FILE,COMPLETE,RP,40.5,16,280,137,86,0.3763,False,True,93.8032,13.6941,2241.7714,6.1129,0.8687,0.1314,-1.2036,0.329,94.1307,13.6941,2258.2852,0.1553,-0.5083,45.0,40.0,45.0,40.0,45.0,-0.6159,-0.8854,-0.4867,-1.2069,-0.6152,45.0,45.0,43.3734,40.8895,False,False,False,45.0,42.1314,NOT ELITE
2018,622608,Antonio Senzatela,False,False,False,FILE,COMPLETE,SP,82.0,23,976,416,258,0.6383,False,True,93.6195,11.8103,2087.3248,6.359,-4.3903,0.125,0.2869,0.3541,94.9295,11.8103,2153.3799,0.1355,-0.037,50.0,35.0,35.0,35.0,55.0,-0.235,-1.7379,-1.2616,-1.6005,0.5903,40.0,45.0,39.2185,44.9493,False,False,False,45.0,42.0839,NOT ELITE
2021,571656,Buck Farmer,False,False,False,INCIDENTAL,PARTIAL,UNK,,22,61,44,35,0.5,True,False,93.9967,15.1357,2274.7377,6.0098,-10.9987,0.0682,-10.1082,0.5282,94.8155,15.1357,2316.0221,0.1497,-0.8498,45.0,50.0,50.0,35.0,35.0,-0.2893,-0.233,-0.0602,-1.3183,-1.4888,50.0,35.0,48.058,35.9645,False,False,False,45.0,42.0112,NOT ELITE
2018,605452,Joe Ross,False,False,False,FILE,COMPLETE,SP,81.0,3,76,39,15,0.304,True,False,93.225,14.3921,2102.7895,6.3171,-8.1711,0.0769,-3.0855,0.3763,94.535,14.3921,2168.8445,0.1576,-0.5093,45.0,45.0,40.0,40.0,45.0,-0.4231,-0.5696,-1.1473,-1.1614,-0.6179,45.0,45.0,42.8667,41.1035,False,False,False,45.0,41.9851,NOT ELITE
2023,686294,Amos Willingham,False,False,False,INCIDENTAL,PARTIAL,RP,26.5,14,63,54,40,0.5676,True,False,95.8365,17.0038,2247.6032,6.5556,-8.6133,0.0185,-11.5492,0.5658,96.3278,17.0038,2272.3738,0.1179,-0.9452,55.0,55.0,45.0,30.0,35.0,0.4318,0.6123,-0.3826,-1.9515,-1.7326,50.0,35.0,52.2051,31.5795,False,False,False,45.0,41.8923,NOT ELITE
2023,657756,MLBAM 657756,False,False,False,INCIDENTAL,PARTIAL,UNK,,7,51,25,11,0.6892,True,False,93.0059,13.4188,2126.1765,6.1157,-10.8329,0.08,-1.1059,0.4366,93.4971,13.4188,2150.9471,0.1724,-0.3636,40.0,40.0,35.0,40.0,50.0,-0.918,-1.01,-1.2795,-0.865,-0.2451,40.0,45.0,39.3081,44.4495,False,False,False,45.0,41.8788,NOT ELITE
2025,663436,Davis Martin,False,False,False,INCIDENTAL,PARTIAL,SP,94.0,23,108,87,68,0.3186,False,True,94.1074,14.9411,2424.2593,6.4944,-6.6222,0.092,-6.9417,0.4779,94.2712,14.9411,2432.5161,0.1396,-0.928,45.0,45.0,60.0,35.0,35.0,-0.5489,-0.3211,0.8003,-1.5184,-1.6888,50.0,35.0,49.7674,33.9641,False,False,False,45.0,41.8658,NOT ELITE
2018,456701,Homer Bailey,False,False,False,VS_PHI,PARTIAL,SP,93.0,8,69,33,11,0.3898,True,False,92.2275,14.7443,2086.5942,6.329,-8.9687,0.0909,-3.1681,0.5168,93.5376,14.7443,2152.6493,0.1682,-0.4986,40.0,45.0,35.0,40.0,45.0,-0.8988,-0.4102,-1.267,-0.9499,-0.5905,40.0,45.0,41.4138,42.298,False,False,False,45.0,41.8559,NOT ELITE
2025,657277,Logan Webb,False,False,False,TEAM,COMPLETE,SP,97.0,9,51,25,15,0.0633,True,False,93.0314,10.8988,2119.902,6.8392,-8.9624,0.16,2.9588,0.099,93.1951,10.8988,2128.1588,0.1971,-0.1809,40.0,30.0,35.0,45.0,50.0,-1.0621,-2.1504,-1.4479,-0.3734,0.2222,35.0,50.0,34.4657,49.2443,False,False,False,45.0,41.855,NOT ELITE
2022,660730,MLBAM 660730,False,False,False,INCIDENTAL,PARTIAL,UNK,,7,50,37,33,0.5435,True,False,93.21,18.4656,2432.14,6.5,-9.1704,0.0541,-27.81,0.7195,93.865,18.4656,2465.1675,0.1502,-1.5408,45.0,65.0,60.0,35.0,20.0,-0.7426,1.2738,1.0414,-1.3081,-3.256,55.0,30.0,55.2423,28.4596,False,False,False,45.0,41.8509,NOT ELITE
2025,673929,MLBAM 673929,False,False,False,INCIDENTAL,PARTIAL,RP,27.0,45,76,67,62,0.6333,True,False,96.0237,19.2347,2398.5132,6.9855,-4.14,0.0299,-19.5066,0.4806,96.1874,19.2347,2406.77,0.1136,-1.5856,55.0,65.0,55.0,30.0,20.0,0.3649,1.6219,0.6101,-2.0378,-3.3706,60.0,25.0,58.6563,24.8109,True,False,False,45.0,41.7336,SHAPE-ONLY
2022,608566,German Marquez,False,False,False,VS_PHI,PARTIAL,SP,85.0,14,96,42,18,0.3057,True,False,94.8406,13.6162,2112.4688,5.4469,-8.8538,0.0952,-3.5,0.4767,95.4956,13.6162,2145.4963,0.1629,-0.5867,50.0,40.0,35.0,40.0,40.0,0.035,-0.9207,-1.3198,-1.0543,-0.8159,40.0,40.0,42.6485,40.6494,False,False,False,40.0,41.6489,NOT ELITE
2025,686563,MLBAM 686563,False,False,False,INCIDENTAL,PARTIAL,SP,87.0,15,50,45,39,0.1953,True,False,93.818,15.0312,2292.2,6.24,-9.5832,0.0889,-12.112,0.3771,93.9818,15.0312,2300.4569,0.1581,-0.8484,45.0,45.0,50.0,40.0,35.0,-0.6869,-0.2803,-0.1752,-1.1506,-1.4851,45.0,40.0,46.1918,36.8215,False,False,False,45.0,41.5066,NOT ELITE
2024,806185,Hayden Birdsong,False,False,False,INCIDENTAL,PARTIAL,UNK,,15,61,61,60,0.5865,True,False,95.7033,16.019,2289.0984,6.4967,-9.3462,0.0,-9.259,0.5244,96.0308,16.019,2305.6121,0.1023,-0.8046,55.0,50.0,50.0,25.0,35.0,0.2902,0.1667,-0.1371,-2.2623,-1.373,50.0,30.0,51.0659,31.8234,False,False,False,40.0,41.4446,NOT ELITE
2025,571945,Miles Mikolas,False,False,False,FILE,COMPLETE,SP,81.0,5,79,45,18,0.2476,True,False,92.5797,14.9104,2168.9747,6.2392,-8.1342,0.1111,-3.3013,0.4857,92.7435,14.9104,2177.2316,0.168,-0.5306,35.0,45.0,40.0,40.0,45.0,-1.2774,-0.335,-1.0854,-0.9534,-0.6724,40.0,45.0,41.0072,41.8709,False,False,False,45.0,41.4391,NOT ELITE
2022,666159,Matt Manning,False,False,False,INCIDENTAL,PARTIAL,UNK,,12,76,60,56,0.5278,True,False,93.0079,16.3247,2050.9868,6.9421,-2.6858,0.0,2.6789,0.3708,93.6629,16.3247,2084.0144,0.1032,-0.1315,40.0,55.0,30.0,30.0,55.0,-0.839,0.305,-1.7739,-2.2447,0.3485,40.0,45.0,42.307,40.5187,False,False,False,45.0,41.4129,NOT ELITE
2023,680686,Josiah Gray,False,False,False,VS_PHI,PARTIAL,SP,94.0,22,111,73,41,0.185,False,True,93.6432,15.267,2144.2342,5.7991,-11.267,0.137,-5.0919,0.4745,94.1345,15.267,2169.0049,0.1703,-0.7712,45.0,50.0,40.0,40.0,35.0,-0.6141,-0.1736,-1.1462,-0.9077,-1.2878,45.0,40.0,43.5538,39.0228,False,False,False,45.0,41.2883,NOT ELITE
2022,689225,MLBAM 689225,False,False,False,INCIDENTAL,PARTIAL,UNK,,15,99,74,70,0.4877,True,False,94.1859,17.6121,2366.1818,5.8242,-7.5103,0.0135,-8.7677,0.622,94.8409,17.6121,2399.2094,0.0998,-1.0351,45.0,60.0,55.0,25.0,30.0,-0.2772,0.8876,0.5542,-2.3129,-1.9627,55.0,30.0,53.8821,28.6221,False,False,False,45.0,41.2521,NOT ELITE
2025,615698,Cal Quantrill,False,False,False,INCIDENTAL,PARTIAL,SP,75.5,18,132,72,42,0.1748,False,True,93.2106,16.35,2097.2803,6.3795,-10.63,0.1528,-4.4583,0.473,93.3744,16.35,2105.5372,0.1794,-0.7771,40.0,55.0,35.0,45.0,35.0,-0.9766,0.3165,-1.615,-0.7255,-1.3027,45.0,40.0,42.4164,39.8588,False,False,False,45.0,41.1376,NOT ELITE
2024,665795,Edward Cabrera,False,False,False,VS_PHI,PARTIAL,SP,89.5,18,92,63,49,0.3036,True,False,96.4957,15.9104,2252.6413,6.6815,-9.9039,0.0476,-9.6185,0.5398,96.8232,15.9104,2269.1551,0.1258,-1.0557,55.0,50.0,45.0,30.0,30.0,0.6681,0.1175,-0.4064,-1.7944,-2.0152,50.0,30.0,51.264,30.9521,False,False,False,40.0,41.1081,NOT ELITE
2022,682051,MLBAM 682051,False,False,False,INCIDENTAL,PARTIAL,UNK,,17,51,45,41,0.4215,True,False,92.2667,16.4047,2160.9804,6.4863,-9.8047,0.0222,-4.7373,0.5487,92.9217,16.4047,2194.0079,0.1284,-0.5268,40.0,55.0,40.0,35.0,45.0,-1.1925,0.3412,-0.9615,-1.7422,-0.6626,45.0,40.0,43.9576,37.976,False,False,False,45.0,40.9668,NOT ELITE
2022,676265,Cory Abbott,False,False,False,VS_PHI,PARTIAL,RP,9.5,7,68,32,18,0.5397,True,False,91.4706,16.3076,2165.0441,6.2676,-11.4194,0.0938,-7.8676,0.4732,92.1256,16.3076,2198.0717,0.1701,-0.7738,35.0,55.0,40.0,40.0,35.0,-1.5721,0.2973,-0.9315,-0.9119,-1.2943,45.0,40.0,42.6459,38.969,False,False,False,45.0,40.8074,NOT ELITE
2023,641745,Brad Keller,False,True,False,FILE,COMPLETE,SP,93.0,11,274,79,57,0.3117,False,True,93.3015,11.9689,2312.7482,6.1328,2.082,0.1646,-2.9358,0.4581,93.7927,11.9689,2337.5188,0.1849,-0.8548,40.0,35.0,50.0,45.0,35.0,-0.7771,-1.6661,0.0986,-0.6157,-1.5016,40.0,40.0,42.1845,39.4134,False,False,False,40.0,40.799,NOT ELITE
2025,680732,Sean Burke,False,False,False,INCIDENTAL,PARTIAL,UNK,,28,128,108,102,0.4076,False,True,94.275,18.0516,2543.4453,7.075,-5.2322,0.037,-10.5102,0.4837,94.4388,18.0516,2551.7022,0.0974,-1.4043,45.0,60.0,65.0,25.0,20.0,-0.469,1.0865,1.6806,-2.3606,-2.9069,55.0,25.0,57.6603,23.6622,False,False,False,40.0,40.6613,NOT ELITE
2019,527054,Julio Teheran,False,False,False,VS_PHI,PARTIAL,SP,88.0,16,157,58,24,0.3783,False,True,89.8764,12.4448,2422.2866,6.1752,-7.625,0.1552,-4.6382,0.7229,91.0227,12.4448,2480.0848,0.1839,-0.874,30.0,35.0,60.0,45.0,35.0,-2.098,-1.4508,1.1516,-0.6361,-1.5507,40.0,40.0,42.0094,39.0661,False,False,False,40.0,40.5378,NOT ELITE
2023,672851,Joan Adon,False,False,False,INCIDENTAL,PARTIAL,SP,74.0,11,65,43,39,0.3611,True,False,94.5431,13.68,2240.4154,6.1923,-9.1846,0.0,-5.4092,0.4774,95.0343,13.68,2265.186,0.1209,-0.6162,50.0,40.0,45.0,30.0,40.0,-0.185,-0.8918,-0.4357,-1.8917,-0.8911,45.0,35.0,44.9583,36.0858,False,False,False,40.0,40.5221,NOT ELITE
2023,502624,Chase Anderson,False,False,False,FILE,COMPLETE,SP,85.0,19,452,196,82,0.3124,False,True,93.292,13.4395,2201.3571,5.9286,-6.9045,0.1735,-2.1456,0.4374,93.7833,13.4395,2226.1278,0.1824,-0.8635,40.0,40.0,45.0,45.0,35.0,-0.7816,-1.0007,-0.7242,-0.666,-1.5236,40.0,40.0,41.6452,39.0516,False,False,False,40.0,40.3484,NOT ELITE
2019,456701,Homer Bailey,False,False,False,INCIDENTAL,PARTIAL,SP,86.0,13,120,54,22,0.4332,False,True,92.4067,14.4061,2064.9664,6.4975,-7.795,0.0926,-2.3817,0.5597,93.553,14.4061,2122.7646,0.1543,-0.5333,40.0,45.0,35.0,40.0,45.0,-0.8914,-0.5632,-1.4877,-1.2272,-0.6793,40.0,45.0,40.1922,40.4677,False,False,False,45.0,40.3299,NOT ELITE
2018,622097,Jake Thompson,False,False,True,PHI,COMPLETE,RP,39.0,7,69,32,15,0.2413,True,False,90.6449,13.6574,2131.971,6.2652,-3.8939,0.0938,-3.4565,0.3793,91.9549,13.6574,2198.0261,0.1701,-0.5159,35.0,40.0,40.0,40.0,45.0,-1.6535,-0.902,-0.9318,-0.9119,-0.6347,40.0,45.0,38.3757,42.2674,False,False,False,45.0,40.3216,NOT ELITE
2024,592866,Trevor Williams,False,False,False,VS_PHI,PARTIAL,SP,87.0,5,77,39,25,0.3532,True,False,88.2753,10.2888,2185.8182,6.8052,-4.1875,0.1538,5.1104,0.1775,88.6028,10.2888,2202.332,0.1891,0.0322,20.0,25.0,40.0,45.0,60.0,-3.252,-2.4264,-0.9,-0.5325,0.7672,30.0,55.0,28.912,51.1736,False,False,False,45.0,40.0428,NOT ELITE
2021,571735,David Hale,False,False,True,PHI,COMPLETE,RP,29.0,17,216,99,40,0.4685,False,True,92.8347,13.135,2224.8465,6.6407,-9.3439,0.1616,-4.0264,0.5117,93.6535,13.135,2266.1309,0.1804,-0.9432,40.0,40.0,45.0,45.0,35.0,-0.8435,-1.1384,-0.4287,-0.7055,-1.7277,40.0,40.0,41.9645,37.834,False,False,False,40.0,39.8993,NOT ELITE
2020,622608,Antonio Senzatela,False,False,False,FILE,COMPLETE,SP,93.0,12,635,287,165,0.559,False,True,94.3405,10.6074,2140.2611,6.2392,-5.8768,0.1185,-0.3855,0.3641,95.323,10.6074,2189.8024,0.134,-0.3497,50.0,25.0,40.0,35.0,50.0,-0.0473,-2.2823,-0.9925,-1.6305,-0.2095,40.0,45.0,38.9263,40.8001,False,False,False,45.0,39.8632,NOT ELITE
2024,615698,Cal Quantrill,False,False,False,FILE,COMPLETE,SP,92.0,27,894,386,219,0.3383,False,True,93.8691,13.9203,2184.1633,6.5115,-10.4,0.1865,-1.9517,0.3907,94.1966,13.9203,2200.6771,0.19,-1.0624,45.0,40.0,40.0,45.0,30.0,-0.5845,-0.7831,-0.9122,-0.5153,-2.0324,40.0,40.0,42.4008,37.2619,False,False,False,40.0,39.8314,NOT ELITE
2025,645261,Sandy Alcantara,False,False,False,INCIDENTAL,PARTIAL,SP,89.0,25,173,110,75,0.1927,False,True,97.6,13.2257,2288.0347,6.0139,-14.4964,0.0727,-5.6965,0.4542,97.7638,13.2257,2296.2916,0.1203,-1.0677,60.0,40.0,50.0,30.0,30.0,1.1166,-1.0974,-0.206,-1.9039,-2.0459,50.0,30.0,49.3775,30.2507,False,False,False,40.0,39.8141,NOT ELITE
2024,670124,MLBAM 670124,False,False,False,VS_PHI,PARTIAL,SP,90.0,8,75,49,42,0.5172,True,False,93.6973,16.9744,2189.64,6.4173,-12.5312,0.102,-14.5987,0.5716,94.0248,16.9744,2206.1538,0.1616,-1.2524,45.0,55.0,40.0,40.0,25.0,-0.6664,0.599,-0.8718,-1.0809,-2.5184,45.0,35.0,46.8696,32.0033,False,False,False,40.0,39.4365,NOT ELITE
2023,640451,Hunter Harvey,False,False,False,INCIDENTAL,PARTIAL,RP,12.0,40,101,73,59,0.5872,False,True,98.0564,16.3687,2070.7327,6.233,-8.135,0.0137,-9.0584,0.5275,98.5477,16.3687,2095.5033,0.1006,-1.073,65.0,55.0,35.0,25.0,30.0,1.4905,0.3249,-1.6891,-2.2975,-2.0595,50.0,30.0,50.421,28.2152,False,False,False,40.0,39.3181,NOT ELITE
2022,676684,Will Vest,False,False,False,INCIDENTAL,PARTIAL,UNK,,40,83,66,56,0.6103,True,False,95.0578,15.4424,2088.747,6.1651,-9.1706,0.0758,-9.2578,0.528,95.7128,15.4424,2121.7745,0.1391,-0.9639,50.0,50.0,35.0,35.0,30.0,0.1386,-0.0943,-1.495,-1.5294,-1.7806,45.0,35.0,45.1644,33.4497,False,False,False,40.0,39.307,NOT ELITE
2023,676265,Cory Abbott,False,False,False,VS_PHI,PARTIAL,RP,37.0,18,80,53,42,0.4651,True,False,92.41,16.7685,2341.225,6.4525,-9.918,0.0566,-13.4662,0.534,92.9013,16.7685,2365.9957,0.1373,-1.2319,40.0,55.0,55.0,35.0,25.0,-1.2022,0.5058,0.3089,-1.5645,-2.466,50.0,30.0,48.7085,29.8477,False,False,False,40.0,39.2781,NOT ELITE
2018,592351,Jon Gray,False,False,False,VS_PHI,PARTIAL,SP,106.5,11,170,67,33,0.5199,False,True,95.1518,13.1146,2009.0059,6.3918,-8.4021,0.0597,-2.5735,0.4433,96.4618,13.1146,2075.061,0.1298,-0.6331,55.0,40.0,30.0,35.0,40.0,0.4957,-1.1477,-1.8401,-1.7139,-0.9344,40.0,40.0,41.6933,36.7586,False,False,False,40.0,39.2259,NOT ELITE
2021,592866,Trevor Williams,False,False,False,VS_PHI,PARTIAL,SP,74.0,6,71,39,15,0.542,True,False,91.0859,11.929,2220.2254,6.8268,-2.6315,0.1282,-5.9634,0.4903,91.9047,11.929,2261.5098,0.1786,-0.6751,35.0,35.0,45.0,45.0,40.0,-1.6774,-1.6842,-0.4629,-0.7422,-1.042,40.0,45.0,37.2517,41.0793,False,False,False,45.0,39.1655,NOT ELITE
2024,676974,Max Meyer,False,False,False,INCIDENTAL,PARTIAL,UNK,,11,51,47,47,0.5484,True,False,93.9471,15.6024,2384.0784,6.4373,-4.5035,0.0,-19.8765,0.5624,94.2746,15.6024,2400.5922,0.1162,-1.2073,45.0,50.0,55.0,30.0,25.0,-0.5473,-0.0219,0.5645,-1.9852,-2.4031,50.0,30.0,49.9843,28.0581,False,False,False,40.0,39.0212,NOT ELITE
2026,605400,Aaron Nola,False,True,True,PHI,COMPLETE,SP,93.0,31,673,274,138,0.2365,False,True,92.3092,14.5512,2356.5988,6.94,-12.8835,0.135,-2.0954,0.3875,92.3092,14.5512,2356.5988,0.1484,-1.0055,35.0,45.0,50.0,35.0,30.0,-1.4845,-0.4976,0.2395,-1.3441,-1.887,45.0,35.0,44.1914,33.8443,False,False,False,40.0,39.0179,NOT ELITE
2021,666159,Matt Manning,False,False,False,INCIDENTAL,PARTIAL,UNK,,18,71,62,60,0.3532,True,False,93.4352,16.9775,2043.8873,6.8915,-2.6332,0.0,-5.8873,0.4616,94.254,16.9775,2085.1717,0.1015,-0.6705,45.0,55.0,30.0,25.0,40.0,-0.5571,0.6004,-1.7654,-2.2796,-1.03,45.0,35.0,44.2597,33.4521,False,False,False,40.0,38.8559,NOT ELITE
2025,678368,Valente Bellozo,False,False,False,INCIDENTAL,PARTIAL,RP,27.0,24,104,68,57,0.2865,False,True,91.0846,17.2131,2167.6923,6.0337,-3.6508,0.0882,-6.4269,0.5283,91.2484,17.2131,2175.9492,0.1449,-0.8627,30.0,55.0,40.0,35.0,35.0,-1.9904,0.707,-1.0949,-1.4135,-1.5217,40.0,35.0,42.0725,35.3243,False,False,False,40.0,38.6984,NOT ELITE
2019,608379,Michael Wacha,False,False,False,INCIDENTAL,PARTIAL,RP,40.0,6,53,28,15,0.5521,True,False,92.7264,16.9109,2040.3396,6.6396,-7.0574,0.0357,-16.3925,0.7698,93.8727,16.9109,2098.1378,0.1544,-1.0777,45.0,55.0,35.0,40.0,30.0,-0.7389,0.5703,-1.6696,-1.2247,-2.0716,45.0,35.0,43.8725,33.5184,False,False,False,40.0,38.6954,NOT ELITE
2019,543193,Drew Gagnon,False,False,False,VS_PHI,PARTIAL,SP,97.0,5,77,44,20,0.7064,True,False,91.4273,13.0551,2023.2987,6.3208,-12.9506,0.1591,-6.1,0.4177,92.5735,13.0551,2081.0969,0.1896,-0.7116,35.0,40.0,30.0,45.0,40.0,-1.3585,-1.1746,-1.7955,-0.5217,-1.1351,35.0,45.0,35.5714,41.7163,False,False,False,40.0,38.6438,NOT ELITE
2021,663554,Casey Mize,False,False,False,INCIDENTAL,PARTIAL,UNK,,28,147,97,58,0.297,False,True,94.151,15.76,2177.0476,6.9401,-8.982,0.1237,-10.5503,0.5814,94.9698,15.76,2218.332,0.1567,-1.5497,50.0,50.0,40.0,40.0,20.0,-0.2158,0.0495,-0.7818,-1.1794,-3.2788,45.0,30.0,46.8397,29.103,False,False,False,40.0,37.9713,NOT ELITE
2025,622608,Antonio Senzatela,False,False,False,VS_PHI,PARTIAL,SP,88.0,9,211,94,68,0.5553,False,True,94.3611,12.1069,2205.5877,6.1502,-4.1989,0.0851,-3.1246,0.4222,94.5249,12.1069,2213.8446,0.1331,-0.7844,45.0,35.0,40.0,35.0,35.0,-0.4279,-1.6037,-0.8149,-1.6483,-1.3213,40.0,35.0,40.5115,35.1522,False,False,False,40.0,37.8319,NOT ELITE
2023,641712,Dakota Hudson,False,False,False,VS_PHI,PARTIAL,SP,85.5,6,60,27,11,0.2553,True,False,90.585,9.812,2193.0833,6.5083,-3.642,0.037,0.6333,0.4399,91.0763,9.812,2217.854,0.1562,-0.2782,30.0,25.0,40.0,40.0,50.0,-2.0725,-2.6422,-0.7853,-1.1877,-0.0266,30.0,45.0,31.6666,43.9285,False,False,False,40.0,37.7976,NOT ELITE
2025,676083,Janson Junk,False,False,False,INCIDENTAL,PARTIAL,SP,61.0,20,107,93,82,0.4297,False,True,93.6336,17.8856,2295.3458,6.5131,-2.8284,0.0215,-10.8794,0.4738,93.7974,17.8856,2303.6027,0.0938,-1.2769,40.0,60.0,50.0,25.0,25.0,-0.7748,1.0114,-0.152,-2.4327,-2.581,50.0,25.0,50.2819,24.9314,False,False,False,40.0,37.6067,NOT ELITE
2022,665621,Rony Garcia,False,False,False,INCIDENTAL,PARTIAL,UNK,,14,76,65,51,0.5033,True,False,92.8645,14.0889,2351.3158,6.2513,-10.2505,0.0615,-14.4789,0.6467,93.5195,14.0889,2384.3433,0.132,-1.2561,40.0,45.0,55.0,35.0,25.0,-0.9074,-0.7067,0.4444,-1.6712,-2.5278,45.0,30.0,46.101,29.0052,False,False,False,40.0,37.5531,NOT ELITE
2022,656412,Alex Faedo,False,False,False,INCIDENTAL,PARTIAL,UNK,,12,71,63,59,0.5338,True,False,92.5775,16.8811,2166.3803,5.9282,-11.0637,0.0635,-14.7746,0.5261,93.2325,16.8811,2199.4078,0.1342,-1.217,40.0,55.0,40.0,35.0,25.0,-1.0442,0.5568,-0.9216,-1.627,-2.4278,45.0,30.0,45.3033,29.7259,False,False,False,40.0,37.5146,NOT ELITE
2018,543193,Drew Gagnon,False,False,False,VS_PHI,PARTIAL,SP,56.5,4,77,37,14,0.6016,True,False,91.3221,11.7943,1928.3636,6.4779,-13.5506,0.0811,-0.8571,0.3504,92.6321,11.7943,1994.4187,0.1609,-0.3637,35.0,35.0,25.0,40.0,50.0,-1.3305,-1.7452,-2.4357,-1.0939,-0.2454,30.0,45.0,31.6286,43.3032,False,False,False,40.0,37.4659,NOT ELITE
2024,682610,Roddery Muñoz,False,False,False,INCIDENTAL,PARTIAL,SP,79.0,18,75,57,51,0.2863,True,False,95.6227,14.8576,2268.9733,6.0787,-10.4592,0.0175,-16.0107,0.5525,95.9502,14.8576,2285.4871,0.1148,-1.3438,55.0,45.0,45.0,30.0,20.0,0.2518,-0.3589,-0.2858,-2.0139,-2.7522,50.0,25.0,48.6903,26.1696,False,False,False,40.0,37.43,NOT ELITE
2019,622608,Antonio Senzatela,False,False,False,FILE,COMPLETE,SP,92.0,25,1385,612,345,0.6191,False,True,93.6861,11.0371,2101.9415,6.2194,-4.9933,0.1291,-0.9921,0.3825,94.8323,11.0371,2159.7397,0.1362,-0.7009,45.0,30.0,40.0,35.0,40.0,-0.2813,-2.0878,-1.2146,-1.5875,-1.1078,40.0,40.0,38.0544,36.5235,False,False,False,40.0,37.2889,NOT ELITE
2023,640448,Kyle Finnegan,False,False,False,INCIDENTAL,PARTIAL,RP,18.0,51,171,106,80,0.7095,False,True,97.3784,14.5663,1988.8772,6.7117,-11.0049,0.0755,-7.4772,0.5494,97.8696,14.5663,2013.6478,0.1233,-1.303,60.0,45.0,25.0,30.0,25.0,1.1671,-0.4907,-2.2937,-1.8447,-2.6478,45.0,30.0,44.609,27.5372,False,False,False,40.0,36.0731,NOT ELITE
2020,665621,Rony Garcia,False,False,False,INCIDENTAL,PARTIAL,UNK,,14,50,38,36,0.6757,True,False,93.208,11.1552,2283.04,5.828,-8.8464,0.0,-17.788,0.5631,94.1905,11.1552,2332.5813,0.1273,-1.0987,45.0,30.0,50.0,30.0,30.0,-0.5874,-2.0344,0.0621,-1.7636,-2.1254,40.0,30.0,41.4678,30.5548,False,False,False,35.0,36.0113,NOT ELITE
2022,622608,Antonio Senzatela,False,False,False,FILE,COMPLETE,SP,87.0,19,810,391,203,0.5325,False,True,94.2821,10.944,2132.729,6.0886,-3.287,0.1279,-1.7468,0.3762,94.9371,10.944,2165.7565,0.1386,-0.9353,50.0,30.0,40.0,35.0,35.0,-0.2313,-2.1299,-1.1701,-1.5386,-1.7073,40.0,35.0,38.2286,33.7705,False,False,False,40.0,35.9995,NOT ELITE
2021,503449,MLBAM 503449,False,False,False,INCIDENTAL,PARTIAL,UNK,,15,67,41,35,0.2769,True,False,93.7761,15.4478,1866.597,5.6612,-7.6155,0.0,-10.703,0.5137,94.5949,15.4478,1907.8814,0.1234,-0.9328,45.0,50.0,20.0,30.0,35.0,-0.3945,-0.0918,-3.0749,-1.8421,-1.7009,40.0,35.0,38.3787,32.2853,False,False,False,40.0,35.332,NOT ELITE
2022,571800,Drew Hutchison,False,False,False,INCIDENTAL,PARTIAL,UNK,,24,100,88,82,0.4167,False,True,92.558,16.9212,2245.3,5.991,-3.7344,0.0114,-13.209,0.5655,93.213,16.9212,2278.3275,0.0901,-1.4169,40.0,55.0,45.0,25.0,20.0,-1.0535,0.5749,-0.3386,-2.5062,-2.9392,45.0,25.0,47.2759,22.7733,False,False,False,35.0,35.0246,NOT ELITE
2024,592351,Jon Gray,False,False,False,INCIDENTAL,PARTIAL,SP,75.0,22,113,99,85,0.452,False,True,94.9912,13.1947,2032.1062,6.5717,-10.5812,0.0404,-8.6832,0.5495,95.3187,13.1947,2048.62,0.1031,-1.1176,50.0,40.0,30.0,30.0,30.0,-0.0494,-1.1114,-2.0354,-2.248,-2.1737,40.0,30.0,39.346,27.8918,False,False,False,35.0,33.6189,NOT ELITE
2024,678368,Valente Bellozo,False,False,False,INCIDENTAL,PARTIAL,SP,95.0,13,84,63,51,0.3871,True,False,89.2726,16.1557,2086.3929,6.0714,-5.2729,0.0476,-10.4131,0.484,89.6001,16.1557,2102.9066,0.1258,-1.0541,20.0,50.0,35.0,30.0,30.0,-2.7764,0.2285,-1.6344,-1.7944,-2.0114,35.0,30.0,36.0591,30.9713,False,False,False,35.0,33.5152,NOT ELITE
2021,595191,Jerad Eickhoff,False,False,False,FILE,COMPLETE,SP,76.0,5,173,95,52,0.4846,False,True,90.0254,15.8136,2057.0636,6.4006,-11.3965,0.0421,-5.6902,0.4926,90.8442,15.8136,2098.348,0.1058,-1.0668,30.0,50.0,35.0,30.0,30.0,-2.1832,0.0737,-1.6681,-2.1936,-2.0437,40.0,30.0,37.4084,28.8136,False,False,False,35.0,33.111,NOT ELITE
2024,543135,Nathan Eovaldi,False,False,False,INCIDENTAL,PARTIAL,UNK,,28,95,91,89,0.3846,True,False,95.2758,11.7335,2178.5579,6.5663,-13.9137,0.0,-18.2758,0.5298,95.6033,11.7335,2195.0717,0.0815,-1.7753,50.0,30.0,40.0,25.0,20.0,0.0863,-1.7727,-0.9536,-2.6784,-3.8558,40.0,25.0,41.2002,21.6082,False,False,False,35.0,31.4042,NOT ELITE
2023,592866,Trevor Williams,False,False,False,INCIDENTAL,PARTIAL,SP,97.5,30,324,234,150,0.4384,False,True,89.5262,11.2989,2208.7593,6.7235,-6.4563,0.0641,-9.7849,0.5728,90.0175,11.2989,2233.5299,0.093,-2.5053,25.0,30.0,45.0,25.0,20.0,-2.5774,-1.9693,-0.6695,-2.4481,-5.723,35.0,25.0,32.6124,22.7596,False,False,False,30.0,27.686,NOT ELITE
2022,501381,Michael Pineda,False,False,False,INCIDENTAL,PARTIAL,UNK,,11,83,74,68,0.7034,True,False,89.7675,13.9836,1937.8554,6.2301,-5.1455,0.0135,-16.4386,0.5923,90.4225,13.9836,1970.883,0.0998,-1.4748,25.0,40.0,25.0,25.0,20.0,-2.3843,-0.7544,-2.6096,-2.3129,-3.0873,30.0,25.0,30.8392,23.4355,False,False,False,30.0,27.1373,NOT ELITE
2018,448306,James Shields,False,False,False,INCIDENTAL,PARTIAL,UNK,,13,52,20,13,0.3333,True,False,89.9115,13.1308,2274.7692,6.8269,-7.1838,0.1,-2.65,0.5957,91.2216,13.1308,2340.8243,0.1837,-0.4349,30.0,40.0,50.0,,45.0,-2.0032,-1.1404,0.123,,-0.4276,40.0,,39.9314,,False,False,False,,,NOT GRADED
2018,453344,MLBAM 453344,False,False,False,VS_PHI,PARTIAL,RP,21.0,9,55,24,10,0.7333,True,False,97.6836,15.4953,2422.9818,6.1982,-11.0945,0.2917,-2.2018,0.5156,98.9937,15.4953,2489.0369,0.237,-0.4191,65.0,50.0,60.0,,45.0,1.7031,-0.0703,1.2178,,-0.3872,60.0,,59.5018,,True,False,False,,,SHAPE-ONLY
2018,458681,Lance Lynn,False,False,False,INCIDENTAL,PARTIAL,UNK,,9,50,21,1,0.4717,True,False,93.72,13.8288,2359.08,6.152,-5.1264,0.4286,3.212,0.272,95.03,13.8288,2425.1351,0.2722,-0.1725,50.0,40.0,55.0,,50.0,-0.187,-0.8245,0.7457,,0.2437,50.0,,49.1141,,False,False,False,,,NOT GRADED
2018,467100,Ivan Nova,False,False,False,INCIDENTAL,PARTIAL,SP,92.0,12,53,19,11,0.2236,True,False,92.5208,13.4581,2314.3774,5.8208,-14.8528,0.1579,-1.0906,0.6046,93.8308,13.4581,2380.4324,0.1995,-0.3642,40.0,40.0,55.0,,50.0,-0.7589,-0.9922,0.4155,,-0.2466,45.0,,45.548,,False,False,False,,,NOT GRADED
2018,502042,Chris Archer,False,False,False,INCIDENTAL,PARTIAL,SP,80.0,11,75,24,6,0.3488,True,False,94.3267,18.0368,2190.0667,5.9733,-5.8,0.2917,-2.3893,0.707,95.6367,18.0368,2256.1217,0.237,-0.462,50.0,60.0,45.0,,45.0,0.1023,1.0798,-0.5027,,-0.4969,50.0,,52.2646,,False,False,False,,,NOT GRADED
2018,518452,Chad Bettis,False,False,False,INCIDENTAL,PARTIAL,RP,33.0,8,51,20,8,0.3778,True,False,91.1961,12.7529,1861.2353,5.8,-4.8918,0.2,-0.2863,0.4868,92.5061,12.7529,1927.2904,0.21,-0.3267,35.0,35.0,20.0,,50.0,-1.3906,-1.3113,-2.9316,,-0.1509,30.0,,31.2216,,False,False,False,,,NOT GRADED
2018,518813,Greg Holland,False,False,False,VS_PHI,PARTIAL,RP,14.5,15,64,20,7,0.3787,True,False,93.2344,16.1175,2275.8594,6.0156,-0.7256,0.15,-0.9531,0.0721,94.5444,16.1175,2341.9144,0.1969,-0.3635,45.0,50.0,50.0,,50.0,-0.4186,0.2112,0.131,,-0.2448,50.0,,49.7455,,False,False,False,,,NOT GRADED
2018,520980,Pedro Baez,False,False,False,INCIDENTAL,PARTIAL,RP,21.0,11,51,24,3,0.4322,True,False,96.0157,17.6682,2250.5686,6.2078,-6.1506,0.2917,0.7784,0.4947,97.3257,17.6682,2316.6237,0.237,-0.2789,60.0,60.0,50.0,,50.0,0.9077,0.913,-0.0558,,-0.0284,55.0,,55.8832,,False,False,False,,,NOT GRADED
2018,542960,Brad Brach,False,False,False,INCIDENTAL,PARTIAL,RP,7.5,18,50,18,6,0.4132,True,False,94.174,15.1752,2273.32,5.66,-7.5408,0.1111,-2.556,0.3167,95.484,15.1752,2339.3751,0.1887,-0.4269,50.0,50.0,50.0,,45.0,0.0295,-0.2152,0.1123,,-0.407,50.0,,49.7552,,False,False,False,,,NOT GRADED
2018,543022,Tyler Chatwood,False,False,False,VS_PHI,PARTIAL,SP,54.0,6,56,22,9,0.366,True,False,93.875,14.475,2447.7143,6.0054,-2.9679,0.2727,-2.6696,0.4684,95.185,14.475,2513.7694,0.2303,-0.4437,50.0,45.0,65.0,,45.0,-0.1131,-0.532,1.4004,,-0.45,55.0,,52.5176,,False,False,False,,,NOT GRADED
2018,572143,MLBAM 572143,False,False,False,INCIDENTAL,PARTIAL,UNK,,6,52,18,5,0.7123,True,False,93.05,13.47,2030.4231,6.6596,-6.1315,0.2222,-5.1577,0.3132,94.36,13.47,2096.4782,0.2157,-0.5498,45.0,40.0,35.0,,45.0,-0.5065,-0.9868,-1.6819,,-0.7213,40.0,,39.4158,,False,False,False,,,NOT GRADED
2018,595191,Jerad Eickhoff,False,False,True,PHI,COMPLETE,RP,26.0,3,50,23,11,0.5102,True,False,91.124,17.7768,2261.58,6.352,-7.1952,0.2174,-2.6,0.5067,92.434,17.7768,2327.6351,0.2147,-0.4288,35.0,60.0,50.0,,45.0,-1.425,0.9621,0.0256,,-0.412,50.0,,48.5423,,False,False,False,,,NOT GRADED
2018,607188,Jake Faria,False,False,False,VS_PHI,PARTIAL,SP,78.0,4,53,16,5,0.5146,True,False,91.7472,18.8445,2113.9623,5.8925,-1.8951,0.1875,-0.0604,0.3202,93.0572,18.8445,2180.0173,0.2078,-0.3161,40.0,65.0,40.0,,50.0,-1.1278,1.4453,-1.0648,,-0.1237,50.0,,47.5089,,False,False,False,,,NOT GRADED
2018,607625,Seth Lugo,False,False,False,VS_PHI,PARTIAL,RP,27.0,13,50,23,5,0.2513,True,False,94.7571,16.6686,2217.3095,6.2095,-8.04,0.3043,2.53,0.2676,96.0672,16.6686,2283.3646,0.24,-0.2026,55.0,55.0,45.0,,50.0,0.3076,0.4606,-0.3014,,0.1668,50.0,,51.5558,,False,False,False,,,NOT GRADED
2018,608337,Lucas Giolito,False,False,False,INCIDENTAL,PARTIAL,UNK,,13,55,21,11,0.3022,True,False,92.0618,15.2378,2096.0,6.4491,-7.3615,0.1905,-5.1273,0.4729,93.3718,15.2378,2162.0551,0.2073,-0.5604,40.0,50.0,40.0,,45.0,-0.9778,-0.1868,-1.1975,,-0.7486,45.0,,42.1263,,False,False,False,,,NOT GRADED
2018,622694,Elieser Hernandez,False,False,False,INCIDENTAL,PARTIAL,RP,11.0,9,61,24,12,0.6489,True,False,91.1361,17.6951,2245.3934,6.259,-6.4682,0.25,3.741,0.1946,92.4461,17.6951,2311.4485,0.2245,-0.1118,35.0,60.0,50.0,,55.0,-1.4193,0.9252,-0.094,,0.399,50.0,,48.0397,,False,False,False,,,NOT GRADED
2019,425844,Zack Greinke,False,False,False,INCIDENTAL,PARTIAL,UNK,,10,51,19,11,0.505,True,False,90.4176,16.0,2332.0,5.8667,-2.1365,0.2632,1.8039,0.3982,91.5639,16.0,2389.7982,0.2261,-0.2328,30.0,50.0,55.0,,50.0,-1.8399,0.1581,0.4847,,0.0895,45.0,,46.0095,,False,False,False,,,NOT GRADED
2019,458681,Lance Lynn,False,False,False,INCIDENTAL,PARTIAL,UNK,,8,70,24,12,0.4516,True,False,94.3271,14.1086,2459.3857,6.2986,-5.6383,0.25,0.8229,0.4484,95.4734,14.1086,2517.1839,0.2245,-0.2588,50.0,45.0,65.0,,50.0,0.0244,-0.6979,1.4257,,0.023,55.0,,52.5073,,False,False,False,,,NOT GRADED
2019,467100,Ivan Nova,False,False,False,INCIDENTAL,PARTIAL,SP,78.0,14,67,22,7,0.2376,True,False,92.4955,11.4716,2257.0299,5.891,-11.8245,0.2273,0.9791,0.3694,93.6418,11.4716,2314.828,0.2175,-0.2525,40.0,30.0,50.0,,50.0,-0.8491,-1.8912,-0.069,,0.0391,40.0,,40.6358,,False,False,False,,,NOT GRADED
2019,572096,Trevor Rosenthal,False,False,False,VS_PHI,PARTIAL,RP,20.0,7,73,23,5,0.7684,True,False,98.4247,16.4729,2393.7397,5.7877,-7.1836,0.3043,-1.9,0.5967,99.5709,16.4729,2451.5379,0.24,-0.4278,70.0,55.0,60.0,,45.0,1.9784,0.3721,0.9408,,-0.4094,60.0,,60.9708,,True,False,False,,,SHAPE-ONLY
2019,596451,Roman Quinn,False,False,True,PHI,COMPLETE,RP,32.0,2,64,23,15,1.0,True,False,79.0,16.2994,2026.2812,4.7562,-6.2662,0.0435,-2.45,0.4686,80.1463,16.2994,2084.0794,0.1641,-0.447,20.0,55.0,30.0,,45.0,-7.2847,0.2935,-1.7734,,-0.4583,35.0,,35.067,,False,False,False,,,NOT GRADED
2019,621244,José Berríos,False,False,False,INCIDENTAL,PARTIAL,SP,98.0,13,51,24,9,0.2237,True,False,92.9549,14.6094,2192.7647,6.4804,-9.7906,0.0833,-6.3922,0.5838,94.1012,14.6094,2250.5629,0.1746,-0.6012,45.0,45.0,45.0,,40.0,-0.63,-0.4712,-0.5437,,-0.8528,45.0,,44.5169,,False,False,False,,,NOT GRADED
2019,668678,Zac Gallen,False,False,False,VS_PHI,PARTIAL,SP,85.0,5,62,23,7,0.4336,True,False,93.3726,18.0542,2373.8226,6.2855,-4.9703,0.3478,0.5403,0.284,94.5188,18.0542,2431.6208,0.2526,-0.2816,45.0,60.0,60.0,,50.0,-0.4308,1.0877,0.7936,,-0.0354,55.0,,54.835,,False,False,False,,,NOT GRADED
2021,543243,Sonny Gray,False,False,False,VS_PHI,PARTIAL,SP,87.0,6,58,24,8,0.1973,True,False,92.3121,15.571,2404.2069,6.5121,-1.6034,0.1667,1.1621,0.2044,93.1308,15.571,2445.4913,0.1995,-0.2529,40.0,50.0,60.0,,50.0,-1.0927,-0.0361,0.8961,,0.038,50.0,,49.2245,,False,False,False,,,NOT GRADED
2021,625643,Reynaldo Lopez,False,False,False,INCIDENTAL,PARTIAL,UNK,,7,57,17,5,0.6,True,False,95.5351,16.4,2226.9474,6.3281,-7.8211,0.2353,1.5684,0.3334,96.3539,16.4,2268.2318,0.2186,-0.2338,55.0,55.0,45.0,,50.0,0.4443,0.3391,-0.4132,,0.0868,50.0,,51.2338,,False,False,False,,,NOT GRADED
2021,641360,Phil Bickford,False,False,False,VS_PHI,PARTIAL,RP,20.5,6,58,20,6,0.6237,True,False,93.6603,16.9903,2330.6034,6.9034,-4.2807,0.3,2.7241,0.3305,94.4791,16.9903,2371.8879,0.2363,-0.1736,45.0,55.0,55.0,,50.0,-0.4498,0.6062,0.3524,,0.241,50.0,,51.6964,,False,False,False,,,NOT GRADED
2021,663372,Ryan Feltner,False,False,False,VS_PHI,PARTIAL,SP,81.0,1,50,19,5,0.6173,True,False,92.308,14.484,2244.14,6.48,-7.0056,0.3158,-0.14,0.3046,93.1268,14.484,2285.4244,0.2395,-0.3203,40.0,45.0,45.0,,50.0,-1.0947,-0.528,-0.2862,,-0.1344,45.0,,43.6372,,False,False,False,,,NOT GRADED
2021,664074,MLBAM 664074,False,False,False,VS_PHI,PARTIAL,RP,45.5,7,50,21,3,0.4032,True,False,93.442,15.9432,2230.06,7.124,-8.664,0.0,-0.58,0.372,94.2608,15.9432,2271.3444,0.1554,-0.3397,45.0,50.0,45.0,,50.0,-0.5539,0.1324,-0.3902,,-0.1841,45.0,,47.2942,,False,False,False,,,NOT GRADED
2021,664208,Phil Maton,False,False,False,INCIDENTAL,PARTIAL,UNK,,17,50,18,6,0.4673,True,False,91.352,12.8376,2476.36,7.076,0.9312,0.2222,0.524,0.2921,92.1708,12.8376,2517.6444,0.2157,-0.291,35.0,35.0,65.0,,50.0,-1.5505,-1.273,1.4291,,-0.0595,45.0,,45.3516,,False,False,False,,,NOT GRADED
2021,668820,Max Kranick,False,False,False,VS_PHI,PARTIAL,SP,90.0,3,56,23,9,0.5045,True,False,93.9571,18.8957,2145.1071,6.7661,-6.7307,0.2174,1.0018,0.239,94.7759,18.8957,2186.3916,0.2147,-0.2633,45.0,65.0,40.0,,50.0,-0.3082,1.4685,-1.0177,,0.0115,50.0,,50.4751,,False,False,False,,,NOT GRADED
2021,672715,MLBAM 672715,False,False,False,INCIDENTAL,PARTIAL,UNK,,5,61,23,11,0.604,True,False,95.3705,19.1213,2452.3934,6.6869,-3.9915,0.2609,-1.1,0.375,96.1893,19.1213,2493.6779,0.2273,-0.3698,55.0,65.0,65.0,,45.0,0.3658,1.5706,1.252,,-0.2609,60.0,,60.6279,,True,False,False,,,SHAPE-ONLY
2022,458681,Lance Lynn,False,False,False,INCIDENTAL,PARTIAL,UNK,,8,50,24,11,0.4545,True,False,92.888,12.5856,2450.62,6.346,-4.2048,0.25,3.348,0.2094,93.543,12.5856,2483.6475,0.2245,-0.1665,40.0,35.0,60.0,,55.0,-0.8962,-1.3871,1.1779,,0.2591,45.0,,46.3157,,False,False,False,,,NOT GRADED
2022,521230,Liam Hendriks,False,False,False,INCIDENTAL,PARTIAL,UNK,,17,51,19,12,0.5604,True,False,97.4863,18.4353,2383.451,7.0373,-6.0447,0.3158,-0.8765,0.3632,98.1413,18.4353,2416.4785,0.2395,-0.3533,65.0,65.0,55.0,,50.0,1.2966,1.2601,0.6818,,-0.2187,60.0,,60.7952,,True,False,False,,,SHAPE-ONLY
2022,543475,Jordan Lyles,False,False,False,INCIDENTAL,PARTIAL,UNK,,9,51,22,16,0.3542,True,False,91.6314,16.6071,2211.9804,6.8176,-5.5412,0.1364,0.2039,0.3972,92.2864,16.6071,2245.0079,0.1918,-0.3047,35.0,55.0,45.0,,50.0,-1.4954,0.4328,-0.5848,,-0.0945,45.0,,44.5087,,False,False,False,,,NOT GRADED
2022,543507,Trevor May,False,False,False,VS_PHI,PARTIAL,RP,14.0,10,54,24,11,0.587,True,False,96.0556,17.2756,2267.7963,7.0481,-7.9111,0.125,2.1204,0.2576,96.7106,17.2756,2300.8238,0.1871,-0.2124,55.0,55.0,50.0,,50.0,0.6144,0.7353,-0.1725,,0.1416,55.0,,53.924,,False,False,False,,,NOT GRADED
2022,594798,Jacob deGrom,False,False,False,VS_PHI,PARTIAL,SP,76.0,5,53,24,5,0.4862,True,False,99.1415,16.8634,2546.7925,6.6925,-9.9872,0.4167,3.183,0.4536,99.7965,16.8634,2579.82,0.2744,-0.1649,70.0,55.0,70.0,,55.0,2.086,0.5488,1.8883,,0.2631,65.0,,65.077,,True,False,False,,,SHAPE-ONLY
2022,601713,Nick Pivetta,False,False,False,INCIDENTAL,PARTIAL,UNK,,11,56,24,14,0.5138,True,False,93.2446,20.52,2322.0357,6.7982,-5.0871,0.25,-1.175,0.4475,93.8997,20.52,2355.0633,0.2245,-0.3702,45.0,70.0,50.0,,45.0,-0.7261,2.2035,0.2282,,-0.2621,55.0,,55.6854,,False,False,False,,,NOT GRADED
2022,605182,Mike Clevinger,False,False,False,INCIDENTAL,PARTIAL,SP,75.0,6,60,24,12,0.3448,True,False,93.7833,17.004,2237.1833,6.8883,-9.504,0.0833,3.7017,0.3177,94.4383,17.004,2270.2109,0.1746,-0.1172,45.0,55.0,45.0,,55.0,-0.4692,0.6124,-0.3986,,0.3851,50.0,,49.1487,,False,False,False,,,NOT GRADED
2022,628452,Raisel Iglesias,False,False,False,VS_PHI,PARTIAL,RP,16.0,12,51,21,10,0.3953,True,False,94.8471,15.5176,2322.1,6.151,-9.8306,0.1429,-1.6373,0.6573,95.5021,15.5176,2355.1275,0.1943,-0.3875,50.0,50.0,50.0,,45.0,0.0381,-0.0602,0.2286,,-0.3062,50.0,,50.6883,,False,False,False,,,NOT GRADED
2022,643290,Justin Dunn,False,False,False,VS_PHI,PARTIAL,SP,92.0,3,52,17,8,0.486,True,False,92.3058,17.4046,2230.9423,6.5904,-8.6862,0.0588,-1.9404,0.6006,92.9608,17.4046,2263.9698,0.1776,-0.4025,40.0,60.0,45.0,,45.0,-1.1738,0.7937,-0.4447,,-0.3445,50.0,,47.2507,,False,False,False,,,NOT GRADED
2022,668873,Caleb Kilian,False,True,False,FILE,COMPLETE,SP,83.0,3,50,24,9,0.211,True,False,94.56,12.3576,2174.76,6.924,-2.3904,0.0833,0.384,0.2667,95.215,12.3576,2207.7875,0.1746,-0.2972,50.0,35.0,40.0,,50.0,-0.0988,-1.4902,-0.8597,,-0.0753,40.0,,41.8375,,False,False,False,,,NOT GRADED
2022,672710,Roansy Contreras,False,False,False,VS_PHI,PARTIAL,SP,89.0,7,61,24,5,0.4586,True,False,94.7672,17.5023,2365.5574,6.4148,-6.8341,0.2917,0.4361,0.4454,95.4222,17.5023,2398.5849,0.237,-0.2879,50.0,60.0,55.0,,50.0,-0.0,0.8379,0.5496,,-0.0515,55.0,,54.6251,,False,False,False,,,NOT GRADED
2022,676720,MLBAM 676720,False,False,False,VS_PHI,PARTIAL,SP,91.0,1,52,23,7,0.5714,True,False,90.6154,20.1254,1998.7692,6.8038,0.9762,0.1304,-8.3327,0.8,91.2704,20.1254,2031.7968,0.1894,-0.6952,30.0,70.0,30.0,,40.0,-1.9799,2.0249,-2.1596,,-1.0932,45.0,,42.9514,,False,False,False,,,NOT GRADED
2022,681806,Andrew Wantz,False,False,False,INCIDENTAL,PARTIAL,RP,33.0,11,50,22,11,0.5376,True,False,93.712,17.5008,2368.46,6.22,-2.9976,0.3636,7.67,0.1533,94.367,17.5008,2401.4875,0.2559,0.0241,45.0,60.0,55.0,,55.0,-0.5032,0.8372,0.5711,,0.7466,55.0,,53.017,,False,False,False,,,NOT GRADED
2023,543243,Sonny Gray,False,False,False,VS_PHI,PARTIAL,SP,80.0,7,54,19,4,0.4091,True,False,93.5278,11.9111,2562.9074,6.5389,0.3067,0.2632,4.4667,0.3147,94.019,11.9111,2587.6781,0.2261,-0.101,45.0,35.0,70.0,,55.0,-0.6692,-1.6923,1.9464,,0.4265,50.0,,48.6164,,False,False,False,,,NOT GRADED
2023,656427,Jack Flaherty,False,False,False,INCIDENTAL,PARTIAL,UNK,,4,50,24,8,0.5376,True,False,94.104,14.1792,2358.3,7.052,-2.2416,0.25,-3.488,0.508,94.5953,14.1792,2383.0707,0.2245,-0.468,45.0,45.0,55.0,,45.0,-0.3944,-0.6659,0.435,,-0.5121,50.0,,47.9159,,False,False,False,,,NOT GRADED
2023,658648,MLBAM 658648,False,False,False,VS_PHI,PARTIAL,SP,91.0,3,55,20,7,0.4701,True,False,94.4491,14.9127,2239.0727,6.3364,-6.2116,0.25,-0.3945,0.1959,94.9403,14.9127,2263.8434,0.2232,-0.3318,50.0,45.0,45.0,,50.0,-0.2298,-0.334,-0.4456,,-0.1639,45.0,,46.6354,,False,False,False,,,NOT GRADED
2023,665795,Edward Cabrera,False,False,False,VS_PHI,PARTIAL,SP,79.0,5,69,23,7,0.367,True,False,96.4058,16.2452,2283.2029,6.5739,-9.6539,0.1304,-0.2188,0.2984,96.8971,16.2452,2307.9736,0.1894,-0.3221,55.0,55.0,50.0,,50.0,0.7033,0.269,-0.1197,,-0.1389,55.0,,52.8423,,False,False,False,,,NOT GRADED
2023,671737,Taj Bradley,False,False,False,INCIDENTAL,PARTIAL,UNK,,10,51,23,14,0.4286,True,False,95.7255,18.5576,2244.72,6.4549,-4.1576,0.087,1.0588,0.3624,96.2167,18.5576,2269.4907,0.1768,-0.2663,55.0,65.0,45.0,,50.0,0.3789,1.3155,-0.4039,,0.0038,55.0,,54.3015,,False,False,False,,,NOT GRADED
2024,450203,Charlie Morton,False,False,False,VS_PHI,PARTIAL,SP,105.0,3,53,22,11,0.3681,True,False,94.5283,10.8521,2273.6415,6.1887,-13.5351,0.0909,2.3208,0.2942,94.8558,10.8521,2290.1553,0.179,-0.2051,45.0,30.0,45.0,,50.0,-0.2701,-2.1715,-0.2513,,0.1603,40.0,,41.0235,,False,False,False,,,NOT GRADED
2024,543243,Sonny Gray,False,False,False,VS_PHI,PARTIAL,SP,75.0,9,60,21,13,0.2597,True,False,92.48,12.662,2506.0,6.5333,1.492,0.0,-1.65,0.3294,92.8075,12.662,2522.5138,0.1554,-0.398,40.0,35.0,65.0,,45.0,-1.2469,-1.3525,1.465,,-0.333,45.0,,46.2188,,False,False,False,,,NOT GRADED
2024,623167,Chris Flexen,False,False,False,VS_PHI,PARTIAL,SP,58.0,9,54,24,11,0.406,True,False,91.7685,18.5111,2097.1296,6.3019,-1.4689,0.0833,3.0463,0.4012,92.096,18.5111,2113.6434,0.1746,-0.1684,35.0,65.0,35.0,,55.0,-1.5862,1.2944,-1.5551,,0.254,45.0,,43.8439,,False,False,False,,,NOT GRADED
2024,628708,Yunior Marte,False,False,True,PHI,COMPLETE,RP,20.0,18,77,23,16,0.1598,True,False,97.0649,14.2332,2391.2468,6.139,-11.0712,0.1304,-2.2442,0.434,97.3924,14.2332,2407.7605,0.1894,-0.4557,60.0,45.0,55.0,,45.0,0.9395,-0.6414,0.6174,,-0.4808,55.0,,53.0517,,False,False,False,,,NOT GRADED
2024,656288,Griffin Canning,False,False,False,VS_PHI,PARTIAL,SP,86.0,6,53,20,11,0.424,True,False,93.0792,16.0234,2132.0377,6.1472,-8.3343,0.05,-0.1453,0.4914,93.4068,16.0234,2148.5515,0.1706,-0.3201,40.0,50.0,35.0,,50.0,-0.9611,0.1687,-1.2972,,-0.1339,40.0,,43.0343,,False,False,False,,,NOT GRADED
2024,668678,Zac Gallen,False,False,False,VS_PHI,PARTIAL,SP,87.0,5,50,13,6,0.4167,True,False,94.496,17.1048,2300.02,6.66,-3.8928,0.0769,0.398,0.3125,94.8235,17.1048,2316.5338,0.1879,-0.2966,45.0,55.0,50.0,,50.0,-0.2855,0.658,-0.0564,,-0.0737,50.0,,51.0536,,False,False,False,,,NOT GRADED
2024,676130,Jose Butto,False,False,False,VS_PHI,PARTIAL,SP,56.0,5,53,21,10,0.3869,True,False,93.9226,15.0838,2416.9623,6.1038,-4.6981,0.3333,2.8679,0.2673,94.2501,15.0838,2433.476,0.2462,-0.1796,45.0,45.0,60.0,,50.0,-0.5589,-0.2566,0.8074,,0.2255,50.0,,49.9729,,False,False,False,,,NOT GRADED
2024,680573,Simeon Woods Richardson,False,False,False,VS_PHI,PARTIAL,SP,88.0,5,50,24,14,0.3906,True,False,93.084,17.7072,2184.2,6.718,-6.108,0.25,3.226,0.2774,93.4115,17.7072,2200.7138,0.2245,-0.1719,40.0,60.0,40.0,,50.0,-0.9589,0.9306,-0.9119,,0.2453,45.0,,46.8661,,False,False,False,,,NOT GRADED
2025,453286,Max Scherzer,False,False,False,INCIDENTAL,PARTIAL,UNK,,1,52,23,12,0.5306,True,False,94.2365,15.3946,2358.0,6.25,-7.8669,0.1304,2.2288,0.2588,94.4003,15.3946,2366.2569,0.1894,-0.2115,45.0,50.0,55.0,,50.0,-0.4873,-0.1159,0.3108,,0.1438,50.0,,49.0254,,False,False,False,,,NOT GRADED
2025,595014,Blake Treinen,False,False,False,TEAM,COMPLETE,RP,16.5,21,61,24,12,0.1194,True,False,95.2016,14.0243,2463.623,5.5607,-9.423,0.375,-1.0869,0.2922,95.3654,14.0243,2471.8798,0.262,-0.3691,50.0,45.0,60.0,,45.0,-0.0271,-0.736,1.091,,-0.2591,50.0,,51.093,,False,False,False,,,NOT GRADED
2025,641755,Tyler Kinley,False,False,False,INCIDENTAL,PARTIAL,RP,18.0,9,54,22,9,0.3158,True,False,94.8778,14.4,2332.8704,5.6259,-1.88,0.1364,2.5352,0.3022,95.0415,14.4,2341.1273,0.1918,-0.1927,50.0,45.0,50.0,,50.0,-0.1815,-0.566,0.1252,,0.192,50.0,,47.9256,,False,False,False,,,NOT GRADED
2025,656876,Drew Rasmussen,False,False,False,VS_PHI,PARTIAL,SP,86.0,4,52,24,9,0.2971,True,False,95.4442,17.0262,2498.9423,6.6192,-4.5046,0.25,-0.2712,0.3608,95.608,17.0262,2507.1992,0.2245,-0.326,50.0,55.0,65.0,,50.0,0.0886,0.6224,1.3519,,-0.149,55.0,,56.8764,,False,False,False,,,NOT GRADED
2025,676130,Jose Butto,False,False,False,INCIDENTAL,PARTIAL,RP,25.0,8,51,15,11,0.3072,True,False,95.4235,14.4682,2369.9216,6.3333,-3.2471,0.2667,-1.2941,0.451,95.5873,14.4682,2378.1785,0.2248,-0.372,50.0,45.0,55.0,,45.0,0.0787,-0.5351,0.3989,,-0.2667,50.0,,49.8083,,False,False,False,,,NOT GRADED
2025,678226,Daysbel Hernández,False,False,False,VS_PHI,PARTIAL,RP,21.5,9,59,20,12,0.4014,True,False,97.7356,16.5763,2297.5593,6.0271,-9.3092,0.4,-1.1153,0.2993,97.8993,16.5763,2305.8162,0.2626,-0.3693,60.0,55.0,50.0,,45.0,1.1813,0.4189,-0.1356,,-0.2596,55.0,,54.8818,,False,False,False,,,NOT GRADED
2025,686613,Hunter Brown,False,False,False,VS_PHI,PARTIAL,SP,96.0,5,54,22,8,0.383,True,False,96.6407,17.9622,2290.1667,6.6093,-7.2378,0.4545,-1.2074,0.1559,96.8045,17.9622,2298.4236,0.2815,-0.3704,55.0,60.0,50.0,,45.0,0.6592,1.046,-0.1902,,-0.2624,55.0,,55.05,,False,False,False,,,NOT GRADED
2025,688497,MLBAM 688497,False,False,False,INCIDENTAL,PARTIAL,RP,21.0,3,59,21,15,0.6344,True,False,90.122,16.7756,2211.4576,6.8017,2.2068,0.1905,0.7153,0.3974,90.2858,16.7756,2219.7145,0.2073,-0.2747,25.0,55.0,40.0,,50.0,-2.4494,0.5091,-0.7716,,-0.0179,40.0,,40.9601,,False,False,False,,,NOT GRADED
2026,690928,Hunter Dobbins,False,False,False,VS_PHI,PARTIAL,SP,87.5,2,58,24,10,0.3314,True,False,93.0431,11.2386,2332.7241,6.1914,2.011,0.125,-0.6931,0.4782,93.0431,11.2386,2332.7241,0.1871,-0.3472,40.0,30.0,50.0,,50.0,-1.1346,-1.9966,0.0632,,-0.2031,40.0,,39.7733,,False,False,False,,,NOT GRADED
